pickup_hour,PULocationID,trip_count
2024-04-01 00:00:00,4,1
2024-04-01 00:00:00,9,1
2024-04-01 00:00:00,14,1
2024-04-01 00:00:00,30,1
2024-04-01 00:00:00,34,1
2024-04-01 00:00:00,36,1
2024-04-01 00:00:00,42,1
2024-04-01 00:00:00,46,1
2024-04-01 00:00:00,60,1
2024-04-01 00:00:00,65,1
2024-04-01 00:00:00,74,1
2024-04-01 00:00:00,80,1
2024-04-01 00:00:00,89,1
2024-04-01 00:00:00,99,1
2024-04-01 00:00:00,144,1
2024-04-01 00:00:00,145,1
2024-04-01 00:00:00,168,1
2024-04-01 00:00:00,180,1
2024-04-01 00:00:00,187,1
2024-04-01 00:00:00,195,1
2024-04-01 00:00:00,208,1
2024-04-01 00:00:00,211,1
2024-04-01 00:00:00,212,1
2024-04-01 00:00:00,217,1
2024-04-01 00:00:00,219,1
2024-04-01 00:00:00,234,1
2024-04-01 00:00:00,242,1
2024-04-01 00:00:00,253,1
2024-04-01 00:00:00,263,1
2024-04-01 01:00:00,5,1
2024-04-01 01:00:00,14,2
2024-04-01 01:00:00,23,1
2024-04-01 01:00:00,28,1
2024-04-01 01:00:00,49,1
2024-04-01 01:00:00,80,1
2024-04-01 01:00:00,81,1
2024-04-01 01:00:00,105,1
2024-04-01 01:00:00,109,1
2024-04-01 01:00:00,133,1
2024-04-01 01:00:00,142,1
2024-04-01 01:00:00,159,1
2024-04-01 01:00:00,160,1
2024-04-01 01:00:00,162,1
2024-04-01 01:00:00,174,1
2024-04-01 01:00:00,210,1
2024-04-01 01:00:00,230,1
2024-04-01 01:00:00,260,1
2024-04-01 02:00:00,7,1
2024-04-01 02:00:00,25,2
2024-04-01 02:00:00,27,1
2024-04-01 02:00:00,39,1
2024-04-01 02:00:00,54,1
2024-04-01 02:00:00,73,1
2024-04-01 02:00:00,76,1
2024-04-01 02:00:00,79,1
2024-04-01 02:00:00,86,1
2024-04-01 02:00:00,101,1
2024-04-01 02:00:00,103,1
2024-04-01 02:00:00,111,1
2024-04-01 02:00:00,117,1
2024-04-01 02:00:00,124,1
2024-04-01 02:00:00,139,1
2024-04-01 02:00:00,147,1
2024-04-01 02:00:00,161,1
2024-04-01 02:00:00,172,1
2024-04-01 02:00:00,176,1
2024-04-01 02:00:00,185,1
2024-04-01 02:00:00,194,1
2024-04-01 02:00:00,204,1
2024-04-01 02:00:00,206,1
2024-04-01 02:00:00,210,1
2024-04-01 02:00:00,221,1
2024-04-01 02:00:00,224,1
2024-04-01 02:00:00,237,2
2024-04-01 02:00:00,263,2
2024-04-01 03:00:00,37,1
2024-04-01 03:00:00,40,1
2024-04-01 03:00:00,44,1
2024-04-01 03:00:00,81,1
2024-04-01 03:00:00,88,1
2024-04-01 03:00:00,93,1
2024-04-01 03:00:00,110,1
2024-04-01 03:00:00,112,1
2024-04-01 03:00:00,129,1
2024-04-01 03:00:00,130,1
2024-04-01 03:00:00,132,1
2024-04-01 03:00:00,156,1
2024-04-01 03:00:00,157,1
2024-04-01 03:00:00,183,1
2024-04-01 03:00:00,195,1
2024-04-01 03:00:00,209,1
2024-04-01 03:00:00,231,1
2024-04-01 03:00:00,241,1
2024-04-01 03:00:00,248,1
2024-04-01 03:00:00,260,1
2024-04-01 04:00:00,1,1
2024-04-01 04:00:00,3,1
2024-04-01 04:00:00,20,1
2024-04-01 04:00:00,29,2
2024-04-01 04:00:00,34,1
2024-04-01 04:00:00,35,1
2024-04-01 04:00:00,39,1
2024-04-01 04:00:00,46,1
2024-04-01 04:00:00,65,1
2024-04-01 04:00:00,68,1
2024-04-01 04:00:00,75,1
2024-04-01 04:00:00,86,1
2024-04-01 04:00:00,89,1
2024-04-01 04:00:00,97,1
2024-04-01 04:00:00,115,1
2024-04-01 04:00:00,141,1
2024-04-01 04:00:00,150,1
2024-04-01 04:00:00,159,1
2024-04-01 04:00:00,166,1
2024-04-01 04:00:00,177,1
2024-04-01 04:00:00,196,1
2024-04-01 04:00:00,206,1
2024-04-01 04:00:00,213,2
2024-04-01 04:00:00,221,1
2024-04-01 04:00:00,249,1
2024-04-01 04:00:00,260,1
2024-04-01 05:00:00,8,1
2024-04-01 05:00:00,13,1
2024-04-01 05:00:00,41,1
2024-04-01 05:00:00,44,1
2024-04-01 05:00:00,45,1
2024-04-01 05:00:00,55,2
2024-04-01 05:00:00,63,1
2024-04-01 05:00:00,71,1
2024-04-01 05:00:00,90,1
2024-04-01 05:00:00,92,1
2024-04-01 05:00:00,101,1
2024-04-01 05:00:00,102,1
2024-04-01 05:00:00,119,1
2024-04-01 05:00:00,141,1
2024-04-01 05:00:00,145,1
2024-04-01 05:00:00,166,1
2024-04-01 05:00:00,169,2
2024-04-01 05:00:00,212,1
2024-04-01 05:00:00,229,1
2024-04-01 05:00:00,233,1
2024-04-01 05:00:00,241,1
2024-04-01 06:00:00,29,1
2024-04-01 06:00:00,30,1
2024-04-01 06:00:00,43,1
2024-04-01 06:00:00,46,1
2024-04-01 06:00:00,64,1
2024-04-01 06:00:00,65,1
2024-04-01 06:00:00,67,1
2024-04-01 06:00:00,70,1
2024-04-01 06:00:00,75,1
2024-04-01 06:00:00,84,1
2024-04-01 06:00:00,92,1
2024-04-01 06:00:00,98,1
2024-04-01 06:00:00,99,2
2024-04-01 06:00:00,111,1
2024-04-01 06:00:00,138,1
2024-04-01 06:00:00,141,1
2024-04-01 06:00:00,152,1
2024-04-01 06:00:00,153,1
2024-04-01 06:00:00,160,1
2024-04-01 06:00:00,165,1
2024-04-01 06:00:00,192,1
2024-04-01 06:00:00,195,1
2024-04-01 06:00:00,203,1
2024-04-01 06:00:00,206,1
2024-04-01 06:00:00,226,1
2024-04-01 06:00:00,245,1
2024-04-01 07:00:00,5,1
2024-04-01 07:00:00,9,1
2024-04-01 07:00:00,14,1
2024-04-01 07:00:00,26,1
2024-04-01 07:00:00,31,1
2024-04-01 07:00:00,33,1
2024-04-01 07:00:00,35,1
2024-04-01 07:00:00,46,1
2024-04-01 07:00:00,48,1
2024-04-01 07:00:00,71,1
2024-04-01 07:00:00,79,1
2024-04-01 07:00:00,85,1
2024-04-01 07:00:00,90,1
2024-04-01 07:00:00,125,2
2024-04-01 07:00:00,154,1
2024-04-01 07:00:00,181,1
2024-04-01 07:00:00,182,1
2024-04-01 07:00:00,188,2
2024-04-01 07:00:00,220,1
2024-04-01 07:00:00,223,1
2024-04-01 07:00:00,239,1
2024-04-01 07:00:00,246,1
2024-04-01 07:00:00,262,1
2024-04-01 08:00:00,15,2
2024-04-01 08:00:00,34,1
2024-04-01 08:00:00,47,1
2024-04-01 08:00:00,49,1
2024-04-01 08:00:00,50,1
2024-04-01 08:00:00,51,1
2024-04-01 08:00:00,57,1
2024-04-01 08:00:00,58,1
2024-04-01 08:00:00,63,1
2024-04-01 08:00:00,76,1
2024-04-01 08:00:00,78,1
2024-04-01 08:00:00,100,1
2024-04-01 08:00:00,104,1
2024-04-01 08:00:00,123,1
2024-04-01 08:00:00,137,1
2024-04-01 08:00:00,155,1
2024-04-01 08:00:00,162,1
2024-04-01 08:00:00,184,1
2024-04-01 08:00:00,200,1
2024-04-01 08:00:00,205,1
2024-04-01 08:00:00,213,1
2024-04-01 08:00:00,216,1
2024-04-01 08:00:00,221,1
2024-04-01 08:00:00,235,1
2024-04-01 08:00:00,244,1
2024-04-01 08:00:00,256,1
2024-04-01 08:00:00,258,1
2024-04-01 08:00:00,260,1
2024-04-01 08:00:00,262,1
2024-04-01 08:00:00,263,1
2024-04-01 09:00:00,2,1
2024-04-01 09:00:00,5,1
2024-04-01 09:00:00,8,1
2024-04-01 09:00:00,13,2
2024-04-01 09:00:00,25,1
2024-04-01 09:00:00,30,1
2024-04-01 09:00:00,34,1
2024-04-01 09:00:00,41,1
2024-04-01 09:00:00,45,1
2024-04-01 09:00:00,55,1
2024-04-01 09:00:00,63,1
2024-04-01 09:00:00,90,1
2024-04-01 09:00:00,100,1
2024-04-01 09:00:00,102,1
2024-04-01 09:00:00,124,1
2024-04-01 09:00:00,137,1
2024-04-01 09:00:00,166,1
2024-04-01 09:00:00,169,1
2024-04-01 09:00:00,189,1
2024-04-01 09:00:00,205,1
2024-04-01 09:00:00,224,1
2024-04-01 09:00:00,238,1
2024-04-01 09:00:00,246,1
2024-04-01 09:00:00,250,1
2024-04-01 09:00:00,260,1
2024-04-01 10:00:00,3,1
2024-04-01 10:00:00,7,1
2024-04-01 10:00:00,11,1
2024-04-01 10:00:00,13,2
2024-04-01 10:00:00,21,1
2024-04-01 10:00:00,31,1
2024-04-01 10:00:00,40,2
2024-04-01 10:00:00,66,1
2024-04-01 10:00:00,70,1
2024-04-01 10:00:00,75,1
2024-04-01 10:00:00,82,1
2024-04-01 10:00:00,93,1
2024-04-01 10:00:00,96,1
2024-04-01 10:00:00,106,1
2024-04-01 10:00:00,136,1
2024-04-01 10:00:00,140,1
2024-04-01 10:00:00,160,1
2024-04-01 10:00:00,171,1
2024-04-01 10:00:00,173,1
2024-04-01 10:00:00,174,1
2024-04-01 10:00:00,179,1
2024-04-01 10:00:00,201,1
2024-04-01 10:00:00,205,1
2024-04-01 10:00:00,221,1
2024-04-01 10:00:00,236,1
2024-04-01 10:00:00,242,1
2024-04-01 10:00:00,244,1
2024-04-01 10:00:00,247,1
2024-04-01 10:00:00,263,1
2024-04-01 11:00:00,15,1
2024-04-01 11:00:00,22,1
2024-04-01 11:00:00,55,1
2024-04-01 11:00:00,63,1
2024-04-01 11:00:00,64,1
2024-04-01 11:00:00,68,1
2024-04-01 11:00:00,85,2
2024-04-01 11:00:00,97,2
2024-04-01 11:00:00,120,1
2024-04-01 11:00:00,130,1
2024-04-01 11:00:00,131,1
2024-04-01 11:00:00,134,1
2024-04-01 11:00:00,140,1
2024-04-01 11:00:00,147,1
2024-04-01 11:00:00,163,1
2024-04-01 11:00:00,164,1
2024-04-01 11:00:00,183,1
2024-04-01 11:00:00,184,1
2024-04-01 11:00:00,193,2
2024-04-01 11:00:00,208,1
2024-04-01 11:00:00,209,1
2024-04-01 11:00:00,232,1
2024-04-01 11:00:00,241,1
2024-04-01 11:00:00,249,1
2024-04-01 11:00:00,262,1
2024-04-01 12:00:00,11,1
2024-04-01 12:00:00,17,1
2024-04-01 12:00:00,18,1
2024-04-01 12:00:00,20,1
2024-04-01 12:00:00,24,1
2024-04-01 12:00:00,32,1
2024-04-01 12:00:00,36,1
2024-04-01 12:00:00,52,1
2024-04-01 12:00:00,58,1
2024-04-01 12:00:00,71,1
2024-04-01 12:00:00,90,1
2024-04-01 12:00:00,110,1
2024-04-01 12:00:00,136,1
2024-04-01 12:00:00,149,1
2024-04-01 12:00:00,157,1
2024-04-01 12:00:00,159,1
2024-04-01 12:00:00,173,1
2024-04-01 12:00:00,175,1
2024-04-01 12:00:00,179,1
2024-04-01 12:00:00,187,1
2024-04-01 12:00:00,215,1
2024-04-01 12:00:00,223,1
2024-04-01 12:00:00,240,1
2024-04-01 12:00:00,247,1
2024-04-01 12:00:00,260,1
2024-04-01 13:00:00,8,1
2024-04-01 13:00:00,27,2
2024-04-01 13:00:00,28,1
2024-04-01 13:00:00,43,1
2024-04-01 13:00:00,54,1
2024-04-01 13:00:00,65,1
2024-04-01 13:00:00,70,1
2024-04-01 13:00:00,80,1
2024-04-01 13:00:00,93,1
2024-04-01 13:00:00,94,1
2024-04-01 13:00:00,96,1
2024-04-01 13:00:00,100,1
2024-04-01 13:00:00,104,1
2024-04-01 13:00:00,107,1
2024-04-01 13:00:00,121,1
2024-04-01 13:00:00,125,1
2024-04-01 13:00:00,128,1
2024-04-01 13:00:00,133,1
2024-04-01 13:00:00,136,1
2024-04-01 13:00:00,165,1
2024-04-01 13:00:00,181,1
2024-04-01 13:00:00,198,1
2024-04-01 13:00:00,206,1
2024-04-01 13:00:00,207,1
2024-04-01 13:00:00,214,1
2024-04-01 13:00:00,216,1
2024-04-01 13:00:00,217,1
2024-04-01 13:00:00,224,1
2024-04-01 13:00:00,226,1
2024-04-01 13:00:00,229,1
2024-04-01 13:00:00,238,3
2024-04-01 13:00:00,249,1
2024-04-01 13:00:00,257,1
2024-04-01 13:00:00,260,1
2024-04-01 14:00:00,2,1
2024-04-01 14:00:00,5,1
2024-04-01 14:00:00,12,1
2024-04-01 14:00:00,18,1
2024-04-01 14:00:00,25,1
2024-04-01 14:00:00,28,1
2024-04-01 14:00:00,55,1
2024-04-01 14:00:00,58,1
2024-04-01 14:00:00,59,1
2024-04-01 14:00:00,81,1
2024-04-01 14:00:00,86,1
2024-04-01 14:00:00,92,1
2024-04-01 14:00:00,107,1
2024-04-01 14:00:00,108,1
2024-04-01 14:00:00,117,1
2024-04-01 14:00:00,122,1
2024-04-01 14:00:00,131,1
2024-04-01 14:00:00,144,1
2024-04-01 14:00:00,167,1
2024-04-01 14:00:00,171,1
2024-04-01 14:00:00,201,1
2024-04-01 14:00:00,239,2
2024-04-01 14:00:00,243,1
2024-04-01 15:00:00,22,1
2024-04-01 15:00:00,31,1
2024-04-01 15:00:00,32,1
2024-04-01 15:00:00,57,1
2024-04-01 15:00:00,79,1
2024-04-01 15:00:00,80,1
2024-04-01 15:00:00,88,1
2024-04-01 15:00:00,94,1
2024-04-01 15:00:00,96,1
2024-04-01 15:00:00,104,1
2024-04-01 15:00:00,112,1
2024-04-01 15:00:00,115,1
2024-04-01 15:00:00,122,1
2024-04-01 15:00:00,128,1
2024-04-01 15:00:00,130,1
2024-04-01 15:00:00,139,1
2024-04-01 15:00:00,141,1
2024-04-01 15:00:00,146,1
2024-04-01 15:00:00,154,1
2024-04-01 15:00:00,160,1
2024-04-01 15:00:00,211,1
2024-04-01 15:00:00,236,1
2024-04-01 16:00:00,10,1
2024-04-01 16:00:00,11,1
2024-04-01 16:00:00,17,1
2024-04-01 16:00:00,30,1
2024-04-01 16:00:00,55,1
2024-04-01 16:00:00,56,1
2024-04-01 16:00:00,59,1
2024-04-01 16:00:00,62,1
2024-04-01 16:00:00,65,1
2024-04-01 16:00:00,84,1
2024-04-01 16:00:00,90,1
2024-04-01 16:00:00,98,2
2024-04-01 16:00:00,102,2
2024-04-01 16:00:00,106,1
2024-04-01 16:00:00,107,1
2024-04-01 16:00:00,110,1
2024-04-01 16:00:00,122,1
2024-04-01 16:00:00,133,1
2024-04-01 16:00:00,153,1
2024-04-01 16:00:00,163,1
2024-04-01 16:00:00,173,1
2024-04-01 16:00:00,176,1
2024-04-01 16:00:00,178,1
2024-04-01 16:00:00,191,1
2024-04-01 16:00:00,210,1
2024-04-01 16:00:00,217,1
2024-04-01 16:00:00,221,1
2024-04-01 16:00:00,227,1
2024-04-01 16:00:00,251,1
2024-04-01 16:00:00,259,1
2024-04-01 17:00:00,5,1
2024-04-01 17:00:00,13,1
2024-04-01 17:00:00,40,1
2024-04-01 17:00:00,82,1
2024-04-01 17:00:00,117,1
2024-04-01 17:00:00,125,1
2024-04-01 17:00:00,134,1
2024-04-01 17:00:00,158,1
2024-04-01 17:00:00,160,1
2024-04-01 17:00:00,172,1
2024-04-01 17:00:00,174,1
2024-04-01 17:00:00,199,1
2024-04-01 17:00:00,222,2
2024-04-01 17:00:00,227,1
2024-04-01 17:00:00,241,1
2024-04-01 17:00:00,256,1
2024-04-01 17:00:00,259,1
2024-04-01 17:00:00,263,1
2024-04-01 18:00:00,1,1
2024-04-01 18:00:00,2,1
2024-04-01 18:00:00,3,1
2024-04-01 18:00:00,7,1
2024-04-01 18:00:00,16,1
2024-04-01 18:00:00,21,1
2024-04-01 18:00:00,26,1
2024-04-01 18:00:00,36,1
2024-04-01 18:00:00,38,1
2024-04-01 18:00:00,46,1
2024-04-01 18:00:00,58,1
2024-04-01 18:00:00,70,1
2024-04-01 18:00:00,76,1
2024-04-01 18:00:00,105,1
2024-04-01 18:00:00,108,2
2024-04-01 18:00:00,119,1
2024-04-01 18:00:00,130,1
2024-04-01 18:00:00,150,1
2024-04-01 18:00:00,165,1
2024-04-01 18:00:00,168,1
2024-04-01 18:00:00,179,1
2024-04-01 18:00:00,182,1
2024-04-01 18:00:00,197,1
2024-04-01 18:00:00,211,1
2024-04-01 18:00:00,229,1
2024-04-01 18:00:00,234,1
2024-04-01 18:00:00,245,1
2024-04-01 18:00:00,252,2
2024-04-01 18:00:00,257,1
2024-04-01 18:00:00,259,1
2024-04-01 19:00:00,13,2
2024-04-01 19:00:00,16,1
2024-04-01 19:00:00,17,1
2024-04-01 19:00:00,33,1
2024-04-01 19:00:00,53,1
2024-04-01 19:00:00,55,1
2024-04-01 19:00:00,67,2
2024-04-01 19:00:00,79,1
2024-04-01 19:00:00,83,1
2024-04-01 19:00:00,84,1
2024-04-01 19:00:00,86,1
2024-04-01 19:00:00,93,1
2024-04-01 19:00:00,95,1
2024-04-01 19:00:00,104,1
2024-04-01 19:00:00,107,2
2024-04-01 19:00:00,117,1
2024-04-01 19:00:00,136,1
2024-04-01 19:00:00,150,1
2024-04-01 19:00:00,155,1
2024-04-01 19:00:00,174,1
2024-04-01 19:00:00,182,1
2024-04-01 19:00:00,183,1
2024-04-01 19:00:00,193,1
2024-04-01 19:00:00,198,1
2024-04-01 19:00:00,199,1
2024-04-01 19:00:00,212,1
2024-04-01 19:00:00,222,1
2024-04-01 19:00:00,243,1
2024-04-01 19:00:00,244,1
2024-04-01 20:00:00,1,1
2024-04-01 20:00:00,23,1
2024-04-01 20:00:00,26,1
2024-04-01 20:00:00,35,1
2024-04-01 20:00:00,38,1
2024-04-01 20:00:00,94,1
2024-04-01 20:00:00,99,1
2024-04-01 20:00:00,102,1
2024-04-01 20:00:00,103,1
2024-04-01 20:00:00,114,1
2024-04-01 20:00:00,157,1
2024-04-01 20:00:00,160,1
2024-04-01 20:00:00,163,1
2024-04-01 20:00:00,178,1
2024-04-01 20:00:00,181,2
2024-04-01 20:00:00,197,1
2024-04-01 20:00:00,200,1
2024-04-01 20:00:00,204,1
2024-04-01 20:00:00,221,1
2024-04-01 20:00:00,225,1
2024-04-01 20:00:00,245,1
2024-04-01 20:00:00,252,1
2024-04-01 20:00:00,253,1
2024-04-01 20:00:00,254,2
2024-04-01 21:00:00,4,1
2024-04-01 21:00:00,5,1
2024-04-01 21:00:00,29,1
2024-04-01 21:00:00,33,1
2024-04-01 21:00:00,35,1
2024-04-01 21:00:00,41,1
2024-04-01 21:00:00,44,1
2024-04-01 21:00:00,68,1
2024-04-01 21:00:00,90,1
2024-04-01 21:00:00,98,1
2024-04-01 21:00:00,104,1
2024-04-01 21:00:00,106,2
2024-04-01 21:00:00,133,1
2024-04-01 21:00:00,137,1
2024-04-01 21:00:00,147,1
2024-04-01 21:00:00,183,1
2024-04-01 21:00:00,184,1
2024-04-01 21:00:00,192,1
2024-04-01 21:00:00,194,1
2024-04-01 21:00:00,196,1
2024-04-01 21:00:00,212,1
2024-04-01 21:00:00,217,1
2024-04-01 21:00:00,223,1
2024-04-01 21:00:00,226,2
2024-04-01 21:00:00,228,1
2024-04-01 21:00:00,244,1
2024-04-01 21:00:00,246,1
2024-04-01 21:00:00,254,1
2024-04-01 21:00:00,261,1
2024-04-01 22:00:00,19,1
2024-04-01 22:00:00,24,1
2024-04-01 22:00:00,37,1
2024-04-01 22:00:00,39,1
2024-04-01 22:00:00,70,1
2024-04-01 22:00:00,75,1
2024-04-01 22:00:00,83,2
2024-04-01 22:00:00,88,1
2024-04-01 22:00:00,102,1
2024-04-01 22:00:00,104,1
2024-04-01 22:00:00,108,1
2024-04-01 22:00:00,125,1
2024-04-01 22:00:00,130,1
2024-04-01 22:00:00,139,1
2024-04-01 22:00:00,164,1
2024-04-01 22:00:00,165,1
2024-04-01 22:00:00,167,1
2024-04-01 22:00:00,173,1
2024-04-01 22:00:00,174,1
2024-04-01 22:00:00,180,1
2024-04-01 22:00:00,183,1
2024-04-01 22:00:00,213,1
2024-04-01 22:00:00,214,1
2024-04-01 22:00:00,217,1
2024-04-01 22:00:00,233,1
2024-04-01 22:00:00,235,1
2024-04-01 22:00:00,240,1
2024-04-01 23:00:00,4,1
2024-04-01 23:00:00,26,2
2024-04-01 23:00:00,35,1
2024-04-01 23:00:00,47,1
2024-04-01 23:00:00,54,1
2024-04-01 23:00:00,60,1
2024-04-01 23:00:00,72,1
2024-04-01 23:00:00,77,1
2024-04-01 23:00:00,98,1
2024-04-01 23:00:00,106,1
2024-04-01 23:00:00,109,1
2024-04-01 23:00:00,111,1
2024-04-01 23:00:00,117,1
2024-04-01 23:00:00,129,1
2024-04-01 23:00:00,135,1
2024-04-01 23:00:00,140,1
2024-04-01 23:00:00,141,1
2024-04-01 23:00:00,143,1
2024-04-01 23:00:00,165,1
2024-04-01 23:00:00,179,1
2024-04-01 23:00:00,199,1
2024-04-01 23:00:00,200,1
2024-04-01 23:00:00,214,1
2024-04-01 23:00:00,215,1
2024-04-01 23:00:00,232,3
2024-04-01 23:00:00,255,1
2024-04-01 23:00:00,261,1
2024-04-02 00:00:00,1,1
2024-04-02 00:00:00,36,1
2024-04-02 00:00:00,44,1
2024-04-02 00:00:00,57,1
2024-04-02 00:00:00,78,1
2024-04-02 00:00:00,96,1
2024-04-02 00:00:00,110,1
2024-04-02 00:00:00,119,1
2024-04-02 00:00:00,121,2
2024-04-02 00:00:00,122,1
2024-04-02 00:00:00,127,1
2024-04-02 00:00:00,134,1
2024-04-02 00:00:00,147,1
2024-04-02 00:00:00,159,1
2024-04-02 00:00:00,169,1
2024-04-02 00:00:00,181,1
2024-04-02 00:00:00,185,1
2024-04-02 00:00:00,186,1
2024-04-02 00:00:00,187,2
2024-04-02 00:00:00,251,1
2024-04-02 01:00:00,8,1
2024-04-02 01:00:00,19,1
2024-04-02 01:00:00,21,1
2024-04-02 01:00:00,22,1
2024-04-02 01:00:00,30,1
2024-04-02 01:00:00,51,1
2024-04-02 01:00:00,88,1
2024-04-02 01:00:00,101,1
2024-04-02 01:00:00,102,1
2024-04-02 01:00:00,106,3
2024-04-02 01:00:00,124,1
2024-04-02 01:00:00,135,1
2024-04-02 01:00:00,137,1
2024-04-02 01:00:00,156,1
2024-04-02 01:00:00,157,1
2024-04-02 01:00:00,159,1
2024-04-02 01:00:00,164,1
2024-04-02 01:00:00,171,1
2024-04-02 01:00:00,172,1
2024-04-02 01:00:00,177,1
2024-04-02 01:00:00,179,1
2024-04-02 01:00:00,193,1
2024-04-02 01:00:00,200,1
2024-04-02 01:00:00,203,1
2024-04-02 01:00:00,214,1
2024-04-02 01:00:00,222,1
2024-04-02 01:00:00,223,1
2024-04-02 01:00:00,244,1
2024-04-02 01:00:00,252,1
2024-04-02 01:00:00,258,1
2024-04-02 02:00:00,8,1
2024-04-02 02:00:00,9,1
2024-04-02 02:00:00,15,1
2024-04-02 02:00:00,18,1
2024-04-02 02:00:00,26,2
2024-04-02 02:00:00,29,1
2024-04-02 02:00:00,34,1
2024-04-02 02:00:00,55,1
2024-04-02 02:00:00,57,1
2024-04-02 02:00:00,83,1
2024-04-02 02:00:00,100,1
2024-04-02 02:00:00,105,1
2024-04-02 02:00:00,124,1
2024-04-02 02:00:00,141,1
2024-04-02 02:00:00,143,1
2024-04-02 02:00:00,147,1
2024-04-02 02:00:00,168,1
2024-04-02 02:00:00,178,1
2024-04-02 02:00:00,180,1
2024-04-02 02:00:00,186,1
2024-04-02 02:00:00,193,1
2024-04-02 02:00:00,204,1
2024-04-02 02:00:00,212,1
2024-04-02 02:00:00,219,1
2024-04-02 02:00:00,232,2
2024-04-02 02:00:00,244,1
2024-04-02 03:00:00,11,1
2024-04-02 03:00:00,19,2
2024-04-02 03:00:00,26,1
2024-04-02 03:00:00,29,1
2024-04-02 03:00:00,31,1
2024-04-02 03:00:00,62,1
2024-04-02 03:00:00,75,1
2024-04-02 03:00:00,94,1
2024-04-02 03:00:00,100,1
2024-04-02 03:00:00,106,2
2024-04-02 03:00:00,119,1
2024-04-02 03:00:00,137,1
2024-04-02 03:00:00,161,1
2024-04-02 03:00:00,188,1
2024-04-02 03:00:00,195,1
2024-04-02 03:00:00,212,1
2024-04-02 03:00:00,223,1
2024-04-02 03:00:00,246,1
2024-04-02 03:00:00,259,1
2024-04-02 04:00:00,8,1
2024-04-02 04:00:00,29,1
2024-04-02 04:00:00,31,1
2024-04-02 04:00:00,35,1
2024-04-02 04:00:00,51,1
2024-04-02 04:00:00,52,1
2024-04-02 04:00:00,57,1
2024-04-02 04:00:00,60,1
2024-04-02 04:00:00,73,2
2024-04-02 04:00:00,81,1
2024-04-02 04:00:00,140,1
2024-04-02 04:00:00,146,1
2024-04-02 04:00:00,213,1
2024-04-02 04:00:00,215,1
2024-04-02 04:00:00,219,1
2024-04-02 04:00:00,224,1
2024-04-02 04:00:00,254,1
2024-04-02 04:00:00,260,1
2024-04-02 05:00:00,6,1
2024-04-02 05:00:00,15,1
2024-04-02 05:00:00,28,1
2024-04-02 05:00:00,34,1
2024-04-02 05:00:00,44,1
2024-04-02 05:00:00,54,1
2024-04-02 05:00:00,72,1
2024-04-02 05:00:00,86,1
2024-04-02 05:00:00,114,1
2024-04-02 05:00:00,116,1
2024-04-02 05:00:00,122,1
2024-04-02 05:00:00,130,1
2024-04-02 05:00:00,144,1
2024-04-02 05:00:00,149,1
2024-04-02 05:00:00,160,1
2024-04-02 05:00:00,169,1
2024-04-02 05:00:00,175,1
2024-04-02 05:00:00,179,1
2024-04-02 05:00:00,183,1
2024-04-02 05:00:00,186,1
2024-04-02 05:00:00,191,1
2024-04-02 05:00:00,195,1
2024-04-02 05:00:00,214,1
2024-04-02 05:00:00,215,1
2024-04-02 05:00:00,228,1
2024-04-02 05:00:00,239,1
2024-04-02 05:00:00,255,1
2024-04-02 05:00:00,260,1
2024-04-02 06:00:00,4,1
2024-04-02 06:00:00,5,1
2024-04-02 06:00:00,7,1
2024-04-02 06:00:00,8,1
2024-04-02 06:00:00,18,1
2024-04-02 06:00:00,20,1
2024-04-02 06:00:00,22,2
2024-04-02 06:00:00,31,1
2024-04-02 06:00:00,38,2
2024-04-02 06:00:00,39,1
2024-04-02 06:00:00,42,1
2024-04-02 06:00:00,44,1
2024-04-02 06:00:00,79,1
2024-04-02 06:00:00,99,1
2024-04-02 06:00:00,118,1
2024-04-02 06:00:00,125,1
2024-04-02 06:00:00,140,1
2024-04-02 06:00:00,191,2
2024-04-02 06:00:00,194,1
2024-04-02 06:00:00,207,1
2024-04-02 06:00:00,214,1
2024-04-02 06:00:00,219,1
2024-04-02 06:00:00,221,2
2024-04-02 06:00:00,226,1
2024-04-02 06:00:00,227,1
2024-04-02 06:00:00,232,1
2024-04-02 06:00:00,251,1
2024-04-02 07:00:00,2,2
2024-04-02 07:00:00,5,1
2024-04-02 07:00:00,25,1
2024-04-02 07:00:00,54,1
2024-04-02 07:00:00,74,1
2024-04-02 07:00:00,83,1
2024-04-02 07:00:00,88,1
2024-04-02 07:00:00,95,1
2024-04-02 07:00:00,96,1
2024-04-02 07:00:00,97,1
2024-04-02 07:00:00,102,1
2024-04-02 07:00:00,137,1
2024-04-02 07:00:00,142,1
2024-04-02 07:00:00,144,1
2024-04-02 07:00:00,151,1
2024-04-02 07:00:00,163,1
2024-04-02 07:00:00,184,1
2024-04-02 07:00:00,201,1
2024-04-02 07:00:00,211,1
2024-04-02 07:00:00,212,1
2024-04-02 07:00:00,217,1
2024-04-02 07:00:00,219,1
2024-04-02 07:00:00,237,1
2024-04-02 07:00:00,239,1
2024-04-02 07:00:00,250,1
2024-04-02 07:00:00,253,1
2024-04-02 07:00:00,263,1
2024-04-02 08:00:00,27,2
2024-04-02 08:00:00,30,1
2024-04-02 08:00:00,36,2
2024-04-02 08:00:00,56,1
2024-04-02 08:00:00,59,1
2024-04-02 08:00:00,60,1
2024-04-02 08:00:00,69,1
2024-04-02 08:00:00,102,1
2024-04-02 08:00:00,105,1
2024-04-02 08:00:00,107,1
2024-04-02 08:00:00,110,1
2024-04-02 08:00:00,113,1
2024-04-02 08:00:00,116,1
2024-04-02 08:00:00,127,1
2024-04-02 08:00:00,137,1
2024-04-02 08:00:00,146,1
2024-04-02 08:00:00,156,1
2024-04-02 08:00:00,158,1
2024-04-02 08:00:00,161,1
2024-04-02 08:00:00,166,1
2024-04-02 08:00:00,167,2
2024-04-02 08:00:00,170,1
2024-04-02 08:00:00,194,2
2024-04-02 08:00:00,218,1
2024-04-02 08:00:00,224,1
2024-04-02 08:00:00,225,1
2024-04-02 08:00:00,228,1
2024-04-02 08:00:00,244,1
2024-04-02 08:00:00,253,1
2024-04-02 09:00:00,1,1
2024-04-02 09:00:00,9,1
2024-04-02 09:00:00,18,1
2024-04-02 09:00:00,22,1
2024-04-02 09:00:00,32,1
2024-04-02 09:00:00,54,1
2024-04-02 09:00:00,69,1
2024-04-02 09:00:00,71,1
2024-04-02 09:00:00,89,1
2024-04-02 09:00:00,90,1
2024-04-02 09:00:00,106,1
2024-04-02 09:00:00,111,1
2024-04-02 09:00:00,112,1
2024-04-02 09:00:00,149,1
2024-04-02 09:00:00,150,1
2024-04-02 09:00:00,155,1
2024-04-02 09:00:00,156,1
2024-04-02 09:00:00,157,1
2024-04-02 09:00:00,162,2
2024-04-02 09:00:00,164,1
2024-04-02 09:00:00,174,1
2024-04-02 09:00:00,177,1
2024-04-02 09:00:00,218,1
2024-04-02 09:00:00,232,1
2024-04-02 09:00:00,235,1
2024-04-02 09:00:00,250,1
2024-04-02 09:00:00,254,1
2024-04-02 09:00:00,259,1
2024-04-02 09:00:00,263,1
2024-04-02 10:00:00,5,1
2024-04-02 10:00:00,7,2
2024-04-02 10:00:00,11,1
2024-04-02 10:00:00,14,1
2024-04-02 10:00:00,18,1
2024-04-02 10:00:00,31,1
2024-04-02 10:00:00,32,1
2024-04-02 10:00:00,35,1
2024-04-02 10:00:00,37,1
2024-04-02 10:00:00,56,1
2024-04-02 10:00:00,63,1
2024-04-02 10:00:00,82,1
2024-04-02 10:00:00,94,2
2024-04-02 10:00:00,95,1
2024-04-02 10:00:00,105,1
2024-04-02 10:00:00,132,1
2024-04-02 10:00:00,133,1
2024-04-02 10:00:00,145,1
2024-04-02 10:00:00,154,2
2024-04-02 10:00:00,167,1
2024-04-02 10:00:00,174,2
2024-04-02 10:00:00,177,1
2024-04-02 10:00:00,191,1
2024-04-02 10:00:00,195,1
2024-04-02 10:00:00,214,1
2024-04-02 10:00:00,220,1
2024-04-02 10:00:00,222,1
2024-04-02 10:00:00,231,1
2024-04-02 10:00:00,232,1
2024-04-02 10:00:00,237,2
2024-04-02 10:00:00,244,1
2024-04-02 10:00:00,249,1
2024-04-02 10:00:00,261,1
2024-04-02 11:00:00,7,1
2024-04-02 11:00:00,9,1
2024-04-02 11:00:00,10,1
2024-04-02 11:00:00,20,1
2024-04-02 11:00:00,21,1
2024-04-02 11:00:00,29,1
2024-04-02 11:00:00,40,1
2024-04-02 11:00:00,42,1
2024-04-02 11:00:00,59,1
2024-04-02 11:00:00,68,1
2024-04-02 11:00:00,87,1
2024-04-02 11:00:00,89,1
2024-04-02 11:00:00,96,1
2024-04-02 11:00:00,102,2
2024-04-02 11:00:00,120,1
2024-04-02 11:00:00,139,1
2024-04-02 11:00:00,159,1
2024-04-02 11:00:00,178,1
2024-04-02 11:00:00,186,2
2024-04-02 11:00:00,195,1
2024-04-02 11:00:00,205,1
2024-04-02 11:00:00,230,1
2024-04-02 11:00:00,231,1
2024-04-02 11:00:00,245,1
2024-04-02 11:00:00,246,1
2024-04-02 11:00:00,261,1
2024-04-02 12:00:00,9,1
2024-04-02 12:00:00,22,1
2024-04-02 12:00:00,32,1
2024-04-02 12:00:00,37,1
2024-04-02 12:00:00,40,1
2024-04-02 12:00:00,42,1
2024-04-02 12:00:00,44,1
2024-04-02 12:00:00,52,1
2024-04-02 12:00:00,53,1
2024-04-02 12:00:00,65,2
2024-04-02 12:00:00,78,1
2024-04-02 12:00:00,102,1
2024-04-02 12:00:00,124,1
2024-04-02 12:00:00,126,1
2024-04-02 12:00:00,127,2
2024-04-02 12:00:00,141,1
2024-04-02 12:00:00,149,1
2024-04-02 12:00:00,150,1
2024-04-02 12:00:00,155,1
2024-04-02 12:00:00,161,1
2024-04-02 12:00:00,176,1
2024-04-02 12:00:00,198,1
2024-04-02 12:00:00,211,1
2024-04-02 12:00:00,216,1
2024-04-02 12:00:00,220,1
2024-04-02 12:00:00,221,1
2024-04-02 12:00:00,236,1
2024-04-02 12:00:00,239,1
2024-04-02 12:00:00,240,1
2024-04-02 12:00:00,241,1
2024-04-02 12:00:00,245,2
2024-04-02 12:00:00,254,1
2024-04-02 13:00:00,6,1
2024-04-02 13:00:00,12,1
2024-04-02 13:00:00,14,1
2024-04-02 13:00:00,19,1
2024-04-02 13:00:00,26,1
2024-04-02 13:00:00,27,1
2024-04-02 13:00:00,43,1
2024-04-02 13:00:00,47,1
2024-04-02 13:00:00,49,1
2024-04-02 13:00:00,62,1
2024-04-02 13:00:00,75,1
2024-04-02 13:00:00,84,1
2024-04-02 13:00:00,86,1
2024-04-02 13:00:00,105,1
2024-04-02 13:00:00,106,1
2024-04-02 13:00:00,113,1
2024-04-02 13:00:00,115,1
2024-04-02 13:00:00,122,1
2024-04-02 13:00:00,128,1
2024-04-02 13:00:00,129,1
2024-04-02 13:00:00,138,1
2024-04-02 13:00:00,145,1
2024-04-02 13:00:00,148,1
2024-04-02 13:00:00,152,1
2024-04-02 13:00:00,153,1
2024-04-02 13:00:00,156,1
2024-04-02 13:00:00,157,1
2024-04-02 13:00:00,162,1
2024-04-02 13:00:00,165,1
2024-04-02 13:00:00,176,1
2024-04-02 13:00:00,186,1
2024-04-02 13:00:00,213,1
2024-04-02 13:00:00,230,1
2024-04-02 13:00:00,231,1
2024-04-02 14:00:00,8,2
2024-04-02 14:00:00,33,1
2024-04-02 14:00:00,41,1
2024-04-02 14:00:00,42,1
2024-04-02 14:00:00,46,1
2024-04-02 14:00:00,49,2
2024-04-02 14:00:00,55,1
2024-04-02 14:00:00,58,1
2024-04-02 14:00:00,65,1
2024-04-02 14:00:00,67,1
2024-04-02 14:00:00,72,1
2024-04-02 14:00:00,75,1
2024-04-02 14:00:00,99,1
2024-04-02 14:00:00,122,1
2024-04-02 14:00:00,140,1
2024-04-02 14:00:00,158,1
2024-04-02 14:00:00,161,1
2024-04-02 14:00:00,168,1
2024-04-02 14:00:00,188,1
2024-04-02 14:00:00,196,1
2024-04-02 14:00:00,204,1
2024-04-02 14:00:00,211,1
2024-04-02 14:00:00,225,1
2024-04-02 14:00:00,236,1
2024-04-02 14:00:00,239,1
2024-04-02 14:00:00,242,1
2024-04-02 14:00:00,251,1
2024-04-02 14:00:00,263,1
2024-04-02 15:00:00,3,1
2024-04-02 15:00:00,6,1
2024-04-02 15:00:00,17,1
2024-04-02 15:00:00,19,1
2024-04-02 15:00:00,22,1
2024-04-02 15:00:00,24,1
2024-04-02 15:00:00,26,1
2024-04-02 15:00:00,28,1
2024-04-02 15:00:00,30,2
2024-04-02 15:00:00,74,1
2024-04-02 15:00:00,78,1
2024-04-02 15:00:00,80,1
2024-04-02 15:00:00,82,1
2024-04-02 15:00:00,86,1
2024-04-02 15:00:00,97,1
2024-04-02 15:00:00,105,1
2024-04-02 15:00:00,108,1
2024-04-02 15:00:00,110,1
2024-04-02 15:00:00,111,1
2024-04-02 15:00:00,132,1
2024-04-02 15:00:00,137,1
2024-04-02 15:00:00,157,1
2024-04-02 15:00:00,169,1
2024-04-02 15:00:00,174,1
2024-04-02 15:00:00,177,1
2024-04-02 15:00:00,186,1
2024-04-02 15:00:00,187,1
2024-04-02 15:00:00,211,1
2024-04-02 15:00:00,224,1
2024-04-02 15:00:00,247,1
2024-04-02 15:00:00,258,1
2024-04-02 15:00:00,262,2
2024-04-02 16:00:00,12,1
2024-04-02 16:00:00,14,1
2024-04-02 16:00:00,17,1
2024-04-02 16:00:00,30,1
2024-04-02 16:00:00,41,1
2024-04-02 16:00:00,52,1
2024-04-02 16:00:00,63,1
2024-04-02 16:00:00,80,1
2024-04-02 16:00:00,86,1
2024-04-02 16:00:00,97,1
2024-04-02 16:00:00,108,1
2024-04-02 16:00:00,111,1
2024-04-02 16:00:00,131,1
2024-04-02 16:00:00,133,1
2024-04-02 16:00:00,154,1
2024-04-02 16:00:00,156,1
2024-04-02 16:00:00,158,1
2024-04-02 16:00:00,168,1
2024-04-02 16:00:00,182,1
2024-04-02 16:00:00,210,1
2024-04-02 16:00:00,217,1
2024-04-02 16:00:00,218,1
2024-04-02 16:00:00,228,1
2024-04-02 16:00:00,256,2
2024-04-02 16:00:00,259,1
2024-04-02 17:00:00,6,1
2024-04-02 17:00:00,17,1
2024-04-02 17:00:00,36,2
2024-04-02 17:00:00,74,1
2024-04-02 17:00:00,78,1
2024-04-02 17:00:00,91,2
2024-04-02 17:00:00,94,1
2024-04-02 17:00:00,96,1
2024-04-02 17:00:00,102,1
2024-04-02 17:00:00,107,1
2024-04-02 17:00:00,113,1
2024-04-02 17:00:00,114,1
2024-04-02 17:00:00,122,1
2024-04-02 17:00:00,124,1
2024-04-02 17:00:00,134,1
2024-04-02 17:00:00,142,1
2024-04-02 17:00:00,143,1
2024-04-02 17:00:00,153,1
2024-04-02 17:00:00,159,1
2024-04-02 17:00:00,164,1
2024-04-02 17:00:00,171,2
2024-04-02 17:00:00,189,1
2024-04-02 17:00:00,201,1
2024-04-02 17:00:00,222,1
2024-04-02 17:00:00,233,1
2024-04-02 17:00:00,234,1
2024-04-02 17:00:00,242,1
2024-04-02 17:00:00,248,1
2024-04-02 17:00:00,263,1
2024-04-02 18:00:00,5,1
2024-04-02 18:00:00,13,1
2024-04-02 18:00:00,61,1
2024-04-02 18:00:00,62,1
2024-04-02 18:00:00,68,1
2024-04-02 18:00:00,76,1
2024-04-02 18:00:00,79,1
2024-04-02 18:00:00,103,1
2024-04-02 18:00:00,109,1
2024-04-02 18:00:00,117,1
2024-04-02 18:00:00,144,1
2024-04-02 18:00:00,149,1
2024-04-02 18:00:00,154,1
2024-04-02 18:00:00,158,1
2024-04-02 18:00:00,170,1
2024-04-02 18:00:00,184,1
2024-04-02 18:00:00,195,1
2024-04-02 18:00:00,208,1
2024-04-02 18:00:00,209,1
2024-04-02 18:00:00,222,1
2024-04-02 18:00:00,255,1
2024-04-02 18:00:00,259,1
2024-04-02 18:00:00,260,1
2024-04-02 19:00:00,6,1
2024-04-02 19:00:00,14,1
2024-04-02 19:00:00,44,1
2024-04-02 19:00:00,81,1
2024-04-02 19:00:00,88,1
2024-04-02 19:00:00,99,1
2024-04-02 19:00:00,102,1
2024-04-02 19:00:00,112,1
2024-04-02 19:00:00,113,1
2024-04-02 19:00:00,121,1
2024-04-02 19:00:00,166,1
2024-04-02 19:00:00,196,1
2024-04-02 19:00:00,201,1
2024-04-02 19:00:00,224,1
2024-04-02 19:00:00,227,1
2024-04-02 19:00:00,237,2
2024-04-02 20:00:00,2,1
2024-04-02 20:00:00,31,1
2024-04-02 20:00:00,35,1
2024-04-02 20:00:00,36,1
2024-04-02 20:00:00,64,1
2024-04-02 20:00:00,70,1
2024-04-02 20:00:00,87,1
2024-04-02 20:00:00,117,1
2024-04-02 20:00:00,118,1
2024-04-02 20:00:00,144,1
2024-04-02 20:00:00,154,1
2024-04-02 20:00:00,158,1
2024-04-02 20:00:00,160,1
2024-04-02 20:00:00,169,1
2024-04-02 20:00:00,173,1
2024-04-02 20:00:00,174,1
2024-04-02 20:00:00,197,1
2024-04-02 20:00:00,215,1
2024-04-02 20:00:00,222,1
2024-04-02 20:00:00,225,1
2024-04-02 20:00:00,231,1
2024-04-02 20:00:00,234,1
2024-04-02 20:00:00,239,1
2024-04-02 20:00:00,241,1
2024-04-02 20:00:00,244,1
2024-04-02 20:00:00,245,1
2024-04-02 21:00:00,2,1
2024-04-02 21:00:00,15,1
2024-04-02 21:00:00,25,1
2024-04-02 21:00:00,26,1
2024-04-02 21:00:00,31,1
2024-04-02 21:00:00,45,1
2024-04-02 21:00:00,72,1
2024-04-02 21:00:00,82,1
2024-04-02 21:00:00,83,1
2024-04-02 21:00:00,86,1
2024-04-02 21:00:00,87,1
2024-04-02 21:00:00,107,1
2024-04-02 21:00:00,109,1
2024-04-02 21:00:00,137,1
2024-04-02 21:00:00,143,1
2024-04-02 21:00:00,183,1
2024-04-02 21:00:00,190,1
2024-04-02 21:00:00,204,1
2024-04-02 21:00:00,229,1
2024-04-02 21:00:00,235,1
2024-04-02 22:00:00,4,1
2024-04-02 22:00:00,5,1
2024-04-02 22:00:00,6,1
2024-04-02 22:00:00,14,1
2024-04-02 22:00:00,16,1
2024-04-02 22:00:00,22,1
2024-04-02 22:00:00,29,1
2024-04-02 22:00:00,30,1
2024-04-02 22:00:00,31,1
2024-04-02 22:00:00,43,1
2024-04-02 22:00:00,50,1
2024-04-02 22:00:00,54,1
2024-04-02 22:00:00,57,1
2024-04-02 22:00:00,63,1
2024-04-02 22:00:00,73,1
2024-04-02 22:00:00,80,1
2024-04-02 22:00:00,100,1
2024-04-02 22:00:00,115,1
2024-04-02 22:00:00,148,1
2024-04-02 22:00:00,154,1
2024-04-02 22:00:00,191,1
2024-04-02 22:00:00,192,1
2024-04-02 22:00:00,214,1
2024-04-02 22:00:00,231,1
2024-04-02 22:00:00,239,1
2024-04-02 22:00:00,259,1
2024-04-02 23:00:00,1,1
2024-04-02 23:00:00,2,1
2024-04-02 23:00:00,20,1
2024-04-02 23:00:00,31,1
2024-04-02 23:00:00,37,1
2024-04-02 23:00:00,56,1
2024-04-02 23:00:00,60,1
2024-04-02 23:00:00,63,1
2024-04-02 23:00:00,73,1
2024-04-02 23:00:00,109,1
2024-04-02 23:00:00,122,1
2024-04-02 23:00:00,129,1
2024-04-02 23:00:00,136,1
2024-04-02 23:00:00,205,1
2024-04-03 00:00:00,18,1
2024-04-03 00:00:00,19,1
2024-04-03 00:00:00,20,1
2024-04-03 00:00:00,39,1
2024-04-03 00:00:00,47,1
2024-04-03 00:00:00,65,1
2024-04-03 00:00:00,73,1
2024-04-03 00:00:00,74,1
2024-04-03 00:00:00,75,1
2024-04-03 00:00:00,89,1
2024-04-03 00:00:00,106,1
2024-04-03 00:00:00,155,1
2024-04-03 00:00:00,159,1
2024-04-03 00:00:00,174,1
2024-04-03 00:00:00,178,2
2024-04-03 00:00:00,179,1
2024-04-03 00:00:00,182,1
2024-04-03 00:00:00,184,1
2024-04-03 00:00:00,189,1
2024-04-03 00:00:00,197,2
2024-04-03 00:00:00,212,1
2024-04-03 00:00:00,213,1
2024-04-03 00:00:00,240,1
2024-04-03 00:00:00,257,1
2024-04-03 00:00:00,261,1
2024-04-03 01:00:00,3,1
2024-04-03 01:00:00,8,1
2024-04-03 01:00:00,29,1
2024-04-03 01:00:00,33,1
2024-04-03 01:00:00,38,1
2024-04-03 01:00:00,45,1
2024-04-03 01:00:00,49,1
2024-04-03 01:00:00,58,2
2024-04-03 01:00:00,92,1
2024-04-03 01:00:00,98,1
2024-04-03 01:00:00,102,1
2024-04-03 01:00:00,128,1
2024-04-03 01:00:00,142,1
2024-04-03 01:00:00,143,2
2024-04-03 01:00:00,146,1
2024-04-03 01:00:00,160,1
2024-04-03 01:00:00,163,1
2024-04-03 01:00:00,170,2
2024-04-03 01:00:00,188,1
2024-04-03 01:00:00,194,1
2024-04-03 01:00:00,201,1
2024-04-03 01:00:00,213,1
2024-04-03 01:00:00,214,1
2024-04-03 01:00:00,217,1
2024-04-03 01:00:00,225,1
2024-04-03 01:00:00,243,1
2024-04-03 01:00:00,246,1
2024-04-03 01:00:00,251,1
2024-04-03 01:00:00,253,1
2024-04-03 01:00:00,254,1
2024-04-03 01:00:00,258,1
2024-04-03 02:00:00,6,1
2024-04-03 02:00:00,14,1
2024-04-03 02:00:00,29,1
2024-04-03 02:00:00,36,1
2024-04-03 02:00:00,37,1
2024-04-03 02:00:00,61,1
2024-04-03 02:00:00,62,1
2024-04-03 02:00:00,94,1
2024-04-03 02:00:00,99,1
2024-04-03 02:00:00,103,1
2024-04-03 02:00:00,117,1
2024-04-03 02:00:00,125,1
2024-04-03 02:00:00,143,1
2024-04-03 02:00:00,150,1
2024-04-03 02:00:00,153,1
2024-04-03 02:00:00,162,1
2024-04-03 02:00:00,165,1
2024-04-03 02:00:00,198,1
2024-04-03 02:00:00,212,1
2024-04-03 02:00:00,224,1
2024-04-03 02:00:00,228,1
2024-04-03 02:00:00,230,2
2024-04-03 02:00:00,250,1
2024-04-03 02:00:00,262,1
2024-04-03 03:00:00,4,1
2024-04-03 03:00:00,42,1
2024-04-03 03:00:00,69,1
2024-04-03 03:00:00,87,1
2024-04-03 03:00:00,103,1
2024-04-03 03:00:00,106,1
2024-04-03 03:00:00,113,1
2024-04-03 03:00:00,130,1
2024-04-03 03:00:00,160,1
2024-04-03 03:00:00,193,1
2024-04-03 03:00:00,198,1
2024-04-03 03:00:00,208,1
2024-04-03 03:00:00,216,1
2024-04-03 03:00:00,220,1
2024-04-03 03:00:00,226,1
2024-04-03 03:00:00,230,1
2024-04-03 03:00:00,241,1
2024-04-03 03:00:00,243,1
2024-04-03 03:00:00,249,1
2024-04-03 03:00:00,254,1
2024-04-03 04:00:00,16,1
2024-04-03 04:00:00,17,1
2024-04-03 04:00:00,19,1
2024-04-03 04:00:00,28,1
2024-04-03 04:00:00,44,1
2024-04-03 04:00:00,47,1
2024-04-03 04:00:00,48,1
2024-04-03 04:00:00,55,1
2024-04-03 04:00:00,59,1
2024-04-03 04:00:00,60,1
2024-04-03 04:00:00,61,1
2024-04-03 04:00:00,67,1
2024-04-03 04:00:00,86,3
2024-04-03 04:00:00,87,1
2024-04-03 04:00:00,107,1
2024-04-03 04:00:00,117,1
2024-04-03 04:00:00,120,1
2024-04-03 04:00:00,129,1
2024-04-03 04:00:00,132,1
2024-04-03 04:00:00,134,1
2024-04-03 04:00:00,150,1
2024-04-03 04:00:00,165,1
2024-04-03 04:00:00,198,1
2024-04-03 04:00:00,207,1
2024-04-03 04:00:00,209,1
2024-04-03 04:00:00,219,1
2024-04-03 04:00:00,222,1
2024-04-03 04:00:00,231,1
2024-04-03 04:00:00,241,1
2024-04-03 04:00:00,248,1
2024-04-03 05:00:00,18,1
2024-04-03 05:00:00,35,1
2024-04-03 05:00:00,45,1
2024-04-03 05:00:00,49,1
2024-04-03 05:00:00,59,1
2024-04-03 05:00:00,62,1
2024-04-03 05:00:00,64,1
2024-04-03 05:00:00,73,1
2024-04-03 05:00:00,82,1
2024-04-03 05:00:00,83,1
2024-04-03 05:00:00,90,1
2024-04-03 05:00:00,95,1
2024-04-03 05:00:00,98,1
2024-04-03 05:00:00,159,1
2024-04-03 05:00:00,182,1
2024-04-03 05:00:00,193,1
2024-04-03 05:00:00,194,1
2024-04-03 05:00:00,195,1
2024-04-03 05:00:00,202,1
2024-04-03 05:00:00,206,1
2024-04-03 05:00:00,210,2
2024-04-03 05:00:00,221,1
2024-04-03 05:00:00,226,1
2024-04-03 05:00:00,228,1
2024-04-03 05:00:00,231,1
2024-04-03 05:00:00,242,1
2024-04-03 05:00:00,246,1
2024-04-03 05:00:00,254,2
2024-04-03 06:00:00,10,1
2024-04-03 06:00:00,13,1
2024-04-03 06:00:00,46,1
2024-04-03 06:00:00,64,1
2024-04-03 06:00:00,69,1
2024-04-03 06:00:00,82,1
2024-04-03 06:00:00,100,1
2024-04-03 06:00:00,101,1
2024-04-03 06:00:00,111,1
2024-04-03 06:00:00,117,1
2024-04-03 06:00:00,123,1
2024-04-03 06:00:00,139,1
2024-04-03 06:00:00,148,1
2024-04-03 06:00:00,157,1
2024-04-03 06:00:00,184,1
2024-04-03 06:00:00,229,1
2024-04-03 06:00:00,231,1
2024-04-03 06:00:00,234,2
2024-04-03 07:00:00,11,1
2024-04-03 07:00:00,39,2
2024-04-03 07:00:00,45,1
2024-04-03 07:00:00,103,1
2024-04-03 07:00:00,111,1
2024-04-03 07:00:00,129,1
2024-04-03 07:00:00,149,1
2024-04-03 07:00:00,156,1
2024-04-03 07:00:00,177,1
2024-04-03 07:00:00,180,1
2024-04-03 07:00:00,181,1
2024-04-03 07:00:00,203,1
2024-04-03 07:00:00,208,1
2024-04-03 07:00:00,215,1
2024-04-03 07:00:00,218,1
2024-04-03 07:00:00,223,1
2024-04-03 07:00:00,231,1
2024-04-03 07:00:00,237,1
2024-04-03 07:00:00,256,1
2024-04-03 08:00:00,4,1
2024-04-03 08:00:00,12,1
2024-04-03 08:00:00,38,1
2024-04-03 08:00:00,48,1
2024-04-03 08:00:00,53,1
2024-04-03 08:00:00,59,1
2024-04-03 08:00:00,65,1
2024-04-03 08:00:00,89,2
2024-04-03 08:00:00,91,1
2024-04-03 08:00:00,116,1
2024-04-03 08:00:00,121,1
2024-04-03 08:00:00,137,1
2024-04-03 08:00:00,138,1
2024-04-03 08:00:00,165,2
2024-04-03 08:00:00,176,1
2024-04-03 08:00:00,198,1
2024-04-03 08:00:00,209,1
2024-04-03 08:00:00,247,1
2024-04-03 08:00:00,258,1
2024-04-03 09:00:00,7,1
2024-04-03 09:00:00,26,1
2024-04-03 09:00:00,31,1
2024-04-03 09:00:00,33,1
2024-04-03 09:00:00,47,1
2024-04-03 09:00:00,54,1
2024-04-03 09:00:00,68,1
2024-04-03 09:00:00,69,1
2024-04-03 09:00:00,83,1
2024-04-03 09:00:00,86,1
2024-04-03 09:00:00,92,1
2024-04-03 09:00:00,106,1
2024-04-03 09:00:00,124,1
2024-04-03 09:00:00,140,1
2024-04-03 09:00:00,143,1
2024-04-03 09:00:00,156,1
2024-04-03 09:00:00,160,1
2024-04-03 09:00:00,164,1
2024-04-03 09:00:00,167,1
2024-04-03 09:00:00,210,1
2024-04-03 09:00:00,232,1
2024-04-03 09:00:00,233,1
2024-04-03 09:00:00,240,1
2024-04-03 09:00:00,252,1
2024-04-03 09:00:00,253,1
2024-04-03 09:00:00,254,3
2024-04-03 10:00:00,8,1
2024-04-03 10:00:00,23,1
2024-04-03 10:00:00,37,1
2024-04-03 10:00:00,41,1
2024-04-03 10:00:00,55,1
2024-04-03 10:00:00,56,1
2024-04-03 10:00:00,80,1
2024-04-03 10:00:00,82,1
2024-04-03 10:00:00,85,1
2024-04-03 10:00:00,91,1
2024-04-03 10:00:00,134,1
2024-04-03 10:00:00,142,1
2024-04-03 10:00:00,151,1
2024-04-03 10:00:00,163,1
2024-04-03 10:00:00,169,1
2024-04-03 10:00:00,179,1
2024-04-03 10:00:00,185,1
2024-04-03 10:00:00,197,1
2024-04-03 10:00:00,209,1
2024-04-03 10:00:00,237,1
2024-04-03 11:00:00,12,1
2024-04-03 11:00:00,17,1
2024-04-03 11:00:00,22,1
2024-04-03 11:00:00,25,1
2024-04-03 11:00:00,34,1
2024-04-03 11:00:00,36,1
2024-04-03 11:00:00,47,1
2024-04-03 11:00:00,64,1
2024-04-03 11:00:00,67,1
2024-04-03 11:00:00,70,1
2024-04-03 11:00:00,76,1
2024-04-03 11:00:00,82,1
2024-04-03 11:00:00,89,1
2024-04-03 11:00:00,93,1
2024-04-03 11:00:00,116,1
2024-04-03 11:00:00,120,1
2024-04-03 11:00:00,122,1
2024-04-03 11:00:00,137,1
2024-04-03 11:00:00,145,1
2024-04-03 11:00:00,173,1
2024-04-03 11:00:00,179,2
2024-04-03 11:00:00,187,1
2024-04-03 11:00:00,214,1
2024-04-03 11:00:00,220,1
2024-04-03 11:00:00,240,1
2024-04-03 11:00:00,245,1
2024-04-03 11:00:00,248,1
2024-04-03 11:00:00,253,1
2024-04-03 11:00:00,260,1
2024-04-03 12:00:00,2,1
2024-04-03 12:00:00,13,1
2024-04-03 12:00:00,21,1
2024-04-03 12:00:00,27,1
2024-04-03 12:00:00,29,1
2024-04-03 12:00:00,33,1
2024-04-03 12:00:00,39,1
2024-04-03 12:00:00,49,1
2024-04-03 12:00:00,50,1
2024-04-03 12:00:00,69,1
2024-04-03 12:00:00,74,1
2024-04-03 12:00:00,84,1
2024-04-03 12:00:00,91,1
2024-04-03 12:00:00,94,1
2024-04-03 12:00:00,102,1
2024-04-03 12:00:00,104,1
2024-04-03 12:00:00,106,1
2024-04-03 12:00:00,120,1
2024-04-03 12:00:00,163,2
2024-04-03 12:00:00,171,1
2024-04-03 12:00:00,173,1
2024-04-03 12:00:00,174,1
2024-04-03 12:00:00,207,1
2024-04-03 12:00:00,211,1
2024-04-03 12:00:00,229,1
2024-04-03 12:00:00,245,2
2024-04-03 12:00:00,250,1
2024-04-03 12:00:00,252,1
2024-04-03 13:00:00,10,1
2024-04-03 13:00:00,13,1
2024-04-03 13:00:00,26,1
2024-04-03 13:00:00,31,1
2024-04-03 13:00:00,37,1
2024-04-03 13:00:00,51,2
2024-04-03 13:00:00,54,1
2024-04-03 13:00:00,56,1
2024-04-03 13:00:00,87,1
2024-04-03 13:00:00,95,1
2024-04-03 13:00:00,99,1
2024-04-03 13:00:00,108,1
2024-04-03 13:00:00,109,2
2024-04-03 13:00:00,121,1
2024-04-03 13:00:00,167,1
2024-04-03 13:00:00,175,1
2024-04-03 13:00:00,198,2
2024-04-03 13:00:00,203,1
2024-04-03 13:00:00,206,1
2024-04-03 13:00:00,209,1
2024-04-03 13:00:00,211,1
2024-04-03 13:00:00,214,1
2024-04-03 13:00:00,216,1
2024-04-03 13:00:00,230,1
2024-04-03 13:00:00,232,1
2024-04-03 13:00:00,237,1
2024-04-03 13:00:00,238,1
2024-04-03 13:00:00,239,1
2024-04-03 13:00:00,243,1
2024-04-03 13:00:00,244,1
2024-04-03 13:00:00,248,1
2024-04-03 13:00:00,252,1
2024-04-03 14:00:00,9,1
2024-04-03 14:00:00,23,1
2024-04-03 14:00:00,36,1
2024-04-03 14:00:00,42,1
2024-04-03 14:00:00,47,1
2024-04-03 14:00:00,53,1
2024-04-03 14:00:00,70,1
2024-04-03 14:00:00,71,1
2024-04-03 14:00:00,76,2
2024-04-03 14:00:00,84,1
2024-04-03 14:00:00,106,1
2024-04-03 14:00:00,113,1
2024-04-03 14:00:00,118,1
2024-04-03 14:00:00,132,1
2024-04-03 14:00:00,138,1
2024-04-03 14:00:00,140,1
2024-04-03 14:00:00,141,1
2024-04-03 14:00:00,148,1
2024-04-03 14:00:00,149,1
2024-04-03 14:00:00,150,1
2024-04-03 14:00:00,161,1
2024-04-03 14:00:00,196,1
2024-04-03 14:00:00,204,1
2024-04-03 14:00:00,209,1
2024-04-03 14:00:00,210,1
2024-04-03 14:00:00,229,1
2024-04-03 14:00:00,233,1
2024-04-03 14:00:00,236,1
2024-04-03 14:00:00,262,1
2024-04-03 15:00:00,6,1
2024-04-03 15:00:00,7,1
2024-04-03 15:00:00,14,1
2024-04-03 15:00:00,19,1
2024-04-03 15:00:00,24,1
2024-04-03 15:00:00,36,1
2024-04-03 15:00:00,37,1
2024-04-03 15:00:00,41,1
2024-04-03 15:00:00,56,1
2024-04-03 15:00:00,63,1
2024-04-03 15:00:00,76,1
2024-04-03 15:00:00,77,1
2024-04-03 15:00:00,93,1
2024-04-03 15:00:00,98,1
2024-04-03 15:00:00,100,1
2024-04-03 15:00:00,129,1
2024-04-03 15:00:00,134,1
2024-04-03 15:00:00,144,1
2024-04-03 15:00:00,152,1
2024-04-03 15:00:00,153,1
2024-04-03 15:00:00,179,1
2024-04-03 15:00:00,191,1
2024-04-03 15:00:00,194,1
2024-04-03 15:00:00,202,1
2024-04-03 15:00:00,228,1
2024-04-03 15:00:00,230,1
2024-04-03 15:00:00,258,1
2024-04-03 15:00:00,261,1
2024-04-03 16:00:00,4,1
2024-04-03 16:00:00,6,1
2024-04-03 16:00:00,7,2
2024-04-03 16:00:00,14,1
2024-04-03 16:00:00,21,1
2024-04-03 16:00:00,30,1
2024-04-03 16:00:00,35,1
2024-04-03 16:00:00,36,1
2024-04-03 16:00:00,39,1
2024-04-03 16:00:00,47,1
2024-04-03 16:00:00,52,1
2024-04-03 16:00:00,59,1
2024-04-03 16:00:00,62,1
2024-04-03 16:00:00,64,1
2024-04-03 16:00:00,68,1
2024-04-03 16:00:00,71,1
2024-04-03 16:00:00,96,1
2024-04-03 16:00:00,108,1
2024-04-03 16:00:00,134,1
2024-04-03 16:00:00,141,1
2024-04-03 16:00:00,189,1
2024-04-03 16:00:00,197,1
2024-04-03 16:00:00,228,1
2024-04-03 16:00:00,257,1
2024-04-03 17:00:00,12,1
2024-04-03 17:00:00,25,1
2024-04-03 17:00:00,41,1
2024-04-03 17:00:00,60,2
2024-04-03 17:00:00,72,1
2024-04-03 17:00:00,77,1
2024-04-03 17:00:00,79,1
2024-04-03 17:00:00,84,1
2024-04-03 17:00:00,87,1
2024-04-03 17:00:00,92,1
2024-04-03 17:00:00,99,1
2024-04-03 17:00:00,106,1
2024-04-03 17:00:00,118,2
2024-04-03 17:00:00,128,1
2024-04-03 17:00:00,136,1
2024-04-03 17:00:00,141,1
2024-04-03 17:00:00,147,1
2024-04-03 17:00:00,157,1
2024-04-03 17:00:00,158,1
2024-04-03 17:00:00,165,1
2024-04-03 17:00:00,167,1
2024-04-03 17:00:00,175,1
2024-04-03 17:00:00,195,1
2024-04-03 17:00:00,202,1
2024-04-03 17:00:00,206,1
2024-04-03 17:00:00,207,1
2024-04-03 17:00:00,214,1
2024-04-03 17:00:00,223,1
2024-04-03 17:00:00,254,1
2024-04-03 18:00:00,1,1
2024-04-03 18:00:00,8,1
2024-04-03 18:00:00,25,1
2024-04-03 18:00:00,68,1
2024-04-03 18:00:00,85,1
2024-04-03 18:00:00,90,1
2024-04-03 18:00:00,92,2
2024-04-03 18:00:00,102,1
2024-04-03 18:00:00,110,1
2024-04-03 18:00:00,116,1
2024-04-03 18:00:00,125,1
2024-04-03 18:00:00,158,1
2024-04-03 18:00:00,162,1
2024-04-03 18:00:00,164,1
2024-04-03 18:00:00,170,1
2024-04-03 18:00:00,180,1
2024-04-03 18:00:00,195,1
2024-04-03 18:00:00,201,1
2024-04-03 18:00:00,257,1
2024-04-03 18:00:00,263,1
2024-04-03 19:00:00,1,1
2024-04-03 19:00:00,11,1
2024-04-03 19:00:00,18,1
2024-04-03 19:00:00,20,1
2024-04-03 19:00:00,29,1
2024-04-03 19:00:00,39,1
2024-04-03 19:00:00,68,1
2024-04-03 19:00:00,70,1
2024-04-03 19:00:00,87,1
2024-04-03 19:00:00,97,1
2024-04-03 19:00:00,98,1
2024-04-03 19:00:00,100,1
2024-04-03 19:00:00,104,1
2024-04-03 19:00:00,117,1
2024-04-03 19:00:00,138,1
2024-04-03 19:00:00,146,1
2024-04-03 19:00:00,156,1
2024-04-03 19:00:00,163,1
2024-04-03 19:00:00,193,1
2024-04-03 19:00:00,211,1
2024-04-03 19:00:00,235,1
2024-04-03 19:00:00,241,2
2024-04-03 19:00:00,245,1
2024-04-03 19:00:00,263,1
2024-04-03 20:00:00,5,1
2024-04-03 20:00:00,8,1
2024-04-03 20:00:00,20,1
2024-04-03 20:00:00,52,1
2024-04-03 20:00:00,85,1
2024-04-03 20:00:00,111,2
2024-04-03 20:00:00,121,1
2024-04-03 20:00:00,123,1
2024-04-03 20:00:00,143,1
2024-04-03 20:00:00,151,1
2024-04-03 20:00:00,159,1
2024-04-03 20:00:00,186,1
2024-04-03 20:00:00,204,1
2024-04-03 20:00:00,213,1
2024-04-03 20:00:00,250,1
2024-04-03 20:00:00,261,1
2024-04-03 20:00:00,263,1
2024-04-03 21:00:00,9,2
2024-04-03 21:00:00,26,1
2024-04-03 21:00:00,40,1
2024-04-03 21:00:00,41,1
2024-04-03 21:00:00,45,1
2024-04-03 21:00:00,52,1
2024-04-03 21:00:00,69,1
2024-04-03 21:00:00,71,1
2024-04-03 21:00:00,73,1
2024-04-03 21:00:00,87,1
2024-04-03 21:00:00,89,1
2024-04-03 21:00:00,92,1
2024-04-03 21:00:00,112,1
2024-04-03 21:00:00,124,1
2024-04-03 21:00:00,126,1
2024-04-03 21:00:00,135,1
2024-04-03 21:00:00,137,1
2024-04-03 21:00:00,157,1
2024-04-03 21:00:00,160,1
2024-04-03 21:00:00,167,1
2024-04-03 21:00:00,168,1
2024-04-03 21:00:00,188,1
2024-04-03 21:00:00,194,1
2024-04-03 21:00:00,198,1
2024-04-03 21:00:00,210,1
2024-04-03 21:00:00,217,1
2024-04-03 21:00:00,220,1
2024-04-03 21:00:00,233,1
2024-04-03 21:00:00,244,2
2024-04-03 21:00:00,255,1
2024-04-03 21:00:00,256,1
2024-04-03 22:00:00,3,1
2024-04-03 22:00:00,17,1
2024-04-03 22:00:00,47,2
2024-04-03 22:00:00,63,1
2024-04-03 22:00:00,93,1
2024-04-03 22:00:00,103,1
2024-04-03 22:00:00,111,1
2024-04-03 22:00:00,132,1
2024-04-03 22:00:00,133,1
2024-04-03 22:00:00,135,1
2024-04-03 22:00:00,136,1
2024-04-03 22:00:00,138,1
2024-04-03 22:00:00,153,1
2024-04-03 22:00:00,159,1
2024-04-03 22:00:00,166,1
2024-04-03 22:00:00,170,1
2024-04-03 22:00:00,182,2
2024-04-03 22:00:00,194,1
2024-04-03 22:00:00,195,1
2024-04-03 22:00:00,218,2
2024-04-03 22:00:00,219,1
2024-04-03 22:00:00,247,1
2024-04-03 22:00:00,261,1
2024-04-03 23:00:00,11,1
2024-04-03 23:00:00,15,1
2024-04-03 23:00:00,30,1
2024-04-03 23:00:00,99,1
2024-04-03 23:00:00,116,1
2024-04-03 23:00:00,133,1
2024-04-03 23:00:00,138,1
2024-04-03 23:00:00,153,1
2024-04-03 23:00:00,156,1
2024-04-03 23:00:00,165,1
2024-04-03 23:00:00,170,1
2024-04-03 23:00:00,171,1
2024-04-03 23:00:00,172,1
2024-04-03 23:00:00,174,1
2024-04-03 23:00:00,195,1
2024-04-03 23:00:00,198,1
2024-04-03 23:00:00,205,1
2024-04-03 23:00:00,206,1
2024-04-03 23:00:00,208,1
2024-04-03 23:00:00,209,1
2024-04-03 23:00:00,217,1
2024-04-03 23:00:00,235,1
2024-04-03 23:00:00,242,1
2024-04-03 23:00:00,253,1
2024-04-03 23:00:00,260,2
2024-04-04 00:00:00,2,2
2024-04-04 00:00:00,18,1
2024-04-04 00:00:00,27,1
2024-04-04 00:00:00,38,2
2024-04-04 00:00:00,60,1
2024-04-04 00:00:00,63,1
2024-04-04 00:00:00,65,1
2024-04-04 00:00:00,102,1
2024-04-04 00:00:00,103,1
2024-04-04 00:00:00,115,1
2024-04-04 00:00:00,118,1
2024-04-04 00:00:00,133,1
2024-04-04 00:00:00,147,1
2024-04-04 00:00:00,156,1
2024-04-04 00:00:00,167,1
2024-04-04 00:00:00,169,1
2024-04-04 00:00:00,181,1
2024-04-04 00:00:00,193,1
2024-04-04 00:00:00,194,1
2024-04-04 00:00:00,198,1
2024-04-04 00:00:00,209,1
2024-04-04 00:00:00,218,1
2024-04-04 00:00:00,236,1
2024-04-04 00:00:00,240,1
2024-04-04 00:00:00,243,1
2024-04-04 00:00:00,248,1
2024-04-04 01:00:00,11,1
2024-04-04 01:00:00,14,1
2024-04-04 01:00:00,35,1
2024-04-04 01:00:00,59,1
2024-04-04 01:00:00,60,1
2024-04-04 01:00:00,67,1
2024-04-04 01:00:00,83,1
2024-04-04 01:00:00,85,1
2024-04-04 01:00:00,89,1
2024-04-04 01:00:00,98,1
2024-04-04 01:00:00,107,1
2024-04-04 01:00:00,122,1
2024-04-04 01:00:00,126,1
2024-04-04 01:00:00,134,1
2024-04-04 01:00:00,137,1
2024-04-04 01:00:00,144,1
2024-04-04 01:00:00,152,1
2024-04-04 01:00:00,170,1
2024-04-04 01:00:00,183,1
2024-04-04 01:00:00,185,1
2024-04-04 01:00:00,189,1
2024-04-04 01:00:00,195,1
2024-04-04 01:00:00,199,1
2024-04-04 01:00:00,217,1
2024-04-04 01:00:00,227,1
2024-04-04 01:00:00,230,1
2024-04-04 01:00:00,238,1
2024-04-04 01:00:00,245,1
2024-04-04 01:00:00,257,1
2024-04-04 01:00:00,260,1
2024-04-04 02:00:00,13,1
2024-04-04 02:00:00,17,1
2024-04-04 02:00:00,28,1
2024-04-04 02:00:00,42,1
2024-04-04 02:00:00,55,1
2024-04-04 02:00:00,56,1
2024-04-04 02:00:00,62,1
2024-04-04 02:00:00,80,1
2024-04-04 02:00:00,88,1
2024-04-04 02:00:00,89,1
2024-04-04 02:00:00,90,2
2024-04-04 02:00:00,100,1
2024-04-04 02:00:00,102,1
2024-04-04 02:00:00,107,1
2024-04-04 02:00:00,124,2
2024-04-04 02:00:00,125,1
2024-04-04 02:00:00,127,1
2024-04-04 02:00:00,128,1
2024-04-04 02:00:00,129,1
2024-04-04 02:00:00,132,1
2024-04-04 02:00:00,150,1
2024-04-04 02:00:00,156,1
2024-04-04 02:00:00,166,1
2024-04-04 02:00:00,167,1
2024-04-04 02:00:00,180,1
2024-04-04 02:00:00,198,1
2024-04-04 02:00:00,211,1
2024-04-04 02:00:00,212,1
2024-04-04 02:00:00,220,1
2024-04-04 02:00:00,225,1
2024-04-04 02:00:00,232,1
2024-04-04 02:00:00,242,2
2024-04-04 03:00:00,8,1
2024-04-04 03:00:00,11,1
2024-04-04 03:00:00,16,1
2024-04-04 03:00:00,19,1
2024-04-04 03:00:00,22,1
2024-04-04 03:00:00,24,1
2024-04-04 03:00:00,27,2
2024-04-04 03:00:00,28,1
2024-04-04 03:00:00,37,1
2024-04-04 03:00:00,45,1
2024-04-04 03:00:00,50,2
2024-04-04 03:00:00,53,1
2024-04-04 03:00:00,60,1
2024-04-04 03:00:00,63,1
2024-04-04 03:00:00,75,1
2024-04-04 03:00:00,79,1
2024-04-04 03:00:00,94,1
2024-04-04 03:00:00,95,1
2024-04-04 03:00:00,99,1
2024-04-04 03:00:00,100,1
2024-04-04 03:00:00,112,1
2024-04-04 03:00:00,120,1
2024-04-04 03:00:00,127,1
2024-04-04 03:00:00,134,1
2024-04-04 03:00:00,135,1
2024-04-04 03:00:00,145,1
2024-04-04 03:00:00,149,1
2024-04-04 03:00:00,150,1
2024-04-04 03:00:00,166,1
2024-04-04 03:00:00,167,3
2024-04-04 03:00:00,171,1
2024-04-04 03:00:00,172,1
2024-04-04 03:00:00,180,1
2024-04-04 03:00:00,181,1
2024-04-04 03:00:00,206,1
2024-04-04 03:00:00,210,1
2024-04-04 03:00:00,213,1
2024-04-04 03:00:00,216,1
2024-04-04 03:00:00,220,1
2024-04-04 03:00:00,232,2
2024-04-04 03:00:00,238,1
2024-04-04 03:00:00,242,1
2024-04-04 03:00:00,252,1
2024-04-04 04:00:00,6,1
2024-04-04 04:00:00,10,1
2024-04-04 04:00:00,11,1
2024-04-04 04:00:00,31,1
2024-04-04 04:00:00,53,1
2024-04-04 04:00:00,96,1
2024-04-04 04:00:00,117,1
2024-04-04 04:00:00,131,1
2024-04-04 04:00:00,137,1
2024-04-04 04:00:00,150,1
2024-04-04 04:00:00,166,1
2024-04-04 04:00:00,170,1
2024-04-04 04:00:00,173,1
2024-04-04 04:00:00,174,1
2024-04-04 04:00:00,175,1
2024-04-04 04:00:00,193,1
2024-04-04 04:00:00,198,1
2024-04-04 04:00:00,203,1
2024-04-04 04:00:00,212,1
2024-04-04 05:00:00,3,1
2024-04-04 05:00:00,5,1
2024-04-04 05:00:00,17,1
2024-04-04 05:00:00,27,1
2024-04-04 05:00:00,41,1
2024-04-04 05:00:00,47,1
2024-04-04 05:00:00,78,2
2024-04-04 05:00:00,81,1
2024-04-04 05:00:00,85,1
2024-04-04 05:00:00,88,1
2024-04-04 05:00:00,98,1
2024-04-04 05:00:00,106,1
2024-04-04 05:00:00,110,1
2024-04-04 05:00:00,115,1
2024-04-04 05:00:00,116,1
2024-04-04 05:00:00,127,1
2024-04-04 05:00:00,134,1
2024-04-04 05:00:00,143,1
2024-04-04 05:00:00,171,1
2024-04-04 05:00:00,186,1
2024-04-04 05:00:00,190,1
2024-04-04 05:00:00,206,1
2024-04-04 05:00:00,208,1
2024-04-04 05:00:00,212,1
2024-04-04 05:00:00,221,1
2024-04-04 05:00:00,231,3
2024-04-04 05:00:00,237,1
2024-04-04 05:00:00,238,1
2024-04-04 05:00:00,253,1
2024-04-04 05:00:00,256,1
2024-04-04 05:00:00,263,1
2024-04-04 06:00:00,24,1
2024-04-04 06:00:00,25,1
2024-04-04 06:00:00,33,1
2024-04-04 06:00:00,35,1
2024-04-04 06:00:00,37,1
2024-04-04 06:00:00,46,1
2024-04-04 06:00:00,48,1
2024-04-04 06:00:00,51,1
2024-04-04 06:00:00,55,1
2024-04-04 06:00:00,67,1
2024-04-04 06:00:00,83,1
2024-04-04 06:00:00,88,1
2024-04-04 06:00:00,114,1
2024-04-04 06:00:00,136,1
2024-04-04 06:00:00,141,1
2024-04-04 06:00:00,153,1
2024-04-04 06:00:00,154,1
2024-04-04 06:00:00,156,1
2024-04-04 06:00:00,157,1
2024-04-04 06:00:00,161,1
2024-04-04 06:00:00,169,1
2024-04-04 06:00:00,178,1
2024-04-04 06:00:00,192,1
2024-04-04 06:00:00,198,1
2024-04-04 06:00:00,210,1
2024-04-04 06:00:00,217,1
2024-04-04 06:00:00,231,1
2024-04-04 06:00:00,232,1
2024-04-04 06:00:00,234,1
2024-04-04 06:00:00,235,1
2024-04-04 06:00:00,259,1
2024-04-04 07:00:00,10,1
2024-04-04 07:00:00,14,1
2024-04-04 07:00:00,21,1
2024-04-04 07:00:00,25,1
2024-04-04 07:00:00,28,1
2024-04-04 07:00:00,39,1
2024-04-04 07:00:00,45,1
2024-04-04 07:00:00,58,1
2024-04-04 07:00:00,70,1
2024-04-04 07:00:00,82,1
2024-04-04 07:00:00,96,1
2024-04-04 07:00:00,98,1
2024-04-04 07:00:00,136,2
2024-04-04 07:00:00,151,1
2024-04-04 07:00:00,154,1
2024-04-04 07:00:00,162,2
2024-04-04 07:00:00,171,1
2024-04-04 07:00:00,173,1
2024-04-04 07:00:00,183,1
2024-04-04 07:00:00,185,1
2024-04-04 07:00:00,186,1
2024-04-04 07:00:00,193,1
2024-04-04 07:00:00,199,1
2024-04-04 07:00:00,202,1
2024-04-04 07:00:00,211,1
2024-04-04 07:00:00,213,1
2024-04-04 07:00:00,216,1
2024-04-04 07:00:00,242,1
2024-04-04 07:00:00,244,1
2024-04-04 07:00:00,247,1
2024-04-04 07:00:00,261,1
2024-04-04 08:00:00,6,1
2024-04-04 08:00:00,14,1
2024-04-04 08:00:00,24,1
2024-04-04 08:00:00,30,1
2024-04-04 08:00:00,31,1
2024-04-04 08:00:00,35,1
2024-04-04 08:00:00,44,1
2024-04-04 08:00:00,68,1
2024-04-04 08:00:00,70,1
2024-04-04 08:00:00,76,1
2024-04-04 08:00:00,83,1
2024-04-04 08:00:00,87,1
2024-04-04 08:00:00,90,1
2024-04-04 08:00:00,110,1
2024-04-04 08:00:00,113,1
2024-04-04 08:00:00,117,1
2024-04-04 08:00:00,118,1
2024-04-04 08:00:00,126,1
2024-04-04 08:00:00,127,1
2024-04-04 08:00:00,132,1
2024-04-04 08:00:00,134,1
2024-04-04 08:00:00,138,1
2024-04-04 08:00:00,140,1
2024-04-04 08:00:00,143,1
2024-04-04 08:00:00,149,1
2024-04-04 08:00:00,160,1
2024-04-04 08:00:00,176,1
2024-04-04 08:00:00,180,1
2024-04-04 08:00:00,213,1
2024-04-04 08:00:00,232,1
2024-04-04 08:00:00,233,1
2024-04-04 08:00:00,248,1
2024-04-04 08:00:00,258,1
2024-04-04 08:00:00,259,1
2024-04-04 08:00:00,260,1
2024-04-04 09:00:00,7,1
2024-04-04 09:00:00,28,1
2024-04-04 09:00:00,36,1
2024-04-04 09:00:00,39,1
2024-04-04 09:00:00,41,1
2024-04-04 09:00:00,43,1
2024-04-04 09:00:00,70,1
2024-04-04 09:00:00,84,1
2024-04-04 09:00:00,107,1
2024-04-04 09:00:00,127,1
2024-04-04 09:00:00,136,1
2024-04-04 09:00:00,137,1
2024-04-04 09:00:00,170,1
2024-04-04 09:00:00,172,1
2024-04-04 09:00:00,208,1
2024-04-04 09:00:00,209,1
2024-04-04 09:00:00,222,1
2024-04-04 09:00:00,223,1
2024-04-04 09:00:00,225,1
2024-04-04 09:00:00,240,1
2024-04-04 10:00:00,12,1
2024-04-04 10:00:00,15,1
2024-04-04 10:00:00,16,1
2024-04-04 10:00:00,17,1
2024-04-04 10:00:00,20,1
2024-04-04 10:00:00,27,1
2024-04-04 10:00:00,36,1
2024-04-04 10:00:00,53,1
2024-04-04 10:00:00,77,1
2024-04-04 10:00:00,91,1
2024-04-04 10:00:00,100,1
2024-04-04 10:00:00,130,1
2024-04-04 10:00:00,133,1
2024-04-04 10:00:00,134,1
2024-04-04 10:00:00,138,1
2024-04-04 10:00:00,141,1
2024-04-04 10:00:00,142,1
2024-04-04 10:00:00,143,1
2024-04-04 10:00:00,155,1
2024-04-04 10:00:00,156,1
2024-04-04 10:00:00,158,1
2024-04-04 10:00:00,166,1
2024-04-04 10:00:00,169,1
2024-04-04 10:00:00,194,1
2024-04-04 10:00:00,197,1
2024-04-04 10:00:00,202,1
2024-04-04 10:00:00,207,1
2024-04-04 10:00:00,212,1
2024-04-04 10:00:00,224,1
2024-04-04 10:00:00,228,1
2024-04-04 10:00:00,229,1
2024-04-04 10:00:00,249,1
2024-04-04 10:00:00,260,1
2024-04-04 10:00:00,263,1
2024-04-04 11:00:00,2,1
2024-04-04 11:00:00,9,1
2024-04-04 11:00:00,61,1
2024-04-04 11:00:00,63,1
2024-04-04 11:00:00,68,1
2024-04-04 11:00:00,70,1
2024-04-04 11:00:00,74,1
2024-04-04 11:00:00,84,1
2024-04-04 11:00:00,97,1
2024-04-04 11:00:00,103,1
2024-04-04 11:00:00,109,1
2024-04-04 11:00:00,125,1
2024-04-04 11:00:00,134,1
2024-04-04 11:00:00,141,1
2024-04-04 11:00:00,148,1
2024-04-04 11:00:00,155,1
2024-04-04 11:00:00,158,1
2024-04-04 11:00:00,175,1
2024-04-04 11:00:00,183,1
2024-04-04 11:00:00,204,1
2024-04-04 11:00:00,206,1
2024-04-04 11:00:00,210,1
2024-04-04 11:00:00,222,1
2024-04-04 11:00:00,230,1
2024-04-04 11:00:00,241,1
2024-04-04 11:00:00,255,1
2024-04-04 11:00:00,262,1
2024-04-04 12:00:00,2,1
2024-04-04 12:00:00,4,1
2024-04-04 12:00:00,6,1
2024-04-04 12:00:00,46,1
2024-04-04 12:00:00,58,1
2024-04-04 12:00:00,72,1
2024-04-04 12:00:00,75,1
2024-04-04 12:00:00,90,1
2024-04-04 12:00:00,97,1
2024-04-04 12:00:00,98,1
2024-04-04 12:00:00,101,1
2024-04-04 12:00:00,113,1
2024-04-04 12:00:00,148,1
2024-04-04 12:00:00,158,1
2024-04-04 12:00:00,163,1
2024-04-04 12:00:00,172,1
2024-04-04 12:00:00,180,1
2024-04-04 12:00:00,196,1
2024-04-04 12:00:00,199,1
2024-04-04 12:00:00,204,1
2024-04-04 12:00:00,221,1
2024-04-04 12:00:00,225,1
2024-04-04 12:00:00,242,1
2024-04-04 12:00:00,253,1
2024-04-04 12:00:00,258,1
2024-04-04 13:00:00,9,1
2024-04-04 13:00:00,19,1
2024-04-04 13:00:00,20,1
2024-04-04 13:00:00,44,1
2024-04-04 13:00:00,75,1
2024-04-04 13:00:00,98,1
2024-04-04 13:00:00,121,1
2024-04-04 13:00:00,131,1
2024-04-04 13:00:00,155,1
2024-04-04 13:00:00,158,1
2024-04-04 13:00:00,159,1
2024-04-04 13:00:00,167,1
2024-04-04 13:00:00,195,1
2024-04-04 13:00:00,198,1
2024-04-04 13:00:00,215,1
2024-04-04 13:00:00,225,1
2024-04-04 13:00:00,226,1
2024-04-04 13:00:00,227,1
2024-04-04 13:00:00,232,1
2024-04-04 13:00:00,240,1
2024-04-04 13:00:00,259,1
2024-04-04 14:00:00,11,1
2024-04-04 14:00:00,15,1
2024-04-04 14:00:00,16,1
2024-04-04 14:00:00,22,1
2024-04-04 14:00:00,77,1
2024-04-04 14:00:00,84,1
2024-04-04 14:00:00,94,1
2024-04-04 14:00:00,110,1
2024-04-04 14:00:00,111,1
2024-04-04 14:00:00,118,1
2024-04-04 14:00:00,129,1
2024-04-04 14:00:00,131,1
2024-04-04 14:00:00,141,1
2024-04-04 14:00:00,149,1
2024-04-04 14:00:00,178,1
2024-04-04 14:00:00,189,1
2024-04-04 14:00:00,198,1
2024-04-04 14:00:00,203,1
2024-04-04 14:00:00,224,1
2024-04-04 14:00:00,229,2
2024-04-04 14:00:00,232,1
2024-04-04 14:00:00,248,1
2024-04-04 14:00:00,253,1
2024-04-04 14:00:00,254,2
2024-04-04 15:00:00,7,1
2024-04-04 15:00:00,13,1
2024-04-04 15:00:00,32,1
2024-04-04 15:00:00,37,2
2024-04-04 15:00:00,38,1
2024-04-04 15:00:00,43,1
2024-04-04 15:00:00,54,1
2024-04-04 15:00:00,57,1
2024-04-04 15:00:00,68,1
2024-04-04 15:00:00,69,1
2024-04-04 15:00:00,91,1
2024-04-04 15:00:00,98,1
2024-04-04 15:00:00,105,1
2024-04-04 15:00:00,115,1
2024-04-04 15:00:00,125,1
2024-04-04 15:00:00,131,1
2024-04-04 15:00:00,136,1
2024-04-04 15:00:00,186,1
2024-04-04 15:00:00,203,1
2024-04-04 15:00:00,207,1
2024-04-04 15:00:00,213,1
2024-04-04 15:00:00,232,1
2024-04-04 16:00:00,10,1
2024-04-04 16:00:00,28,1
2024-04-04 16:00:00,32,1
2024-04-04 16:00:00,33,1
2024-04-04 16:00:00,41,1
2024-04-04 16:00:00,45,1
2024-04-04 16:00:00,46,1
2024-04-04 16:00:00,48,1
2024-04-04 16:00:00,58,1
2024-04-04 16:00:00,81,1
2024-04-04 16:00:00,89,1
2024-04-04 16:00:00,90,1
2024-04-04 16:00:00,100,1
2024-04-04 16:00:00,102,1
2024-04-04 16:00:00,106,1
2024-04-04 16:00:00,121,1
2024-04-04 16:00:00,125,1
2024-04-04 16:00:00,126,1
2024-04-04 16:00:00,127,1
2024-04-04 16:00:00,139,1
2024-04-04 16:00:00,152,1
2024-04-04 16:00:00,180,1
2024-04-04 16:00:00,182,1
2024-04-04 16:00:00,183,1
2024-04-04 16:00:00,187,1
2024-04-04 16:00:00,209,1
2024-04-04 16:00:00,218,1
2024-04-04 16:00:00,230,1
2024-04-04 16:00:00,239,1
2024-04-04 16:00:00,245,1
2024-04-04 16:00:00,247,1
2024-04-04 16:00:00,249,1
2024-04-04 17:00:00,6,1
2024-04-04 17:00:00,9,1
2024-04-04 17:00:00,11,1
2024-04-04 17:00:00,14,1
2024-04-04 17:00:00,39,1
2024-04-04 17:00:00,62,1
2024-04-04 17:00:00,68,1
2024-04-04 17:00:00,69,1
2024-04-04 17:00:00,73,2
2024-04-04 17:00:00,83,1
2024-04-04 17:00:00,108,1
2024-04-04 17:00:00,134,2
2024-04-04 17:00:00,159,1
2024-04-04 17:00:00,160,1
2024-04-04 17:00:00,197,1
2024-04-04 17:00:00,213,1
2024-04-04 17:00:00,253,1
2024-04-04 17:00:00,260,1
2024-04-04 18:00:00,2,1
2024-04-04 18:00:00,17,1
2024-04-04 18:00:00,28,1
2024-04-04 18:00:00,35,1
2024-04-04 18:00:00,42,1
2024-04-04 18:00:00,45,1
2024-04-04 18:00:00,46,1
2024-04-04 18:00:00,50,1
2024-04-04 18:00:00,58,1
2024-04-04 18:00:00,68,1
2024-04-04 18:00:00,79,1
2024-04-04 18:00:00,86,1
2024-04-04 18:00:00,90,1
2024-04-04 18:00:00,121,1
2024-04-04 18:00:00,126,1
2024-04-04 18:00:00,147,1
2024-04-04 18:00:00,158,1
2024-04-04 18:00:00,161,1
2024-04-04 18:00:00,162,1
2024-04-04 18:00:00,189,1
2024-04-04 18:00:00,191,1
2024-04-04 18:00:00,263,1
2024-04-04 19:00:00,11,1
2024-04-04 19:00:00,13,1
2024-04-04 19:00:00,23,1
2024-04-04 19:00:00,39,1
2024-04-04 19:00:00,45,2
2024-04-04 19:00:00,64,1
2024-04-04 19:00:00,79,1
2024-04-04 19:00:00,87,1
2024-04-04 19:00:00,95,1
2024-04-04 19:00:00,108,1
2024-04-04 19:00:00,114,1
2024-04-04 19:00:00,118,1
2024-04-04 19:00:00,126,1
2024-04-04 19:00:00,145,1
2024-04-04 19:00:00,159,1
2024-04-04 19:00:00,162,1
2024-04-04 19:00:00,169,1
2024-04-04 19:00:00,191,1
2024-04-04 19:00:00,196,1
2024-04-04 19:00:00,207,1
2024-04-04 19:00:00,219,1
2024-04-04 19:00:00,223,1
2024-04-04 19:00:00,227,1
2024-04-04 19:00:00,228,1
2024-04-04 19:00:00,244,1
2024-04-04 19:00:00,246,1
2024-04-04 19:00:00,247,1
2024-04-04 20:00:00,3,1
2024-04-04 20:00:00,34,1
2024-04-04 20:00:00,38,1
2024-04-04 20:00:00,65,1
2024-04-04 20:00:00,71,1
2024-04-04 20:00:00,95,1
2024-04-04 20:00:00,100,1
2024-04-04 20:00:00,108,1
2024-04-04 20:00:00,111,1
2024-04-04 20:00:00,113,1
2024-04-04 20:00:00,115,1
2024-04-04 20:00:00,117,1
2024-04-04 20:00:00,125,1
2024-04-04 20:00:00,155,1
2024-04-04 20:00:00,158,1
2024-04-04 20:00:00,181,1
2024-04-04 20:00:00,196,1
2024-04-04 20:00:00,247,1
2024-04-04 21:00:00,1,1
2024-04-04 21:00:00,11,1
2024-04-04 21:00:00,18,1
2024-04-04 21:00:00,36,1
2024-04-04 21:00:00,43,1
2024-04-04 21:00:00,46,1
2024-04-04 21:00:00,49,1
2024-04-04 21:00:00,65,1
2024-04-04 21:00:00,66,1
2024-04-04 21:00:00,75,1
2024-04-04 21:00:00,89,1
2024-04-04 21:00:00,93,1
2024-04-04 21:00:00,98,1
2024-04-04 21:00:00,118,1
2024-04-04 21:00:00,121,1
2024-04-04 21:00:00,130,1
2024-04-04 21:00:00,137,1
2024-04-04 21:00:00,146,1
2024-04-04 21:00:00,154,1
2024-04-04 21:00:00,158,1
2024-04-04 21:00:00,165,1
2024-04-04 21:00:00,182,1
2024-04-04 21:00:00,195,1
2024-04-04 21:00:00,196,1
2024-04-04 21:00:00,203,1
2024-04-04 21:00:00,207,1
2024-04-04 21:00:00,250,1
2024-04-04 21:00:00,263,1
2024-04-04 22:00:00,22,1
2024-04-04 22:00:00,35,1
2024-04-04 22:00:00,57,1
2024-04-04 22:00:00,60,1
2024-04-04 22:00:00,89,1
2024-04-04 22:00:00,94,1
2024-04-04 22:00:00,114,1
2024-04-04 22:00:00,120,1
2024-04-04 22:00:00,127,1
2024-04-04 22:00:00,135,1
2024-04-04 22:00:00,169,2
2024-04-04 22:00:00,170,1
2024-04-04 22:00:00,176,1
2024-04-04 22:00:00,180,1
2024-04-04 22:00:00,210,1
2024-04-04 22:00:00,249,1
2024-04-04 22:00:00,255,1
2024-04-04 22:00:00,259,1
2024-04-04 23:00:00,2,1
2024-04-04 23:00:00,18,2
2024-04-04 23:00:00,20,1
2024-04-04 23:00:00,30,1
2024-04-04 23:00:00,32,1
2024-04-04 23:00:00,38,1
2024-04-04 23:00:00,57,1
2024-04-04 23:00:00,68,1
2024-04-04 23:00:00,70,1
2024-04-04 23:00:00,72,1
2024-04-04 23:00:00,74,1
2024-04-04 23:00:00,80,1
2024-04-04 23:00:00,110,1
2024-04-04 23:00:00,134,1
2024-04-04 23:00:00,161,1
2024-04-04 23:00:00,164,1
2024-04-04 23:00:00,170,1
2024-04-04 23:00:00,177,1
2024-04-04 23:00:00,188,1
2024-04-04 23:00:00,190,1
2024-04-04 23:00:00,193,1
2024-04-04 23:00:00,198,1
2024-04-04 23:00:00,214,1
2024-04-04 23:00:00,219,1
2024-04-04 23:00:00,222,1
2024-04-04 23:00:00,223,1
2024-04-04 23:00:00,237,1
2024-04-04 23:00:00,244,1
2024-04-04 23:00:00,253,1
2024-04-05 00:00:00,5,1
2024-04-05 00:00:00,11,1
2024-04-05 00:00:00,17,1
2024-04-05 00:00:00,20,1
2024-04-05 00:00:00,22,1
2024-04-05 00:00:00,26,1
2024-04-05 00:00:00,31,1
2024-04-05 00:00:00,32,1
2024-04-05 00:00:00,51,1
2024-04-05 00:00:00,80,1
2024-04-05 00:00:00,81,1
2024-04-05 00:00:00,82,1
2024-04-05 00:00:00,95,1
2024-04-05 00:00:00,96,1
2024-04-05 00:00:00,98,1
2024-04-05 00:00:00,112,1
2024-04-05 00:00:00,122,1
2024-04-05 00:00:00,126,1
2024-04-05 00:00:00,140,1
2024-04-05 00:00:00,162,1
2024-04-05 00:00:00,172,1
2024-04-05 00:00:00,178,1
2024-04-05 00:00:00,182,1
2024-04-05 00:00:00,186,1
2024-04-05 00:00:00,191,1
2024-04-05 00:00:00,202,1
2024-04-05 00:00:00,205,1
2024-04-05 00:00:00,215,1
2024-04-05 00:00:00,224,1
2024-04-05 00:00:00,262,1
2024-04-05 01:00:00,6,1
2024-04-05 01:00:00,11,1
2024-04-05 01:00:00,20,1
2024-04-05 01:00:00,28,1
2024-04-05 01:00:00,30,1
2024-04-05 01:00:00,46,1
2024-04-05 01:00:00,50,1
2024-04-05 01:00:00,66,1
2024-04-05 01:00:00,75,2
2024-04-05 01:00:00,113,1
2024-04-05 01:00:00,125,1
2024-04-05 01:00:00,126,1
2024-04-05 01:00:00,128,1
2024-04-05 01:00:00,140,1
2024-04-05 01:00:00,153,1
2024-04-05 01:00:00,158,1
2024-04-05 01:00:00,160,2
2024-04-05 01:00:00,185,1
2024-04-05 01:00:00,199,1
2024-04-05 01:00:00,201,1
2024-04-05 01:00:00,205,1
2024-04-05 01:00:00,236,2
2024-04-05 01:00:00,242,2
2024-04-05 01:00:00,248,1
2024-04-05 01:00:00,250,1
2024-04-05 02:00:00,9,1
2024-04-05 02:00:00,10,1
2024-04-05 02:00:00,27,1
2024-04-05 02:00:00,32,1
2024-04-05 02:00:00,33,1
2024-04-05 02:00:00,35,1
2024-04-05 02:00:00,42,2
2024-04-05 02:00:00,55,1
2024-04-05 02:00:00,63,1
2024-04-05 02:00:00,66,1
2024-04-05 02:00:00,83,1
2024-04-05 02:00:00,85,1
2024-04-05 02:00:00,116,1
2024-04-05 02:00:00,157,1
2024-04-05 02:00:00,158,1
2024-04-05 02:00:00,161,1
2024-04-05 02:00:00,163,2
2024-04-05 02:00:00,166,1
2024-04-05 02:00:00,187,1
2024-04-05 02:00:00,199,1
2024-04-05 02:00:00,201,1
2024-04-05 02:00:00,217,1
2024-04-05 02:00:00,226,1
2024-04-05 02:00:00,236,1
2024-04-05 02:00:00,257,1
2024-04-05 03:00:00,1,1
2024-04-05 03:00:00,24,1
2024-04-05 03:00:00,76,1
2024-04-05 03:00:00,91,1
2024-04-05 03:00:00,107,1
2024-04-05 03:00:00,113,1
2024-04-05 03:00:00,140,1
2024-04-05 03:00:00,144,1
2024-04-05 03:00:00,150,1
2024-04-05 03:00:00,152,1
2024-04-05 03:00:00,177,1
2024-04-05 03:00:00,187,1
2024-04-05 03:00:00,201,1
2024-04-05 03:00:00,219,1
2024-04-05 03:00:00,227,1
2024-04-05 03:00:00,240,1
2024-04-05 03:00:00,261,1
2024-04-05 04:00:00,23,1
2024-04-05 04:00:00,26,1
2024-04-05 04:00:00,38,1
2024-04-05 04:00:00,49,1
2024-04-05 04:00:00,59,1
2024-04-05 04:00:00,60,1
2024-04-05 04:00:00,75,1
2024-04-05 04:00:00,79,2
2024-04-05 04:00:00,97,1
2024-04-05 04:00:00,108,1
2024-04-05 04:00:00,114,1
2024-04-05 04:00:00,165,1
2024-04-05 04:00:00,181,1
2024-04-05 04:00:00,187,1
2024-04-05 04:00:00,193,1
2024-04-05 04:00:00,196,1
2024-04-05 04:00:00,205,1
2024-04-05 04:00:00,222,1
2024-04-05 04:00:00,235,2
2024-04-05 04:00:00,256,1
2024-04-05 05:00:00,3,1
2024-04-05 05:00:00,10,1
2024-04-05 05:00:00,13,1
2024-04-05 05:00:00,21,1
2024-04-05 05:00:00,25,1
2024-04-05 05:00:00,46,1
2024-04-05 05:00:00,69,1
2024-04-05 05:00:00,80,1
2024-04-05 05:00:00,92,1
2024-04-05 05:00:00,106,1
2024-04-05 05:00:00,110,1
2024-04-05 05:00:00,121,1
2024-04-05 05:00:00,123,1
2024-04-05 05:00:00,130,1
2024-04-05 05:00:00,135,1
2024-04-05 05:00:00,146,1
2024-04-05 05:00:00,149,1
2024-04-05 05:00:00,156,1
2024-04-05 05:00:00,193,1
2024-04-05 05:00:00,207,1
2024-04-05 05:00:00,213,1
2024-04-05 05:00:00,223,1
2024-04-05 05:00:00,249,1
2024-04-05 05:00:00,262,1
2024-04-05 06:00:00,4,1
2024-04-05 06:00:00,13,1
2024-04-05 06:00:00,22,1
2024-04-05 06:00:00,25,1
2024-04-05 06:00:00,31,1
2024-04-05 06:00:00,48,1
2024-04-05 06:00:00,76,1
2024-04-05 06:00:00,79,1
2024-04-05 06:00:00,82,1
2024-04-05 06:00:00,99,1
2024-04-05 06:00:00,102,1
2024-04-05 06:00:00,106,1
2024-04-05 06:00:00,118,1
2024-04-05 06:00:00,128,1
2024-04-05 06:00:00,141,1
2024-04-05 06:00:00,145,1
2024-04-05 06:00:00,148,1
2024-04-05 06:00:00,183,2
2024-04-05 06:00:00,214,1
2024-04-05 06:00:00,218,1
2024-04-05 06:00:00,240,1
2024-04-05 07:00:00,18,1
2024-04-05 07:00:00,19,1
2024-04-05 07:00:00,21,1
2024-04-05 07:00:00,27,2
2024-04-05 07:00:00,31,1
2024-04-05 07:00:00,35,2
2024-04-05 07:00:00,37,1
2024-04-05 07:00:00,100,1
2024-04-05 07:00:00,107,1
2024-04-05 07:00:00,127,2
2024-04-05 07:00:00,138,1
2024-04-05 07:00:00,155,1
2024-04-05 07:00:00,173,2
2024-04-05 07:00:00,176,1
2024-04-05 07:00:00,194,1
2024-04-05 07:00:00,195,1
2024-04-05 07:00:00,201,1
2024-04-05 07:00:00,211,1
2024-04-05 07:00:00,212,1
2024-04-05 07:00:00,219,1
2024-04-05 07:00:00,221,1
2024-04-05 07:00:00,235,1
2024-04-05 07:00:00,262,1
2024-04-05 08:00:00,1,1
2024-04-05 08:00:00,18,1
2024-04-05 08:00:00,21,1
2024-04-05 08:00:00,22,1
2024-04-05 08:00:00,23,1
2024-04-05 08:00:00,25,1
2024-04-05 08:00:00,29,1
2024-04-05 08:00:00,30,2
2024-04-05 08:00:00,42,1
2024-04-05 08:00:00,62,1
2024-04-05 08:00:00,66,1
2024-04-05 08:00:00,80,1
2024-04-05 08:00:00,84,1
2024-04-05 08:00:00,86,1
2024-04-05 08:00:00,105,1
2024-04-05 08:00:00,147,1
2024-04-05 08:00:00,210,1
2024-04-05 08:00:00,225,1
2024-04-05 08:00:00,243,1
2024-04-05 08:00:00,248,1
2024-04-05 08:00:00,259,1
2024-04-05 09:00:00,15,1
2024-04-05 09:00:00,27,1
2024-04-05 09:00:00,30,1
2024-04-05 09:00:00,34,1
2024-04-05 09:00:00,35,1
2024-04-05 09:00:00,37,1
2024-04-05 09:00:00,50,1
2024-04-05 09:00:00,60,1
2024-04-05 09:00:00,75,1
2024-04-05 09:00:00,91,1
2024-04-05 09:00:00,93,1
2024-04-05 09:00:00,105,1
2024-04-05 09:00:00,114,1
2024-04-05 09:00:00,116,1
2024-04-05 09:00:00,126,1
2024-04-05 09:00:00,137,1
2024-04-05 09:00:00,152,1
2024-04-05 09:00:00,162,1
2024-04-05 09:00:00,166,1
2024-04-05 09:00:00,169,1
2024-04-05 09:00:00,175,1
2024-04-05 09:00:00,193,1
2024-04-05 09:00:00,194,1
2024-04-05 09:00:00,212,1
2024-04-05 09:00:00,218,1
2024-04-05 09:00:00,220,1
2024-04-05 09:00:00,230,1
2024-04-05 09:00:00,248,1
2024-04-05 10:00:00,23,1
2024-04-05 10:00:00,30,1
2024-04-05 10:00:00,51,1
2024-04-05 10:00:00,66,1
2024-04-05 10:00:00,73,1
2024-04-05 10:00:00,79,1
2024-04-05 10:00:00,84,1
2024-04-05 10:00:00,117,1
2024-04-05 10:00:00,119,1
2024-04-05 10:00:00,122,1
2024-04-05 10:00:00,125,1
2024-04-05 10:00:00,126,1
2024-04-05 10:00:00,153,1
2024-04-05 10:00:00,176,1
2024-04-05 10:00:00,199,1
2024-04-05 10:00:00,211,1
2024-04-05 10:00:00,227,1
2024-04-05 10:00:00,241,1
2024-04-05 10:00:00,243,1
2024-04-05 10:00:00,249,1
2024-04-05 10:00:00,263,1
2024-04-05 11:00:00,4,1
2024-04-05 11:00:00,7,1
2024-04-05 11:00:00,28,1
2024-04-05 11:00:00,37,1
2024-04-05 11:00:00,49,1
2024-04-05 11:00:00,70,1
2024-04-05 11:00:00,80,1
2024-04-05 11:00:00,91,1
2024-04-05 11:00:00,97,1
2024-04-05 11:00:00,122,1
2024-04-05 11:00:00,132,1
2024-04-05 11:00:00,137,1
2024-04-05 11:00:00,138,1
2024-04-05 11:00:00,152,1
2024-04-05 11:00:00,159,1
2024-04-05 11:00:00,164,1
2024-04-05 11:00:00,170,1
2024-04-05 11:00:00,177,1
2024-04-05 11:00:00,183,1
2024-04-05 11:00:00,200,1
2024-04-05 11:00:00,202,1
2024-04-05 11:00:00,238,1
2024-04-05 11:00:00,241,1
2024-04-05 11:00:00,260,1
2024-04-05 12:00:00,12,1
2024-04-05 12:00:00,13,2
2024-04-05 12:00:00,17,1
2024-04-05 12:00:00,28,1
2024-04-05 12:00:00,37,1
2024-04-05 12:00:00,56,1
2024-04-05 12:00:00,87,1
2024-04-05 12:00:00,89,1
2024-04-05 12:00:00,91,1
2024-04-05 12:00:00,119,1
2024-04-05 12:00:00,134,1
2024-04-05 12:00:00,148,1
2024-04-05 12:00:00,170,1
2024-04-05 12:00:00,181,1
2024-04-05 12:00:00,186,1
2024-04-05 12:00:00,188,1
2024-04-05 12:00:00,195,1
2024-04-05 12:00:00,201,1
2024-04-05 12:00:00,223,1
2024-04-05 12:00:00,225,1
2024-04-05 12:00:00,231,1
2024-04-05 13:00:00,19,1
2024-04-05 13:00:00,37,1
2024-04-05 13:00:00,54,1
2024-04-05 13:00:00,57,2
2024-04-05 13:00:00,66,1
2024-04-05 13:00:00,67,2
2024-04-05 13:00:00,72,1
2024-04-05 13:00:00,73,1
2024-04-05 13:00:00,87,1
2024-04-05 13:00:00,90,1
2024-04-05 13:00:00,91,1
2024-04-05 13:00:00,95,1
2024-04-05 13:00:00,113,1
2024-04-05 13:00:00,116,1
2024-04-05 13:00:00,122,1
2024-04-05 13:00:00,143,1
2024-04-05 13:00:00,147,1
2024-04-05 13:00:00,150,1
2024-04-05 13:00:00,161,1
2024-04-05 13:00:00,167,1
2024-04-05 13:00:00,194,1
2024-04-05 13:00:00,199,1
2024-04-05 13:00:00,203,1
2024-04-05 13:00:00,205,1
2024-04-05 13:00:00,207,1
2024-04-05 13:00:00,220,1
2024-04-05 13:00:00,225,2
2024-04-05 13:00:00,227,1
2024-04-05 13:00:00,228,1
2024-04-05 13:00:00,229,1
2024-04-05 13:00:00,231,1
2024-04-05 13:00:00,233,1
2024-04-05 13:00:00,241,1
2024-04-05 13:00:00,251,1
2024-04-05 13:00:00,260,1
2024-04-05 14:00:00,8,1
2024-04-05 14:00:00,11,1
2024-04-05 14:00:00,12,1
2024-04-05 14:00:00,14,1
2024-04-05 14:00:00,31,1
2024-04-05 14:00:00,35,1
2024-04-05 14:00:00,58,1
2024-04-05 14:00:00,65,1
2024-04-05 14:00:00,72,1
2024-04-05 14:00:00,74,1
2024-04-05 14:00:00,84,1
2024-04-05 14:00:00,87,1
2024-04-05 14:00:00,94,1
2024-04-05 14:00:00,97,2
2024-04-05 14:00:00,103,1
2024-04-05 14:00:00,110,1
2024-04-05 14:00:00,121,1
2024-04-05 14:00:00,122,1
2024-04-05 14:00:00,124,1
2024-04-05 14:00:00,136,1
2024-04-05 14:00:00,143,1
2024-04-05 14:00:00,145,1
2024-04-05 14:00:00,149,1
2024-04-05 14:00:00,157,1
2024-04-05 14:00:00,171,1
2024-04-05 14:00:00,174,1
2024-04-05 14:00:00,181,1
2024-04-05 14:00:00,189,1
2024-04-05 14:00:00,203,1
2024-04-05 14:00:00,204,1
2024-04-05 14:00:00,209,1
2024-04-05 14:00:00,224,1
2024-04-05 14:00:00,227,1
2024-04-05 14:00:00,234,1
2024-04-05 14:00:00,242,1
2024-04-05 14:00:00,253,1
2024-04-05 15:00:00,1,1
2024-04-05 15:00:00,15,1
2024-04-05 15:00:00,22,2
2024-04-05 15:00:00,24,1
2024-04-05 15:00:00,35,1
2024-04-05 15:00:00,43,2
2024-04-05 15:00:00,48,1
2024-04-05 15:00:00,50,1
2024-04-05 15:00:00,51,1
2024-04-05 15:00:00,55,1
2024-04-05 15:00:00,64,2
2024-04-05 15:00:00,71,1
2024-04-05 15:00:00,76,1
2024-04-05 15:00:00,102,1
2024-04-05 15:00:00,103,1
2024-04-05 15:00:00,104,1
2024-04-05 15:00:00,109,1
2024-04-05 15:00:00,117,1
2024-04-05 15:00:00,118,1
2024-04-05 15:00:00,121,2
2024-04-05 15:00:00,130,1
2024-04-05 15:00:00,132,1
2024-04-05 15:00:00,164,1
2024-04-05 15:00:00,210,1
2024-04-05 15:00:00,217,1
2024-04-05 15:00:00,241,1
2024-04-05 15:00:00,254,1
2024-04-05 16:00:00,21,1
2024-04-05 16:00:00,23,1
2024-04-05 16:00:00,26,1
2024-04-05 16:00:00,31,1
2024-04-05 16:00:00,33,1
2024-04-05 16:00:00,38,1
2024-04-05 16:00:00,43,1
2024-04-05 16:00:00,66,1
2024-04-05 16:00:00,75,1
2024-04-05 16:00:00,78,1
2024-04-05 16:00:00,80,1
2024-04-05 16:00:00,88,1
2024-04-05 16:00:00,89,1
2024-04-05 16:00:00,95,1
2024-04-05 16:00:00,112,1
2024-04-05 16:00:00,122,1
2024-04-05 16:00:00,124,1
2024-04-05 16:00:00,128,1
2024-04-05 16:00:00,140,1
2024-04-05 16:00:00,149,1
2024-04-05 16:00:00,164,1
2024-04-05 16:00:00,168,1
2024-04-05 16:00:00,187,1
2024-04-05 16:00:00,206,1
2024-04-05 16:00:00,208,1
2024-04-05 16:00:00,231,1
2024-04-05 16:00:00,243,1
2024-04-05 16:00:00,262,1
2024-04-05 17:00:00,2,1
2024-04-05 17:00:00,9,1
2024-04-05 17:00:00,12,1
2024-04-05 17:00:00,16,1
2024-04-05 17:00:00,20,1
2024-04-05 17:00:00,27,1
2024-04-05 17:00:00,31,1
2024-04-05 17:00:00,39,1
2024-04-05 17:00:00,43,1
2024-04-05 17:00:00,67,1
2024-04-05 17:00:00,92,1
2024-04-05 17:00:00,118,2
2024-04-05 17:00:00,122,1
2024-04-05 17:00:00,160,1
2024-04-05 17:00:00,183,1
2024-04-05 17:00:00,197,1
2024-04-05 17:00:00,215,1
2024-04-05 17:00:00,228,1
2024-04-05 17:00:00,230,1
2024-04-05 17:00:00,238,1
2024-04-05 17:00:00,243,1
2024-04-05 17:00:00,251,1
2024-04-05 18:00:00,12,1
2024-04-05 18:00:00,23,2
2024-04-05 18:00:00,57,1
2024-04-05 18:00:00,66,1
2024-04-05 18:00:00,82,1
2024-04-05 18:00:00,85,1
2024-04-05 18:00:00,142,1
2024-04-05 18:00:00,145,1
2024-04-05 18:00:00,153,1
2024-04-05 18:00:00,189,1
2024-04-05 18:00:00,192,1
2024-04-05 18:00:00,195,1
2024-04-05 18:00:00,203,1
2024-04-05 18:00:00,216,1
2024-04-05 19:00:00,15,1
2024-04-05 19:00:00,22,1
2024-04-05 19:00:00,34,2
2024-04-05 19:00:00,44,2
2024-04-05 19:00:00,52,1
2024-04-05 19:00:00,53,1
2024-04-05 19:00:00,57,1
2024-04-05 19:00:00,80,1
2024-04-05 19:00:00,81,1
2024-04-05 19:00:00,105,1
2024-04-05 19:00:00,106,1
2024-04-05 19:00:00,108,1
2024-04-05 19:00:00,110,2
2024-04-05 19:00:00,111,1
2024-04-05 19:00:00,122,1
2024-04-05 19:00:00,123,1
2024-04-05 19:00:00,124,1
2024-04-05 19:00:00,146,1
2024-04-05 19:00:00,156,1
2024-04-05 19:00:00,171,1
2024-04-05 19:00:00,173,1
2024-04-05 19:00:00,180,1
2024-04-05 19:00:00,181,1
2024-04-05 19:00:00,203,1
2024-04-05 19:00:00,215,1
2024-04-05 19:00:00,216,1
2024-04-05 19:00:00,222,1
2024-04-05 19:00:00,227,1
2024-04-05 19:00:00,234,1
2024-04-05 19:00:00,240,1
2024-04-05 19:00:00,243,1
2024-04-05 20:00:00,19,1
2024-04-05 20:00:00,30,1
2024-04-05 20:00:00,36,1
2024-04-05 20:00:00,46,1
2024-04-05 20:00:00,51,1
2024-04-05 20:00:00,57,1
2024-04-05 20:00:00,58,1
2024-04-05 20:00:00,60,1
2024-04-05 20:00:00,68,1
2024-04-05 20:00:00,73,1
2024-04-05 20:00:00,78,1
2024-04-05 20:00:00,81,1
2024-04-05 20:00:00,87,1
2024-04-05 20:00:00,105,1
2024-04-05 20:00:00,134,1
2024-04-05 20:00:00,170,1
2024-04-05 20:00:00,177,1
2024-04-05 20:00:00,192,1
2024-04-05 20:00:00,195,1
2024-04-05 20:00:00,202,1
2024-04-05 20:00:00,219,1
2024-04-05 20:00:00,226,1
2024-04-05 20:00:00,234,1
2024-04-05 20:00:00,247,1
2024-04-05 20:00:00,251,1
2024-04-05 21:00:00,4,1
2024-04-05 21:00:00,16,1
2024-04-05 21:00:00,21,1
2024-04-05 21:00:00,24,1
2024-04-05 21:00:00,27,1
2024-04-05 21:00:00,28,1
2024-04-05 21:00:00,35,1
2024-04-05 21:00:00,43,1
2024-04-05 21:00:00,45,1
2024-04-05 21:00:00,57,1
2024-04-05 21:00:00,60,1
2024-04-05 21:00:00,70,1
2024-04-05 21:00:00,78,1
2024-04-05 21:00:00,87,1
2024-04-05 21:00:00,121,1
2024-04-05 21:00:00,129,1
2024-04-05 21:00:00,135,1
2024-04-05 21:00:00,138,1
2024-04-05 21:00:00,146,1
2024-04-05 21:00:00,155,1
2024-04-05 21:00:00,163,1
2024-04-05 21:00:00,180,1
2024-04-05 21:00:00,182,1
2024-04-05 21:00:00,186,1
2024-04-05 21:00:00,198,2
2024-04-05 21:00:00,200,1
2024-04-05 21:00:00,202,1
2024-04-05 21:00:00,216,2
2024-04-05 21:00:00,240,1
2024-04-05 21:00:00,253,1
2024-04-05 22:00:00,9,1
2024-04-05 22:00:00,30,1
2024-04-05 22:00:00,55,1
2024-04-05 22:00:00,58,1
2024-04-05 22:00:00,63,1
2024-04-05 22:00:00,72,1
2024-04-05 22:00:00,89,1
2024-04-05 22:00:00,90,1
2024-04-05 22:00:00,106,1
2024-04-05 22:00:00,111,1
2024-04-05 22:00:00,148,1
2024-04-05 22:00:00,149,1
2024-04-05 22:00:00,159,1
2024-04-05 22:00:00,183,1
2024-04-05 22:00:00,204,1
2024-04-05 22:00:00,219,1
2024-04-05 22:00:00,220,1
2024-04-05 22:00:00,222,1
2024-04-05 22:00:00,239,1
2024-04-05 22:00:00,243,1
2024-04-05 22:00:00,257,1
2024-04-05 22:00:00,260,1
2024-04-05 23:00:00,23,1
2024-04-05 23:00:00,37,1
2024-04-05 23:00:00,40,1
2024-04-05 23:00:00,58,1
2024-04-05 23:00:00,59,1
2024-04-05 23:00:00,60,2
2024-04-05 23:00:00,74,1
2024-04-05 23:00:00,93,1
2024-04-05 23:00:00,100,1
2024-04-05 23:00:00,107,1
2024-04-05 23:00:00,121,1
2024-04-05 23:00:00,124,1
2024-04-05 23:00:00,139,1
2024-04-05 23:00:00,145,1
2024-04-05 23:00:00,149,1
2024-04-05 23:00:00,153,1
2024-04-05 23:00:00,155,1
2024-04-05 23:00:00,193,1
2024-04-05 23:00:00,198,1
2024-04-05 23:00:00,199,1
2024-04-05 23:00:00,201,1
2024-04-05 23:00:00,204,1
2024-04-05 23:00:00,207,2
2024-04-05 23:00:00,214,1
2024-04-05 23:00:00,219,1
2024-04-05 23:00:00,222,1
2024-04-05 23:00:00,223,1
2024-04-05 23:00:00,235,1
2024-04-05 23:00:00,239,1
2024-04-05 23:00:00,240,1
2024-04-05 23:00:00,241,1
2024-04-05 23:00:00,257,1
2024-04-05 23:00:00,260,1
2024-04-06 00:00:00,4,1
2024-04-06 00:00:00,6,1
2024-04-06 00:00:00,58,1
2024-04-06 00:00:00,74,1
2024-04-06 00:00:00,99,1
2024-04-06 00:00:00,101,1
2024-04-06 00:00:00,102,1
2024-04-06 00:00:00,112,1
2024-04-06 00:00:00,130,1
2024-04-06 00:00:00,133,2
2024-04-06 00:00:00,137,1
2024-04-06 00:00:00,139,1
2024-04-06 00:00:00,181,1
2024-04-06 00:00:00,195,2
2024-04-06 00:00:00,212,1
2024-04-06 00:00:00,231,1
2024-04-06 00:00:00,240,1
2024-04-06 00:00:00,242,1
2024-04-06 01:00:00,50,1
2024-04-06 01:00:00,78,1
2024-04-06 01:00:00,107,1
2024-04-06 01:00:00,108,1
2024-04-06 01:00:00,111,1
2024-04-06 01:00:00,113,2
2024-04-06 01:00:00,117,1
2024-04-06 01:00:00,120,1
2024-04-06 01:00:00,124,1
2024-04-06 01:00:00,150,1
2024-04-06 01:00:00,151,1
2024-04-06 01:00:00,156,1
2024-04-06 01:00:00,169,1
2024-04-06 01:00:00,179,1
2024-04-06 01:00:00,181,1
2024-04-06 01:00:00,182,1
2024-04-06 01:00:00,203,1
2024-04-06 01:00:00,221,1
2024-04-06 01:00:00,227,1
2024-04-06 01:00:00,230,1
2024-04-06 01:00:00,234,1
2024-04-06 01:00:00,238,1
2024-04-06 01:00:00,244,1
2024-04-06 01:00:00,257,1
2024-04-06 01:00:00,261,1
2024-04-06 02:00:00,4,1
2024-04-06 02:00:00,6,1
2024-04-06 02:00:00,17,1
2024-04-06 02:00:00,46,2
2024-04-06 02:00:00,63,1
2024-04-06 02:00:00,72,1
2024-04-06 02:00:00,79,1
2024-04-06 02:00:00,90,1
2024-04-06 02:00:00,106,1
2024-04-06 02:00:00,171,1
2024-04-06 02:00:00,184,1
2024-04-06 02:00:00,196,1
2024-04-06 02:00:00,201,1
2024-04-06 02:00:00,206,1
2024-04-06 02:00:00,225,1
2024-04-06 02:00:00,240,1
2024-04-06 02:00:00,243,1
2024-04-06 02:00:00,246,1
2024-04-06 02:00:00,254,1
2024-04-06 02:00:00,256,1
2024-04-06 03:00:00,3,1
2024-04-06 03:00:00,6,1
2024-04-06 03:00:00,7,1
2024-04-06 03:00:00,13,1
2024-04-06 03:00:00,14,1
2024-04-06 03:00:00,16,1
2024-04-06 03:00:00,17,1
2024-04-06 03:00:00,30,1
2024-04-06 03:00:00,40,2
2024-04-06 03:00:00,45,1
2024-04-06 03:00:00,53,1
2024-04-06 03:00:00,63,1
2024-04-06 03:00:00,76,1
2024-04-06 03:00:00,78,1
2024-04-06 03:00:00,86,1
2024-04-06 03:00:00,93,1
2024-04-06 03:00:00,94,2
2024-04-06 03:00:00,96,2
2024-04-06 03:00:00,98,1
2024-04-06 03:00:00,103,1
2024-04-06 03:00:00,119,2
2024-04-06 03:00:00,124,1
2024-04-06 03:00:00,142,1
2024-04-06 03:00:00,144,1
2024-04-06 03:00:00,152,1
2024-04-06 03:00:00,159,1
2024-04-06 03:00:00,176,1
2024-04-06 03:00:00,183,1
2024-04-06 03:00:00,208,1
2024-04-06 03:00:00,211,1
2024-04-06 03:00:00,219,1
2024-04-06 03:00:00,224,1
2024-04-06 03:00:00,230,1
2024-04-06 03:00:00,238,1
2024-04-06 03:00:00,239,1
2024-04-06 03:00:00,243,2
2024-04-06 03:00:00,248,1
2024-04-06 03:00:00,261,1
2024-04-06 04:00:00,5,1
2024-04-06 04:00:00,14,1
2024-04-06 04:00:00,44,1
2024-04-06 04:00:00,61,1
2024-04-06 04:00:00,62,1
2024-04-06 04:00:00,70,1
2024-04-06 04:00:00,72,1
2024-04-06 04:00:00,73,1
2024-04-06 04:00:00,74,1
2024-04-06 04:00:00,86,2
2024-04-06 04:00:00,115,1
2024-04-06 04:00:00,138,1
2024-04-06 04:00:00,139,1
2024-04-06 04:00:00,141,1
2024-04-06 04:00:00,158,1
2024-04-06 04:00:00,163,1
2024-04-06 04:00:00,168,1
2024-04-06 04:00:00,177,1
2024-04-06 04:00:00,189,2
2024-04-06 04:00:00,197,2
2024-04-06 04:00:00,203,1
2024-04-06 04:00:00,208,1
2024-04-06 04:00:00,209,1
2024-04-06 04:00:00,215,1
2024-04-06 04:00:00,224,1
2024-04-06 04:00:00,244,1
2024-04-06 04:00:00,249,1
2024-04-06 04:00:00,250,1
2024-04-06 04:00:00,256,1
2024-04-06 04:00:00,261,1
2024-04-06 05:00:00,3,1
2024-04-06 05:00:00,9,1
2024-04-06 05:00:00,12,1
2024-04-06 05:00:00,19,1
2024-04-06 05:00:00,30,1
2024-04-06 05:00:00,42,1
2024-04-06 05:00:00,50,1
2024-04-06 05:00:00,69,1
2024-04-06 05:00:00,96,1
2024-04-06 05:00:00,153,1
2024-04-06 05:00:00,166,1
2024-04-06 05:00:00,174,1
2024-04-06 05:00:00,175,1
2024-04-06 05:00:00,188,1
2024-04-06 05:00:00,203,1
2024-04-06 05:00:00,223,1
2024-04-06 05:00:00,230,1
2024-04-06 05:00:00,231,1
2024-04-06 05:00:00,239,1
2024-04-06 05:00:00,242,1
2024-04-06 05:00:00,255,1
2024-04-06 05:00:00,258,1
2024-04-06 06:00:00,9,1
2024-04-06 06:00:00,10,1
2024-04-06 06:00:00,13,1
2024-04-06 06:00:00,21,1
2024-04-06 06:00:00,31,1
2024-04-06 06:00:00,35,1
2024-04-06 06:00:00,40,1
2024-04-06 06:00:00,46,2
2024-04-06 06:00:00,47,1
2024-04-06 06:00:00,60,1
2024-04-06 06:00:00,67,2
2024-04-06 06:00:00,92,1
2024-04-06 06:00:00,98,1
2024-04-06 06:00:00,121,1
2024-04-06 06:00:00,126,1
2024-04-06 06:00:00,130,1
2024-04-06 06:00:00,132,1
2024-04-06 06:00:00,141,1
2024-04-06 06:00:00,144,1
2024-04-06 06:00:00,159,1
2024-04-06 06:00:00,165,1
2024-04-06 06:00:00,180,1
2024-04-06 06:00:00,183,1
2024-04-06 06:00:00,186,2
2024-04-06 06:00:00,187,1
2024-04-06 06:00:00,192,1
2024-04-06 06:00:00,234,1
2024-04-06 06:00:00,245,1
2024-04-06 07:00:00,17,1
2024-04-06 07:00:00,49,1
2024-04-06 07:00:00,58,1
2024-04-06 07:00:00,76,1
2024-04-06 07:00:00,106,1
2024-04-06 07:00:00,112,1
2024-04-06 07:00:00,116,1
2024-04-06 07:00:00,126,1
2024-04-06 07:00:00,134,1
2024-04-06 07:00:00,149,1
2024-04-06 07:00:00,153,1
2024-04-06 07:00:00,154,1
2024-04-06 07:00:00,171,1
2024-04-06 07:00:00,186,1
2024-04-06 07:00:00,203,1
2024-04-06 07:00:00,261,1
2024-04-06 08:00:00,14,1
2024-04-06 08:00:00,20,1
2024-04-06 08:00:00,63,1
2024-04-06 08:00:00,65,2
2024-04-06 08:00:00,70,1
2024-04-06 08:00:00,72,2
2024-04-06 08:00:00,75,1
2024-04-06 08:00:00,83,1
2024-04-06 08:00:00,87,1
2024-04-06 08:00:00,93,1
2024-04-06 08:00:00,120,1
2024-04-06 08:00:00,152,1
2024-04-06 08:00:00,163,1
2024-04-06 08:00:00,171,1
2024-04-06 08:00:00,186,1
2024-04-06 08:00:00,195,1
2024-04-06 08:00:00,196,1
2024-04-06 08:00:00,221,1
2024-04-06 08:00:00,222,1
2024-04-06 08:00:00,231,1
2024-04-06 08:00:00,243,1
2024-04-06 08:00:00,254,1
2024-04-06 08:00:00,256,1
2024-04-06 08:00:00,257,1
2024-04-06 09:00:00,17,1
2024-04-06 09:00:00,18,1
2024-04-06 09:00:00,19,1
2024-04-06 09:00:00,31,1
2024-04-06 09:00:00,41,1
2024-04-06 09:00:00,47,1
2024-04-06 09:00:00,52,1
2024-04-06 09:00:00,58,1
2024-04-06 09:00:00,68,1
2024-04-06 09:00:00,71,1
2024-04-06 09:00:00,94,1
2024-04-06 09:00:00,121,1
2024-04-06 09:00:00,139,1
2024-04-06 09:00:00,142,1
2024-04-06 09:00:00,145,1
2024-04-06 09:00:00,152,1
2024-04-06 09:00:00,160,1
2024-04-06 09:00:00,163,1
2024-04-06 09:00:00,181,1
2024-04-06 09:00:00,200,1
2024-04-06 09:00:00,202,1
2024-04-06 09:00:00,206,1
2024-04-06 09:00:00,209,1
2024-04-06 09:00:00,228,1
2024-04-06 09:00:00,233,2
2024-04-06 09:00:00,235,1
2024-04-06 09:00:00,238,1
2024-04-06 09:00:00,253,1
2024-04-06 09:00:00,257,1
2024-04-06 10:00:00,3,1
2024-04-06 10:00:00,10,1
2024-04-06 10:00:00,16,1
2024-04-06 10:00:00,26,1
2024-04-06 10:00:00,30,1
2024-04-06 10:00:00,64,1
2024-04-06 10:00:00,74,1
2024-04-06 10:00:00,78,1
2024-04-06 10:00:00,91,1
2024-04-06 10:00:00,92,1
2024-04-06 10:00:00,95,1
2024-04-06 10:00:00,116,1
2024-04-06 10:00:00,127,1
2024-04-06 10:00:00,142,1
2024-04-06 10:00:00,165,1
2024-04-06 10:00:00,170,1
2024-04-06 10:00:00,171,1
2024-04-06 10:00:00,173,1
2024-04-06 10:00:00,191,1
2024-04-06 10:00:00,199,1
2024-04-06 10:00:00,200,1
2024-04-06 10:00:00,202,1
2024-04-06 10:00:00,210,1
2024-04-06 10:00:00,223,1
2024-04-06 10:00:00,226,1
2024-04-06 10:00:00,228,1
2024-04-06 10:00:00,235,1
2024-04-06 10:00:00,248,1
2024-04-06 10:00:00,260,1
2024-04-06 11:00:00,2,1
2024-04-06 11:00:00,12,1
2024-04-06 11:00:00,13,1
2024-04-06 11:00:00,15,1
2024-04-06 11:00:00,28,1
2024-04-06 11:00:00,51,1
2024-04-06 11:00:00,52,1
2024-04-06 11:00:00,54,2
2024-04-06 11:00:00,87,1
2024-04-06 11:00:00,125,1
2024-04-06 11:00:00,126,1
2024-04-06 11:00:00,132,1
2024-04-06 11:00:00,138,1
2024-04-06 11:00:00,152,1
2024-04-06 11:00:00,169,1
2024-04-06 11:00:00,174,1
2024-04-06 11:00:00,176,1
2024-04-06 11:00:00,182,1
2024-04-06 11:00:00,183,1
2024-04-06 11:00:00,200,1
2024-04-06 11:00:00,214,1
2024-04-06 11:00:00,225,1
2024-04-06 11:00:00,229,1
2024-04-06 11:00:00,234,1
2024-04-06 12:00:00,4,1
2024-04-06 12:00:00,6,1
2024-04-06 12:00:00,36,1
2024-04-06 12:00:00,40,1
2024-04-06 12:00:00,46,1
2024-04-06 12:00:00,51,1
2024-04-06 12:00:00,56,1
2024-04-06 12:00:00,59,1
2024-04-06 12:00:00,60,1
2024-04-06 12:00:00,76,1
2024-04-06 12:00:00,108,1
2024-04-06 12:00:00,112,1
2024-04-06 12:00:00,116,1
2024-04-06 12:00:00,125,1
2024-04-06 12:00:00,126,1
2024-04-06 12:00:00,127,1
2024-04-06 12:00:00,132,1
2024-04-06 12:00:00,148,1
2024-04-06 12:00:00,154,1
2024-04-06 12:00:00,163,1
2024-04-06 12:00:00,165,1
2024-04-06 12:00:00,183,1
2024-04-06 12:00:00,191,1
2024-04-06 12:00:00,216,1
2024-04-06 12:00:00,231,1
2024-04-06 12:00:00,237,1
2024-04-06 12:00:00,246,1
2024-04-06 13:00:00,5,1
2024-04-06 13:00:00,17,1
2024-04-06 13:00:00,18,1
2024-04-06 13:00:00,23,1
2024-04-06 13:00:00,25,1
2024-04-06 13:00:00,39,1
2024-04-06 13:00:00,41,1
2024-04-06 13:00:00,48,1
2024-04-06 13:00:00,49,1
2024-04-06 13:00:00,52,1
2024-04-06 13:00:00,62,1
2024-04-06 13:00:00,63,1
2024-04-06 13:00:00,64,1
2024-04-06 13:00:00,67,1
2024-04-06 13:00:00,68,1
2024-04-06 13:00:00,72,1
2024-04-06 13:00:00,79,1
2024-04-06 13:00:00,90,1
2024-04-06 13:00:00,94,1
2024-04-06 13:00:00,104,1
2024-04-06 13:00:00,136,1
2024-04-06 13:00:00,138,1
2024-04-06 13:00:00,140,1
2024-04-06 13:00:00,144,1
2024-04-06 13:00:00,145,2
2024-04-06 13:00:00,172,2
2024-04-06 13:00:00,192,1
2024-04-06 13:00:00,205,1
2024-04-06 13:00:00,207,1
2024-04-06 13:00:00,221,2
2024-04-06 13:00:00,239,1
2024-04-06 13:00:00,260,1
2024-04-06 14:00:00,12,1
2024-04-06 14:00:00,44,1
2024-04-06 14:00:00,51,1
2024-04-06 14:00:00,52,1
2024-04-06 14:00:00,58,1
2024-04-06 14:00:00,62,1
2024-04-06 14:00:00,66,1
2024-04-06 14:00:00,70,1
2024-04-06 14:00:00,72,1
2024-04-06 14:00:00,75,1
2024-04-06 14:00:00,78,1
2024-04-06 14:00:00,82,1
2024-04-06 14:00:00,88,1
2024-04-06 14:00:00,96,1
2024-04-06 14:00:00,110,1
2024-04-06 14:00:00,124,1
2024-04-06 14:00:00,139,1
2024-04-06 14:00:00,143,1
2024-04-06 14:00:00,147,1
2024-04-06 14:00:00,149,1
2024-04-06 14:00:00,155,1
2024-04-06 14:00:00,157,1
2024-04-06 14:00:00,186,1
2024-04-06 14:00:00,189,2
2024-04-06 14:00:00,193,1
2024-04-06 14:00:00,199,1
2024-04-06 14:00:00,202,1
2024-04-06 14:00:00,203,1
2024-04-06 14:00:00,206,1
2024-04-06 14:00:00,211,1
2024-04-06 14:00:00,216,1
2024-04-06 14:00:00,224,1
2024-04-06 14:00:00,225,1
2024-04-06 14:00:00,241,1
2024-04-06 14:00:00,248,1
2024-04-06 14:00:00,260,1
2024-04-06 15:00:00,17,1
2024-04-06 15:00:00,34,1
2024-04-06 15:00:00,68,1
2024-04-06 15:00:00,77,1
2024-04-06 15:00:00,84,1
2024-04-06 15:00:00,95,1
2024-04-06 15:00:00,96,1
2024-04-06 15:00:00,100,1
2024-04-06 15:00:00,111,1
2024-04-06 15:00:00,150,1
2024-04-06 15:00:00,154,1
2024-04-06 15:00:00,166,1
2024-04-06 15:00:00,168,1
2024-04-06 15:00:00,188,1
2024-04-06 15:00:00,194,1
2024-04-06 15:00:00,203,1
2024-04-06 15:00:00,206,1
2024-04-06 15:00:00,216,2
2024-04-06 15:00:00,226,1
2024-04-06 15:00:00,227,1
2024-04-06 15:00:00,229,1
2024-04-06 15:00:00,249,1
2024-04-06 15:00:00,250,1
2024-04-06 16:00:00,1,1
2024-04-06 16:00:00,7,1
2024-04-06 16:00:00,19,1
2024-04-06 16:00:00,20,1
2024-04-06 16:00:00,21,1
2024-04-06 16:00:00,25,1
2024-04-06 16:00:00,28,1
2024-04-06 16:00:00,34,1
2024-04-06 16:00:00,36,1
2024-04-06 16:00:00,40,1
2024-04-06 16:00:00,61,1
2024-04-06 16:00:00,65,1
2024-04-06 16:00:00,70,1
2024-04-06 16:00:00,89,1
2024-04-06 16:00:00,117,1
2024-04-06 16:00:00,132,1
2024-04-06 16:00:00,141,1
2024-04-06 16:00:00,161,1
2024-04-06 16:00:00,180,1
2024-04-06 16:00:00,185,1
2024-04-06 16:00:00,187,1
2024-04-06 16:00:00,195,1
2024-04-06 16:00:00,204,1
2024-04-06 16:00:00,207,1
2024-04-06 16:00:00,219,1
2024-04-06 16:00:00,220,2
2024-04-06 16:00:00,256,1
2024-04-06 17:00:00,4,1
2024-04-06 17:00:00,21,1
2024-04-06 17:00:00,29,1
2024-04-06 17:00:00,41,1
2024-04-06 17:00:00,42,1
2024-04-06 17:00:00,59,1
2024-04-06 17:00:00,66,1
2024-04-06 17:00:00,71,1
2024-04-06 17:00:00,72,1
2024-04-06 17:00:00,76,1
2024-04-06 17:00:00,110,1
2024-04-06 17:00:00,115,2
2024-04-06 17:00:00,129,1
2024-04-06 17:00:00,133,1
2024-04-06 17:00:00,136,1
2024-04-06 17:00:00,138,1
2024-04-06 17:00:00,140,1
2024-04-06 17:00:00,143,1
2024-04-06 17:00:00,147,1
2024-04-06 17:00:00,149,1
2024-04-06 17:00:00,159,1
2024-04-06 17:00:00,170,1
2024-04-06 17:00:00,179,1
2024-04-06 17:00:00,181,1
2024-04-06 17:00:00,194,1
2024-04-06 17:00:00,207,2
2024-04-06 17:00:00,226,1
2024-04-06 17:00:00,229,1
2024-04-06 17:00:00,241,1
2024-04-06 17:00:00,242,1
2024-04-06 17:00:00,244,1
2024-04-06 17:00:00,245,1
2024-04-06 17:00:00,257,1
2024-04-06 17:00:00,263,1
2024-04-06 18:00:00,4,1
2024-04-06 18:00:00,16,1
2024-04-06 18:00:00,37,1
2024-04-06 18:00:00,51,1
2024-04-06 18:00:00,52,1
2024-04-06 18:00:00,64,1
2024-04-06 18:00:00,65,1
2024-04-06 18:00:00,73,1
2024-04-06 18:00:00,84,1
2024-04-06 18:00:00,102,1
2024-04-06 18:00:00,116,1
2024-04-06 18:00:00,121,1
2024-04-06 18:00:00,123,1
2024-04-06 18:00:00,124,1
2024-04-06 18:00:00,125,1
2024-04-06 18:00:00,128,1
2024-04-06 18:00:00,131,1
2024-04-06 18:00:00,132,1
2024-04-06 18:00:00,134,1
2024-04-06 18:00:00,140,1
2024-04-06 18:00:00,141,1
2024-04-06 18:00:00,170,1
2024-04-06 18:00:00,173,1
2024-04-06 18:00:00,218,1
2024-04-06 18:00:00,251,1
2024-04-06 18:00:00,253,1
2024-04-06 19:00:00,23,1
2024-04-06 19:00:00,38,1
2024-04-06 19:00:00,58,1
2024-04-06 19:00:00,64,1
2024-04-06 19:00:00,68,1
2024-04-06 19:00:00,73,1
2024-04-06 19:00:00,83,1
2024-04-06 19:00:00,95,1
2024-04-06 19:00:00,114,1
2024-04-06 19:00:00,117,1
2024-04-06 19:00:00,123,1
2024-04-06 19:00:00,127,1
2024-04-06 19:00:00,140,1
2024-04-06 19:00:00,149,1
2024-04-06 19:00:00,167,1
2024-04-06 19:00:00,170,1
2024-04-06 19:00:00,197,1
2024-04-06 19:00:00,212,1
2024-04-06 19:00:00,221,1
2024-04-06 19:00:00,247,1
2024-04-06 19:00:00,256,1
2024-04-06 19:00:00,258,1
2024-04-06 20:00:00,5,1
2024-04-06 20:00:00,20,1
2024-04-06 20:00:00,21,1
2024-04-06 20:00:00,22,1
2024-04-06 20:00:00,41,1
2024-04-06 20:00:00,58,1
2024-04-06 20:00:00,62,1
2024-04-06 20:00:00,80,2
2024-04-06 20:00:00,81,1
2024-04-06 20:00:00,86,1
2024-04-06 20:00:00,101,1
2024-04-06 20:00:00,120,1
2024-04-06 20:00:00,135,1
2024-04-06 20:00:00,138,1
2024-04-06 20:00:00,149,2
2024-04-06 20:00:00,158,1
2024-04-06 20:00:00,166,1
2024-04-06 20:00:00,184,1
2024-04-06 20:00:00,206,1
2024-04-06 20:00:00,216,1
2024-04-06 20:00:00,248,1
2024-04-06 20:00:00,260,1
2024-04-06 21:00:00,13,1
2024-04-06 21:00:00,20,1
2024-04-06 21:00:00,27,1
2024-04-06 21:00:00,37,1
2024-04-06 21:00:00,38,1
2024-04-06 21:00:00,43,2
2024-04-06 21:00:00,55,1
2024-04-06 21:00:00,58,1
2024-04-06 21:00:00,59,1
2024-04-06 21:00:00,76,1
2024-04-06 21:00:00,78,1
2024-04-06 21:00:00,98,2
2024-04-06 21:00:00,106,1
2024-04-06 21:00:00,132,1
2024-04-06 21:00:00,137,1
2024-04-06 21:00:00,139,1
2024-04-06 21:00:00,141,1
2024-04-06 21:00:00,158,1
2024-04-06 21:00:00,182,1
2024-04-06 21:00:00,200,1
2024-04-06 21:00:00,207,1
2024-04-06 21:00:00,218,1
2024-04-06 21:00:00,226,1
2024-04-06 21:00:00,253,1
2024-04-06 21:00:00,258,1
2024-04-06 21:00:00,261,1
2024-04-06 22:00:00,4,1
2024-04-06 22:00:00,18,1
2024-04-06 22:00:00,27,1
2024-04-06 22:00:00,28,1
2024-04-06 22:00:00,34,1
2024-04-06 22:00:00,36,1
2024-04-06 22:00:00,58,1
2024-04-06 22:00:00,76,1
2024-04-06 22:00:00,80,1
2024-04-06 22:00:00,88,2
2024-04-06 22:00:00,89,1
2024-04-06 22:00:00,90,1
2024-04-06 22:00:00,94,1
2024-04-06 22:00:00,97,1
2024-04-06 22:00:00,111,1
2024-04-06 22:00:00,139,1
2024-04-06 22:00:00,145,1
2024-04-06 22:00:00,163,1
2024-04-06 22:00:00,171,1
2024-04-06 22:00:00,194,1
2024-04-06 22:00:00,197,1
2024-04-06 22:00:00,198,1
2024-04-06 22:00:00,218,1
2024-04-06 22:00:00,228,1
2024-04-06 22:00:00,262,1
2024-04-06 23:00:00,4,1
2024-04-06 23:00:00,15,1
2024-04-06 23:00:00,23,1
2024-04-06 23:00:00,27,1
2024-04-06 23:00:00,51,1
2024-04-06 23:00:00,96,1
2024-04-06 23:00:00,101,1
2024-04-06 23:00:00,124,1
2024-04-06 23:00:00,127,1
2024-04-06 23:00:00,128,2
2024-04-06 23:00:00,158,1
2024-04-06 23:00:00,167,2
2024-04-06 23:00:00,175,1
2024-04-06 23:00:00,181,1
2024-04-06 23:00:00,188,1
2024-04-06 23:00:00,189,1
2024-04-06 23:00:00,190,1
2024-04-06 23:00:00,210,1
2024-04-06 23:00:00,211,1
2024-04-06 23:00:00,223,1
2024-04-06 23:00:00,226,1
2024-04-06 23:00:00,247,1
2024-04-06 23:00:00,257,1
2024-04-07 00:00:00,1,1
2024-04-07 00:00:00,23,1
2024-04-07 00:00:00,36,1
2024-04-07 00:00:00,40,1
2024-04-07 00:00:00,46,2
2024-04-07 00:00:00,48,1
2024-04-07 00:00:00,53,1
2024-04-07 00:00:00,75,2
2024-04-07 00:00:00,82,1
2024-04-07 00:00:00,84,1
2024-04-07 00:00:00,91,1
2024-04-07 00:00:00,102,1
2024-04-07 00:00:00,106,1
2024-04-07 00:00:00,120,1
2024-04-07 00:00:00,125,1
2024-04-07 00:00:00,126,1
2024-04-07 00:00:00,155,1
2024-04-07 00:00:00,159,1
2024-04-07 00:00:00,167,1
2024-04-07 00:00:00,182,1
2024-04-07 00:00:00,184,1
2024-04-07 00:00:00,185,1
2024-04-07 00:00:00,186,1
2024-04-07 00:00:00,190,1
2024-04-07 00:00:00,192,1
2024-04-07 00:00:00,198,1
2024-04-07 00:00:00,234,1
2024-04-07 00:00:00,252,1
2024-04-07 00:00:00,257,1
2024-04-07 01:00:00,18,1
2024-04-07 01:00:00,30,1
2024-04-07 01:00:00,31,1
2024-04-07 01:00:00,44,1
2024-04-07 01:00:00,58,1
2024-04-07 01:00:00,64,1
2024-04-07 01:00:00,69,1
2024-04-07 01:00:00,71,1
2024-04-07 01:00:00,73,1
2024-04-07 01:00:00,76,1
2024-04-07 01:00:00,97,1
2024-04-07 01:00:00,98,1
2024-04-07 01:00:00,105,1
2024-04-07 01:00:00,109,1
2024-04-07 01:00:00,114,1
2024-04-07 01:00:00,125,1
2024-04-07 01:00:00,126,1
2024-04-07 01:00:00,135,1
2024-04-07 01:00:00,137,2
2024-04-07 01:00:00,154,1
2024-04-07 01:00:00,158,1
2024-04-07 01:00:00,172,1
2024-04-07 01:00:00,174,1
2024-04-07 01:00:00,192,1
2024-04-07 01:00:00,197,1
2024-04-07 01:00:00,207,1
2024-04-07 01:00:00,214,1
2024-04-07 01:00:00,215,1
2024-04-07 01:00:00,218,1
2024-04-07 01:00:00,219,2
2024-04-07 01:00:00,226,1
2024-04-07 01:00:00,234,1
2024-04-07 01:00:00,247,1
2024-04-07 01:00:00,257,1
2024-04-07 02:00:00,2,1
2024-04-07 02:00:00,3,1
2024-04-07 02:00:00,7,1
2024-04-07 02:00:00,25,1
2024-04-07 02:00:00,29,1
2024-04-07 02:00:00,38,1
2024-04-07 02:00:00,51,1
2024-04-07 02:00:00,77,2
2024-04-07 02:00:00,81,1
2024-04-07 02:00:00,82,1
2024-04-07 02:00:00,84,1
2024-04-07 02:00:00,85,1
2024-04-07 02:00:00,87,1
2024-04-07 02:00:00,100,1
2024-04-07 02:00:00,132,1
2024-04-07 02:00:00,146,1
2024-04-07 02:00:00,148,1
2024-04-07 02:00:00,150,1
2024-04-07 02:00:00,152,1
2024-04-07 02:00:00,153,1
2024-04-07 02:00:00,162,1
2024-04-07 02:00:00,188,1
2024-04-07 02:00:00,191,1
2024-04-07 02:00:00,196,1
2024-04-07 02:00:00,205,1
2024-04-07 02:00:00,224,1
2024-04-07 02:00:00,257,1
2024-04-07 03:00:00,5,2
2024-04-07 03:00:00,11,1
2024-04-07 03:00:00,14,1
2024-04-07 03:00:00,31,1
2024-04-07 03:00:00,42,1
2024-04-07 03:00:00,48,1
2024-04-07 03:00:00,50,1
2024-04-07 03:00:00,61,1
2024-04-07 03:00:00,67,1
2024-04-07 03:00:00,71,1
2024-04-07 03:00:00,75,1
2024-04-07 03:00:00,90,1
2024-04-07 03:00:00,115,1
2024-04-07 03:00:00,132,1
2024-04-07 03:00:00,137,1
2024-04-07 03:00:00,144,1
2024-04-07 03:00:00,151,1
2024-04-07 03:00:00,158,2
2024-04-07 03:00:00,159,1
2024-04-07 03:00:00,162,1
2024-04-07 03:00:00,183,1
2024-04-07 03:00:00,185,1
2024-04-07 03:00:00,189,1
2024-04-07 03:00:00,190,1
2024-04-07 03:00:00,212,1
2024-04-07 03:00:00,221,1
2024-04-07 03:00:00,222,1
2024-04-07 03:00:00,238,1
2024-04-07 03:00:00,249,1
2024-04-07 03:00:00,251,1
2024-04-07 04:00:00,3,1
2024-04-07 04:00:00,10,2
2024-04-07 04:00:00,11,1
2024-04-07 04:00:00,25,1
2024-04-07 04:00:00,38,1
2024-04-07 04:00:00,44,1
2024-04-07 04:00:00,74,2
2024-04-07 04:00:00,75,1
2024-04-07 04:00:00,78,1
2024-04-07 04:00:00,93,1
2024-04-07 04:00:00,104,1
2024-04-07 04:00:00,106,1
2024-04-07 04:00:00,108,1
2024-04-07 04:00:00,111,1
2024-04-07 04:00:00,114,1
2024-04-07 04:00:00,134,1
2024-04-07 04:00:00,154,1
2024-04-07 04:00:00,158,1
2024-04-07 04:00:00,180,1
2024-04-07 04:00:00,184,1
2024-04-07 04:00:00,188,1
2024-04-07 04:00:00,226,1
2024-04-07 04:00:00,227,1
2024-04-07 04:00:00,228,1
2024-04-07 04:00:00,246,1
2024-04-07 04:00:00,261,1
2024-04-07 05:00:00,5,1
2024-04-07 05:00:00,16,1
2024-04-07 05:00:00,42,1
2024-04-07 05:00:00,44,1
2024-04-07 05:00:00,80,1
2024-04-07 05:00:00,82,1
2024-04-07 05:00:00,94,1
2024-04-07 05:00:00,110,2
2024-04-07 05:00:00,150,1
2024-04-07 05:00:00,151,2
2024-04-07 05:00:00,171,1
2024-04-07 05:00:00,175,1
2024-04-07 05:00:00,182,1
2024-04-07 05:00:00,187,1
2024-04-07 05:00:00,216,2
2024-04-07 05:00:00,228,1
2024-04-07 05:00:00,233,1
2024-04-07 05:00:00,236,1
2024-04-07 05:00:00,250,1
2024-04-07 05:00:00,260,1
2024-04-07 06:00:00,2,1
2024-04-07 06:00:00,7,1
2024-04-07 06:00:00,16,1
2024-04-07 06:00:00,30,1
2024-04-07 06:00:00,35,1
2024-04-07 06:00:00,49,1
2024-04-07 06:00:00,63,1
2024-04-07 06:00:00,80,1
2024-04-07 06:00:00,84,1
2024-04-07 06:00:00,91,1
2024-04-07 06:00:00,106,1
2024-04-07 06:00:00,108,1
2024-04-07 06:00:00,120,1
2024-04-07 06:00:00,129,1
2024-04-07 06:00:00,134,1
2024-04-07 06:00:00,139,1
2024-04-07 06:00:00,149,1
2024-04-07 06:00:00,151,1
2024-04-07 06:00:00,152,1
2024-04-07 06:00:00,170,1
2024-04-07 06:00:00,180,1
2024-04-07 06:00:00,197,1
2024-04-07 06:00:00,209,1
2024-04-07 06:00:00,233,1
2024-04-07 06:00:00,235,1
2024-04-07 06:00:00,236,1
2024-04-07 06:00:00,237,1
2024-04-07 06:00:00,245,2
2024-04-07 07:00:00,12,1
2024-04-07 07:00:00,18,1
2024-04-07 07:00:00,29,1
2024-04-07 07:00:00,30,1
2024-04-07 07:00:00,32,1
2024-04-07 07:00:00,37,1
2024-04-07 07:00:00,42,1
2024-04-07 07:00:00,48,1
2024-04-07 07:00:00,54,1
2024-04-07 07:00:00,55,1
2024-04-07 07:00:00,57,1
2024-04-07 07:00:00,59,1
2024-04-07 07:00:00,60,1
2024-04-07 07:00:00,79,1
2024-04-07 07:00:00,85,1
2024-04-07 07:00:00,89,1
2024-04-07 07:00:00,93,1
2024-04-07 07:00:00,103,3
2024-04-07 07:00:00,114,1
2024-04-07 07:00:00,115,1
2024-04-07 07:00:00,124,1
2024-04-07 07:00:00,130,2
2024-04-07 07:00:00,136,1
2024-04-07 07:00:00,144,1
2024-04-07 07:00:00,154,1
2024-04-07 07:00:00,170,1
2024-04-07 07:00:00,183,2
2024-04-07 07:00:00,191,1
2024-04-07 07:00:00,194,1
2024-04-07 07:00:00,196,1
2024-04-07 07:00:00,207,1
2024-04-07 07:00:00,248,1
2024-04-07 07:00:00,249,1
2024-04-07 08:00:00,7,1
2024-04-07 08:00:00,10,1
2024-04-07 08:00:00,16,2
2024-04-07 08:00:00,18,1
2024-04-07 08:00:00,25,1
2024-04-07 08:00:00,31,1
2024-04-07 08:00:00,42,1
2024-04-07 08:00:00,43,1
2024-04-07 08:00:00,49,1
2024-04-07 08:00:00,63,1
2024-04-07 08:00:00,76,1
2024-04-07 08:00:00,96,1
2024-04-07 08:00:00,149,1
2024-04-07 08:00:00,156,1
2024-04-07 08:00:00,159,1
2024-04-07 08:00:00,166,1
2024-04-07 08:00:00,168,1
2024-04-07 08:00:00,174,1
2024-04-07 08:00:00,176,1
2024-04-07 08:00:00,184,1
2024-04-07 08:00:00,186,1
2024-04-07 08:00:00,187,1
2024-04-07 08:00:00,191,1
2024-04-07 08:00:00,194,1
2024-04-07 08:00:00,205,2
2024-04-07 08:00:00,217,1
2024-04-07 08:00:00,222,1
2024-04-07 08:00:00,245,1
2024-04-07 08:00:00,258,1
2024-04-07 08:00:00,263,1
2024-04-07 09:00:00,6,1
2024-04-07 09:00:00,10,1
2024-04-07 09:00:00,28,1
2024-04-07 09:00:00,29,1
2024-04-07 09:00:00,31,1
2024-04-07 09:00:00,42,1
2024-04-07 09:00:00,52,1
2024-04-07 09:00:00,57,1
2024-04-07 09:00:00,60,1
2024-04-07 09:00:00,68,1
2024-04-07 09:00:00,69,1
2024-04-07 09:00:00,86,1
2024-04-07 09:00:00,120,1
2024-04-07 09:00:00,131,1
2024-04-07 09:00:00,139,1
2024-04-07 09:00:00,166,1
2024-04-07 09:00:00,172,1
2024-04-07 09:00:00,173,1
2024-04-07 09:00:00,176,1
2024-04-07 09:00:00,202,1
2024-04-07 09:00:00,211,1
2024-04-07 09:00:00,238,1
2024-04-07 09:00:00,249,1
2024-04-07 09:00:00,251,1
2024-04-07 09:00:00,252,1
2024-04-07 09:00:00,260,1
2024-04-07 09:00:00,261,1
2024-04-07 10:00:00,9,1
2024-04-07 10:00:00,11,1
2024-04-07 10:00:00,22,1
2024-04-07 10:00:00,38,1
2024-04-07 10:00:00,45,1
2024-04-07 10:00:00,93,1
2024-04-07 10:00:00,97,1
2024-04-07 10:00:00,107,1
2024-04-07 10:00:00,109,1
2024-04-07 10:00:00,110,1
2024-04-07 10:00:00,143,1
2024-04-07 10:00:00,159,1
2024-04-07 10:00:00,165,2
2024-04-07 10:00:00,167,1
2024-04-07 10:00:00,181,1
2024-04-07 10:00:00,183,1
2024-04-07 10:00:00,193,1
2024-04-07 10:00:00,211,2
2024-04-07 10:00:00,254,1
2024-04-07 10:00:00,257,1
2024-04-07 10:00:00,258,1
2024-04-07 11:00:00,6,1
2024-04-07 11:00:00,8,1
2024-04-07 11:00:00,10,1
2024-04-07 11:00:00,19,2
2024-04-07 11:00:00,23,1
2024-04-07 11:00:00,29,1
2024-04-07 11:00:00,37,1
2024-04-07 11:00:00,43,1
2024-04-07 11:00:00,50,1
2024-04-07 11:00:00,53,1
2024-04-07 11:00:00,57,1
2024-04-07 11:00:00,58,1
2024-04-07 11:00:00,80,1
2024-04-07 11:00:00,83,1
2024-04-07 11:00:00,92,1
2024-04-07 11:00:00,96,1
2024-04-07 11:00:00,101,1
2024-04-07 11:00:00,109,1
2024-04-07 11:00:00,112,1
2024-04-07 11:00:00,117,1
2024-04-07 11:00:00,130,1
2024-04-07 11:00:00,137,2
2024-04-07 11:00:00,139,1
2024-04-07 11:00:00,144,1
2024-04-07 11:00:00,146,1
2024-04-07 11:00:00,160,1
2024-04-07 11:00:00,169,1
2024-04-07 11:00:00,171,2
2024-04-07 11:00:00,178,1
2024-04-07 11:00:00,184,1
2024-04-07 11:00:00,197,1
2024-04-07 11:00:00,213,1
2024-04-07 11:00:00,248,1
2024-04-07 11:00:00,259,1
2024-04-07 12:00:00,11,1
2024-04-07 12:00:00,22,1
2024-04-07 12:00:00,24,1
2024-04-07 12:00:00,27,1
2024-04-07 12:00:00,29,1
2024-04-07 12:00:00,43,1
2024-04-07 12:00:00,59,1
2024-04-07 12:00:00,68,1
2024-04-07 12:00:00,97,1
2024-04-07 12:00:00,102,1
2024-04-07 12:00:00,145,1
2024-04-07 12:00:00,166,1
2024-04-07 12:00:00,167,1
2024-04-07 12:00:00,185,1
2024-04-07 12:00:00,196,1
2024-04-07 12:00:00,208,1
2024-04-07 12:00:00,215,1
2024-04-07 12:00:00,218,1
2024-04-07 12:00:00,221,2
2024-04-07 12:00:00,223,1
2024-04-07 12:00:00,239,1
2024-04-07 13:00:00,23,1
2024-04-07 13:00:00,24,1
2024-04-07 13:00:00,34,1
2024-04-07 13:00:00,36,1
2024-04-07 13:00:00,90,1
2024-04-07 13:00:00,115,1
2024-04-07 13:00:00,139,1
2024-04-07 13:00:00,146,1
2024-04-07 13:00:00,155,1
2024-04-07 13:00:00,166,1
2024-04-07 13:00:00,169,1
2024-04-07 13:00:00,176,1
2024-04-07 13:00:00,185,1
2024-04-07 13:00:00,188,1
2024-04-07 13:00:00,211,1
2024-04-07 13:00:00,232,1
2024-04-07 13:00:00,237,1
2024-04-07 13:00:00,240,1
2024-04-07 13:00:00,242,1
2024-04-07 13:00:00,255,1
2024-04-07 14:00:00,3,1
2024-04-07 14:00:00,14,1
2024-04-07 14:00:00,29,1
2024-04-07 14:00:00,31,1
2024-04-07 14:00:00,53,1
2024-04-07 14:00:00,64,1
2024-04-07 14:00:00,67,1
2024-04-07 14:00:00,76,2
2024-04-07 14:00:00,86,1
2024-04-07 14:00:00,91,1
2024-04-07 14:00:00,104,1
2024-04-07 14:00:00,121,1
2024-04-07 14:00:00,149,1
2024-04-07 14:00:00,185,1
2024-04-07 14:00:00,193,1
2024-04-07 14:00:00,233,1
2024-04-07 14:00:00,237,1
2024-04-07 14:00:00,239,1
2024-04-07 14:00:00,247,1
2024-04-07 14:00:00,249,1
2024-04-07 15:00:00,1,1
2024-04-07 15:00:00,7,1
2024-04-07 15:00:00,8,1
2024-04-07 15:00:00,11,1
2024-04-07 15:00:00,21,1
2024-04-07 15:00:00,29,1
2024-04-07 15:00:00,31,1
2024-04-07 15:00:00,57,1
2024-04-07 15:00:00,66,2
2024-04-07 15:00:00,76,1
2024-04-07 15:00:00,89,1
2024-04-07 15:00:00,99,1
2024-04-07 15:00:00,106,1
2024-04-07 15:00:00,119,1
2024-04-07 15:00:00,130,1
2024-04-07 15:00:00,136,1
2024-04-07 15:00:00,141,1
2024-04-07 15:00:00,162,1
2024-04-07 15:00:00,194,1
2024-04-07 15:00:00,218,1
2024-04-07 15:00:00,219,1
2024-04-07 15:00:00,235,1
2024-04-07 15:00:00,247,1
2024-04-07 15:00:00,251,1
2024-04-07 15:00:00,252,1
2024-04-07 15:00:00,255,1
2024-04-07 15:00:00,262,1
2024-04-07 16:00:00,4,1
2024-04-07 16:00:00,22,1
2024-04-07 16:00:00,26,1
2024-04-07 16:00:00,32,1
2024-04-07 16:00:00,46,1
2024-04-07 16:00:00,67,1
2024-04-07 16:00:00,91,1
2024-04-07 16:00:00,102,1
2024-04-07 16:00:00,118,1
2024-04-07 16:00:00,126,1
2024-04-07 16:00:00,138,1
2024-04-07 16:00:00,146,1
2024-04-07 16:00:00,152,1
2024-04-07 16:00:00,166,1
2024-04-07 16:00:00,173,1
2024-04-07 16:00:00,179,1
2024-04-07 16:00:00,187,1
2024-04-07 16:00:00,190,1
2024-04-07 16:00:00,192,1
2024-04-07 16:00:00,222,1
2024-04-07 16:00:00,235,1
2024-04-07 16:00:00,247,1
2024-04-07 16:00:00,257,1
2024-04-07 17:00:00,1,1
2024-04-07 17:00:00,24,1
2024-04-07 17:00:00,26,1
2024-04-07 17:00:00,29,1
2024-04-07 17:00:00,33,1
2024-04-07 17:00:00,58,1
2024-04-07 17:00:00,61,1
2024-04-07 17:00:00,66,1
2024-04-07 17:00:00,88,1
2024-04-07 17:00:00,95,1
2024-04-07 17:00:00,98,1
2024-04-07 17:00:00,112,1
2024-04-07 17:00:00,137,1
2024-04-07 17:00:00,139,1
2024-04-07 17:00:00,151,1
2024-04-07 17:00:00,154,1
2024-04-07 17:00:00,162,1
2024-04-07 17:00:00,189,2
2024-04-07 17:00:00,196,1
2024-04-07 17:00:00,200,1
2024-04-07 17:00:00,205,1
2024-04-07 17:00:00,206,1
2024-04-07 17:00:00,230,1
2024-04-07 17:00:00,234,1
2024-04-07 17:00:00,253,1
2024-04-07 18:00:00,6,1
2024-04-07 18:00:00,12,1
2024-04-07 18:00:00,18,1
2024-04-07 18:00:00,20,1
2024-04-07 18:00:00,28,1
2024-04-07 18:00:00,75,1
2024-04-07 18:00:00,78,1
2024-04-07 18:00:00,81,1
2024-04-07 18:00:00,94,1
2024-04-07 18:00:00,99,1
2024-04-07 18:00:00,104,1
2024-04-07 18:00:00,120,1
2024-04-07 18:00:00,139,1
2024-04-07 18:00:00,141,1
2024-04-07 18:00:00,146,2
2024-04-07 18:00:00,174,1
2024-04-07 18:00:00,177,1
2024-04-07 18:00:00,212,1
2024-04-07 18:00:00,222,1
2024-04-07 18:00:00,251,2
2024-04-07 19:00:00,11,1
2024-04-07 19:00:00,12,1
2024-04-07 19:00:00,13,1
2024-04-07 19:00:00,35,1
2024-04-07 19:00:00,51,2
2024-04-07 19:00:00,54,1
2024-04-07 19:00:00,66,1
2024-04-07 19:00:00,94,1
2024-04-07 19:00:00,97,1
2024-04-07 19:00:00,108,1
2024-04-07 19:00:00,118,2
2024-04-07 19:00:00,120,1
2024-04-07 19:00:00,132,1
2024-04-07 19:00:00,135,1
2024-04-07 19:00:00,145,1
2024-04-07 19:00:00,156,1
2024-04-07 19:00:00,160,1
2024-04-07 19:00:00,162,1
2024-04-07 19:00:00,191,2
2024-04-07 19:00:00,204,1
2024-04-07 19:00:00,208,1
2024-04-07 19:00:00,214,1
2024-04-07 19:00:00,224,1
2024-04-07 19:00:00,228,1
2024-04-07 19:00:00,232,1
2024-04-07 19:00:00,255,1
2024-04-07 19:00:00,262,1
2024-04-07 20:00:00,10,1
2024-04-07 20:00:00,30,1
2024-04-07 20:00:00,31,1
2024-04-07 20:00:00,32,1
2024-04-07 20:00:00,60,1
2024-04-07 20:00:00,83,1
2024-04-07 20:00:00,84,1
2024-04-07 20:00:00,88,1
2024-04-07 20:00:00,92,1
2024-04-07 20:00:00,102,1
2024-04-07 20:00:00,104,1
2024-04-07 20:00:00,107,1
2024-04-07 20:00:00,115,1
2024-04-07 20:00:00,128,1
2024-04-07 20:00:00,158,1
2024-04-07 20:00:00,160,1
2024-04-07 20:00:00,167,1
2024-04-07 20:00:00,169,1
2024-04-07 20:00:00,191,1
2024-04-07 20:00:00,222,1
2024-04-07 20:00:00,224,1
2024-04-07 20:00:00,226,1
2024-04-07 20:00:00,252,1
2024-04-07 20:00:00,259,1
2024-04-07 21:00:00,3,1
2024-04-07 21:00:00,8,1
2024-04-07 21:00:00,9,1
2024-04-07 21:00:00,17,1
2024-04-07 21:00:00,24,1
2024-04-07 21:00:00,26,1
2024-04-07 21:00:00,37,1
2024-04-07 21:00:00,51,1
2024-04-07 21:00:00,52,1
2024-04-07 21:00:00,67,1
2024-04-07 21:00:00,82,1
2024-04-07 21:00:00,83,1
2024-04-07 21:00:00,86,1
2024-04-07 21:00:00,96,1
2024-04-07 21:00:00,104,1
2024-04-07 21:00:00,121,1
2024-04-07 21:00:00,122,1
2024-04-07 21:00:00,129,1
2024-04-07 21:00:00,140,1
2024-04-07 21:00:00,156,1
2024-04-07 21:00:00,162,1
2024-04-07 21:00:00,166,1
2024-04-07 21:00:00,186,1
2024-04-07 21:00:00,188,1
2024-04-07 21:00:00,209,1
2024-04-07 21:00:00,218,1
2024-04-07 21:00:00,235,1
2024-04-07 21:00:00,239,1
2024-04-07 21:00:00,262,1
2024-04-07 22:00:00,6,1
2024-04-07 22:00:00,26,2
2024-04-07 22:00:00,30,1
2024-04-07 22:00:00,40,1
2024-04-07 22:00:00,42,1
2024-04-07 22:00:00,57,1
2024-04-07 22:00:00,64,1
2024-04-07 22:00:00,65,1
2024-04-07 22:00:00,101,1
2024-04-07 22:00:00,130,1
2024-04-07 22:00:00,133,1
2024-04-07 22:00:00,143,1
2024-04-07 22:00:00,148,1
2024-04-07 22:00:00,162,1
2024-04-07 22:00:00,191,1
2024-04-07 22:00:00,193,1
2024-04-07 22:00:00,212,1
2024-04-07 22:00:00,213,1
2024-04-07 22:00:00,215,2
2024-04-07 22:00:00,233,2
2024-04-07 23:00:00,8,1
2024-04-07 23:00:00,30,1
2024-04-07 23:00:00,42,1
2024-04-07 23:00:00,52,1
2024-04-07 23:00:00,59,1
2024-04-07 23:00:00,65,1
2024-04-07 23:00:00,77,1
2024-04-07 23:00:00,81,2
2024-04-07 23:00:00,83,1
2024-04-07 23:00:00,86,1
2024-04-07 23:00:00,89,1
2024-04-07 23:00:00,101,1
2024-04-07 23:00:00,110,1
2024-04-07 23:00:00,156,1
2024-04-07 23:00:00,167,1
2024-04-07 23:00:00,179,1
2024-04-07 23:00:00,190,1
2024-04-07 23:00:00,195,1
2024-04-07 23:00:00,210,1
2024-04-07 23:00:00,227,1
2024-04-07 23:00:00,232,1
2024-04-07 23:00:00,240,1
2024-04-07 23:00:00,244,1
2024-04-08 00:00:00,5,1
2024-04-08 00:00:00,20,1
2024-04-08 00:00:00,21,1
2024-04-08 00:00:00,28,1
2024-04-08 00:00:00,47,1
2024-04-08 00:00:00,71,1
2024-04-08 00:00:00,79,2
2024-04-08 00:00:00,92,1
2024-04-08 00:00:00,93,1
2024-04-08 00:00:00,97,1
2024-04-08 00:00:00,102,1
2024-04-08 00:00:00,103,1
2024-04-08 00:00:00,130,1
2024-04-08 00:00:00,145,1
2024-04-08 00:00:00,176,1
2024-04-08 00:00:00,180,1
2024-04-08 00:00:00,183,1
2024-04-08 00:00:00,185,1
2024-04-08 00:00:00,197,1
2024-04-08 00:00:00,199,1
2024-04-08 00:00:00,200,1
2024-04-08 00:00:00,208,1
2024-04-08 00:00:00,211,1
2024-04-08 00:00:00,241,1
2024-04-08 00:00:00,258,1
2024-04-08 01:00:00,25,1
2024-04-08 01:00:00,29,1
2024-04-08 01:00:00,30,1
2024-04-08 01:00:00,32,1
2024-04-08 01:00:00,43,1
2024-04-08 01:00:00,79,1
2024-04-08 01:00:00,99,4
2024-04-08 01:00:00,105,1
2024-04-08 01:00:00,114,1
2024-04-08 01:00:00,123,1
2024-04-08 01:00:00,127,1
2024-04-08 01:00:00,131,1
2024-04-08 01:00:00,142,1
2024-04-08 01:00:00,152,1
2024-04-08 01:00:00,153,1
2024-04-08 01:00:00,155,1
2024-04-08 01:00:00,159,1
2024-04-08 01:00:00,167,1
2024-04-08 01:00:00,191,1
2024-04-08 01:00:00,208,1
2024-04-08 01:00:00,219,1
2024-04-08 01:00:00,225,1
2024-04-08 01:00:00,233,1
2024-04-08 01:00:00,236,1
2024-04-08 01:00:00,237,1
2024-04-08 01:00:00,259,1
2024-04-08 01:00:00,262,1
2024-04-08 01:00:00,263,1
2024-04-08 02:00:00,5,1
2024-04-08 02:00:00,27,1
2024-04-08 02:00:00,55,1
2024-04-08 02:00:00,60,1
2024-04-08 02:00:00,63,1
2024-04-08 02:00:00,81,2
2024-04-08 02:00:00,82,1
2024-04-08 02:00:00,85,1
2024-04-08 02:00:00,88,1
2024-04-08 02:00:00,89,1
2024-04-08 02:00:00,94,1
2024-04-08 02:00:00,103,1
2024-04-08 02:00:00,142,1
2024-04-08 02:00:00,168,1
2024-04-08 02:00:00,169,1
2024-04-08 02:00:00,174,1
2024-04-08 02:00:00,206,1
2024-04-08 02:00:00,208,1
2024-04-08 02:00:00,216,1
2024-04-08 02:00:00,228,1
2024-04-08 02:00:00,241,1
2024-04-08 02:00:00,246,1
2024-04-08 02:00:00,251,1
2024-04-08 03:00:00,5,2
2024-04-08 03:00:00,6,2
2024-04-08 03:00:00,12,1
2024-04-08 03:00:00,22,1
2024-04-08 03:00:00,38,1
2024-04-08 03:00:00,42,1
2024-04-08 03:00:00,43,1
2024-04-08 03:00:00,49,1
2024-04-08 03:00:00,56,1
2024-04-08 03:00:00,59,1
2024-04-08 03:00:00,65,1
2024-04-08 03:00:00,80,1
2024-04-08 03:00:00,86,1
2024-04-08 03:00:00,88,1
2024-04-08 03:00:00,101,1
2024-04-08 03:00:00,104,1
2024-04-08 03:00:00,124,1
2024-04-08 03:00:00,151,1
2024-04-08 03:00:00,152,1
2024-04-08 03:00:00,156,1
2024-04-08 03:00:00,158,1
2024-04-08 03:00:00,161,1
2024-04-08 03:00:00,165,1
2024-04-08 03:00:00,178,1
2024-04-08 03:00:00,185,1
2024-04-08 03:00:00,190,1
2024-04-08 03:00:00,202,1
2024-04-08 03:00:00,204,1
2024-04-08 03:00:00,217,1
2024-04-08 03:00:00,218,1
2024-04-08 03:00:00,224,1
2024-04-08 03:00:00,228,1
2024-04-08 03:00:00,231,1
2024-04-08 03:00:00,234,1
2024-04-08 03:00:00,243,1
2024-04-08 03:00:00,251,1
2024-04-08 03:00:00,259,1
2024-04-08 03:00:00,262,1
2024-04-08 04:00:00,4,1
2024-04-08 04:00:00,17,1
2024-04-08 04:00:00,30,1
2024-04-08 04:00:00,36,1
2024-04-08 04:00:00,44,1
2024-04-08 04:00:00,92,1
2024-04-08 04:00:00,95,1
2024-04-08 04:00:00,103,1
2024-04-08 04:00:00,138,1
2024-04-08 04:00:00,145,1
2024-04-08 04:00:00,158,1
2024-04-08 04:00:00,178,1
2024-04-08 04:00:00,194,1
2024-04-08 04:00:00,204,1
2024-04-08 04:00:00,213,1
2024-04-08 04:00:00,215,1
2024-04-08 04:00:00,230,1
2024-04-08 04:00:00,240,1
2024-04-08 04:00:00,241,1
2024-04-08 05:00:00,21,2
2024-04-08 05:00:00,42,1
2024-04-08 05:00:00,52,1
2024-04-08 05:00:00,53,2
2024-04-08 05:00:00,54,1
2024-04-08 05:00:00,58,1
2024-04-08 05:00:00,68,1
2024-04-08 05:00:00,74,1
2024-04-08 05:00:00,78,1
2024-04-08 05:00:00,105,1
2024-04-08 05:00:00,112,1
2024-04-08 05:00:00,121,1
2024-04-08 05:00:00,129,1
2024-04-08 05:00:00,141,1
2024-04-08 05:00:00,143,1
2024-04-08 05:00:00,146,1
2024-04-08 05:00:00,159,1
2024-04-08 05:00:00,175,1
2024-04-08 05:00:00,181,1
2024-04-08 05:00:00,184,1
2024-04-08 05:00:00,187,1
2024-04-08 05:00:00,197,1
2024-04-08 05:00:00,201,1
2024-04-08 05:00:00,206,1
2024-04-08 05:00:00,215,1
2024-04-08 05:00:00,224,1
2024-04-08 05:00:00,226,1
2024-04-08 05:00:00,227,1
2024-04-08 05:00:00,239,1
2024-04-08 05:00:00,246,1
2024-04-08 05:00:00,255,1
2024-04-08 05:00:00,258,1
2024-04-08 06:00:00,7,1
2024-04-08 06:00:00,8,1
2024-04-08 06:00:00,19,1
2024-04-08 06:00:00,22,1
2024-04-08 06:00:00,24,1
2024-04-08 06:00:00,35,1
2024-04-08 06:00:00,48,1
2024-04-08 06:00:00,55,1
2024-04-08 06:00:00,67,1
2024-04-08 06:00:00,74,1
2024-04-08 06:00:00,79,1
2024-04-08 06:00:00,98,1
2024-04-08 06:00:00,114,1
2024-04-08 06:00:00,115,1
2024-04-08 06:00:00,146,1
2024-04-08 06:00:00,150,1
2024-04-08 06:00:00,153,1
2024-04-08 06:00:00,177,1
2024-04-08 06:00:00,184,1
2024-04-08 06:00:00,190,1
2024-04-08 06:00:00,194,1
2024-04-08 06:00:00,195,1
2024-04-08 06:00:00,200,1
2024-04-08 06:00:00,203,1
2024-04-08 06:00:00,210,1
2024-04-08 06:00:00,217,1
2024-04-08 06:00:00,226,1
2024-04-08 06:00:00,233,1
2024-04-08 06:00:00,244,1
2024-04-08 06:00:00,245,2
2024-04-08 06:00:00,251,1
2024-04-08 06:00:00,254,1
2024-04-08 06:00:00,260,1
2024-04-08 07:00:00,17,1
2024-04-08 07:00:00,32,1
2024-04-08 07:00:00,44,1
2024-04-08 07:00:00,55,1
2024-04-08 07:00:00,58,1
2024-04-08 07:00:00,59,1
2024-04-08 07:00:00,72,1
2024-04-08 07:00:00,73,1
2024-04-08 07:00:00,83,1
2024-04-08 07:00:00,121,1
2024-04-08 07:00:00,130,1
2024-04-08 07:00:00,131,1
2024-04-08 07:00:00,160,1
2024-04-08 07:00:00,186,1
2024-04-08 07:00:00,198,1
2024-04-08 07:00:00,217,1
2024-04-08 07:00:00,229,1
2024-04-08 07:00:00,231,1
2024-04-08 07:00:00,236,1
2024-04-08 07:00:00,256,1
2024-04-08 07:00:00,257,1
2024-04-08 08:00:00,5,1
2024-04-08 08:00:00,11,1
2024-04-08 08:00:00,12,1
2024-04-08 08:00:00,36,1
2024-04-08 08:00:00,50,1
2024-04-08 08:00:00,56,1
2024-04-08 08:00:00,57,1
2024-04-08 08:00:00,68,1
2024-04-08 08:00:00,70,1
2024-04-08 08:00:00,92,1
2024-04-08 08:00:00,98,1
2024-04-08 08:00:00,108,1
2024-04-08 08:00:00,116,1
2024-04-08 08:00:00,148,2
2024-04-08 08:00:00,154,1
2024-04-08 08:00:00,176,1
2024-04-08 08:00:00,194,1
2024-04-08 08:00:00,203,2
2024-04-08 08:00:00,207,1
2024-04-08 08:00:00,222,1
2024-04-08 08:00:00,237,1
2024-04-08 08:00:00,244,1
2024-04-08 08:00:00,247,1
2024-04-08 08:00:00,253,1
2024-04-08 08:00:00,260,1
2024-04-08 09:00:00,9,1
2024-04-08 09:00:00,18,1
2024-04-08 09:00:00,26,1
2024-04-08 09:00:00,44,1
2024-04-08 09:00:00,52,1
2024-04-08 09:00:00,54,1
2024-04-08 09:00:00,55,3
2024-04-08 09:00:00,56,1
2024-04-08 09:00:00,57,1
2024-04-08 09:00:00,62,1
2024-04-08 09:00:00,72,1
2024-04-08 09:00:00,85,1
2024-04-08 09:00:00,92,1
2024-04-08 09:00:00,99,1
2024-04-08 09:00:00,101,1
2024-04-08 09:00:00,104,1
2024-04-08 09:00:00,109,1
2024-04-08 09:00:00,125,1
2024-04-08 09:00:00,129,1
2024-04-08 09:00:00,143,1
2024-04-08 09:00:00,146,1
2024-04-08 09:00:00,150,1
2024-04-08 09:00:00,154,1
2024-04-08 09:00:00,178,1
2024-04-08 09:00:00,182,1
2024-04-08 09:00:00,193,1
2024-04-08 09:00:00,200,1
2024-04-08 09:00:00,208,1
2024-04-08 09:00:00,214,1
2024-04-08 09:00:00,239,2
2024-04-08 09:00:00,253,1
2024-04-08 10:00:00,3,1
2024-04-08 10:00:00,6,1
2024-04-08 10:00:00,23,1
2024-04-08 10:00:00,28,2
2024-04-08 10:00:00,40,1
2024-04-08 10:00:00,57,1
2024-04-08 10:00:00,73,1
2024-04-08 10:00:00,74,1
2024-04-08 10:00:00,79,1
2024-04-08 10:00:00,88,1
2024-04-08 10:00:00,98,1
2024-04-08 10:00:00,109,1
2024-04-08 10:00:00,113,2
2024-04-08 10:00:00,117,1
2024-04-08 10:00:00,126,1
2024-04-08 10:00:00,128,1
2024-04-08 10:00:00,142,1
2024-04-08 10:00:00,148,1
2024-04-08 10:00:00,154,1
2024-04-08 10:00:00,165,1
2024-04-08 10:00:00,168,1
2024-04-08 10:00:00,171,1
2024-04-08 10:00:00,181,1
2024-04-08 10:00:00,183,1
2024-04-08 10:00:00,206,1
2024-04-08 10:00:00,214,1
2024-04-08 10:00:00,221,1
2024-04-08 10:00:00,231,1
2024-04-08 10:00:00,237,1
2024-04-08 10:00:00,247,1
2024-04-08 10:00:00,248,1
2024-04-08 10:00:00,252,1
2024-04-08 11:00:00,2,1
2024-04-08 11:00:00,9,1
2024-04-08 11:00:00,11,1
2024-04-08 11:00:00,12,1
2024-04-08 11:00:00,13,2
2024-04-08 11:00:00,16,1
2024-04-08 11:00:00,26,1
2024-04-08 11:00:00,29,1
2024-04-08 11:00:00,41,1
2024-04-08 11:00:00,50,1
2024-04-08 11:00:00,58,1
2024-04-08 11:00:00,87,1
2024-04-08 11:00:00,95,1
2024-04-08 11:00:00,112,1
2024-04-08 11:00:00,122,1
2024-04-08 11:00:00,137,1
2024-04-08 11:00:00,142,1
2024-04-08 11:00:00,146,1
2024-04-08 11:00:00,160,2
2024-04-08 11:00:00,162,1
2024-04-08 11:00:00,163,1
2024-04-08 11:00:00,164,1
2024-04-08 11:00:00,177,1
2024-04-08 11:00:00,178,1
2024-04-08 11:00:00,186,1
2024-04-08 11:00:00,199,1
2024-04-08 11:00:00,202,1
2024-04-08 11:00:00,211,1
2024-04-08 11:00:00,219,1
2024-04-08 11:00:00,221,1
2024-04-08 11:00:00,245,1
2024-04-08 11:00:00,257,1
2024-04-08 12:00:00,6,1
2024-04-08 12:00:00,23,1
2024-04-08 12:00:00,38,1
2024-04-08 12:00:00,39,1
2024-04-08 12:00:00,43,1
2024-04-08 12:00:00,53,1
2024-04-08 12:00:00,58,1
2024-04-08 12:00:00,75,1
2024-04-08 12:00:00,86,1
2024-04-08 12:00:00,88,1
2024-04-08 12:00:00,90,1
2024-04-08 12:00:00,122,1
2024-04-08 12:00:00,148,1
2024-04-08 12:00:00,151,1
2024-04-08 12:00:00,167,2
2024-04-08 12:00:00,219,1
2024-04-08 12:00:00,226,1
2024-04-08 12:00:00,242,1
2024-04-08 12:00:00,252,2
2024-04-08 13:00:00,2,1
2024-04-08 13:00:00,16,1
2024-04-08 13:00:00,24,1
2024-04-08 13:00:00,33,1
2024-04-08 13:00:00,40,1
2024-04-08 13:00:00,42,1
2024-04-08 13:00:00,44,1
2024-04-08 13:00:00,47,1
2024-04-08 13:00:00,67,1
2024-04-08 13:00:00,75,1
2024-04-08 13:00:00,102,1
2024-04-08 13:00:00,103,1
2024-04-08 13:00:00,106,1
2024-04-08 13:00:00,123,1
2024-04-08 13:00:00,125,1
2024-04-08 13:00:00,136,1
2024-04-08 13:00:00,165,1
2024-04-08 13:00:00,195,1
2024-04-08 13:00:00,197,1
2024-04-08 13:00:00,199,1
2024-04-08 13:00:00,220,2
2024-04-08 13:00:00,229,1
2024-04-08 13:00:00,230,1
2024-04-08 13:00:00,237,1
2024-04-08 13:00:00,243,1
2024-04-08 13:00:00,247,1
2024-04-08 13:00:00,248,1
2024-04-08 13:00:00,254,1
2024-04-08 13:00:00,257,1
2024-04-08 14:00:00,4,1
2024-04-08 14:00:00,22,1
2024-04-08 14:00:00,44,1
2024-04-08 14:00:00,45,1
2024-04-08 14:00:00,64,1
2024-04-08 14:00:00,92,1
2024-04-08 14:00:00,99,1
2024-04-08 14:00:00,106,1
2024-04-08 14:00:00,113,1
2024-04-08 14:00:00,119,1
2024-04-08 14:00:00,122,1
2024-04-08 14:00:00,128,1
2024-04-08 14:00:00,132,1
2024-04-08 14:00:00,142,1
2024-04-08 14:00:00,144,1
2024-04-08 14:00:00,146,1
2024-04-08 14:00:00,160,1
2024-04-08 14:00:00,194,1
2024-04-08 14:00:00,207,1
2024-04-08 14:00:00,219,1
2024-04-08 14:00:00,234,1
2024-04-08 14:00:00,244,1
2024-04-08 14:00:00,246,1
2024-04-08 14:00:00,247,1
2024-04-08 14:00:00,261,1
2024-04-08 14:00:00,263,1
2024-04-08 15:00:00,6,1
2024-04-08 15:00:00,20,1
2024-04-08 15:00:00,35,1
2024-04-08 15:00:00,39,1
2024-04-08 15:00:00,42,1
2024-04-08 15:00:00,47,1
2024-04-08 15:00:00,52,1
2024-04-08 15:00:00,56,1
2024-04-08 15:00:00,61,1
2024-04-08 15:00:00,89,1
2024-04-08 15:00:00,90,1
2024-04-08 15:00:00,98,1
2024-04-08 15:00:00,111,2
2024-04-08 15:00:00,120,1
2024-04-08 15:00:00,127,1
2024-04-08 15:00:00,151,1
2024-04-08 15:00:00,168,1
2024-04-08 15:00:00,172,1
2024-04-08 15:00:00,173,1
2024-04-08 15:00:00,176,1
2024-04-08 15:00:00,212,1
2024-04-08 15:00:00,218,1
2024-04-08 15:00:00,234,1
2024-04-08 15:00:00,243,1
2024-04-08 15:00:00,247,1
2024-04-08 15:00:00,256,1
2024-04-08 15:00:00,260,1
2024-04-08 16:00:00,8,1
2024-04-08 16:00:00,15,1
2024-04-08 16:00:00,16,1
2024-04-08 16:00:00,27,1
2024-04-08 16:00:00,29,1
2024-04-08 16:00:00,40,1
2024-04-08 16:00:00,46,1
2024-04-08 16:00:00,47,1
2024-04-08 16:00:00,60,1
2024-04-08 16:00:00,86,1
2024-04-08 16:00:00,100,2
2024-04-08 16:00:00,101,1
2024-04-08 16:00:00,109,1
2024-04-08 16:00:00,113,1
2024-04-08 16:00:00,145,1
2024-04-08 16:00:00,146,1
2024-04-08 16:00:00,157,1
2024-04-08 16:00:00,158,1
2024-04-08 16:00:00,170,1
2024-04-08 16:00:00,190,1
2024-04-08 16:00:00,211,2
2024-04-08 16:00:00,215,1
2024-04-08 16:00:00,225,1
2024-04-08 16:00:00,235,1
2024-04-08 16:00:00,253,1
2024-04-08 16:00:00,259,1
2024-04-08 16:00:00,260,1
2024-04-08 17:00:00,1,1
2024-04-08 17:00:00,16,2
2024-04-08 17:00:00,18,1
2024-04-08 17:00:00,27,1
2024-04-08 17:00:00,30,1
2024-04-08 17:00:00,47,1
2024-04-08 17:00:00,58,1
2024-04-08 17:00:00,59,1
2024-04-08 17:00:00,66,1
2024-04-08 17:00:00,70,1
2024-04-08 17:00:00,78,1
2024-04-08 17:00:00,82,1
2024-04-08 17:00:00,109,2
2024-04-08 17:00:00,116,1
2024-04-08 17:00:00,118,1
2024-04-08 17:00:00,127,1
2024-04-08 17:00:00,130,1
2024-04-08 17:00:00,141,1
2024-04-08 17:00:00,160,1
2024-04-08 17:00:00,169,1
2024-04-08 17:00:00,173,1
2024-04-08 17:00:00,179,1
2024-04-08 17:00:00,180,1
2024-04-08 17:00:00,195,1
2024-04-08 17:00:00,196,1
2024-04-08 17:00:00,201,1
2024-04-08 17:00:00,209,1
2024-04-08 17:00:00,255,1
2024-04-08 18:00:00,2,1
2024-04-08 18:00:00,11,1
2024-04-08 18:00:00,32,1
2024-04-08 18:00:00,40,1
2024-04-08 18:00:00,55,1
2024-04-08 18:00:00,60,1
2024-04-08 18:00:00,62,1
2024-04-08 18:00:00,73,1
2024-04-08 18:00:00,77,1
2024-04-08 18:00:00,79,1
2024-04-08 18:00:00,80,1
2024-04-08 18:00:00,87,1
2024-04-08 18:00:00,103,1
2024-04-08 18:00:00,118,1
2024-04-08 18:00:00,158,1
2024-04-08 18:00:00,189,1
2024-04-08 18:00:00,207,1
2024-04-08 18:00:00,230,1
2024-04-08 18:00:00,246,1
2024-04-08 18:00:00,249,1
2024-04-08 18:00:00,251,1
2024-04-08 18:00:00,253,1
2024-04-08 19:00:00,2,1
2024-04-08 19:00:00,4,1
2024-04-08 19:00:00,31,1
2024-04-08 19:00:00,38,1
2024-04-08 19:00:00,46,1
2024-04-08 19:00:00,52,1
2024-04-08 19:00:00,54,1
2024-04-08 19:00:00,58,1
2024-04-08 19:00:00,68,1
2024-04-08 19:00:00,69,1
2024-04-08 19:00:00,83,1
2024-04-08 19:00:00,85,1
2024-04-08 19:00:00,100,1
2024-04-08 19:00:00,108,1
2024-04-08 19:00:00,109,1
2024-04-08 19:00:00,126,1
2024-04-08 19:00:00,137,1
2024-04-08 19:00:00,156,1
2024-04-08 19:00:00,164,1
2024-04-08 19:00:00,169,1
2024-04-08 19:00:00,175,1
2024-04-08 19:00:00,207,1
2024-04-08 19:00:00,234,1
2024-04-08 19:00:00,236,1
2024-04-08 19:00:00,240,1
2024-04-08 19:00:00,250,1
2024-04-08 19:00:00,252,1
2024-04-08 20:00:00,6,1
2024-04-08 20:00:00,41,1
2024-04-08 20:00:00,50,1
2024-04-08 20:00:00,56,1
2024-04-08 20:00:00,75,1
2024-04-08 20:00:00,78,1
2024-04-08 20:00:00,109,1
2024-04-08 20:00:00,112,1
2024-04-08 20:00:00,116,1
2024-04-08 20:00:00,123,1
2024-04-08 20:00:00,137,1
2024-04-08 20:00:00,141,1
2024-04-08 20:00:00,146,1
2024-04-08 20:00:00,156,1
2024-04-08 20:00:00,160,1
2024-04-08 20:00:00,168,1
2024-04-08 20:00:00,177,1
2024-04-08 20:00:00,182,1
2024-04-08 20:00:00,189,1
2024-04-08 20:00:00,199,1
2024-04-08 20:00:00,207,1
2024-04-08 20:00:00,222,1
2024-04-08 20:00:00,228,1
2024-04-08 20:00:00,229,1
2024-04-08 20:00:00,233,1
2024-04-08 20:00:00,252,1
2024-04-08 20:00:00,257,1
2024-04-08 20:00:00,263,1
2024-04-08 21:00:00,19,1
2024-04-08 21:00:00,32,2
2024-04-08 21:00:00,47,1
2024-04-08 21:00:00,48,1
2024-04-08 21:00:00,71,1
2024-04-08 21:00:00,79,1
2024-04-08 21:00:00,92,1
2024-04-08 21:00:00,99,1
2024-04-08 21:00:00,100,1
2024-04-08 21:00:00,106,1
2024-04-08 21:00:00,127,1
2024-04-08 21:00:00,128,1
2024-04-08 21:00:00,144,1
2024-04-08 21:00:00,147,1
2024-04-08 21:00:00,153,1
2024-04-08 21:00:00,172,2
2024-04-08 21:00:00,173,1
2024-04-08 21:00:00,179,1
2024-04-08 21:00:00,185,1
2024-04-08 21:00:00,187,1
2024-04-08 21:00:00,215,1
2024-04-08 21:00:00,225,1
2024-04-08 21:00:00,226,1
2024-04-08 21:00:00,232,1
2024-04-08 21:00:00,240,1
2024-04-08 21:00:00,247,1
2024-04-08 21:00:00,256,1
2024-04-08 21:00:00,262,1
2024-04-08 22:00:00,7,1
2024-04-08 22:00:00,10,1
2024-04-08 22:00:00,16,1
2024-04-08 22:00:00,27,1
2024-04-08 22:00:00,36,1
2024-04-08 22:00:00,42,1
2024-04-08 22:00:00,52,1
2024-04-08 22:00:00,80,1
2024-04-08 22:00:00,91,1
2024-04-08 22:00:00,93,1
2024-04-08 22:00:00,97,1
2024-04-08 22:00:00,103,1
2024-04-08 22:00:00,116,1
2024-04-08 22:00:00,117,1
2024-04-08 22:00:00,123,1
2024-04-08 22:00:00,137,1
2024-04-08 22:00:00,152,1
2024-04-08 22:00:00,156,1
2024-04-08 22:00:00,158,1
2024-04-08 22:00:00,163,1
2024-04-08 22:00:00,196,2
2024-04-08 22:00:00,198,1
2024-04-08 22:00:00,199,1
2024-04-08 22:00:00,205,1
2024-04-08 22:00:00,211,1
2024-04-08 22:00:00,226,1
2024-04-08 22:00:00,229,1
2024-04-08 22:00:00,235,1
2024-04-08 22:00:00,244,1
2024-04-08 22:00:00,246,1
2024-04-08 22:00:00,259,1
2024-04-08 23:00:00,18,1
2024-04-08 23:00:00,23,1
2024-04-08 23:00:00,29,1
2024-04-08 23:00:00,49,1
2024-04-08 23:00:00,55,1
2024-04-08 23:00:00,57,1
2024-04-08 23:00:00,61,1
2024-04-08 23:00:00,69,1
2024-04-08 23:00:00,74,1
2024-04-08 23:00:00,83,1
2024-04-08 23:00:00,98,1
2024-04-08 23:00:00,102,1
2024-04-08 23:00:00,107,1
2024-04-08 23:00:00,109,1
2024-04-08 23:00:00,116,1
2024-04-08 23:00:00,118,1
2024-04-08 23:00:00,121,1
2024-04-08 23:00:00,122,1
2024-04-08 23:00:00,150,1
2024-04-08 23:00:00,151,1
2024-04-08 23:00:00,153,2
2024-04-08 23:00:00,166,1
2024-04-08 23:00:00,167,1
2024-04-08 23:00:00,172,1
2024-04-08 23:00:00,184,1
2024-04-08 23:00:00,185,1
2024-04-08 23:00:00,188,1
2024-04-08 23:00:00,203,1
2024-04-08 23:00:00,210,1
2024-04-08 23:00:00,211,2
2024-04-08 23:00:00,234,1
2024-04-08 23:00:00,238,1
2024-04-09 00:00:00,6,1
2024-04-09 00:00:00,8,1
2024-04-09 00:00:00,9,1
2024-04-09 00:00:00,16,1
2024-04-09 00:00:00,19,1
2024-04-09 00:00:00,25,1
2024-04-09 00:00:00,38,1
2024-04-09 00:00:00,45,1
2024-04-09 00:00:00,46,1
2024-04-09 00:00:00,61,1
2024-04-09 00:00:00,64,1
2024-04-09 00:00:00,83,2
2024-04-09 00:00:00,85,2
2024-04-09 00:00:00,94,1
2024-04-09 00:00:00,117,1
2024-04-09 00:00:00,144,1
2024-04-09 00:00:00,159,1
2024-04-09 00:00:00,165,1
2024-04-09 00:00:00,170,1
2024-04-09 00:00:00,178,1
2024-04-09 00:00:00,185,1
2024-04-09 00:00:00,194,1
2024-04-09 00:00:00,216,1
2024-04-09 00:00:00,230,1
2024-04-09 00:00:00,231,1
2024-04-09 01:00:00,5,1
2024-04-09 01:00:00,17,1
2024-04-09 01:00:00,19,1
2024-04-09 01:00:00,35,1
2024-04-09 01:00:00,38,1
2024-04-09 01:00:00,47,1
2024-04-09 01:00:00,72,1
2024-04-09 01:00:00,79,1
2024-04-09 01:00:00,87,1
2024-04-09 01:00:00,117,1
2024-04-09 01:00:00,132,1
2024-04-09 01:00:00,135,1
2024-04-09 01:00:00,150,1
2024-04-09 01:00:00,162,1
2024-04-09 01:00:00,172,1
2024-04-09 01:00:00,194,1
2024-04-09 01:00:00,201,1
2024-04-09 01:00:00,206,1
2024-04-09 01:00:00,213,1
2024-04-09 01:00:00,219,1
2024-04-09 01:00:00,229,1
2024-04-09 01:00:00,232,1
2024-04-09 01:00:00,233,1
2024-04-09 01:00:00,245,1
2024-04-09 01:00:00,257,1
2024-04-09 01:00:00,261,1
2024-04-09 02:00:00,12,1
2024-04-09 02:00:00,18,1
2024-04-09 02:00:00,23,1
2024-04-09 02:00:00,32,1
2024-04-09 02:00:00,33,1
2024-04-09 02:00:00,34,1
2024-04-09 02:00:00,36,1
2024-04-09 02:00:00,37,1
2024-04-09 02:00:00,38,1
2024-04-09 02:00:00,52,4
2024-04-09 02:00:00,56,1
2024-04-09 02:00:00,75,1
2024-04-09 02:00:00,81,1
2024-04-09 02:00:00,90,1
2024-04-09 02:00:00,97,1
2024-04-09 02:00:00,113,1
2024-04-09 02:00:00,124,1
2024-04-09 02:00:00,130,1
2024-04-09 02:00:00,142,1
2024-04-09 02:00:00,155,1
2024-04-09 02:00:00,168,1
2024-04-09 02:00:00,171,2
2024-04-09 02:00:00,172,1
2024-04-09 02:00:00,179,1
2024-04-09 02:00:00,186,1
2024-04-09 02:00:00,189,1
2024-04-09 02:00:00,194,1
2024-04-09 02:00:00,204,1
2024-04-09 02:00:00,207,1
2024-04-09 02:00:00,218,1
2024-04-09 02:00:00,241,1
2024-04-09 02:00:00,244,1
2024-04-09 02:00:00,248,1
2024-04-09 02:00:00,256,1
2024-04-09 02:00:00,257,1
2024-04-09 03:00:00,11,1
2024-04-09 03:00:00,12,1
2024-04-09 03:00:00,18,1
2024-04-09 03:00:00,19,1
2024-04-09 03:00:00,21,1
2024-04-09 03:00:00,31,1
2024-04-09 03:00:00,50,1
2024-04-09 03:00:00,52,1
2024-04-09 03:00:00,57,1
2024-04-09 03:00:00,82,1
2024-04-09 03:00:00,85,2
2024-04-09 03:00:00,97,1
2024-04-09 03:00:00,99,1
2024-04-09 03:00:00,100,1
2024-04-09 03:00:00,112,1
2024-04-09 03:00:00,116,1
2024-04-09 03:00:00,128,1
2024-04-09 03:00:00,130,1
2024-04-09 03:00:00,134,1
2024-04-09 03:00:00,142,1
2024-04-09 03:00:00,146,1
2024-04-09 03:00:00,154,1
2024-04-09 03:00:00,176,1
2024-04-09 03:00:00,179,1
2024-04-09 03:00:00,180,1
2024-04-09 03:00:00,193,1
2024-04-09 03:00:00,197,1
2024-04-09 03:00:00,198,1
2024-04-09 03:00:00,207,1
2024-04-09 03:00:00,217,1
2024-04-09 03:00:00,219,1
2024-04-09 03:00:00,237,1
2024-04-09 03:00:00,238,1
2024-04-09 03:00:00,249,1
2024-04-09 03:00:00,257,1
2024-04-09 03:00:00,259,1
2024-04-09 03:00:00,261,1
2024-04-09 04:00:00,12,1
2024-04-09 04:00:00,14,1
2024-04-09 04:00:00,15,1
2024-04-09 04:00:00,20,1
2024-04-09 04:00:00,23,1
2024-04-09 04:00:00,25,1
2024-04-09 04:00:00,30,1
2024-04-09 04:00:00,32,1
2024-04-09 04:00:00,49,1
2024-04-09 04:00:00,54,1
2024-04-09 04:00:00,61,1
2024-04-09 04:00:00,64,1
2024-04-09 04:00:00,77,1
2024-04-09 04:00:00,82,1
2024-04-09 04:00:00,105,1
2024-04-09 04:00:00,109,1
2024-04-09 04:00:00,119,2
2024-04-09 04:00:00,121,2
2024-04-09 04:00:00,133,1
2024-04-09 04:00:00,137,1
2024-04-09 04:00:00,145,1
2024-04-09 04:00:00,146,1
2024-04-09 04:00:00,157,1
2024-04-09 04:00:00,160,1
2024-04-09 04:00:00,166,1
2024-04-09 04:00:00,170,1
2024-04-09 04:00:00,192,1
2024-04-09 04:00:00,198,1
2024-04-09 04:00:00,207,1
2024-04-09 04:00:00,218,1
2024-04-09 04:00:00,223,1
2024-04-09 04:00:00,229,1
2024-04-09 04:00:00,246,1
2024-04-09 05:00:00,25,1
2024-04-09 05:00:00,50,1
2024-04-09 05:00:00,59,1
2024-04-09 05:00:00,73,1
2024-04-09 05:00:00,88,1
2024-04-09 05:00:00,90,1
2024-04-09 05:00:00,112,1
2024-04-09 05:00:00,117,1
2024-04-09 05:00:00,132,1
2024-04-09 05:00:00,139,1
2024-04-09 05:00:00,144,1
2024-04-09 05:00:00,160,1
2024-04-09 05:00:00,162,1
2024-04-09 05:00:00,190,1
2024-04-09 05:00:00,193,1
2024-04-09 05:00:00,211,2
2024-04-09 05:00:00,214,1
2024-04-09 05:00:00,227,1
2024-04-09 05:00:00,243,1
2024-04-09 06:00:00,5,1
2024-04-09 06:00:00,27,1
2024-04-09 06:00:00,37,1
2024-04-09 06:00:00,41,1
2024-04-09 06:00:00,48,1
2024-04-09 06:00:00,56,1
2024-04-09 06:00:00,61,1
2024-04-09 06:00:00,88,1
2024-04-09 06:00:00,93,1
2024-04-09 06:00:00,109,1
2024-04-09 06:00:00,119,1
2024-04-09 06:00:00,126,1
2024-04-09 06:00:00,134,1
2024-04-09 06:00:00,137,1
2024-04-09 06:00:00,139,1
2024-04-09 06:00:00,162,1
2024-04-09 06:00:00,169,1
2024-04-09 06:00:00,173,1
2024-04-09 06:00:00,179,1
2024-04-09 06:00:00,197,1
2024-04-09 06:00:00,202,1
2024-04-09 06:00:00,206,1
2024-04-09 06:00:00,211,1
2024-04-09 06:00:00,212,2
2024-04-09 06:00:00,218,1
2024-04-09 06:00:00,220,1
2024-04-09 06:00:00,221,1
2024-04-09 06:00:00,238,2
2024-04-09 06:00:00,247,2
2024-04-09 06:00:00,258,1
2024-04-09 06:00:00,259,1
2024-04-09 06:00:00,262,1
2024-04-09 07:00:00,7,1
2024-04-09 07:00:00,18,2
2024-04-09 07:00:00,19,2
2024-04-09 07:00:00,22,1
2024-04-09 07:00:00,32,1
2024-04-09 07:00:00,33,1
2024-04-09 07:00:00,44,1
2024-04-09 07:00:00,47,1
2024-04-09 07:00:00,68,1
2024-04-09 07:00:00,70,1
2024-04-09 07:00:00,76,1
2024-04-09 07:00:00,168,1
2024-04-09 07:00:00,170,1
2024-04-09 07:00:00,190,1
2024-04-09 07:00:00,207,1
2024-04-09 07:00:00,220,1
2024-04-09 07:00:00,224,1
2024-04-09 07:00:00,234,3
2024-04-09 07:00:00,238,1
2024-04-09 07:00:00,243,1
2024-04-09 07:00:00,256,1
2024-04-09 07:00:00,263,1
2024-04-09 08:00:00,9,1
2024-04-09 08:00:00,45,1
2024-04-09 08:00:00,68,1
2024-04-09 08:00:00,87,1
2024-04-09 08:00:00,119,1
2024-04-09 08:00:00,124,1
2024-04-09 08:00:00,129,1
2024-04-09 08:00:00,170,1
2024-04-09 08:00:00,190,1
2024-04-09 08:00:00,194,1
2024-04-09 08:00:00,205,1
2024-04-09 08:00:00,206,1
2024-04-09 08:00:00,211,1
2024-04-09 08:00:00,218,1
2024-04-09 08:00:00,230,1
2024-04-09 08:00:00,231,1
2024-04-09 08:00:00,257,1
2024-04-09 08:00:00,260,1
2024-04-09 09:00:00,5,1
2024-04-09 09:00:00,6,1
2024-04-09 09:00:00,19,1
2024-04-09 09:00:00,33,1
2024-04-09 09:00:00,40,1
2024-04-09 09:00:00,61,1
2024-04-09 09:00:00,63,1
2024-04-09 09:00:00,89,1
2024-04-09 09:00:00,97,1
2024-04-09 09:00:00,119,1
2024-04-09 09:00:00,124,1
2024-04-09 09:00:00,135,1
2024-04-09 09:00:00,154,1
2024-04-09 09:00:00,155,1
2024-04-09 09:00:00,167,1
2024-04-09 09:00:00,173,1
2024-04-09 09:00:00,179,1
2024-04-09 09:00:00,185,1
2024-04-09 09:00:00,189,1
2024-04-09 09:00:00,205,1
2024-04-09 09:00:00,209,1
2024-04-09 09:00:00,230,1
2024-04-09 09:00:00,260,1
2024-04-09 09:00:00,261,1
2024-04-09 10:00:00,7,1
2024-04-09 10:00:00,25,1
2024-04-09 10:00:00,30,1
2024-04-09 10:00:00,36,2
2024-04-09 10:00:00,54,1
2024-04-09 10:00:00,58,1
2024-04-09 10:00:00,81,1
2024-04-09 10:00:00,92,1
2024-04-09 10:00:00,110,1
2024-04-09 10:00:00,140,1
2024-04-09 10:00:00,144,1
2024-04-09 10:00:00,159,1
2024-04-09 10:00:00,177,1
2024-04-09 10:00:00,192,1
2024-04-09 10:00:00,218,1
2024-04-09 10:00:00,237,1
2024-04-09 10:00:00,248,1
2024-04-09 10:00:00,249,1
2024-04-09 10:00:00,250,1
2024-04-09 10:00:00,252,1
2024-04-09 11:00:00,37,1
2024-04-09 11:00:00,43,1
2024-04-09 11:00:00,52,1
2024-04-09 11:00:00,67,1
2024-04-09 11:00:00,78,1
2024-04-09 11:00:00,83,1
2024-04-09 11:00:00,84,1
2024-04-09 11:00:00,87,1
2024-04-09 11:00:00,117,1
2024-04-09 11:00:00,122,1
2024-04-09 11:00:00,127,1
2024-04-09 11:00:00,135,1
2024-04-09 11:00:00,143,1
2024-04-09 11:00:00,155,1
2024-04-09 11:00:00,173,1
2024-04-09 11:00:00,179,1
2024-04-09 11:00:00,180,1
2024-04-09 11:00:00,185,1
2024-04-09 11:00:00,191,1
2024-04-09 11:00:00,211,1
2024-04-09 11:00:00,225,1
2024-04-09 11:00:00,233,1
2024-04-09 11:00:00,242,1
2024-04-09 11:00:00,260,1
2024-04-09 11:00:00,261,1
2024-04-09 12:00:00,16,1
2024-04-09 12:00:00,29,2
2024-04-09 12:00:00,51,1
2024-04-09 12:00:00,53,1
2024-04-09 12:00:00,56,1
2024-04-09 12:00:00,62,2
2024-04-09 12:00:00,64,1
2024-04-09 12:00:00,75,1
2024-04-09 12:00:00,76,1
2024-04-09 12:00:00,96,1
2024-04-09 12:00:00,106,1
2024-04-09 12:00:00,121,1
2024-04-09 12:00:00,126,1
2024-04-09 12:00:00,136,1
2024-04-09 12:00:00,146,1
2024-04-09 12:00:00,150,2
2024-04-09 12:00:00,158,1
2024-04-09 12:00:00,163,1
2024-04-09 12:00:00,191,1
2024-04-09 12:00:00,201,1
2024-04-09 12:00:00,209,1
2024-04-09 12:00:00,220,1
2024-04-09 12:00:00,229,1
2024-04-09 12:00:00,245,2
2024-04-09 12:00:00,249,1
2024-04-09 12:00:00,255,2
2024-04-09 13:00:00,13,1
2024-04-09 13:00:00,42,1
2024-04-09 13:00:00,49,1
2024-04-09 13:00:00,53,1
2024-04-09 13:00:00,54,1
2024-04-09 13:00:00,74,1
2024-04-09 13:00:00,76,2
2024-04-09 13:00:00,80,1
2024-04-09 13:00:00,116,1
2024-04-09 13:00:00,133,1
2024-04-09 13:00:00,168,1
2024-04-09 13:00:00,171,1
2024-04-09 13:00:00,175,1
2024-04-09 13:00:00,186,1
2024-04-09 13:00:00,202,1
2024-04-09 13:00:00,208,1
2024-04-09 13:00:00,210,1
2024-04-09 13:00:00,233,1
2024-04-09 13:00:00,234,1
2024-04-09 13:00:00,240,1
2024-04-09 13:00:00,245,1
2024-04-09 13:00:00,246,1
2024-04-09 13:00:00,251,1
2024-04-09 13:00:00,254,1
2024-04-09 14:00:00,11,1
2024-04-09 14:00:00,20,1
2024-04-09 14:00:00,24,1
2024-04-09 14:00:00,33,1
2024-04-09 14:00:00,42,1
2024-04-09 14:00:00,54,1
2024-04-09 14:00:00,63,1
2024-04-09 14:00:00,82,1
2024-04-09 14:00:00,90,1
2024-04-09 14:00:00,96,1
2024-04-09 14:00:00,99,1
2024-04-09 14:00:00,105,1
2024-04-09 14:00:00,123,1
2024-04-09 14:00:00,125,1
2024-04-09 14:00:00,129,1
2024-04-09 14:00:00,139,1
2024-04-09 14:00:00,150,1
2024-04-09 14:00:00,151,1
2024-04-09 14:00:00,153,1
2024-04-09 14:00:00,154,1
2024-04-09 14:00:00,170,1
2024-04-09 14:00:00,173,1
2024-04-09 14:00:00,212,1
2024-04-09 14:00:00,213,1
2024-04-09 14:00:00,245,1
2024-04-09 14:00:00,251,1
2024-04-09 14:00:00,255,1
2024-04-09 14:00:00,259,1
2024-04-09 14:00:00,263,1
2024-04-09 15:00:00,6,1
2024-04-09 15:00:00,11,1
2024-04-09 15:00:00,27,1
2024-04-09 15:00:00,50,1
2024-04-09 15:00:00,72,1
2024-04-09 15:00:00,92,1
2024-04-09 15:00:00,106,1
2024-04-09 15:00:00,114,1
2024-04-09 15:00:00,116,1
2024-04-09 15:00:00,132,1
2024-04-09 15:00:00,149,1
2024-04-09 15:00:00,168,1
2024-04-09 15:00:00,176,1
2024-04-09 15:00:00,179,1
2024-04-09 15:00:00,180,1
2024-04-09 15:00:00,187,1
2024-04-09 15:00:00,194,1
2024-04-09 15:00:00,199,1
2024-04-09 15:00:00,201,1
2024-04-09 15:00:00,222,1
2024-04-09 15:00:00,229,2
2024-04-09 15:00:00,232,2
2024-04-09 15:00:00,237,1
2024-04-09 15:00:00,245,1
2024-04-09 15:00:00,246,1
2024-04-09 16:00:00,1,1
2024-04-09 16:00:00,9,1
2024-04-09 16:00:00,24,1
2024-04-09 16:00:00,29,1
2024-04-09 16:00:00,33,1
2024-04-09 16:00:00,34,1
2024-04-09 16:00:00,50,1
2024-04-09 16:00:00,60,1
2024-04-09 16:00:00,85,1
2024-04-09 16:00:00,103,2
2024-04-09 16:00:00,104,1
2024-04-09 16:00:00,116,1
2024-04-09 16:00:00,123,1
2024-04-09 16:00:00,145,1
2024-04-09 16:00:00,151,1
2024-04-09 16:00:00,159,1
2024-04-09 16:00:00,166,1
2024-04-09 16:00:00,177,1
2024-04-09 16:00:00,179,1
2024-04-09 16:00:00,181,1
2024-04-09 16:00:00,187,1
2024-04-09 16:00:00,197,1
2024-04-09 16:00:00,205,1
2024-04-09 16:00:00,210,1
2024-04-09 16:00:00,216,1
2024-04-09 16:00:00,227,1
2024-04-09 16:00:00,228,1
2024-04-09 16:00:00,241,1
2024-04-09 16:00:00,249,1
2024-04-09 17:00:00,6,1
2024-04-09 17:00:00,20,1
2024-04-09 17:00:00,21,1
2024-04-09 17:00:00,35,1
2024-04-09 17:00:00,37,1
2024-04-09 17:00:00,51,1
2024-04-09 17:00:00,55,1
2024-04-09 17:00:00,63,1
2024-04-09 17:00:00,75,1
2024-04-09 17:00:00,82,1
2024-04-09 17:00:00,85,1
2024-04-09 17:00:00,88,1
2024-04-09 17:00:00,89,1
2024-04-09 17:00:00,95,1
2024-04-09 17:00:00,117,1
2024-04-09 17:00:00,124,1
2024-04-09 17:00:00,125,1
2024-04-09 17:00:00,137,1
2024-04-09 17:00:00,150,1
2024-04-09 17:00:00,201,1
2024-04-09 17:00:00,206,1
2024-04-09 17:00:00,210,1
2024-04-09 17:00:00,212,1
2024-04-09 17:00:00,216,1
2024-04-09 17:00:00,227,1
2024-04-09 17:00:00,248,1
2024-04-09 17:00:00,260,1
2024-04-09 18:00:00,19,1
2024-04-09 18:00:00,56,1
2024-04-09 18:00:00,64,1
2024-04-09 18:00:00,74,1
2024-04-09 18:00:00,85,1
2024-04-09 18:00:00,88,2
2024-04-09 18:00:00,102,1
2024-04-09 18:00:00,127,1
2024-04-09 18:00:00,135,1
2024-04-09 18:00:00,139,2
2024-04-09 18:00:00,144,1
2024-04-09 18:00:00,161,1
2024-04-09 18:00:00,168,1
2024-04-09 18:00:00,175,1
2024-04-09 18:00:00,176,1
2024-04-09 18:00:00,189,1
2024-04-09 18:00:00,216,1
2024-04-09 18:00:00,223,1
2024-04-09 18:00:00,226,1
2024-04-09 18:00:00,237,1
2024-04-09 18:00:00,251,1
2024-04-09 18:00:00,255,1
2024-04-09 19:00:00,21,1
2024-04-09 19:00:00,25,1
2024-04-09 19:00:00,26,1
2024-04-09 19:00:00,49,2
2024-04-09 19:00:00,59,1
2024-04-09 19:00:00,63,1
2024-04-09 19:00:00,91,1
2024-04-09 19:00:00,107,1
2024-04-09 19:00:00,120,1
2024-04-09 19:00:00,121,1
2024-04-09 19:00:00,144,1
2024-04-09 19:00:00,147,1
2024-04-09 19:00:00,154,1
2024-04-09 19:00:00,160,1
2024-04-09 19:00:00,163,1
2024-04-09 19:00:00,202,1
2024-04-09 19:00:00,215,2
2024-04-09 19:00:00,217,1
2024-04-09 19:00:00,248,2
2024-04-09 19:00:00,249,1
2024-04-09 19:00:00,253,1
2024-04-09 20:00:00,24,1
2024-04-09 20:00:00,81,1
2024-04-09 20:00:00,91,1
2024-04-09 20:00:00,96,1
2024-04-09 20:00:00,98,1
2024-04-09 20:00:00,105,1
2024-04-09 20:00:00,127,1
2024-04-09 20:00:00,130,1
2024-04-09 20:00:00,179,1
2024-04-09 20:00:00,189,1
2024-04-09 20:00:00,198,1
2024-04-09 20:00:00,203,1
2024-04-09 20:00:00,212,1
2024-04-09 20:00:00,233,1
2024-04-09 20:00:00,251,1
2024-04-09 20:00:00,259,1
2024-04-09 21:00:00,14,1
2024-04-09 21:00:00,15,2
2024-04-09 21:00:00,24,1
2024-04-09 21:00:00,33,1
2024-04-09 21:00:00,49,1
2024-04-09 21:00:00,52,1
2024-04-09 21:00:00,57,1
2024-04-09 21:00:00,75,2
2024-04-09 21:00:00,76,1
2024-04-09 21:00:00,78,1
2024-04-09 21:00:00,89,1
2024-04-09 21:00:00,91,1
2024-04-09 21:00:00,98,1
2024-04-09 21:00:00,99,1
2024-04-09 21:00:00,101,1
2024-04-09 21:00:00,102,1
2024-04-09 21:00:00,108,1
2024-04-09 21:00:00,128,1
2024-04-09 21:00:00,132,1
2024-04-09 21:00:00,156,1
2024-04-09 21:00:00,165,1
2024-04-09 21:00:00,166,1
2024-04-09 21:00:00,167,1
2024-04-09 21:00:00,169,2
2024-04-09 21:00:00,180,1
2024-04-09 21:00:00,189,1
2024-04-09 21:00:00,203,2
2024-04-09 21:00:00,210,1
2024-04-09 21:00:00,230,1
2024-04-09 21:00:00,237,1
2024-04-09 21:00:00,239,1
2024-04-09 21:00:00,250,1
2024-04-09 22:00:00,15,1
2024-04-09 22:00:00,27,1
2024-04-09 22:00:00,35,2
2024-04-09 22:00:00,38,1
2024-04-09 22:00:00,50,1
2024-04-09 22:00:00,51,1
2024-04-09 22:00:00,54,1
2024-04-09 22:00:00,64,1
2024-04-09 22:00:00,74,1
2024-04-09 22:00:00,78,1
2024-04-09 22:00:00,82,1
2024-04-09 22:00:00,83,1
2024-04-09 22:00:00,94,1
2024-04-09 22:00:00,97,1
2024-04-09 22:00:00,117,1
2024-04-09 22:00:00,119,1
2024-04-09 22:00:00,124,1
2024-04-09 22:00:00,125,1
2024-04-09 22:00:00,135,1
2024-04-09 22:00:00,138,1
2024-04-09 22:00:00,139,1
2024-04-09 22:00:00,148,1
2024-04-09 22:00:00,171,1
2024-04-09 22:00:00,178,1
2024-04-09 22:00:00,183,1
2024-04-09 22:00:00,188,1
2024-04-09 22:00:00,209,1
2024-04-09 22:00:00,227,1
2024-04-09 22:00:00,236,1
2024-04-09 22:00:00,241,1
2024-04-09 23:00:00,8,1
2024-04-09 23:00:00,21,1
2024-04-09 23:00:00,23,1
2024-04-09 23:00:00,39,1
2024-04-09 23:00:00,64,1
2024-04-09 23:00:00,70,1
2024-04-09 23:00:00,106,1
2024-04-09 23:00:00,110,1
2024-04-09 23:00:00,112,1
2024-04-09 23:00:00,119,1
2024-04-09 23:00:00,120,1
2024-04-09 23:00:00,138,1
2024-04-09 23:00:00,157,1
2024-04-09 23:00:00,174,1
2024-04-09 23:00:00,177,1
2024-04-09 23:00:00,182,1
2024-04-09 23:00:00,188,1
2024-04-09 23:00:00,199,1
2024-04-09 23:00:00,207,1
2024-04-09 23:00:00,208,1
2024-04-09 23:00:00,216,1
2024-04-09 23:00:00,243,1
2024-04-09 23:00:00,255,1
2024-04-10 00:00:00,32,1
2024-04-10 00:00:00,36,1
2024-04-10 00:00:00,42,1
2024-04-10 00:00:00,58,1
2024-04-10 00:00:00,59,1
2024-04-10 00:00:00,84,1
2024-04-10 00:00:00,89,2
2024-04-10 00:00:00,95,1
2024-04-10 00:00:00,124,1
2024-04-10 00:00:00,128,1
2024-04-10 00:00:00,129,1
2024-04-10 00:00:00,137,1
2024-04-10 00:00:00,139,1
2024-04-10 00:00:00,154,1
2024-04-10 00:00:00,160,1
2024-04-10 00:00:00,164,1
2024-04-10 00:00:00,166,1
2024-04-10 00:00:00,170,1
2024-04-10 00:00:00,180,1
2024-04-10 00:00:00,182,1
2024-04-10 00:00:00,183,1
2024-04-10 00:00:00,194,1
2024-04-10 00:00:00,196,1
2024-04-10 00:00:00,207,1
2024-04-10 00:00:00,209,1
2024-04-10 00:00:00,220,1
2024-04-10 00:00:00,234,1
2024-04-10 00:00:00,246,1
2024-04-10 00:00:00,247,1
2024-04-10 00:00:00,249,1
2024-04-10 01:00:00,26,1
2024-04-10 01:00:00,34,1
2024-04-10 01:00:00,43,1
2024-04-10 01:00:00,58,1
2024-04-10 01:00:00,79,1
2024-04-10 01:00:00,81,1
2024-04-10 01:00:00,84,1
2024-04-10 01:00:00,87,1
2024-04-10 01:00:00,90,2
2024-04-10 01:00:00,97,2
2024-04-10 01:00:00,105,1
2024-04-10 01:00:00,133,1
2024-04-10 01:00:00,144,1
2024-04-10 01:00:00,173,1
2024-04-10 01:00:00,174,1
2024-04-10 01:00:00,190,1
2024-04-10 01:00:00,197,1
2024-04-10 01:00:00,201,1
2024-04-10 01:00:00,216,1
2024-04-10 01:00:00,217,1
2024-04-10 01:00:00,220,1
2024-04-10 01:00:00,232,1
2024-04-10 01:00:00,234,1
2024-04-10 01:00:00,244,1
2024-04-10 01:00:00,258,1
2024-04-10 01:00:00,260,1
2024-04-10 01:00:00,261,2
2024-04-10 02:00:00,4,1
2024-04-10 02:00:00,6,2
2024-04-10 02:00:00,26,1
2024-04-10 02:00:00,29,1
2024-04-10 02:00:00,35,1
2024-04-10 02:00:00,61,1
2024-04-10 02:00:00,66,1
2024-04-10 02:00:00,71,1
2024-04-10 02:00:00,75,1
2024-04-10 02:00:00,85,1
2024-04-10 02:00:00,95,2
2024-04-10 02:00:00,104,1
2024-04-10 02:00:00,115,1
2024-04-10 02:00:00,116,2
2024-04-10 02:00:00,118,1
2024-04-10 02:00:00,120,1
2024-04-10 02:00:00,122,1
2024-04-10 02:00:00,152,1
2024-04-10 02:00:00,161,1
2024-04-10 02:00:00,164,1
2024-04-10 02:00:00,168,1
2024-04-10 02:00:00,170,1
2024-04-10 02:00:00,171,1
2024-04-10 02:00:00,192,1
2024-04-10 02:00:00,203,2
2024-04-10 02:00:00,230,1
2024-04-10 02:00:00,231,1
2024-04-10 02:00:00,235,1
2024-04-10 02:00:00,254,1
2024-04-10 02:00:00,259,1
2024-04-10 03:00:00,2,1
2024-04-10 03:00:00,8,1
2024-04-10 03:00:00,17,1
2024-04-10 03:00:00,24,1
2024-04-10 03:00:00,26,1
2024-04-10 03:00:00,34,1
2024-04-10 03:00:00,35,1
2024-04-10 03:00:00,42,1
2024-04-10 03:00:00,47,1
2024-04-10 03:00:00,57,1
2024-04-10 03:00:00,60,1
2024-04-10 03:00:00,70,1
2024-04-10 03:00:00,82,1
2024-04-10 03:00:00,98,1
2024-04-10 03:00:00,100,1
2024-04-10 03:00:00,114,1
2024-04-10 03:00:00,115,1
2024-04-10 03:00:00,123,1
2024-04-10 03:00:00,124,1
2024-04-10 03:00:00,164,1
2024-04-10 03:00:00,170,1
2024-04-10 03:00:00,196,2
2024-04-10 03:00:00,214,1
2024-04-10 03:00:00,215,1
2024-04-10 03:00:00,219,1
2024-04-10 03:00:00,229,1
2024-04-10 03:00:00,231,1
2024-04-10 03:00:00,254,1
2024-04-10 03:00:00,256,1
2024-04-10 04:00:00,2,1
2024-04-10 04:00:00,14,1
2024-04-10 04:00:00,30,1
2024-04-10 04:00:00,50,1
2024-04-10 04:00:00,54,1
2024-04-10 04:00:00,63,1
2024-04-10 04:00:00,68,1
2024-04-10 04:00:00,78,1
2024-04-10 04:00:00,82,1
2024-04-10 04:00:00,92,1
2024-04-10 04:00:00,95,1
2024-04-10 04:00:00,98,1
2024-04-10 04:00:00,106,2
2024-04-10 04:00:00,117,1
2024-04-10 04:00:00,133,3
2024-04-10 04:00:00,137,1
2024-04-10 04:00:00,140,1
2024-04-10 04:00:00,158,1
2024-04-10 04:00:00,167,1
2024-04-10 04:00:00,181,1
2024-04-10 04:00:00,189,1
2024-04-10 04:00:00,193,1
2024-04-10 04:00:00,206,1
2024-04-10 04:00:00,211,1
2024-04-10 04:00:00,233,1
2024-04-10 04:00:00,240,1
2024-04-10 04:00:00,245,1
2024-04-10 04:00:00,247,1
2024-04-10 05:00:00,17,1
2024-04-10 05:00:00,24,1
2024-04-10 05:00:00,36,2
2024-04-10 05:00:00,63,1
2024-04-10 05:00:00,66,1
2024-04-10 05:00:00,68,1
2024-04-10 05:00:00,71,1
2024-04-10 05:00:00,72,1
2024-04-10 05:00:00,75,1
2024-04-10 05:00:00,81,1
2024-04-10 05:00:00,93,1
2024-04-10 05:00:00,103,1
2024-04-10 05:00:00,105,1
2024-04-10 05:00:00,116,1
2024-04-10 05:00:00,117,1
2024-04-10 05:00:00,118,1
2024-04-10 05:00:00,135,1
2024-04-10 05:00:00,136,1
2024-04-10 05:00:00,138,1
2024-04-10 05:00:00,141,1
2024-04-10 05:00:00,164,1
2024-04-10 05:00:00,166,1
2024-04-10 05:00:00,168,2
2024-04-10 05:00:00,172,1
2024-04-10 05:00:00,178,1
2024-04-10 05:00:00,180,1
2024-04-10 05:00:00,189,1
2024-04-10 05:00:00,191,1
2024-04-10 05:00:00,196,1
2024-04-10 05:00:00,205,1
2024-04-10 05:00:00,207,1
2024-04-10 05:00:00,212,1
2024-04-10 05:00:00,213,2
2024-04-10 05:00:00,234,1
2024-04-10 05:00:00,239,1
2024-04-10 05:00:00,247,1
2024-04-10 05:00:00,252,1
2024-04-10 05:00:00,260,1
2024-04-10 06:00:00,12,1
2024-04-10 06:00:00,19,1
2024-04-10 06:00:00,23,2
2024-04-10 06:00:00,46,1
2024-04-10 06:00:00,52,1
2024-04-10 06:00:00,55,1
2024-04-10 06:00:00,90,1
2024-04-10 06:00:00,93,1
2024-04-10 06:00:00,103,1
2024-04-10 06:00:00,107,1
2024-04-10 06:00:00,118,1
2024-04-10 06:00:00,119,1
2024-04-10 06:00:00,126,1
2024-04-10 06:00:00,141,1
2024-04-10 06:00:00,148,1
2024-04-10 06:00:00,156,1
2024-04-10 06:00:00,162,1
2024-04-10 06:00:00,183,1
2024-04-10 06:00:00,191,1
2024-04-10 06:00:00,202,1
2024-04-10 06:00:00,213,2
2024-04-10 06:00:00,219,1
2024-04-10 06:00:00,233,1
2024-04-10 06:00:00,243,1
2024-04-10 06:00:00,248,1
2024-04-10 06:00:00,256,2
2024-04-10 07:00:00,2,1
2024-04-10 07:00:00,5,1
2024-04-10 07:00:00,10,1
2024-04-10 07:00:00,14,1
2024-04-10 07:00:00,31,1
2024-04-10 07:00:00,45,1
2024-04-10 07:00:00,46,1
2024-04-10 07:00:00,54,1
2024-04-10 07:00:00,55,1
2024-04-10 07:00:00,58,1
2024-04-10 07:00:00,61,1
2024-04-10 07:00:00,66,1
2024-04-10 07:00:00,74,1
2024-04-10 07:00:00,82,1
2024-04-10 07:00:00,84,1
2024-04-10 07:00:00,103,1
2024-04-10 07:00:00,107,1
2024-04-10 07:00:00,123,1
2024-04-10 07:00:00,135,1
2024-04-10 07:00:00,151,1
2024-04-10 07:00:00,157,1
2024-04-10 07:00:00,164,1
2024-04-10 07:00:00,189,1
2024-04-10 07:00:00,195,1
2024-04-10 07:00:00,197,1
2024-04-10 07:00:00,220,1
2024-04-10 07:00:00,226,1
2024-04-10 07:00:00,228,1
2024-04-10 07:00:00,260,1
2024-04-10 08:00:00,9,1
2024-04-10 08:00:00,26,1
2024-04-10 08:00:00,38,2
2024-04-10 08:00:00,39,1
2024-04-10 08:00:00,43,1
2024-04-10 08:00:00,60,2
2024-04-10 08:00:00,61,1
2024-04-10 08:00:00,64,1
2024-04-10 08:00:00,77,1
2024-04-10 08:00:00,78,1
2024-04-10 08:00:00,79,1
2024-04-10 08:00:00,82,1
2024-04-10 08:00:00,107,1
2024-04-10 08:00:00,113,2
2024-04-10 08:00:00,119,1
2024-04-10 08:00:00,120,1
2024-04-10 08:00:00,131,1
2024-04-10 08:00:00,132,1
2024-04-10 08:00:00,133,1
2024-04-10 08:00:00,143,2
2024-04-10 08:00:00,173,1
2024-04-10 08:00:00,196,1
2024-04-10 08:00:00,205,1
2024-04-10 08:00:00,208,1
2024-04-10 08:00:00,211,1
2024-04-10 08:00:00,222,1
2024-04-10 08:00:00,224,1
2024-04-10 08:00:00,225,1
2024-04-10 08:00:00,233,1
2024-04-10 08:00:00,239,1
2024-04-10 08:00:00,240,1
2024-04-10 08:00:00,241,3
2024-04-10 08:00:00,242,1
2024-04-10 08:00:00,248,1
2024-04-10 09:00:00,31,1
2024-04-10 09:00:00,38,1
2024-04-10 09:00:00,42,1
2024-04-10 09:00:00,52,1
2024-04-10 09:00:00,55,1
2024-04-10 09:00:00,60,1
2024-04-10 09:00:00,97,1
2024-04-10 09:00:00,103,1
2024-04-10 09:00:00,119,1
2024-04-10 09:00:00,135,1
2024-04-10 09:00:00,141,1
2024-04-10 09:00:00,182,1
2024-04-10 09:00:00,187,1
2024-04-10 09:00:00,189,1
2024-04-10 09:00:00,192,1
2024-04-10 09:00:00,193,1
2024-04-10 09:00:00,197,1
2024-04-10 09:00:00,202,1
2024-04-10 09:00:00,215,1
2024-04-10 09:00:00,217,1
2024-04-10 09:00:00,246,1
2024-04-10 09:00:00,250,1
2024-04-10 09:00:00,262,2
2024-04-10 10:00:00,2,1
2024-04-10 10:00:00,14,1
2024-04-10 10:00:00,19,1
2024-04-10 10:00:00,22,1
2024-04-10 10:00:00,31,1
2024-04-10 10:00:00,56,2
2024-04-10 10:00:00,57,1
2024-04-10 10:00:00,59,1
2024-04-10 10:00:00,67,1
2024-04-10 10:00:00,85,1
2024-04-10 10:00:00,87,1
2024-04-10 10:00:00,96,1
2024-04-10 10:00:00,97,1
2024-04-10 10:00:00,118,1
2024-04-10 10:00:00,120,1
2024-04-10 10:00:00,129,1
2024-04-10 10:00:00,137,1
2024-04-10 10:00:00,150,1
2024-04-10 10:00:00,157,1
2024-04-10 10:00:00,159,1
2024-04-10 10:00:00,162,1
2024-04-10 10:00:00,175,1
2024-04-10 10:00:00,178,1
2024-04-10 10:00:00,203,1
2024-04-10 10:00:00,221,1
2024-04-10 10:00:00,223,1
2024-04-10 10:00:00,224,1
2024-04-10 10:00:00,230,1
2024-04-10 10:00:00,232,1
2024-04-10 10:00:00,235,1
2024-04-10 10:00:00,240,1
2024-04-10 10:00:00,247,1
2024-04-10 10:00:00,252,1
2024-04-10 10:00:00,255,1
2024-04-10 10:00:00,257,1
2024-04-10 10:00:00,261,1
2024-04-10 10:00:00,263,1
2024-04-10 11:00:00,40,1
2024-04-10 11:00:00,47,1
2024-04-10 11:00:00,71,1
2024-04-10 11:00:00,81,1
2024-04-10 11:00:00,86,1
2024-04-10 11:00:00,116,1
2024-04-10 11:00:00,117,1
2024-04-10 11:00:00,121,1
2024-04-10 11:00:00,148,1
2024-04-10 11:00:00,176,1
2024-04-10 11:00:00,183,1
2024-04-10 11:00:00,185,1
2024-04-10 11:00:00,201,1
2024-04-10 11:00:00,213,1
2024-04-10 11:00:00,244,1
2024-04-10 12:00:00,30,1
2024-04-10 12:00:00,52,1
2024-04-10 12:00:00,56,1
2024-04-10 12:00:00,60,2
2024-04-10 12:00:00,64,1
2024-04-10 12:00:00,70,1
2024-04-10 12:00:00,72,1
2024-04-10 12:00:00,79,1
2024-04-10 12:00:00,80,1
2024-04-10 12:00:00,85,1
2024-04-10 12:00:00,89,1
2024-04-10 12:00:00,99,1
2024-04-10 12:00:00,115,1
2024-04-10 12:00:00,123,1
2024-04-10 12:00:00,130,1
2024-04-10 12:00:00,135,1
2024-04-10 12:00:00,162,1
2024-04-10 12:00:00,166,1
2024-04-10 12:00:00,174,1
2024-04-10 12:00:00,179,1
2024-04-10 12:00:00,182,1
2024-04-10 12:00:00,189,1
2024-04-10 12:00:00,203,1
2024-04-10 12:00:00,206,1
2024-04-10 12:00:00,212,1
2024-04-10 12:00:00,227,2
2024-04-10 12:00:00,238,1
2024-04-10 12:00:00,245,1
2024-04-10 12:00:00,261,1
2024-04-10 12:00:00,263,2
2024-04-10 13:00:00,36,1
2024-04-10 13:00:00,43,1
2024-04-10 13:00:00,48,1
2024-04-10 13:00:00,54,1
2024-04-10 13:00:00,58,1
2024-04-10 13:00:00,64,1
2024-04-10 13:00:00,77,1
2024-04-10 13:00:00,84,1
2024-04-10 13:00:00,93,1
2024-04-10 13:00:00,116,1
2024-04-10 13:00:00,130,1
2024-04-10 13:00:00,142,1
2024-04-10 13:00:00,154,1
2024-04-10 13:00:00,159,1
2024-04-10 13:00:00,167,1
2024-04-10 13:00:00,173,1
2024-04-10 13:00:00,177,1
2024-04-10 13:00:00,185,1
2024-04-10 13:00:00,195,1
2024-04-10 13:00:00,201,1
2024-04-10 13:00:00,206,1
2024-04-10 13:00:00,243,1
2024-04-10 14:00:00,27,1
2024-04-10 14:00:00,30,1
2024-04-10 14:00:00,40,1
2024-04-10 14:00:00,48,1
2024-04-10 14:00:00,59,1
2024-04-10 14:00:00,67,1
2024-04-10 14:00:00,70,1
2024-04-10 14:00:00,76,1
2024-04-10 14:00:00,81,1
2024-04-10 14:00:00,84,1
2024-04-10 14:00:00,96,1
2024-04-10 14:00:00,104,1
2024-04-10 14:00:00,118,1
2024-04-10 14:00:00,119,1
2024-04-10 14:00:00,123,1
2024-04-10 14:00:00,129,1
2024-04-10 14:00:00,143,1
2024-04-10 14:00:00,144,1
2024-04-10 14:00:00,152,1
2024-04-10 14:00:00,155,1
2024-04-10 14:00:00,157,1
2024-04-10 14:00:00,177,1
2024-04-10 14:00:00,181,1
2024-04-10 14:00:00,189,1
2024-04-10 14:00:00,190,1
2024-04-10 14:00:00,206,1
2024-04-10 14:00:00,228,1
2024-04-10 14:00:00,230,1
2024-04-10 14:00:00,253,1
2024-04-10 15:00:00,10,1
2024-04-10 15:00:00,61,1
2024-04-10 15:00:00,63,1
2024-04-10 15:00:00,69,1
2024-04-10 15:00:00,71,1
2024-04-10 15:00:00,89,1
2024-04-10 15:00:00,100,1
2024-04-10 15:00:00,103,1
2024-04-10 15:00:00,115,1
2024-04-10 15:00:00,129,1
2024-04-10 15:00:00,140,1
2024-04-10 15:00:00,141,1
2024-04-10 15:00:00,144,1
2024-04-10 15:00:00,148,1
2024-04-10 15:00:00,160,1
2024-04-10 15:00:00,168,1
2024-04-10 15:00:00,189,2
2024-04-10 15:00:00,196,1
2024-04-10 15:00:00,204,1
2024-04-10 15:00:00,217,1
2024-04-10 15:00:00,227,1
2024-04-10 15:00:00,228,1
2024-04-10 15:00:00,230,1
2024-04-10 15:00:00,239,1
2024-04-10 15:00:00,254,1
2024-04-10 16:00:00,8,1
2024-04-10 16:00:00,9,1
2024-04-10 16:00:00,13,1
2024-04-10 16:00:00,27,1
2024-04-10 16:00:00,38,1
2024-04-10 16:00:00,39,1
2024-04-10 16:00:00,54,1
2024-04-10 16:00:00,65,1
2024-04-10 16:00:00,73,1
2024-04-10 16:00:00,75,1
2024-04-10 16:00:00,78,1
2024-04-10 16:00:00,104,1
2024-04-10 16:00:00,105,1
2024-04-10 16:00:00,117,1
2024-04-10 16:00:00,119,1
2024-04-10 16:00:00,125,1
2024-04-10 16:00:00,133,1
2024-04-10 16:00:00,139,2
2024-04-10 16:00:00,147,1
2024-04-10 16:00:00,162,1
2024-04-10 16:00:00,172,1
2024-04-10 16:00:00,173,1
2024-04-10 16:00:00,188,1
2024-04-10 16:00:00,197,1
2024-04-10 16:00:00,199,1
2024-04-10 16:00:00,209,1
2024-04-10 16:00:00,228,1
2024-04-10 16:00:00,229,2
2024-04-10 16:00:00,236,1
2024-04-10 16:00:00,244,1
2024-04-10 16:00:00,246,1
2024-04-10 16:00:00,247,1
2024-04-10 17:00:00,1,1
2024-04-10 17:00:00,27,1
2024-04-10 17:00:00,32,1
2024-04-10 17:00:00,37,2
2024-04-10 17:00:00,40,1
2024-04-10 17:00:00,54,1
2024-04-10 17:00:00,57,1
2024-04-10 17:00:00,59,1
2024-04-10 17:00:00,62,1
2024-04-10 17:00:00,74,1
2024-04-10 17:00:00,130,1
2024-04-10 17:00:00,141,1
2024-04-10 17:00:00,142,1
2024-04-10 17:00:00,149,1
2024-04-10 17:00:00,177,1
2024-04-10 17:00:00,188,1
2024-04-10 17:00:00,204,1
2024-04-10 17:00:00,210,1
2024-04-10 17:00:00,242,1
2024-04-10 17:00:00,246,1
2024-04-10 18:00:00,10,1
2024-04-10 18:00:00,30,1
2024-04-10 18:00:00,36,1
2024-04-10 18:00:00,37,1
2024-04-10 18:00:00,39,1
2024-04-10 18:00:00,54,1
2024-04-10 18:00:00,58,1
2024-04-10 18:00:00,67,1
2024-04-10 18:00:00,93,1
2024-04-10 18:00:00,107,1
2024-04-10 18:00:00,108,1
2024-04-10 18:00:00,110,1
2024-04-10 18:00:00,111,1
2024-04-10 18:00:00,124,1
2024-04-10 18:00:00,125,1
2024-04-10 18:00:00,128,1
2024-04-10 18:00:00,138,1
2024-04-10 18:00:00,144,1
2024-04-10 18:00:00,159,1
2024-04-10 18:00:00,172,2
2024-04-10 18:00:00,174,1
2024-04-10 18:00:00,202,1
2024-04-10 18:00:00,221,1
2024-04-10 18:00:00,247,1
2024-04-10 18:00:00,249,1
2024-04-10 18:00:00,257,1
2024-04-10 18:00:00,258,1
2024-04-10 19:00:00,2,1
2024-04-10 19:00:00,9,1
2024-04-10 19:00:00,23,1
2024-04-10 19:00:00,30,1
2024-04-10 19:00:00,31,1
2024-04-10 19:00:00,53,1
2024-04-10 19:00:00,63,1
2024-04-10 19:00:00,72,1
2024-04-10 19:00:00,105,2
2024-04-10 19:00:00,114,1
2024-04-10 19:00:00,131,1
2024-04-10 19:00:00,176,1
2024-04-10 19:00:00,181,1
2024-04-10 19:00:00,189,1
2024-04-10 19:00:00,192,1
2024-04-10 19:00:00,205,1
2024-04-10 19:00:00,214,1
2024-04-10 19:00:00,217,1
2024-04-10 19:00:00,231,1
2024-04-10 19:00:00,234,1
2024-04-10 20:00:00,10,1
2024-04-10 20:00:00,29,1
2024-04-10 20:00:00,38,1
2024-04-10 20:00:00,39,1
2024-04-10 20:00:00,42,1
2024-04-10 20:00:00,43,1
2024-04-10 20:00:00,49,1
2024-04-10 20:00:00,77,1
2024-04-10 20:00:00,78,1
2024-04-10 20:00:00,105,1
2024-04-10 20:00:00,116,1
2024-04-10 20:00:00,129,1
2024-04-10 20:00:00,134,1
2024-04-10 20:00:00,141,1
2024-04-10 20:00:00,150,1
2024-04-10 20:00:00,165,2
2024-04-10 20:00:00,167,1
2024-04-10 20:00:00,172,1
2024-04-10 20:00:00,179,1
2024-04-10 20:00:00,191,1
2024-04-10 20:00:00,192,1
2024-04-10 20:00:00,193,2
2024-04-10 20:00:00,223,1
2024-04-10 20:00:00,228,1
2024-04-10 20:00:00,234,1
2024-04-10 20:00:00,245,1
2024-04-10 20:00:00,253,1
2024-04-10 20:00:00,262,1
2024-04-10 21:00:00,2,1
2024-04-10 21:00:00,12,1
2024-04-10 21:00:00,21,1
2024-04-10 21:00:00,24,1
2024-04-10 21:00:00,25,1
2024-04-10 21:00:00,29,1
2024-04-10 21:00:00,37,1
2024-04-10 21:00:00,47,1
2024-04-10 21:00:00,53,1
2024-04-10 21:00:00,59,1
2024-04-10 21:00:00,63,1
2024-04-10 21:00:00,66,1
2024-04-10 21:00:00,68,1
2024-04-10 21:00:00,69,1
2024-04-10 21:00:00,86,1
2024-04-10 21:00:00,91,1
2024-04-10 21:00:00,105,1
2024-04-10 21:00:00,110,1
2024-04-10 21:00:00,111,1
2024-04-10 21:00:00,124,1
2024-04-10 21:00:00,132,1
2024-04-10 21:00:00,149,1
2024-04-10 21:00:00,151,1
2024-04-10 21:00:00,154,1
2024-04-10 21:00:00,167,1
2024-04-10 21:00:00,169,1
2024-04-10 21:00:00,176,1
2024-04-10 21:00:00,180,1
2024-04-10 21:00:00,181,1
2024-04-10 21:00:00,185,1
2024-04-10 21:00:00,190,1
2024-04-10 21:00:00,199,1
2024-04-10 21:00:00,207,1
2024-04-10 21:00:00,212,1
2024-04-10 21:00:00,246,2
2024-04-10 21:00:00,248,1
2024-04-10 21:00:00,259,1
2024-04-10 21:00:00,262,1
2024-04-10 21:00:00,263,1
2024-04-10 22:00:00,9,1
2024-04-10 22:00:00,16,1
2024-04-10 22:00:00,17,1
2024-04-10 22:00:00,33,1
2024-04-10 22:00:00,51,1
2024-04-10 22:00:00,68,1
2024-04-10 22:00:00,101,1
2024-04-10 22:00:00,106,1
2024-04-10 22:00:00,107,1
2024-04-10 22:00:00,117,1
2024-04-10 22:00:00,132,2
2024-04-10 22:00:00,141,1
2024-04-10 22:00:00,145,1
2024-04-10 22:00:00,157,1
2024-04-10 22:00:00,174,1
2024-04-10 22:00:00,176,2
2024-04-10 22:00:00,231,1
2024-04-10 22:00:00,239,1
2024-04-10 22:00:00,255,1
2024-04-10 22:00:00,256,1
2024-04-10 22:00:00,260,1
2024-04-10 23:00:00,1,1
2024-04-10 23:00:00,8,1
2024-04-10 23:00:00,16,1
2024-04-10 23:00:00,29,2
2024-04-10 23:00:00,44,1
2024-04-10 23:00:00,63,1
2024-04-10 23:00:00,74,1
2024-04-10 23:00:00,87,1
2024-04-10 23:00:00,102,1
2024-04-10 23:00:00,103,1
2024-04-10 23:00:00,110,1
2024-04-10 23:00:00,143,1
2024-04-10 23:00:00,147,1
2024-04-10 23:00:00,151,1
2024-04-10 23:00:00,165,1
2024-04-10 23:00:00,166,1
2024-04-10 23:00:00,183,1
2024-04-10 23:00:00,220,1
2024-04-10 23:00:00,223,1
2024-04-10 23:00:00,225,1
2024-04-10 23:00:00,236,1
2024-04-10 23:00:00,243,1
2024-04-10 23:00:00,245,1
2024-04-10 23:00:00,251,1
2024-04-10 23:00:00,252,1
2024-04-11 00:00:00,12,1
2024-04-11 00:00:00,21,1
2024-04-11 00:00:00,24,1
2024-04-11 00:00:00,27,1
2024-04-11 00:00:00,39,1
2024-04-11 00:00:00,46,1
2024-04-11 00:00:00,48,1
2024-04-11 00:00:00,55,1
2024-04-11 00:00:00,57,1
2024-04-11 00:00:00,75,1
2024-04-11 00:00:00,77,1
2024-04-11 00:00:00,94,1
2024-04-11 00:00:00,100,1
2024-04-11 00:00:00,101,1
2024-04-11 00:00:00,108,1
2024-04-11 00:00:00,122,1
2024-04-11 00:00:00,123,1
2024-04-11 00:00:00,125,1
2024-04-11 00:00:00,143,1
2024-04-11 00:00:00,144,1
2024-04-11 00:00:00,158,1
2024-04-11 00:00:00,163,1
2024-04-11 00:00:00,173,1
2024-04-11 00:00:00,187,1
2024-04-11 00:00:00,201,1
2024-04-11 00:00:00,222,1
2024-04-11 00:00:00,232,1
2024-04-11 00:00:00,234,1
2024-04-11 00:00:00,237,1
2024-04-11 00:00:00,242,1
2024-04-11 00:00:00,254,1
2024-04-11 00:00:00,256,1
2024-04-11 00:00:00,257,1
2024-04-11 00:00:00,260,1
2024-04-11 00:00:00,261,1
2024-04-11 01:00:00,10,1
2024-04-11 01:00:00,24,1
2024-04-11 01:00:00,28,1
2024-04-11 01:00:00,30,1
2024-04-11 01:00:00,47,1
2024-04-11 01:00:00,56,1
2024-04-11 01:00:00,58,1
2024-04-11 01:00:00,67,1
2024-04-11 01:00:00,75,1
2024-04-11 01:00:00,83,1
2024-04-11 01:00:00,92,1
2024-04-11 01:00:00,96,1
2024-04-11 01:00:00,103,1
2024-04-11 01:00:00,114,1
2024-04-11 01:00:00,123,1
2024-04-11 01:00:00,134,1
2024-04-11 01:00:00,161,1
2024-04-11 01:00:00,189,1
2024-04-11 01:00:00,190,1
2024-04-11 01:00:00,207,1
2024-04-11 01:00:00,214,1
2024-04-11 01:00:00,219,1
2024-04-11 01:00:00,225,1
2024-04-11 01:00:00,235,1
2024-04-11 01:00:00,258,1
2024-04-11 01:00:00,260,1
2024-04-11 02:00:00,5,1
2024-04-11 02:00:00,9,1
2024-04-11 02:00:00,10,1
2024-04-11 02:00:00,16,1
2024-04-11 02:00:00,27,1
2024-04-11 02:00:00,30,1
2024-04-11 02:00:00,32,1
2024-04-11 02:00:00,37,1
2024-04-11 02:00:00,45,1
2024-04-11 02:00:00,49,1
2024-04-11 02:00:00,59,2
2024-04-11 02:00:00,63,1
2024-04-11 02:00:00,64,1
2024-04-11 02:00:00,69,1
2024-04-11 02:00:00,89,1
2024-04-11 02:00:00,100,2
2024-04-11 02:00:00,110,1
2024-04-11 02:00:00,118,2
2024-04-11 02:00:00,130,2
2024-04-11 02:00:00,155,1
2024-04-11 02:00:00,162,1
2024-04-11 02:00:00,174,1
2024-04-11 02:00:00,181,2
2024-04-11 02:00:00,183,1
2024-04-11 02:00:00,209,1
2024-04-11 02:00:00,215,1
2024-04-11 02:00:00,216,1
2024-04-11 02:00:00,220,1
2024-04-11 02:00:00,221,1
2024-04-11 02:00:00,242,1
2024-04-11 03:00:00,7,2
2024-04-11 03:00:00,11,1
2024-04-11 03:00:00,19,1
2024-04-11 03:00:00,22,1
2024-04-11 03:00:00,49,1
2024-04-11 03:00:00,68,1
2024-04-11 03:00:00,104,1
2024-04-11 03:00:00,110,1
2024-04-11 03:00:00,128,1
2024-04-11 03:00:00,132,1
2024-04-11 03:00:00,134,1
2024-04-11 03:00:00,144,2
2024-04-11 03:00:00,145,1
2024-04-11 03:00:00,155,1
2024-04-11 03:00:00,159,1
2024-04-11 03:00:00,164,1
2024-04-11 03:00:00,182,1
2024-04-11 03:00:00,188,1
2024-04-11 03:00:00,192,1
2024-04-11 03:00:00,213,1
2024-04-11 03:00:00,215,2
2024-04-11 03:00:00,218,1
2024-04-11 03:00:00,253,1
2024-04-11 03:00:00,262,1
2024-04-11 04:00:00,44,1
2024-04-11 04:00:00,52,2
2024-04-11 04:00:00,57,1
2024-04-11 04:00:00,62,1
2024-04-11 04:00:00,70,1
2024-04-11 04:00:00,83,1
2024-04-11 04:00:00,87,1
2024-04-11 04:00:00,99,1
2024-04-11 04:00:00,114,1
2024-04-11 04:00:00,118,1
2024-04-11 04:00:00,125,1
2024-04-11 04:00:00,159,1
2024-04-11 04:00:00,163,1
2024-04-11 04:00:00,176,1
2024-04-11 04:00:00,203,1
2024-04-11 04:00:00,207,1
2024-04-11 04:00:00,222,1
2024-04-11 04:00:00,223,1
2024-04-11 04:00:00,240,1
2024-04-11 04:00:00,245,1
2024-04-11 04:00:00,254,2
2024-04-11 05:00:00,5,1
2024-04-11 05:00:00,12,1
2024-04-11 05:00:00,24,1
2024-04-11 05:00:00,28,1
2024-04-11 05:00:00,39,1
2024-04-11 05:00:00,43,1
2024-04-11 05:00:00,47,1
2024-04-11 05:00:00,66,1
2024-04-11 05:00:00,70,1
2024-04-11 05:00:00,83,1
2024-04-11 05:00:00,84,1
2024-04-11 05:00:00,105,1
2024-04-11 05:00:00,116,1
2024-04-11 05:00:00,123,1
2024-04-11 05:00:00,131,1
2024-04-11 05:00:00,176,1
2024-04-11 05:00:00,197,1
2024-04-11 05:00:00,204,1
2024-04-11 05:00:00,214,1
2024-04-11 05:00:00,218,1
2024-04-11 05:00:00,221,1
2024-04-11 05:00:00,229,1
2024-04-11 05:00:00,262,1
2024-04-11 06:00:00,1,1
2024-04-11 06:00:00,16,2
2024-04-11 06:00:00,18,1
2024-04-11 06:00:00,20,1
2024-04-11 06:00:00,24,1
2024-04-11 06:00:00,32,1
2024-04-11 06:00:00,53,1
2024-04-11 06:00:00,63,1
2024-04-11 06:00:00,71,1
2024-04-11 06:00:00,77,1
2024-04-11 06:00:00,82,1
2024-04-11 06:00:00,83,1
2024-04-11 06:00:00,90,1
2024-04-11 06:00:00,94,1
2024-04-11 06:00:00,95,1
2024-04-11 06:00:00,104,1
2024-04-11 06:00:00,107,1
2024-04-11 06:00:00,121,1
2024-04-11 06:00:00,133,1
2024-04-11 06:00:00,139,1
2024-04-11 06:00:00,147,1
2024-04-11 06:00:00,150,2
2024-04-11 06:00:00,159,1
2024-04-11 06:00:00,176,1
2024-04-11 06:00:00,178,1
2024-04-11 06:00:00,179,1
2024-04-11 06:00:00,208,1
2024-04-11 06:00:00,210,1
2024-04-11 06:00:00,215,1
2024-04-11 06:00:00,245,1
2024-04-11 06:00:00,257,1
2024-04-11 06:00:00,263,1
2024-04-11 07:00:00,6,1
2024-04-11 07:00:00,14,1
2024-04-11 07:00:00,16,2
2024-04-11 07:00:00,18,1
2024-04-11 07:00:00,32,1
2024-04-11 07:00:00,33,1
2024-04-11 07:00:00,34,1
2024-04-11 07:00:00,44,1
2024-04-11 07:00:00,47,1
2024-04-11 07:00:00,57,1
2024-04-11 07:00:00,59,1
2024-04-11 07:00:00,64,1
2024-04-11 07:00:00,77,1
2024-04-11 07:00:00,84,1
2024-04-11 07:00:00,94,1
2024-04-11 07:00:00,104,1
2024-04-11 07:00:00,130,1
2024-04-11 07:00:00,133,1
2024-04-11 07:00:00,140,1
2024-04-11 07:00:00,143,1
2024-04-11 07:00:00,145,1
2024-04-11 07:00:00,153,1
2024-04-11 07:00:00,159,1
2024-04-11 07:00:00,174,1
2024-04-11 07:00:00,184,1
2024-04-11 07:00:00,191,1
2024-04-11 07:00:00,192,2
2024-04-11 07:00:00,205,1
2024-04-11 07:00:00,225,2
2024-04-11 07:00:00,244,1
2024-04-11 07:00:00,250,1
2024-04-11 08:00:00,2,1
2024-04-11 08:00:00,11,1
2024-04-11 08:00:00,14,1
2024-04-11 08:00:00,21,1
2024-04-11 08:00:00,31,1
2024-04-11 08:00:00,54,1
2024-04-11 08:00:00,59,1
2024-04-11 08:00:00,68,1
2024-04-11 08:00:00,97,1
2024-04-11 08:00:00,98,1
2024-04-11 08:00:00,101,1
2024-04-11 08:00:00,108,1
2024-04-11 08:00:00,112,1
2024-04-11 08:00:00,125,1
2024-04-11 08:00:00,129,1
2024-04-11 08:00:00,133,1
2024-04-11 08:00:00,139,1
2024-04-11 08:00:00,145,1
2024-04-11 08:00:00,153,1
2024-04-11 08:00:00,169,1
2024-04-11 08:00:00,173,1
2024-04-11 08:00:00,182,1
2024-04-11 08:00:00,184,1
2024-04-11 08:00:00,229,1
2024-04-11 08:00:00,232,1
2024-04-11 08:00:00,236,1
2024-04-11 08:00:00,250,1
2024-04-11 08:00:00,255,1
2024-04-11 08:00:00,259,1
2024-04-11 09:00:00,25,1
2024-04-11 09:00:00,31,1
2024-04-11 09:00:00,36,1
2024-04-11 09:00:00,41,1
2024-04-11 09:00:00,42,1
2024-04-11 09:00:00,43,1
2024-04-11 09:00:00,70,1
2024-04-11 09:00:00,73,1
2024-04-11 09:00:00,78,1
2024-04-11 09:00:00,83,1
2024-04-11 09:00:00,85,1
2024-04-11 09:00:00,110,1
2024-04-11 09:00:00,121,1
2024-04-11 09:00:00,125,1
2024-04-11 09:00:00,152,1
2024-04-11 09:00:00,158,1
2024-04-11 09:00:00,163,1
2024-04-11 09:00:00,165,1
2024-04-11 09:00:00,179,1
2024-04-11 09:00:00,181,1
2024-04-11 09:00:00,185,1
2024-04-11 09:00:00,200,1
2024-04-11 09:00:00,206,1
2024-04-11 09:00:00,208,1
2024-04-11 09:00:00,233,1
2024-04-11 09:00:00,236,2
2024-04-11 09:00:00,238,1
2024-04-11 09:00:00,246,1
2024-04-11 09:00:00,250,1
2024-04-11 09:00:00,254,1
2024-04-11 10:00:00,5,1
2024-04-11 10:00:00,9,1
2024-04-11 10:00:00,12,1
2024-04-11 10:00:00,37,2
2024-04-11 10:00:00,54,1
2024-04-11 10:00:00,70,1
2024-04-11 10:00:00,72,1
2024-04-11 10:00:00,74,1
2024-04-11 10:00:00,79,1
2024-04-11 10:00:00,82,1
2024-04-11 10:00:00,100,2
2024-04-11 10:00:00,108,1
2024-04-11 10:00:00,129,1
2024-04-11 10:00:00,141,1
2024-04-11 10:00:00,145,1
2024-04-11 10:00:00,156,1
2024-04-11 10:00:00,158,1
2024-04-11 10:00:00,181,1
2024-04-11 10:00:00,189,1
2024-04-11 10:00:00,194,1
2024-04-11 10:00:00,207,1
2024-04-11 10:00:00,217,1
2024-04-11 10:00:00,231,1
2024-04-11 10:00:00,232,1
2024-04-11 10:00:00,261,1
2024-04-11 11:00:00,7,1
2024-04-11 11:00:00,8,1
2024-04-11 11:00:00,34,1
2024-04-11 11:00:00,45,1
2024-04-11 11:00:00,54,1
2024-04-11 11:00:00,55,1
2024-04-11 11:00:00,65,1
2024-04-11 11:00:00,69,2
2024-04-11 11:00:00,85,1
2024-04-11 11:00:00,91,1
2024-04-11 11:00:00,119,1
2024-04-11 11:00:00,120,1
2024-04-11 11:00:00,130,1
2024-04-11 11:00:00,143,1
2024-04-11 11:00:00,153,1
2024-04-11 11:00:00,158,1
2024-04-11 11:00:00,159,1
2024-04-11 11:00:00,164,1
2024-04-11 11:00:00,168,1
2024-04-11 11:00:00,169,1
2024-04-11 11:00:00,186,1
2024-04-11 11:00:00,196,1
2024-04-11 11:00:00,200,1
2024-04-11 11:00:00,217,1
2024-04-11 11:00:00,224,1
2024-04-11 11:00:00,229,1
2024-04-11 11:00:00,254,1
2024-04-11 11:00:00,255,1
2024-04-11 12:00:00,2,1
2024-04-11 12:00:00,3,1
2024-04-11 12:00:00,12,1
2024-04-11 12:00:00,20,1
2024-04-11 12:00:00,29,1
2024-04-11 12:00:00,49,1
2024-04-11 12:00:00,56,1
2024-04-11 12:00:00,61,2
2024-04-11 12:00:00,64,1
2024-04-11 12:00:00,71,3
2024-04-11 12:00:00,74,1
2024-04-11 12:00:00,81,1
2024-04-11 12:00:00,83,1
2024-04-11 12:00:00,85,1
2024-04-11 12:00:00,87,1
2024-04-11 12:00:00,91,1
2024-04-11 12:00:00,100,1
2024-04-11 12:00:00,103,1
2024-04-11 12:00:00,131,1
2024-04-11 12:00:00,136,1
2024-04-11 12:00:00,140,1
2024-04-11 12:00:00,156,1
2024-04-11 12:00:00,164,1
2024-04-11 12:00:00,176,1
2024-04-11 12:00:00,179,1
2024-04-11 12:00:00,180,1
2024-04-11 12:00:00,189,1
2024-04-11 12:00:00,195,1
2024-04-11 12:00:00,213,1
2024-04-11 12:00:00,234,1
2024-04-11 12:00:00,250,1
2024-04-11 12:00:00,257,1
2024-04-11 12:00:00,261,1
2024-04-11 13:00:00,1,1
2024-04-11 13:00:00,6,1
2024-04-11 13:00:00,7,1
2024-04-11 13:00:00,10,1
2024-04-11 13:00:00,15,1
2024-04-11 13:00:00,16,1
2024-04-11 13:00:00,26,1
2024-04-11 13:00:00,34,1
2024-04-11 13:00:00,38,1
2024-04-11 13:00:00,44,1
2024-04-11 13:00:00,82,1
2024-04-11 13:00:00,86,1
2024-04-11 13:00:00,93,1
2024-04-11 13:00:00,103,1
2024-04-11 13:00:00,113,1
2024-04-11 13:00:00,119,1
2024-04-11 13:00:00,121,1
2024-04-11 13:00:00,122,1
2024-04-11 13:00:00,129,1
2024-04-11 13:00:00,130,1
2024-04-11 13:00:00,132,1
2024-04-11 13:00:00,137,1
2024-04-11 13:00:00,140,1
2024-04-11 13:00:00,156,1
2024-04-11 13:00:00,160,1
2024-04-11 13:00:00,169,1
2024-04-11 13:00:00,186,1
2024-04-11 13:00:00,254,2
2024-04-11 13:00:00,259,1
2024-04-11 14:00:00,50,1
2024-04-11 14:00:00,53,1
2024-04-11 14:00:00,60,1
2024-04-11 14:00:00,66,1
2024-04-11 14:00:00,77,1
2024-04-11 14:00:00,83,1
2024-04-11 14:00:00,92,1
2024-04-11 14:00:00,100,2
2024-04-11 14:00:00,104,1
2024-04-11 14:00:00,112,1
2024-04-11 14:00:00,115,1
2024-04-11 14:00:00,118,1
2024-04-11 14:00:00,119,1
2024-04-11 14:00:00,134,1
2024-04-11 14:00:00,137,1
2024-04-11 14:00:00,143,1
2024-04-11 14:00:00,159,1
2024-04-11 14:00:00,189,1
2024-04-11 14:00:00,210,1
2024-04-11 14:00:00,213,1
2024-04-11 14:00:00,219,1
2024-04-11 14:00:00,222,1
2024-04-11 14:00:00,248,1
2024-04-11 15:00:00,15,1
2024-04-11 15:00:00,33,1
2024-04-11 15:00:00,46,1
2024-04-11 15:00:00,59,1
2024-04-11 15:00:00,72,2
2024-04-11 15:00:00,83,1
2024-04-11 15:00:00,89,2
2024-04-11 15:00:00,90,1
2024-04-11 15:00:00,108,1
2024-04-11 15:00:00,110,1
2024-04-11 15:00:00,121,1
2024-04-11 15:00:00,129,1
2024-04-11 15:00:00,131,1
2024-04-11 15:00:00,142,1
2024-04-11 15:00:00,144,1
2024-04-11 15:00:00,153,1
2024-04-11 15:00:00,155,1
2024-04-11 15:00:00,177,1
2024-04-11 15:00:00,178,1
2024-04-11 15:00:00,197,1
2024-04-11 15:00:00,249,1
2024-04-11 15:00:00,250,1
2024-04-11 15:00:00,263,1
2024-04-11 16:00:00,4,1
2024-04-11 16:00:00,10,1
2024-04-11 16:00:00,11,1
2024-04-11 16:00:00,29,1
2024-04-11 16:00:00,32,1
2024-04-11 16:00:00,34,1
2024-04-11 16:00:00,37,1
2024-04-11 16:00:00,46,1
2024-04-11 16:00:00,49,1
2024-04-11 16:00:00,60,1
2024-04-11 16:00:00,64,2
2024-04-11 16:00:00,78,2
2024-04-11 16:00:00,86,1
2024-04-11 16:00:00,112,1
2024-04-11 16:00:00,118,1
2024-04-11 16:00:00,129,1
2024-04-11 16:00:00,138,1
2024-04-11 16:00:00,158,1
2024-04-11 16:00:00,165,1
2024-04-11 16:00:00,187,1
2024-04-11 16:00:00,195,1
2024-04-11 16:00:00,201,1
2024-04-11 16:00:00,204,1
2024-04-11 16:00:00,226,1
2024-04-11 16:00:00,250,1
2024-04-11 16:00:00,254,1
2024-04-11 16:00:00,261,1
2024-04-11 17:00:00,3,1
2024-04-11 17:00:00,9,1
2024-04-11 17:00:00,14,1
2024-04-11 17:00:00,26,1
2024-04-11 17:00:00,27,1
2024-04-11 17:00:00,28,1
2024-04-11 17:00:00,34,1
2024-04-11 17:00:00,35,1
2024-04-11 17:00:00,41,1
2024-04-11 17:00:00,42,1
2024-04-11 17:00:00,63,1
2024-04-11 17:00:00,67,1
2024-04-11 17:00:00,72,1
2024-04-11 17:00:00,80,1
2024-04-11 17:00:00,101,1
2024-04-11 17:00:00,104,1
2024-04-11 17:00:00,109,1
2024-04-11 17:00:00,121,1
2024-04-11 17:00:00,134,1
2024-04-11 17:00:00,172,1
2024-04-11 17:00:00,189,1
2024-04-11 17:00:00,191,2
2024-04-11 17:00:00,202,1
2024-04-11 17:00:00,226,1
2024-04-11 17:00:00,235,1
2024-04-11 17:00:00,243,1
2024-04-11 17:00:00,248,1
2024-04-11 18:00:00,49,1
2024-04-11 18:00:00,59,1
2024-04-11 18:00:00,76,1
2024-04-11 18:00:00,79,1
2024-04-11 18:00:00,85,1
2024-04-11 18:00:00,93,1
2024-04-11 18:00:00,96,1
2024-04-11 18:00:00,106,2
2024-04-11 18:00:00,150,1
2024-04-11 18:00:00,174,1
2024-04-11 18:00:00,180,1
2024-04-11 18:00:00,190,1
2024-04-11 18:00:00,194,2
2024-04-11 18:00:00,200,1
2024-04-11 18:00:00,229,1
2024-04-11 18:00:00,240,2
2024-04-11 18:00:00,251,2
2024-04-11 18:00:00,259,1
2024-04-11 19:00:00,9,1
2024-04-11 19:00:00,17,1
2024-04-11 19:00:00,28,1
2024-04-11 19:00:00,35,1
2024-04-11 19:00:00,61,1
2024-04-11 19:00:00,62,1
2024-04-11 19:00:00,77,1
2024-04-11 19:00:00,85,1
2024-04-11 19:00:00,90,1
2024-04-11 19:00:00,91,1
2024-04-11 19:00:00,103,1
2024-04-11 19:00:00,108,1
2024-04-11 19:00:00,119,1
2024-04-11 19:00:00,144,1
2024-04-11 19:00:00,172,1
2024-04-11 19:00:00,177,1
2024-04-11 19:00:00,180,1
2024-04-11 19:00:00,183,1
2024-04-11 19:00:00,196,1
2024-04-11 19:00:00,199,1
2024-04-11 19:00:00,207,1
2024-04-11 19:00:00,209,1
2024-04-11 19:00:00,211,1
2024-04-11 19:00:00,212,1
2024-04-11 19:00:00,221,2
2024-04-11 19:00:00,227,1
2024-04-11 19:00:00,257,1
2024-04-11 19:00:00,261,1
2024-04-11 20:00:00,21,1
2024-04-11 20:00:00,26,1
2024-04-11 20:00:00,27,1
2024-04-11 20:00:00,31,1
2024-04-11 20:00:00,32,1
2024-04-11 20:00:00,45,1
2024-04-11 20:00:00,52,1
2024-04-11 20:00:00,54,1
2024-04-11 20:00:00,58,1
2024-04-11 20:00:00,75,1
2024-04-11 20:00:00,77,1
2024-04-11 20:00:00,80,1
2024-04-11 20:00:00,88,1
2024-04-11 20:00:00,95,1
2024-04-11 20:00:00,114,1
2024-04-11 20:00:00,127,1
2024-04-11 20:00:00,130,1
2024-04-11 20:00:00,132,1
2024-04-11 20:00:00,151,2
2024-04-11 20:00:00,169,1
2024-04-11 20:00:00,215,1
2024-04-11 20:00:00,217,1
2024-04-11 20:00:00,225,1
2024-04-11 20:00:00,241,1
2024-04-11 21:00:00,5,2
2024-04-11 21:00:00,13,1
2024-04-11 21:00:00,17,1
2024-04-11 21:00:00,44,1
2024-04-11 21:00:00,75,1
2024-04-11 21:00:00,87,1
2024-04-11 21:00:00,120,1
2024-04-11 21:00:00,124,1
2024-04-11 21:00:00,165,1
2024-04-11 21:00:00,174,1
2024-04-11 21:00:00,200,1
2024-04-11 21:00:00,214,2
2024-04-11 21:00:00,227,1
2024-04-11 21:00:00,234,1
2024-04-11 21:00:00,252,1
2024-04-11 21:00:00,253,1
2024-04-11 21:00:00,256,1
2024-04-11 21:00:00,261,1
2024-04-11 21:00:00,263,1
2024-04-11 22:00:00,16,1
2024-04-11 22:00:00,20,1
2024-04-11 22:00:00,22,1
2024-04-11 22:00:00,25,1
2024-04-11 22:00:00,30,1
2024-04-11 22:00:00,33,1
2024-04-11 22:00:00,39,1
2024-04-11 22:00:00,40,1
2024-04-11 22:00:00,43,2
2024-04-11 22:00:00,47,1
2024-04-11 22:00:00,53,1
2024-04-11 22:00:00,59,1
2024-04-11 22:00:00,78,1
2024-04-11 22:00:00,106,1
2024-04-11 22:00:00,107,1
2024-04-11 22:00:00,143,1
2024-04-11 22:00:00,146,1
2024-04-11 22:00:00,192,1
2024-04-11 22:00:00,195,1
2024-04-11 22:00:00,216,1
2024-04-11 22:00:00,228,1
2024-04-11 22:00:00,236,1
2024-04-11 22:00:00,237,1
2024-04-11 22:00:00,243,1
2024-04-11 22:00:00,253,1
2024-04-11 22:00:00,255,1
2024-04-11 23:00:00,3,2
2024-04-11 23:00:00,15,1
2024-04-11 23:00:00,22,1
2024-04-11 23:00:00,48,2
2024-04-11 23:00:00,79,1
2024-04-11 23:00:00,88,1
2024-04-11 23:00:00,90,1
2024-04-11 23:00:00,122,1
2024-04-11 23:00:00,126,1
2024-04-11 23:00:00,127,1
2024-04-11 23:00:00,128,1
2024-04-11 23:00:00,132,1
2024-04-11 23:00:00,141,1
2024-04-11 23:00:00,150,1
2024-04-11 23:00:00,190,1
2024-04-11 23:00:00,191,1
2024-04-11 23:00:00,197,1
2024-04-11 23:00:00,199,1
2024-04-11 23:00:00,208,1
2024-04-11 23:00:00,222,1
2024-04-11 23:00:00,229,1
2024-04-11 23:00:00,240,1
2024-04-11 23:00:00,244,1
2024-04-11 23:00:00,254,1
2024-04-12 00:00:00,15,1
2024-04-12 00:00:00,44,1
2024-04-12 00:00:00,48,1
2024-04-12 00:00:00,52,1
2024-04-12 00:00:00,73,1
2024-04-12 00:00:00,79,1
2024-04-12 00:00:00,81,1
2024-04-12 00:00:00,107,2
2024-04-12 00:00:00,110,1
2024-04-12 00:00:00,114,1
2024-04-12 00:00:00,120,2
2024-04-12 00:00:00,147,1
2024-04-12 00:00:00,148,1
2024-04-12 00:00:00,154,1
2024-04-12 00:00:00,172,1
2024-04-12 00:00:00,173,1
2024-04-12 00:00:00,190,1
2024-04-12 00:00:00,191,1
2024-04-12 00:00:00,212,1
2024-04-12 00:00:00,214,2
2024-04-12 00:00:00,238,1
2024-04-12 00:00:00,242,1
2024-04-12 00:00:00,252,1
2024-04-12 01:00:00,1,1
2024-04-12 01:00:00,4,1
2024-04-12 01:00:00,18,1
2024-04-12 01:00:00,29,1
2024-04-12 01:00:00,42,1
2024-04-12 01:00:00,44,1
2024-04-12 01:00:00,48,1
2024-04-12 01:00:00,51,1
2024-04-12 01:00:00,64,1
2024-04-12 01:00:00,88,1
2024-04-12 01:00:00,115,1
2024-04-12 01:00:00,119,1
2024-04-12 01:00:00,122,1
2024-04-12 01:00:00,123,1
2024-04-12 01:00:00,128,1
2024-04-12 01:00:00,130,1
2024-04-12 01:00:00,132,1
2024-04-12 01:00:00,142,1
2024-04-12 01:00:00,154,1
2024-04-12 01:00:00,156,1
2024-04-12 01:00:00,158,1
2024-04-12 01:00:00,203,1
2024-04-12 01:00:00,213,1
2024-04-12 01:00:00,218,1
2024-04-12 01:00:00,227,1
2024-04-12 01:00:00,259,1
2024-04-12 01:00:00,260,1
2024-04-12 02:00:00,4,1
2024-04-12 02:00:00,5,1
2024-04-12 02:00:00,12,1
2024-04-12 02:00:00,24,1
2024-04-12 02:00:00,28,1
2024-04-12 02:00:00,41,1
2024-04-12 02:00:00,52,1
2024-04-12 02:00:00,61,1
2024-04-12 02:00:00,65,1
2024-04-12 02:00:00,73,1
2024-04-12 02:00:00,75,1
2024-04-12 02:00:00,83,1
2024-04-12 02:00:00,96,1
2024-04-12 02:00:00,98,1
2024-04-12 02:00:00,127,1
2024-04-12 02:00:00,129,1
2024-04-12 02:00:00,140,1
2024-04-12 02:00:00,181,1
2024-04-12 02:00:00,190,1
2024-04-12 02:00:00,193,1
2024-04-12 02:00:00,195,1
2024-04-12 02:00:00,201,1
2024-04-12 02:00:00,203,1
2024-04-12 02:00:00,220,2
2024-04-12 02:00:00,225,1
2024-04-12 02:00:00,229,1
2024-04-12 02:00:00,233,1
2024-04-12 02:00:00,249,1
2024-04-12 03:00:00,9,1
2024-04-12 03:00:00,11,1
2024-04-12 03:00:00,30,1
2024-04-12 03:00:00,31,1
2024-04-12 03:00:00,34,1
2024-04-12 03:00:00,50,1
2024-04-12 03:00:00,51,1
2024-04-12 03:00:00,60,1
2024-04-12 03:00:00,64,1
2024-04-12 03:00:00,70,1
2024-04-12 03:00:00,75,1
2024-04-12 03:00:00,102,1
2024-04-12 03:00:00,105,1
2024-04-12 03:00:00,109,1
2024-04-12 03:00:00,110,1
2024-04-12 03:00:00,116,1
2024-04-12 03:00:00,123,1
2024-04-12 03:00:00,130,1
2024-04-12 03:00:00,131,1
2024-04-12 03:00:00,132,1
2024-04-12 03:00:00,186,1
2024-04-12 03:00:00,198,1
2024-04-12 03:00:00,215,1
2024-04-12 03:00:00,226,2
2024-04-12 03:00:00,230,1
2024-04-12 03:00:00,235,1
2024-04-12 03:00:00,251,1
2024-04-12 03:00:00,259,1
2024-04-12 03:00:00,261,1
2024-04-12 03:00:00,262,1
2024-04-12 04:00:00,5,1
2024-04-12 04:00:00,9,1
2024-04-12 04:00:00,13,1
2024-04-12 04:00:00,22,1
2024-04-12 04:00:00,36,1
2024-04-12 04:00:00,37,1
2024-04-12 04:00:00,53,1
2024-04-12 04:00:00,76,1
2024-04-12 04:00:00,83,1
2024-04-12 04:00:00,102,1
2024-04-12 04:00:00,118,1
2024-04-12 04:00:00,123,1
2024-04-12 04:00:00,150,1
2024-04-12 04:00:00,154,1
2024-04-12 04:00:00,164,1
2024-04-12 04:00:00,180,1
2024-04-12 04:00:00,203,1
2024-04-12 04:00:00,208,1
2024-04-12 04:00:00,224,2
2024-04-12 04:00:00,230,1
2024-04-12 04:00:00,234,1
2024-04-12 04:00:00,244,1
2024-04-12 04:00:00,259,1
2024-04-12 04:00:00,261,1
2024-04-12 05:00:00,1,1
2024-04-12 05:00:00,8,1
2024-04-12 05:00:00,19,1
2024-04-12 05:00:00,20,1
2024-04-12 05:00:00,22,1
2024-04-12 05:00:00,42,2
2024-04-12 05:00:00,81,1
2024-04-12 05:00:00,99,1
2024-04-12 05:00:00,104,1
2024-04-12 05:00:00,113,1
2024-04-12 05:00:00,130,1
2024-04-12 05:00:00,135,1
2024-04-12 05:00:00,139,1
2024-04-12 05:00:00,140,1
2024-04-12 05:00:00,154,1
2024-04-12 05:00:00,173,1
2024-04-12 05:00:00,184,1
2024-04-12 05:00:00,201,1
2024-04-12 05:00:00,202,1
2024-04-12 05:00:00,206,1
2024-04-12 05:00:00,237,1
2024-04-12 05:00:00,251,1
2024-04-12 06:00:00,3,1
2024-04-12 06:00:00,9,1
2024-04-12 06:00:00,25,1
2024-04-12 06:00:00,28,1
2024-04-12 06:00:00,40,1
2024-04-12 06:00:00,43,1
2024-04-12 06:00:00,56,1
2024-04-12 06:00:00,59,1
2024-04-12 06:00:00,62,1
2024-04-12 06:00:00,90,1
2024-04-12 06:00:00,103,1
2024-04-12 06:00:00,120,1
2024-04-12 06:00:00,124,1
2024-04-12 06:00:00,133,1
2024-04-12 06:00:00,136,1
2024-04-12 06:00:00,146,2
2024-04-12 06:00:00,169,1
2024-04-12 06:00:00,175,2
2024-04-12 06:00:00,200,1
2024-04-12 06:00:00,209,1
2024-04-12 06:00:00,213,1
2024-04-12 06:00:00,222,1
2024-04-12 06:00:00,231,1
2024-04-12 06:00:00,234,1
2024-04-12 06:00:00,243,1
2024-04-12 06:00:00,247,1
2024-04-12 07:00:00,16,1
2024-04-12 07:00:00,22,1
2024-04-12 07:00:00,31,1
2024-04-12 07:00:00,35,1
2024-04-12 07:00:00,54,1
2024-04-12 07:00:00,56,1
2024-04-12 07:00:00,57,1
2024-04-12 07:00:00,61,1
2024-04-12 07:00:00,67,1
2024-04-12 07:00:00,68,1
2024-04-12 07:00:00,78,1
2024-04-12 07:00:00,85,1
2024-04-12 07:00:00,102,1
2024-04-12 07:00:00,112,1
2024-04-12 07:00:00,123,1
2024-04-12 07:00:00,136,1
2024-04-12 07:00:00,142,1
2024-04-12 07:00:00,143,1
2024-04-12 07:00:00,150,1
2024-04-12 07:00:00,151,1
2024-04-12 07:00:00,162,2
2024-04-12 07:00:00,187,2
2024-04-12 07:00:00,192,1
2024-04-12 07:00:00,198,1
2024-04-12 07:00:00,207,1
2024-04-12 07:00:00,218,1
2024-04-12 07:00:00,228,1
2024-04-12 07:00:00,235,1
2024-04-12 07:00:00,244,1
2024-04-12 07:00:00,249,1
2024-04-12 07:00:00,263,1
2024-04-12 08:00:00,20,1
2024-04-12 08:00:00,30,1
2024-04-12 08:00:00,31,1
2024-04-12 08:00:00,32,1
2024-04-12 08:00:00,36,1
2024-04-12 08:00:00,40,1
2024-04-12 08:00:00,56,1
2024-04-12 08:00:00,65,1
2024-04-12 08:00:00,69,1
2024-04-12 08:00:00,71,1
2024-04-12 08:00:00,82,1
2024-04-12 08:00:00,93,1
2024-04-12 08:00:00,106,1
2024-04-12 08:00:00,111,1
2024-04-12 08:00:00,121,1
2024-04-12 08:00:00,141,1
2024-04-12 08:00:00,143,1
2024-04-12 08:00:00,154,1
2024-04-12 08:00:00,172,1
2024-04-12 08:00:00,198,1
2024-04-12 08:00:00,210,1
2024-04-12 08:00:00,223,1
2024-04-12 08:00:00,248,1
2024-04-12 09:00:00,5,1
2024-04-12 09:00:00,14,1
2024-04-12 09:00:00,15,1
2024-04-12 09:00:00,64,1
2024-04-12 09:00:00,83,1
2024-04-12 09:00:00,97,1
2024-04-12 09:00:00,99,1
2024-04-12 09:00:00,104,1
2024-04-12 09:00:00,105,1
2024-04-12 09:00:00,112,1
2024-04-12 09:00:00,124,1
2024-04-12 09:00:00,128,1
2024-04-12 09:00:00,131,1
2024-04-12 09:00:00,143,2
2024-04-12 09:00:00,144,1
2024-04-12 09:00:00,148,1
2024-04-12 09:00:00,154,1
2024-04-12 09:00:00,163,1
2024-04-12 09:00:00,171,1
2024-04-12 09:00:00,182,1
2024-04-12 09:00:00,203,1
2024-04-12 09:00:00,208,1
2024-04-12 09:00:00,211,1
2024-04-12 09:00:00,221,1
2024-04-12 09:00:00,226,1
2024-04-12 09:00:00,232,1
2024-04-12 09:00:00,242,1
2024-04-12 10:00:00,9,1
2024-04-12 10:00:00,14,1
2024-04-12 10:00:00,39,1
2024-04-12 10:00:00,47,1
2024-04-12 10:00:00,52,1
2024-04-12 10:00:00,66,1
2024-04-12 10:00:00,72,1
2024-04-12 10:00:00,94,1
2024-04-12 10:00:00,123,1
2024-04-12 10:00:00,126,1
2024-04-12 10:00:00,138,1
2024-04-12 10:00:00,139,1
2024-04-12 10:00:00,141,1
2024-04-12 10:00:00,145,1
2024-04-12 10:00:00,147,1
2024-04-12 10:00:00,166,1
2024-04-12 10:00:00,179,1
2024-04-12 10:00:00,185,1
2024-04-12 10:00:00,204,1
2024-04-12 10:00:00,205,1
2024-04-12 10:00:00,213,1
2024-04-12 10:00:00,218,1
2024-04-12 10:00:00,225,1
2024-04-12 10:00:00,230,1
2024-04-12 10:00:00,234,1
2024-04-12 10:00:00,240,1
2024-04-12 10:00:00,255,1
2024-04-12 10:00:00,256,1
2024-04-12 11:00:00,29,1
2024-04-12 11:00:00,30,1
2024-04-12 11:00:00,51,1
2024-04-12 11:00:00,71,1
2024-04-12 11:00:00,73,1
2024-04-12 11:00:00,90,2
2024-04-12 11:00:00,93,1
2024-04-12 11:00:00,96,1
2024-04-12 11:00:00,107,1
2024-04-12 11:00:00,110,1
2024-04-12 11:00:00,121,1
2024-04-12 11:00:00,152,1
2024-04-12 11:00:00,164,1
2024-04-12 11:00:00,168,1
2024-04-12 11:00:00,180,1
2024-04-12 11:00:00,182,1
2024-04-12 11:00:00,186,1
2024-04-12 11:00:00,188,1
2024-04-12 11:00:00,189,1
2024-04-12 11:00:00,193,1
2024-04-12 11:00:00,203,1
2024-04-12 11:00:00,204,2
2024-04-12 11:00:00,209,2
2024-04-12 11:00:00,210,1
2024-04-12 11:00:00,218,1
2024-04-12 11:00:00,228,1
2024-04-12 11:00:00,233,1
2024-04-12 12:00:00,3,1
2024-04-12 12:00:00,11,1
2024-04-12 12:00:00,18,1
2024-04-12 12:00:00,19,1
2024-04-12 12:00:00,23,1
2024-04-12 12:00:00,49,1
2024-04-12 12:00:00,81,2
2024-04-12 12:00:00,83,2
2024-04-12 12:00:00,85,1
2024-04-12 12:00:00,88,1
2024-04-12 12:00:00,107,1
2024-04-12 12:00:00,108,1
2024-04-12 12:00:00,125,1
2024-04-12 12:00:00,137,1
2024-04-12 12:00:00,140,1
2024-04-12 12:00:00,153,1
2024-04-12 12:00:00,167,1
2024-04-12 12:00:00,170,1
2024-04-12 12:00:00,174,2
2024-04-12 12:00:00,179,1
2024-04-12 12:00:00,181,1
2024-04-12 12:00:00,211,1
2024-04-12 12:00:00,220,1
2024-04-12 12:00:00,238,1
2024-04-12 12:00:00,250,1
2024-04-12 13:00:00,4,1
2024-04-12 13:00:00,24,1
2024-04-12 13:00:00,26,2
2024-04-12 13:00:00,27,1
2024-04-12 13:00:00,36,1
2024-04-12 13:00:00,63,1
2024-04-12 13:00:00,73,1
2024-04-12 13:00:00,84,1
2024-04-12 13:00:00,87,1
2024-04-12 13:00:00,93,2
2024-04-12 13:00:00,112,1
2024-04-12 13:00:00,116,1
2024-04-12 13:00:00,118,1
2024-04-12 13:00:00,121,1
2024-04-12 13:00:00,136,1
2024-04-12 13:00:00,137,1
2024-04-12 13:00:00,140,1
2024-04-12 13:00:00,141,1
2024-04-12 13:00:00,159,1
2024-04-12 13:00:00,167,1
2024-04-12 13:00:00,168,1
2024-04-12 13:00:00,195,1
2024-04-12 13:00:00,203,1
2024-04-12 13:00:00,213,1
2024-04-12 13:00:00,230,1
2024-04-12 13:00:00,243,1
2024-04-12 13:00:00,246,1
2024-04-12 13:00:00,262,1
2024-04-12 14:00:00,9,1
2024-04-12 14:00:00,12,1
2024-04-12 14:00:00,18,1
2024-04-12 14:00:00,21,1
2024-04-12 14:00:00,28,1
2024-04-12 14:00:00,33,1
2024-04-12 14:00:00,36,1
2024-04-12 14:00:00,74,2
2024-04-12 14:00:00,83,1
2024-04-12 14:00:00,87,1
2024-04-12 14:00:00,98,1
2024-04-12 14:00:00,110,1
2024-04-12 14:00:00,116,1
2024-04-12 14:00:00,123,1
2024-04-12 14:00:00,133,1
2024-04-12 14:00:00,137,1
2024-04-12 14:00:00,138,1
2024-04-12 14:00:00,187,1
2024-04-12 14:00:00,198,1
2024-04-12 14:00:00,212,1
2024-04-12 14:00:00,224,1
2024-04-12 14:00:00,225,1
2024-04-12 14:00:00,234,1
2024-04-12 14:00:00,244,1
2024-04-12 14:00:00,247,1
2024-04-12 15:00:00,4,1
2024-04-12 15:00:00,6,1
2024-04-12 15:00:00,23,1
2024-04-12 15:00:00,25,1
2024-04-12 15:00:00,26,1
2024-04-12 15:00:00,28,1
2024-04-12 15:00:00,29,1
2024-04-12 15:00:00,41,1
2024-04-12 15:00:00,45,1
2024-04-12 15:00:00,52,1
2024-04-12 15:00:00,63,1
2024-04-12 15:00:00,73,1
2024-04-12 15:00:00,89,1
2024-04-12 15:00:00,93,2
2024-04-12 15:00:00,106,2
2024-04-12 15:00:00,122,1
2024-04-12 15:00:00,169,1
2024-04-12 15:00:00,182,1
2024-04-12 15:00:00,184,1
2024-04-12 15:00:00,186,1
2024-04-12 15:00:00,188,1
2024-04-12 15:00:00,194,1
2024-04-12 15:00:00,197,1
2024-04-12 15:00:00,216,1
2024-04-12 15:00:00,220,1
2024-04-12 15:00:00,246,1
2024-04-12 15:00:00,248,2
2024-04-12 15:00:00,251,1
2024-04-12 15:00:00,260,1
2024-04-12 16:00:00,5,1
2024-04-12 16:00:00,7,1
2024-04-12 16:00:00,25,1
2024-04-12 16:00:00,27,1
2024-04-12 16:00:00,49,1
2024-04-12 16:00:00,50,1
2024-04-12 16:00:00,57,1
2024-04-12 16:00:00,73,1
2024-04-12 16:00:00,80,1
2024-04-12 16:00:00,85,1
2024-04-12 16:00:00,93,1
2024-04-12 16:00:00,109,1
2024-04-12 16:00:00,131,1
2024-04-12 16:00:00,144,1
2024-04-12 16:00:00,145,1
2024-04-12 16:00:00,203,1
2024-04-12 16:00:00,205,1
2024-04-12 16:00:00,208,1
2024-04-12 16:00:00,219,1
2024-04-12 16:00:00,225,1
2024-04-12 16:00:00,236,1
2024-04-12 16:00:00,242,1
2024-04-12 16:00:00,246,1
2024-04-12 17:00:00,11,1
2024-04-12 17:00:00,28,1
2024-04-12 17:00:00,42,1
2024-04-12 17:00:00,49,1
2024-04-12 17:00:00,53,1
2024-04-12 17:00:00,76,1
2024-04-12 17:00:00,90,1
2024-04-12 17:00:00,94,1
2024-04-12 17:00:00,111,1
2024-04-12 17:00:00,135,1
2024-04-12 17:00:00,153,1
2024-04-12 17:00:00,156,1
2024-04-12 17:00:00,161,1
2024-04-12 17:00:00,180,1
2024-04-12 17:00:00,199,1
2024-04-12 17:00:00,202,1
2024-04-12 17:00:00,207,1
2024-04-12 17:00:00,217,2
2024-04-12 17:00:00,221,1
2024-04-12 17:00:00,236,1
2024-04-12 17:00:00,241,1
2024-04-12 17:00:00,250,1
2024-04-12 17:00:00,251,1
2024-04-12 17:00:00,255,1
2024-04-12 17:00:00,261,1
2024-04-12 18:00:00,3,1
2024-04-12 18:00:00,5,1
2024-04-12 18:00:00,12,1
2024-04-12 18:00:00,26,1
2024-04-12 18:00:00,32,1
2024-04-12 18:00:00,55,1
2024-04-12 18:00:00,60,1
2024-04-12 18:00:00,66,1
2024-04-12 18:00:00,80,1
2024-04-12 18:00:00,98,1
2024-04-12 18:00:00,102,1
2024-04-12 18:00:00,104,1
2024-04-12 18:00:00,119,1
2024-04-12 18:00:00,124,1
2024-04-12 18:00:00,128,1
2024-04-12 18:00:00,134,1
2024-04-12 18:00:00,147,1
2024-04-12 18:00:00,153,1
2024-04-12 18:00:00,156,1
2024-04-12 18:00:00,175,1
2024-04-12 18:00:00,178,1
2024-04-12 18:00:00,192,1
2024-04-12 18:00:00,196,1
2024-04-12 18:00:00,214,1
2024-04-12 18:00:00,220,1
2024-04-12 18:00:00,224,1
2024-04-12 18:00:00,230,1
2024-04-12 18:00:00,251,1
2024-04-12 18:00:00,259,1
2024-04-12 19:00:00,73,1
2024-04-12 19:00:00,93,1
2024-04-12 19:00:00,96,1
2024-04-12 19:00:00,115,1
2024-04-12 19:00:00,125,1
2024-04-12 19:00:00,133,2
2024-04-12 19:00:00,135,1
2024-04-12 19:00:00,147,1
2024-04-12 19:00:00,160,1
2024-04-12 19:00:00,164,1
2024-04-12 19:00:00,166,1
2024-04-12 19:00:00,183,1
2024-04-12 19:00:00,217,1
2024-04-12 19:00:00,227,1
2024-04-12 19:00:00,230,1
2024-04-12 19:00:00,246,1
2024-04-12 20:00:00,14,1
2024-04-12 20:00:00,29,1
2024-04-12 20:00:00,33,1
2024-04-12 20:00:00,53,1
2024-04-12 20:00:00,67,1
2024-04-12 20:00:00,77,1
2024-04-12 20:00:00,91,1
2024-04-12 20:00:00,101,1
2024-04-12 20:00:00,109,1
2024-04-12 20:00:00,117,1
2024-04-12 20:00:00,128,1
2024-04-12 20:00:00,133,1
2024-04-12 20:00:00,141,1
2024-04-12 20:00:00,143,1
2024-04-12 20:00:00,149,1
2024-04-12 20:00:00,164,1
2024-04-12 20:00:00,183,1
2024-04-12 20:00:00,191,1
2024-04-12 20:00:00,215,1
2024-04-12 20:00:00,216,1
2024-04-12 20:00:00,231,1
2024-04-12 20:00:00,233,1
2024-04-12 20:00:00,243,1
2024-04-12 20:00:00,252,1
2024-04-12 20:00:00,255,1
2024-04-12 21:00:00,23,1
2024-04-12 21:00:00,26,1
2024-04-12 21:00:00,39,1
2024-04-12 21:00:00,69,1
2024-04-12 21:00:00,88,1
2024-04-12 21:00:00,96,1
2024-04-12 21:00:00,100,1
2024-04-12 21:00:00,120,1
2024-04-12 21:00:00,125,1
2024-04-12 21:00:00,129,1
2024-04-12 21:00:00,130,1
2024-04-12 21:00:00,142,1
2024-04-12 21:00:00,146,1
2024-04-12 21:00:00,150,1
2024-04-12 21:00:00,177,1
2024-04-12 21:00:00,179,1
2024-04-12 21:00:00,187,1
2024-04-12 21:00:00,191,1
2024-04-12 21:00:00,199,1
2024-04-12 21:00:00,207,1
2024-04-12 21:00:00,211,1
2024-04-12 21:00:00,224,1
2024-04-12 21:00:00,231,1
2024-04-12 21:00:00,232,1
2024-04-12 21:00:00,260,1
2024-04-12 22:00:00,5,1
2024-04-12 22:00:00,21,1
2024-04-12 22:00:00,32,1
2024-04-12 22:00:00,45,1
2024-04-12 22:00:00,53,1
2024-04-12 22:00:00,65,1
2024-04-12 22:00:00,66,1
2024-04-12 22:00:00,72,1
2024-04-12 22:00:00,83,1
2024-04-12 22:00:00,93,1
2024-04-12 22:00:00,98,1
2024-04-12 22:00:00,123,1
2024-04-12 22:00:00,152,1
2024-04-12 22:00:00,158,1
2024-04-12 22:00:00,165,1
2024-04-12 22:00:00,184,1
2024-04-12 22:00:00,190,1
2024-04-12 22:00:00,222,1
2024-04-12 22:00:00,227,1
2024-04-12 22:00:00,234,1
2024-04-12 22:00:00,246,1
2024-04-12 22:00:00,247,1
2024-04-12 22:00:00,255,1
2024-04-12 22:00:00,260,1
2024-04-12 23:00:00,11,1
2024-04-12 23:00:00,26,1
2024-04-12 23:00:00,37,2
2024-04-12 23:00:00,38,1
2024-04-12 23:00:00,40,1
2024-04-12 23:00:00,62,1
2024-04-12 23:00:00,70,1
2024-04-12 23:00:00,71,1
2024-04-12 23:00:00,76,1
2024-04-12 23:00:00,79,1
2024-04-12 23:00:00,86,1
2024-04-12 23:00:00,95,1
2024-04-12 23:00:00,110,1
2024-04-12 23:00:00,125,3
2024-04-12 23:00:00,126,1
2024-04-12 23:00:00,137,1
2024-04-12 23:00:00,139,1
2024-04-12 23:00:00,140,1
2024-04-12 23:00:00,143,1
2024-04-12 23:00:00,154,1
2024-04-12 23:00:00,157,1
2024-04-12 23:00:00,160,1
2024-04-12 23:00:00,182,1
2024-04-12 23:00:00,196,1
2024-04-12 23:00:00,203,1
2024-04-12 23:00:00,207,1
2024-04-12 23:00:00,212,1
2024-04-12 23:00:00,218,2
2024-04-12 23:00:00,223,1
2024-04-12 23:00:00,224,1
2024-04-12 23:00:00,230,1
2024-04-12 23:00:00,250,2
2024-04-12 23:00:00,251,1
2024-04-12 23:00:00,256,1
2024-04-12 23:00:00,258,1
2024-04-12 23:00:00,261,1
2024-04-13 00:00:00,16,2
2024-04-13 00:00:00,21,1
2024-04-13 00:00:00,38,1
2024-04-13 00:00:00,56,1
2024-04-13 00:00:00,66,1
2024-04-13 00:00:00,74,1
2024-04-13 00:00:00,92,1
2024-04-13 00:00:00,98,1
2024-04-13 00:00:00,106,1
2024-04-13 00:00:00,114,1
2024-04-13 00:00:00,124,1
2024-04-13 00:00:00,135,1
2024-04-13 00:00:00,139,1
2024-04-13 00:00:00,147,1
2024-04-13 00:00:00,152,2
2024-04-13 00:00:00,154,1
2024-04-13 00:00:00,156,1
2024-04-13 00:00:00,160,1
2024-04-13 00:00:00,162,1
2024-04-13 00:00:00,176,1
2024-04-13 00:00:00,180,1
2024-04-13 00:00:00,204,1
2024-04-13 00:00:00,211,1
2024-04-13 00:00:00,213,1
2024-04-13 00:00:00,215,1
2024-04-13 00:00:00,222,1
2024-04-13 00:00:00,230,1
2024-04-13 00:00:00,239,1
2024-04-13 00:00:00,249,1
2024-04-13 00:00:00,250,1
2024-04-13 00:00:00,251,1
2024-04-13 00:00:00,257,1
2024-04-13 01:00:00,4,1
2024-04-13 01:00:00,5,1
2024-04-13 01:00:00,25,1
2024-04-13 01:00:00,31,1
2024-04-13 01:00:00,37,1
2024-04-13 01:00:00,41,1
2024-04-13 01:00:00,69,1
2024-04-13 01:00:00,78,1
2024-04-13 01:00:00,94,1
2024-04-13 01:00:00,100,1
2024-04-13 01:00:00,103,1
2024-04-13 01:00:00,106,2
2024-04-13 01:00:00,114,1
2024-04-13 01:00:00,118,2
2024-04-13 01:00:00,134,1
2024-04-13 01:00:00,194,1
2024-04-13 01:00:00,205,1
2024-04-13 01:00:00,219,1
2024-04-13 01:00:00,228,1
2024-04-13 01:00:00,242,2
2024-04-13 01:00:00,244,1
2024-04-13 02:00:00,21,1
2024-04-13 02:00:00,27,1
2024-04-13 02:00:00,30,1
2024-04-13 02:00:00,35,1
2024-04-13 02:00:00,62,1
2024-04-13 02:00:00,70,1
2024-04-13 02:00:00,86,1
2024-04-13 02:00:00,87,3
2024-04-13 02:00:00,102,1
2024-04-13 02:00:00,112,1
2024-04-13 02:00:00,134,1
2024-04-13 02:00:00,164,1
2024-04-13 02:00:00,170,1
2024-04-13 02:00:00,175,1
2024-04-13 02:00:00,179,1
2024-04-13 02:00:00,193,1
2024-04-13 02:00:00,194,2
2024-04-13 02:00:00,202,1
2024-04-13 02:00:00,214,1
2024-04-13 02:00:00,221,1
2024-04-13 02:00:00,242,1
2024-04-13 02:00:00,246,1
2024-04-13 02:00:00,251,1
2024-04-13 02:00:00,259,1
2024-04-13 03:00:00,2,1
2024-04-13 03:00:00,28,1
2024-04-13 03:00:00,36,1
2024-04-13 03:00:00,42,1
2024-04-13 03:00:00,53,1
2024-04-13 03:00:00,61,1
2024-04-13 03:00:00,62,1
2024-04-13 03:00:00,64,1
2024-04-13 03:00:00,70,1
2024-04-13 03:00:00,87,1
2024-04-13 03:00:00,97,1
2024-04-13 03:00:00,105,1
2024-04-13 03:00:00,106,1
2024-04-13 03:00:00,126,1
2024-04-13 03:00:00,132,1
2024-04-13 03:00:00,149,1
2024-04-13 03:00:00,154,1
2024-04-13 03:00:00,176,1
2024-04-13 03:00:00,182,1
2024-04-13 03:00:00,184,1
2024-04-13 03:00:00,208,1
2024-04-13 03:00:00,217,1
2024-04-13 03:00:00,220,1
2024-04-13 03:00:00,221,1
2024-04-13 03:00:00,245,1
2024-04-13 03:00:00,249,1
2024-04-13 03:00:00,251,1
2024-04-13 04:00:00,1,1
2024-04-13 04:00:00,11,1
2024-04-13 04:00:00,13,1
2024-04-13 04:00:00,25,1
2024-04-13 04:00:00,31,1
2024-04-13 04:00:00,34,1
2024-04-13 04:00:00,37,1
2024-04-13 04:00:00,42,1
2024-04-13 04:00:00,66,1
2024-04-13 04:00:00,72,2
2024-04-13 04:00:00,77,1
2024-04-13 04:00:00,93,1
2024-04-13 04:00:00,94,1
2024-04-13 04:00:00,96,1
2024-04-13 04:00:00,102,1
2024-04-13 04:00:00,105,1
2024-04-13 04:00:00,127,1
2024-04-13 04:00:00,131,1
2024-04-13 04:00:00,147,1
2024-04-13 04:00:00,172,1
2024-04-13 04:00:00,173,1
2024-04-13 04:00:00,179,1
2024-04-13 04:00:00,186,1
2024-04-13 04:00:00,198,1
2024-04-13 04:00:00,214,2
2024-04-13 04:00:00,218,1
2024-04-13 04:00:00,219,1
2024-04-13 04:00:00,225,1
2024-04-13 04:00:00,227,1
2024-04-13 04:00:00,230,1
2024-04-13 04:00:00,233,1
2024-04-13 04:00:00,248,1
2024-04-13 04:00:00,249,1
2024-04-13 04:00:00,251,1
2024-04-13 04:00:00,258,1
2024-04-13 05:00:00,13,1
2024-04-13 05:00:00,24,1
2024-04-13 05:00:00,28,1
2024-04-13 05:00:00,40,1
2024-04-13 05:00:00,57,1
2024-04-13 05:00:00,59,1
2024-04-13 05:00:00,79,1
2024-04-13 05:00:00,83,1
2024-04-13 05:00:00,85,1
2024-04-13 05:00:00,100,1
2024-04-13 05:00:00,109,1
2024-04-13 05:00:00,114,1
2024-04-13 05:00:00,115,1
2024-04-13 05:00:00,124,1
2024-04-13 05:00:00,127,1
2024-04-13 05:00:00,128,1
2024-04-13 05:00:00,129,1
2024-04-13 05:00:00,135,1
2024-04-13 05:00:00,136,1
2024-04-13 05:00:00,142,1
2024-04-13 05:00:00,155,1
2024-04-13 05:00:00,168,1
2024-04-13 05:00:00,181,1
2024-04-13 05:00:00,208,1
2024-04-13 05:00:00,217,1
2024-04-13 05:00:00,224,1
2024-04-13 05:00:00,232,1
2024-04-13 05:00:00,234,2
2024-04-13 05:00:00,247,1
2024-04-13 05:00:00,252,1
2024-04-13 05:00:00,258,1
2024-04-13 05:00:00,263,1
2024-04-13 06:00:00,17,1
2024-04-13 06:00:00,27,1
2024-04-13 06:00:00,48,1
2024-04-13 06:00:00,52,1
2024-04-13 06:00:00,60,1
2024-04-13 06:00:00,71,1
2024-04-13 06:00:00,86,1
2024-04-13 06:00:00,94,1
2024-04-13 06:00:00,100,1
2024-04-13 06:00:00,103,1
2024-04-13 06:00:00,108,1
2024-04-13 06:00:00,113,1
2024-04-13 06:00:00,124,1
2024-04-13 06:00:00,125,1
2024-04-13 06:00:00,129,1
2024-04-13 06:00:00,161,1
2024-04-13 06:00:00,162,1
2024-04-13 06:00:00,172,1
2024-04-13 06:00:00,184,1
2024-04-13 06:00:00,186,1
2024-04-13 06:00:00,188,1
2024-04-13 06:00:00,193,1
2024-04-13 06:00:00,212,1
2024-04-13 06:00:00,220,1
2024-04-13 06:00:00,227,1
2024-04-13 06:00:00,244,1
2024-04-13 06:00:00,245,1
2024-04-13 06:00:00,254,1
2024-04-13 07:00:00,2,1
2024-04-13 07:00:00,11,1
2024-04-13 07:00:00,16,1
2024-04-13 07:00:00,23,1
2024-04-13 07:00:00,27,1
2024-04-13 07:00:00,34,1
2024-04-13 07:00:00,36,1
2024-04-13 07:00:00,39,1
2024-04-13 07:00:00,44,1
2024-04-13 07:00:00,66,1
2024-04-13 07:00:00,74,1
2024-04-13 07:00:00,142,1
2024-04-13 07:00:00,169,1
2024-04-13 07:00:00,194,1
2024-04-13 07:00:00,210,1
2024-04-13 07:00:00,215,1
2024-04-13 07:00:00,218,1
2024-04-13 07:00:00,225,1
2024-04-13 07:00:00,239,1
2024-04-13 07:00:00,262,1
2024-04-13 07:00:00,263,1
2024-04-13 08:00:00,6,1
2024-04-13 08:00:00,9,1
2024-04-13 08:00:00,36,1
2024-04-13 08:00:00,70,1
2024-04-13 08:00:00,75,1
2024-04-13 08:00:00,81,1
2024-04-13 08:00:00,93,1
2024-04-13 08:00:00,109,1
2024-04-13 08:00:00,111,1
2024-04-13 08:00:00,121,1
2024-04-13 08:00:00,123,1
2024-04-13 08:00:00,127,1
2024-04-13 08:00:00,144,1
2024-04-13 08:00:00,147,1
2024-04-13 08:00:00,154,1
2024-04-13 08:00:00,158,1
2024-04-13 08:00:00,164,1
2024-04-13 08:00:00,171,1
2024-04-13 08:00:00,177,1
2024-04-13 08:00:00,208,1
2024-04-13 08:00:00,225,1
2024-04-13 08:00:00,233,1
2024-04-13 08:00:00,250,1
2024-04-13 08:00:00,254,1
2024-04-13 09:00:00,3,1
2024-04-13 09:00:00,10,1
2024-04-13 09:00:00,27,1
2024-04-13 09:00:00,30,2
2024-04-13 09:00:00,40,1
2024-04-13 09:00:00,48,1
2024-04-13 09:00:00,49,1
2024-04-13 09:00:00,50,1
2024-04-13 09:00:00,56,1
2024-04-13 09:00:00,62,1
2024-04-13 09:00:00,72,1
2024-04-13 09:00:00,75,1
2024-04-13 09:00:00,79,1
2024-04-13 09:00:00,82,1
2024-04-13 09:00:00,92,2
2024-04-13 09:00:00,97,1
2024-04-13 09:00:00,106,1
2024-04-13 09:00:00,110,1
2024-04-13 09:00:00,130,1
2024-04-13 09:00:00,132,1
2024-04-13 09:00:00,135,1
2024-04-13 09:00:00,150,1
2024-04-13 09:00:00,169,1
2024-04-13 09:00:00,182,1
2024-04-13 09:00:00,187,1
2024-04-13 09:00:00,209,1
2024-04-13 09:00:00,214,1
2024-04-13 09:00:00,216,1
2024-04-13 09:00:00,230,1
2024-04-13 09:00:00,233,1
2024-04-13 09:00:00,258,1
2024-04-13 09:00:00,261,1
2024-04-13 10:00:00,2,1
2024-04-13 10:00:00,6,1
2024-04-13 10:00:00,29,1
2024-04-13 10:00:00,36,1
2024-04-13 10:00:00,47,1
2024-04-13 10:00:00,62,1
2024-04-13 10:00:00,67,1
2024-04-13 10:00:00,70,1
2024-04-13 10:00:00,79,1
2024-04-13 10:00:00,96,1
2024-04-13 10:00:00,102,1
2024-04-13 10:00:00,103,1
2024-04-13 10:00:00,115,1
2024-04-13 10:00:00,116,1
2024-04-13 10:00:00,126,1
2024-04-13 10:00:00,131,1
2024-04-13 10:00:00,133,1
2024-04-13 10:00:00,135,1
2024-04-13 10:00:00,141,1
2024-04-13 10:00:00,145,1
2024-04-13 10:00:00,154,1
2024-04-13 10:00:00,155,1
2024-04-13 10:00:00,161,1
2024-04-13 10:00:00,166,1
2024-04-13 10:00:00,175,1
2024-04-13 10:00:00,179,1
2024-04-13 10:00:00,194,1
2024-04-13 10:00:00,201,1
2024-04-13 10:00:00,215,1
2024-04-13 10:00:00,219,1
2024-04-13 10:00:00,234,1
2024-04-13 10:00:00,241,1
2024-04-13 10:00:00,244,1
2024-04-13 11:00:00,1,1
2024-04-13 11:00:00,3,1
2024-04-13 11:00:00,20,1
2024-04-13 11:00:00,23,1
2024-04-13 11:00:00,24,1
2024-04-13 11:00:00,27,2
2024-04-13 11:00:00,30,1
2024-04-13 11:00:00,46,1
2024-04-13 11:00:00,49,1
2024-04-13 11:00:00,73,1
2024-04-13 11:00:00,93,1
2024-04-13 11:00:00,95,1
2024-04-13 11:00:00,103,1
2024-04-13 11:00:00,105,1
2024-04-13 11:00:00,134,1
2024-04-13 11:00:00,139,1
2024-04-13 11:00:00,155,1
2024-04-13 11:00:00,164,2
2024-04-13 11:00:00,166,1
2024-04-13 11:00:00,167,1
2024-04-13 11:00:00,174,1
2024-04-13 11:00:00,195,1
2024-04-13 11:00:00,197,1
2024-04-13 11:00:00,206,1
2024-04-13 11:00:00,217,1
2024-04-13 11:00:00,219,2
2024-04-13 11:00:00,243,1
2024-04-13 11:00:00,244,1
2024-04-13 11:00:00,246,1
2024-04-13 12:00:00,5,1
2024-04-13 12:00:00,16,1
2024-04-13 12:00:00,21,1
2024-04-13 12:00:00,26,1
2024-04-13 12:00:00,27,2
2024-04-13 12:00:00,53,1
2024-04-13 12:00:00,61,2
2024-04-13 12:00:00,63,1
2024-04-13 12:00:00,65,1
2024-04-13 12:00:00,72,1
2024-04-13 12:00:00,101,1
2024-04-13 12:00:00,102,1
2024-04-13 12:00:00,103,1
2024-04-13 12:00:00,106,1
2024-04-13 12:00:00,122,1
2024-04-13 12:00:00,125,1
2024-04-13 12:00:00,129,1
2024-04-13 12:00:00,141,1
2024-04-13 12:00:00,149,1
2024-04-13 12:00:00,185,1
2024-04-13 12:00:00,200,1
2024-04-13 12:00:00,207,1
2024-04-13 12:00:00,208,1
2024-04-13 12:00:00,238,1
2024-04-13 13:00:00,14,1
2024-04-13 13:00:00,17,1
2024-04-13 13:00:00,32,1
2024-04-13 13:00:00,46,1
2024-04-13 13:00:00,74,1
2024-04-13 13:00:00,77,1
2024-04-13 13:00:00,81,1
2024-04-13 13:00:00,82,1
2024-04-13 13:00:00,115,1
2024-04-13 13:00:00,134,1
2024-04-13 13:00:00,136,1
2024-04-13 13:00:00,147,1
2024-04-13 13:00:00,182,1
2024-04-13 13:00:00,185,1
2024-04-13 13:00:00,202,1
2024-04-13 13:00:00,206,1
2024-04-13 13:00:00,212,1
2024-04-13 13:00:00,232,1
2024-04-13 13:00:00,252,1
2024-04-13 13:00:00,258,1
2024-04-13 14:00:00,3,1
2024-04-13 14:00:00,13,1
2024-04-13 14:00:00,17,1
2024-04-13 14:00:00,40,1
2024-04-13 14:00:00,62,1
2024-04-13 14:00:00,91,1
2024-04-13 14:00:00,100,1
2024-04-13 14:00:00,111,1
2024-04-13 14:00:00,113,1
2024-04-13 14:00:00,123,1
2024-04-13 14:00:00,145,1
2024-04-13 14:00:00,148,1
2024-04-13 14:00:00,165,1
2024-04-13 14:00:00,180,1
2024-04-13 14:00:00,197,1
2024-04-13 14:00:00,200,1
2024-04-13 14:00:00,201,1
2024-04-13 14:00:00,207,1
2024-04-13 14:00:00,210,1
2024-04-13 14:00:00,215,1
2024-04-13 14:00:00,221,1
2024-04-13 14:00:00,224,1
2024-04-13 14:00:00,225,1
2024-04-13 14:00:00,228,1
2024-04-13 14:00:00,241,1
2024-04-13 14:00:00,243,1
2024-04-13 14:00:00,246,2
2024-04-13 14:00:00,247,1
2024-04-13 14:00:00,248,1
2024-04-13 14:00:00,253,1
2024-04-13 14:00:00,254,1
2024-04-13 15:00:00,16,1
2024-04-13 15:00:00,25,2
2024-04-13 15:00:00,27,1
2024-04-13 15:00:00,30,1
2024-04-13 15:00:00,46,1
2024-04-13 15:00:00,49,1
2024-04-13 15:00:00,62,1
2024-04-13 15:00:00,63,1
2024-04-13 15:00:00,77,1
2024-04-13 15:00:00,78,1
2024-04-13 15:00:00,83,2
2024-04-13 15:00:00,89,1
2024-04-13 15:00:00,103,1
2024-04-13 15:00:00,137,1
2024-04-13 15:00:00,140,1
2024-04-13 15:00:00,144,1
2024-04-13 15:00:00,148,2
2024-04-13 15:00:00,149,1
2024-04-13 15:00:00,151,1
2024-04-13 15:00:00,159,1
2024-04-13 15:00:00,162,1
2024-04-13 15:00:00,171,1
2024-04-13 15:00:00,172,1
2024-04-13 15:00:00,179,1
2024-04-13 15:00:00,189,1
2024-04-13 15:00:00,197,1
2024-04-13 15:00:00,214,1
2024-04-13 15:00:00,217,1
2024-04-13 15:00:00,249,1
2024-04-13 15:00:00,256,1
2024-04-13 15:00:00,261,1
2024-04-13 16:00:00,5,1
2024-04-13 16:00:00,17,1
2024-04-13 16:00:00,44,1
2024-04-13 16:00:00,58,1
2024-04-13 16:00:00,61,1
2024-04-13 16:00:00,65,1
2024-04-13 16:00:00,69,1
2024-04-13 16:00:00,74,1
2024-04-13 16:00:00,80,1
2024-04-13 16:00:00,84,1
2024-04-13 16:00:00,110,1
2024-04-13 16:00:00,170,1
2024-04-13 16:00:00,185,1
2024-04-13 16:00:00,199,1
2024-04-13 16:00:00,205,1
2024-04-13 16:00:00,230,1
2024-04-13 16:00:00,237,2
2024-04-13 16:00:00,244,1
2024-04-13 16:00:00,247,1
2024-04-13 16:00:00,251,1
2024-04-13 16:00:00,254,1
2024-04-13 17:00:00,5,1
2024-04-13 17:00:00,13,1
2024-04-13 17:00:00,22,2
2024-04-13 17:00:00,39,1
2024-04-13 17:00:00,45,2
2024-04-13 17:00:00,51,1
2024-04-13 17:00:00,57,1
2024-04-13 17:00:00,59,1
2024-04-13 17:00:00,69,1
2024-04-13 17:00:00,72,1
2024-04-13 17:00:00,77,1
2024-04-13 17:00:00,80,1
2024-04-13 17:00:00,124,1
2024-04-13 17:00:00,140,1
2024-04-13 17:00:00,150,1
2024-04-13 17:00:00,158,1
2024-04-13 17:00:00,162,1
2024-04-13 17:00:00,183,1
2024-04-13 17:00:00,204,2
2024-04-13 17:00:00,206,1
2024-04-13 17:00:00,228,1
2024-04-13 17:00:00,239,1
2024-04-13 18:00:00,2,1
2024-04-13 18:00:00,8,2
2024-04-13 18:00:00,18,1
2024-04-13 18:00:00,19,1
2024-04-13 18:00:00,23,1
2024-04-13 18:00:00,52,1
2024-04-13 18:00:00,56,1
2024-04-13 18:00:00,81,1
2024-04-13 18:00:00,100,1
2024-04-13 18:00:00,104,1
2024-04-13 18:00:00,105,1
2024-04-13 18:00:00,106,1
2024-04-13 18:00:00,117,1
2024-04-13 18:00:00,128,1
2024-04-13 18:00:00,136,1
2024-04-13 18:00:00,141,1
2024-04-13 18:00:00,149,1
2024-04-13 18:00:00,167,1
2024-04-13 18:00:00,168,1
2024-04-13 18:00:00,188,1
2024-04-13 18:00:00,189,1
2024-04-13 18:00:00,199,1
2024-04-13 18:00:00,213,1
2024-04-13 18:00:00,220,1
2024-04-13 18:00:00,229,1
2024-04-13 18:00:00,236,1
2024-04-13 18:00:00,240,1
2024-04-13 18:00:00,249,2
2024-04-13 18:00:00,260,1
2024-04-13 19:00:00,4,1
2024-04-13 19:00:00,6,1
2024-04-13 19:00:00,18,1
2024-04-13 19:00:00,19,1
2024-04-13 19:00:00,39,1
2024-04-13 19:00:00,60,1
2024-04-13 19:00:00,63,1
2024-04-13 19:00:00,65,1
2024-04-13 19:00:00,67,1
2024-04-13 19:00:00,68,1
2024-04-13 19:00:00,70,1
2024-04-13 19:00:00,73,1
2024-04-13 19:00:00,92,1
2024-04-13 19:00:00,103,1
2024-04-13 19:00:00,109,1
2024-04-13 19:00:00,119,1
2024-04-13 19:00:00,128,1
2024-04-13 19:00:00,135,1
2024-04-13 19:00:00,145,1
2024-04-13 19:00:00,146,1
2024-04-13 19:00:00,149,1
2024-04-13 19:00:00,155,1
2024-04-13 19:00:00,185,1
2024-04-13 19:00:00,195,1
2024-04-13 19:00:00,199,1
2024-04-13 19:00:00,220,1
2024-04-13 19:00:00,223,1
2024-04-13 19:00:00,244,1
2024-04-13 19:00:00,250,1
2024-04-13 20:00:00,3,1
2024-04-13 20:00:00,4,1
2024-04-13 20:00:00,6,1
2024-04-13 20:00:00,19,1
2024-04-13 20:00:00,21,1
2024-04-13 20:00:00,27,1
2024-04-13 20:00:00,45,1
2024-04-13 20:00:00,50,1
2024-04-13 20:00:00,51,1
2024-04-13 20:00:00,56,1
2024-04-13 20:00:00,78,1
2024-04-13 20:00:00,96,1
2024-04-13 20:00:00,99,1
2024-04-13 20:00:00,100,1
2024-04-13 20:00:00,109,2
2024-04-13 20:00:00,114,1
2024-04-13 20:00:00,125,1
2024-04-13 20:00:00,129,1
2024-04-13 20:00:00,179,1
2024-04-13 20:00:00,188,1
2024-04-13 20:00:00,189,1
2024-04-13 20:00:00,195,1
2024-04-13 20:00:00,228,1
2024-04-13 20:00:00,233,1
2024-04-13 20:00:00,235,1
2024-04-13 20:00:00,237,1
2024-04-13 20:00:00,246,1
2024-04-13 20:00:00,249,2
2024-04-13 20:00:00,250,1
2024-04-13 21:00:00,12,1
2024-04-13 21:00:00,30,1
2024-04-13 21:00:00,43,1
2024-04-13 21:00:00,54,1
2024-04-13 21:00:00,99,1
2024-04-13 21:00:00,145,1
2024-04-13 21:00:00,151,1
2024-04-13 21:00:00,152,1
2024-04-13 21:00:00,158,1
2024-04-13 21:00:00,178,1
2024-04-13 21:00:00,186,1
2024-04-13 21:00:00,202,1
2024-04-13 21:00:00,235,1
2024-04-13 21:00:00,242,1
2024-04-13 21:00:00,247,1
2024-04-13 22:00:00,9,1
2024-04-13 22:00:00,25,1
2024-04-13 22:00:00,41,1
2024-04-13 22:00:00,48,1
2024-04-13 22:00:00,77,1
2024-04-13 22:00:00,89,1
2024-04-13 22:00:00,93,1
2024-04-13 22:00:00,106,1
2024-04-13 22:00:00,113,1
2024-04-13 22:00:00,124,1
2024-04-13 22:00:00,140,1
2024-04-13 22:00:00,142,2
2024-04-13 22:00:00,154,1
2024-04-13 22:00:00,157,1
2024-04-13 22:00:00,170,1
2024-04-13 22:00:00,171,1
2024-04-13 22:00:00,172,1
2024-04-13 22:00:00,186,1
2024-04-13 22:00:00,188,1
2024-04-13 22:00:00,206,1
2024-04-13 22:00:00,230,1
2024-04-13 22:00:00,232,1
2024-04-13 22:00:00,240,1
2024-04-13 22:00:00,256,1
2024-04-13 23:00:00,16,1
2024-04-13 23:00:00,25,1
2024-04-13 23:00:00,42,1
2024-04-13 23:00:00,44,1
2024-04-13 23:00:00,52,1
2024-04-13 23:00:00,57,1
2024-04-13 23:00:00,58,1
2024-04-13 23:00:00,77,1
2024-04-13 23:00:00,88,1
2024-04-13 23:00:00,122,1
2024-04-13 23:00:00,150,1
2024-04-13 23:00:00,153,1
2024-04-13 23:00:00,154,1
2024-04-13 23:00:00,162,1
2024-04-13 23:00:00,195,1
2024-04-13 23:00:00,222,1
2024-04-13 23:00:00,230,1
2024-04-13 23:00:00,235,1
2024-04-13 23:00:00,246,1
2024-04-13 23:00:00,252,1
2024-04-13 23:00:00,255,1
2024-04-13 23:00:00,258,1
2024-04-14 00:00:00,1,1
2024-04-14 00:00:00,5,1
2024-04-14 00:00:00,16,1
2024-04-14 00:00:00,42,1
2024-04-14 00:00:00,53,1
2024-04-14 00:00:00,58,1
2024-04-14 00:00:00,78,1
2024-04-14 00:00:00,84,1
2024-04-14 00:00:00,91,1
2024-04-14 00:00:00,95,1
2024-04-14 00:00:00,99,1
2024-04-14 00:00:00,107,1
2024-04-14 00:00:00,113,1
2024-04-14 00:00:00,116,1
2024-04-14 00:00:00,145,1
2024-04-14 00:00:00,151,1
2024-04-14 00:00:00,152,1
2024-04-14 00:00:00,180,1
2024-04-14 00:00:00,183,1
2024-04-14 00:00:00,187,2
2024-04-14 00:00:00,193,1
2024-04-14 00:00:00,197,1
2024-04-14 00:00:00,215,1
2024-04-14 00:00:00,218,1
2024-04-14 00:00:00,222,1
2024-04-14 00:00:00,237,1
2024-04-14 00:00:00,251,1
2024-04-14 00:00:00,253,1
2024-04-14 01:00:00,1,1
2024-04-14 01:00:00,7,1
2024-04-14 01:00:00,38,1
2024-04-14 01:00:00,55,1
2024-04-14 01:00:00,58,1
2024-04-14 01:00:00,61,1
2024-04-14 01:00:00,66,1
2024-04-14 01:00:00,67,1
2024-04-14 01:00:00,70,1
2024-04-14 01:00:00,81,1
2024-04-14 01:00:00,89,1
2024-04-14 01:00:00,91,2
2024-04-14 01:00:00,98,1
2024-04-14 01:00:00,103,1
2024-04-14 01:00:00,134,1
2024-04-14 01:00:00,147,1
2024-04-14 01:00:00,158,1
2024-04-14 01:00:00,171,1
2024-04-14 01:00:00,179,1
2024-04-14 01:00:00,217,1
2024-04-14 01:00:00,220,1
2024-04-14 01:00:00,230,1
2024-04-14 01:00:00,242,1
2024-04-14 01:00:00,252,1
2024-04-14 01:00:00,263,1
2024-04-14 02:00:00,6,1
2024-04-14 02:00:00,9,2
2024-04-14 02:00:00,22,1
2024-04-14 02:00:00,43,1
2024-04-14 02:00:00,48,1
2024-04-14 02:00:00,51,1
2024-04-14 02:00:00,55,1
2024-04-14 02:00:00,60,1
2024-04-14 02:00:00,69,1
2024-04-14 02:00:00,73,1
2024-04-14 02:00:00,86,1
2024-04-14 02:00:00,91,1
2024-04-14 02:00:00,100,1
2024-04-14 02:00:00,106,1
2024-04-14 02:00:00,119,1
2024-04-14 02:00:00,121,1
2024-04-14 02:00:00,123,1
2024-04-14 02:00:00,171,1
2024-04-14 02:00:00,186,1
2024-04-14 02:00:00,190,1
2024-04-14 02:00:00,193,1
2024-04-14 02:00:00,196,1
2024-04-14 02:00:00,244,1
2024-04-14 02:00:00,246,1
2024-04-14 02:00:00,250,1
2024-04-14 02:00:00,252,1
2024-04-14 02:00:00,254,1
2024-04-14 02:00:00,261,1
2024-04-14 03:00:00,1,1
2024-04-14 03:00:00,47,1
2024-04-14 03:00:00,54,1
2024-04-14 03:00:00,59,1
2024-04-14 03:00:00,69,1
2024-04-14 03:00:00,92,1
2024-04-14 03:00:00,103,2
2024-04-14 03:00:00,106,2
2024-04-14 03:00:00,111,1
2024-04-14 03:00:00,114,1
2024-04-14 03:00:00,134,1
2024-04-14 03:00:00,135,2
2024-04-14 03:00:00,142,2
2024-04-14 03:00:00,146,1
2024-04-14 03:00:00,147,1
2024-04-14 03:00:00,188,1
2024-04-14 03:00:00,189,1
2024-04-14 03:00:00,190,1
2024-04-14 03:00:00,192,1
2024-04-14 03:00:00,195,1
2024-04-14 03:00:00,216,1
2024-04-14 03:00:00,217,1
2024-04-14 03:00:00,226,1
2024-04-14 03:00:00,239,1
2024-04-14 03:00:00,261,1
2024-04-14 04:00:00,5,1
2024-04-14 04:00:00,11,1
2024-04-14 04:00:00,43,1
2024-04-14 04:00:00,66,1
2024-04-14 04:00:00,71,1
2024-04-14 04:00:00,77,1
2024-04-14 04:00:00,99,1
2024-04-14 04:00:00,107,2
2024-04-14 04:00:00,117,1
2024-04-14 04:00:00,131,1
2024-04-14 04:00:00,140,1
2024-04-14 04:00:00,147,1
2024-04-14 04:00:00,154,1
2024-04-14 04:00:00,163,1
2024-04-14 04:00:00,173,1
2024-04-14 04:00:00,188,1
2024-04-14 04:00:00,205,1
2024-04-14 04:00:00,207,1
2024-04-14 04:00:00,212,1
2024-04-14 04:00:00,225,2
2024-04-14 04:00:00,228,1
2024-04-14 04:00:00,239,1
2024-04-14 04:00:00,252,1
2024-04-14 04:00:00,253,1
2024-04-14 05:00:00,1,1
2024-04-14 05:00:00,9,1
2024-04-14 05:00:00,12,1
2024-04-14 05:00:00,15,1
2024-04-14 05:00:00,27,1
2024-04-14 05:00:00,31,1
2024-04-14 05:00:00,33,1
2024-04-14 05:00:00,35,1
2024-04-14 05:00:00,37,1
2024-04-14 05:00:00,43,1
2024-04-14 05:00:00,70,1
2024-04-14 05:00:00,78,1
2024-04-14 05:00:00,82,1
2024-04-14 05:00:00,88,1
2024-04-14 05:00:00,128,1
2024-04-14 05:00:00,132,1
2024-04-14 05:00:00,133,1
2024-04-14 05:00:00,138,1
2024-04-14 05:00:00,183,1
2024-04-14 05:00:00,187,1
2024-04-14 05:00:00,200,1
2024-04-14 05:00:00,207,1
2024-04-14 05:00:00,216,1
2024-04-14 05:00:00,231,1
2024-04-14 05:00:00,237,1
2024-04-14 05:00:00,243,1
2024-04-14 05:00:00,245,1
2024-04-14 05:00:00,250,1
2024-04-14 05:00:00,257,2
2024-04-14 05:00:00,260,1
2024-04-14 06:00:00,16,1
2024-04-14 06:00:00,26,1
2024-04-14 06:00:00,60,1
2024-04-14 06:00:00,70,1
2024-04-14 06:00:00,75,1
2024-04-14 06:00:00,80,1
2024-04-14 06:00:00,90,1
2024-04-14 06:00:00,92,1
2024-04-14 06:00:00,105,1
2024-04-14 06:00:00,110,1
2024-04-14 06:00:00,119,1
2024-04-14 06:00:00,123,1
2024-04-14 06:00:00,137,1
2024-04-14 06:00:00,155,1
2024-04-14 06:00:00,171,1
2024-04-14 06:00:00,173,1
2024-04-14 06:00:00,189,1
2024-04-14 06:00:00,194,1
2024-04-14 06:00:00,207,1
2024-04-14 06:00:00,221,1
2024-04-14 06:00:00,222,1
2024-04-14 06:00:00,238,1
2024-04-14 06:00:00,241,1
2024-04-14 06:00:00,250,1
2024-04-14 06:00:00,251,1
2024-04-14 07:00:00,14,1
2024-04-14 07:00:00,20,1
2024-04-14 07:00:00,28,1
2024-04-14 07:00:00,30,1
2024-04-14 07:00:00,84,1
2024-04-14 07:00:00,92,2
2024-04-14 07:00:00,109,1
2024-04-14 07:00:00,114,1
2024-04-14 07:00:00,118,1
2024-04-14 07:00:00,130,1
2024-04-14 07:00:00,134,1
2024-04-14 07:00:00,136,1
2024-04-14 07:00:00,192,1
2024-04-14 07:00:00,194,1
2024-04-14 07:00:00,197,1
2024-04-14 07:00:00,202,1
2024-04-14 07:00:00,213,1
2024-04-14 07:00:00,222,1
2024-04-14 07:00:00,231,1
2024-04-14 07:00:00,248,1
2024-04-14 07:00:00,255,1
2024-04-14 07:00:00,262,1
2024-04-14 08:00:00,1,1
2024-04-14 08:00:00,3,1
2024-04-14 08:00:00,21,1
2024-04-14 08:00:00,23,1
2024-04-14 08:00:00,25,1
2024-04-14 08:00:00,26,1
2024-04-14 08:00:00,28,1
2024-04-14 08:00:00,39,1
2024-04-14 08:00:00,46,1
2024-04-14 08:00:00,47,1
2024-04-14 08:00:00,64,1
2024-04-14 08:00:00,68,1
2024-04-14 08:00:00,75,1
2024-04-14 08:00:00,88,1
2024-04-14 08:00:00,89,1
2024-04-14 08:00:00,94,1
2024-04-14 08:00:00,103,2
2024-04-14 08:00:00,104,1
2024-04-14 08:00:00,105,1
2024-04-14 08:00:00,120,1
2024-04-14 08:00:00,121,1
2024-04-14 08:00:00,146,1
2024-04-14 08:00:00,157,1
2024-04-14 08:00:00,175,1
2024-04-14 08:00:00,176,1
2024-04-14 08:00:00,177,1
2024-04-14 08:00:00,189,1
2024-04-14 08:00:00,224,1
2024-04-14 08:00:00,237,1
2024-04-14 08:00:00,242,1
2024-04-14 08:00:00,252,1
2024-04-14 08:00:00,253,1
2024-04-14 09:00:00,2,1
2024-04-14 09:00:00,4,2
2024-04-14 09:00:00,16,1
2024-04-14 09:00:00,19,1
2024-04-14 09:00:00,24,1
2024-04-14 09:00:00,60,1
2024-04-14 09:00:00,63,1
2024-04-14 09:00:00,70,1
2024-04-14 09:00:00,72,1
2024-04-14 09:00:00,80,1
2024-04-14 09:00:00,81,1
2024-04-14 09:00:00,83,1
2024-04-14 09:00:00,93,1
2024-04-14 09:00:00,103,1
2024-04-14 09:00:00,110,1
2024-04-14 09:00:00,125,1
2024-04-14 09:00:00,132,1
2024-04-14 09:00:00,142,2
2024-04-14 09:00:00,152,1
2024-04-14 09:00:00,153,1
2024-04-14 09:00:00,161,1
2024-04-14 09:00:00,165,1
2024-04-14 09:00:00,167,1
2024-04-14 09:00:00,174,1
2024-04-14 09:00:00,180,1
2024-04-14 09:00:00,189,1
2024-04-14 09:00:00,191,1
2024-04-14 09:00:00,222,1
2024-04-14 09:00:00,239,1
2024-04-14 09:00:00,241,1
2024-04-14 09:00:00,243,1
2024-04-14 09:00:00,246,1
2024-04-14 09:00:00,258,1
2024-04-14 10:00:00,6,2
2024-04-14 10:00:00,9,1
2024-04-14 10:00:00,12,2
2024-04-14 10:00:00,17,2
2024-04-14 10:00:00,43,1
2024-04-14 10:00:00,46,1
2024-04-14 10:00:00,56,1
2024-04-14 10:00:00,57,1
2024-04-14 10:00:00,58,1
2024-04-14 10:00:00,64,1
2024-04-14 10:00:00,70,1
2024-04-14 10:00:00,72,1
2024-04-14 10:00:00,86,1
2024-04-14 10:00:00,95,1
2024-04-14 10:00:00,115,1
2024-04-14 10:00:00,117,1
2024-04-14 10:00:00,164,1
2024-04-14 10:00:00,183,1
2024-04-14 10:00:00,210,1
2024-04-14 10:00:00,215,1
2024-04-14 10:00:00,217,1
2024-04-14 10:00:00,223,1
2024-04-14 10:00:00,229,1
2024-04-14 10:00:00,230,1
2024-04-14 10:00:00,235,1
2024-04-14 10:00:00,236,1
2024-04-14 10:00:00,239,2
2024-04-14 10:00:00,248,1
2024-04-14 10:00:00,257,1
2024-04-14 11:00:00,2,1
2024-04-14 11:00:00,14,1
2024-04-14 11:00:00,16,1
2024-04-14 11:00:00,20,1
2024-04-14 11:00:00,35,1
2024-04-14 11:00:00,75,1
2024-04-14 11:00:00,77,1
2024-04-14 11:00:00,90,1
2024-04-14 11:00:00,99,1
2024-04-14 11:00:00,132,1
2024-04-14 11:00:00,142,1
2024-04-14 11:00:00,157,1
2024-04-14 11:00:00,161,1
2024-04-14 11:00:00,163,1
2024-04-14 11:00:00,167,1
2024-04-14 11:00:00,174,1
2024-04-14 11:00:00,186,1
2024-04-14 11:00:00,189,1
2024-04-14 11:00:00,204,1
2024-04-14 11:00:00,209,1
2024-04-14 11:00:00,219,1
2024-04-14 11:00:00,230,1
2024-04-14 11:00:00,234,1
2024-04-14 11:00:00,252,1
2024-04-14 12:00:00,9,1
2024-04-14 12:00:00,10,1
2024-04-14 12:00:00,11,1
2024-04-14 12:00:00,13,1
2024-04-14 12:00:00,17,1
2024-04-14 12:00:00,22,1
2024-04-14 12:00:00,34,1
2024-04-14 12:00:00,39,1
2024-04-14 12:00:00,53,1
2024-04-14 12:00:00,66,1
2024-04-14 12:00:00,69,1
2024-04-14 12:00:00,82,1
2024-04-14 12:00:00,84,1
2024-04-14 12:00:00,109,1
2024-04-14 12:00:00,110,1
2024-04-14 12:00:00,114,1
2024-04-14 12:00:00,123,1
2024-04-14 12:00:00,142,1
2024-04-14 12:00:00,145,1
2024-04-14 12:00:00,151,1
2024-04-14 12:00:00,154,1
2024-04-14 12:00:00,169,1
2024-04-14 12:00:00,171,1
2024-04-14 12:00:00,189,1
2024-04-14 12:00:00,211,1
2024-04-14 12:00:00,212,1
2024-04-14 12:00:00,213,1
2024-04-14 12:00:00,234,1
2024-04-14 12:00:00,237,1
2024-04-14 12:00:00,243,1
2024-04-14 12:00:00,248,1
2024-04-14 12:00:00,258,1
2024-04-14 13:00:00,10,2
2024-04-14 13:00:00,13,1
2024-04-14 13:00:00,29,1
2024-04-14 13:00:00,30,1
2024-04-14 13:00:00,46,1
2024-04-14 13:00:00,53,1
2024-04-14 13:00:00,59,1
2024-04-14 13:00:00,61,1
2024-04-14 13:00:00,70,1
2024-04-14 13:00:00,73,1
2024-04-14 13:00:00,83,1
2024-04-14 13:00:00,95,1
2024-04-14 13:00:00,115,1
2024-04-14 13:00:00,120,1
2024-04-14 13:00:00,121,1
2024-04-14 13:00:00,127,1
2024-04-14 13:00:00,128,1
2024-04-14 13:00:00,141,1
2024-04-14 13:00:00,142,1
2024-04-14 13:00:00,173,1
2024-04-14 13:00:00,181,1
2024-04-14 13:00:00,186,1
2024-04-14 13:00:00,234,1
2024-04-14 13:00:00,236,1
2024-04-14 13:00:00,254,1
2024-04-14 14:00:00,38,1
2024-04-14 14:00:00,56,1
2024-04-14 14:00:00,59,1
2024-04-14 14:00:00,67,1
2024-04-14 14:00:00,72,1
2024-04-14 14:00:00,81,1
2024-04-14 14:00:00,94,2
2024-04-14 14:00:00,101,1
2024-04-14 14:00:00,103,1
2024-04-14 14:00:00,110,1
2024-04-14 14:00:00,111,1
2024-04-14 14:00:00,116,1
2024-04-14 14:00:00,122,1
2024-04-14 14:00:00,140,2
2024-04-14 14:00:00,148,1
2024-04-14 14:00:00,149,1
2024-04-14 14:00:00,176,1
2024-04-14 14:00:00,187,1
2024-04-14 14:00:00,203,2
2024-04-14 14:00:00,208,1
2024-04-14 14:00:00,213,2
2024-04-14 14:00:00,222,1
2024-04-14 14:00:00,231,1
2024-04-14 14:00:00,238,1
2024-04-14 14:00:00,242,1
2024-04-14 14:00:00,246,1
2024-04-14 14:00:00,248,1
2024-04-14 14:00:00,255,1
2024-04-14 14:00:00,256,1
2024-04-14 15:00:00,13,1
2024-04-14 15:00:00,27,1
2024-04-14 15:00:00,35,1
2024-04-14 15:00:00,58,1
2024-04-14 15:00:00,59,1
2024-04-14 15:00:00,69,1
2024-04-14 15:00:00,78,2
2024-04-14 15:00:00,85,1
2024-04-14 15:00:00,98,1
2024-04-14 15:00:00,126,1
2024-04-14 15:00:00,137,1
2024-04-14 15:00:00,179,1
2024-04-14 15:00:00,180,1
2024-04-14 15:00:00,189,3
2024-04-14 15:00:00,193,1
2024-04-14 15:00:00,209,1
2024-04-14 15:00:00,212,1
2024-04-14 15:00:00,240,2
2024-04-14 15:00:00,250,1
2024-04-14 16:00:00,6,1
2024-04-14 16:00:00,69,1
2024-04-14 16:00:00,76,1
2024-04-14 16:00:00,84,1
2024-04-14 16:00:00,88,1
2024-04-14 16:00:00,119,1
2024-04-14 16:00:00,128,1
2024-04-14 16:00:00,141,1
2024-04-14 16:00:00,153,1
2024-04-14 16:00:00,168,1
2024-04-14 16:00:00,171,1
2024-04-14 16:00:00,188,1
2024-04-14 16:00:00,189,1
2024-04-14 16:00:00,198,2
2024-04-14 16:00:00,206,1
2024-04-14 16:00:00,209,1
2024-04-14 16:00:00,221,1
2024-04-14 16:00:00,222,1
2024-04-14 16:00:00,232,1
2024-04-14 16:00:00,242,1
2024-04-14 16:00:00,245,1
2024-04-14 16:00:00,249,1
2024-04-14 17:00:00,2,1
2024-04-14 17:00:00,17,1
2024-04-14 17:00:00,46,1
2024-04-14 17:00:00,87,1
2024-04-14 17:00:00,102,1
2024-04-14 17:00:00,109,1
2024-04-14 17:00:00,110,2
2024-04-14 17:00:00,126,1
2024-04-14 17:00:00,129,1
2024-04-14 17:00:00,143,1
2024-04-14 17:00:00,169,1
2024-04-14 17:00:00,174,1
2024-04-14 17:00:00,181,1
2024-04-14 17:00:00,182,1
2024-04-14 17:00:00,189,1
2024-04-14 17:00:00,195,1
2024-04-14 17:00:00,199,1
2024-04-14 17:00:00,203,1
2024-04-14 17:00:00,215,1
2024-04-14 17:00:00,223,1
2024-04-14 17:00:00,246,2
2024-04-14 18:00:00,16,1
2024-04-14 18:00:00,18,2
2024-04-14 18:00:00,19,1
2024-04-14 18:00:00,20,1
2024-04-14 18:00:00,32,1
2024-04-14 18:00:00,37,1
2024-04-14 18:00:00,41,1
2024-04-14 18:00:00,50,1
2024-04-14 18:00:00,56,1
2024-04-14 18:00:00,57,2
2024-04-14 18:00:00,67,1
2024-04-14 18:00:00,77,1
2024-04-14 18:00:00,79,1
2024-04-14 18:00:00,94,1
2024-04-14 18:00:00,95,1
2024-04-14 18:00:00,105,1
2024-04-14 18:00:00,112,1
2024-04-14 18:00:00,119,1
2024-04-14 18:00:00,136,1
2024-04-14 18:00:00,139,1
2024-04-14 18:00:00,177,1
2024-04-14 18:00:00,178,1
2024-04-14 18:00:00,199,1
2024-04-14 18:00:00,207,1
2024-04-14 18:00:00,237,1
2024-04-14 18:00:00,242,1
2024-04-14 18:00:00,247,1
2024-04-14 18:00:00,248,1
2024-04-14 19:00:00,8,1
2024-04-14 19:00:00,11,1
2024-04-14 19:00:00,16,1
2024-04-14 19:00:00,26,2
2024-04-14 19:00:00,30,1
2024-04-14 19:00:00,33,1
2024-04-14 19:00:00,34,1
2024-04-14 19:00:00,43,1
2024-04-14 19:00:00,44,1
2024-04-14 19:00:00,45,1
2024-04-14 19:00:00,57,1
2024-04-14 19:00:00,73,1
2024-04-14 19:00:00,74,1
2024-04-14 19:00:00,76,1
2024-04-14 19:00:00,78,1
2024-04-14 19:00:00,81,1
2024-04-14 19:00:00,93,1
2024-04-14 19:00:00,109,1
2024-04-14 19:00:00,116,1
2024-04-14 19:00:00,117,1
2024-04-14 19:00:00,128,1
2024-04-14 19:00:00,131,1
2024-04-14 19:00:00,137,1
2024-04-14 19:00:00,138,1
2024-04-14 19:00:00,152,1
2024-04-14 19:00:00,153,1
2024-04-14 19:00:00,160,1
2024-04-14 19:00:00,186,1
2024-04-14 19:00:00,201,1
2024-04-14 19:00:00,210,1
2024-04-14 19:00:00,213,1
2024-04-14 19:00:00,222,1
2024-04-14 19:00:00,233,1
2024-04-14 19:00:00,242,1
2024-04-14 19:00:00,254,1
2024-04-14 19:00:00,256,1
2024-04-14 20:00:00,6,1
2024-04-14 20:00:00,8,1
2024-04-14 20:00:00,14,1
2024-04-14 20:00:00,18,1
2024-04-14 20:00:00,27,1
2024-04-14 20:00:00,36,1
2024-04-14 20:00:00,53,1
2024-04-14 20:00:00,74,1
2024-04-14 20:00:00,80,1
2024-04-14 20:00:00,81,1
2024-04-14 20:00:00,85,1
2024-04-14 20:00:00,101,1
2024-04-14 20:00:00,111,1
2024-04-14 20:00:00,119,1
2024-04-14 20:00:00,126,1
2024-04-14 20:00:00,128,1
2024-04-14 20:00:00,136,1
2024-04-14 20:00:00,149,1
2024-04-14 20:00:00,151,1
2024-04-14 20:00:00,156,1
2024-04-14 20:00:00,165,2
2024-04-14 20:00:00,175,1
2024-04-14 20:00:00,205,1
2024-04-14 20:00:00,211,1
2024-04-14 20:00:00,215,1
2024-04-14 20:00:00,218,1
2024-04-14 20:00:00,237,1
2024-04-14 20:00:00,254,1
2024-04-14 21:00:00,8,1
2024-04-14 21:00:00,14,1
2024-04-14 21:00:00,16,1
2024-04-14 21:00:00,19,1
2024-04-14 21:00:00,23,1
2024-04-14 21:00:00,32,1
2024-04-14 21:00:00,49,1
2024-04-14 21:00:00,55,1
2024-04-14 21:00:00,62,2
2024-04-14 21:00:00,75,1
2024-04-14 21:00:00,76,1
2024-04-14 21:00:00,89,1
2024-04-14 21:00:00,93,1
2024-04-14 21:00:00,95,1
2024-04-14 21:00:00,100,1
2024-04-14 21:00:00,111,1
2024-04-14 21:00:00,114,1
2024-04-14 21:00:00,117,1
2024-04-14 21:00:00,125,1
2024-04-14 21:00:00,129,1
2024-04-14 21:00:00,147,1
2024-04-14 21:00:00,148,1
2024-04-14 21:00:00,152,1
2024-04-14 21:00:00,160,1
2024-04-14 21:00:00,173,1
2024-04-14 21:00:00,198,1
2024-04-14 21:00:00,222,1
2024-04-14 21:00:00,224,1
2024-04-14 21:00:00,231,1
2024-04-14 21:00:00,232,1
2024-04-14 21:00:00,245,1
2024-04-14 21:00:00,259,1
2024-04-14 22:00:00,40,2
2024-04-14 22:00:00,41,1
2024-04-14 22:00:00,51,1
2024-04-14 22:00:00,53,1
2024-04-14 22:00:00,57,1
2024-04-14 22:00:00,63,1
2024-04-14 22:00:00,85,1
2024-04-14 22:00:00,118,1
2024-04-14 22:00:00,127,1
2024-04-14 22:00:00,129,1
2024-04-14 22:00:00,156,1
2024-04-14 22:00:00,178,1
2024-04-14 22:00:00,180,1
2024-04-14 22:00:00,188,1
2024-04-14 22:00:00,197,1
2024-04-14 22:00:00,216,1
2024-04-14 22:00:00,220,1
2024-04-14 22:00:00,224,1
2024-04-14 22:00:00,225,1
2024-04-14 22:00:00,242,1
2024-04-14 22:00:00,250,1
2024-04-14 22:00:00,257,1
2024-04-14 23:00:00,6,1
2024-04-14 23:00:00,7,1
2024-04-14 23:00:00,33,1
2024-04-14 23:00:00,46,1
2024-04-14 23:00:00,57,1
2024-04-14 23:00:00,59,1
2024-04-14 23:00:00,67,1
2024-04-14 23:00:00,74,1
2024-04-14 23:00:00,81,1
2024-04-14 23:00:00,85,1
2024-04-14 23:00:00,101,1
2024-04-14 23:00:00,106,1
2024-04-14 23:00:00,107,3
2024-04-14 23:00:00,108,1
2024-04-14 23:00:00,121,1
2024-04-14 23:00:00,127,1
2024-04-14 23:00:00,133,1
2024-04-14 23:00:00,145,1
2024-04-14 23:00:00,150,1
2024-04-14 23:00:00,157,1
2024-04-14 23:00:00,160,1
2024-04-14 23:00:00,178,1
2024-04-14 23:00:00,179,1
2024-04-14 23:00:00,201,1
2024-04-14 23:00:00,213,1
2024-04-14 23:00:00,214,1
2024-04-14 23:00:00,216,1
2024-04-14 23:00:00,232,1
2024-04-14 23:00:00,253,1
2024-04-15 00:00:00,9,1
2024-04-15 00:00:00,10,1
2024-04-15 00:00:00,17,1
2024-04-15 00:00:00,23,1
2024-04-15 00:00:00,25,1
2024-04-15 00:00:00,26,1
2024-04-15 00:00:00,43,1
2024-04-15 00:00:00,44,2
2024-04-15 00:00:00,51,1
2024-04-15 00:00:00,80,1
2024-04-15 00:00:00,92,1
2024-04-15 00:00:00,100,1
2024-04-15 00:00:00,114,1
2024-04-15 00:00:00,133,1
2024-04-15 00:00:00,161,1
2024-04-15 00:00:00,170,1
2024-04-15 00:00:00,180,1
2024-04-15 00:00:00,202,1
2024-04-15 00:00:00,205,1
2024-04-15 00:00:00,213,1
2024-04-15 00:00:00,233,1
2024-04-15 00:00:00,242,1
2024-04-15 01:00:00,2,1
2024-04-15 01:00:00,5,1
2024-04-15 01:00:00,11,1
2024-04-15 01:00:00,22,1
2024-04-15 01:00:00,28,1
2024-04-15 01:00:00,34,1
2024-04-15 01:00:00,51,1
2024-04-15 01:00:00,58,2
2024-04-15 01:00:00,62,1
2024-04-15 01:00:00,71,1
2024-04-15 01:00:00,72,1
2024-04-15 01:00:00,76,1
2024-04-15 01:00:00,96,1
2024-04-15 01:00:00,98,1
2024-04-15 01:00:00,103,1
2024-04-15 01:00:00,109,1
2024-04-15 01:00:00,161,1
2024-04-15 01:00:00,162,1
2024-04-15 01:00:00,171,1
2024-04-15 01:00:00,179,1
2024-04-15 01:00:00,182,1
2024-04-15 01:00:00,190,2
2024-04-15 01:00:00,201,1
2024-04-15 01:00:00,207,1
2024-04-15 01:00:00,208,1
2024-04-15 01:00:00,214,1
2024-04-15 01:00:00,215,1
2024-04-15 01:00:00,220,1
2024-04-15 01:00:00,227,1
2024-04-15 01:00:00,242,1
2024-04-15 01:00:00,245,1
2024-04-15 01:00:00,248,1
2024-04-15 01:00:00,259,1
2024-04-15 02:00:00,31,1
2024-04-15 02:00:00,40,1
2024-04-15 02:00:00,43,1
2024-04-15 02:00:00,52,1
2024-04-15 02:00:00,57,1
2024-04-15 02:00:00,66,1
2024-04-15 02:00:00,84,1
2024-04-15 02:00:00,88,1
2024-04-15 02:00:00,91,1
2024-04-15 02:00:00,109,1
2024-04-15 02:00:00,113,1
2024-04-15 02:00:00,134,1
2024-04-15 02:00:00,136,1
2024-04-15 02:00:00,141,1
2024-04-15 02:00:00,149,2
2024-04-15 02:00:00,161,1
2024-04-15 02:00:00,165,1
2024-04-15 02:00:00,171,1
2024-04-15 02:00:00,184,1
2024-04-15 02:00:00,191,1
2024-04-15 02:00:00,205,1
2024-04-15 02:00:00,208,1
2024-04-15 02:00:00,217,1
2024-04-15 02:00:00,225,1
2024-04-15 02:00:00,238,1
2024-04-15 03:00:00,11,1
2024-04-15 03:00:00,17,1
2024-04-15 03:00:00,56,1
2024-04-15 03:00:00,63,1
2024-04-15 03:00:00,64,1
2024-04-15 03:00:00,80,1
2024-04-15 03:00:00,87,1
2024-04-15 03:00:00,92,1
2024-04-15 03:00:00,114,1
2024-04-15 03:00:00,116,1
2024-04-15 03:00:00,127,1
2024-04-15 03:00:00,130,1
2024-04-15 03:00:00,136,1
2024-04-15 03:00:00,143,1
2024-04-15 03:00:00,147,1
2024-04-15 03:00:00,155,1
2024-04-15 03:00:00,162,1
2024-04-15 03:00:00,168,1
2024-04-15 03:00:00,170,1
2024-04-15 03:00:00,175,1
2024-04-15 03:00:00,176,1
2024-04-15 03:00:00,181,1
2024-04-15 03:00:00,184,1
2024-04-15 03:00:00,187,1
2024-04-15 03:00:00,190,1
2024-04-15 03:00:00,214,2
2024-04-15 03:00:00,237,2
2024-04-15 03:00:00,238,1
2024-04-15 03:00:00,244,1
2024-04-15 03:00:00,262,1
2024-04-15 04:00:00,2,1
2024-04-15 04:00:00,12,1
2024-04-15 04:00:00,13,1
2024-04-15 04:00:00,14,1
2024-04-15 04:00:00,20,1
2024-04-15 04:00:00,27,1
2024-04-15 04:00:00,36,1
2024-04-15 04:00:00,39,1
2024-04-15 04:00:00,44,1
2024-04-15 04:00:00,48,1
2024-04-15 04:00:00,52,1
2024-04-15 04:00:00,61,1
2024-04-15 04:00:00,63,1
2024-04-15 04:00:00,81,1
2024-04-15 04:00:00,85,1
2024-04-15 04:00:00,88,1
2024-04-15 04:00:00,106,1
2024-04-15 04:00:00,109,1
2024-04-15 04:00:00,110,2
2024-04-15 04:00:00,111,1
2024-04-15 04:00:00,130,1
2024-04-15 04:00:00,135,1
2024-04-15 04:00:00,140,1
2024-04-15 04:00:00,152,1
2024-04-15 04:00:00,155,1
2024-04-15 04:00:00,172,1
2024-04-15 04:00:00,180,1
2024-04-15 04:00:00,185,1
2024-04-15 04:00:00,195,1
2024-04-15 04:00:00,231,1
2024-04-15 04:00:00,244,1
2024-04-15 04:00:00,246,1
2024-04-15 05:00:00,12,2
2024-04-15 05:00:00,13,1
2024-04-15 05:00:00,20,1
2024-04-15 05:00:00,22,1
2024-04-15 05:00:00,32,1
2024-04-15 05:00:00,34,1
2024-04-15 05:00:00,35,1
2024-04-15 05:00:00,37,1
2024-04-15 05:00:00,40,1
2024-04-15 05:00:00,43,1
2024-04-15 05:00:00,49,1
2024-04-15 05:00:00,81,2
2024-04-15 05:00:00,91,1
2024-04-15 05:00:00,92,1
2024-04-15 05:00:00,95,1
2024-04-15 05:00:00,107,1
2024-04-15 05:00:00,108,1
2024-04-15 05:00:00,112,1
2024-04-15 05:00:00,115,1
2024-04-15 05:00:00,120,1
2024-04-15 05:00:00,126,1
2024-04-15 05:00:00,127,1
2024-04-15 05:00:00,131,1
2024-04-15 05:00:00,158,1
2024-04-15 05:00:00,165,1
2024-04-15 05:00:00,179,1
2024-04-15 05:00:00,180,1
2024-04-15 05:00:00,191,1
2024-04-15 05:00:00,193,1
2024-04-15 05:00:00,194,1
2024-04-15 05:00:00,202,1
2024-04-15 05:00:00,209,1
2024-04-15 05:00:00,212,1
2024-04-15 05:00:00,254,1
2024-04-15 05:00:00,260,1
2024-04-15 06:00:00,6,1
2024-04-15 06:00:00,11,1
2024-04-15 06:00:00,21,1
2024-04-15 06:00:00,26,1
2024-04-15 06:00:00,52,1
2024-04-15 06:00:00,53,1
2024-04-15 06:00:00,76,1
2024-04-15 06:00:00,83,1
2024-04-15 06:00:00,108,1
2024-04-15 06:00:00,143,1
2024-04-15 06:00:00,145,1
2024-04-15 06:00:00,172,1
2024-04-15 06:00:00,179,1
2024-04-15 06:00:00,189,1
2024-04-15 06:00:00,198,1
2024-04-15 06:00:00,237,1
2024-04-15 06:00:00,257,1
2024-04-15 06:00:00,259,1
2024-04-15 07:00:00,11,1
2024-04-15 07:00:00,18,1
2024-04-15 07:00:00,24,1
2024-04-15 07:00:00,26,1
2024-04-15 07:00:00,37,1
2024-04-15 07:00:00,48,1
2024-04-15 07:00:00,50,2
2024-04-15 07:00:00,51,1
2024-04-15 07:00:00,52,1
2024-04-15 07:00:00,60,1
2024-04-15 07:00:00,62,1
2024-04-15 07:00:00,82,1
2024-04-15 07:00:00,84,1
2024-04-15 07:00:00,86,1
2024-04-15 07:00:00,87,1
2024-04-15 07:00:00,91,1
2024-04-15 07:00:00,95,1
2024-04-15 07:00:00,98,1
2024-04-15 07:00:00,100,1
2024-04-15 07:00:00,119,1
2024-04-15 07:00:00,123,1
2024-04-15 07:00:00,154,1
2024-04-15 07:00:00,155,1
2024-04-15 07:00:00,156,1
2024-04-15 07:00:00,161,1
2024-04-15 07:00:00,189,1
2024-04-15 07:00:00,200,1
2024-04-15 07:00:00,213,1
2024-04-15 07:00:00,219,1
2024-04-15 07:00:00,223,1
2024-04-15 07:00:00,235,2
2024-04-15 07:00:00,240,1
2024-04-15 07:00:00,241,1
2024-04-15 07:00:00,244,1
2024-04-15 07:00:00,256,1
2024-04-15 07:00:00,258,1
2024-04-15 07:00:00,261,1
2024-04-15 08:00:00,8,1
2024-04-15 08:00:00,24,1
2024-04-15 08:00:00,51,1
2024-04-15 08:00:00,59,1
2024-04-15 08:00:00,60,1
2024-04-15 08:00:00,104,1
2024-04-15 08:00:00,120,1
2024-04-15 08:00:00,125,1
2024-04-15 08:00:00,128,1
2024-04-15 08:00:00,140,1
2024-04-15 08:00:00,154,1
2024-04-15 08:00:00,170,1
2024-04-15 08:00:00,171,1
2024-04-15 08:00:00,179,1
2024-04-15 08:00:00,180,1
2024-04-15 08:00:00,219,1
2024-04-15 08:00:00,224,1
2024-04-15 08:00:00,234,1
2024-04-15 08:00:00,237,1
2024-04-15 08:00:00,239,2
2024-04-15 08:00:00,242,2
2024-04-15 08:00:00,262,1
2024-04-15 09:00:00,7,1
2024-04-15 09:00:00,22,1
2024-04-15 09:00:00,32,1
2024-04-15 09:00:00,35,1
2024-04-15 09:00:00,39,1
2024-04-15 09:00:00,52,1
2024-04-15 09:00:00,62,1
2024-04-15 09:00:00,72,2
2024-04-15 09:00:00,73,1
2024-04-15 09:00:00,85,1
2024-04-15 09:00:00,115,1
2024-04-15 09:00:00,120,1
2024-04-15 09:00:00,133,1
2024-04-15 09:00:00,164,1
2024-04-15 09:00:00,167,2
2024-04-15 09:00:00,169,1
2024-04-15 09:00:00,172,1
2024-04-15 09:00:00,191,1
2024-04-15 09:00:00,209,1
2024-04-15 09:00:00,236,1
2024-04-15 09:00:00,239,1
2024-04-15 09:00:00,255,1
2024-04-15 09:00:00,257,2
2024-04-15 09:00:00,263,1
2024-04-15 10:00:00,4,1
2024-04-15 10:00:00,10,1
2024-04-15 10:00:00,23,1
2024-04-15 10:00:00,27,1
2024-04-15 10:00:00,30,1
2024-04-15 10:00:00,41,1
2024-04-15 10:00:00,51,1
2024-04-15 10:00:00,54,1
2024-04-15 10:00:00,63,1
2024-04-15 10:00:00,88,1
2024-04-15 10:00:00,94,1
2024-04-15 10:00:00,109,1
2024-04-15 10:00:00,136,1
2024-04-15 10:00:00,143,1
2024-04-15 10:00:00,185,1
2024-04-15 10:00:00,195,1
2024-04-15 10:00:00,210,1
2024-04-15 10:00:00,212,1
2024-04-15 10:00:00,231,1
2024-04-15 10:00:00,240,1
2024-04-15 10:00:00,246,1
2024-04-15 10:00:00,248,1
2024-04-15 11:00:00,1,1
2024-04-15 11:00:00,2,1
2024-04-15 11:00:00,12,1
2024-04-15 11:00:00,20,1
2024-04-15 11:00:00,28,1
2024-04-15 11:00:00,36,1
2024-04-15 11:00:00,43,2
2024-04-15 11:00:00,46,1
2024-04-15 11:00:00,61,1
2024-04-15 11:00:00,69,1
2024-04-15 11:00:00,78,1
2024-04-15 11:00:00,85,1
2024-04-15 11:00:00,89,1
2024-04-15 11:00:00,90,1
2024-04-15 11:00:00,91,1
2024-04-15 11:00:00,101,1
2024-04-15 11:00:00,108,1
2024-04-15 11:00:00,111,1
2024-04-15 11:00:00,119,1
2024-04-15 11:00:00,121,1
2024-04-15 11:00:00,134,1
2024-04-15 11:00:00,140,1
2024-04-15 11:00:00,155,1
2024-04-15 11:00:00,165,1
2024-04-15 11:00:00,183,1
2024-04-15 11:00:00,191,1
2024-04-15 11:00:00,200,1
2024-04-15 11:00:00,204,1
2024-04-15 11:00:00,213,1
2024-04-15 11:00:00,216,1
2024-04-15 11:00:00,221,1
2024-04-15 11:00:00,242,1
2024-04-15 11:00:00,243,1
2024-04-15 11:00:00,256,1
2024-04-15 11:00:00,258,1
2024-04-15 12:00:00,10,1
2024-04-15 12:00:00,12,1
2024-04-15 12:00:00,13,1
2024-04-15 12:00:00,14,1
2024-04-15 12:00:00,17,1
2024-04-15 12:00:00,23,1
2024-04-15 12:00:00,24,1
2024-04-15 12:00:00,26,1
2024-04-15 12:00:00,34,1
2024-04-15 12:00:00,37,1
2024-04-15 12:00:00,44,1
2024-04-15 12:00:00,47,1
2024-04-15 12:00:00,51,1
2024-04-15 12:00:00,62,1
2024-04-15 12:00:00,82,1
2024-04-15 12:00:00,94,1
2024-04-15 12:00:00,105,1
2024-04-15 12:00:00,125,1
2024-04-15 12:00:00,145,2
2024-04-15 12:00:00,155,2
2024-04-15 12:00:00,189,2
2024-04-15 12:00:00,203,1
2024-04-15 12:00:00,215,1
2024-04-15 12:00:00,226,1
2024-04-15 12:00:00,227,1
2024-04-15 12:00:00,231,1
2024-04-15 12:00:00,232,1
2024-04-15 12:00:00,261,1
2024-04-15 12:00:00,263,1
2024-04-15 13:00:00,37,1
2024-04-15 13:00:00,47,1
2024-04-15 13:00:00,52,1
2024-04-15 13:00:00,84,1
2024-04-15 13:00:00,100,1
2024-04-15 13:00:00,138,1
2024-04-15 13:00:00,153,1
2024-04-15 13:00:00,163,1
2024-04-15 13:00:00,170,1
2024-04-15 13:00:00,178,1
2024-04-15 13:00:00,185,1
2024-04-15 13:00:00,192,1
2024-04-15 13:00:00,205,1
2024-04-15 13:00:00,215,1
2024-04-15 13:00:00,243,1
2024-04-15 13:00:00,258,1
2024-04-15 14:00:00,5,1
2024-04-15 14:00:00,8,1
2024-04-15 14:00:00,15,1
2024-04-15 14:00:00,23,1
2024-04-15 14:00:00,49,1
2024-04-15 14:00:00,64,1
2024-04-15 14:00:00,76,1
2024-04-15 14:00:00,82,1
2024-04-15 14:00:00,92,1
2024-04-15 14:00:00,100,1
2024-04-15 14:00:00,154,1
2024-04-15 14:00:00,167,1
2024-04-15 14:00:00,173,1
2024-04-15 14:00:00,176,1
2024-04-15 14:00:00,183,1
2024-04-15 14:00:00,184,1
2024-04-15 14:00:00,210,1
2024-04-15 14:00:00,219,1
2024-04-15 14:00:00,235,1
2024-04-15 14:00:00,236,1
2024-04-15 14:00:00,253,1
2024-04-15 14:00:00,260,1
2024-04-15 15:00:00,5,1
2024-04-15 15:00:00,6,1
2024-04-15 15:00:00,12,1
2024-04-15 15:00:00,16,1
2024-04-15 15:00:00,30,1
2024-04-15 15:00:00,33,1
2024-04-15 15:00:00,34,1
2024-04-15 15:00:00,65,1
2024-04-15 15:00:00,98,1
2024-04-15 15:00:00,112,1
2024-04-15 15:00:00,113,1
2024-04-15 15:00:00,114,1
2024-04-15 15:00:00,134,1
2024-04-15 15:00:00,137,1
2024-04-15 15:00:00,145,1
2024-04-15 15:00:00,152,2
2024-04-15 15:00:00,153,1
2024-04-15 15:00:00,196,1
2024-04-15 15:00:00,215,1
2024-04-15 15:00:00,216,1
2024-04-15 15:00:00,234,1
2024-04-15 15:00:00,235,1
2024-04-15 15:00:00,236,1
2024-04-15 15:00:00,256,1
2024-04-15 16:00:00,3,1
2024-04-15 16:00:00,11,1
2024-04-15 16:00:00,49,1
2024-04-15 16:00:00,73,1
2024-04-15 16:00:00,93,1
2024-04-15 16:00:00,94,1
2024-04-15 16:00:00,104,1
2024-04-15 16:00:00,106,1
2024-04-15 16:00:00,112,1
2024-04-15 16:00:00,119,1
2024-04-15 16:00:00,124,2
2024-04-15 16:00:00,138,1
2024-04-15 16:00:00,154,1
2024-04-15 16:00:00,157,1
2024-04-15 16:00:00,166,1
2024-04-15 16:00:00,170,1
2024-04-15 16:00:00,172,1
2024-04-15 16:00:00,208,1
2024-04-15 16:00:00,210,1
2024-04-15 16:00:00,217,1
2024-04-15 16:00:00,221,1
2024-04-15 16:00:00,249,1
2024-04-15 16:00:00,251,1
2024-04-15 17:00:00,3,1
2024-04-15 17:00:00,12,1
2024-04-15 17:00:00,56,1
2024-04-15 17:00:00,58,1
2024-04-15 17:00:00,71,1
2024-04-15 17:00:00,100,1
2024-04-15 17:00:00,104,2
2024-04-15 17:00:00,115,1
2024-04-15 17:00:00,121,1
2024-04-15 17:00:00,155,1
2024-04-15 17:00:00,163,1
2024-04-15 17:00:00,196,1
2024-04-15 17:00:00,223,1
2024-04-15 17:00:00,238,1
2024-04-15 18:00:00,8,1
2024-04-15 18:00:00,16,1
2024-04-15 18:00:00,26,1
2024-04-15 18:00:00,31,2
2024-04-15 18:00:00,37,1
2024-04-15 18:00:00,72,1
2024-04-15 18:00:00,81,1
2024-04-15 18:00:00,96,1
2024-04-15 18:00:00,98,1
2024-04-15 18:00:00,116,1
2024-04-15 18:00:00,117,1
2024-04-15 18:00:00,118,1
2024-04-15 18:00:00,121,1
2024-04-15 18:00:00,131,1
2024-04-15 18:00:00,139,1
2024-04-15 18:00:00,155,1
2024-04-15 18:00:00,188,2
2024-04-15 18:00:00,201,1
2024-04-15 18:00:00,202,1
2024-04-15 18:00:00,218,1
2024-04-15 18:00:00,231,2
2024-04-15 18:00:00,233,1
2024-04-15 18:00:00,248,1
2024-04-15 19:00:00,4,1
2024-04-15 19:00:00,7,2
2024-04-15 19:00:00,18,1
2024-04-15 19:00:00,21,1
2024-04-15 19:00:00,37,1
2024-04-15 19:00:00,73,1
2024-04-15 19:00:00,80,1
2024-04-15 19:00:00,81,1
2024-04-15 19:00:00,84,1
2024-04-15 19:00:00,89,1
2024-04-15 19:00:00,97,1
2024-04-15 19:00:00,100,1
2024-04-15 19:00:00,111,1
2024-04-15 19:00:00,119,1
2024-04-15 19:00:00,123,1
2024-04-15 19:00:00,131,1
2024-04-15 19:00:00,133,2
2024-04-15 19:00:00,142,1
2024-04-15 19:00:00,144,1
2024-04-15 19:00:00,177,1
2024-04-15 19:00:00,178,1
2024-04-15 19:00:00,185,1
2024-04-15 19:00:00,194,1
2024-04-15 19:00:00,204,1
2024-04-15 19:00:00,214,2
2024-04-15 19:00:00,237,1
2024-04-15 19:00:00,243,1
2024-04-15 19:00:00,253,1
2024-04-15 19:00:00,260,1
2024-04-15 20:00:00,17,1
2024-04-15 20:00:00,25,1
2024-04-15 20:00:00,33,1
2024-04-15 20:00:00,61,1
2024-04-15 20:00:00,71,2
2024-04-15 20:00:00,74,1
2024-04-15 20:00:00,86,1
2024-04-15 20:00:00,88,1
2024-04-15 20:00:00,123,1
2024-04-15 20:00:00,138,1
2024-04-15 20:00:00,151,1
2024-04-15 20:00:00,154,1
2024-04-15 20:00:00,169,1
2024-04-15 20:00:00,173,1
2024-04-15 20:00:00,184,1
2024-04-15 20:00:00,187,1
2024-04-15 20:00:00,200,1
2024-04-15 20:00:00,210,1
2024-04-15 20:00:00,214,1
2024-04-15 20:00:00,215,1
2024-04-15 20:00:00,224,1
2024-04-15 20:00:00,234,1
2024-04-15 20:00:00,238,1
2024-04-15 20:00:00,247,1
2024-04-15 20:00:00,249,1
2024-04-15 20:00:00,252,1
2024-04-15 20:00:00,259,1
2024-04-15 21:00:00,19,2
2024-04-15 21:00:00,34,1
2024-04-15 21:00:00,49,1
2024-04-15 21:00:00,64,1
2024-04-15 21:00:00,86,1
2024-04-15 21:00:00,102,1
2024-04-15 21:00:00,104,1
2024-04-15 21:00:00,109,1
2024-04-15 21:00:00,119,1
2024-04-15 21:00:00,139,2
2024-04-15 21:00:00,149,1
2024-04-15 21:00:00,174,1
2024-04-15 21:00:00,194,2
2024-04-15 21:00:00,196,1
2024-04-15 21:00:00,209,2
2024-04-15 21:00:00,230,1
2024-04-15 21:00:00,238,1
2024-04-15 21:00:00,239,1
2024-04-15 21:00:00,241,1
2024-04-15 21:00:00,250,1
2024-04-15 21:00:00,259,2
2024-04-15 22:00:00,7,1
2024-04-15 22:00:00,29,1
2024-04-15 22:00:00,47,1
2024-04-15 22:00:00,57,1
2024-04-15 22:00:00,67,1
2024-04-15 22:00:00,71,1
2024-04-15 22:00:00,73,1
2024-04-15 22:00:00,80,1
2024-04-15 22:00:00,99,1
2024-04-15 22:00:00,118,1
2024-04-15 22:00:00,120,1
2024-04-15 22:00:00,123,1
2024-04-15 22:00:00,153,1
2024-04-15 22:00:00,167,1
2024-04-15 22:00:00,177,1
2024-04-15 22:00:00,196,1
2024-04-15 22:00:00,206,1
2024-04-15 22:00:00,243,1
2024-04-15 22:00:00,259,1
2024-04-15 23:00:00,4,1
2024-04-15 23:00:00,10,1
2024-04-15 23:00:00,30,1
2024-04-15 23:00:00,87,1
2024-04-15 23:00:00,93,1
2024-04-15 23:00:00,115,1
2024-04-15 23:00:00,119,1
2024-04-15 23:00:00,120,1
2024-04-15 23:00:00,125,1
2024-04-15 23:00:00,132,1
2024-04-15 23:00:00,179,1
2024-04-15 23:00:00,198,1
2024-04-15 23:00:00,218,1
2024-04-15 23:00:00,219,1
2024-04-15 23:00:00,225,1
2024-04-15 23:00:00,246,1
2024-04-16 00:00:00,2,1
2024-04-16 00:00:00,18,1
2024-04-16 00:00:00,19,1
2024-04-16 00:00:00,37,1
2024-04-16 00:00:00,61,1
2024-04-16 00:00:00,64,1
2024-04-16 00:00:00,68,1
2024-04-16 00:00:00,77,2
2024-04-16 00:00:00,90,1
2024-04-16 00:00:00,93,1
2024-04-16 00:00:00,94,1
2024-04-16 00:00:00,97,1
2024-04-16 00:00:00,99,1
2024-04-16 00:00:00,107,1
2024-04-16 00:00:00,111,1
2024-04-16 00:00:00,126,1
2024-04-16 00:00:00,146,1
2024-04-16 00:00:00,157,1
2024-04-16 00:00:00,169,1
2024-04-16 00:00:00,211,1
2024-04-16 00:00:00,227,1
2024-04-16 00:00:00,232,1
2024-04-16 00:00:00,237,1
2024-04-16 00:00:00,244,1
2024-04-16 00:00:00,247,1
2024-04-16 00:00:00,258,1
2024-04-16 01:00:00,13,1
2024-04-16 01:00:00,23,1
2024-04-16 01:00:00,35,1
2024-04-16 01:00:00,58,1
2024-04-16 01:00:00,70,1
2024-04-16 01:00:00,71,1
2024-04-16 01:00:00,72,1
2024-04-16 01:00:00,88,1
2024-04-16 01:00:00,98,1
2024-04-16 01:00:00,106,1
2024-04-16 01:00:00,108,1
2024-04-16 01:00:00,129,1
2024-04-16 01:00:00,130,1
2024-04-16 01:00:00,157,1
2024-04-16 01:00:00,166,1
2024-04-16 01:00:00,201,1
2024-04-16 01:00:00,214,1
2024-04-16 01:00:00,215,1
2024-04-16 01:00:00,222,1
2024-04-16 01:00:00,223,2
2024-04-16 01:00:00,229,1
2024-04-16 01:00:00,245,1
2024-04-16 01:00:00,246,1
2024-04-16 02:00:00,3,1
2024-04-16 02:00:00,4,2
2024-04-16 02:00:00,13,1
2024-04-16 02:00:00,15,1
2024-04-16 02:00:00,23,1
2024-04-16 02:00:00,45,1
2024-04-16 02:00:00,71,1
2024-04-16 02:00:00,72,1
2024-04-16 02:00:00,83,1
2024-04-16 02:00:00,92,1
2024-04-16 02:00:00,95,1
2024-04-16 02:00:00,100,1
2024-04-16 02:00:00,112,1
2024-04-16 02:00:00,121,2
2024-04-16 02:00:00,128,1
2024-04-16 02:00:00,133,1
2024-04-16 02:00:00,141,1
2024-04-16 02:00:00,149,1
2024-04-16 02:00:00,169,1
2024-04-16 02:00:00,180,2
2024-04-16 02:00:00,231,1
2024-04-16 02:00:00,249,1
2024-04-16 02:00:00,260,1
2024-04-16 03:00:00,10,1
2024-04-16 03:00:00,32,1
2024-04-16 03:00:00,33,1
2024-04-16 03:00:00,38,1
2024-04-16 03:00:00,42,1
2024-04-16 03:00:00,55,1
2024-04-16 03:00:00,60,1
2024-04-16 03:00:00,67,1
2024-04-16 03:00:00,69,2
2024-04-16 03:00:00,70,1
2024-04-16 03:00:00,72,1
2024-04-16 03:00:00,79,1
2024-04-16 03:00:00,83,1
2024-04-16 03:00:00,88,1
2024-04-16 03:00:00,115,1
2024-04-16 03:00:00,117,1
2024-04-16 03:00:00,189,1
2024-04-16 03:00:00,193,1
2024-04-16 03:00:00,195,1
2024-04-16 03:00:00,230,1
2024-04-16 03:00:00,233,1
2024-04-16 03:00:00,236,1
2024-04-16 03:00:00,249,1
2024-04-16 03:00:00,260,2
2024-04-16 04:00:00,10,1
2024-04-16 04:00:00,13,1
2024-04-16 04:00:00,19,1
2024-04-16 04:00:00,33,1
2024-04-16 04:00:00,37,1
2024-04-16 04:00:00,38,1
2024-04-16 04:00:00,42,1
2024-04-16 04:00:00,45,1
2024-04-16 04:00:00,56,1
2024-04-16 04:00:00,84,1
2024-04-16 04:00:00,93,1
2024-04-16 04:00:00,112,1
2024-04-16 04:00:00,115,1
2024-04-16 04:00:00,133,1
2024-04-16 04:00:00,136,1
2024-04-16 04:00:00,142,1
2024-04-16 04:00:00,153,1
2024-04-16 04:00:00,160,1
2024-04-16 04:00:00,176,1
2024-04-16 04:00:00,178,1
2024-04-16 04:00:00,179,1
2024-04-16 04:00:00,185,1
2024-04-16 04:00:00,205,1
2024-04-16 04:00:00,208,1
2024-04-16 04:00:00,209,1
2024-04-16 04:00:00,219,1
2024-04-16 04:00:00,228,1
2024-04-16 04:00:00,239,1
2024-04-16 04:00:00,240,1
2024-04-16 04:00:00,249,1
2024-04-16 04:00:00,256,1
2024-04-16 04:00:00,257,1
2024-04-16 05:00:00,26,1
2024-04-16 05:00:00,34,1
2024-04-16 05:00:00,43,1
2024-04-16 05:00:00,60,1
2024-04-16 05:00:00,66,1
2024-04-16 05:00:00,68,1
2024-04-16 05:00:00,72,1
2024-04-16 05:00:00,79,1
2024-04-16 05:00:00,85,1
2024-04-16 05:00:00,90,1
2024-04-16 05:00:00,97,1
2024-04-16 05:00:00,123,1
2024-04-16 05:00:00,131,1
2024-04-16 05:00:00,151,1
2024-04-16 05:00:00,166,1
2024-04-16 05:00:00,171,1
2024-04-16 05:00:00,176,1
2024-04-16 05:00:00,211,1
2024-04-16 05:00:00,222,1
2024-04-16 05:00:00,226,1
2024-04-16 05:00:00,230,1
2024-04-16 05:00:00,233,1
2024-04-16 05:00:00,243,1
2024-04-16 05:00:00,245,1
2024-04-16 05:00:00,250,1
2024-04-16 05:00:00,251,1
2024-04-16 05:00:00,259,1
2024-04-16 05:00:00,261,1
2024-04-16 05:00:00,262,1
2024-04-16 06:00:00,6,1
2024-04-16 06:00:00,17,1
2024-04-16 06:00:00,40,1
2024-04-16 06:00:00,52,1
2024-04-16 06:00:00,61,2
2024-04-16 06:00:00,89,1
2024-04-16 06:00:00,98,1
2024-04-16 06:00:00,119,1
2024-04-16 06:00:00,128,1
2024-04-16 06:00:00,136,1
2024-04-16 06:00:00,161,1
2024-04-16 06:00:00,162,1
2024-04-16 06:00:00,177,1
2024-04-16 06:00:00,209,1
2024-04-16 06:00:00,214,1
2024-04-16 06:00:00,215,1
2024-04-16 06:00:00,225,1
2024-04-16 06:00:00,227,1
2024-04-16 06:00:00,230,2
2024-04-16 06:00:00,252,1
2024-04-16 06:00:00,262,1
2024-04-16 07:00:00,15,1
2024-04-16 07:00:00,17,1
2024-04-16 07:00:00,31,1
2024-04-16 07:00:00,33,1
2024-04-16 07:00:00,36,1
2024-04-16 07:00:00,43,1
2024-04-16 07:00:00,44,1
2024-04-16 07:00:00,61,1
2024-04-16 07:00:00,80,2
2024-04-16 07:00:00,84,1
2024-04-16 07:00:00,93,1
2024-04-16 07:00:00,99,1
2024-04-16 07:00:00,102,1
2024-04-16 07:00:00,106,1
2024-04-16 07:00:00,111,1
2024-04-16 07:00:00,116,1
2024-04-16 07:00:00,124,1
2024-04-16 07:00:00,134,1
2024-04-16 07:00:00,135,1
2024-04-16 07:00:00,140,1
2024-04-16 07:00:00,144,1
2024-04-16 07:00:00,147,1
2024-04-16 07:00:00,150,2
2024-04-16 07:00:00,156,1
2024-04-16 07:00:00,163,2
2024-04-16 07:00:00,177,1
2024-04-16 07:00:00,182,1
2024-04-16 07:00:00,192,1
2024-04-16 07:00:00,203,1
2024-04-16 07:00:00,236,1
2024-04-16 07:00:00,237,1
2024-04-16 07:00:00,243,1
2024-04-16 07:00:00,245,1
2024-04-16 07:00:00,260,1
2024-04-16 07:00:00,261,1
2024-04-16 08:00:00,13,2
2024-04-16 08:00:00,16,1
2024-04-16 08:00:00,31,1
2024-04-16 08:00:00,43,1
2024-04-16 08:00:00,53,1
2024-04-16 08:00:00,61,1
2024-04-16 08:00:00,65,1
2024-04-16 08:00:00,76,1
2024-04-16 08:00:00,81,1
2024-04-16 08:00:00,93,1
2024-04-16 08:00:00,98,1
2024-04-16 08:00:00,103,2
2024-04-16 08:00:00,121,1
2024-04-16 08:00:00,125,2
2024-04-16 08:00:00,130,1
2024-04-16 08:00:00,147,1
2024-04-16 08:00:00,151,1
2024-04-16 08:00:00,152,1
2024-04-16 08:00:00,153,1
2024-04-16 08:00:00,175,1
2024-04-16 08:00:00,181,1
2024-04-16 08:00:00,193,1
2024-04-16 08:00:00,204,1
2024-04-16 08:00:00,208,1
2024-04-16 08:00:00,214,1
2024-04-16 08:00:00,217,1
2024-04-16 08:00:00,225,1
2024-04-16 08:00:00,236,1
2024-04-16 08:00:00,240,1
2024-04-16 08:00:00,243,1
2024-04-16 08:00:00,249,1
2024-04-16 08:00:00,250,1
2024-04-16 09:00:00,5,2
2024-04-16 09:00:00,14,1
2024-04-16 09:00:00,20,1
2024-04-16 09:00:00,26,1
2024-04-16 09:00:00,47,1
2024-04-16 09:00:00,51,1
2024-04-16 09:00:00,53,1
2024-04-16 09:00:00,55,1
2024-04-16 09:00:00,60,1
2024-04-16 09:00:00,66,1
2024-04-16 09:00:00,68,1
2024-04-16 09:00:00,91,1
2024-04-16 09:00:00,98,1
2024-04-16 09:00:00,118,1
2024-04-16 09:00:00,119,1
2024-04-16 09:00:00,135,1
2024-04-16 09:00:00,143,1
2024-04-16 09:00:00,145,1
2024-04-16 09:00:00,147,1
2024-04-16 09:00:00,157,1
2024-04-16 09:00:00,194,1
2024-04-16 09:00:00,196,1
2024-04-16 09:00:00,198,1
2024-04-16 09:00:00,199,1
2024-04-16 09:00:00,206,1
2024-04-16 09:00:00,255,1
2024-04-16 10:00:00,11,1
2024-04-16 10:00:00,27,1
2024-04-16 10:00:00,29,1
2024-04-16 10:00:00,35,1
2024-04-16 10:00:00,58,1
2024-04-16 10:00:00,65,1
2024-04-16 10:00:00,66,2
2024-04-16 10:00:00,69,1
2024-04-16 10:00:00,70,2
2024-04-16 10:00:00,80,1
2024-04-16 10:00:00,94,1
2024-04-16 10:00:00,96,1
2024-04-16 10:00:00,105,1
2024-04-16 10:00:00,124,1
2024-04-16 10:00:00,138,1
2024-04-16 10:00:00,140,1
2024-04-16 10:00:00,146,2
2024-04-16 10:00:00,148,1
2024-04-16 10:00:00,150,1
2024-04-16 10:00:00,177,1
2024-04-16 10:00:00,178,1
2024-04-16 10:00:00,182,1
2024-04-16 10:00:00,186,1
2024-04-16 10:00:00,231,1
2024-04-16 10:00:00,244,1
2024-04-16 10:00:00,249,1
2024-04-16 10:00:00,250,1
2024-04-16 10:00:00,252,1
2024-04-16 10:00:00,262,1
2024-04-16 11:00:00,20,1
2024-04-16 11:00:00,25,1
2024-04-16 11:00:00,31,1
2024-04-16 11:00:00,41,1
2024-04-16 11:00:00,45,1
2024-04-16 11:00:00,48,1
2024-04-16 11:00:00,49,1
2024-04-16 11:00:00,50,1
2024-04-16 11:00:00,53,1
2024-04-16 11:00:00,54,1
2024-04-16 11:00:00,66,1
2024-04-16 11:00:00,74,1
2024-04-16 11:00:00,88,1
2024-04-16 11:00:00,90,1
2024-04-16 11:00:00,108,1
2024-04-16 11:00:00,111,1
2024-04-16 11:00:00,131,1
2024-04-16 11:00:00,134,1
2024-04-16 11:00:00,135,1
2024-04-16 11:00:00,172,2
2024-04-16 11:00:00,183,1
2024-04-16 11:00:00,191,1
2024-04-16 11:00:00,204,1
2024-04-16 11:00:00,206,1
2024-04-16 11:00:00,214,1
2024-04-16 11:00:00,215,1
2024-04-16 11:00:00,216,1
2024-04-16 11:00:00,222,1
2024-04-16 11:00:00,229,1
2024-04-16 11:00:00,239,1
2024-04-16 11:00:00,240,1
2024-04-16 11:00:00,247,1
2024-04-16 11:00:00,256,1
2024-04-16 12:00:00,13,1
2024-04-16 12:00:00,18,1
2024-04-16 12:00:00,29,1
2024-04-16 12:00:00,31,1
2024-04-16 12:00:00,35,2
2024-04-16 12:00:00,61,1
2024-04-16 12:00:00,64,1
2024-04-16 12:00:00,73,1
2024-04-16 12:00:00,87,1
2024-04-16 12:00:00,88,1
2024-04-16 12:00:00,100,1
2024-04-16 12:00:00,102,1
2024-04-16 12:00:00,108,1
2024-04-16 12:00:00,111,1
2024-04-16 12:00:00,123,1
2024-04-16 12:00:00,132,1
2024-04-16 12:00:00,134,1
2024-04-16 12:00:00,141,1
2024-04-16 12:00:00,160,1
2024-04-16 12:00:00,175,1
2024-04-16 12:00:00,180,1
2024-04-16 12:00:00,202,1
2024-04-16 12:00:00,252,1
2024-04-16 12:00:00,262,1
2024-04-16 13:00:00,40,1
2024-04-16 13:00:00,42,1
2024-04-16 13:00:00,48,1
2024-04-16 13:00:00,54,1
2024-04-16 13:00:00,60,1
2024-04-16 13:00:00,65,1
2024-04-16 13:00:00,81,1
2024-04-16 13:00:00,87,1
2024-04-16 13:00:00,88,1
2024-04-16 13:00:00,89,1
2024-04-16 13:00:00,98,1
2024-04-16 13:00:00,103,1
2024-04-16 13:00:00,112,1
2024-04-16 13:00:00,113,1
2024-04-16 13:00:00,116,1
2024-04-16 13:00:00,118,2
2024-04-16 13:00:00,120,1
2024-04-16 13:00:00,132,1
2024-04-16 13:00:00,147,2
2024-04-16 13:00:00,155,1
2024-04-16 13:00:00,160,1
2024-04-16 13:00:00,162,1
2024-04-16 13:00:00,173,1
2024-04-16 13:00:00,180,1
2024-04-16 13:00:00,187,1
2024-04-16 13:00:00,196,1
2024-04-16 13:00:00,200,1
2024-04-16 13:00:00,221,1
2024-04-16 13:00:00,228,1
2024-04-16 13:00:00,237,1
2024-04-16 14:00:00,5,1
2024-04-16 14:00:00,16,1
2024-04-16 14:00:00,20,1
2024-04-16 14:00:00,33,1
2024-04-16 14:00:00,39,1
2024-04-16 14:00:00,45,1
2024-04-16 14:00:00,46,1
2024-04-16 14:00:00,59,1
2024-04-16 14:00:00,61,1
2024-04-16 14:00:00,100,1
2024-04-16 14:00:00,106,1
2024-04-16 14:00:00,141,1
2024-04-16 14:00:00,153,1
2024-04-16 14:00:00,156,1
2024-04-16 14:00:00,157,1
2024-04-16 14:00:00,179,1
2024-04-16 14:00:00,187,1
2024-04-16 14:00:00,188,1
2024-04-16 14:00:00,189,1
2024-04-16 14:00:00,191,1
2024-04-16 14:00:00,196,1
2024-04-16 14:00:00,198,1
2024-04-16 14:00:00,205,1
2024-04-16 14:00:00,237,1
2024-04-16 14:00:00,241,1
2024-04-16 14:00:00,247,1
2024-04-16 15:00:00,29,1
2024-04-16 15:00:00,44,1
2024-04-16 15:00:00,58,1
2024-04-16 15:00:00,59,2
2024-04-16 15:00:00,63,2
2024-04-16 15:00:00,78,1
2024-04-16 15:00:00,80,1
2024-04-16 15:00:00,110,1
2024-04-16 15:00:00,112,1
2024-04-16 15:00:00,130,1
2024-04-16 15:00:00,152,1
2024-04-16 15:00:00,164,1
2024-04-16 15:00:00,186,1
2024-04-16 15:00:00,188,1
2024-04-16 15:00:00,192,1
2024-04-16 15:00:00,200,1
2024-04-16 15:00:00,216,1
2024-04-16 15:00:00,242,1
2024-04-16 15:00:00,261,1
2024-04-16 15:00:00,262,1
2024-04-16 15:00:00,263,1
2024-04-16 16:00:00,41,1
2024-04-16 16:00:00,51,1
2024-04-16 16:00:00,56,1
2024-04-16 16:00:00,63,1
2024-04-16 16:00:00,72,1
2024-04-16 16:00:00,76,1
2024-04-16 16:00:00,106,2
2024-04-16 16:00:00,108,1
2024-04-16 16:00:00,113,1
2024-04-16 16:00:00,122,1
2024-04-16 16:00:00,130,1
2024-04-16 16:00:00,135,1
2024-04-16 16:00:00,148,1
2024-04-16 16:00:00,163,1
2024-04-16 16:00:00,166,1
2024-04-16 16:00:00,168,2
2024-04-16 16:00:00,176,1
2024-04-16 16:00:00,177,1
2024-04-16 16:00:00,185,1
2024-04-16 16:00:00,188,1
2024-04-16 16:00:00,202,1
2024-04-16 16:00:00,212,1
2024-04-16 16:00:00,216,1
2024-04-16 16:00:00,223,1
2024-04-16 16:00:00,234,1
2024-04-16 16:00:00,238,1
2024-04-16 16:00:00,248,1
2024-04-16 16:00:00,259,1
2024-04-16 17:00:00,28,1
2024-04-16 17:00:00,32,1
2024-04-16 17:00:00,37,1
2024-04-16 17:00:00,45,1
2024-04-16 17:00:00,73,1
2024-04-16 17:00:00,76,1
2024-04-16 17:00:00,82,1
2024-04-16 17:00:00,88,1
2024-04-16 17:00:00,107,1
2024-04-16 17:00:00,114,2
2024-04-16 17:00:00,115,1
2024-04-16 17:00:00,119,1
2024-04-16 17:00:00,122,1
2024-04-16 17:00:00,130,1
2024-04-16 17:00:00,145,1
2024-04-16 17:00:00,147,1
2024-04-16 17:00:00,149,1
2024-04-16 17:00:00,154,1
2024-04-16 17:00:00,185,1
2024-04-16 17:00:00,186,1
2024-04-16 17:00:00,194,1
2024-04-16 17:00:00,197,1
2024-04-16 17:00:00,201,1
2024-04-16 17:00:00,224,1
2024-04-16 17:00:00,227,1
2024-04-16 17:00:00,243,1
2024-04-16 17:00:00,245,1
2024-04-16 17:00:00,256,2
2024-04-16 18:00:00,19,1
2024-04-16 18:00:00,27,1
2024-04-16 18:00:00,32,1
2024-04-16 18:00:00,36,1
2024-04-16 18:00:00,45,1
2024-04-16 18:00:00,49,2
2024-04-16 18:00:00,53,1
2024-04-16 18:00:00,56,1
2024-04-16 18:00:00,63,1
2024-04-16 18:00:00,72,1
2024-04-16 18:00:00,83,1
2024-04-16 18:00:00,89,1
2024-04-16 18:00:00,93,1
2024-04-16 18:00:00,114,1
2024-04-16 18:00:00,119,1
2024-04-16 18:00:00,120,1
2024-04-16 18:00:00,127,1
2024-04-16 18:00:00,145,1
2024-04-16 18:00:00,149,1
2024-04-16 18:00:00,153,1
2024-04-16 18:00:00,154,1
2024-04-16 18:00:00,160,1
2024-04-16 18:00:00,177,1
2024-04-16 18:00:00,178,1
2024-04-16 18:00:00,187,1
2024-04-16 18:00:00,211,1
2024-04-16 18:00:00,216,1
2024-04-16 18:00:00,221,1
2024-04-16 18:00:00,241,1
2024-04-16 18:00:00,248,1
2024-04-16 18:00:00,258,1
2024-04-16 18:00:00,261,1
2024-04-16 18:00:00,262,1
2024-04-16 19:00:00,14,1
2024-04-16 19:00:00,20,1
2024-04-16 19:00:00,21,1
2024-04-16 19:00:00,34,1
2024-04-16 19:00:00,45,1
2024-04-16 19:00:00,86,1
2024-04-16 19:00:00,93,1
2024-04-16 19:00:00,106,1
2024-04-16 19:00:00,109,1
2024-04-16 19:00:00,110,1
2024-04-16 19:00:00,111,1
2024-04-16 19:00:00,112,1
2024-04-16 19:00:00,134,1
2024-04-16 19:00:00,142,1
2024-04-16 19:00:00,144,2
2024-04-16 19:00:00,151,1
2024-04-16 19:00:00,152,1
2024-04-16 19:00:00,184,1
2024-04-16 19:00:00,185,1
2024-04-16 19:00:00,192,1
2024-04-16 19:00:00,207,1
2024-04-16 19:00:00,216,1
2024-04-16 19:00:00,221,1
2024-04-16 19:00:00,232,1
2024-04-16 19:00:00,261,1
2024-04-16 20:00:00,10,1
2024-04-16 20:00:00,16,1
2024-04-16 20:00:00,17,1
2024-04-16 20:00:00,20,1
2024-04-16 20:00:00,21,1
2024-04-16 20:00:00,36,1
2024-04-16 20:00:00,44,1
2024-04-16 20:00:00,48,1
2024-04-16 20:00:00,58,1
2024-04-16 20:00:00,72,1
2024-04-16 20:00:00,90,1
2024-04-16 20:00:00,92,1
2024-04-16 20:00:00,94,1
2024-04-16 20:00:00,95,1
2024-04-16 20:00:00,113,1
2024-04-16 20:00:00,122,1
2024-04-16 20:00:00,149,1
2024-04-16 20:00:00,151,1
2024-04-16 20:00:00,161,2
2024-04-16 20:00:00,165,1
2024-04-16 20:00:00,166,1
2024-04-16 20:00:00,182,2
2024-04-16 20:00:00,184,1
2024-04-16 20:00:00,215,1
2024-04-16 20:00:00,222,2
2024-04-16 20:00:00,223,1
2024-04-16 20:00:00,229,1
2024-04-16 20:00:00,239,1
2024-04-16 20:00:00,244,1
2024-04-16 20:00:00,258,1
2024-04-16 20:00:00,261,1
2024-04-16 20:00:00,262,1
2024-04-16 21:00:00,10,1
2024-04-16 21:00:00,43,1
2024-04-16 21:00:00,44,1
2024-04-16 21:00:00,47,1
2024-04-16 21:00:00,87,1
2024-04-16 21:00:00,98,1
2024-04-16 21:00:00,112,1
2024-04-16 21:00:00,131,1
2024-04-16 21:00:00,136,2
2024-04-16 21:00:00,142,1
2024-04-16 21:00:00,147,1
2024-04-16 21:00:00,160,1
2024-04-16 21:00:00,162,1
2024-04-16 21:00:00,163,1
2024-04-16 21:00:00,234,1
2024-04-16 21:00:00,246,1
2024-04-16 21:00:00,252,1
2024-04-16 22:00:00,19,1
2024-04-16 22:00:00,31,1
2024-04-16 22:00:00,64,1
2024-04-16 22:00:00,77,1
2024-04-16 22:00:00,86,1
2024-04-16 22:00:00,104,1
2024-04-16 22:00:00,105,1
2024-04-16 22:00:00,109,1
2024-04-16 22:00:00,126,1
2024-04-16 22:00:00,128,2
2024-04-16 22:00:00,140,1
2024-04-16 22:00:00,147,1
2024-04-16 22:00:00,153,2
2024-04-16 22:00:00,163,1
2024-04-16 22:00:00,170,1
2024-04-16 22:00:00,191,1
2024-04-16 22:00:00,205,1
2024-04-16 22:00:00,215,1
2024-04-16 22:00:00,218,1
2024-04-16 22:00:00,222,1
2024-04-16 22:00:00,239,1
2024-04-16 22:00:00,248,1
2024-04-16 22:00:00,254,1
2024-04-16 22:00:00,259,1
2024-04-16 22:00:00,260,1
2024-04-16 23:00:00,7,1
2024-04-16 23:00:00,8,1
2024-04-16 23:00:00,12,1
2024-04-16 23:00:00,19,1
2024-04-16 23:00:00,32,1
2024-04-16 23:00:00,44,1
2024-04-16 23:00:00,47,1
2024-04-16 23:00:00,79,1
2024-04-16 23:00:00,90,1
2024-04-16 23:00:00,118,2
2024-04-16 23:00:00,121,1
2024-04-16 23:00:00,135,1
2024-04-16 23:00:00,151,1
2024-04-16 23:00:00,174,1
2024-04-16 23:00:00,175,1
2024-04-16 23:00:00,178,1
2024-04-16 23:00:00,179,1
2024-04-16 23:00:00,183,1
2024-04-16 23:00:00,207,1
2024-04-16 23:00:00,209,1
2024-04-16 23:00:00,228,1
2024-04-16 23:00:00,230,1
2024-04-16 23:00:00,239,1
2024-04-16 23:00:00,242,1
2024-04-16 23:00:00,254,1
2024-04-16 23:00:00,256,1
2024-04-17 00:00:00,1,1
2024-04-17 00:00:00,13,1
2024-04-17 00:00:00,22,1
2024-04-17 00:00:00,28,1
2024-04-17 00:00:00,30,1
2024-04-17 00:00:00,37,1
2024-04-17 00:00:00,44,1
2024-04-17 00:00:00,64,1
2024-04-17 00:00:00,79,1
2024-04-17 00:00:00,84,1
2024-04-17 00:00:00,85,1
2024-04-17 00:00:00,88,1
2024-04-17 00:00:00,113,1
2024-04-17 00:00:00,114,1
2024-04-17 00:00:00,115,1
2024-04-17 00:00:00,131,1
2024-04-17 00:00:00,147,1
2024-04-17 00:00:00,158,1
2024-04-17 00:00:00,160,1
2024-04-17 00:00:00,175,1
2024-04-17 00:00:00,183,1
2024-04-17 00:00:00,192,1
2024-04-17 00:00:00,223,1
2024-04-17 00:00:00,245,1
2024-04-17 01:00:00,11,1
2024-04-17 01:00:00,55,1
2024-04-17 01:00:00,85,1
2024-04-17 01:00:00,91,1
2024-04-17 01:00:00,94,1
2024-04-17 01:00:00,103,1
2024-04-17 01:00:00,104,1
2024-04-17 01:00:00,107,1
2024-04-17 01:00:00,128,1
2024-04-17 01:00:00,134,1
2024-04-17 01:00:00,135,1
2024-04-17 01:00:00,144,1
2024-04-17 01:00:00,152,1
2024-04-17 01:00:00,165,1
2024-04-17 01:00:00,190,1
2024-04-17 01:00:00,193,1
2024-04-17 01:00:00,202,1
2024-04-17 01:00:00,239,2
2024-04-17 01:00:00,253,1
2024-04-17 01:00:00,255,1
2024-04-17 02:00:00,24,1
2024-04-17 02:00:00,41,1
2024-04-17 02:00:00,45,1
2024-04-17 02:00:00,58,1
2024-04-17 02:00:00,62,1
2024-04-17 02:00:00,70,1
2024-04-17 02:00:00,72,1
2024-04-17 02:00:00,77,1
2024-04-17 02:00:00,89,1
2024-04-17 02:00:00,98,2
2024-04-17 02:00:00,117,1
2024-04-17 02:00:00,120,1
2024-04-17 02:00:00,122,1
2024-04-17 02:00:00,126,1
2024-04-17 02:00:00,127,1
2024-04-17 02:00:00,134,2
2024-04-17 02:00:00,140,1
2024-04-17 02:00:00,149,1
2024-04-17 02:00:00,157,1
2024-04-17 02:00:00,160,1
2024-04-17 02:00:00,170,1
2024-04-17 02:00:00,186,1
2024-04-17 02:00:00,199,1
2024-04-17 02:00:00,211,1
2024-04-17 02:00:00,215,1
2024-04-17 02:00:00,245,1
2024-04-17 02:00:00,247,1
2024-04-17 03:00:00,7,2
2024-04-17 03:00:00,15,1
2024-04-17 03:00:00,32,1
2024-04-17 03:00:00,35,1
2024-04-17 03:00:00,37,1
2024-04-17 03:00:00,49,1
2024-04-17 03:00:00,52,1
2024-04-17 03:00:00,58,1
2024-04-17 03:00:00,61,1
2024-04-17 03:00:00,70,1
2024-04-17 03:00:00,74,2
2024-04-17 03:00:00,96,1
2024-04-17 03:00:00,108,1
2024-04-17 03:00:00,111,1
2024-04-17 03:00:00,112,2
2024-04-17 03:00:00,125,1
2024-04-17 03:00:00,132,1
2024-04-17 03:00:00,158,2
2024-04-17 03:00:00,189,1
2024-04-17 03:00:00,201,1
2024-04-17 03:00:00,204,1
2024-04-17 03:00:00,219,2
2024-04-17 03:00:00,225,1
2024-04-17 03:00:00,231,1
2024-04-17 03:00:00,235,1
2024-04-17 03:00:00,236,1
2024-04-17 03:00:00,238,2
2024-04-17 03:00:00,247,1
2024-04-17 03:00:00,254,1
2024-04-17 03:00:00,263,2
2024-04-17 04:00:00,23,1
2024-04-17 04:00:00,49,1
2024-04-17 04:00:00,53,1
2024-04-17 04:00:00,62,2
2024-04-17 04:00:00,70,1
2024-04-17 04:00:00,74,1
2024-04-17 04:00:00,76,1
2024-04-17 04:00:00,77,1
2024-04-17 04:00:00,78,1
2024-04-17 04:00:00,82,1
2024-04-17 04:00:00,89,1
2024-04-17 04:00:00,99,1
2024-04-17 04:00:00,100,1
2024-04-17 04:00:00,101,1
2024-04-17 04:00:00,114,1
2024-04-17 04:00:00,115,1
2024-04-17 04:00:00,127,1
2024-04-17 04:00:00,134,1
2024-04-17 04:00:00,138,1
2024-04-17 04:00:00,142,1
2024-04-17 04:00:00,150,1
2024-04-17 04:00:00,161,1
2024-04-17 04:00:00,187,1
2024-04-17 04:00:00,196,1
2024-04-17 04:00:00,200,1
2024-04-17 04:00:00,212,1
2024-04-17 04:00:00,215,1
2024-04-17 04:00:00,225,1
2024-04-17 04:00:00,235,2
2024-04-17 04:00:00,246,1
2024-04-17 04:00:00,248,1
2024-04-17 04:00:00,257,1
2024-04-17 05:00:00,22,1
2024-04-17 05:00:00,39,1
2024-04-17 05:00:00,41,1
2024-04-17 05:00:00,59,1
2024-04-17 05:00:00,62,1
2024-04-17 05:00:00,84,1
2024-04-17 05:00:00,87,1
2024-04-17 05:00:00,89,1
2024-04-17 05:00:00,90,1
2024-04-17 05:00:00,95,1
2024-04-17 05:00:00,96,1
2024-04-17 05:00:00,101,1
2024-04-17 05:00:00,110,1
2024-04-17 05:00:00,119,1
2024-04-17 05:00:00,132,1
2024-04-17 05:00:00,138,1
2024-04-17 05:00:00,156,1
2024-04-17 05:00:00,206,1
2024-04-17 05:00:00,211,1
2024-04-17 05:00:00,212,1
2024-04-17 05:00:00,245,1
2024-04-17 05:00:00,246,1
2024-04-17 05:00:00,250,1
2024-04-17 06:00:00,1,1
2024-04-17 06:00:00,16,1
2024-04-17 06:00:00,21,1
2024-04-17 06:00:00,24,1
2024-04-17 06:00:00,39,1
2024-04-17 06:00:00,45,1
2024-04-17 06:00:00,47,1
2024-04-17 06:00:00,52,1
2024-04-17 06:00:00,68,1
2024-04-17 06:00:00,85,1
2024-04-17 06:00:00,107,1
2024-04-17 06:00:00,111,1
2024-04-17 06:00:00,125,1
2024-04-17 06:00:00,138,1
2024-04-17 06:00:00,142,1
2024-04-17 06:00:00,144,1
2024-04-17 06:00:00,145,2
2024-04-17 06:00:00,158,1
2024-04-17 06:00:00,169,1
2024-04-17 06:00:00,174,1
2024-04-17 06:00:00,182,1
2024-04-17 06:00:00,187,1
2024-04-17 06:00:00,209,1
2024-04-17 06:00:00,225,1
2024-04-17 06:00:00,226,1
2024-04-17 06:00:00,236,1
2024-04-17 06:00:00,246,1
2024-04-17 06:00:00,250,1
2024-04-17 06:00:00,253,1
2024-04-17 06:00:00,257,1
2024-04-17 06:00:00,260,1
2024-04-17 06:00:00,262,1
2024-04-17 07:00:00,5,1
2024-04-17 07:00:00,16,1
2024-04-17 07:00:00,18,1
2024-04-17 07:00:00,26,1
2024-04-17 07:00:00,36,1
2024-04-17 07:00:00,44,3
2024-04-17 07:00:00,47,1
2024-04-17 07:00:00,50,1
2024-04-17 07:00:00,51,1
2024-04-17 07:00:00,61,1
2024-04-17 07:00:00,66,1
2024-04-17 07:00:00,87,1
2024-04-17 07:00:00,99,1
2024-04-17 07:00:00,109,1
2024-04-17 07:00:00,139,1
2024-04-17 07:00:00,145,1
2024-04-17 07:00:00,158,1
2024-04-17 07:00:00,163,1
2024-04-17 07:00:00,171,1
2024-04-17 07:00:00,209,1
2024-04-17 07:00:00,215,1
2024-04-17 07:00:00,217,1
2024-04-17 07:00:00,218,1
2024-04-17 07:00:00,261,1
2024-04-17 08:00:00,8,1
2024-04-17 08:00:00,10,1
2024-04-17 08:00:00,21,1
2024-04-17 08:00:00,24,1
2024-04-17 08:00:00,25,1
2024-04-17 08:00:00,38,2
2024-04-17 08:00:00,45,1
2024-04-17 08:00:00,47,1
2024-04-17 08:00:00,50,1
2024-04-17 08:00:00,53,1
2024-04-17 08:00:00,59,1
2024-04-17 08:00:00,64,1
2024-04-17 08:00:00,71,1
2024-04-17 08:00:00,77,1
2024-04-17 08:00:00,96,1
2024-04-17 08:00:00,108,1
2024-04-17 08:00:00,112,1
2024-04-17 08:00:00,118,1
2024-04-17 08:00:00,126,1
2024-04-17 08:00:00,128,1
2024-04-17 08:00:00,142,1
2024-04-17 08:00:00,145,1
2024-04-17 08:00:00,148,1
2024-04-17 08:00:00,156,1
2024-04-17 08:00:00,160,1
2024-04-17 08:00:00,173,1
2024-04-17 08:00:00,177,1
2024-04-17 08:00:00,189,1
2024-04-17 08:00:00,198,1
2024-04-17 08:00:00,219,1
2024-04-17 08:00:00,223,1
2024-04-17 08:00:00,227,1
2024-04-17 09:00:00,12,1
2024-04-17 09:00:00,28,1
2024-04-17 09:00:00,31,2
2024-04-17 09:00:00,36,1
2024-04-17 09:00:00,46,1
2024-04-17 09:00:00,70,1
2024-04-17 09:00:00,71,1
2024-04-17 09:00:00,83,1
2024-04-17 09:00:00,86,1
2024-04-17 09:00:00,108,1
2024-04-17 09:00:00,121,1
2024-04-17 09:00:00,126,1
2024-04-17 09:00:00,130,1
2024-04-17 09:00:00,135,1
2024-04-17 09:00:00,139,1
2024-04-17 09:00:00,143,1
2024-04-17 09:00:00,158,1
2024-04-17 09:00:00,160,1
2024-04-17 09:00:00,169,2
2024-04-17 09:00:00,199,1
2024-04-17 09:00:00,205,1
2024-04-17 09:00:00,207,1
2024-04-17 09:00:00,208,1
2024-04-17 09:00:00,210,1
2024-04-17 09:00:00,221,1
2024-04-17 09:00:00,223,1
2024-04-17 09:00:00,230,1
2024-04-17 09:00:00,232,1
2024-04-17 09:00:00,238,1
2024-04-17 09:00:00,241,1
2024-04-17 09:00:00,243,1
2024-04-17 09:00:00,244,2
2024-04-17 09:00:00,249,1
2024-04-17 10:00:00,13,1
2024-04-17 10:00:00,17,1
2024-04-17 10:00:00,40,1
2024-04-17 10:00:00,48,1
2024-04-17 10:00:00,51,1
2024-04-17 10:00:00,64,1
2024-04-17 10:00:00,65,1
2024-04-17 10:00:00,66,1
2024-04-17 10:00:00,73,1
2024-04-17 10:00:00,77,1
2024-04-17 10:00:00,99,1
2024-04-17 10:00:00,100,1
2024-04-17 10:00:00,101,1
2024-04-17 10:00:00,106,1
2024-04-17 10:00:00,110,1
2024-04-17 10:00:00,120,1
2024-04-17 10:00:00,127,1
2024-04-17 10:00:00,136,1
2024-04-17 10:00:00,147,1
2024-04-17 10:00:00,155,1
2024-04-17 10:00:00,157,2
2024-04-17 10:00:00,163,1
2024-04-17 10:00:00,165,1
2024-04-17 10:00:00,178,1
2024-04-17 10:00:00,202,1
2024-04-17 10:00:00,206,1
2024-04-17 10:00:00,217,1
2024-04-17 10:00:00,230,1
2024-04-17 10:00:00,232,1
2024-04-17 10:00:00,233,1
2024-04-17 10:00:00,236,1
2024-04-17 10:00:00,243,1
2024-04-17 11:00:00,5,1
2024-04-17 11:00:00,20,1
2024-04-17 11:00:00,21,1
2024-04-17 11:00:00,36,1
2024-04-17 11:00:00,79,1
2024-04-17 11:00:00,102,1
2024-04-17 11:00:00,113,1
2024-04-17 11:00:00,134,1
2024-04-17 11:00:00,145,1
2024-04-17 11:00:00,156,2
2024-04-17 11:00:00,157,1
2024-04-17 11:00:00,161,1
2024-04-17 11:00:00,179,1
2024-04-17 11:00:00,181,1
2024-04-17 11:00:00,188,1
2024-04-17 11:00:00,198,1
2024-04-17 11:00:00,207,1
2024-04-17 11:00:00,210,1
2024-04-17 11:00:00,216,1
2024-04-17 11:00:00,217,1
2024-04-17 11:00:00,248,1
2024-04-17 11:00:00,250,1
2024-04-17 11:00:00,254,1
2024-04-17 11:00:00,255,1
2024-04-17 11:00:00,256,1
2024-04-17 11:00:00,257,1
2024-04-17 11:00:00,259,1
2024-04-17 12:00:00,7,2
2024-04-17 12:00:00,29,1
2024-04-17 12:00:00,32,1
2024-04-17 12:00:00,48,1
2024-04-17 12:00:00,58,2
2024-04-17 12:00:00,60,1
2024-04-17 12:00:00,61,1
2024-04-17 12:00:00,72,1
2024-04-17 12:00:00,82,1
2024-04-17 12:00:00,118,1
2024-04-17 12:00:00,127,1
2024-04-17 12:00:00,133,1
2024-04-17 12:00:00,137,1
2024-04-17 12:00:00,146,1
2024-04-17 12:00:00,155,1
2024-04-17 12:00:00,173,1
2024-04-17 12:00:00,214,1
2024-04-17 12:00:00,222,1
2024-04-17 12:00:00,233,1
2024-04-17 12:00:00,240,1
2024-04-17 12:00:00,251,1
2024-04-17 12:00:00,252,1
2024-04-17 13:00:00,2,1
2024-04-17 13:00:00,12,1
2024-04-17 13:00:00,17,1
2024-04-17 13:00:00,19,1
2024-04-17 13:00:00,52,1
2024-04-17 13:00:00,58,2
2024-04-17 13:00:00,74,1
2024-04-17 13:00:00,81,1
2024-04-17 13:00:00,96,1
2024-04-17 13:00:00,113,1
2024-04-17 13:00:00,157,1
2024-04-17 13:00:00,175,1
2024-04-17 13:00:00,184,1
2024-04-17 13:00:00,198,1
2024-04-17 13:00:00,199,1
2024-04-17 13:00:00,202,1
2024-04-17 13:00:00,225,1
2024-04-17 13:00:00,243,1
2024-04-17 14:00:00,3,1
2024-04-17 14:00:00,12,1
2024-04-17 14:00:00,19,1
2024-04-17 14:00:00,24,1
2024-04-17 14:00:00,26,1
2024-04-17 14:00:00,28,1
2024-04-17 14:00:00,45,1
2024-04-17 14:00:00,72,1
2024-04-17 14:00:00,83,1
2024-04-17 14:00:00,111,2
2024-04-17 14:00:00,115,1
2024-04-17 14:00:00,118,1
2024-04-17 14:00:00,124,1
2024-04-17 14:00:00,128,1
2024-04-17 14:00:00,141,1
2024-04-17 14:00:00,142,1
2024-04-17 14:00:00,194,1
2024-04-17 14:00:00,199,1
2024-04-17 14:00:00,202,1
2024-04-17 14:00:00,223,1
2024-04-17 14:00:00,244,1
2024-04-17 14:00:00,245,1
2024-04-17 14:00:00,247,1
2024-04-17 15:00:00,29,1
2024-04-17 15:00:00,36,1
2024-04-17 15:00:00,38,1
2024-04-17 15:00:00,61,1
2024-04-17 15:00:00,66,1
2024-04-17 15:00:00,80,1
2024-04-17 15:00:00,122,1
2024-04-17 15:00:00,125,1
2024-04-17 15:00:00,135,1
2024-04-17 15:00:00,136,1
2024-04-17 15:00:00,147,1
2024-04-17 15:00:00,153,1
2024-04-17 15:00:00,158,1
2024-04-17 15:00:00,171,1
2024-04-17 15:00:00,181,1
2024-04-17 15:00:00,193,1
2024-04-17 15:00:00,196,1
2024-04-17 15:00:00,202,1
2024-04-17 15:00:00,235,1
2024-04-17 15:00:00,246,1
2024-04-17 15:00:00,247,1
2024-04-17 15:00:00,250,1
2024-04-17 15:00:00,255,1
2024-04-17 15:00:00,256,1
2024-04-17 16:00:00,33,1
2024-04-17 16:00:00,37,1
2024-04-17 16:00:00,41,1
2024-04-17 16:00:00,44,1
2024-04-17 16:00:00,56,1
2024-04-17 16:00:00,57,1
2024-04-17 16:00:00,74,1
2024-04-17 16:00:00,85,1
2024-04-17 16:00:00,96,1
2024-04-17 16:00:00,103,1
2024-04-17 16:00:00,124,1
2024-04-17 16:00:00,126,1
2024-04-17 16:00:00,130,1
2024-04-17 16:00:00,134,1
2024-04-17 16:00:00,145,1
2024-04-17 16:00:00,173,1
2024-04-17 16:00:00,199,1
2024-04-17 16:00:00,200,1
2024-04-17 16:00:00,204,1
2024-04-17 16:00:00,217,1
2024-04-17 16:00:00,220,1
2024-04-17 16:00:00,224,1
2024-04-17 16:00:00,250,1
2024-04-17 16:00:00,258,1
2024-04-17 17:00:00,1,1
2024-04-17 17:00:00,16,1
2024-04-17 17:00:00,17,1
2024-04-17 17:00:00,25,1
2024-04-17 17:00:00,48,1
2024-04-17 17:00:00,51,1
2024-04-17 17:00:00,58,1
2024-04-17 17:00:00,77,1
2024-04-17 17:00:00,100,1
2024-04-17 17:00:00,128,1
2024-04-17 17:00:00,130,1
2024-04-17 17:00:00,135,1
2024-04-17 17:00:00,142,1
2024-04-17 17:00:00,178,1
2024-04-17 17:00:00,182,1
2024-04-17 17:00:00,183,1
2024-04-17 17:00:00,187,1
2024-04-17 17:00:00,190,1
2024-04-17 17:00:00,218,1
2024-04-17 17:00:00,225,1
2024-04-17 17:00:00,227,1
2024-04-17 17:00:00,230,1
2024-04-17 17:00:00,237,1
2024-04-17 17:00:00,251,1
2024-04-17 17:00:00,257,1
2024-04-17 18:00:00,5,1
2024-04-17 18:00:00,10,1
2024-04-17 18:00:00,17,1
2024-04-17 18:00:00,22,1
2024-04-17 18:00:00,39,1
2024-04-17 18:00:00,40,1
2024-04-17 18:00:00,45,1
2024-04-17 18:00:00,51,1
2024-04-17 18:00:00,52,1
2024-04-17 18:00:00,66,1
2024-04-17 18:00:00,68,2
2024-04-17 18:00:00,87,1
2024-04-17 18:00:00,93,1
2024-04-17 18:00:00,112,1
2024-04-17 18:00:00,125,1
2024-04-17 18:00:00,140,1
2024-04-17 18:00:00,145,1
2024-04-17 18:00:00,148,1
2024-04-17 18:00:00,153,1
2024-04-17 18:00:00,157,1
2024-04-17 18:00:00,160,1
2024-04-17 18:00:00,162,1
2024-04-17 18:00:00,175,1
2024-04-17 18:00:00,212,2
2024-04-17 18:00:00,216,1
2024-04-17 18:00:00,218,1
2024-04-17 18:00:00,222,1
2024-04-17 18:00:00,224,1
2024-04-17 18:00:00,237,1
2024-04-17 18:00:00,246,1
2024-04-17 19:00:00,7,1
2024-04-17 19:00:00,10,1
2024-04-17 19:00:00,18,1
2024-04-17 19:00:00,21,1
2024-04-17 19:00:00,38,2
2024-04-17 19:00:00,47,1
2024-04-17 19:00:00,56,1
2024-04-17 19:00:00,81,2
2024-04-17 19:00:00,85,1
2024-04-17 19:00:00,90,1
2024-04-17 19:00:00,94,1
2024-04-17 19:00:00,95,1
2024-04-17 19:00:00,110,1
2024-04-17 19:00:00,119,1
2024-04-17 19:00:00,123,1
2024-04-17 19:00:00,125,1
2024-04-17 19:00:00,126,1
2024-04-17 19:00:00,139,1
2024-04-17 19:00:00,177,1
2024-04-17 19:00:00,178,1
2024-04-17 19:00:00,199,1
2024-04-17 19:00:00,207,2
2024-04-17 19:00:00,211,1
2024-04-17 19:00:00,227,1
2024-04-17 19:00:00,233,1
2024-04-17 19:00:00,235,1
2024-04-17 19:00:00,259,1
2024-04-17 20:00:00,10,1
2024-04-17 20:00:00,14,1
2024-04-17 20:00:00,21,1
2024-04-17 20:00:00,25,2
2024-04-17 20:00:00,28,1
2024-04-17 20:00:00,29,1
2024-04-17 20:00:00,40,1
2024-04-17 20:00:00,44,1
2024-04-17 20:00:00,47,1
2024-04-17 20:00:00,48,1
2024-04-17 20:00:00,50,1
2024-04-17 20:00:00,55,2
2024-04-17 20:00:00,71,1
2024-04-17 20:00:00,72,1
2024-04-17 20:00:00,74,1
2024-04-17 20:00:00,123,1
2024-04-17 20:00:00,126,1
2024-04-17 20:00:00,136,1
2024-04-17 20:00:00,139,1
2024-04-17 20:00:00,161,1
2024-04-17 20:00:00,172,1
2024-04-17 20:00:00,173,1
2024-04-17 20:00:00,185,1
2024-04-17 20:00:00,189,1
2024-04-17 20:00:00,195,1
2024-04-17 20:00:00,204,1
2024-04-17 20:00:00,211,1
2024-04-17 20:00:00,214,1
2024-04-17 20:00:00,216,1
2024-04-17 20:00:00,220,1
2024-04-17 20:00:00,225,1
2024-04-17 20:00:00,227,3
2024-04-17 20:00:00,233,1
2024-04-17 20:00:00,236,1
2024-04-17 20:00:00,252,1
2024-04-17 21:00:00,1,1
2024-04-17 21:00:00,16,1
2024-04-17 21:00:00,24,1
2024-04-17 21:00:00,31,1
2024-04-17 21:00:00,35,1
2024-04-17 21:00:00,41,1
2024-04-17 21:00:00,42,1
2024-04-17 21:00:00,53,1
2024-04-17 21:00:00,58,1
2024-04-17 21:00:00,71,1
2024-04-17 21:00:00,114,1
2024-04-17 21:00:00,135,1
2024-04-17 21:00:00,155,1
2024-04-17 21:00:00,156,1
2024-04-17 21:00:00,158,2
2024-04-17 21:00:00,168,1
2024-04-17 21:00:00,177,1
2024-04-17 21:00:00,212,1
2024-04-17 21:00:00,220,1
2024-04-17 21:00:00,229,1
2024-04-17 21:00:00,233,1
2024-04-17 21:00:00,239,1
2024-04-17 21:00:00,250,1
2024-04-17 21:00:00,251,1
2024-04-17 21:00:00,261,2
2024-04-17 22:00:00,3,1
2024-04-17 22:00:00,4,1
2024-04-17 22:00:00,10,1
2024-04-17 22:00:00,16,1
2024-04-17 22:00:00,21,1
2024-04-17 22:00:00,35,1
2024-04-17 22:00:00,45,1
2024-04-17 22:00:00,48,1
2024-04-17 22:00:00,61,1
2024-04-17 22:00:00,66,1
2024-04-17 22:00:00,75,1
2024-04-17 22:00:00,79,2
2024-04-17 22:00:00,88,1
2024-04-17 22:00:00,95,1
2024-04-17 22:00:00,111,1
2024-04-17 22:00:00,124,1
2024-04-17 22:00:00,134,1
2024-04-17 22:00:00,140,1
2024-04-17 22:00:00,177,1
2024-04-17 22:00:00,178,1
2024-04-17 22:00:00,185,1
2024-04-17 22:00:00,198,1
2024-04-17 22:00:00,201,1
2024-04-17 22:00:00,202,1
2024-04-17 22:00:00,208,1
2024-04-17 22:00:00,211,1
2024-04-17 22:00:00,213,1
2024-04-17 22:00:00,244,1
2024-04-17 22:00:00,245,1
2024-04-17 22:00:00,246,1
2024-04-17 22:00:00,247,1
2024-04-17 22:00:00,249,2
2024-04-17 22:00:00,262,1
2024-04-17 23:00:00,3,1
2024-04-17 23:00:00,24,1
2024-04-17 23:00:00,25,1
2024-04-17 23:00:00,30,1
2024-04-17 23:00:00,38,1
2024-04-17 23:00:00,46,1
2024-04-17 23:00:00,51,1
2024-04-17 23:00:00,53,1
2024-04-17 23:00:00,72,1
2024-04-17 23:00:00,78,1
2024-04-17 23:00:00,105,1
2024-04-17 23:00:00,130,1
2024-04-17 23:00:00,131,2
2024-04-17 23:00:00,134,1
2024-04-17 23:00:00,150,1
2024-04-17 23:00:00,162,1
2024-04-17 23:00:00,173,1
2024-04-17 23:00:00,201,1
2024-04-17 23:00:00,206,1
2024-04-17 23:00:00,211,1
2024-04-17 23:00:00,231,1
2024-04-17 23:00:00,232,1
2024-04-17 23:00:00,238,1
2024-04-17 23:00:00,256,1
2024-04-17 23:00:00,262,1
2024-04-18 00:00:00,1,1
2024-04-18 00:00:00,4,1
2024-04-18 00:00:00,8,2
2024-04-18 00:00:00,19,1
2024-04-18 00:00:00,46,1
2024-04-18 00:00:00,50,1
2024-04-18 00:00:00,72,2
2024-04-18 00:00:00,76,1
2024-04-18 00:00:00,84,1
2024-04-18 00:00:00,96,1
2024-04-18 00:00:00,111,1
2024-04-18 00:00:00,113,1
2024-04-18 00:00:00,114,1
2024-04-18 00:00:00,116,1
2024-04-18 00:00:00,123,1
2024-04-18 00:00:00,131,1
2024-04-18 00:00:00,132,2
2024-04-18 00:00:00,142,1
2024-04-18 00:00:00,146,1
2024-04-18 00:00:00,163,1
2024-04-18 00:00:00,165,1
2024-04-18 00:00:00,168,1
2024-04-18 00:00:00,176,1
2024-04-18 00:00:00,204,1
2024-04-18 00:00:00,232,1
2024-04-18 00:00:00,243,1
2024-04-18 00:00:00,247,1
2024-04-18 01:00:00,32,1
2024-04-18 01:00:00,35,1
2024-04-18 01:00:00,36,1
2024-04-18 01:00:00,48,1
2024-04-18 01:00:00,68,1
2024-04-18 01:00:00,70,1
2024-04-18 01:00:00,91,1
2024-04-18 01:00:00,100,1
2024-04-18 01:00:00,101,1
2024-04-18 01:00:00,113,1
2024-04-18 01:00:00,115,1
2024-04-18 01:00:00,128,1
2024-04-18 01:00:00,130,1
2024-04-18 01:00:00,149,1
2024-04-18 01:00:00,162,1
2024-04-18 01:00:00,164,1
2024-04-18 01:00:00,182,1
2024-04-18 01:00:00,187,1
2024-04-18 01:00:00,218,1
2024-04-18 01:00:00,220,1
2024-04-18 01:00:00,227,1
2024-04-18 01:00:00,228,2
2024-04-18 01:00:00,232,1
2024-04-18 01:00:00,247,1
2024-04-18 01:00:00,250,1
2024-04-18 01:00:00,258,1
2024-04-18 02:00:00,24,1
2024-04-18 02:00:00,31,1
2024-04-18 02:00:00,36,1
2024-04-18 02:00:00,38,1
2024-04-18 02:00:00,61,1
2024-04-18 02:00:00,66,1
2024-04-18 02:00:00,88,1
2024-04-18 02:00:00,95,1
2024-04-18 02:00:00,105,1
2024-04-18 02:00:00,128,1
2024-04-18 02:00:00,132,1
2024-04-18 02:00:00,140,1
2024-04-18 02:00:00,181,1
2024-04-18 02:00:00,197,1
2024-04-18 02:00:00,200,1
2024-04-18 02:00:00,203,1
2024-04-18 02:00:00,207,1
2024-04-18 02:00:00,212,1
2024-04-18 02:00:00,221,1
2024-04-18 02:00:00,236,1
2024-04-18 02:00:00,246,1
2024-04-18 02:00:00,252,1
2024-04-18 03:00:00,3,1
2024-04-18 03:00:00,23,1
2024-04-18 03:00:00,26,1
2024-04-18 03:00:00,41,1
2024-04-18 03:00:00,82,1
2024-04-18 03:00:00,84,1
2024-04-18 03:00:00,97,1
2024-04-18 03:00:00,99,1
2024-04-18 03:00:00,101,1
2024-04-18 03:00:00,120,1
2024-04-18 03:00:00,125,1
2024-04-18 03:00:00,144,1
2024-04-18 03:00:00,145,1
2024-04-18 03:00:00,161,1
2024-04-18 03:00:00,162,1
2024-04-18 03:00:00,170,2
2024-04-18 03:00:00,185,1
2024-04-18 03:00:00,186,1
2024-04-18 03:00:00,190,1
2024-04-18 03:00:00,198,1
2024-04-18 03:00:00,210,1
2024-04-18 03:00:00,239,1
2024-04-18 04:00:00,19,1
2024-04-18 04:00:00,33,1
2024-04-18 04:00:00,35,1
2024-04-18 04:00:00,36,1
2024-04-18 04:00:00,39,1
2024-04-18 04:00:00,40,1
2024-04-18 04:00:00,45,1
2024-04-18 04:00:00,59,1
2024-04-18 04:00:00,63,1
2024-04-18 04:00:00,72,1
2024-04-18 04:00:00,76,1
2024-04-18 04:00:00,77,1
2024-04-18 04:00:00,102,1
2024-04-18 04:00:00,136,1
2024-04-18 04:00:00,140,1
2024-04-18 04:00:00,150,1
2024-04-18 04:00:00,162,1
2024-04-18 04:00:00,174,1
2024-04-18 04:00:00,189,1
2024-04-18 04:00:00,197,1
2024-04-18 04:00:00,201,1
2024-04-18 04:00:00,204,1
2024-04-18 04:00:00,217,1
2024-04-18 04:00:00,220,1
2024-04-18 05:00:00,14,1
2024-04-18 05:00:00,51,2
2024-04-18 05:00:00,58,1
2024-04-18 05:00:00,92,1
2024-04-18 05:00:00,108,1
2024-04-18 05:00:00,110,1
2024-04-18 05:00:00,133,1
2024-04-18 05:00:00,154,1
2024-04-18 05:00:00,167,1
2024-04-18 05:00:00,170,1
2024-04-18 05:00:00,172,1
2024-04-18 05:00:00,186,1
2024-04-18 05:00:00,187,1
2024-04-18 05:00:00,206,1
2024-04-18 05:00:00,225,1
2024-04-18 05:00:00,260,1
2024-04-18 05:00:00,263,1
2024-04-18 06:00:00,1,1
2024-04-18 06:00:00,16,1
2024-04-18 06:00:00,21,1
2024-04-18 06:00:00,27,1
2024-04-18 06:00:00,38,1
2024-04-18 06:00:00,43,1
2024-04-18 06:00:00,47,1
2024-04-18 06:00:00,51,1
2024-04-18 06:00:00,56,1
2024-04-18 06:00:00,85,1
2024-04-18 06:00:00,105,1
2024-04-18 06:00:00,108,1
2024-04-18 06:00:00,113,1
2024-04-18 06:00:00,130,1
2024-04-18 06:00:00,138,1
2024-04-18 06:00:00,148,1
2024-04-18 06:00:00,161,1
2024-04-18 06:00:00,165,1
2024-04-18 06:00:00,167,2
2024-04-18 06:00:00,175,1
2024-04-18 06:00:00,184,2
2024-04-18 06:00:00,188,1
2024-04-18 06:00:00,189,1
2024-04-18 06:00:00,199,1
2024-04-18 06:00:00,203,1
2024-04-18 06:00:00,214,1
2024-04-18 06:00:00,244,1
2024-04-18 06:00:00,250,1
2024-04-18 07:00:00,3,1
2024-04-18 07:00:00,6,1
2024-04-18 07:00:00,12,1
2024-04-18 07:00:00,18,1
2024-04-18 07:00:00,24,1
2024-04-18 07:00:00,41,1
2024-04-18 07:00:00,44,1
2024-04-18 07:00:00,45,1
2024-04-18 07:00:00,78,1
2024-04-18 07:00:00,87,1
2024-04-18 07:00:00,118,1
2024-04-18 07:00:00,127,1
2024-04-18 07:00:00,136,1
2024-04-18 07:00:00,159,1
2024-04-18 07:00:00,174,2
2024-04-18 07:00:00,176,1
2024-04-18 07:00:00,178,1
2024-04-18 07:00:00,181,1
2024-04-18 07:00:00,186,1
2024-04-18 07:00:00,187,1
2024-04-18 07:00:00,225,1
2024-04-18 07:00:00,259,1
2024-04-18 08:00:00,14,1
2024-04-18 08:00:00,18,1
2024-04-18 08:00:00,19,1
2024-04-18 08:00:00,20,1
2024-04-18 08:00:00,28,1
2024-04-18 08:00:00,45,1
2024-04-18 08:00:00,55,1
2024-04-18 08:00:00,59,1
2024-04-18 08:00:00,69,2
2024-04-18 08:00:00,71,1
2024-04-18 08:00:00,105,1
2024-04-18 08:00:00,116,1
2024-04-18 08:00:00,124,1
2024-04-18 08:00:00,125,1
2024-04-18 08:00:00,126,1
2024-04-18 08:00:00,136,1
2024-04-18 08:00:00,147,1
2024-04-18 08:00:00,151,1
2024-04-18 08:00:00,162,1
2024-04-18 08:00:00,163,1
2024-04-18 08:00:00,181,1
2024-04-18 08:00:00,188,1
2024-04-18 08:00:00,189,1
2024-04-18 08:00:00,190,1
2024-04-18 08:00:00,194,1
2024-04-18 08:00:00,204,1
2024-04-18 08:00:00,209,1
2024-04-18 08:00:00,218,1
2024-04-18 08:00:00,224,1
2024-04-18 08:00:00,243,1
2024-04-18 08:00:00,244,1
2024-04-18 08:00:00,251,1
2024-04-18 08:00:00,252,1
2024-04-18 08:00:00,256,1
2024-04-18 08:00:00,262,1
2024-04-18 09:00:00,3,1
2024-04-18 09:00:00,6,1
2024-04-18 09:00:00,28,1
2024-04-18 09:00:00,39,1
2024-04-18 09:00:00,45,1
2024-04-18 09:00:00,54,1
2024-04-18 09:00:00,59,1
2024-04-18 09:00:00,65,1
2024-04-18 09:00:00,74,1
2024-04-18 09:00:00,85,1
2024-04-18 09:00:00,88,1
2024-04-18 09:00:00,90,1
2024-04-18 09:00:00,93,2
2024-04-18 09:00:00,95,1
2024-04-18 09:00:00,112,1
2024-04-18 09:00:00,134,1
2024-04-18 09:00:00,140,1
2024-04-18 09:00:00,164,1
2024-04-18 09:00:00,165,1
2024-04-18 09:00:00,167,1
2024-04-18 09:00:00,173,1
2024-04-18 09:00:00,175,1
2024-04-18 09:00:00,187,1
2024-04-18 09:00:00,191,1
2024-04-18 09:00:00,195,1
2024-04-18 09:00:00,197,1
2024-04-18 09:00:00,207,1
2024-04-18 09:00:00,216,2
2024-04-18 09:00:00,223,1
2024-04-18 09:00:00,234,1
2024-04-18 09:00:00,243,1
2024-04-18 09:00:00,259,1
2024-04-18 09:00:00,263,1
2024-04-18 10:00:00,1,2
2024-04-18 10:00:00,10,1
2024-04-18 10:00:00,33,1
2024-04-18 10:00:00,37,1
2024-04-18 10:00:00,71,1
2024-04-18 10:00:00,79,1
2024-04-18 10:00:00,82,1
2024-04-18 10:00:00,113,1
2024-04-18 10:00:00,118,1
2024-04-18 10:00:00,132,1
2024-04-18 10:00:00,141,1
2024-04-18 10:00:00,150,1
2024-04-18 10:00:00,166,1
2024-04-18 10:00:00,169,1
2024-04-18 10:00:00,177,1
2024-04-18 10:00:00,178,1
2024-04-18 10:00:00,182,1
2024-04-18 10:00:00,191,1
2024-04-18 10:00:00,218,1
2024-04-18 10:00:00,220,1
2024-04-18 10:00:00,221,1
2024-04-18 10:00:00,222,1
2024-04-18 10:00:00,237,1
2024-04-18 11:00:00,3,1
2024-04-18 11:00:00,18,2
2024-04-18 11:00:00,21,1
2024-04-18 11:00:00,25,1
2024-04-18 11:00:00,46,1
2024-04-18 11:00:00,62,1
2024-04-18 11:00:00,63,1
2024-04-18 11:00:00,109,1
2024-04-18 11:00:00,115,1
2024-04-18 11:00:00,118,1
2024-04-18 11:00:00,122,1
2024-04-18 11:00:00,134,1
2024-04-18 11:00:00,135,1
2024-04-18 11:00:00,148,1
2024-04-18 11:00:00,150,1
2024-04-18 11:00:00,155,1
2024-04-18 11:00:00,157,1
2024-04-18 11:00:00,185,1
2024-04-18 11:00:00,187,1
2024-04-18 11:00:00,202,2
2024-04-18 11:00:00,215,1
2024-04-18 11:00:00,228,1
2024-04-18 11:00:00,239,1
2024-04-18 11:00:00,245,1
2024-04-18 11:00:00,261,1
2024-04-18 12:00:00,17,1
2024-04-18 12:00:00,24,1
2024-04-18 12:00:00,28,1
2024-04-18 12:00:00,48,1
2024-04-18 12:00:00,52,1
2024-04-18 12:00:00,58,1
2024-04-18 12:00:00,65,1
2024-04-18 12:00:00,66,1
2024-04-18 12:00:00,82,1
2024-04-18 12:00:00,92,1
2024-04-18 12:00:00,94,1
2024-04-18 12:00:00,98,1
2024-04-18 12:00:00,106,1
2024-04-18 12:00:00,117,1
2024-04-18 12:00:00,132,1
2024-04-18 12:00:00,135,1
2024-04-18 12:00:00,138,1
2024-04-18 12:00:00,152,1
2024-04-18 12:00:00,154,1
2024-04-18 12:00:00,161,1
2024-04-18 12:00:00,172,1
2024-04-18 12:00:00,191,1
2024-04-18 12:00:00,199,1
2024-04-18 12:00:00,236,1
2024-04-18 12:00:00,249,1
2024-04-18 13:00:00,1,1
2024-04-18 13:00:00,5,1
2024-04-18 13:00:00,35,1
2024-04-18 13:00:00,36,1
2024-04-18 13:00:00,40,1
2024-04-18 13:00:00,45,1
2024-04-18 13:00:00,48,1
2024-04-18 13:00:00,66,1
2024-04-18 13:00:00,98,1
2024-04-18 13:00:00,99,1
2024-04-18 13:00:00,104,1
2024-04-18 13:00:00,105,1
2024-04-18 13:00:00,128,1
2024-04-18 13:00:00,141,1
2024-04-18 13:00:00,146,1
2024-04-18 13:00:00,148,1
2024-04-18 13:00:00,151,1
2024-04-18 13:00:00,154,1
2024-04-18 13:00:00,167,1
2024-04-18 13:00:00,169,2
2024-04-18 13:00:00,171,1
2024-04-18 13:00:00,182,1
2024-04-18 13:00:00,184,1
2024-04-18 13:00:00,192,1
2024-04-18 13:00:00,218,1
2024-04-18 13:00:00,227,1
2024-04-18 13:00:00,230,1
2024-04-18 13:00:00,233,1
2024-04-18 14:00:00,16,1
2024-04-18 14:00:00,24,1
2024-04-18 14:00:00,43,2
2024-04-18 14:00:00,48,1
2024-04-18 14:00:00,51,1
2024-04-18 14:00:00,54,1
2024-04-18 14:00:00,61,1
2024-04-18 14:00:00,64,1
2024-04-18 14:00:00,72,1
2024-04-18 14:00:00,76,1
2024-04-18 14:00:00,98,1
2024-04-18 14:00:00,102,1
2024-04-18 14:00:00,105,1
2024-04-18 14:00:00,108,1
2024-04-18 14:00:00,125,1
2024-04-18 14:00:00,126,1
2024-04-18 14:00:00,142,1
2024-04-18 14:00:00,143,2
2024-04-18 14:00:00,146,1
2024-04-18 14:00:00,160,1
2024-04-18 14:00:00,175,1
2024-04-18 14:00:00,176,1
2024-04-18 14:00:00,188,1
2024-04-18 14:00:00,195,1
2024-04-18 14:00:00,201,1
2024-04-18 14:00:00,205,1
2024-04-18 14:00:00,207,1
2024-04-18 14:00:00,226,1
2024-04-18 14:00:00,229,1
2024-04-18 14:00:00,233,1
2024-04-18 14:00:00,263,1
2024-04-18 15:00:00,2,1
2024-04-18 15:00:00,10,1
2024-04-18 15:00:00,16,1
2024-04-18 15:00:00,25,1
2024-04-18 15:00:00,26,1
2024-04-18 15:00:00,30,1
2024-04-18 15:00:00,34,1
2024-04-18 15:00:00,43,1
2024-04-18 15:00:00,44,2
2024-04-18 15:00:00,45,1
2024-04-18 15:00:00,51,1
2024-04-18 15:00:00,119,1
2024-04-18 15:00:00,122,1
2024-04-18 15:00:00,144,1
2024-04-18 15:00:00,153,1
2024-04-18 15:00:00,168,1
2024-04-18 15:00:00,178,1
2024-04-18 15:00:00,180,1
2024-04-18 15:00:00,188,1
2024-04-18 15:00:00,195,1
2024-04-18 15:00:00,204,1
2024-04-18 15:00:00,205,1
2024-04-18 15:00:00,208,1
2024-04-18 15:00:00,218,2
2024-04-18 15:00:00,222,1
2024-04-18 15:00:00,228,1
2024-04-18 15:00:00,231,1
2024-04-18 15:00:00,242,2
2024-04-18 15:00:00,246,1
2024-04-18 15:00:00,247,1
2024-04-18 16:00:00,22,1
2024-04-18 16:00:00,33,1
2024-04-18 16:00:00,56,1
2024-04-18 16:00:00,75,1
2024-04-18 16:00:00,95,1
2024-04-18 16:00:00,96,1
2024-04-18 16:00:00,119,1
2024-04-18 16:00:00,123,1
2024-04-18 16:00:00,139,1
2024-04-18 16:00:00,145,1
2024-04-18 16:00:00,157,1
2024-04-18 16:00:00,162,1
2024-04-18 16:00:00,173,1
2024-04-18 16:00:00,176,1
2024-04-18 16:00:00,187,1
2024-04-18 16:00:00,199,1
2024-04-18 16:00:00,202,1
2024-04-18 16:00:00,203,1
2024-04-18 16:00:00,222,1
2024-04-18 16:00:00,244,1
2024-04-18 16:00:00,251,1
2024-04-18 16:00:00,258,1
2024-04-18 16:00:00,263,1
2024-04-18 17:00:00,5,1
2024-04-18 17:00:00,16,1
2024-04-18 17:00:00,29,1
2024-04-18 17:00:00,43,1
2024-04-18 17:00:00,49,1
2024-04-18 17:00:00,52,1
2024-04-18 17:00:00,72,1
2024-04-18 17:00:00,73,1
2024-04-18 17:00:00,89,1
2024-04-18 17:00:00,93,1
2024-04-18 17:00:00,94,1
2024-04-18 17:00:00,106,1
2024-04-18 17:00:00,111,1
2024-04-18 17:00:00,115,2
2024-04-18 17:00:00,117,1
2024-04-18 17:00:00,136,1
2024-04-18 17:00:00,145,1
2024-04-18 17:00:00,153,1
2024-04-18 17:00:00,158,1
2024-04-18 17:00:00,161,1
2024-04-18 17:00:00,177,1
2024-04-18 17:00:00,193,1
2024-04-18 17:00:00,198,1
2024-04-18 17:00:00,214,1
2024-04-18 17:00:00,221,1
2024-04-18 17:00:00,226,1
2024-04-18 17:00:00,228,1
2024-04-18 17:00:00,255,1
2024-04-18 18:00:00,27,1
2024-04-18 18:00:00,33,1
2024-04-18 18:00:00,44,1
2024-04-18 18:00:00,52,1
2024-04-18 18:00:00,72,1
2024-04-18 18:00:00,73,2
2024-04-18 18:00:00,78,1
2024-04-18 18:00:00,85,1
2024-04-18 18:00:00,92,1
2024-04-18 18:00:00,97,1
2024-04-18 18:00:00,99,1
2024-04-18 18:00:00,111,1
2024-04-18 18:00:00,117,1
2024-04-18 18:00:00,124,1
2024-04-18 18:00:00,126,1
2024-04-18 18:00:00,129,1
2024-04-18 18:00:00,137,1
2024-04-18 18:00:00,141,1
2024-04-18 18:00:00,154,1
2024-04-18 18:00:00,161,2
2024-04-18 18:00:00,175,1
2024-04-18 18:00:00,194,1
2024-04-18 18:00:00,200,2
2024-04-18 18:00:00,205,1
2024-04-18 18:00:00,230,1
2024-04-18 18:00:00,243,1
2024-04-18 18:00:00,251,1
2024-04-18 18:00:00,256,1
2024-04-18 19:00:00,11,1
2024-04-18 19:00:00,27,1
2024-04-18 19:00:00,37,1
2024-04-18 19:00:00,43,1
2024-04-18 19:00:00,61,1
2024-04-18 19:00:00,64,1
2024-04-18 19:00:00,65,1
2024-04-18 19:00:00,66,1
2024-04-18 19:00:00,73,1
2024-04-18 19:00:00,98,1
2024-04-18 19:00:00,100,1
2024-04-18 19:00:00,107,1
2024-04-18 19:00:00,110,1
2024-04-18 19:00:00,121,1
2024-04-18 19:00:00,127,1
2024-04-18 19:00:00,132,1
2024-04-18 19:00:00,139,1
2024-04-18 19:00:00,175,2
2024-04-18 19:00:00,176,1
2024-04-18 19:00:00,187,1
2024-04-18 19:00:00,193,1
2024-04-18 19:00:00,197,1
2024-04-18 19:00:00,202,1
2024-04-18 19:00:00,203,1
2024-04-18 19:00:00,219,1
2024-04-18 19:00:00,223,1
2024-04-18 19:00:00,236,1
2024-04-18 19:00:00,249,1
2024-04-18 19:00:00,263,1
2024-04-18 20:00:00,6,1
2024-04-18 20:00:00,8,1
2024-04-18 20:00:00,14,2
2024-04-18 20:00:00,33,1
2024-04-18 20:00:00,43,1
2024-04-18 20:00:00,51,1
2024-04-18 20:00:00,58,1
2024-04-18 20:00:00,66,1
2024-04-18 20:00:00,84,1
2024-04-18 20:00:00,93,1
2024-04-18 20:00:00,122,2
2024-04-18 20:00:00,133,1
2024-04-18 20:00:00,138,1
2024-04-18 20:00:00,141,1
2024-04-18 20:00:00,146,1
2024-04-18 20:00:00,157,1
2024-04-18 20:00:00,193,1
2024-04-18 20:00:00,195,1
2024-04-18 20:00:00,204,1
2024-04-18 20:00:00,212,1
2024-04-18 20:00:00,216,1
2024-04-18 20:00:00,228,1
2024-04-18 20:00:00,230,1
2024-04-18 20:00:00,231,1
2024-04-18 20:00:00,233,1
2024-04-18 20:00:00,239,1
2024-04-18 20:00:00,247,2
2024-04-18 20:00:00,251,1
2024-04-18 21:00:00,12,1
2024-04-18 21:00:00,14,2
2024-04-18 21:00:00,19,1
2024-04-18 21:00:00,69,1
2024-04-18 21:00:00,71,1
2024-04-18 21:00:00,82,1
2024-04-18 21:00:00,83,1
2024-04-18 21:00:00,95,1
2024-04-18 21:00:00,110,1
2024-04-18 21:00:00,130,1
2024-04-18 21:00:00,134,1
2024-04-18 21:00:00,162,1
2024-04-18 21:00:00,169,1
2024-04-18 21:00:00,171,1
2024-04-18 21:00:00,179,1
2024-04-18 21:00:00,182,1
2024-04-18 21:00:00,184,1
2024-04-18 21:00:00,206,1
2024-04-18 21:00:00,208,1
2024-04-18 21:00:00,220,1
2024-04-18 21:00:00,222,1
2024-04-18 21:00:00,234,1
2024-04-18 21:00:00,242,1
2024-04-18 21:00:00,261,1
2024-04-18 22:00:00,8,1
2024-04-18 22:00:00,10,1
2024-04-18 22:00:00,15,1
2024-04-18 22:00:00,17,1
2024-04-18 22:00:00,22,1
2024-04-18 22:00:00,81,1
2024-04-18 22:00:00,100,1
2024-04-18 22:00:00,104,1
2024-04-18 22:00:00,109,1
2024-04-18 22:00:00,110,1
2024-04-18 22:00:00,120,1
2024-04-18 22:00:00,126,1
2024-04-18 22:00:00,138,1
2024-04-18 22:00:00,145,1
2024-04-18 22:00:00,149,1
2024-04-18 22:00:00,158,1
2024-04-18 22:00:00,163,1
2024-04-18 22:00:00,168,1
2024-04-18 22:00:00,174,1
2024-04-18 22:00:00,175,1
2024-04-18 22:00:00,182,1
2024-04-18 22:00:00,185,1
2024-04-18 22:00:00,191,1
2024-04-18 22:00:00,220,1
2024-04-18 22:00:00,221,1
2024-04-18 22:00:00,243,1
2024-04-18 22:00:00,249,1
2024-04-18 23:00:00,11,1
2024-04-18 23:00:00,21,2
2024-04-18 23:00:00,25,1
2024-04-18 23:00:00,42,1
2024-04-18 23:00:00,61,1
2024-04-18 23:00:00,82,1
2024-04-18 23:00:00,93,1
2024-04-18 23:00:00,99,1
2024-04-18 23:00:00,107,1
2024-04-18 23:00:00,122,1
2024-04-18 23:00:00,123,1
2024-04-18 23:00:00,147,1
2024-04-18 23:00:00,153,1
2024-04-18 23:00:00,157,2
2024-04-18 23:00:00,164,1
2024-04-18 23:00:00,165,1
2024-04-18 23:00:00,176,1
2024-04-18 23:00:00,180,1
2024-04-18 23:00:00,188,1
2024-04-18 23:00:00,198,1
2024-04-18 23:00:00,202,1
2024-04-18 23:00:00,211,1
2024-04-18 23:00:00,218,1
2024-04-18 23:00:00,224,1
2024-04-18 23:00:00,231,1
2024-04-18 23:00:00,240,1
2024-04-18 23:00:00,256,1
2024-04-18 23:00:00,262,1
2024-04-19 00:00:00,1,1
2024-04-19 00:00:00,11,1
2024-04-19 00:00:00,18,1
2024-04-19 00:00:00,26,1
2024-04-19 00:00:00,27,1
2024-04-19 00:00:00,38,1
2024-04-19 00:00:00,44,1
2024-04-19 00:00:00,48,3
2024-04-19 00:00:00,54,1
2024-04-19 00:00:00,57,1
2024-04-19 00:00:00,81,1
2024-04-19 00:00:00,105,1
2024-04-19 00:00:00,126,1
2024-04-19 00:00:00,161,1
2024-04-19 00:00:00,165,1
2024-04-19 00:00:00,167,1
2024-04-19 00:00:00,168,1
2024-04-19 00:00:00,172,1
2024-04-19 00:00:00,173,1
2024-04-19 00:00:00,183,1
2024-04-19 00:00:00,185,1
2024-04-19 00:00:00,213,2
2024-04-19 00:00:00,219,1
2024-04-19 00:00:00,228,1
2024-04-19 00:00:00,233,1
2024-04-19 00:00:00,243,1
2024-04-19 00:00:00,250,1
2024-04-19 00:00:00,259,1
2024-04-19 00:00:00,260,1
2024-04-19 01:00:00,12,1
2024-04-19 01:00:00,32,1
2024-04-19 01:00:00,41,1
2024-04-19 01:00:00,48,1
2024-04-19 01:00:00,49,1
2024-04-19 01:00:00,52,1
2024-04-19 01:00:00,53,1
2024-04-19 01:00:00,66,1
2024-04-19 01:00:00,75,1
2024-04-19 01:00:00,78,1
2024-04-19 01:00:00,85,1
2024-04-19 01:00:00,98,1
2024-04-19 01:00:00,109,1
2024-04-19 01:00:00,131,1
2024-04-19 01:00:00,133,1
2024-04-19 01:00:00,180,1
2024-04-19 01:00:00,182,1
2024-04-19 01:00:00,197,1
2024-04-19 01:00:00,200,1
2024-04-19 01:00:00,206,1
2024-04-19 01:00:00,219,1
2024-04-19 01:00:00,223,1
2024-04-19 01:00:00,235,1
2024-04-19 01:00:00,245,1
2024-04-19 01:00:00,254,1
2024-04-19 01:00:00,259,1
2024-04-19 01:00:00,260,1
2024-04-19 01:00:00,261,1
2024-04-19 02:00:00,10,1
2024-04-19 02:00:00,19,1
2024-04-19 02:00:00,30,1
2024-04-19 02:00:00,31,1
2024-04-19 02:00:00,38,1
2024-04-19 02:00:00,45,1
2024-04-19 02:00:00,72,1
2024-04-19 02:00:00,81,1
2024-04-19 02:00:00,96,1
2024-04-19 02:00:00,101,1
2024-04-19 02:00:00,132,2
2024-04-19 02:00:00,136,1
2024-04-19 02:00:00,142,1
2024-04-19 02:00:00,159,1
2024-04-19 02:00:00,176,1
2024-04-19 02:00:00,184,1
2024-04-19 02:00:00,193,1
2024-04-19 02:00:00,195,1
2024-04-19 02:00:00,196,1
2024-04-19 02:00:00,211,1
2024-04-19 02:00:00,213,1
2024-04-19 02:00:00,218,1
2024-04-19 02:00:00,225,1
2024-04-19 02:00:00,231,1
2024-04-19 02:00:00,239,1
2024-04-19 02:00:00,242,1
2024-04-19 02:00:00,248,1
2024-04-19 03:00:00,1,1
2024-04-19 03:00:00,3,1
2024-04-19 03:00:00,5,1
2024-04-19 03:00:00,10,1
2024-04-19 03:00:00,12,1
2024-04-19 03:00:00,15,2
2024-04-19 03:00:00,28,1
2024-04-19 03:00:00,36,1
2024-04-19 03:00:00,68,1
2024-04-19 03:00:00,70,1
2024-04-19 03:00:00,77,1
2024-04-19 03:00:00,107,1
2024-04-19 03:00:00,108,1
2024-04-19 03:00:00,109,1
2024-04-19 03:00:00,114,1
2024-04-19 03:00:00,115,1
2024-04-19 03:00:00,127,1
2024-04-19 03:00:00,133,1
2024-04-19 03:00:00,138,1
2024-04-19 03:00:00,139,1
2024-04-19 03:00:00,145,1
2024-04-19 03:00:00,147,1
2024-04-19 03:00:00,165,1
2024-04-19 03:00:00,174,1
2024-04-19 03:00:00,175,1
2024-04-19 03:00:00,192,1
2024-04-19 03:00:00,199,1
2024-04-19 03:00:00,217,1
2024-04-19 03:00:00,220,1
2024-04-19 03:00:00,227,1
2024-04-19 03:00:00,248,1
2024-04-19 04:00:00,2,1
2024-04-19 04:00:00,12,1
2024-04-19 04:00:00,35,1
2024-04-19 04:00:00,42,1
2024-04-19 04:00:00,58,1
2024-04-19 04:00:00,65,2
2024-04-19 04:00:00,85,1
2024-04-19 04:00:00,92,1
2024-04-19 04:00:00,95,1
2024-04-19 04:00:00,100,1
2024-04-19 04:00:00,125,1
2024-04-19 04:00:00,133,1
2024-04-19 04:00:00,136,2
2024-04-19 04:00:00,138,1
2024-04-19 04:00:00,140,1
2024-04-19 04:00:00,145,1
2024-04-19 04:00:00,146,1
2024-04-19 04:00:00,161,1
2024-04-19 04:00:00,174,1
2024-04-19 04:00:00,175,1
2024-04-19 04:00:00,239,2
2024-04-19 04:00:00,246,1
2024-04-19 04:00:00,252,1
2024-04-19 04:00:00,263,1
2024-04-19 05:00:00,8,1
2024-04-19 05:00:00,18,1
2024-04-19 05:00:00,19,2
2024-04-19 05:00:00,28,1
2024-04-19 05:00:00,51,1
2024-04-19 05:00:00,53,1
2024-04-19 05:00:00,55,1
2024-04-19 05:00:00,58,1
2024-04-19 05:00:00,66,1
2024-04-19 05:00:00,73,1
2024-04-19 05:00:00,78,1
2024-04-19 05:00:00,91,1
2024-04-19 05:00:00,103,1
2024-04-19 05:00:00,105,1
2024-04-19 05:00:00,106,1
2024-04-19 05:00:00,117,1
2024-04-19 05:00:00,167,1
2024-04-19 05:00:00,172,2
2024-04-19 05:00:00,180,1
2024-04-19 05:00:00,194,1
2024-04-19 05:00:00,203,1
2024-04-19 05:00:00,211,1
2024-04-19 05:00:00,219,1
2024-04-19 05:00:00,221,1
2024-04-19 05:00:00,263,1
2024-04-19 06:00:00,8,1
2024-04-19 06:00:00,18,1
2024-04-19 06:00:00,28,1
2024-04-19 06:00:00,41,1
2024-04-19 06:00:00,62,1
2024-04-19 06:00:00,66,1
2024-04-19 06:00:00,81,1
2024-04-19 06:00:00,106,1
2024-04-19 06:00:00,129,1
2024-04-19 06:00:00,131,1
2024-04-19 06:00:00,137,1
2024-04-19 06:00:00,138,1
2024-04-19 06:00:00,152,1
2024-04-19 06:00:00,160,1
2024-04-19 06:00:00,171,2
2024-04-19 06:00:00,172,1
2024-04-19 06:00:00,174,1
2024-04-19 06:00:00,187,2
2024-04-19 06:00:00,193,1
2024-04-19 06:00:00,196,1
2024-04-19 06:00:00,201,1
2024-04-19 06:00:00,220,1
2024-04-19 06:00:00,223,1
2024-04-19 06:00:00,229,1
2024-04-19 06:00:00,234,1
2024-04-19 06:00:00,240,1
2024-04-19 06:00:00,245,1
2024-04-19 07:00:00,10,1
2024-04-19 07:00:00,16,1
2024-04-19 07:00:00,24,1
2024-04-19 07:00:00,50,1
2024-04-19 07:00:00,53,1
2024-04-19 07:00:00,59,1
2024-04-19 07:00:00,63,1
2024-04-19 07:00:00,68,1
2024-04-19 07:00:00,75,1
2024-04-19 07:00:00,81,1
2024-04-19 07:00:00,82,1
2024-04-19 07:00:00,88,1
2024-04-19 07:00:00,91,1
2024-04-19 07:00:00,140,1
2024-04-19 07:00:00,143,1
2024-04-19 07:00:00,144,1
2024-04-19 07:00:00,147,1
2024-04-19 07:00:00,154,1
2024-04-19 07:00:00,155,1
2024-04-19 07:00:00,159,1
2024-04-19 07:00:00,162,1
2024-04-19 07:00:00,166,1
2024-04-19 07:00:00,176,2
2024-04-19 07:00:00,177,1
2024-04-19 07:00:00,195,1
2024-04-19 07:00:00,198,1
2024-04-19 07:00:00,209,1
2024-04-19 07:00:00,212,1
2024-04-19 07:00:00,224,1
2024-04-19 07:00:00,243,1
2024-04-19 07:00:00,247,1
2024-04-19 07:00:00,258,1
2024-04-19 08:00:00,1,1
2024-04-19 08:00:00,4,1
2024-04-19 08:00:00,9,1
2024-04-19 08:00:00,40,1
2024-04-19 08:00:00,43,1
2024-04-19 08:00:00,54,1
2024-04-19 08:00:00,62,1
2024-04-19 08:00:00,70,1
2024-04-19 08:00:00,94,1
2024-04-19 08:00:00,137,1
2024-04-19 08:00:00,138,1
2024-04-19 08:00:00,149,1
2024-04-19 08:00:00,150,1
2024-04-19 08:00:00,151,1
2024-04-19 08:00:00,155,1
2024-04-19 08:00:00,171,1
2024-04-19 08:00:00,179,1
2024-04-19 08:00:00,184,2
2024-04-19 08:00:00,188,1
2024-04-19 08:00:00,195,1
2024-04-19 08:00:00,202,1
2024-04-19 08:00:00,205,1
2024-04-19 08:00:00,212,1
2024-04-19 08:00:00,223,1
2024-04-19 08:00:00,226,1
2024-04-19 08:00:00,238,1
2024-04-19 08:00:00,239,1
2024-04-19 08:00:00,244,1
2024-04-19 08:00:00,246,1
2024-04-19 08:00:00,254,1
2024-04-19 09:00:00,13,1
2024-04-19 09:00:00,17,1
2024-04-19 09:00:00,18,1
2024-04-19 09:00:00,22,1
2024-04-19 09:00:00,31,1
2024-04-19 09:00:00,41,3
2024-04-19 09:00:00,47,1
2024-04-19 09:00:00,54,1
2024-04-19 09:00:00,57,1
2024-04-19 09:00:00,62,1
2024-04-19 09:00:00,77,1
2024-04-19 09:00:00,89,1
2024-04-19 09:00:00,94,1
2024-04-19 09:00:00,102,1
2024-04-19 09:00:00,109,1
2024-04-19 09:00:00,123,1
2024-04-19 09:00:00,129,2
2024-04-19 09:00:00,134,1
2024-04-19 09:00:00,135,1
2024-04-19 09:00:00,149,1
2024-04-19 09:00:00,150,1
2024-04-19 09:00:00,151,1
2024-04-19 09:00:00,153,1
2024-04-19 09:00:00,157,1
2024-04-19 09:00:00,171,1
2024-04-19 09:00:00,174,1
2024-04-19 09:00:00,198,1
2024-04-19 09:00:00,225,1
2024-04-19 09:00:00,226,1
2024-04-19 09:00:00,229,1
2024-04-19 09:00:00,237,1
2024-04-19 09:00:00,238,2
2024-04-19 09:00:00,242,1
2024-04-19 09:00:00,247,1
2024-04-19 09:00:00,253,1
2024-04-19 09:00:00,255,1
2024-04-19 09:00:00,257,1
2024-04-19 10:00:00,3,1
2024-04-19 10:00:00,12,2
2024-04-19 10:00:00,25,1
2024-04-19 10:00:00,51,1
2024-04-19 10:00:00,68,1
2024-04-19 10:00:00,87,1
2024-04-19 10:00:00,93,1
2024-04-19 10:00:00,104,1
2024-04-19 10:00:00,106,1
2024-04-19 10:00:00,115,1
2024-04-19 10:00:00,129,1
2024-04-19 10:00:00,131,2
2024-04-19 10:00:00,163,1
2024-04-19 10:00:00,166,1
2024-04-19 10:00:00,167,1
2024-04-19 10:00:00,189,1
2024-04-19 10:00:00,190,1
2024-04-19 10:00:00,219,1
2024-04-19 10:00:00,220,2
2024-04-19 10:00:00,229,1
2024-04-19 10:00:00,232,1
2024-04-19 10:00:00,243,1
2024-04-19 10:00:00,244,2
2024-04-19 10:00:00,248,1
2024-04-19 11:00:00,24,1
2024-04-19 11:00:00,53,1
2024-04-19 11:00:00,63,1
2024-04-19 11:00:00,67,1
2024-04-19 11:00:00,71,1
2024-04-19 11:00:00,75,1
2024-04-19 11:00:00,81,1
2024-04-19 11:00:00,82,2
2024-04-19 11:00:00,85,1
2024-04-19 11:00:00,86,1
2024-04-19 11:00:00,87,1
2024-04-19 11:00:00,100,2
2024-04-19 11:00:00,103,1
2024-04-19 11:00:00,105,1
2024-04-19 11:00:00,108,1
2024-04-19 11:00:00,118,1
2024-04-19 11:00:00,128,1
2024-04-19 11:00:00,145,1
2024-04-19 11:00:00,158,1
2024-04-19 11:00:00,162,1
2024-04-19 11:00:00,173,1
2024-04-19 11:00:00,181,3
2024-04-19 11:00:00,206,1
2024-04-19 11:00:00,208,1
2024-04-19 11:00:00,241,1
2024-04-19 11:00:00,248,1
2024-04-19 11:00:00,256,1
2024-04-19 11:00:00,258,1
2024-04-19 12:00:00,4,1
2024-04-19 12:00:00,15,1
2024-04-19 12:00:00,23,1
2024-04-19 12:00:00,69,1
2024-04-19 12:00:00,76,1
2024-04-19 12:00:00,83,1
2024-04-19 12:00:00,84,1
2024-04-19 12:00:00,108,1
2024-04-19 12:00:00,116,1
2024-04-19 12:00:00,117,1
2024-04-19 12:00:00,125,1
2024-04-19 12:00:00,140,1
2024-04-19 12:00:00,173,1
2024-04-19 12:00:00,198,1
2024-04-19 12:00:00,201,1
2024-04-19 12:00:00,209,1
2024-04-19 12:00:00,211,1
2024-04-19 12:00:00,220,1
2024-04-19 12:00:00,228,1
2024-04-19 12:00:00,229,1
2024-04-19 12:00:00,234,1
2024-04-19 12:00:00,247,1
2024-04-19 12:00:00,256,1
2024-04-19 12:00:00,258,1
2024-04-19 13:00:00,14,1
2024-04-19 13:00:00,20,1
2024-04-19 13:00:00,31,1
2024-04-19 13:00:00,42,1
2024-04-19 13:00:00,45,1
2024-04-19 13:00:00,92,1
2024-04-19 13:00:00,118,1
2024-04-19 13:00:00,128,1
2024-04-19 13:00:00,129,1
2024-04-19 13:00:00,130,1
2024-04-19 13:00:00,162,1
2024-04-19 13:00:00,167,1
2024-04-19 13:00:00,182,1
2024-04-19 13:00:00,199,1
2024-04-19 13:00:00,208,1
2024-04-19 13:00:00,210,1
2024-04-19 13:00:00,232,1
2024-04-19 13:00:00,233,1
2024-04-19 13:00:00,254,1
2024-04-19 13:00:00,255,1
2024-04-19 13:00:00,256,1
2024-04-19 14:00:00,1,1
2024-04-19 14:00:00,11,1
2024-04-19 14:00:00,32,1
2024-04-19 14:00:00,41,1
2024-04-19 14:00:00,42,1
2024-04-19 14:00:00,53,2
2024-04-19 14:00:00,55,1
2024-04-19 14:00:00,56,1
2024-04-19 14:00:00,68,1
2024-04-19 14:00:00,86,1
2024-04-19 14:00:00,114,1
2024-04-19 14:00:00,119,1
2024-04-19 14:00:00,125,1
2024-04-19 14:00:00,127,1
2024-04-19 14:00:00,149,1
2024-04-19 14:00:00,153,2
2024-04-19 14:00:00,156,1
2024-04-19 14:00:00,168,1
2024-04-19 14:00:00,174,1
2024-04-19 14:00:00,175,1
2024-04-19 14:00:00,183,1
2024-04-19 14:00:00,223,1
2024-04-19 14:00:00,229,1
2024-04-19 14:00:00,239,1
2024-04-19 14:00:00,259,1
2024-04-19 15:00:00,7,1
2024-04-19 15:00:00,23,1
2024-04-19 15:00:00,24,1
2024-04-19 15:00:00,26,1
2024-04-19 15:00:00,35,2
2024-04-19 15:00:00,38,1
2024-04-19 15:00:00,44,1
2024-04-19 15:00:00,60,1
2024-04-19 15:00:00,68,1
2024-04-19 15:00:00,78,1
2024-04-19 15:00:00,94,1
2024-04-19 15:00:00,105,1
2024-04-19 15:00:00,117,1
2024-04-19 15:00:00,132,2
2024-04-19 15:00:00,133,1
2024-04-19 15:00:00,138,1
2024-04-19 15:00:00,189,1
2024-04-19 15:00:00,192,1
2024-04-19 15:00:00,206,1
2024-04-19 15:00:00,221,1
2024-04-19 15:00:00,225,1
2024-04-19 15:00:00,227,1
2024-04-19 15:00:00,240,1
2024-04-19 15:00:00,250,1
2024-04-19 16:00:00,7,1
2024-04-19 16:00:00,23,1
2024-04-19 16:00:00,30,1
2024-04-19 16:00:00,32,1
2024-04-19 16:00:00,35,1
2024-04-19 16:00:00,45,1
2024-04-19 16:00:00,50,2
2024-04-19 16:00:00,57,1
2024-04-19 16:00:00,65,1
2024-04-19 16:00:00,67,1
2024-04-19 16:00:00,76,1
2024-04-19 16:00:00,87,1
2024-04-19 16:00:00,88,1
2024-04-19 16:00:00,91,1
2024-04-19 16:00:00,104,2
2024-04-19 16:00:00,107,1
2024-04-19 16:00:00,119,1
2024-04-19 16:00:00,121,1
2024-04-19 16:00:00,126,1
2024-04-19 16:00:00,129,1
2024-04-19 16:00:00,132,1
2024-04-19 16:00:00,135,1
2024-04-19 16:00:00,151,2
2024-04-19 16:00:00,168,1
2024-04-19 16:00:00,172,1
2024-04-19 16:00:00,183,1
2024-04-19 16:00:00,192,1
2024-04-19 16:00:00,203,1
2024-04-19 16:00:00,207,1
2024-04-19 16:00:00,217,1
2024-04-19 16:00:00,218,1
2024-04-19 16:00:00,234,1
2024-04-19 16:00:00,241,1
2024-04-19 16:00:00,253,1
2024-04-19 16:00:00,257,1
2024-04-19 16:00:00,262,1
2024-04-19 17:00:00,5,1
2024-04-19 17:00:00,7,2
2024-04-19 17:00:00,13,1
2024-04-19 17:00:00,20,1
2024-04-19 17:00:00,33,1
2024-04-19 17:00:00,53,1
2024-04-19 17:00:00,54,1
2024-04-19 17:00:00,62,1
2024-04-19 17:00:00,80,1
2024-04-19 17:00:00,92,1
2024-04-19 17:00:00,97,1
2024-04-19 17:00:00,98,1
2024-04-19 17:00:00,118,1
2024-04-19 17:00:00,126,1
2024-04-19 17:00:00,135,1
2024-04-19 17:00:00,145,1
2024-04-19 17:00:00,148,1
2024-04-19 17:00:00,151,1
2024-04-19 17:00:00,163,2
2024-04-19 17:00:00,178,1
2024-04-19 17:00:00,179,2
2024-04-19 17:00:00,192,1
2024-04-19 17:00:00,203,1
2024-04-19 17:00:00,216,1
2024-04-19 17:00:00,231,1
2024-04-19 17:00:00,240,1
2024-04-19 18:00:00,2,1
2024-04-19 18:00:00,6,1
2024-04-19 18:00:00,7,1
2024-04-19 18:00:00,8,1
2024-04-19 18:00:00,34,1
2024-04-19 18:00:00,42,1
2024-04-19 18:00:00,57,1
2024-04-19 18:00:00,63,1
2024-04-19 18:00:00,83,1
2024-04-19 18:00:00,89,1
2024-04-19 18:00:00,98,1
2024-04-19 18:00:00,134,1
2024-04-19 18:00:00,152,1
2024-04-19 18:00:00,159,2
2024-04-19 18:00:00,164,1
2024-04-19 18:00:00,166,1
2024-04-19 18:00:00,182,1
2024-04-19 18:00:00,197,1
2024-04-19 18:00:00,198,1
2024-04-19 18:00:00,220,1
2024-04-19 18:00:00,230,1
2024-04-19 18:00:00,233,1
2024-04-19 18:00:00,235,1
2024-04-19 18:00:00,259,1
2024-04-19 19:00:00,51,1
2024-04-19 19:00:00,63,1
2024-04-19 19:00:00,67,1
2024-04-19 19:00:00,117,1
2024-04-19 19:00:00,125,1
2024-04-19 19:00:00,138,1
2024-04-19 19:00:00,147,1
2024-04-19 19:00:00,168,1
2024-04-19 19:00:00,171,1
2024-04-19 19:00:00,179,1
2024-04-19 19:00:00,182,1
2024-04-19 19:00:00,185,1
2024-04-19 19:00:00,207,1
2024-04-19 19:00:00,221,1
2024-04-19 19:00:00,228,1
2024-04-19 19:00:00,232,1
2024-04-19 19:00:00,236,1
2024-04-19 19:00:00,248,1
2024-04-19 19:00:00,259,1
2024-04-19 19:00:00,260,1
2024-04-19 20:00:00,11,1
2024-04-19 20:00:00,38,2
2024-04-19 20:00:00,44,1
2024-04-19 20:00:00,62,1
2024-04-19 20:00:00,64,1
2024-04-19 20:00:00,68,1
2024-04-19 20:00:00,85,2
2024-04-19 20:00:00,88,1
2024-04-19 20:00:00,98,1
2024-04-19 20:00:00,100,1
2024-04-19 20:00:00,102,1
2024-04-19 20:00:00,115,1
2024-04-19 20:00:00,124,1
2024-04-19 20:00:00,128,3
2024-04-19 20:00:00,147,1
2024-04-19 20:00:00,151,1
2024-04-19 20:00:00,167,1
2024-04-19 20:00:00,169,1
2024-04-19 20:00:00,182,1
2024-04-19 20:00:00,185,1
2024-04-19 20:00:00,189,1
2024-04-19 20:00:00,197,1
2024-04-19 20:00:00,202,1
2024-04-19 20:00:00,220,1
2024-04-19 20:00:00,221,1
2024-04-19 20:00:00,226,1
2024-04-19 20:00:00,260,1
2024-04-19 21:00:00,10,1
2024-04-19 21:00:00,36,1
2024-04-19 21:00:00,47,1
2024-04-19 21:00:00,59,1
2024-04-19 21:00:00,74,1
2024-04-19 21:00:00,89,1
2024-04-19 21:00:00,113,1
2024-04-19 21:00:00,168,1
2024-04-19 21:00:00,180,2
2024-04-19 21:00:00,186,1
2024-04-19 21:00:00,201,1
2024-04-19 21:00:00,217,1
2024-04-19 21:00:00,218,1
2024-04-19 21:00:00,227,1
2024-04-19 21:00:00,241,1
2024-04-19 21:00:00,242,1
2024-04-19 21:00:00,262,1
2024-04-19 22:00:00,16,1
2024-04-19 22:00:00,18,1
2024-04-19 22:00:00,28,2
2024-04-19 22:00:00,29,1
2024-04-19 22:00:00,35,1
2024-04-19 22:00:00,38,1
2024-04-19 22:00:00,40,1
2024-04-19 22:00:00,59,1
2024-04-19 22:00:00,77,1
2024-04-19 22:00:00,94,1
2024-04-19 22:00:00,100,1
2024-04-19 22:00:00,113,1
2024-04-19 22:00:00,124,1
2024-04-19 22:00:00,136,1
2024-04-19 22:00:00,146,1
2024-04-19 22:00:00,153,1
2024-04-19 22:00:00,164,1
2024-04-19 22:00:00,173,1
2024-04-19 22:00:00,176,1
2024-04-19 22:00:00,190,1
2024-04-19 22:00:00,192,1
2024-04-19 22:00:00,203,1
2024-04-19 22:00:00,209,1
2024-04-19 22:00:00,215,1
2024-04-19 22:00:00,222,1
2024-04-19 22:00:00,228,1
2024-04-19 22:00:00,235,1
2024-04-19 22:00:00,238,1
2024-04-19 22:00:00,241,1
2024-04-19 22:00:00,244,1
2024-04-19 23:00:00,1,1
2024-04-19 23:00:00,7,1
2024-04-19 23:00:00,8,1
2024-04-19 23:00:00,11,2
2024-04-19 23:00:00,14,1
2024-04-19 23:00:00,22,1
2024-04-19 23:00:00,26,1
2024-04-19 23:00:00,42,2
2024-04-19 23:00:00,53,1
2024-04-19 23:00:00,59,1
2024-04-19 23:00:00,63,1
2024-04-19 23:00:00,89,1
2024-04-19 23:00:00,90,1
2024-04-19 23:00:00,96,1
2024-04-19 23:00:00,97,1
2024-04-19 23:00:00,105,1
2024-04-19 23:00:00,124,1
2024-04-19 23:00:00,131,1
2024-04-19 23:00:00,132,1
2024-04-19 23:00:00,141,2
2024-04-19 23:00:00,154,1
2024-04-19 23:00:00,168,1
2024-04-19 23:00:00,190,1
2024-04-19 23:00:00,211,1
2024-04-19 23:00:00,216,1
2024-04-19 23:00:00,228,1
2024-04-19 23:00:00,229,1
2024-04-19 23:00:00,237,1
2024-04-19 23:00:00,246,1
2024-04-20 00:00:00,7,1
2024-04-20 00:00:00,11,1
2024-04-20 00:00:00,22,1
2024-04-20 00:00:00,38,1
2024-04-20 00:00:00,50,1
2024-04-20 00:00:00,51,1
2024-04-20 00:00:00,66,1
2024-04-20 00:00:00,74,1
2024-04-20 00:00:00,89,1
2024-04-20 00:00:00,159,1
2024-04-20 00:00:00,169,1
2024-04-20 00:00:00,185,1
2024-04-20 00:00:00,200,1
2024-04-20 00:00:00,202,1
2024-04-20 00:00:00,219,1
2024-04-20 00:00:00,224,1
2024-04-20 00:00:00,225,1
2024-04-20 00:00:00,226,1
2024-04-20 00:00:00,237,1
2024-04-20 00:00:00,253,1
2024-04-20 00:00:00,261,1
2024-04-20 01:00:00,15,1
2024-04-20 01:00:00,33,1
2024-04-20 01:00:00,37,1
2024-04-20 01:00:00,70,1
2024-04-20 01:00:00,72,1
2024-04-20 01:00:00,79,1
2024-04-20 01:00:00,92,1
2024-04-20 01:00:00,107,1
2024-04-20 01:00:00,112,1
2024-04-20 01:00:00,114,1
2024-04-20 01:00:00,119,1
2024-04-20 01:00:00,120,1
2024-04-20 01:00:00,121,1
2024-04-20 01:00:00,133,1
2024-04-20 01:00:00,139,1
2024-04-20 01:00:00,174,1
2024-04-20 01:00:00,175,1
2024-04-20 01:00:00,184,1
2024-04-20 01:00:00,242,1
2024-04-20 01:00:00,253,1
2024-04-20 01:00:00,254,1
2024-04-20 02:00:00,4,1
2024-04-20 02:00:00,17,1
2024-04-20 02:00:00,21,1
2024-04-20 02:00:00,26,1
2024-04-20 02:00:00,29,1
2024-04-20 02:00:00,32,1
2024-04-20 02:00:00,37,1
2024-04-20 02:00:00,42,1
2024-04-20 02:00:00,50,1
2024-04-20 02:00:00,61,1
2024-04-20 02:00:00,65,1
2024-04-20 02:00:00,70,1
2024-04-20 02:00:00,82,1
2024-04-20 02:00:00,91,1
2024-04-20 02:00:00,92,1
2024-04-20 02:00:00,105,1
2024-04-20 02:00:00,106,1
2024-04-20 02:00:00,133,1
2024-04-20 02:00:00,157,1
2024-04-20 02:00:00,160,1
2024-04-20 02:00:00,171,1
2024-04-20 02:00:00,185,1
2024-04-20 02:00:00,187,1
2024-04-20 02:00:00,194,2
2024-04-20 02:00:00,205,1
2024-04-20 02:00:00,212,2
2024-04-20 02:00:00,234,1
2024-04-20 02:00:00,240,1
2024-04-20 02:00:00,241,1
2024-04-20 02:00:00,254,1
2024-04-20 02:00:00,256,1
2024-04-20 03:00:00,8,1
2024-04-20 03:00:00,23,1
2024-04-20 03:00:00,44,1
2024-04-20 03:00:00,47,2
2024-04-20 03:00:00,52,1
2024-04-20 03:00:00,61,1
2024-04-20 03:00:00,79,1
2024-04-20 03:00:00,103,1
2024-04-20 03:00:00,104,1
2024-04-20 03:00:00,114,1
2024-04-20 03:00:00,120,1
2024-04-20 03:00:00,123,1
2024-04-20 03:00:00,136,1
2024-04-20 03:00:00,144,1
2024-04-20 03:00:00,148,1
2024-04-20 03:00:00,167,1
2024-04-20 03:00:00,170,1
2024-04-20 03:00:00,191,1
2024-04-20 03:00:00,207,1
2024-04-20 03:00:00,217,2
2024-04-20 03:00:00,218,1
2024-04-20 03:00:00,226,1
2024-04-20 03:00:00,251,1
2024-04-20 03:00:00,263,1
2024-04-20 04:00:00,3,1
2024-04-20 04:00:00,10,1
2024-04-20 04:00:00,15,1
2024-04-20 04:00:00,37,1
2024-04-20 04:00:00,76,1
2024-04-20 04:00:00,83,1
2024-04-20 04:00:00,93,1
2024-04-20 04:00:00,99,1
2024-04-20 04:00:00,100,1
2024-04-20 04:00:00,102,1
2024-04-20 04:00:00,113,1
2024-04-20 04:00:00,118,1
2024-04-20 04:00:00,122,1
2024-04-20 04:00:00,125,1
2024-04-20 04:00:00,131,1
2024-04-20 04:00:00,160,2
2024-04-20 04:00:00,167,1
2024-04-20 04:00:00,170,1
2024-04-20 04:00:00,184,2
2024-04-20 04:00:00,201,1
2024-04-20 04:00:00,209,2
2024-04-20 04:00:00,218,1
2024-04-20 04:00:00,219,2
2024-04-20 04:00:00,222,1
2024-04-20 04:00:00,224,1
2024-04-20 04:00:00,226,1
2024-04-20 04:00:00,233,1
2024-04-20 04:00:00,237,1
2024-04-20 04:00:00,238,1
2024-04-20 04:00:00,252,1
2024-04-20 04:00:00,263,1
2024-04-20 05:00:00,15,1
2024-04-20 05:00:00,20,2
2024-04-20 05:00:00,32,1
2024-04-20 05:00:00,47,1
2024-04-20 05:00:00,50,1
2024-04-20 05:00:00,59,1
2024-04-20 05:00:00,60,1
2024-04-20 05:00:00,65,1
2024-04-20 05:00:00,66,1
2024-04-20 05:00:00,80,1
2024-04-20 05:00:00,82,1
2024-04-20 05:00:00,113,1
2024-04-20 05:00:00,131,2
2024-04-20 05:00:00,139,1
2024-04-20 05:00:00,155,2
2024-04-20 05:00:00,161,1
2024-04-20 05:00:00,168,1
2024-04-20 05:00:00,174,1
2024-04-20 05:00:00,200,1
2024-04-20 05:00:00,211,1
2024-04-20 05:00:00,226,2
2024-04-20 05:00:00,229,1
2024-04-20 05:00:00,233,1
2024-04-20 05:00:00,238,2
2024-04-20 05:00:00,250,1
2024-04-20 05:00:00,260,1
2024-04-20 05:00:00,262,2
2024-04-20 06:00:00,14,1
2024-04-20 06:00:00,15,1
2024-04-20 06:00:00,16,1
2024-04-20 06:00:00,54,1
2024-04-20 06:00:00,60,1
2024-04-20 06:00:00,75,1
2024-04-20 06:00:00,81,1
2024-04-20 06:00:00,86,1
2024-04-20 06:00:00,88,1
2024-04-20 06:00:00,90,1
2024-04-20 06:00:00,92,1
2024-04-20 06:00:00,112,1
2024-04-20 06:00:00,133,1
2024-04-20 06:00:00,150,1
2024-04-20 06:00:00,151,1
2024-04-20 06:00:00,167,1
2024-04-20 06:00:00,175,1
2024-04-20 06:00:00,177,1
2024-04-20 06:00:00,178,1
2024-04-20 06:00:00,200,1
2024-04-20 06:00:00,203,2
2024-04-20 06:00:00,205,1
2024-04-20 06:00:00,218,2
2024-04-20 06:00:00,227,1
2024-04-20 07:00:00,3,1
2024-04-20 07:00:00,30,1
2024-04-20 07:00:00,36,1
2024-04-20 07:00:00,38,1
2024-04-20 07:00:00,40,1
2024-04-20 07:00:00,57,1
2024-04-20 07:00:00,71,1
2024-04-20 07:00:00,79,1
2024-04-20 07:00:00,80,1
2024-04-20 07:00:00,89,1
2024-04-20 07:00:00,90,1
2024-04-20 07:00:00,102,1
2024-04-20 07:00:00,108,1
2024-04-20 07:00:00,110,1
2024-04-20 07:00:00,111,1
2024-04-20 07:00:00,115,1
2024-04-20 07:00:00,116,1
2024-04-20 07:00:00,127,1
2024-04-20 07:00:00,141,1
2024-04-20 07:00:00,154,2
2024-04-20 07:00:00,164,1
2024-04-20 07:00:00,166,1
2024-04-20 07:00:00,178,1
2024-04-20 07:00:00,183,1
2024-04-20 07:00:00,194,1
2024-04-20 07:00:00,195,1
2024-04-20 07:00:00,221,1
2024-04-20 07:00:00,225,1
2024-04-20 07:00:00,235,1
2024-04-20 07:00:00,250,1
2024-04-20 07:00:00,259,1
2024-04-20 07:00:00,261,1
2024-04-20 08:00:00,4,1
2024-04-20 08:00:00,9,2
2024-04-20 08:00:00,20,1
2024-04-20 08:00:00,22,1
2024-04-20 08:00:00,28,1
2024-04-20 08:00:00,36,1
2024-04-20 08:00:00,42,1
2024-04-20 08:00:00,48,1
2024-04-20 08:00:00,84,1
2024-04-20 08:00:00,91,1
2024-04-20 08:00:00,109,1
2024-04-20 08:00:00,117,1
2024-04-20 08:00:00,124,1
2024-04-20 08:00:00,153,1
2024-04-20 08:00:00,163,1
2024-04-20 08:00:00,169,1
2024-04-20 08:00:00,178,1
2024-04-20 08:00:00,180,1
2024-04-20 08:00:00,196,1
2024-04-20 08:00:00,220,1
2024-04-20 08:00:00,227,2
2024-04-20 08:00:00,242,1
2024-04-20 09:00:00,14,1
2024-04-20 09:00:00,17,1
2024-04-20 09:00:00,18,1
2024-04-20 09:00:00,20,1
2024-04-20 09:00:00,22,1
2024-04-20 09:00:00,37,1
2024-04-20 09:00:00,40,1
2024-04-20 09:00:00,52,1
2024-04-20 09:00:00,57,1
2024-04-20 09:00:00,68,1
2024-04-20 09:00:00,75,1
2024-04-20 09:00:00,78,1
2024-04-20 09:00:00,84,1
2024-04-20 09:00:00,85,1
2024-04-20 09:00:00,104,1
2024-04-20 09:00:00,118,1
2024-04-20 09:00:00,127,1
2024-04-20 09:00:00,129,1
2024-04-20 09:00:00,131,1
2024-04-20 09:00:00,142,1
2024-04-20 09:00:00,149,1
2024-04-20 09:00:00,155,1
2024-04-20 09:00:00,157,1
2024-04-20 09:00:00,164,1
2024-04-20 09:00:00,181,1
2024-04-20 09:00:00,191,1
2024-04-20 09:00:00,194,1
2024-04-20 09:00:00,196,1
2024-04-20 09:00:00,201,1
2024-04-20 09:00:00,208,1
2024-04-20 09:00:00,221,1
2024-04-20 09:00:00,244,1
2024-04-20 09:00:00,249,1
2024-04-20 09:00:00,251,1
2024-04-20 09:00:00,260,1
2024-04-20 10:00:00,19,1
2024-04-20 10:00:00,47,1
2024-04-20 10:00:00,68,1
2024-04-20 10:00:00,76,1
2024-04-20 10:00:00,90,1
2024-04-20 10:00:00,105,1
2024-04-20 10:00:00,107,1
2024-04-20 10:00:00,122,1
2024-04-20 10:00:00,123,1
2024-04-20 10:00:00,140,1
2024-04-20 10:00:00,145,1
2024-04-20 10:00:00,149,1
2024-04-20 10:00:00,156,1
2024-04-20 10:00:00,184,1
2024-04-20 10:00:00,192,1
2024-04-20 10:00:00,201,1
2024-04-20 10:00:00,205,1
2024-04-20 10:00:00,207,2
2024-04-20 10:00:00,211,1
2024-04-20 10:00:00,212,1
2024-04-20 10:00:00,228,1
2024-04-20 10:00:00,234,1
2024-04-20 10:00:00,237,1
2024-04-20 10:00:00,242,1
2024-04-20 10:00:00,256,1
2024-04-20 10:00:00,257,1
2024-04-20 11:00:00,8,1
2024-04-20 11:00:00,13,1
2024-04-20 11:00:00,21,1
2024-04-20 11:00:00,22,1
2024-04-20 11:00:00,25,1
2024-04-20 11:00:00,49,1
2024-04-20 11:00:00,53,1
2024-04-20 11:00:00,59,1
2024-04-20 11:00:00,75,1
2024-04-20 11:00:00,79,1
2024-04-20 11:00:00,89,1
2024-04-20 11:00:00,109,1
2024-04-20 11:00:00,115,1
2024-04-20 11:00:00,140,1
2024-04-20 11:00:00,142,1
2024-04-20 11:00:00,143,1
2024-04-20 11:00:00,150,1
2024-04-20 11:00:00,158,1
2024-04-20 11:00:00,161,1
2024-04-20 11:00:00,162,1
2024-04-20 11:00:00,167,1
2024-04-20 11:00:00,172,1
2024-04-20 11:00:00,201,1
2024-04-20 11:00:00,212,1
2024-04-20 11:00:00,214,1
2024-04-20 11:00:00,216,2
2024-04-20 11:00:00,220,1
2024-04-20 11:00:00,228,1
2024-04-20 11:00:00,249,1
2024-04-20 11:00:00,250,1
2024-04-20 11:00:00,254,1
2024-04-20 11:00:00,257,1
2024-04-20 11:00:00,262,1
2024-04-20 12:00:00,3,1
2024-04-20 12:00:00,7,1
2024-04-20 12:00:00,26,1
2024-04-20 12:00:00,38,1
2024-04-20 12:00:00,41,1
2024-04-20 12:00:00,48,1
2024-04-20 12:00:00,51,1
2024-04-20 12:00:00,57,1
2024-04-20 12:00:00,61,1
2024-04-20 12:00:00,74,1
2024-04-20 12:00:00,98,1
2024-04-20 12:00:00,110,1
2024-04-20 12:00:00,111,1
2024-04-20 12:00:00,123,1
2024-04-20 12:00:00,148,1
2024-04-20 12:00:00,149,1
2024-04-20 12:00:00,158,1
2024-04-20 12:00:00,187,1
2024-04-20 12:00:00,202,1
2024-04-20 12:00:00,245,2
2024-04-20 12:00:00,246,1
2024-04-20 12:00:00,260,1
2024-04-20 13:00:00,5,1
2024-04-20 13:00:00,10,1
2024-04-20 13:00:00,12,1
2024-04-20 13:00:00,14,1
2024-04-20 13:00:00,23,1
2024-04-20 13:00:00,31,1
2024-04-20 13:00:00,34,1
2024-04-20 13:00:00,53,1
2024-04-20 13:00:00,62,1
2024-04-20 13:00:00,71,2
2024-04-20 13:00:00,82,1
2024-04-20 13:00:00,89,1
2024-04-20 13:00:00,93,1
2024-04-20 13:00:00,97,1
2024-04-20 13:00:00,107,1
2024-04-20 13:00:00,139,1
2024-04-20 13:00:00,152,1
2024-04-20 13:00:00,181,1
2024-04-20 13:00:00,195,1
2024-04-20 13:00:00,203,1
2024-04-20 13:00:00,212,1
2024-04-20 13:00:00,235,1
2024-04-20 13:00:00,251,1
2024-04-20 14:00:00,4,1
2024-04-20 14:00:00,9,1
2024-04-20 14:00:00,10,2
2024-04-20 14:00:00,11,1
2024-04-20 14:00:00,23,1
2024-04-20 14:00:00,25,1
2024-04-20 14:00:00,43,1
2024-04-20 14:00:00,44,1
2024-04-20 14:00:00,46,1
2024-04-20 14:00:00,49,1
2024-04-20 14:00:00,55,1
2024-04-20 14:00:00,59,1
2024-04-20 14:00:00,75,1
2024-04-20 14:00:00,99,1
2024-04-20 14:00:00,100,1
2024-04-20 14:00:00,105,1
2024-04-20 14:00:00,114,1
2024-04-20 14:00:00,121,1
2024-04-20 14:00:00,148,1
2024-04-20 14:00:00,155,1
2024-04-20 14:00:00,160,1
2024-04-20 14:00:00,161,1
2024-04-20 14:00:00,165,1
2024-04-20 14:00:00,167,1
2024-04-20 14:00:00,182,1
2024-04-20 14:00:00,190,1
2024-04-20 14:00:00,195,1
2024-04-20 14:00:00,220,1
2024-04-20 14:00:00,227,1
2024-04-20 15:00:00,3,1
2024-04-20 15:00:00,15,1
2024-04-20 15:00:00,59,1
2024-04-20 15:00:00,63,1
2024-04-20 15:00:00,79,1
2024-04-20 15:00:00,85,2
2024-04-20 15:00:00,89,1
2024-04-20 15:00:00,97,1
2024-04-20 15:00:00,112,1
2024-04-20 15:00:00,119,2
2024-04-20 15:00:00,131,1
2024-04-20 15:00:00,137,1
2024-04-20 15:00:00,145,1
2024-04-20 15:00:00,158,1
2024-04-20 15:00:00,171,1
2024-04-20 15:00:00,175,1
2024-04-20 15:00:00,202,1
2024-04-20 15:00:00,206,1
2024-04-20 15:00:00,207,1
2024-04-20 15:00:00,210,1
2024-04-20 15:00:00,214,1
2024-04-20 15:00:00,220,1
2024-04-20 15:00:00,225,1
2024-04-20 15:00:00,248,1
2024-04-20 16:00:00,4,1
2024-04-20 16:00:00,45,1
2024-04-20 16:00:00,46,1
2024-04-20 16:00:00,49,1
2024-04-20 16:00:00,53,1
2024-04-20 16:00:00,58,1
2024-04-20 16:00:00,83,1
2024-04-20 16:00:00,90,1
2024-04-20 16:00:00,95,1
2024-04-20 16:00:00,99,1
2024-04-20 16:00:00,111,1
2024-04-20 16:00:00,117,1
2024-04-20 16:00:00,121,1
2024-04-20 16:00:00,144,1
2024-04-20 16:00:00,159,1
2024-04-20 16:00:00,166,1
2024-04-20 16:00:00,188,1
2024-04-20 16:00:00,199,1
2024-04-20 16:00:00,213,1
2024-04-20 16:00:00,214,1
2024-04-20 16:00:00,242,1
2024-04-20 16:00:00,259,1
2024-04-20 17:00:00,2,1
2024-04-20 17:00:00,27,1
2024-04-20 17:00:00,42,1
2024-04-20 17:00:00,55,1
2024-04-20 17:00:00,74,1
2024-04-20 17:00:00,84,1
2024-04-20 17:00:00,95,1
2024-04-20 17:00:00,103,3
2024-04-20 17:00:00,105,1
2024-04-20 17:00:00,112,1
2024-04-20 17:00:00,113,1
2024-04-20 17:00:00,118,1
2024-04-20 17:00:00,122,1
2024-04-20 17:00:00,123,1
2024-04-20 17:00:00,127,3
2024-04-20 17:00:00,129,1
2024-04-20 17:00:00,140,1
2024-04-20 17:00:00,146,1
2024-04-20 17:00:00,181,1
2024-04-20 17:00:00,218,1
2024-04-20 17:00:00,225,1
2024-04-20 17:00:00,236,1
2024-04-20 17:00:00,238,1
2024-04-20 17:00:00,250,1
2024-04-20 18:00:00,2,1
2024-04-20 18:00:00,7,1
2024-04-20 18:00:00,19,1
2024-04-20 18:00:00,22,1
2024-04-20 18:00:00,33,1
2024-04-20 18:00:00,37,1
2024-04-20 18:00:00,42,1
2024-04-20 18:00:00,47,1
2024-04-20 18:00:00,73,1
2024-04-20 18:00:00,77,1
2024-04-20 18:00:00,92,1
2024-04-20 18:00:00,99,1
2024-04-20 18:00:00,100,1
2024-04-20 18:00:00,108,1
2024-04-20 18:00:00,138,1
2024-04-20 18:00:00,140,1
2024-04-20 18:00:00,142,1
2024-04-20 18:00:00,153,1
2024-04-20 18:00:00,156,1
2024-04-20 18:00:00,188,1
2024-04-20 18:00:00,192,1
2024-04-20 18:00:00,199,1
2024-04-20 18:00:00,208,1
2024-04-20 18:00:00,209,1
2024-04-20 18:00:00,211,1
2024-04-20 18:00:00,212,1
2024-04-20 18:00:00,236,1
2024-04-20 18:00:00,240,1
2024-04-20 18:00:00,249,1
2024-04-20 18:00:00,254,1
2024-04-20 18:00:00,259,1
2024-04-20 19:00:00,25,1
2024-04-20 19:00:00,28,2
2024-04-20 19:00:00,37,1
2024-04-20 19:00:00,42,1
2024-04-20 19:00:00,43,1
2024-04-20 19:00:00,54,1
2024-04-20 19:00:00,56,1
2024-04-20 19:00:00,60,1
2024-04-20 19:00:00,76,1
2024-04-20 19:00:00,91,1
2024-04-20 19:00:00,95,2
2024-04-20 19:00:00,128,1
2024-04-20 19:00:00,130,1
2024-04-20 19:00:00,131,1
2024-04-20 19:00:00,142,1
2024-04-20 19:00:00,153,1
2024-04-20 19:00:00,169,1
2024-04-20 19:00:00,171,1
2024-04-20 19:00:00,181,1
2024-04-20 19:00:00,182,1
2024-04-20 19:00:00,203,1
2024-04-20 19:00:00,206,1
2024-04-20 19:00:00,219,1
2024-04-20 19:00:00,231,1
2024-04-20 19:00:00,235,1
2024-04-20 19:00:00,237,1
2024-04-20 19:00:00,238,2
2024-04-20 19:00:00,239,1
2024-04-20 19:00:00,247,1
2024-04-20 19:00:00,260,1
2024-04-20 20:00:00,2,1
2024-04-20 20:00:00,4,1
2024-04-20 20:00:00,10,1
2024-04-20 20:00:00,11,1
2024-04-20 20:00:00,16,1
2024-04-20 20:00:00,23,1
2024-04-20 20:00:00,26,1
2024-04-20 20:00:00,35,1
2024-04-20 20:00:00,40,1
2024-04-20 20:00:00,41,1
2024-04-20 20:00:00,56,1
2024-04-20 20:00:00,67,1
2024-04-20 20:00:00,68,1
2024-04-20 20:00:00,95,1
2024-04-20 20:00:00,99,1
2024-04-20 20:00:00,110,1
2024-04-20 20:00:00,112,1
2024-04-20 20:00:00,136,1
2024-04-20 20:00:00,140,1
2024-04-20 20:00:00,141,1
2024-04-20 20:00:00,158,1
2024-04-20 20:00:00,186,1
2024-04-20 20:00:00,195,1
2024-04-20 20:00:00,196,1
2024-04-20 20:00:00,198,1
2024-04-20 20:00:00,212,1
2024-04-20 20:00:00,213,1
2024-04-20 20:00:00,218,1
2024-04-20 20:00:00,242,1
2024-04-20 20:00:00,251,1
2024-04-20 21:00:00,7,1
2024-04-20 21:00:00,11,1
2024-04-20 21:00:00,19,1
2024-04-20 21:00:00,20,1
2024-04-20 21:00:00,23,1
2024-04-20 21:00:00,35,1
2024-04-20 21:00:00,39,1
2024-04-20 21:00:00,49,1
2024-04-20 21:00:00,52,1
2024-04-20 21:00:00,55,1
2024-04-20 21:00:00,71,1
2024-04-20 21:00:00,98,1
2024-04-20 21:00:00,99,1
2024-04-20 21:00:00,102,1
2024-04-20 21:00:00,106,1
2024-04-20 21:00:00,116,1
2024-04-20 21:00:00,131,1
2024-04-20 21:00:00,145,1
2024-04-20 21:00:00,153,1
2024-04-20 21:00:00,163,1
2024-04-20 21:00:00,164,3
2024-04-20 21:00:00,167,1
2024-04-20 21:00:00,191,1
2024-04-20 21:00:00,197,1
2024-04-20 21:00:00,200,1
2024-04-20 21:00:00,205,1
2024-04-20 21:00:00,209,1
2024-04-20 21:00:00,210,1
2024-04-20 21:00:00,263,1
2024-04-20 22:00:00,11,1
2024-04-20 22:00:00,12,1
2024-04-20 22:00:00,26,1
2024-04-20 22:00:00,42,1
2024-04-20 22:00:00,45,1
2024-04-20 22:00:00,48,1
2024-04-20 22:00:00,66,1
2024-04-20 22:00:00,101,1
2024-04-20 22:00:00,107,1
2024-04-20 22:00:00,112,1
2024-04-20 22:00:00,114,1
2024-04-20 22:00:00,116,1
2024-04-20 22:00:00,117,1
2024-04-20 22:00:00,122,1
2024-04-20 22:00:00,128,1
2024-04-20 22:00:00,178,1
2024-04-20 22:00:00,193,1
2024-04-20 22:00:00,196,1
2024-04-20 22:00:00,240,1
2024-04-20 22:00:00,247,1
2024-04-20 22:00:00,256,1
2024-04-20 23:00:00,2,1
2024-04-20 23:00:00,11,1
2024-04-20 23:00:00,14,1
2024-04-20 23:00:00,17,1
2024-04-20 23:00:00,25,1
2024-04-20 23:00:00,29,1
2024-04-20 23:00:00,33,1
2024-04-20 23:00:00,46,1
2024-04-20 23:00:00,57,1
2024-04-20 23:00:00,60,1
2024-04-20 23:00:00,70,2
2024-04-20 23:00:00,75,2
2024-04-20 23:00:00,88,1
2024-04-20 23:00:00,100,1
2024-04-20 23:00:00,109,1
2024-04-20 23:00:00,113,1
2024-04-20 23:00:00,115,1
2024-04-20 23:00:00,118,1
2024-04-20 23:00:00,127,1
2024-04-20 23:00:00,133,1
2024-04-20 23:00:00,135,1
2024-04-20 23:00:00,137,1
2024-04-20 23:00:00,141,1
2024-04-20 23:00:00,143,1
2024-04-20 23:00:00,151,1
2024-04-20 23:00:00,152,1
2024-04-20 23:00:00,155,1
2024-04-20 23:00:00,173,1
2024-04-20 23:00:00,180,1
2024-04-20 23:00:00,190,1
2024-04-20 23:00:00,200,1
2024-04-20 23:00:00,210,2
2024-04-20 23:00:00,211,1
2024-04-20 23:00:00,222,1
2024-04-20 23:00:00,238,1
2024-04-20 23:00:00,243,1
2024-04-20 23:00:00,249,1
2024-04-20 23:00:00,263,1
2024-04-21 00:00:00,4,1
2024-04-21 00:00:00,14,1
2024-04-21 00:00:00,16,2
2024-04-21 00:00:00,37,1
2024-04-21 00:00:00,42,1
2024-04-21 00:00:00,45,1
2024-04-21 00:00:00,48,1
2024-04-21 00:00:00,69,1
2024-04-21 00:00:00,70,1
2024-04-21 00:00:00,77,1
2024-04-21 00:00:00,82,1
2024-04-21 00:00:00,88,1
2024-04-21 00:00:00,99,1
2024-04-21 00:00:00,104,1
2024-04-21 00:00:00,107,1
2024-04-21 00:00:00,108,1
2024-04-21 00:00:00,121,1
2024-04-21 00:00:00,128,1
2024-04-21 00:00:00,139,1
2024-04-21 00:00:00,143,1
2024-04-21 00:00:00,144,1
2024-04-21 00:00:00,149,1
2024-04-21 00:00:00,152,1
2024-04-21 00:00:00,173,1
2024-04-21 00:00:00,186,1
2024-04-21 00:00:00,190,1
2024-04-21 00:00:00,195,1
2024-04-21 00:00:00,202,1
2024-04-21 00:00:00,220,1
2024-04-21 00:00:00,230,1
2024-04-21 00:00:00,231,1
2024-04-21 00:00:00,232,1
2024-04-21 00:00:00,238,1
2024-04-21 00:00:00,239,1
2024-04-21 00:00:00,255,1
2024-04-21 00:00:00,257,1
2024-04-21 01:00:00,3,1
2024-04-21 01:00:00,18,1
2024-04-21 01:00:00,27,1
2024-04-21 01:00:00,49,1
2024-04-21 01:00:00,50,1
2024-04-21 01:00:00,52,1
2024-04-21 01:00:00,57,1
2024-04-21 01:00:00,59,1
2024-04-21 01:00:00,69,1
2024-04-21 01:00:00,77,1
2024-04-21 01:00:00,99,1
2024-04-21 01:00:00,103,1
2024-04-21 01:00:00,124,1
2024-04-21 01:00:00,130,1
2024-04-21 01:00:00,136,1
2024-04-21 01:00:00,163,2
2024-04-21 01:00:00,168,1
2024-04-21 01:00:00,173,1
2024-04-21 01:00:00,174,1
2024-04-21 01:00:00,183,1
2024-04-21 01:00:00,185,1
2024-04-21 01:00:00,192,1
2024-04-21 01:00:00,195,1
2024-04-21 01:00:00,203,1
2024-04-21 01:00:00,215,1
2024-04-21 01:00:00,222,1
2024-04-21 01:00:00,226,1
2024-04-21 01:00:00,247,1
2024-04-21 01:00:00,248,1
2024-04-21 01:00:00,256,1
2024-04-21 02:00:00,12,2
2024-04-21 02:00:00,13,1
2024-04-21 02:00:00,26,1
2024-04-21 02:00:00,42,1
2024-04-21 02:00:00,48,1
2024-04-21 02:00:00,69,1
2024-04-21 02:00:00,96,1
2024-04-21 02:00:00,150,1
2024-04-21 02:00:00,154,2
2024-04-21 02:00:00,160,1
2024-04-21 02:00:00,166,1
2024-04-21 02:00:00,168,1
2024-04-21 02:00:00,179,1
2024-04-21 02:00:00,203,1
2024-04-21 02:00:00,221,1
2024-04-21 02:00:00,249,1
2024-04-21 02:00:00,250,1
2024-04-21 02:00:00,252,2
2024-04-21 02:00:00,257,1
2024-04-21 03:00:00,5,1
2024-04-21 03:00:00,10,1
2024-04-21 03:00:00,24,1
2024-04-21 03:00:00,30,1
2024-04-21 03:00:00,31,1
2024-04-21 03:00:00,32,1
2024-04-21 03:00:00,39,1
2024-04-21 03:00:00,60,1
2024-04-21 03:00:00,62,1
2024-04-21 03:00:00,63,1
2024-04-21 03:00:00,64,1
2024-04-21 03:00:00,71,1
2024-04-21 03:00:00,88,1
2024-04-21 03:00:00,93,1
2024-04-21 03:00:00,102,1
2024-04-21 03:00:00,107,2
2024-04-21 03:00:00,118,1
2024-04-21 03:00:00,120,1
2024-04-21 03:00:00,124,1
2024-04-21 03:00:00,125,1
2024-04-21 03:00:00,139,1
2024-04-21 03:00:00,146,1
2024-04-21 03:00:00,165,1
2024-04-21 03:00:00,172,1
2024-04-21 03:00:00,180,1
2024-04-21 03:00:00,195,1
2024-04-21 03:00:00,208,2
2024-04-21 03:00:00,222,1
2024-04-21 03:00:00,241,1
2024-04-21 03:00:00,250,1
2024-04-21 03:00:00,252,1
2024-04-21 03:00:00,260,1
2024-04-21 04:00:00,11,1
2024-04-21 04:00:00,17,1
2024-04-21 04:00:00,24,1
2024-04-21 04:00:00,34,1
2024-04-21 04:00:00,61,1
2024-04-21 04:00:00,65,1
2024-04-21 04:00:00,125,1
2024-04-21 04:00:00,136,1
2024-04-21 04:00:00,156,1
2024-04-21 04:00:00,180,1
2024-04-21 04:00:00,189,1
2024-04-21 04:00:00,216,1
2024-04-21 04:00:00,226,1
2024-04-21 04:00:00,240,1
2024-04-21 05:00:00,2,1
2024-04-21 05:00:00,25,1
2024-04-21 05:00:00,60,2
2024-04-21 05:00:00,68,1
2024-04-21 05:00:00,88,1
2024-04-21 05:00:00,90,1
2024-04-21 05:00:00,96,1
2024-04-21 05:00:00,103,1
2024-04-21 05:00:00,107,1
2024-04-21 05:00:00,115,1
2024-04-21 05:00:00,118,1
2024-04-21 05:00:00,124,1
2024-04-21 05:00:00,150,1
2024-04-21 05:00:00,151,1
2024-04-21 05:00:00,175,1
2024-04-21 05:00:00,197,1
2024-04-21 05:00:00,219,1
2024-04-21 05:00:00,231,1
2024-04-21 05:00:00,241,1
2024-04-21 05:00:00,251,1
2024-04-21 05:00:00,257,1
2024-04-21 05:00:00,260,1
2024-04-21 05:00:00,262,1
2024-04-21 06:00:00,13,1
2024-04-21 06:00:00,21,1
2024-04-21 06:00:00,22,1
2024-04-21 06:00:00,27,1
2024-04-21 06:00:00,55,1
2024-04-21 06:00:00,60,2
2024-04-21 06:00:00,61,1
2024-04-21 06:00:00,108,1
2024-04-21 06:00:00,113,1
2024-04-21 06:00:00,118,2
2024-04-21 06:00:00,140,1
2024-04-21 06:00:00,148,1
2024-04-21 06:00:00,149,2
2024-04-21 06:00:00,172,1
2024-04-21 06:00:00,180,1
2024-04-21 06:00:00,188,1
2024-04-21 06:00:00,189,1
2024-04-21 06:00:00,191,1
2024-04-21 06:00:00,196,1
2024-04-21 06:00:00,228,1
2024-04-21 06:00:00,236,1
2024-04-21 06:00:00,249,1
2024-04-21 07:00:00,2,1
2024-04-21 07:00:00,6,1
2024-04-21 07:00:00,8,1
2024-04-21 07:00:00,13,1
2024-04-21 07:00:00,14,1
2024-04-21 07:00:00,25,1
2024-04-21 07:00:00,35,1
2024-04-21 07:00:00,44,1
2024-04-21 07:00:00,50,2
2024-04-21 07:00:00,52,1
2024-04-21 07:00:00,57,1
2024-04-21 07:00:00,73,1
2024-04-21 07:00:00,95,1
2024-04-21 07:00:00,103,1
2024-04-21 07:00:00,132,2
2024-04-21 07:00:00,140,1
2024-04-21 07:00:00,143,1
2024-04-21 07:00:00,148,1
2024-04-21 07:00:00,156,1
2024-04-21 07:00:00,157,1
2024-04-21 07:00:00,164,1
2024-04-21 07:00:00,213,1
2024-04-21 07:00:00,224,1
2024-04-21 07:00:00,248,2
2024-04-21 07:00:00,251,1
2024-04-21 07:00:00,263,1
2024-04-21 08:00:00,30,1
2024-04-21 08:00:00,82,2
2024-04-21 08:00:00,85,1
2024-04-21 08:00:00,110,1
2024-04-21 08:00:00,111,1
2024-04-21 08:00:00,121,1
2024-04-21 08:00:00,122,1
2024-04-21 08:00:00,148,1
2024-04-21 08:00:00,157,1
2024-04-21 08:00:00,183,1
2024-04-21 08:00:00,193,1
2024-04-21 08:00:00,201,1
2024-04-21 08:00:00,213,1
2024-04-21 08:00:00,221,1
2024-04-21 08:00:00,224,1
2024-04-21 08:00:00,225,1
2024-04-21 08:00:00,234,1
2024-04-21 08:00:00,249,1
2024-04-21 08:00:00,251,1
2024-04-21 08:00:00,253,1
2024-04-21 08:00:00,256,1
2024-04-21 09:00:00,21,1
2024-04-21 09:00:00,36,1
2024-04-21 09:00:00,45,1
2024-04-21 09:00:00,46,1
2024-04-21 09:00:00,52,1
2024-04-21 09:00:00,56,1
2024-04-21 09:00:00,66,1
2024-04-21 09:00:00,84,2
2024-04-21 09:00:00,94,1
2024-04-21 09:00:00,96,1
2024-04-21 09:00:00,103,1
2024-04-21 09:00:00,104,1
2024-04-21 09:00:00,121,1
2024-04-21 09:00:00,126,1
2024-04-21 09:00:00,129,1
2024-04-21 09:00:00,158,1
2024-04-21 09:00:00,164,2
2024-04-21 09:00:00,168,1
2024-04-21 09:00:00,171,1
2024-04-21 09:00:00,179,1
2024-04-21 09:00:00,213,1
2024-04-21 09:00:00,237,1
2024-04-21 09:00:00,258,1
2024-04-21 10:00:00,8,1
2024-04-21 10:00:00,16,1
2024-04-21 10:00:00,32,1
2024-04-21 10:00:00,33,1
2024-04-21 10:00:00,42,1
2024-04-21 10:00:00,48,1
2024-04-21 10:00:00,67,1
2024-04-21 10:00:00,72,1
2024-04-21 10:00:00,77,1
2024-04-21 10:00:00,86,1
2024-04-21 10:00:00,118,1
2024-04-21 10:00:00,119,1
2024-04-21 10:00:00,130,1
2024-04-21 10:00:00,140,1
2024-04-21 10:00:00,142,1
2024-04-21 10:00:00,144,1
2024-04-21 10:00:00,146,1
2024-04-21 10:00:00,170,2
2024-04-21 10:00:00,172,2
2024-04-21 10:00:00,181,1
2024-04-21 10:00:00,225,1
2024-04-21 10:00:00,243,1
2024-04-21 10:00:00,247,1
2024-04-21 10:00:00,249,1
2024-04-21 10:00:00,256,2
2024-04-21 10:00:00,259,1
2024-04-21 11:00:00,16,2
2024-04-21 11:00:00,21,1
2024-04-21 11:00:00,24,1
2024-04-21 11:00:00,32,1
2024-04-21 11:00:00,47,1
2024-04-21 11:00:00,51,1
2024-04-21 11:00:00,57,1
2024-04-21 11:00:00,62,1
2024-04-21 11:00:00,73,1
2024-04-21 11:00:00,77,1
2024-04-21 11:00:00,89,1
2024-04-21 11:00:00,97,1
2024-04-21 11:00:00,99,1
2024-04-21 11:00:00,101,2
2024-04-21 11:00:00,103,1
2024-04-21 11:00:00,105,1
2024-04-21 11:00:00,112,1
2024-04-21 11:00:00,114,1
2024-04-21 11:00:00,124,1
2024-04-21 11:00:00,150,1
2024-04-21 11:00:00,163,1
2024-04-21 11:00:00,172,1
2024-04-21 11:00:00,186,1
2024-04-21 11:00:00,207,1
2024-04-21 11:00:00,233,1
2024-04-21 11:00:00,244,1
2024-04-21 11:00:00,259,1
2024-04-21 12:00:00,13,1
2024-04-21 12:00:00,14,1
2024-04-21 12:00:00,41,1
2024-04-21 12:00:00,51,1
2024-04-21 12:00:00,67,1
2024-04-21 12:00:00,71,1
2024-04-21 12:00:00,80,1
2024-04-21 12:00:00,90,1
2024-04-21 12:00:00,125,1
2024-04-21 12:00:00,152,1
2024-04-21 12:00:00,156,1
2024-04-21 12:00:00,168,1
2024-04-21 12:00:00,172,1
2024-04-21 12:00:00,178,1
2024-04-21 12:00:00,202,1
2024-04-21 12:00:00,205,1
2024-04-21 12:00:00,210,2
2024-04-21 12:00:00,238,1
2024-04-21 12:00:00,245,1
2024-04-21 12:00:00,261,1
2024-04-21 13:00:00,14,1
2024-04-21 13:00:00,26,1
2024-04-21 13:00:00,28,2
2024-04-21 13:00:00,35,1
2024-04-21 13:00:00,40,2
2024-04-21 13:00:00,49,1
2024-04-21 13:00:00,51,1
2024-04-21 13:00:00,52,1
2024-04-21 13:00:00,58,1
2024-04-21 13:00:00,62,1
2024-04-21 13:00:00,65,1
2024-04-21 13:00:00,69,1
2024-04-21 13:00:00,72,1
2024-04-21 13:00:00,74,2
2024-04-21 13:00:00,87,1
2024-04-21 13:00:00,97,1
2024-04-21 13:00:00,110,1
2024-04-21 13:00:00,120,1
2024-04-21 13:00:00,122,1
2024-04-21 13:00:00,131,1
2024-04-21 13:00:00,132,1
2024-04-21 13:00:00,134,1
2024-04-21 13:00:00,152,1
2024-04-21 13:00:00,170,1
2024-04-21 13:00:00,178,1
2024-04-21 13:00:00,182,1
2024-04-21 13:00:00,189,1
2024-04-21 13:00:00,190,1
2024-04-21 13:00:00,199,1
2024-04-21 14:00:00,1,1
2024-04-21 14:00:00,24,1
2024-04-21 14:00:00,28,1
2024-04-21 14:00:00,29,1
2024-04-21 14:00:00,36,1
2024-04-21 14:00:00,52,1
2024-04-21 14:00:00,56,1
2024-04-21 14:00:00,58,1
2024-04-21 14:00:00,68,1
2024-04-21 14:00:00,84,1
2024-04-21 14:00:00,95,1
2024-04-21 14:00:00,106,1
2024-04-21 14:00:00,109,1
2024-04-21 14:00:00,111,1
2024-04-21 14:00:00,115,1
2024-04-21 14:00:00,122,1
2024-04-21 14:00:00,123,1
2024-04-21 14:00:00,124,1
2024-04-21 14:00:00,125,1
2024-04-21 14:00:00,126,1
2024-04-21 14:00:00,145,1
2024-04-21 14:00:00,152,1
2024-04-21 14:00:00,178,1
2024-04-21 14:00:00,204,2
2024-04-21 14:00:00,208,1
2024-04-21 14:00:00,212,1
2024-04-21 14:00:00,219,1
2024-04-21 14:00:00,226,1
2024-04-21 14:00:00,247,1
2024-04-21 14:00:00,258,1
2024-04-21 15:00:00,1,1
2024-04-21 15:00:00,4,1
2024-04-21 15:00:00,23,1
2024-04-21 15:00:00,47,1
2024-04-21 15:00:00,54,1
2024-04-21 15:00:00,62,1
2024-04-21 15:00:00,65,1
2024-04-21 15:00:00,82,1
2024-04-21 15:00:00,100,1
2024-04-21 15:00:00,104,1
2024-04-21 15:00:00,137,1
2024-04-21 15:00:00,142,1
2024-04-21 15:00:00,149,1
2024-04-21 15:00:00,180,1
2024-04-21 15:00:00,202,1
2024-04-21 15:00:00,212,1
2024-04-21 15:00:00,236,1
2024-04-21 15:00:00,237,1
2024-04-21 15:00:00,244,1
2024-04-21 15:00:00,247,1
2024-04-21 15:00:00,253,1
2024-04-21 16:00:00,5,1
2024-04-21 16:00:00,17,1
2024-04-21 16:00:00,22,1
2024-04-21 16:00:00,30,1
2024-04-21 16:00:00,52,1
2024-04-21 16:00:00,53,1
2024-04-21 16:00:00,63,1
2024-04-21 16:00:00,68,1
2024-04-21 16:00:00,105,1
2024-04-21 16:00:00,112,1
2024-04-21 16:00:00,115,1
2024-04-21 16:00:00,129,1
2024-04-21 16:00:00,137,1
2024-04-21 16:00:00,139,1
2024-04-21 16:00:00,140,1
2024-04-21 16:00:00,145,1
2024-04-21 16:00:00,146,2
2024-04-21 16:00:00,153,1
2024-04-21 16:00:00,154,1
2024-04-21 16:00:00,162,1
2024-04-21 16:00:00,165,1
2024-04-21 16:00:00,171,1
2024-04-21 16:00:00,178,1
2024-04-21 16:00:00,184,1
2024-04-21 16:00:00,192,1
2024-04-21 16:00:00,194,1
2024-04-21 16:00:00,211,1
2024-04-21 16:00:00,233,1
2024-04-21 16:00:00,235,1
2024-04-21 16:00:00,236,1
2024-04-21 16:00:00,248,1
2024-04-21 16:00:00,253,1
2024-04-21 16:00:00,255,2
2024-04-21 17:00:00,1,1
2024-04-21 17:00:00,12,1
2024-04-21 17:00:00,22,1
2024-04-21 17:00:00,34,1
2024-04-21 17:00:00,36,2
2024-04-21 17:00:00,67,1
2024-04-21 17:00:00,69,1
2024-04-21 17:00:00,74,1
2024-04-21 17:00:00,78,1
2024-04-21 17:00:00,82,1
2024-04-21 17:00:00,86,1
2024-04-21 17:00:00,89,1
2024-04-21 17:00:00,91,1
2024-04-21 17:00:00,108,1
2024-04-21 17:00:00,119,1
2024-04-21 17:00:00,124,1
2024-04-21 17:00:00,135,1
2024-04-21 17:00:00,146,1
2024-04-21 17:00:00,166,1
2024-04-21 17:00:00,167,1
2024-04-21 17:00:00,169,1
2024-04-21 17:00:00,205,1
2024-04-21 17:00:00,221,2
2024-04-21 17:00:00,231,1
2024-04-21 17:00:00,232,1
2024-04-21 17:00:00,235,1
2024-04-21 17:00:00,237,1
2024-04-21 17:00:00,246,1
2024-04-21 17:00:00,248,1
2024-04-21 17:00:00,259,1
2024-04-21 18:00:00,5,1
2024-04-21 18:00:00,48,1
2024-04-21 18:00:00,64,1
2024-04-21 18:00:00,79,1
2024-04-21 18:00:00,85,1
2024-04-21 18:00:00,96,1
2024-04-21 18:00:00,103,1
2024-04-21 18:00:00,111,1
2024-04-21 18:00:00,114,1
2024-04-21 18:00:00,124,1
2024-04-21 18:00:00,157,1
2024-04-21 18:00:00,158,1
2024-04-21 18:00:00,167,2
2024-04-21 18:00:00,183,1
2024-04-21 18:00:00,206,1
2024-04-21 18:00:00,216,1
2024-04-21 18:00:00,226,1
2024-04-21 18:00:00,236,1
2024-04-21 18:00:00,237,1
2024-04-21 18:00:00,246,1
2024-04-21 18:00:00,250,1
2024-04-21 18:00:00,252,1
2024-04-21 18:00:00,253,1
2024-04-21 18:00:00,254,1
2024-04-21 18:00:00,256,1
2024-04-21 18:00:00,263,1
2024-04-21 19:00:00,30,1
2024-04-21 19:00:00,41,1
2024-04-21 19:00:00,46,1
2024-04-21 19:00:00,48,1
2024-04-21 19:00:00,49,1
2024-04-21 19:00:00,67,1
2024-04-21 19:00:00,80,1
2024-04-21 19:00:00,90,1
2024-04-21 19:00:00,130,1
2024-04-21 19:00:00,131,1
2024-04-21 19:00:00,146,1
2024-04-21 19:00:00,150,1
2024-04-21 19:00:00,156,1
2024-04-21 19:00:00,157,1
2024-04-21 19:00:00,167,1
2024-04-21 19:00:00,172,1
2024-04-21 19:00:00,174,1
2024-04-21 19:00:00,190,1
2024-04-21 19:00:00,197,1
2024-04-21 19:00:00,205,1
2024-04-21 19:00:00,207,1
2024-04-21 19:00:00,221,1
2024-04-21 19:00:00,228,1
2024-04-21 19:00:00,232,1
2024-04-21 19:00:00,233,1
2024-04-21 19:00:00,240,2
2024-04-21 19:00:00,260,1
2024-04-21 20:00:00,6,1
2024-04-21 20:00:00,21,1
2024-04-21 20:00:00,22,1
2024-04-21 20:00:00,41,1
2024-04-21 20:00:00,59,1
2024-04-21 20:00:00,67,1
2024-04-21 20:00:00,82,1
2024-04-21 20:00:00,87,1
2024-04-21 20:00:00,93,1
2024-04-21 20:00:00,95,1
2024-04-21 20:00:00,125,1
2024-04-21 20:00:00,149,1
2024-04-21 20:00:00,150,1
2024-04-21 20:00:00,166,1
2024-04-21 20:00:00,167,1
2024-04-21 20:00:00,170,1
2024-04-21 20:00:00,189,1
2024-04-21 20:00:00,192,1
2024-04-21 20:00:00,224,1
2024-04-21 20:00:00,238,1
2024-04-21 20:00:00,239,2
2024-04-21 20:00:00,245,1
2024-04-21 20:00:00,250,1
2024-04-21 20:00:00,253,1
2024-04-21 21:00:00,6,1
2024-04-21 21:00:00,9,1
2024-04-21 21:00:00,13,1
2024-04-21 21:00:00,32,1
2024-04-21 21:00:00,35,2
2024-04-21 21:00:00,61,1
2024-04-21 21:00:00,68,1
2024-04-21 21:00:00,70,1
2024-04-21 21:00:00,77,2
2024-04-21 21:00:00,102,1
2024-04-21 21:00:00,118,1
2024-04-21 21:00:00,124,1
2024-04-21 21:00:00,125,1
2024-04-21 21:00:00,126,1
2024-04-21 21:00:00,130,1
2024-04-21 21:00:00,146,1
2024-04-21 21:00:00,148,1
2024-04-21 21:00:00,152,1
2024-04-21 21:00:00,162,1
2024-04-21 21:00:00,174,1
2024-04-21 21:00:00,176,1
2024-04-21 21:00:00,178,1
2024-04-21 21:00:00,197,1
2024-04-21 21:00:00,202,1
2024-04-21 21:00:00,203,1
2024-04-21 21:00:00,207,1
2024-04-21 21:00:00,222,1
2024-04-21 21:00:00,232,1
2024-04-21 21:00:00,237,1
2024-04-21 22:00:00,6,1
2024-04-21 22:00:00,7,1
2024-04-21 22:00:00,11,1
2024-04-21 22:00:00,14,1
2024-04-21 22:00:00,54,1
2024-04-21 22:00:00,68,1
2024-04-21 22:00:00,79,3
2024-04-21 22:00:00,84,1
2024-04-21 22:00:00,95,1
2024-04-21 22:00:00,101,1
2024-04-21 22:00:00,103,1
2024-04-21 22:00:00,104,1
2024-04-21 22:00:00,107,1
2024-04-21 22:00:00,112,1
2024-04-21 22:00:00,116,1
2024-04-21 22:00:00,124,1
2024-04-21 22:00:00,128,1
2024-04-21 22:00:00,140,1
2024-04-21 22:00:00,144,1
2024-04-21 22:00:00,147,1
2024-04-21 22:00:00,182,1
2024-04-21 22:00:00,211,1
2024-04-21 22:00:00,214,1
2024-04-21 22:00:00,217,1
2024-04-21 22:00:00,219,1
2024-04-21 22:00:00,220,1
2024-04-21 22:00:00,233,1
2024-04-21 22:00:00,259,1
2024-04-21 22:00:00,262,1
2024-04-21 23:00:00,10,1
2024-04-21 23:00:00,20,1
2024-04-21 23:00:00,21,1
2024-04-21 23:00:00,30,1
2024-04-21 23:00:00,53,1
2024-04-21 23:00:00,56,1
2024-04-21 23:00:00,58,1
2024-04-21 23:00:00,64,1
2024-04-21 23:00:00,67,1
2024-04-21 23:00:00,68,1
2024-04-21 23:00:00,71,1
2024-04-21 23:00:00,88,1
2024-04-21 23:00:00,107,1
2024-04-21 23:00:00,108,1
2024-04-21 23:00:00,111,1
2024-04-21 23:00:00,117,1
2024-04-21 23:00:00,121,1
2024-04-21 23:00:00,140,1
2024-04-21 23:00:00,142,1
2024-04-21 23:00:00,155,1
2024-04-21 23:00:00,165,1
2024-04-21 23:00:00,199,1
2024-04-21 23:00:00,207,1
2024-04-21 23:00:00,216,1
2024-04-21 23:00:00,219,1
2024-04-21 23:00:00,221,1
2024-04-21 23:00:00,231,1
2024-04-21 23:00:00,250,1
2024-04-21 23:00:00,258,1
2024-04-21 23:00:00,261,1
2024-04-22 00:00:00,8,1
2024-04-22 00:00:00,30,1
2024-04-22 00:00:00,31,1
2024-04-22 00:00:00,38,1
2024-04-22 00:00:00,51,1
2024-04-22 00:00:00,60,1
2024-04-22 00:00:00,64,1
2024-04-22 00:00:00,67,1
2024-04-22 00:00:00,70,1
2024-04-22 00:00:00,75,1
2024-04-22 00:00:00,79,1
2024-04-22 00:00:00,94,1
2024-04-22 00:00:00,103,1
2024-04-22 00:00:00,116,1
2024-04-22 00:00:00,140,1
2024-04-22 00:00:00,158,1
2024-04-22 00:00:00,165,1
2024-04-22 00:00:00,168,1
2024-04-22 00:00:00,170,1
2024-04-22 00:00:00,175,1
2024-04-22 00:00:00,180,1
2024-04-22 00:00:00,182,1
2024-04-22 00:00:00,201,1
2024-04-22 00:00:00,212,1
2024-04-22 00:00:00,219,1
2024-04-22 00:00:00,220,1
2024-04-22 00:00:00,222,1
2024-04-22 00:00:00,242,1
2024-04-22 00:00:00,253,1
2024-04-22 01:00:00,7,1
2024-04-22 01:00:00,12,1
2024-04-22 01:00:00,18,1
2024-04-22 01:00:00,22,1
2024-04-22 01:00:00,27,1
2024-04-22 01:00:00,43,1
2024-04-22 01:00:00,46,1
2024-04-22 01:00:00,57,1
2024-04-22 01:00:00,75,1
2024-04-22 01:00:00,79,1
2024-04-22 01:00:00,80,1
2024-04-22 01:00:00,81,1
2024-04-22 01:00:00,87,1
2024-04-22 01:00:00,89,1
2024-04-22 01:00:00,92,1
2024-04-22 01:00:00,107,1
2024-04-22 01:00:00,113,1
2024-04-22 01:00:00,120,2
2024-04-22 01:00:00,132,1
2024-04-22 01:00:00,136,1
2024-04-22 01:00:00,150,1
2024-04-22 01:00:00,155,1
2024-04-22 01:00:00,201,1
2024-04-22 01:00:00,220,1
2024-04-22 01:00:00,231,1
2024-04-22 01:00:00,236,1
2024-04-22 01:00:00,241,1
2024-04-22 01:00:00,245,1
2024-04-22 01:00:00,256,1
2024-04-22 02:00:00,41,1
2024-04-22 02:00:00,78,1
2024-04-22 02:00:00,110,1
2024-04-22 02:00:00,113,1
2024-04-22 02:00:00,123,1
2024-04-22 02:00:00,132,1
2024-04-22 02:00:00,157,1
2024-04-22 02:00:00,161,1
2024-04-22 02:00:00,168,1
2024-04-22 02:00:00,175,1
2024-04-22 02:00:00,180,1
2024-04-22 02:00:00,188,2
2024-04-22 02:00:00,198,1
2024-04-22 02:00:00,199,1
2024-04-22 02:00:00,205,1
2024-04-22 02:00:00,215,1
2024-04-22 02:00:00,225,1
2024-04-22 02:00:00,230,1
2024-04-22 02:00:00,234,2
2024-04-22 02:00:00,240,1
2024-04-22 02:00:00,250,1
2024-04-22 02:00:00,253,1
2024-04-22 03:00:00,5,1
2024-04-22 03:00:00,10,1
2024-04-22 03:00:00,16,1
2024-04-22 03:00:00,41,1
2024-04-22 03:00:00,43,1
2024-04-22 03:00:00,53,1
2024-04-22 03:00:00,70,1
2024-04-22 03:00:00,83,2
2024-04-22 03:00:00,85,1
2024-04-22 03:00:00,107,1
2024-04-22 03:00:00,136,2
2024-04-22 03:00:00,150,1
2024-04-22 03:00:00,151,1
2024-04-22 03:00:00,154,1
2024-04-22 03:00:00,161,1
2024-04-22 03:00:00,164,2
2024-04-22 03:00:00,175,1
2024-04-22 03:00:00,180,1
2024-04-22 03:00:00,185,1
2024-04-22 03:00:00,203,1
2024-04-22 03:00:00,223,2
2024-04-22 03:00:00,233,1
2024-04-22 03:00:00,237,1
2024-04-22 03:00:00,247,1
2024-04-22 03:00:00,263,1
2024-04-22 04:00:00,1,1
2024-04-22 04:00:00,13,1
2024-04-22 04:00:00,26,1
2024-04-22 04:00:00,29,1
2024-04-22 04:00:00,40,1
2024-04-22 04:00:00,67,1
2024-04-22 04:00:00,74,1
2024-04-22 04:00:00,76,1
2024-04-22 04:00:00,77,1
2024-04-22 04:00:00,80,1
2024-04-22 04:00:00,87,1
2024-04-22 04:00:00,93,1
2024-04-22 04:00:00,94,1
2024-04-22 04:00:00,100,1
2024-04-22 04:00:00,110,1
2024-04-22 04:00:00,125,1
2024-04-22 04:00:00,129,1
2024-04-22 04:00:00,134,1
2024-04-22 04:00:00,144,1
2024-04-22 04:00:00,156,1
2024-04-22 04:00:00,174,1
2024-04-22 04:00:00,184,1
2024-04-22 04:00:00,194,1
2024-04-22 04:00:00,204,1
2024-04-22 04:00:00,207,1
2024-04-22 04:00:00,208,1
2024-04-22 04:00:00,232,1
2024-04-22 04:00:00,258,1
2024-04-22 04:00:00,263,1
2024-04-22 05:00:00,21,1
2024-04-22 05:00:00,29,1
2024-04-22 05:00:00,34,1
2024-04-22 05:00:00,47,1
2024-04-22 05:00:00,55,1
2024-04-22 05:00:00,64,1
2024-04-22 05:00:00,65,1
2024-04-22 05:00:00,71,1
2024-04-22 05:00:00,107,1
2024-04-22 05:00:00,144,1
2024-04-22 05:00:00,152,1
2024-04-22 05:00:00,162,1
2024-04-22 05:00:00,164,1
2024-04-22 05:00:00,170,1
2024-04-22 05:00:00,183,1
2024-04-22 05:00:00,184,1
2024-04-22 05:00:00,191,1
2024-04-22 05:00:00,225,2
2024-04-22 05:00:00,243,1
2024-04-22 05:00:00,251,1
2024-04-22 05:00:00,257,2
2024-04-22 06:00:00,13,1
2024-04-22 06:00:00,24,1
2024-04-22 06:00:00,35,1
2024-04-22 06:00:00,37,2
2024-04-22 06:00:00,38,1
2024-04-22 06:00:00,61,1
2024-04-22 06:00:00,119,1
2024-04-22 06:00:00,143,1
2024-04-22 06:00:00,150,1
2024-04-22 06:00:00,158,1
2024-04-22 06:00:00,163,2
2024-04-22 06:00:00,170,1
2024-04-22 06:00:00,175,1
2024-04-22 06:00:00,181,1
2024-04-22 06:00:00,186,1
2024-04-22 06:00:00,188,1
2024-04-22 06:00:00,207,1
2024-04-22 06:00:00,210,1
2024-04-22 06:00:00,228,1
2024-04-22 06:00:00,246,1
2024-04-22 06:00:00,255,1
2024-04-22 06:00:00,258,1
2024-04-22 07:00:00,11,1
2024-04-22 07:00:00,23,1
2024-04-22 07:00:00,33,1
2024-04-22 07:00:00,37,1
2024-04-22 07:00:00,45,1
2024-04-22 07:00:00,55,1
2024-04-22 07:00:00,77,1
2024-04-22 07:00:00,104,1
2024-04-22 07:00:00,115,1
2024-04-22 07:00:00,124,1
2024-04-22 07:00:00,137,1
2024-04-22 07:00:00,140,1
2024-04-22 07:00:00,150,1
2024-04-22 07:00:00,153,1
2024-04-22 07:00:00,158,1
2024-04-22 07:00:00,162,1
2024-04-22 07:00:00,167,1
2024-04-22 07:00:00,183,1
2024-04-22 07:00:00,187,1
2024-04-22 07:00:00,189,1
2024-04-22 07:00:00,190,1
2024-04-22 07:00:00,198,1
2024-04-22 07:00:00,214,1
2024-04-22 07:00:00,220,2
2024-04-22 07:00:00,246,1
2024-04-22 07:00:00,247,1
2024-04-22 07:00:00,253,1
2024-04-22 08:00:00,31,1
2024-04-22 08:00:00,59,1
2024-04-22 08:00:00,63,1
2024-04-22 08:00:00,70,1
2024-04-22 08:00:00,75,1
2024-04-22 08:00:00,76,1
2024-04-22 08:00:00,92,1
2024-04-22 08:00:00,93,1
2024-04-22 08:00:00,110,1
2024-04-22 08:00:00,113,1
2024-04-22 08:00:00,145,1
2024-04-22 08:00:00,159,1
2024-04-22 08:00:00,165,2
2024-04-22 08:00:00,168,1
2024-04-22 08:00:00,170,1
2024-04-22 08:00:00,178,1
2024-04-22 08:00:00,213,1
2024-04-22 08:00:00,218,1
2024-04-22 08:00:00,231,1
2024-04-22 08:00:00,244,1
2024-04-22 08:00:00,247,1
2024-04-22 08:00:00,259,2
2024-04-22 09:00:00,1,1
2024-04-22 09:00:00,5,1
2024-04-22 09:00:00,7,1
2024-04-22 09:00:00,10,2
2024-04-22 09:00:00,14,1
2024-04-22 09:00:00,35,2
2024-04-22 09:00:00,54,1
2024-04-22 09:00:00,55,1
2024-04-22 09:00:00,60,1
2024-04-22 09:00:00,86,1
2024-04-22 09:00:00,106,1
2024-04-22 09:00:00,145,1
2024-04-22 09:00:00,155,1
2024-04-22 09:00:00,160,1
2024-04-22 09:00:00,164,1
2024-04-22 09:00:00,193,1
2024-04-22 09:00:00,210,1
2024-04-22 09:00:00,235,1
2024-04-22 09:00:00,243,1
2024-04-22 09:00:00,248,1
2024-04-22 09:00:00,263,1
2024-04-22 10:00:00,8,1
2024-04-22 10:00:00,12,1
2024-04-22 10:00:00,30,1
2024-04-22 10:00:00,33,1
2024-04-22 10:00:00,45,1
2024-04-22 10:00:00,53,1
2024-04-22 10:00:00,54,1
2024-04-22 10:00:00,57,1
2024-04-22 10:00:00,71,1
2024-04-22 10:00:00,77,1
2024-04-22 10:00:00,85,1
2024-04-22 10:00:00,108,1
2024-04-22 10:00:00,114,1
2024-04-22 10:00:00,145,1
2024-04-22 10:00:00,163,1
2024-04-22 10:00:00,167,1
2024-04-22 10:00:00,168,1
2024-04-22 10:00:00,172,1
2024-04-22 10:00:00,178,1
2024-04-22 10:00:00,197,1
2024-04-22 10:00:00,198,1
2024-04-22 10:00:00,203,1
2024-04-22 10:00:00,206,1
2024-04-22 10:00:00,214,1
2024-04-22 10:00:00,219,1
2024-04-22 10:00:00,221,1
2024-04-22 10:00:00,224,1
2024-04-22 10:00:00,227,1
2024-04-22 10:00:00,230,1
2024-04-22 10:00:00,260,1
2024-04-22 11:00:00,13,1
2024-04-22 11:00:00,15,1
2024-04-22 11:00:00,16,1
2024-04-22 11:00:00,22,2
2024-04-22 11:00:00,23,1
2024-04-22 11:00:00,28,1
2024-04-22 11:00:00,52,1
2024-04-22 11:00:00,54,1
2024-04-22 11:00:00,55,1
2024-04-22 11:00:00,56,1
2024-04-22 11:00:00,60,1
2024-04-22 11:00:00,61,1
2024-04-22 11:00:00,64,1
2024-04-22 11:00:00,71,1
2024-04-22 11:00:00,86,2
2024-04-22 11:00:00,89,1
2024-04-22 11:00:00,129,1
2024-04-22 11:00:00,132,1
2024-04-22 11:00:00,136,1
2024-04-22 11:00:00,149,1
2024-04-22 11:00:00,157,1
2024-04-22 11:00:00,174,1
2024-04-22 11:00:00,186,1
2024-04-22 11:00:00,224,1
2024-04-22 11:00:00,229,1
2024-04-22 11:00:00,237,1
2024-04-22 11:00:00,243,1
2024-04-22 11:00:00,246,1
2024-04-22 11:00:00,248,1
2024-04-22 11:00:00,254,1
2024-04-22 12:00:00,3,1
2024-04-22 12:00:00,6,1
2024-04-22 12:00:00,9,1
2024-04-22 12:00:00,12,1
2024-04-22 12:00:00,29,1
2024-04-22 12:00:00,30,1
2024-04-22 12:00:00,34,1
2024-04-22 12:00:00,58,1
2024-04-22 12:00:00,66,1
2024-04-22 12:00:00,75,2
2024-04-22 12:00:00,84,1
2024-04-22 12:00:00,85,1
2024-04-22 12:00:00,89,1
2024-04-22 12:00:00,113,1
2024-04-22 12:00:00,116,1
2024-04-22 12:00:00,127,1
2024-04-22 12:00:00,131,1
2024-04-22 12:00:00,151,1
2024-04-22 12:00:00,155,1
2024-04-22 12:00:00,168,1
2024-04-22 12:00:00,169,1
2024-04-22 12:00:00,174,1
2024-04-22 12:00:00,176,1
2024-04-22 12:00:00,187,1
2024-04-22 12:00:00,189,2
2024-04-22 12:00:00,194,1
2024-04-22 12:00:00,200,1
2024-04-22 12:00:00,209,1
2024-04-22 12:00:00,210,1
2024-04-22 12:00:00,212,1
2024-04-22 12:00:00,221,1
2024-04-22 12:00:00,227,1
2024-04-22 12:00:00,259,1
2024-04-22 13:00:00,5,1
2024-04-22 13:00:00,27,2
2024-04-22 13:00:00,29,1
2024-04-22 13:00:00,36,1
2024-04-22 13:00:00,47,1
2024-04-22 13:00:00,57,2
2024-04-22 13:00:00,70,1
2024-04-22 13:00:00,72,1
2024-04-22 13:00:00,80,1
2024-04-22 13:00:00,85,1
2024-04-22 13:00:00,95,1
2024-04-22 13:00:00,99,1
2024-04-22 13:00:00,103,1
2024-04-22 13:00:00,106,1
2024-04-22 13:00:00,115,1
2024-04-22 13:00:00,117,1
2024-04-22 13:00:00,119,1
2024-04-22 13:00:00,128,1
2024-04-22 13:00:00,161,1
2024-04-22 13:00:00,163,1
2024-04-22 13:00:00,171,1
2024-04-22 13:00:00,192,1
2024-04-22 13:00:00,199,1
2024-04-22 13:00:00,200,1
2024-04-22 13:00:00,203,1
2024-04-22 13:00:00,213,1
2024-04-22 13:00:00,233,1
2024-04-22 13:00:00,239,1
2024-04-22 13:00:00,246,1
2024-04-22 13:00:00,253,1
2024-04-22 13:00:00,262,1
2024-04-22 14:00:00,9,1
2024-04-22 14:00:00,31,1
2024-04-22 14:00:00,34,1
2024-04-22 14:00:00,46,1
2024-04-22 14:00:00,69,1
2024-04-22 14:00:00,81,1
2024-04-22 14:00:00,90,1
2024-04-22 14:00:00,91,1
2024-04-22 14:00:00,101,1
2024-04-22 14:00:00,121,2
2024-04-22 14:00:00,127,1
2024-04-22 14:00:00,130,1
2024-04-22 14:00:00,143,1
2024-04-22 14:00:00,154,1
2024-04-22 14:00:00,172,1
2024-04-22 14:00:00,177,1
2024-04-22 14:00:00,186,1
2024-04-22 14:00:00,233,1
2024-04-22 14:00:00,256,1
2024-04-22 15:00:00,45,1
2024-04-22 15:00:00,52,1
2024-04-22 15:00:00,57,1
2024-04-22 15:00:00,58,1
2024-04-22 15:00:00,86,1
2024-04-22 15:00:00,91,1
2024-04-22 15:00:00,106,1
2024-04-22 15:00:00,124,1
2024-04-22 15:00:00,127,1
2024-04-22 15:00:00,144,1
2024-04-22 15:00:00,147,1
2024-04-22 15:00:00,167,1
2024-04-22 15:00:00,179,1
2024-04-22 15:00:00,201,1
2024-04-22 15:00:00,214,1
2024-04-22 15:00:00,218,1
2024-04-22 15:00:00,222,1
2024-04-22 15:00:00,228,1
2024-04-22 15:00:00,231,1
2024-04-22 15:00:00,247,1
2024-04-22 15:00:00,248,1
2024-04-22 15:00:00,255,1
2024-04-22 15:00:00,258,1
2024-04-22 16:00:00,5,1
2024-04-22 16:00:00,6,1
2024-04-22 16:00:00,42,1
2024-04-22 16:00:00,44,1
2024-04-22 16:00:00,62,1
2024-04-22 16:00:00,86,1
2024-04-22 16:00:00,88,1
2024-04-22 16:00:00,109,1
2024-04-22 16:00:00,141,1
2024-04-22 16:00:00,147,1
2024-04-22 16:00:00,153,1
2024-04-22 16:00:00,173,1
2024-04-22 16:00:00,188,1
2024-04-22 16:00:00,224,1
2024-04-22 16:00:00,227,1
2024-04-22 16:00:00,230,1
2024-04-22 16:00:00,256,1
2024-04-22 16:00:00,259,1
2024-04-22 17:00:00,1,1
2024-04-22 17:00:00,6,1
2024-04-22 17:00:00,29,1
2024-04-22 17:00:00,40,1
2024-04-22 17:00:00,44,1
2024-04-22 17:00:00,52,1
2024-04-22 17:00:00,53,1
2024-04-22 17:00:00,78,1
2024-04-22 17:00:00,81,1
2024-04-22 17:00:00,90,1
2024-04-22 17:00:00,98,1
2024-04-22 17:00:00,104,1
2024-04-22 17:00:00,114,1
2024-04-22 17:00:00,127,1
2024-04-22 17:00:00,132,1
2024-04-22 17:00:00,158,1
2024-04-22 17:00:00,160,1
2024-04-22 17:00:00,167,1
2024-04-22 17:00:00,172,1
2024-04-22 17:00:00,177,1
2024-04-22 17:00:00,183,1
2024-04-22 17:00:00,187,1
2024-04-22 17:00:00,192,1
2024-04-22 17:00:00,199,1
2024-04-22 17:00:00,234,1
2024-04-22 17:00:00,245,2
2024-04-22 17:00:00,256,1
2024-04-22 18:00:00,10,1
2024-04-22 18:00:00,20,1
2024-04-22 18:00:00,24,1
2024-04-22 18:00:00,25,2
2024-04-22 18:00:00,43,1
2024-04-22 18:00:00,53,1
2024-04-22 18:00:00,55,1
2024-04-22 18:00:00,57,1
2024-04-22 18:00:00,59,1
2024-04-22 18:00:00,67,1
2024-04-22 18:00:00,68,1
2024-04-22 18:00:00,94,1
2024-04-22 18:00:00,104,1
2024-04-22 18:00:00,107,1
2024-04-22 18:00:00,118,1
2024-04-22 18:00:00,121,1
2024-04-22 18:00:00,135,1
2024-04-22 18:00:00,149,1
2024-04-22 18:00:00,155,1
2024-04-22 18:00:00,161,1
2024-04-22 18:00:00,180,1
2024-04-22 18:00:00,187,1
2024-04-22 18:00:00,190,1
2024-04-22 18:00:00,244,1
2024-04-22 18:00:00,245,2
2024-04-22 18:00:00,247,1
2024-04-22 18:00:00,249,1
2024-04-22 19:00:00,14,1
2024-04-22 19:00:00,30,1
2024-04-22 19:00:00,65,1
2024-04-22 19:00:00,75,1
2024-04-22 19:00:00,92,1
2024-04-22 19:00:00,94,1
2024-04-22 19:00:00,98,1
2024-04-22 19:00:00,124,1
2024-04-22 19:00:00,137,1
2024-04-22 19:00:00,146,1
2024-04-22 19:00:00,153,1
2024-04-22 19:00:00,165,1
2024-04-22 19:00:00,168,1
2024-04-22 19:00:00,169,1
2024-04-22 19:00:00,177,1
2024-04-22 19:00:00,178,1
2024-04-22 19:00:00,186,1
2024-04-22 19:00:00,195,1
2024-04-22 19:00:00,211,1
2024-04-22 19:00:00,215,1
2024-04-22 19:00:00,217,1
2024-04-22 19:00:00,232,2
2024-04-22 19:00:00,233,1
2024-04-22 19:00:00,240,1
2024-04-22 19:00:00,245,1
2024-04-22 19:00:00,246,1
2024-04-22 20:00:00,2,1
2024-04-22 20:00:00,12,1
2024-04-22 20:00:00,40,1
2024-04-22 20:00:00,72,1
2024-04-22 20:00:00,82,1
2024-04-22 20:00:00,90,1
2024-04-22 20:00:00,94,1
2024-04-22 20:00:00,97,1
2024-04-22 20:00:00,105,1
2024-04-22 20:00:00,111,1
2024-04-22 20:00:00,113,1
2024-04-22 20:00:00,119,1
2024-04-22 20:00:00,152,1
2024-04-22 20:00:00,154,1
2024-04-22 20:00:00,156,1
2024-04-22 20:00:00,169,1
2024-04-22 20:00:00,176,1
2024-04-22 20:00:00,185,1
2024-04-22 20:00:00,186,1
2024-04-22 20:00:00,222,1
2024-04-22 20:00:00,224,1
2024-04-22 20:00:00,238,1
2024-04-22 20:00:00,251,1
2024-04-22 21:00:00,31,1
2024-04-22 21:00:00,37,1
2024-04-22 21:00:00,44,1
2024-04-22 21:00:00,77,1
2024-04-22 21:00:00,89,1
2024-04-22 21:00:00,99,1
2024-04-22 21:00:00,125,1
2024-04-22 21:00:00,159,1
2024-04-22 21:00:00,160,1
2024-04-22 21:00:00,162,1
2024-04-22 21:00:00,178,1
2024-04-22 21:00:00,190,1
2024-04-22 21:00:00,207,1
2024-04-22 21:00:00,225,1
2024-04-22 21:00:00,237,1
2024-04-22 21:00:00,249,1
2024-04-22 22:00:00,10,1
2024-04-22 22:00:00,13,1
2024-04-22 22:00:00,24,1
2024-04-22 22:00:00,27,1
2024-04-22 22:00:00,49,1
2024-04-22 22:00:00,62,1
2024-04-22 22:00:00,70,1
2024-04-22 22:00:00,79,1
2024-04-22 22:00:00,95,1
2024-04-22 22:00:00,139,1
2024-04-22 22:00:00,142,1
2024-04-22 22:00:00,144,1
2024-04-22 22:00:00,167,1
2024-04-22 22:00:00,169,2
2024-04-22 22:00:00,197,1
2024-04-22 22:00:00,216,1
2024-04-22 22:00:00,241,2
2024-04-22 23:00:00,2,1
2024-04-22 23:00:00,7,1
2024-04-22 23:00:00,9,1
2024-04-22 23:00:00,20,1
2024-04-22 23:00:00,26,1
2024-04-22 23:00:00,30,1
2024-04-22 23:00:00,39,2
2024-04-22 23:00:00,42,1
2024-04-22 23:00:00,50,1
2024-04-22 23:00:00,58,1
2024-04-22 23:00:00,65,1
2024-04-22 23:00:00,66,2
2024-04-22 23:00:00,71,2
2024-04-22 23:00:00,73,1
2024-04-22 23:00:00,93,1
2024-04-22 23:00:00,121,1
2024-04-22 23:00:00,128,1
2024-04-22 23:00:00,129,1
2024-04-22 23:00:00,142,1
2024-04-22 23:00:00,152,1
2024-04-22 23:00:00,156,1
2024-04-22 23:00:00,161,1
2024-04-22 23:00:00,175,1
2024-04-22 23:00:00,193,1
2024-04-22 23:00:00,210,1
2024-04-22 23:00:00,217,1
2024-04-22 23:00:00,243,1
2024-04-22 23:00:00,244,1
2024-04-22 23:00:00,249,1
2024-04-22 23:00:00,256,1
2024-04-23 00:00:00,4,1
2024-04-23 00:00:00,11,1
2024-04-23 00:00:00,16,1
2024-04-23 00:00:00,18,1
2024-04-23 00:00:00,24,1
2024-04-23 00:00:00,50,1
2024-04-23 00:00:00,54,1
2024-04-23 00:00:00,57,1
2024-04-23 00:00:00,60,1
2024-04-23 00:00:00,73,1
2024-04-23 00:00:00,87,1
2024-04-23 00:00:00,98,1
2024-04-23 00:00:00,99,1
2024-04-23 00:00:00,101,1
2024-04-23 00:00:00,113,1
2024-04-23 00:00:00,117,1
2024-04-23 00:00:00,121,1
2024-04-23 00:00:00,131,1
2024-04-23 00:00:00,141,1
2024-04-23 00:00:00,145,1
2024-04-23 00:00:00,152,1
2024-04-23 00:00:00,163,1
2024-04-23 00:00:00,164,1
2024-04-23 00:00:00,166,1
2024-04-23 00:00:00,177,1
2024-04-23 00:00:00,190,1
2024-04-23 00:00:00,221,1
2024-04-23 00:00:00,226,1
2024-04-23 00:00:00,233,1
2024-04-23 00:00:00,240,1
2024-04-23 00:00:00,261,1
2024-04-23 01:00:00,2,1
2024-04-23 01:00:00,9,1
2024-04-23 01:00:00,11,1
2024-04-23 01:00:00,18,1
2024-04-23 01:00:00,19,1
2024-04-23 01:00:00,21,1
2024-04-23 01:00:00,31,1
2024-04-23 01:00:00,69,1
2024-04-23 01:00:00,73,1
2024-04-23 01:00:00,87,1
2024-04-23 01:00:00,120,1
2024-04-23 01:00:00,143,1
2024-04-23 01:00:00,145,1
2024-04-23 01:00:00,163,1
2024-04-23 01:00:00,186,1
2024-04-23 01:00:00,198,1
2024-04-23 01:00:00,200,1
2024-04-23 01:00:00,226,1
2024-04-23 01:00:00,233,1
2024-04-23 01:00:00,261,1
2024-04-23 02:00:00,2,1
2024-04-23 02:00:00,4,1
2024-04-23 02:00:00,44,1
2024-04-23 02:00:00,47,1
2024-04-23 02:00:00,48,1
2024-04-23 02:00:00,50,1
2024-04-23 02:00:00,51,1
2024-04-23 02:00:00,63,1
2024-04-23 02:00:00,84,1
2024-04-23 02:00:00,88,1
2024-04-23 02:00:00,100,1
2024-04-23 02:00:00,110,1
2024-04-23 02:00:00,111,1
2024-04-23 02:00:00,119,1
2024-04-23 02:00:00,138,1
2024-04-23 02:00:00,140,1
2024-04-23 02:00:00,141,1
2024-04-23 02:00:00,142,2
2024-04-23 02:00:00,146,1
2024-04-23 02:00:00,150,1
2024-04-23 02:00:00,151,1
2024-04-23 02:00:00,172,1
2024-04-23 02:00:00,175,1
2024-04-23 02:00:00,188,1
2024-04-23 02:00:00,197,1
2024-04-23 02:00:00,203,1
2024-04-23 02:00:00,216,1
2024-04-23 02:00:00,221,1
2024-04-23 02:00:00,228,1
2024-04-23 02:00:00,253,1
2024-04-23 02:00:00,254,1
2024-04-23 02:00:00,259,1
2024-04-23 03:00:00,4,1
2024-04-23 03:00:00,7,1
2024-04-23 03:00:00,10,1
2024-04-23 03:00:00,18,2
2024-04-23 03:00:00,26,1
2024-04-23 03:00:00,37,1
2024-04-23 03:00:00,38,2
2024-04-23 03:00:00,44,1
2024-04-23 03:00:00,67,1
2024-04-23 03:00:00,83,1
2024-04-23 03:00:00,103,1
2024-04-23 03:00:00,105,1
2024-04-23 03:00:00,110,1
2024-04-23 03:00:00,117,1
2024-04-23 03:00:00,131,1
2024-04-23 03:00:00,152,1
2024-04-23 03:00:00,161,1
2024-04-23 03:00:00,173,1
2024-04-23 03:00:00,189,1
2024-04-23 03:00:00,206,1
2024-04-23 03:00:00,208,1
2024-04-23 03:00:00,209,1
2024-04-23 03:00:00,212,1
2024-04-23 03:00:00,232,1
2024-04-23 03:00:00,238,1
2024-04-23 03:00:00,240,1
2024-04-23 04:00:00,14,1
2024-04-23 04:00:00,18,1
2024-04-23 04:00:00,30,1
2024-04-23 04:00:00,31,1
2024-04-23 04:00:00,49,1
2024-04-23 04:00:00,54,1
2024-04-23 04:00:00,55,1
2024-04-23 04:00:00,76,1
2024-04-23 04:00:00,91,1
2024-04-23 04:00:00,92,1
2024-04-23 04:00:00,101,1
2024-04-23 04:00:00,102,1
2024-04-23 04:00:00,108,1
2024-04-23 04:00:00,124,1
2024-04-23 04:00:00,125,1
2024-04-23 04:00:00,126,1
2024-04-23 04:00:00,137,1
2024-04-23 04:00:00,138,1
2024-04-23 04:00:00,139,1
2024-04-23 04:00:00,145,2
2024-04-23 04:00:00,178,1
2024-04-23 04:00:00,184,1
2024-04-23 04:00:00,186,2
2024-04-23 04:00:00,206,2
2024-04-23 04:00:00,222,1
2024-04-23 04:00:00,223,1
2024-04-23 04:00:00,239,1
2024-04-23 04:00:00,240,1
2024-04-23 04:00:00,241,1
2024-04-23 04:00:00,258,1
2024-04-23 05:00:00,1,1
2024-04-23 05:00:00,3,1
2024-04-23 05:00:00,9,1
2024-04-23 05:00:00,10,1
2024-04-23 05:00:00,18,1
2024-04-23 05:00:00,28,1
2024-04-23 05:00:00,30,1
2024-04-23 05:00:00,33,1
2024-04-23 05:00:00,36,1
2024-04-23 05:00:00,37,1
2024-04-23 05:00:00,56,1
2024-04-23 05:00:00,60,1
2024-04-23 05:00:00,99,1
2024-04-23 05:00:00,105,1
2024-04-23 05:00:00,107,1
2024-04-23 05:00:00,116,1
2024-04-23 05:00:00,121,1
2024-04-23 05:00:00,134,1
2024-04-23 05:00:00,135,1
2024-04-23 05:00:00,136,1
2024-04-23 05:00:00,148,1
2024-04-23 05:00:00,157,1
2024-04-23 05:00:00,170,1
2024-04-23 05:00:00,172,1
2024-04-23 05:00:00,176,1
2024-04-23 05:00:00,178,1
2024-04-23 05:00:00,182,1
2024-04-23 05:00:00,200,1
2024-04-23 05:00:00,205,1
2024-04-23 05:00:00,207,1
2024-04-23 05:00:00,213,1
2024-04-23 05:00:00,217,1
2024-04-23 05:00:00,219,1
2024-04-23 05:00:00,221,1
2024-04-23 05:00:00,232,1
2024-04-23 05:00:00,234,2
2024-04-23 05:00:00,247,1
2024-04-23 05:00:00,258,1
2024-04-23 05:00:00,260,1
2024-04-23 06:00:00,19,1
2024-04-23 06:00:00,30,1
2024-04-23 06:00:00,46,1
2024-04-23 06:00:00,51,1
2024-04-23 06:00:00,67,1
2024-04-23 06:00:00,74,1
2024-04-23 06:00:00,78,1
2024-04-23 06:00:00,90,1
2024-04-23 06:00:00,95,1
2024-04-23 06:00:00,105,1
2024-04-23 06:00:00,110,1
2024-04-23 06:00:00,126,1
2024-04-23 06:00:00,131,1
2024-04-23 06:00:00,139,1
2024-04-23 06:00:00,150,1
2024-04-23 06:00:00,185,1
2024-04-23 06:00:00,187,1
2024-04-23 06:00:00,191,1
2024-04-23 06:00:00,194,1
2024-04-23 06:00:00,196,1
2024-04-23 06:00:00,197,1
2024-04-23 06:00:00,200,1
2024-04-23 06:00:00,215,1
2024-04-23 06:00:00,220,1
2024-04-23 06:00:00,227,1
2024-04-23 06:00:00,263,1
2024-04-23 07:00:00,20,1
2024-04-23 07:00:00,25,1
2024-04-23 07:00:00,33,1
2024-04-23 07:00:00,36,2
2024-04-23 07:00:00,44,1
2024-04-23 07:00:00,46,1
2024-04-23 07:00:00,52,1
2024-04-23 07:00:00,54,2
2024-04-23 07:00:00,55,1
2024-04-23 07:00:00,60,1
2024-04-23 07:00:00,85,2
2024-04-23 07:00:00,89,1
2024-04-23 07:00:00,94,1
2024-04-23 07:00:00,102,1
2024-04-23 07:00:00,105,1
2024-04-23 07:00:00,115,1
2024-04-23 07:00:00,121,1
2024-04-23 07:00:00,126,1
2024-04-23 07:00:00,139,1
2024-04-23 07:00:00,155,2
2024-04-23 07:00:00,159,1
2024-04-23 07:00:00,164,1
2024-04-23 07:00:00,168,1
2024-04-23 07:00:00,169,1
2024-04-23 07:00:00,187,1
2024-04-23 07:00:00,195,1
2024-04-23 07:00:00,212,1
2024-04-23 07:00:00,246,1
2024-04-23 07:00:00,258,1
2024-04-23 07:00:00,262,1
2024-04-23 08:00:00,5,1
2024-04-23 08:00:00,10,1
2024-04-23 08:00:00,26,1
2024-04-23 08:00:00,29,1
2024-04-23 08:00:00,38,1
2024-04-23 08:00:00,56,1
2024-04-23 08:00:00,58,1
2024-04-23 08:00:00,61,1
2024-04-23 08:00:00,64,2
2024-04-23 08:00:00,74,2
2024-04-23 08:00:00,80,1
2024-04-23 08:00:00,83,1
2024-04-23 08:00:00,85,1
2024-04-23 08:00:00,94,1
2024-04-23 08:00:00,107,1
2024-04-23 08:00:00,110,1
2024-04-23 08:00:00,129,1
2024-04-23 08:00:00,130,2
2024-04-23 08:00:00,132,1
2024-04-23 08:00:00,133,1
2024-04-23 08:00:00,140,1
2024-04-23 08:00:00,162,1
2024-04-23 08:00:00,166,1
2024-04-23 08:00:00,175,1
2024-04-23 08:00:00,177,1
2024-04-23 08:00:00,187,1
2024-04-23 08:00:00,189,1
2024-04-23 08:00:00,190,1
2024-04-23 08:00:00,199,1
2024-04-23 08:00:00,218,1
2024-04-23 08:00:00,219,1
2024-04-23 08:00:00,224,1
2024-04-23 08:00:00,229,1
2024-04-23 08:00:00,231,2
2024-04-23 08:00:00,246,1
2024-04-23 08:00:00,248,1
2024-04-23 08:00:00,262,1
2024-04-23 09:00:00,8,1
2024-04-23 09:00:00,18,1
2024-04-23 09:00:00,30,1
2024-04-23 09:00:00,31,1
2024-04-23 09:00:00,35,1
2024-04-23 09:00:00,41,1
2024-04-23 09:00:00,46,1
2024-04-23 09:00:00,56,1
2024-04-23 09:00:00,69,1
2024-04-23 09:00:00,71,1
2024-04-23 09:00:00,74,1
2024-04-23 09:00:00,80,1
2024-04-23 09:00:00,81,1
2024-04-23 09:00:00,85,1
2024-04-23 09:00:00,135,1
2024-04-23 09:00:00,142,1
2024-04-23 09:00:00,143,1
2024-04-23 09:00:00,150,1
2024-04-23 09:00:00,161,1
2024-04-23 09:00:00,173,1
2024-04-23 09:00:00,177,1
2024-04-23 09:00:00,201,1
2024-04-23 09:00:00,206,1
2024-04-23 09:00:00,225,1
2024-04-23 09:00:00,227,1
2024-04-23 09:00:00,260,1
2024-04-23 10:00:00,1,1
2024-04-23 10:00:00,10,1
2024-04-23 10:00:00,19,1
2024-04-23 10:00:00,33,1
2024-04-23 10:00:00,45,1
2024-04-23 10:00:00,57,1
2024-04-23 10:00:00,78,1
2024-04-23 10:00:00,89,1
2024-04-23 10:00:00,103,2
2024-04-23 10:00:00,106,1
2024-04-23 10:00:00,110,1
2024-04-23 10:00:00,139,1
2024-04-23 10:00:00,143,1
2024-04-23 10:00:00,146,1
2024-04-23 10:00:00,174,1
2024-04-23 10:00:00,176,1
2024-04-23 10:00:00,182,1
2024-04-23 10:00:00,186,1
2024-04-23 10:00:00,188,1
2024-04-23 10:00:00,191,1
2024-04-23 10:00:00,196,1
2024-04-23 10:00:00,202,1
2024-04-23 10:00:00,203,1
2024-04-23 10:00:00,231,1
2024-04-23 10:00:00,232,1
2024-04-23 10:00:00,254,1
2024-04-23 11:00:00,17,1
2024-04-23 11:00:00,19,1
2024-04-23 11:00:00,23,1
2024-04-23 11:00:00,24,1
2024-04-23 11:00:00,30,1
2024-04-23 11:00:00,49,1
2024-04-23 11:00:00,87,1
2024-04-23 11:00:00,91,1
2024-04-23 11:00:00,96,1
2024-04-23 11:00:00,109,1
2024-04-23 11:00:00,113,1
2024-04-23 11:00:00,120,1
2024-04-23 11:00:00,137,2
2024-04-23 11:00:00,156,1
2024-04-23 11:00:00,180,1
2024-04-23 11:00:00,191,2
2024-04-23 11:00:00,199,1
2024-04-23 11:00:00,223,1
2024-04-23 11:00:00,236,1
2024-04-23 12:00:00,6,1
2024-04-23 12:00:00,8,1
2024-04-23 12:00:00,18,1
2024-04-23 12:00:00,23,1
2024-04-23 12:00:00,25,1
2024-04-23 12:00:00,32,1
2024-04-23 12:00:00,59,1
2024-04-23 12:00:00,65,1
2024-04-23 12:00:00,68,1
2024-04-23 12:00:00,75,1
2024-04-23 12:00:00,98,1
2024-04-23 12:00:00,101,1
2024-04-23 12:00:00,116,1
2024-04-23 12:00:00,133,1
2024-04-23 12:00:00,138,1
2024-04-23 12:00:00,146,1
2024-04-23 12:00:00,164,1
2024-04-23 12:00:00,169,1
2024-04-23 12:00:00,199,1
2024-04-23 12:00:00,210,1
2024-04-23 12:00:00,211,2
2024-04-23 12:00:00,213,1
2024-04-23 12:00:00,216,1
2024-04-23 12:00:00,226,1
2024-04-23 12:00:00,237,1
2024-04-23 12:00:00,238,1
2024-04-23 12:00:00,250,1
2024-04-23 12:00:00,258,1
2024-04-23 13:00:00,5,1
2024-04-23 13:00:00,6,1
2024-04-23 13:00:00,9,1
2024-04-23 13:00:00,25,1
2024-04-23 13:00:00,29,1
2024-04-23 13:00:00,34,1
2024-04-23 13:00:00,45,1
2024-04-23 13:00:00,50,1
2024-04-23 13:00:00,57,1
2024-04-23 13:00:00,64,1
2024-04-23 13:00:00,74,1
2024-04-23 13:00:00,82,1
2024-04-23 13:00:00,91,1
2024-04-23 13:00:00,106,1
2024-04-23 13:00:00,111,1
2024-04-23 13:00:00,123,1
2024-04-23 13:00:00,138,1
2024-04-23 13:00:00,168,1
2024-04-23 13:00:00,181,1
2024-04-23 13:00:00,183,1
2024-04-23 13:00:00,185,1
2024-04-23 13:00:00,190,1
2024-04-23 13:00:00,208,2
2024-04-23 13:00:00,219,1
2024-04-23 13:00:00,232,1
2024-04-23 13:00:00,237,1
2024-04-23 13:00:00,257,1
2024-04-23 13:00:00,258,1
2024-04-23 14:00:00,3,1
2024-04-23 14:00:00,12,1
2024-04-23 14:00:00,46,1
2024-04-23 14:00:00,55,1
2024-04-23 14:00:00,82,1
2024-04-23 14:00:00,84,1
2024-04-23 14:00:00,86,1
2024-04-23 14:00:00,92,1
2024-04-23 14:00:00,100,2
2024-04-23 14:00:00,108,1
2024-04-23 14:00:00,111,1
2024-04-23 14:00:00,119,1
2024-04-23 14:00:00,120,1
2024-04-23 14:00:00,126,1
2024-04-23 14:00:00,147,1
2024-04-23 14:00:00,167,1
2024-04-23 14:00:00,177,2
2024-04-23 14:00:00,178,1
2024-04-23 14:00:00,188,1
2024-04-23 14:00:00,212,1
2024-04-23 14:00:00,213,1
2024-04-23 14:00:00,221,1
2024-04-23 14:00:00,222,1
2024-04-23 14:00:00,229,1
2024-04-23 14:00:00,231,1
2024-04-23 14:00:00,234,1
2024-04-23 14:00:00,241,1
2024-04-23 15:00:00,4,1
2024-04-23 15:00:00,7,1
2024-04-23 15:00:00,11,1
2024-04-23 15:00:00,21,1
2024-04-23 15:00:00,25,1
2024-04-23 15:00:00,54,1
2024-04-23 15:00:00,60,1
2024-04-23 15:00:00,63,1
2024-04-23 15:00:00,91,1
2024-04-23 15:00:00,104,1
2024-04-23 15:00:00,117,1
2024-04-23 15:00:00,142,1
2024-04-23 15:00:00,157,1
2024-04-23 15:00:00,176,1
2024-04-23 15:00:00,186,1
2024-04-23 15:00:00,187,1
2024-04-23 15:00:00,208,2
2024-04-23 15:00:00,224,1
2024-04-23 15:00:00,246,1
2024-04-23 15:00:00,250,1
2024-04-23 16:00:00,6,1
2024-04-23 16:00:00,7,1
2024-04-23 16:00:00,12,1
2024-04-23 16:00:00,18,1
2024-04-23 16:00:00,23,1
2024-04-23 16:00:00,44,1
2024-04-23 16:00:00,46,1
2024-04-23 16:00:00,47,1
2024-04-23 16:00:00,48,1
2024-04-23 16:00:00,58,1
2024-04-23 16:00:00,59,1
2024-04-23 16:00:00,60,1
2024-04-23 16:00:00,74,1
2024-04-23 16:00:00,95,1
2024-04-23 16:00:00,99,1
2024-04-23 16:00:00,105,1
2024-04-23 16:00:00,108,1
2024-04-23 16:00:00,112,1
2024-04-23 16:00:00,113,1
2024-04-23 16:00:00,122,1
2024-04-23 16:00:00,123,1
2024-04-23 16:00:00,130,1
2024-04-23 16:00:00,133,1
2024-04-23 16:00:00,150,1
2024-04-23 16:00:00,152,1
2024-04-23 16:00:00,176,2
2024-04-23 16:00:00,182,1
2024-04-23 16:00:00,184,1
2024-04-23 16:00:00,185,1
2024-04-23 16:00:00,198,1
2024-04-23 16:00:00,199,1
2024-04-23 16:00:00,205,1
2024-04-23 16:00:00,210,1
2024-04-23 16:00:00,225,1
2024-04-23 16:00:00,239,1
2024-04-23 16:00:00,244,1
2024-04-23 16:00:00,258,1
2024-04-23 16:00:00,262,1
2024-04-23 17:00:00,21,1
2024-04-23 17:00:00,30,2
2024-04-23 17:00:00,31,1
2024-04-23 17:00:00,35,1
2024-04-23 17:00:00,36,1
2024-04-23 17:00:00,38,1
2024-04-23 17:00:00,53,1
2024-04-23 17:00:00,61,1
2024-04-23 17:00:00,96,1
2024-04-23 17:00:00,106,1
2024-04-23 17:00:00,126,1
2024-04-23 17:00:00,132,1
2024-04-23 17:00:00,178,1
2024-04-23 17:00:00,185,1
2024-04-23 17:00:00,190,1
2024-04-23 17:00:00,208,1
2024-04-23 17:00:00,214,1
2024-04-23 17:00:00,238,1
2024-04-23 17:00:00,240,1
2024-04-23 17:00:00,247,1
2024-04-23 17:00:00,251,1
2024-04-23 17:00:00,252,1
2024-04-23 18:00:00,1,1
2024-04-23 18:00:00,4,1
2024-04-23 18:00:00,6,1
2024-04-23 18:00:00,11,1
2024-04-23 18:00:00,13,1
2024-04-23 18:00:00,22,1
2024-04-23 18:00:00,29,1
2024-04-23 18:00:00,48,1
2024-04-23 18:00:00,49,2
2024-04-23 18:00:00,82,1
2024-04-23 18:00:00,88,1
2024-04-23 18:00:00,107,1
2024-04-23 18:00:00,111,1
2024-04-23 18:00:00,113,1
2024-04-23 18:00:00,114,1
2024-04-23 18:00:00,121,1
2024-04-23 18:00:00,125,1
2024-04-23 18:00:00,139,2
2024-04-23 18:00:00,143,1
2024-04-23 18:00:00,161,1
2024-04-23 18:00:00,178,1
2024-04-23 18:00:00,184,1
2024-04-23 18:00:00,196,2
2024-04-23 18:00:00,200,1
2024-04-23 18:00:00,207,1
2024-04-23 18:00:00,209,1
2024-04-23 18:00:00,233,1
2024-04-23 18:00:00,244,1
2024-04-23 18:00:00,257,1
2024-04-23 18:00:00,261,2
2024-04-23 18:00:00,262,1
2024-04-23 19:00:00,3,1
2024-04-23 19:00:00,33,1
2024-04-23 19:00:00,36,1
2024-04-23 19:00:00,48,1
2024-04-23 19:00:00,49,1
2024-04-23 19:00:00,55,1
2024-04-23 19:00:00,75,1
2024-04-23 19:00:00,105,1
2024-04-23 19:00:00,129,1
2024-04-23 19:00:00,134,1
2024-04-23 19:00:00,136,1
2024-04-23 19:00:00,137,1
2024-04-23 19:00:00,141,1
2024-04-23 19:00:00,143,1
2024-04-23 19:00:00,167,1
2024-04-23 19:00:00,170,1
2024-04-23 19:00:00,178,1
2024-04-23 19:00:00,195,1
2024-04-23 19:00:00,205,1
2024-04-23 19:00:00,212,1
2024-04-23 19:00:00,222,1
2024-04-23 19:00:00,225,1
2024-04-23 19:00:00,237,1
2024-04-23 19:00:00,257,1
2024-04-23 20:00:00,4,1
2024-04-23 20:00:00,10,1
2024-04-23 20:00:00,30,1
2024-04-23 20:00:00,35,1
2024-04-23 20:00:00,56,1
2024-04-23 20:00:00,59,1
2024-04-23 20:00:00,67,1
2024-04-23 20:00:00,72,1
2024-04-23 20:00:00,90,1
2024-04-23 20:00:00,98,1
2024-04-23 20:00:00,117,1
2024-04-23 20:00:00,118,1
2024-04-23 20:00:00,138,1
2024-04-23 20:00:00,150,1
2024-04-23 20:00:00,163,1
2024-04-23 20:00:00,175,1
2024-04-23 20:00:00,181,1
2024-04-23 20:00:00,188,1
2024-04-23 20:00:00,189,1
2024-04-23 20:00:00,193,2
2024-04-23 20:00:00,207,1
2024-04-23 20:00:00,217,1
2024-04-23 20:00:00,222,1
2024-04-23 20:00:00,235,1
2024-04-23 20:00:00,247,1
2024-04-23 20:00:00,255,1
2024-04-23 20:00:00,261,1
2024-04-23 20:00:00,262,1
2024-04-23 21:00:00,9,1
2024-04-23 21:00:00,22,1
2024-04-23 21:00:00,32,1
2024-04-23 21:00:00,33,1
2024-04-23 21:00:00,59,1
2024-04-23 21:00:00,64,1
2024-04-23 21:00:00,87,1
2024-04-23 21:00:00,88,1
2024-04-23 21:00:00,101,1
2024-04-23 21:00:00,103,1
2024-04-23 21:00:00,119,1
2024-04-23 21:00:00,129,1
2024-04-23 21:00:00,138,1
2024-04-23 21:00:00,139,1
2024-04-23 21:00:00,141,1
2024-04-23 21:00:00,168,1
2024-04-23 21:00:00,171,1
2024-04-23 21:00:00,179,1
2024-04-23 21:00:00,189,1
2024-04-23 21:00:00,192,2
2024-04-23 21:00:00,239,2
2024-04-23 22:00:00,1,1
2024-04-23 22:00:00,5,1
2024-04-23 22:00:00,13,1
2024-04-23 22:00:00,23,1
2024-04-23 22:00:00,27,1
2024-04-23 22:00:00,37,1
2024-04-23 22:00:00,51,1
2024-04-23 22:00:00,54,1
2024-04-23 22:00:00,57,1
2024-04-23 22:00:00,60,1
2024-04-23 22:00:00,65,1
2024-04-23 22:00:00,68,1
2024-04-23 22:00:00,95,1
2024-04-23 22:00:00,100,1
2024-04-23 22:00:00,112,1
2024-04-23 22:00:00,121,1
2024-04-23 22:00:00,157,1
2024-04-23 22:00:00,174,2
2024-04-23 22:00:00,179,1
2024-04-23 22:00:00,186,1
2024-04-23 22:00:00,188,1
2024-04-23 22:00:00,241,2
2024-04-23 22:00:00,245,1
2024-04-23 22:00:00,247,1
2024-04-23 22:00:00,248,1
2024-04-23 22:00:00,255,1
2024-04-23 22:00:00,262,1
2024-04-23 23:00:00,7,1
2024-04-23 23:00:00,15,1
2024-04-23 23:00:00,43,1
2024-04-23 23:00:00,47,2
2024-04-23 23:00:00,48,1
2024-04-23 23:00:00,50,1
2024-04-23 23:00:00,55,1
2024-04-23 23:00:00,74,1
2024-04-23 23:00:00,76,1
2024-04-23 23:00:00,87,1
2024-04-23 23:00:00,98,1
2024-04-23 23:00:00,99,1
2024-04-23 23:00:00,104,1
2024-04-23 23:00:00,112,1
2024-04-23 23:00:00,114,1
2024-04-23 23:00:00,146,1
2024-04-23 23:00:00,148,1
2024-04-23 23:00:00,156,1
2024-04-23 23:00:00,180,1
2024-04-23 23:00:00,201,1
2024-04-23 23:00:00,206,1
2024-04-23 23:00:00,209,1
2024-04-23 23:00:00,213,1
2024-04-23 23:00:00,223,1
2024-04-23 23:00:00,226,1
2024-04-23 23:00:00,227,1
2024-04-23 23:00:00,230,1
2024-04-23 23:00:00,233,1
2024-04-23 23:00:00,240,1
2024-04-23 23:00:00,252,1
2024-04-23 23:00:00,253,1
2024-04-24 00:00:00,17,1
2024-04-24 00:00:00,23,1
2024-04-24 00:00:00,27,1
2024-04-24 00:00:00,33,1
2024-04-24 00:00:00,35,1
2024-04-24 00:00:00,40,1
2024-04-24 00:00:00,41,1
2024-04-24 00:00:00,44,1
2024-04-24 00:00:00,51,1
2024-04-24 00:00:00,53,1
2024-04-24 00:00:00,65,1
2024-04-24 00:00:00,68,1
2024-04-24 00:00:00,69,1
2024-04-24 00:00:00,70,1
2024-04-24 00:00:00,83,1
2024-04-24 00:00:00,95,1
2024-04-24 00:00:00,110,1
2024-04-24 00:00:00,114,1
2024-04-24 00:00:00,149,1
2024-04-24 00:00:00,151,1
2024-04-24 00:00:00,157,1
2024-04-24 00:00:00,170,1
2024-04-24 00:00:00,185,1
2024-04-24 00:00:00,201,1
2024-04-24 00:00:00,207,1
2024-04-24 00:00:00,212,1
2024-04-24 00:00:00,217,1
2024-04-24 00:00:00,244,1
2024-04-24 00:00:00,249,1
2024-04-24 01:00:00,3,1
2024-04-24 01:00:00,5,1
2024-04-24 01:00:00,15,2
2024-04-24 01:00:00,18,1
2024-04-24 01:00:00,20,1
2024-04-24 01:00:00,23,1
2024-04-24 01:00:00,24,1
2024-04-24 01:00:00,25,2
2024-04-24 01:00:00,26,1
2024-04-24 01:00:00,44,1
2024-04-24 01:00:00,53,1
2024-04-24 01:00:00,82,1
2024-04-24 01:00:00,91,1
2024-04-24 01:00:00,99,1
2024-04-24 01:00:00,117,1
2024-04-24 01:00:00,124,1
2024-04-24 01:00:00,147,1
2024-04-24 01:00:00,164,2
2024-04-24 01:00:00,169,1
2024-04-24 01:00:00,175,1
2024-04-24 01:00:00,193,1
2024-04-24 01:00:00,198,1
2024-04-24 01:00:00,208,1
2024-04-24 01:00:00,221,1
2024-04-24 01:00:00,222,1
2024-04-24 01:00:00,229,1
2024-04-24 02:00:00,11,1
2024-04-24 02:00:00,16,1
2024-04-24 02:00:00,18,1
2024-04-24 02:00:00,27,1
2024-04-24 02:00:00,33,1
2024-04-24 02:00:00,39,1
2024-04-24 02:00:00,46,1
2024-04-24 02:00:00,53,1
2024-04-24 02:00:00,71,1
2024-04-24 02:00:00,75,1
2024-04-24 02:00:00,87,1
2024-04-24 02:00:00,95,1
2024-04-24 02:00:00,96,1
2024-04-24 02:00:00,100,1
2024-04-24 02:00:00,119,1
2024-04-24 02:00:00,127,1
2024-04-24 02:00:00,139,1
2024-04-24 02:00:00,150,1
2024-04-24 02:00:00,154,1
2024-04-24 02:00:00,174,1
2024-04-24 02:00:00,194,1
2024-04-24 02:00:00,207,1
2024-04-24 02:00:00,208,1
2024-04-24 02:00:00,215,1
2024-04-24 02:00:00,220,1
2024-04-24 02:00:00,232,1
2024-04-24 02:00:00,237,1
2024-04-24 02:00:00,262,1
2024-04-24 03:00:00,21,1
2024-04-24 03:00:00,31,1
2024-04-24 03:00:00,43,1
2024-04-24 03:00:00,47,1
2024-04-24 03:00:00,54,1
2024-04-24 03:00:00,68,1
2024-04-24 03:00:00,71,1
2024-04-24 03:00:00,74,1
2024-04-24 03:00:00,76,1
2024-04-24 03:00:00,79,1
2024-04-24 03:00:00,112,1
2024-04-24 03:00:00,121,1
2024-04-24 03:00:00,143,1
2024-04-24 03:00:00,146,1
2024-04-24 03:00:00,151,1
2024-04-24 03:00:00,157,1
2024-04-24 03:00:00,159,2
2024-04-24 03:00:00,172,1
2024-04-24 03:00:00,182,1
2024-04-24 03:00:00,199,1
2024-04-24 03:00:00,201,1
2024-04-24 03:00:00,212,1
2024-04-24 03:00:00,217,1
2024-04-24 03:00:00,219,1
2024-04-24 03:00:00,227,1
2024-04-24 03:00:00,240,1
2024-04-24 03:00:00,244,1
2024-04-24 03:00:00,247,1
2024-04-24 03:00:00,250,1
2024-04-24 03:00:00,253,1
2024-04-24 04:00:00,17,2
2024-04-24 04:00:00,30,1
2024-04-24 04:00:00,33,1
2024-04-24 04:00:00,54,1
2024-04-24 04:00:00,66,1
2024-04-24 04:00:00,78,1
2024-04-24 04:00:00,82,2
2024-04-24 04:00:00,95,1
2024-04-24 04:00:00,106,1
2024-04-24 04:00:00,114,1
2024-04-24 04:00:00,115,1
2024-04-24 04:00:00,121,1
2024-04-24 04:00:00,122,1
2024-04-24 04:00:00,137,2
2024-04-24 04:00:00,139,1
2024-04-24 04:00:00,147,1
2024-04-24 04:00:00,158,1
2024-04-24 04:00:00,159,1
2024-04-24 04:00:00,160,1
2024-04-24 04:00:00,183,1
2024-04-24 04:00:00,193,1
2024-04-24 04:00:00,205,1
2024-04-24 04:00:00,207,1
2024-04-24 04:00:00,213,1
2024-04-24 04:00:00,244,1
2024-04-24 05:00:00,13,1
2024-04-24 05:00:00,17,1
2024-04-24 05:00:00,24,2
2024-04-24 05:00:00,34,1
2024-04-24 05:00:00,45,1
2024-04-24 05:00:00,47,1
2024-04-24 05:00:00,66,1
2024-04-24 05:00:00,75,2
2024-04-24 05:00:00,105,2
2024-04-24 05:00:00,107,1
2024-04-24 05:00:00,115,1
2024-04-24 05:00:00,119,1
2024-04-24 05:00:00,126,1
2024-04-24 05:00:00,128,1
2024-04-24 05:00:00,157,1
2024-04-24 05:00:00,171,1
2024-04-24 05:00:00,182,1
2024-04-24 05:00:00,192,3
2024-04-24 05:00:00,197,1
2024-04-24 05:00:00,209,1
2024-04-24 05:00:00,259,1
2024-04-24 06:00:00,10,1
2024-04-24 06:00:00,12,1
2024-04-24 06:00:00,28,1
2024-04-24 06:00:00,40,1
2024-04-24 06:00:00,60,1
2024-04-24 06:00:00,97,1
2024-04-24 06:00:00,109,1
2024-04-24 06:00:00,176,2
2024-04-24 06:00:00,177,1
2024-04-24 06:00:00,181,1
2024-04-24 06:00:00,187,2
2024-04-24 06:00:00,197,1
2024-04-24 06:00:00,199,1
2024-04-24 06:00:00,201,1
2024-04-24 06:00:00,212,1
2024-04-24 06:00:00,216,1
2024-04-24 06:00:00,227,1
2024-04-24 07:00:00,1,1
2024-04-24 07:00:00,9,1
2024-04-24 07:00:00,32,1
2024-04-24 07:00:00,37,1
2024-04-24 07:00:00,38,1
2024-04-24 07:00:00,103,1
2024-04-24 07:00:00,107,1
2024-04-24 07:00:00,111,1
2024-04-24 07:00:00,117,1
2024-04-24 07:00:00,121,1
2024-04-24 07:00:00,139,1
2024-04-24 07:00:00,143,1
2024-04-24 07:00:00,149,1
2024-04-24 07:00:00,151,1
2024-04-24 07:00:00,152,1
2024-04-24 07:00:00,153,1
2024-04-24 07:00:00,161,1
2024-04-24 07:00:00,165,1
2024-04-24 07:00:00,179,1
2024-04-24 07:00:00,186,1
2024-04-24 07:00:00,187,1
2024-04-24 07:00:00,189,1
2024-04-24 07:00:00,196,1
2024-04-24 07:00:00,200,1
2024-04-24 07:00:00,243,1
2024-04-24 07:00:00,253,1
2024-04-24 07:00:00,260,1
2024-04-24 08:00:00,7,1
2024-04-24 08:00:00,10,1
2024-04-24 08:00:00,19,1
2024-04-24 08:00:00,22,1
2024-04-24 08:00:00,43,1
2024-04-24 08:00:00,44,1
2024-04-24 08:00:00,54,1
2024-04-24 08:00:00,58,1
2024-04-24 08:00:00,64,1
2024-04-24 08:00:00,77,1
2024-04-24 08:00:00,99,1
2024-04-24 08:00:00,103,1
2024-04-24 08:00:00,126,1
2024-04-24 08:00:00,130,1
2024-04-24 08:00:00,139,3
2024-04-24 08:00:00,159,1
2024-04-24 08:00:00,160,1
2024-04-24 08:00:00,202,1
2024-04-24 08:00:00,204,1
2024-04-24 08:00:00,210,1
2024-04-24 08:00:00,227,2
2024-04-24 08:00:00,231,1
2024-04-24 08:00:00,233,1
2024-04-24 08:00:00,238,1
2024-04-24 08:00:00,252,1
2024-04-24 08:00:00,262,1
2024-04-24 09:00:00,3,1
2024-04-24 09:00:00,21,1
2024-04-24 09:00:00,31,1
2024-04-24 09:00:00,33,1
2024-04-24 09:00:00,52,1
2024-04-24 09:00:00,58,1
2024-04-24 09:00:00,65,1
2024-04-24 09:00:00,73,1
2024-04-24 09:00:00,84,1
2024-04-24 09:00:00,85,1
2024-04-24 09:00:00,94,1
2024-04-24 09:00:00,104,1
2024-04-24 09:00:00,108,1
2024-04-24 09:00:00,128,1
2024-04-24 09:00:00,129,1
2024-04-24 09:00:00,133,1
2024-04-24 09:00:00,149,1
2024-04-24 09:00:00,158,1
2024-04-24 09:00:00,162,2
2024-04-24 09:00:00,171,1
2024-04-24 09:00:00,187,1
2024-04-24 09:00:00,188,1
2024-04-24 09:00:00,193,1
2024-04-24 09:00:00,203,1
2024-04-24 09:00:00,205,1
2024-04-24 09:00:00,214,1
2024-04-24 09:00:00,215,1
2024-04-24 09:00:00,217,1
2024-04-24 09:00:00,223,1
2024-04-24 09:00:00,230,1
2024-04-24 09:00:00,231,1
2024-04-24 09:00:00,232,2
2024-04-24 09:00:00,243,1
2024-04-24 09:00:00,244,1
2024-04-24 09:00:00,245,1
2024-04-24 09:00:00,246,1
2024-04-24 09:00:00,254,1
2024-04-24 10:00:00,26,1
2024-04-24 10:00:00,43,1
2024-04-24 10:00:00,57,1
2024-04-24 10:00:00,60,1
2024-04-24 10:00:00,68,1
2024-04-24 10:00:00,72,1
2024-04-24 10:00:00,90,1
2024-04-24 10:00:00,92,1
2024-04-24 10:00:00,103,1
2024-04-24 10:00:00,118,1
2024-04-24 10:00:00,125,1
2024-04-24 10:00:00,131,1
2024-04-24 10:00:00,141,1
2024-04-24 10:00:00,145,1
2024-04-24 10:00:00,149,1
2024-04-24 10:00:00,155,1
2024-04-24 10:00:00,159,1
2024-04-24 10:00:00,171,1
2024-04-24 10:00:00,175,1
2024-04-24 10:00:00,187,1
2024-04-24 10:00:00,200,1
2024-04-24 10:00:00,203,1
2024-04-24 10:00:00,209,1
2024-04-24 10:00:00,212,1
2024-04-24 10:00:00,214,1
2024-04-24 10:00:00,219,1
2024-04-24 10:00:00,232,1
2024-04-24 10:00:00,236,1
2024-04-24 10:00:00,244,1
2024-04-24 10:00:00,257,1
2024-04-24 10:00:00,258,1
2024-04-24 10:00:00,263,1
2024-04-24 11:00:00,9,1
2024-04-24 11:00:00,14,1
2024-04-24 11:00:00,25,2
2024-04-24 11:00:00,41,1
2024-04-24 11:00:00,62,1
2024-04-24 11:00:00,70,1
2024-04-24 11:00:00,72,1
2024-04-24 11:00:00,73,2
2024-04-24 11:00:00,75,1
2024-04-24 11:00:00,91,1
2024-04-24 11:00:00,92,1
2024-04-24 11:00:00,101,1
2024-04-24 11:00:00,111,1
2024-04-24 11:00:00,148,1
2024-04-24 11:00:00,150,1
2024-04-24 11:00:00,197,1
2024-04-24 11:00:00,237,1
2024-04-24 11:00:00,241,1
2024-04-24 11:00:00,243,1
2024-04-24 11:00:00,256,1
2024-04-24 11:00:00,259,1
2024-04-24 12:00:00,1,1
2024-04-24 12:00:00,3,1
2024-04-24 12:00:00,22,1
2024-04-24 12:00:00,25,1
2024-04-24 12:00:00,40,1
2024-04-24 12:00:00,48,1
2024-04-24 12:00:00,56,1
2024-04-24 12:00:00,57,1
2024-04-24 12:00:00,67,1
2024-04-24 12:00:00,73,2
2024-04-24 12:00:00,82,1
2024-04-24 12:00:00,84,1
2024-04-24 12:00:00,86,1
2024-04-24 12:00:00,88,1
2024-04-24 12:00:00,94,1
2024-04-24 12:00:00,111,1
2024-04-24 12:00:00,117,1
2024-04-24 12:00:00,125,1
2024-04-24 12:00:00,130,1
2024-04-24 12:00:00,153,1
2024-04-24 12:00:00,155,2
2024-04-24 12:00:00,185,1
2024-04-24 12:00:00,193,1
2024-04-24 12:00:00,198,1
2024-04-24 12:00:00,222,1
2024-04-24 12:00:00,224,1
2024-04-24 12:00:00,225,2
2024-04-24 12:00:00,230,1
2024-04-24 12:00:00,248,1
2024-04-24 12:00:00,253,1
2024-04-24 13:00:00,3,1
2024-04-24 13:00:00,38,2
2024-04-24 13:00:00,39,2
2024-04-24 13:00:00,43,1
2024-04-24 13:00:00,70,1
2024-04-24 13:00:00,89,1
2024-04-24 13:00:00,96,1
2024-04-24 13:00:00,103,1
2024-04-24 13:00:00,119,1
2024-04-24 13:00:00,130,1
2024-04-24 13:00:00,161,2
2024-04-24 13:00:00,168,1
2024-04-24 13:00:00,182,1
2024-04-24 13:00:00,193,1
2024-04-24 13:00:00,206,1
2024-04-24 13:00:00,218,1
2024-04-24 13:00:00,223,1
2024-04-24 13:00:00,243,1
2024-04-24 13:00:00,258,1
2024-04-24 14:00:00,6,1
2024-04-24 14:00:00,13,1
2024-04-24 14:00:00,20,1
2024-04-24 14:00:00,26,2
2024-04-24 14:00:00,31,1
2024-04-24 14:00:00,44,1
2024-04-24 14:00:00,77,1
2024-04-24 14:00:00,79,1
2024-04-24 14:00:00,83,1
2024-04-24 14:00:00,89,1
2024-04-24 14:00:00,90,1
2024-04-24 14:00:00,95,1
2024-04-24 14:00:00,100,1
2024-04-24 14:00:00,101,1
2024-04-24 14:00:00,115,1
2024-04-24 14:00:00,144,1
2024-04-24 14:00:00,158,1
2024-04-24 14:00:00,162,1
2024-04-24 14:00:00,169,1
2024-04-24 14:00:00,191,1
2024-04-24 14:00:00,211,1
2024-04-24 14:00:00,212,1
2024-04-24 14:00:00,217,1
2024-04-24 14:00:00,230,1
2024-04-24 14:00:00,232,1
2024-04-24 14:00:00,233,1
2024-04-24 14:00:00,255,1
2024-04-24 15:00:00,7,1
2024-04-24 15:00:00,12,2
2024-04-24 15:00:00,18,1
2024-04-24 15:00:00,36,1
2024-04-24 15:00:00,38,1
2024-04-24 15:00:00,57,1
2024-04-24 15:00:00,62,2
2024-04-24 15:00:00,79,1
2024-04-24 15:00:00,82,1
2024-04-24 15:00:00,84,1
2024-04-24 15:00:00,97,1
2024-04-24 15:00:00,100,1
2024-04-24 15:00:00,101,1
2024-04-24 15:00:00,117,1
2024-04-24 15:00:00,138,1
2024-04-24 15:00:00,139,1
2024-04-24 15:00:00,146,1
2024-04-24 15:00:00,157,1
2024-04-24 15:00:00,179,1
2024-04-24 15:00:00,202,1
2024-04-24 15:00:00,231,1
2024-04-24 15:00:00,243,1
2024-04-24 15:00:00,248,1
2024-04-24 15:00:00,250,1
2024-04-24 16:00:00,4,1
2024-04-24 16:00:00,22,1
2024-04-24 16:00:00,26,1
2024-04-24 16:00:00,30,1
2024-04-24 16:00:00,51,1
2024-04-24 16:00:00,69,1
2024-04-24 16:00:00,104,1
2024-04-24 16:00:00,106,2
2024-04-24 16:00:00,116,1
2024-04-24 16:00:00,145,1
2024-04-24 16:00:00,152,1
2024-04-24 16:00:00,155,1
2024-04-24 16:00:00,166,1
2024-04-24 16:00:00,182,1
2024-04-24 16:00:00,201,1
2024-04-24 16:00:00,216,1
2024-04-24 16:00:00,223,1
2024-04-24 16:00:00,242,1
2024-04-24 16:00:00,243,1
2024-04-24 17:00:00,7,1
2024-04-24 17:00:00,12,1
2024-04-24 17:00:00,19,1
2024-04-24 17:00:00,20,1
2024-04-24 17:00:00,24,1
2024-04-24 17:00:00,34,1
2024-04-24 17:00:00,39,1
2024-04-24 17:00:00,51,1
2024-04-24 17:00:00,60,1
2024-04-24 17:00:00,68,1
2024-04-24 17:00:00,74,1
2024-04-24 17:00:00,80,1
2024-04-24 17:00:00,82,1
2024-04-24 17:00:00,87,1
2024-04-24 17:00:00,105,1
2024-04-24 17:00:00,111,1
2024-04-24 17:00:00,119,1
2024-04-24 17:00:00,122,1
2024-04-24 17:00:00,129,1
2024-04-24 17:00:00,135,2
2024-04-24 17:00:00,178,1
2024-04-24 17:00:00,187,1
2024-04-24 17:00:00,203,1
2024-04-24 17:00:00,204,1
2024-04-24 17:00:00,209,1
2024-04-24 17:00:00,210,1
2024-04-24 17:00:00,212,1
2024-04-24 17:00:00,226,1
2024-04-24 17:00:00,244,1
2024-04-24 17:00:00,253,1
2024-04-24 17:00:00,259,1
2024-04-24 18:00:00,8,1
2024-04-24 18:00:00,28,1
2024-04-24 18:00:00,31,1
2024-04-24 18:00:00,52,1
2024-04-24 18:00:00,59,1
2024-04-24 18:00:00,70,1
2024-04-24 18:00:00,72,1
2024-04-24 18:00:00,87,1
2024-04-24 18:00:00,94,1
2024-04-24 18:00:00,106,1
2024-04-24 18:00:00,138,2
2024-04-24 18:00:00,159,1
2024-04-24 18:00:00,165,1
2024-04-24 18:00:00,169,1
2024-04-24 18:00:00,174,1
2024-04-24 18:00:00,189,1
2024-04-24 18:00:00,190,1
2024-04-24 18:00:00,195,1
2024-04-24 18:00:00,199,1
2024-04-24 18:00:00,228,1
2024-04-24 18:00:00,231,1
2024-04-24 18:00:00,235,1
2024-04-24 18:00:00,239,1
2024-04-24 18:00:00,242,1
2024-04-24 18:00:00,253,1
2024-04-24 18:00:00,255,1
2024-04-24 18:00:00,259,1
2024-04-24 19:00:00,11,1
2024-04-24 19:00:00,14,1
2024-04-24 19:00:00,16,1
2024-04-24 19:00:00,24,1
2024-04-24 19:00:00,35,1
2024-04-24 19:00:00,52,1
2024-04-24 19:00:00,57,1
2024-04-24 19:00:00,68,1
2024-04-24 19:00:00,81,1
2024-04-24 19:00:00,99,1
2024-04-24 19:00:00,103,1
2024-04-24 19:00:00,104,1
2024-04-24 19:00:00,128,1
2024-04-24 19:00:00,132,1
2024-04-24 19:00:00,171,1
2024-04-24 19:00:00,198,1
2024-04-24 19:00:00,199,1
2024-04-24 19:00:00,209,1
2024-04-24 19:00:00,231,1
2024-04-24 19:00:00,236,1
2024-04-24 19:00:00,238,1
2024-04-24 19:00:00,246,2
2024-04-24 19:00:00,250,1
2024-04-24 20:00:00,3,1
2024-04-24 20:00:00,38,1
2024-04-24 20:00:00,56,1
2024-04-24 20:00:00,73,2
2024-04-24 20:00:00,77,2
2024-04-24 20:00:00,87,1
2024-04-24 20:00:00,93,1
2024-04-24 20:00:00,98,1
2024-04-24 20:00:00,100,1
2024-04-24 20:00:00,106,1
2024-04-24 20:00:00,110,1
2024-04-24 20:00:00,134,1
2024-04-24 20:00:00,135,1
2024-04-24 20:00:00,146,1
2024-04-24 20:00:00,149,1
2024-04-24 20:00:00,160,1
2024-04-24 20:00:00,163,1
2024-04-24 20:00:00,164,1
2024-04-24 20:00:00,186,1
2024-04-24 20:00:00,204,1
2024-04-24 20:00:00,219,1
2024-04-24 20:00:00,248,1
2024-04-24 20:00:00,263,1
2024-04-24 21:00:00,23,1
2024-04-24 21:00:00,25,1
2024-04-24 21:00:00,28,1
2024-04-24 21:00:00,36,1
2024-04-24 21:00:00,43,1
2024-04-24 21:00:00,62,1
2024-04-24 21:00:00,89,2
2024-04-24 21:00:00,92,1
2024-04-24 21:00:00,101,1
2024-04-24 21:00:00,106,1
2024-04-24 21:00:00,123,1
2024-04-24 21:00:00,130,2
2024-04-24 21:00:00,140,1
2024-04-24 21:00:00,143,1
2024-04-24 21:00:00,149,1
2024-04-24 21:00:00,174,1
2024-04-24 21:00:00,203,1
2024-04-24 21:00:00,212,1
2024-04-24 21:00:00,214,1
2024-04-24 21:00:00,215,1
2024-04-24 21:00:00,240,1
2024-04-24 21:00:00,244,1
2024-04-24 21:00:00,255,1
2024-04-24 21:00:00,258,1
2024-04-24 22:00:00,9,1
2024-04-24 22:00:00,14,1
2024-04-24 22:00:00,30,1
2024-04-24 22:00:00,32,1
2024-04-24 22:00:00,48,1
2024-04-24 22:00:00,82,1
2024-04-24 22:00:00,83,2
2024-04-24 22:00:00,86,1
2024-04-24 22:00:00,96,1
2024-04-24 22:00:00,102,1
2024-04-24 22:00:00,117,1
2024-04-24 22:00:00,119,1
2024-04-24 22:00:00,125,1
2024-04-24 22:00:00,127,1
2024-04-24 22:00:00,154,1
2024-04-24 22:00:00,157,1
2024-04-24 22:00:00,159,1
2024-04-24 22:00:00,160,1
2024-04-24 22:00:00,179,1
2024-04-24 22:00:00,194,2
2024-04-24 22:00:00,202,1
2024-04-24 22:00:00,210,1
2024-04-24 22:00:00,233,1
2024-04-24 22:00:00,249,1
2024-04-24 22:00:00,254,1
2024-04-24 22:00:00,261,1
2024-04-24 23:00:00,48,1
2024-04-24 23:00:00,51,1
2024-04-24 23:00:00,68,1
2024-04-24 23:00:00,69,1
2024-04-24 23:00:00,78,1
2024-04-24 23:00:00,80,1
2024-04-24 23:00:00,84,2
2024-04-24 23:00:00,92,1
2024-04-24 23:00:00,129,1
2024-04-24 23:00:00,135,1
2024-04-24 23:00:00,186,1
2024-04-24 23:00:00,192,1
2024-04-24 23:00:00,206,1
2024-04-24 23:00:00,207,1
2024-04-24 23:00:00,212,1
2024-04-24 23:00:00,236,1
2024-04-24 23:00:00,238,2
2024-04-24 23:00:00,242,1
2024-04-24 23:00:00,254,1
2024-04-25 00:00:00,18,1
2024-04-25 00:00:00,26,1
2024-04-25 00:00:00,29,1
2024-04-25 00:00:00,41,1
2024-04-25 00:00:00,44,1
2024-04-25 00:00:00,47,1
2024-04-25 00:00:00,50,1
2024-04-25 00:00:00,56,1
2024-04-25 00:00:00,64,1
2024-04-25 00:00:00,70,1
2024-04-25 00:00:00,71,1
2024-04-25 00:00:00,76,1
2024-04-25 00:00:00,88,1
2024-04-25 00:00:00,95,1
2024-04-25 00:00:00,96,1
2024-04-25 00:00:00,104,1
2024-04-25 00:00:00,116,1
2024-04-25 00:00:00,118,1
2024-04-25 00:00:00,122,1
2024-04-25 00:00:00,128,1
2024-04-25 00:00:00,146,1
2024-04-25 00:00:00,147,1
2024-04-25 00:00:00,164,1
2024-04-25 00:00:00,169,1
2024-04-25 00:00:00,195,1
2024-04-25 00:00:00,205,1
2024-04-25 00:00:00,216,1
2024-04-25 00:00:00,218,1
2024-04-25 00:00:00,221,2
2024-04-25 00:00:00,223,1
2024-04-25 00:00:00,235,1
2024-04-25 01:00:00,27,1
2024-04-25 01:00:00,42,1
2024-04-25 01:00:00,51,1
2024-04-25 01:00:00,74,1
2024-04-25 01:00:00,80,1
2024-04-25 01:00:00,82,2
2024-04-25 01:00:00,108,1
2024-04-25 01:00:00,123,1
2024-04-25 01:00:00,135,1
2024-04-25 01:00:00,139,1
2024-04-25 01:00:00,143,1
2024-04-25 01:00:00,166,1
2024-04-25 01:00:00,172,1
2024-04-25 01:00:00,193,1
2024-04-25 01:00:00,217,1
2024-04-25 01:00:00,225,1
2024-04-25 01:00:00,227,1
2024-04-25 01:00:00,229,1
2024-04-25 01:00:00,244,1
2024-04-25 02:00:00,9,1
2024-04-25 02:00:00,15,1
2024-04-25 02:00:00,17,1
2024-04-25 02:00:00,27,1
2024-04-25 02:00:00,31,1
2024-04-25 02:00:00,54,1
2024-04-25 02:00:00,63,1
2024-04-25 02:00:00,70,1
2024-04-25 02:00:00,78,1
2024-04-25 02:00:00,79,1
2024-04-25 02:00:00,81,1
2024-04-25 02:00:00,84,1
2024-04-25 02:00:00,85,1
2024-04-25 02:00:00,93,1
2024-04-25 02:00:00,101,1
2024-04-25 02:00:00,107,1
2024-04-25 02:00:00,112,1
2024-04-25 02:00:00,113,1
2024-04-25 02:00:00,167,1
2024-04-25 02:00:00,178,1
2024-04-25 02:00:00,187,1
2024-04-25 02:00:00,210,1
2024-04-25 02:00:00,230,1
2024-04-25 02:00:00,233,1
2024-04-25 02:00:00,235,1
2024-04-25 02:00:00,240,1
2024-04-25 02:00:00,243,1
2024-04-25 02:00:00,247,1
2024-04-25 02:00:00,259,1
2024-04-25 03:00:00,16,1
2024-04-25 03:00:00,26,1
2024-04-25 03:00:00,29,1
2024-04-25 03:00:00,38,1
2024-04-25 03:00:00,91,1
2024-04-25 03:00:00,92,1
2024-04-25 03:00:00,93,2
2024-04-25 03:00:00,94,1
2024-04-25 03:00:00,116,1
2024-04-25 03:00:00,118,1
2024-04-25 03:00:00,132,1
2024-04-25 03:00:00,138,1
2024-04-25 03:00:00,143,1
2024-04-25 03:00:00,147,1
2024-04-25 03:00:00,157,1
2024-04-25 03:00:00,166,1
2024-04-25 03:00:00,183,1
2024-04-25 03:00:00,189,1
2024-04-25 03:00:00,190,1
2024-04-25 03:00:00,223,1
2024-04-25 03:00:00,227,1
2024-04-25 03:00:00,251,1
2024-04-25 03:00:00,263,1
2024-04-25 04:00:00,28,1
2024-04-25 04:00:00,33,1
2024-04-25 04:00:00,36,1
2024-04-25 04:00:00,41,1
2024-04-25 04:00:00,47,1
2024-04-25 04:00:00,63,1
2024-04-25 04:00:00,66,1
2024-04-25 04:00:00,67,1
2024-04-25 04:00:00,95,1
2024-04-25 04:00:00,97,1
2024-04-25 04:00:00,106,1
2024-04-25 04:00:00,133,1
2024-04-25 04:00:00,144,1
2024-04-25 04:00:00,145,2
2024-04-25 04:00:00,146,1
2024-04-25 04:00:00,151,2
2024-04-25 04:00:00,175,1
2024-04-25 04:00:00,179,1
2024-04-25 04:00:00,188,1
2024-04-25 04:00:00,194,1
2024-04-25 04:00:00,198,1
2024-04-25 04:00:00,201,1
2024-04-25 04:00:00,203,1
2024-04-25 04:00:00,204,1
2024-04-25 04:00:00,210,1
2024-04-25 04:00:00,215,1
2024-04-25 04:00:00,225,2
2024-04-25 04:00:00,229,1
2024-04-25 04:00:00,233,1
2024-04-25 04:00:00,244,1
2024-04-25 04:00:00,248,1
2024-04-25 04:00:00,249,1
2024-04-25 04:00:00,252,1
2024-04-25 04:00:00,258,1
2024-04-25 04:00:00,261,1
2024-04-25 04:00:00,263,1
2024-04-25 05:00:00,5,1
2024-04-25 05:00:00,14,1
2024-04-25 05:00:00,34,1
2024-04-25 05:00:00,37,1
2024-04-25 05:00:00,42,1
2024-04-25 05:00:00,59,1
2024-04-25 05:00:00,76,1
2024-04-25 05:00:00,77,1
2024-04-25 05:00:00,78,1
2024-04-25 05:00:00,105,1
2024-04-25 05:00:00,133,1
2024-04-25 05:00:00,134,1
2024-04-25 05:00:00,143,1
2024-04-25 05:00:00,149,1
2024-04-25 05:00:00,151,1
2024-04-25 05:00:00,162,1
2024-04-25 05:00:00,178,1
2024-04-25 05:00:00,185,1
2024-04-25 05:00:00,190,1
2024-04-25 05:00:00,204,2
2024-04-25 05:00:00,208,1
2024-04-25 05:00:00,215,1
2024-04-25 05:00:00,217,1
2024-04-25 05:00:00,230,1
2024-04-25 05:00:00,246,1
2024-04-25 05:00:00,252,1
2024-04-25 05:00:00,255,1
2024-04-25 06:00:00,13,2
2024-04-25 06:00:00,27,1
2024-04-25 06:00:00,28,1
2024-04-25 06:00:00,29,1
2024-04-25 06:00:00,35,1
2024-04-25 06:00:00,47,1
2024-04-25 06:00:00,80,1
2024-04-25 06:00:00,100,1
2024-04-25 06:00:00,103,1
2024-04-25 06:00:00,119,1
2024-04-25 06:00:00,130,1
2024-04-25 06:00:00,132,1
2024-04-25 06:00:00,140,1
2024-04-25 06:00:00,148,1
2024-04-25 06:00:00,150,1
2024-04-25 06:00:00,170,1
2024-04-25 06:00:00,174,1
2024-04-25 06:00:00,187,1
2024-04-25 06:00:00,193,1
2024-04-25 06:00:00,207,1
2024-04-25 06:00:00,211,1
2024-04-25 06:00:00,212,1
2024-04-25 06:00:00,233,1
2024-04-25 06:00:00,234,1
2024-04-25 06:00:00,244,1
2024-04-25 06:00:00,248,1
2024-04-25 06:00:00,256,1
2024-04-25 06:00:00,258,1
2024-04-25 07:00:00,3,1
2024-04-25 07:00:00,8,1
2024-04-25 07:00:00,10,1
2024-04-25 07:00:00,23,1
2024-04-25 07:00:00,24,1
2024-04-25 07:00:00,27,1
2024-04-25 07:00:00,35,1
2024-04-25 07:00:00,42,1
2024-04-25 07:00:00,45,1
2024-04-25 07:00:00,59,1
2024-04-25 07:00:00,61,1
2024-04-25 07:00:00,62,1
2024-04-25 07:00:00,77,1
2024-04-25 07:00:00,107,1
2024-04-25 07:00:00,116,1
2024-04-25 07:00:00,146,1
2024-04-25 07:00:00,147,1
2024-04-25 07:00:00,160,1
2024-04-25 07:00:00,202,1
2024-04-25 07:00:00,207,1
2024-04-25 07:00:00,209,1
2024-04-25 07:00:00,222,1
2024-04-25 07:00:00,229,1
2024-04-25 08:00:00,4,1
2024-04-25 08:00:00,29,1
2024-04-25 08:00:00,34,1
2024-04-25 08:00:00,43,1
2024-04-25 08:00:00,46,1
2024-04-25 08:00:00,54,1
2024-04-25 08:00:00,76,1
2024-04-25 08:00:00,102,1
2024-04-25 08:00:00,109,1
2024-04-25 08:00:00,117,1
2024-04-25 08:00:00,137,1
2024-04-25 08:00:00,148,1
2024-04-25 08:00:00,156,1
2024-04-25 08:00:00,159,1
2024-04-25 08:00:00,169,1
2024-04-25 08:00:00,174,1
2024-04-25 08:00:00,183,1
2024-04-25 08:00:00,203,1
2024-04-25 08:00:00,259,1
2024-04-25 09:00:00,9,1
2024-04-25 09:00:00,12,1
2024-04-25 09:00:00,17,1
2024-04-25 09:00:00,18,1
2024-04-25 09:00:00,35,1
2024-04-25 09:00:00,53,1
2024-04-25 09:00:00,56,1
2024-04-25 09:00:00,70,1
2024-04-25 09:00:00,81,1
2024-04-25 09:00:00,107,1
2024-04-25 09:00:00,111,1
2024-04-25 09:00:00,121,1
2024-04-25 09:00:00,138,1
2024-04-25 09:00:00,149,1
2024-04-25 09:00:00,151,1
2024-04-25 09:00:00,153,1
2024-04-25 09:00:00,156,1
2024-04-25 09:00:00,160,1
2024-04-25 09:00:00,161,1
2024-04-25 09:00:00,164,1
2024-04-25 09:00:00,178,1
2024-04-25 09:00:00,199,1
2024-04-25 09:00:00,200,1
2024-04-25 09:00:00,201,1
2024-04-25 09:00:00,230,1
2024-04-25 09:00:00,231,1
2024-04-25 09:00:00,237,1
2024-04-25 09:00:00,244,1
2024-04-25 09:00:00,248,2
2024-04-25 10:00:00,19,1
2024-04-25 10:00:00,36,1
2024-04-25 10:00:00,38,1
2024-04-25 10:00:00,68,1
2024-04-25 10:00:00,73,1
2024-04-25 10:00:00,85,1
2024-04-25 10:00:00,109,1
2024-04-25 10:00:00,111,1
2024-04-25 10:00:00,120,1
2024-04-25 10:00:00,122,1
2024-04-25 10:00:00,127,1
2024-04-25 10:00:00,138,1
2024-04-25 10:00:00,146,1
2024-04-25 10:00:00,148,1
2024-04-25 10:00:00,171,1
2024-04-25 10:00:00,176,1
2024-04-25 10:00:00,181,1
2024-04-25 10:00:00,182,1
2024-04-25 10:00:00,222,1
2024-04-25 10:00:00,232,1
2024-04-25 10:00:00,238,1
2024-04-25 11:00:00,4,1
2024-04-25 11:00:00,10,1
2024-04-25 11:00:00,17,1
2024-04-25 11:00:00,20,1
2024-04-25 11:00:00,39,1
2024-04-25 11:00:00,69,1
2024-04-25 11:00:00,72,1
2024-04-25 11:00:00,104,1
2024-04-25 11:00:00,108,1
2024-04-25 11:00:00,121,1
2024-04-25 11:00:00,125,1
2024-04-25 11:00:00,127,1
2024-04-25 11:00:00,132,1
2024-04-25 11:00:00,141,1
2024-04-25 11:00:00,147,1
2024-04-25 11:00:00,160,1
2024-04-25 11:00:00,162,1
2024-04-25 11:00:00,170,1
2024-04-25 11:00:00,172,1
2024-04-25 11:00:00,174,2
2024-04-25 11:00:00,188,1
2024-04-25 11:00:00,191,1
2024-04-25 11:00:00,197,1
2024-04-25 11:00:00,207,1
2024-04-25 11:00:00,214,1
2024-04-25 11:00:00,226,1
2024-04-25 11:00:00,227,1
2024-04-25 11:00:00,232,1
2024-04-25 11:00:00,243,1
2024-04-25 11:00:00,254,2
2024-04-25 11:00:00,261,1
2024-04-25 12:00:00,5,1
2024-04-25 12:00:00,63,1
2024-04-25 12:00:00,66,2
2024-04-25 12:00:00,79,1
2024-04-25 12:00:00,88,1
2024-04-25 12:00:00,96,1
2024-04-25 12:00:00,101,1
2024-04-25 12:00:00,117,1
2024-04-25 12:00:00,119,1
2024-04-25 12:00:00,122,1
2024-04-25 12:00:00,124,1
2024-04-25 12:00:00,140,1
2024-04-25 12:00:00,148,1
2024-04-25 12:00:00,150,1
2024-04-25 12:00:00,151,1
2024-04-25 12:00:00,162,2
2024-04-25 12:00:00,169,1
2024-04-25 12:00:00,175,1
2024-04-25 12:00:00,181,1
2024-04-25 12:00:00,182,1
2024-04-25 12:00:00,198,1
2024-04-25 12:00:00,199,1
2024-04-25 12:00:00,208,1
2024-04-25 12:00:00,233,1
2024-04-25 12:00:00,240,1
2024-04-25 12:00:00,255,1
2024-04-25 13:00:00,5,1
2024-04-25 13:00:00,22,1
2024-04-25 13:00:00,28,1
2024-04-25 13:00:00,32,1
2024-04-25 13:00:00,40,1
2024-04-25 13:00:00,52,1
2024-04-25 13:00:00,71,1
2024-04-25 13:00:00,75,1
2024-04-25 13:00:00,77,1
2024-04-25 13:00:00,91,1
2024-04-25 13:00:00,119,2
2024-04-25 13:00:00,129,1
2024-04-25 13:00:00,137,1
2024-04-25 13:00:00,149,1
2024-04-25 13:00:00,162,2
2024-04-25 13:00:00,165,1
2024-04-25 13:00:00,177,1
2024-04-25 13:00:00,184,1
2024-04-25 13:00:00,190,1
2024-04-25 13:00:00,202,1
2024-04-25 13:00:00,210,1
2024-04-25 13:00:00,214,1
2024-04-25 13:00:00,215,1
2024-04-25 13:00:00,245,1
2024-04-25 13:00:00,248,1
2024-04-25 13:00:00,254,1
2024-04-25 13:00:00,256,1
2024-04-25 13:00:00,259,1
2024-04-25 14:00:00,11,1
2024-04-25 14:00:00,15,1
2024-04-25 14:00:00,18,1
2024-04-25 14:00:00,31,1
2024-04-25 14:00:00,33,1
2024-04-25 14:00:00,34,1
2024-04-25 14:00:00,46,1
2024-04-25 14:00:00,55,1
2024-04-25 14:00:00,69,1
2024-04-25 14:00:00,72,1
2024-04-25 14:00:00,87,1
2024-04-25 14:00:00,96,1
2024-04-25 14:00:00,116,1
2024-04-25 14:00:00,118,1
2024-04-25 14:00:00,130,1
2024-04-25 14:00:00,142,1
2024-04-25 14:00:00,151,1
2024-04-25 14:00:00,153,1
2024-04-25 14:00:00,159,1
2024-04-25 14:00:00,175,1
2024-04-25 14:00:00,180,1
2024-04-25 14:00:00,192,1
2024-04-25 14:00:00,194,1
2024-04-25 14:00:00,217,1
2024-04-25 14:00:00,218,1
2024-04-25 14:00:00,223,2
2024-04-25 14:00:00,224,1
2024-04-25 14:00:00,226,2
2024-04-25 14:00:00,232,1
2024-04-25 14:00:00,249,1
2024-04-25 15:00:00,4,1
2024-04-25 15:00:00,19,1
2024-04-25 15:00:00,33,1
2024-04-25 15:00:00,34,1
2024-04-25 15:00:00,35,1
2024-04-25 15:00:00,42,1
2024-04-25 15:00:00,47,1
2024-04-25 15:00:00,56,1
2024-04-25 15:00:00,71,2
2024-04-25 15:00:00,72,1
2024-04-25 15:00:00,96,1
2024-04-25 15:00:00,124,1
2024-04-25 15:00:00,147,1
2024-04-25 15:00:00,151,1
2024-04-25 15:00:00,154,1
2024-04-25 15:00:00,171,1
2024-04-25 15:00:00,184,1
2024-04-25 15:00:00,205,1
2024-04-25 15:00:00,208,1
2024-04-25 15:00:00,224,1
2024-04-25 15:00:00,243,1
2024-04-25 15:00:00,258,2
2024-04-25 15:00:00,261,1
2024-04-25 16:00:00,5,1
2024-04-25 16:00:00,24,1
2024-04-25 16:00:00,27,1
2024-04-25 16:00:00,29,1
2024-04-25 16:00:00,41,1
2024-04-25 16:00:00,47,1
2024-04-25 16:00:00,63,1
2024-04-25 16:00:00,73,1
2024-04-25 16:00:00,82,1
2024-04-25 16:00:00,92,1
2024-04-25 16:00:00,95,1
2024-04-25 16:00:00,105,1
2024-04-25 16:00:00,127,1
2024-04-25 16:00:00,153,1
2024-04-25 16:00:00,167,1
2024-04-25 16:00:00,177,1
2024-04-25 16:00:00,185,1
2024-04-25 16:00:00,191,1
2024-04-25 16:00:00,198,1
2024-04-25 16:00:00,222,1
2024-04-25 16:00:00,231,1
2024-04-25 16:00:00,247,1
2024-04-25 16:00:00,254,1
2024-04-25 16:00:00,257,1
2024-04-25 17:00:00,71,1
2024-04-25 17:00:00,94,2
2024-04-25 17:00:00,101,1
2024-04-25 17:00:00,110,1
2024-04-25 17:00:00,116,1
2024-04-25 17:00:00,118,1
2024-04-25 17:00:00,121,1
2024-04-25 17:00:00,127,1
2024-04-25 17:00:00,131,1
2024-04-25 17:00:00,142,1
2024-04-25 17:00:00,143,1
2024-04-25 17:00:00,154,1
2024-04-25 17:00:00,155,1
2024-04-25 17:00:00,166,1
2024-04-25 17:00:00,179,1
2024-04-25 17:00:00,188,1
2024-04-25 17:00:00,190,1
2024-04-25 17:00:00,191,1
2024-04-25 17:00:00,200,1
2024-04-25 17:00:00,222,1
2024-04-25 17:00:00,252,1
2024-04-25 18:00:00,2,1
2024-04-25 18:00:00,6,1
2024-04-25 18:00:00,9,1
2024-04-25 18:00:00,35,1
2024-04-25 18:00:00,44,1
2024-04-25 18:00:00,70,1
2024-04-25 18:00:00,76,1
2024-04-25 18:00:00,93,2
2024-04-25 18:00:00,125,1
2024-04-25 18:00:00,127,1
2024-04-25 18:00:00,142,1
2024-04-25 18:00:00,146,1
2024-04-25 18:00:00,151,1
2024-04-25 18:00:00,156,1
2024-04-25 18:00:00,162,1
2024-04-25 18:00:00,171,1
2024-04-25 18:00:00,175,1
2024-04-25 18:00:00,188,1
2024-04-25 18:00:00,193,1
2024-04-25 18:00:00,197,1
2024-04-25 18:00:00,206,1
2024-04-25 18:00:00,227,1
2024-04-25 18:00:00,234,1
2024-04-25 18:00:00,235,1
2024-04-25 18:00:00,236,1
2024-04-25 18:00:00,240,1
2024-04-25 18:00:00,248,1
2024-04-25 19:00:00,11,1
2024-04-25 19:00:00,12,1
2024-04-25 19:00:00,13,1
2024-04-25 19:00:00,15,1
2024-04-25 19:00:00,18,1
2024-04-25 19:00:00,19,1
2024-04-25 19:00:00,29,1
2024-04-25 19:00:00,34,1
2024-04-25 19:00:00,40,1
2024-04-25 19:00:00,46,1
2024-04-25 19:00:00,71,1
2024-04-25 19:00:00,89,1
2024-04-25 19:00:00,101,1
2024-04-25 19:00:00,108,1
2024-04-25 19:00:00,111,1
2024-04-25 19:00:00,112,1
2024-04-25 19:00:00,119,3
2024-04-25 19:00:00,132,1
2024-04-25 19:00:00,140,1
2024-04-25 19:00:00,150,1
2024-04-25 19:00:00,162,1
2024-04-25 19:00:00,170,1
2024-04-25 19:00:00,174,1
2024-04-25 19:00:00,179,2
2024-04-25 19:00:00,185,1
2024-04-25 19:00:00,193,1
2024-04-25 19:00:00,203,1
2024-04-25 19:00:00,205,1
2024-04-25 19:00:00,212,1
2024-04-25 19:00:00,223,1
2024-04-25 19:00:00,226,1
2024-04-25 19:00:00,232,1
2024-04-25 19:00:00,234,1
2024-04-25 19:00:00,245,1
2024-04-25 19:00:00,247,1
2024-04-25 19:00:00,261,1
2024-04-25 20:00:00,9,2
2024-04-25 20:00:00,22,1
2024-04-25 20:00:00,34,1
2024-04-25 20:00:00,47,2
2024-04-25 20:00:00,51,1
2024-04-25 20:00:00,56,1
2024-04-25 20:00:00,58,1
2024-04-25 20:00:00,64,1
2024-04-25 20:00:00,68,1
2024-04-25 20:00:00,74,1
2024-04-25 20:00:00,84,1
2024-04-25 20:00:00,85,1
2024-04-25 20:00:00,93,1
2024-04-25 20:00:00,95,1
2024-04-25 20:00:00,97,1
2024-04-25 20:00:00,101,1
2024-04-25 20:00:00,110,1
2024-04-25 20:00:00,129,1
2024-04-25 20:00:00,135,1
2024-04-25 20:00:00,138,1
2024-04-25 20:00:00,139,1
2024-04-25 20:00:00,141,1
2024-04-25 20:00:00,146,1
2024-04-25 20:00:00,149,1
2024-04-25 20:00:00,154,1
2024-04-25 20:00:00,161,1
2024-04-25 20:00:00,162,1
2024-04-25 20:00:00,169,1
2024-04-25 20:00:00,174,1
2024-04-25 20:00:00,176,1
2024-04-25 20:00:00,186,1
2024-04-25 20:00:00,189,1
2024-04-25 20:00:00,239,1
2024-04-25 20:00:00,243,1
2024-04-25 20:00:00,244,1
2024-04-25 20:00:00,259,1
2024-04-25 21:00:00,13,1
2024-04-25 21:00:00,27,1
2024-04-25 21:00:00,32,1
2024-04-25 21:00:00,47,1
2024-04-25 21:00:00,52,1
2024-04-25 21:00:00,54,1
2024-04-25 21:00:00,57,1
2024-04-25 21:00:00,64,1
2024-04-25 21:00:00,76,1
2024-04-25 21:00:00,105,1
2024-04-25 21:00:00,109,1
2024-04-25 21:00:00,110,1
2024-04-25 21:00:00,115,1
2024-04-25 21:00:00,122,1
2024-04-25 21:00:00,129,1
2024-04-25 21:00:00,131,1
2024-04-25 21:00:00,156,1
2024-04-25 21:00:00,167,1
2024-04-25 21:00:00,179,1
2024-04-25 21:00:00,181,1
2024-04-25 21:00:00,192,1
2024-04-25 21:00:00,194,1
2024-04-25 22:00:00,4,1
2024-04-25 22:00:00,7,1
2024-04-25 22:00:00,10,1
2024-04-25 22:00:00,17,1
2024-04-25 22:00:00,31,1
2024-04-25 22:00:00,37,1
2024-04-25 22:00:00,40,1
2024-04-25 22:00:00,52,1
2024-04-25 22:00:00,60,1
2024-04-25 22:00:00,63,1
2024-04-25 22:00:00,67,1
2024-04-25 22:00:00,71,1
2024-04-25 22:00:00,72,1
2024-04-25 22:00:00,93,1
2024-04-25 22:00:00,104,1
2024-04-25 22:00:00,116,1
2024-04-25 22:00:00,120,1
2024-04-25 22:00:00,133,1
2024-04-25 22:00:00,135,1
2024-04-25 22:00:00,164,1
2024-04-25 22:00:00,169,1
2024-04-25 22:00:00,173,1
2024-04-25 22:00:00,187,1
2024-04-25 22:00:00,195,1
2024-04-25 22:00:00,215,1
2024-04-25 22:00:00,230,1
2024-04-25 22:00:00,233,1
2024-04-25 22:00:00,236,1
2024-04-25 22:00:00,237,1
2024-04-25 22:00:00,242,1
2024-04-25 22:00:00,260,1
2024-04-25 23:00:00,6,1
2024-04-25 23:00:00,10,1
2024-04-25 23:00:00,15,1
2024-04-25 23:00:00,40,1
2024-04-25 23:00:00,71,1
2024-04-25 23:00:00,73,1
2024-04-25 23:00:00,76,1
2024-04-25 23:00:00,77,1
2024-04-25 23:00:00,81,1
2024-04-25 23:00:00,82,1
2024-04-25 23:00:00,91,1
2024-04-25 23:00:00,96,1
2024-04-25 23:00:00,99,1
2024-04-25 23:00:00,101,1
2024-04-25 23:00:00,102,1
2024-04-25 23:00:00,113,1
2024-04-25 23:00:00,115,1
2024-04-25 23:00:00,128,1
2024-04-25 23:00:00,142,1
2024-04-25 23:00:00,149,1
2024-04-25 23:00:00,192,1
2024-04-25 23:00:00,203,1
2024-04-25 23:00:00,206,1
2024-04-25 23:00:00,210,1
2024-04-25 23:00:00,221,1
2024-04-25 23:00:00,225,1
2024-04-25 23:00:00,242,1
2024-04-26 00:00:00,10,1
2024-04-26 00:00:00,11,1
2024-04-26 00:00:00,12,1
2024-04-26 00:00:00,14,1
2024-04-26 00:00:00,33,1
2024-04-26 00:00:00,48,1
2024-04-26 00:00:00,59,1
2024-04-26 00:00:00,66,1
2024-04-26 00:00:00,68,1
2024-04-26 00:00:00,74,1
2024-04-26 00:00:00,76,1
2024-04-26 00:00:00,100,1
2024-04-26 00:00:00,114,1
2024-04-26 00:00:00,116,1
2024-04-26 00:00:00,126,2
2024-04-26 00:00:00,127,1
2024-04-26 00:00:00,136,1
2024-04-26 00:00:00,145,1
2024-04-26 00:00:00,147,1
2024-04-26 00:00:00,156,1
2024-04-26 00:00:00,164,1
2024-04-26 00:00:00,165,1
2024-04-26 00:00:00,168,1
2024-04-26 00:00:00,170,1
2024-04-26 00:00:00,173,1
2024-04-26 00:00:00,177,1
2024-04-26 00:00:00,181,1
2024-04-26 00:00:00,185,1
2024-04-26 00:00:00,199,1
2024-04-26 00:00:00,202,1
2024-04-26 00:00:00,258,1
2024-04-26 00:00:00,263,1
2024-04-26 01:00:00,14,1
2024-04-26 01:00:00,16,1
2024-04-26 01:00:00,47,1
2024-04-26 01:00:00,51,1
2024-04-26 01:00:00,69,1
2024-04-26 01:00:00,85,1
2024-04-26 01:00:00,87,1
2024-04-26 01:00:00,115,1
2024-04-26 01:00:00,119,1
2024-04-26 01:00:00,123,2
2024-04-26 01:00:00,132,1
2024-04-26 01:00:00,145,1
2024-04-26 01:00:00,176,1
2024-04-26 01:00:00,189,1
2024-04-26 01:00:00,191,1
2024-04-26 01:00:00,199,1
2024-04-26 01:00:00,206,1
2024-04-26 01:00:00,211,1
2024-04-26 01:00:00,212,1
2024-04-26 01:00:00,219,1
2024-04-26 01:00:00,220,1
2024-04-26 01:00:00,228,1
2024-04-26 01:00:00,239,1
2024-04-26 01:00:00,242,2
2024-04-26 01:00:00,243,1
2024-04-26 01:00:00,251,1
2024-04-26 01:00:00,252,1
2024-04-26 02:00:00,5,1
2024-04-26 02:00:00,12,1
2024-04-26 02:00:00,70,1
2024-04-26 02:00:00,83,1
2024-04-26 02:00:00,85,1
2024-04-26 02:00:00,86,1
2024-04-26 02:00:00,90,1
2024-04-26 02:00:00,127,1
2024-04-26 02:00:00,133,1
2024-04-26 02:00:00,144,1
2024-04-26 02:00:00,147,1
2024-04-26 02:00:00,150,1
2024-04-26 02:00:00,152,1
2024-04-26 02:00:00,154,1
2024-04-26 02:00:00,161,1
2024-04-26 02:00:00,172,1
2024-04-26 02:00:00,196,1
2024-04-26 02:00:00,203,1
2024-04-26 02:00:00,213,1
2024-04-26 02:00:00,233,2
2024-04-26 02:00:00,244,1
2024-04-26 02:00:00,255,1
2024-04-26 02:00:00,260,1
2024-04-26 03:00:00,63,1
2024-04-26 03:00:00,64,1
2024-04-26 03:00:00,71,1
2024-04-26 03:00:00,75,1
2024-04-26 03:00:00,76,1
2024-04-26 03:00:00,134,1
2024-04-26 03:00:00,142,1
2024-04-26 03:00:00,149,1
2024-04-26 03:00:00,185,1
2024-04-26 03:00:00,193,1
2024-04-26 03:00:00,214,1
2024-04-26 03:00:00,221,1
2024-04-26 03:00:00,233,1
2024-04-26 03:00:00,252,1
2024-04-26 03:00:00,256,1
2024-04-26 04:00:00,12,1
2024-04-26 04:00:00,27,1
2024-04-26 04:00:00,28,1
2024-04-26 04:00:00,72,1
2024-04-26 04:00:00,103,1
2024-04-26 04:00:00,104,1
2024-04-26 04:00:00,109,1
2024-04-26 04:00:00,120,1
2024-04-26 04:00:00,126,1
2024-04-26 04:00:00,149,1
2024-04-26 04:00:00,155,2
2024-04-26 04:00:00,156,1
2024-04-26 04:00:00,161,1
2024-04-26 04:00:00,167,1
2024-04-26 04:00:00,169,1
2024-04-26 04:00:00,236,1
2024-04-26 04:00:00,262,1
2024-04-26 05:00:00,2,1
2024-04-26 05:00:00,13,1
2024-04-26 05:00:00,57,1
2024-04-26 05:00:00,59,1
2024-04-26 05:00:00,67,1
2024-04-26 05:00:00,81,1
2024-04-26 05:00:00,85,1
2024-04-26 05:00:00,95,2
2024-04-26 05:00:00,106,1
2024-04-26 05:00:00,122,1
2024-04-26 05:00:00,126,1
2024-04-26 05:00:00,131,1
2024-04-26 05:00:00,166,1
2024-04-26 05:00:00,167,1
2024-04-26 05:00:00,168,1
2024-04-26 05:00:00,178,1
2024-04-26 05:00:00,196,1
2024-04-26 05:00:00,209,1
2024-04-26 05:00:00,221,1
2024-04-26 05:00:00,239,1
2024-04-26 05:00:00,253,1
2024-04-26 05:00:00,260,1
2024-04-26 06:00:00,6,1
2024-04-26 06:00:00,14,1
2024-04-26 06:00:00,24,1
2024-04-26 06:00:00,26,1
2024-04-26 06:00:00,34,1
2024-04-26 06:00:00,38,1
2024-04-26 06:00:00,44,1
2024-04-26 06:00:00,50,1
2024-04-26 06:00:00,63,1
2024-04-26 06:00:00,66,1
2024-04-26 06:00:00,72,1
2024-04-26 06:00:00,77,1
2024-04-26 06:00:00,80,1
2024-04-26 06:00:00,89,1
2024-04-26 06:00:00,103,1
2024-04-26 06:00:00,115,1
2024-04-26 06:00:00,116,1
2024-04-26 06:00:00,133,1
2024-04-26 06:00:00,141,1
2024-04-26 06:00:00,177,1
2024-04-26 06:00:00,183,1
2024-04-26 06:00:00,193,1
2024-04-26 06:00:00,194,1
2024-04-26 06:00:00,199,1
2024-04-26 06:00:00,204,1
2024-04-26 06:00:00,208,1
2024-04-26 06:00:00,220,1
2024-04-26 06:00:00,228,1
2024-04-26 06:00:00,229,1
2024-04-26 06:00:00,240,1
2024-04-26 06:00:00,244,1
2024-04-26 06:00:00,257,1
2024-04-26 07:00:00,9,1
2024-04-26 07:00:00,12,1
2024-04-26 07:00:00,19,1
2024-04-26 07:00:00,52,1
2024-04-26 07:00:00,59,2
2024-04-26 07:00:00,60,2
2024-04-26 07:00:00,67,1
2024-04-26 07:00:00,85,1
2024-04-26 07:00:00,91,1
2024-04-26 07:00:00,95,1
2024-04-26 07:00:00,99,1
2024-04-26 07:00:00,118,1
2024-04-26 07:00:00,126,1
2024-04-26 07:00:00,128,1
2024-04-26 07:00:00,152,1
2024-04-26 07:00:00,159,1
2024-04-26 07:00:00,161,1
2024-04-26 07:00:00,166,1
2024-04-26 07:00:00,170,1
2024-04-26 07:00:00,171,1
2024-04-26 07:00:00,176,1
2024-04-26 07:00:00,177,1
2024-04-26 07:00:00,196,1
2024-04-26 07:00:00,200,1
2024-04-26 07:00:00,228,1
2024-04-26 07:00:00,230,1
2024-04-26 07:00:00,252,1
2024-04-26 07:00:00,255,2
2024-04-26 08:00:00,12,1
2024-04-26 08:00:00,17,1
2024-04-26 08:00:00,21,1
2024-04-26 08:00:00,28,1
2024-04-26 08:00:00,44,1
2024-04-26 08:00:00,62,1
2024-04-26 08:00:00,68,1
2024-04-26 08:00:00,70,1
2024-04-26 08:00:00,101,1
2024-04-26 08:00:00,104,1
2024-04-26 08:00:00,105,2
2024-04-26 08:00:00,112,1
2024-04-26 08:00:00,119,1
2024-04-26 08:00:00,134,1
2024-04-26 08:00:00,140,1
2024-04-26 08:00:00,143,1
2024-04-26 08:00:00,150,1
2024-04-26 08:00:00,180,1
2024-04-26 08:00:00,181,1
2024-04-26 08:00:00,182,1
2024-04-26 08:00:00,200,1
2024-04-26 08:00:00,202,1
2024-04-26 08:00:00,219,1
2024-04-26 08:00:00,223,1
2024-04-26 08:00:00,249,1
2024-04-26 08:00:00,256,1
2024-04-26 08:00:00,263,1
2024-04-26 09:00:00,7,1
2024-04-26 09:00:00,9,1
2024-04-26 09:00:00,15,1
2024-04-26 09:00:00,49,1
2024-04-26 09:00:00,51,1
2024-04-26 09:00:00,62,1
2024-04-26 09:00:00,90,1
2024-04-26 09:00:00,93,1
2024-04-26 09:00:00,104,1
2024-04-26 09:00:00,109,1
2024-04-26 09:00:00,122,1
2024-04-26 09:00:00,141,1
2024-04-26 09:00:00,152,1
2024-04-26 09:00:00,158,1
2024-04-26 09:00:00,165,1
2024-04-26 09:00:00,178,1
2024-04-26 09:00:00,181,1
2024-04-26 09:00:00,191,1
2024-04-26 09:00:00,203,1
2024-04-26 09:00:00,210,1
2024-04-26 09:00:00,242,1
2024-04-26 09:00:00,243,1
2024-04-26 09:00:00,255,1
2024-04-26 09:00:00,258,1
2024-04-26 10:00:00,10,1
2024-04-26 10:00:00,18,1
2024-04-26 10:00:00,20,1
2024-04-26 10:00:00,49,1
2024-04-26 10:00:00,71,1
2024-04-26 10:00:00,87,1
2024-04-26 10:00:00,93,1
2024-04-26 10:00:00,111,1
2024-04-26 10:00:00,120,1
2024-04-26 10:00:00,134,1
2024-04-26 10:00:00,141,1
2024-04-26 10:00:00,164,1
2024-04-26 10:00:00,183,1
2024-04-26 10:00:00,187,1
2024-04-26 10:00:00,191,2
2024-04-26 10:00:00,194,1
2024-04-26 10:00:00,239,1
2024-04-26 10:00:00,242,1
2024-04-26 11:00:00,16,1
2024-04-26 11:00:00,37,1
2024-04-26 11:00:00,42,1
2024-04-26 11:00:00,43,1
2024-04-26 11:00:00,49,1
2024-04-26 11:00:00,65,1
2024-04-26 11:00:00,76,1
2024-04-26 11:00:00,96,1
2024-04-26 11:00:00,99,1
2024-04-26 11:00:00,101,1
2024-04-26 11:00:00,102,1
2024-04-26 11:00:00,115,1
2024-04-26 11:00:00,123,1
2024-04-26 11:00:00,126,1
2024-04-26 11:00:00,130,2
2024-04-26 11:00:00,167,1
2024-04-26 11:00:00,184,1
2024-04-26 11:00:00,194,1
2024-04-26 11:00:00,211,1
2024-04-26 11:00:00,227,1
2024-04-26 11:00:00,235,1
2024-04-26 11:00:00,242,1
2024-04-26 11:00:00,256,1
2024-04-26 11:00:00,259,1
2024-04-26 11:00:00,261,1
2024-04-26 12:00:00,5,1
2024-04-26 12:00:00,21,1
2024-04-26 12:00:00,23,1
2024-04-26 12:00:00,25,1
2024-04-26 12:00:00,34,1
2024-04-26 12:00:00,44,1
2024-04-26 12:00:00,86,1
2024-04-26 12:00:00,87,1
2024-04-26 12:00:00,90,1
2024-04-26 12:00:00,91,1
2024-04-26 12:00:00,99,1
2024-04-26 12:00:00,103,1
2024-04-26 12:00:00,149,1
2024-04-26 12:00:00,161,1
2024-04-26 12:00:00,173,1
2024-04-26 12:00:00,179,1
2024-04-26 12:00:00,186,1
2024-04-26 12:00:00,197,1
2024-04-26 12:00:00,199,1
2024-04-26 12:00:00,229,1
2024-04-26 12:00:00,234,1
2024-04-26 12:00:00,251,1
2024-04-26 12:00:00,256,1
2024-04-26 13:00:00,9,1
2024-04-26 13:00:00,28,2
2024-04-26 13:00:00,33,1
2024-04-26 13:00:00,59,1
2024-04-26 13:00:00,96,2
2024-04-26 13:00:00,103,1
2024-04-26 13:00:00,128,1
2024-04-26 13:00:00,130,1
2024-04-26 13:00:00,137,1
2024-04-26 13:00:00,145,1
2024-04-26 13:00:00,148,1
2024-04-26 13:00:00,149,1
2024-04-26 13:00:00,160,1
2024-04-26 13:00:00,172,1
2024-04-26 13:00:00,175,1
2024-04-26 13:00:00,193,1
2024-04-26 13:00:00,197,1
2024-04-26 13:00:00,202,1
2024-04-26 13:00:00,206,1
2024-04-26 13:00:00,212,1
2024-04-26 13:00:00,215,1
2024-04-26 13:00:00,221,1
2024-04-26 13:00:00,243,1
2024-04-26 13:00:00,253,1
2024-04-26 13:00:00,255,1
2024-04-26 13:00:00,256,1
2024-04-26 13:00:00,259,1
2024-04-26 14:00:00,32,1
2024-04-26 14:00:00,40,1
2024-04-26 14:00:00,61,1
2024-04-26 14:00:00,67,1
2024-04-26 14:00:00,68,1
2024-04-26 14:00:00,76,1
2024-04-26 14:00:00,96,1
2024-04-26 14:00:00,114,1
2024-04-26 14:00:00,126,1
2024-04-26 14:00:00,130,1
2024-04-26 14:00:00,133,1
2024-04-26 14:00:00,134,2
2024-04-26 14:00:00,147,1
2024-04-26 14:00:00,178,1
2024-04-26 14:00:00,187,1
2024-04-26 14:00:00,188,1
2024-04-26 14:00:00,218,1
2024-04-26 14:00:00,229,1
2024-04-26 14:00:00,255,1
2024-04-26 15:00:00,1,1
2024-04-26 15:00:00,6,1
2024-04-26 15:00:00,30,1
2024-04-26 15:00:00,38,2
2024-04-26 15:00:00,44,1
2024-04-26 15:00:00,75,1
2024-04-26 15:00:00,82,1
2024-04-26 15:00:00,92,1
2024-04-26 15:00:00,95,1
2024-04-26 15:00:00,116,1
2024-04-26 15:00:00,138,1
2024-04-26 15:00:00,158,2
2024-04-26 15:00:00,165,1
2024-04-26 15:00:00,168,1
2024-04-26 15:00:00,170,1
2024-04-26 15:00:00,173,1
2024-04-26 15:00:00,183,1
2024-04-26 15:00:00,184,1
2024-04-26 15:00:00,187,1
2024-04-26 15:00:00,194,1
2024-04-26 15:00:00,202,1
2024-04-26 15:00:00,208,2
2024-04-26 15:00:00,215,1
2024-04-26 15:00:00,217,1
2024-04-26 15:00:00,240,1
2024-04-26 15:00:00,252,1
2024-04-26 15:00:00,262,1
2024-04-26 16:00:00,12,1
2024-04-26 16:00:00,21,1
2024-04-26 16:00:00,36,1
2024-04-26 16:00:00,44,1
2024-04-26 16:00:00,54,1
2024-04-26 16:00:00,58,1
2024-04-26 16:00:00,63,1
2024-04-26 16:00:00,69,1
2024-04-26 16:00:00,77,1
2024-04-26 16:00:00,107,1
2024-04-26 16:00:00,109,1
2024-04-26 16:00:00,111,1
2024-04-26 16:00:00,137,1
2024-04-26 16:00:00,148,1
2024-04-26 16:00:00,150,1
2024-04-26 16:00:00,163,1
2024-04-26 16:00:00,175,1
2024-04-26 16:00:00,179,1
2024-04-26 16:00:00,183,1
2024-04-26 16:00:00,189,1
2024-04-26 16:00:00,196,1
2024-04-26 16:00:00,198,1
2024-04-26 16:00:00,202,1
2024-04-26 16:00:00,228,1
2024-04-26 16:00:00,230,1
2024-04-26 16:00:00,240,1
2024-04-26 16:00:00,247,1
2024-04-26 16:00:00,250,1
2024-04-26 16:00:00,252,1
2024-04-26 16:00:00,254,1
2024-04-26 16:00:00,259,1
2024-04-26 16:00:00,261,1
2024-04-26 17:00:00,7,1
2024-04-26 17:00:00,9,1
2024-04-26 17:00:00,21,1
2024-04-26 17:00:00,59,1
2024-04-26 17:00:00,62,1
2024-04-26 17:00:00,64,1
2024-04-26 17:00:00,66,1
2024-04-26 17:00:00,68,1
2024-04-26 17:00:00,69,1
2024-04-26 17:00:00,80,1
2024-04-26 17:00:00,83,1
2024-04-26 17:00:00,89,1
2024-04-26 17:00:00,93,1
2024-04-26 17:00:00,108,1
2024-04-26 17:00:00,130,1
2024-04-26 17:00:00,136,1
2024-04-26 17:00:00,137,1
2024-04-26 17:00:00,143,1
2024-04-26 17:00:00,144,1
2024-04-26 17:00:00,175,1
2024-04-26 17:00:00,189,1
2024-04-26 17:00:00,193,1
2024-04-26 17:00:00,201,1
2024-04-26 17:00:00,222,1
2024-04-26 17:00:00,225,1
2024-04-26 17:00:00,228,1
2024-04-26 17:00:00,232,1
2024-04-26 17:00:00,253,1
2024-04-26 18:00:00,8,1
2024-04-26 18:00:00,20,1
2024-04-26 18:00:00,35,1
2024-04-26 18:00:00,46,1
2024-04-26 18:00:00,48,1
2024-04-26 18:00:00,56,1
2024-04-26 18:00:00,57,1
2024-04-26 18:00:00,71,1
2024-04-26 18:00:00,89,1
2024-04-26 18:00:00,100,1
2024-04-26 18:00:00,115,1
2024-04-26 18:00:00,117,1
2024-04-26 18:00:00,122,1
2024-04-26 18:00:00,129,1
2024-04-26 18:00:00,140,1
2024-04-26 18:00:00,142,1
2024-04-26 18:00:00,150,1
2024-04-26 18:00:00,155,1
2024-04-26 18:00:00,160,1
2024-04-26 18:00:00,174,1
2024-04-26 18:00:00,193,1
2024-04-26 18:00:00,212,1
2024-04-26 18:00:00,225,1
2024-04-26 18:00:00,234,1
2024-04-26 18:00:00,235,1
2024-04-26 18:00:00,240,2
2024-04-26 18:00:00,243,1
2024-04-26 18:00:00,245,2
2024-04-26 18:00:00,246,1
2024-04-26 18:00:00,253,1
2024-04-26 18:00:00,257,1
2024-04-26 19:00:00,5,1
2024-04-26 19:00:00,16,2
2024-04-26 19:00:00,25,1
2024-04-26 19:00:00,55,1
2024-04-26 19:00:00,56,1
2024-04-26 19:00:00,62,1
2024-04-26 19:00:00,64,1
2024-04-26 19:00:00,69,1
2024-04-26 19:00:00,75,1
2024-04-26 19:00:00,76,1
2024-04-26 19:00:00,84,1
2024-04-26 19:00:00,98,1
2024-04-26 19:00:00,101,1
2024-04-26 19:00:00,102,1
2024-04-26 19:00:00,112,1
2024-04-26 19:00:00,133,1
2024-04-26 19:00:00,137,1
2024-04-26 19:00:00,157,1
2024-04-26 19:00:00,159,1
2024-04-26 19:00:00,174,2
2024-04-26 19:00:00,214,1
2024-04-26 19:00:00,215,1
2024-04-26 19:00:00,225,1
2024-04-26 19:00:00,229,1
2024-04-26 19:00:00,230,1
2024-04-26 19:00:00,238,1
2024-04-26 19:00:00,244,1
2024-04-26 19:00:00,251,1
2024-04-26 20:00:00,6,1
2024-04-26 20:00:00,11,1
2024-04-26 20:00:00,20,1
2024-04-26 20:00:00,28,1
2024-04-26 20:00:00,29,1
2024-04-26 20:00:00,45,2
2024-04-26 20:00:00,59,1
2024-04-26 20:00:00,81,1
2024-04-26 20:00:00,84,1
2024-04-26 20:00:00,98,1
2024-04-26 20:00:00,125,1
2024-04-26 20:00:00,130,1
2024-04-26 20:00:00,132,1
2024-04-26 20:00:00,145,1
2024-04-26 20:00:00,147,1
2024-04-26 20:00:00,154,1
2024-04-26 20:00:00,159,1
2024-04-26 20:00:00,161,1
2024-04-26 20:00:00,163,1
2024-04-26 20:00:00,165,1
2024-04-26 20:00:00,178,1
2024-04-26 20:00:00,190,1
2024-04-26 20:00:00,203,1
2024-04-26 20:00:00,209,1
2024-04-26 20:00:00,216,1
2024-04-26 20:00:00,227,1
2024-04-26 20:00:00,235,1
2024-04-26 20:00:00,237,1
2024-04-26 20:00:00,252,1
2024-04-26 20:00:00,259,1
2024-04-26 21:00:00,5,1
2024-04-26 21:00:00,14,1
2024-04-26 21:00:00,18,1
2024-04-26 21:00:00,27,1
2024-04-26 21:00:00,43,1
2024-04-26 21:00:00,45,1
2024-04-26 21:00:00,59,2
2024-04-26 21:00:00,89,1
2024-04-26 21:00:00,124,1
2024-04-26 21:00:00,139,1
2024-04-26 21:00:00,141,1
2024-04-26 21:00:00,143,1
2024-04-26 21:00:00,145,1
2024-04-26 21:00:00,180,1
2024-04-26 21:00:00,191,1
2024-04-26 21:00:00,203,1
2024-04-26 21:00:00,216,1
2024-04-26 21:00:00,220,1
2024-04-26 21:00:00,229,1
2024-04-26 21:00:00,235,1
2024-04-26 21:00:00,246,1
2024-04-26 21:00:00,254,1
2024-04-26 22:00:00,35,1
2024-04-26 22:00:00,45,1
2024-04-26 22:00:00,49,1
2024-04-26 22:00:00,52,1
2024-04-26 22:00:00,54,1
2024-04-26 22:00:00,75,1
2024-04-26 22:00:00,82,1
2024-04-26 22:00:00,108,1
2024-04-26 22:00:00,110,1
2024-04-26 22:00:00,113,1
2024-04-26 22:00:00,114,1
2024-04-26 22:00:00,142,1
2024-04-26 22:00:00,149,1
2024-04-26 22:00:00,160,1
2024-04-26 22:00:00,174,1
2024-04-26 22:00:00,185,1
2024-04-26 22:00:00,190,1
2024-04-26 22:00:00,198,1
2024-04-26 22:00:00,211,1
2024-04-26 22:00:00,219,1
2024-04-26 22:00:00,220,1
2024-04-26 22:00:00,225,1
2024-04-26 22:00:00,226,1
2024-04-26 22:00:00,230,1
2024-04-26 22:00:00,235,1
2024-04-26 22:00:00,237,1
2024-04-26 22:00:00,248,2
2024-04-26 22:00:00,253,1
2024-04-26 22:00:00,256,1
2024-04-26 22:00:00,259,1
2024-04-26 23:00:00,5,1
2024-04-26 23:00:00,6,1
2024-04-26 23:00:00,8,1
2024-04-26 23:00:00,21,1
2024-04-26 23:00:00,37,1
2024-04-26 23:00:00,38,1
2024-04-26 23:00:00,41,1
2024-04-26 23:00:00,44,1
2024-04-26 23:00:00,51,1
2024-04-26 23:00:00,53,1
2024-04-26 23:00:00,74,1
2024-04-26 23:00:00,84,1
2024-04-26 23:00:00,97,1
2024-04-26 23:00:00,98,1
2024-04-26 23:00:00,100,2
2024-04-26 23:00:00,106,1
2024-04-26 23:00:00,107,1
2024-04-26 23:00:00,120,1
2024-04-26 23:00:00,122,1
2024-04-26 23:00:00,123,1
2024-04-26 23:00:00,124,1
2024-04-26 23:00:00,141,1
2024-04-26 23:00:00,157,1
2024-04-26 23:00:00,181,1
2024-04-26 23:00:00,205,1
2024-04-26 23:00:00,212,1
2024-04-26 23:00:00,224,1
2024-04-26 23:00:00,230,1
2024-04-26 23:00:00,232,1
2024-04-26 23:00:00,237,1
2024-04-26 23:00:00,240,1
2024-04-26 23:00:00,241,1
2024-04-26 23:00:00,259,1
2024-04-27 00:00:00,17,1
2024-04-27 00:00:00,20,1
2024-04-27 00:00:00,30,1
2024-04-27 00:00:00,34,1
2024-04-27 00:00:00,36,1
2024-04-27 00:00:00,74,1
2024-04-27 00:00:00,88,1
2024-04-27 00:00:00,106,1
2024-04-27 00:00:00,113,1
2024-04-27 00:00:00,131,1
2024-04-27 00:00:00,141,1
2024-04-27 00:00:00,147,2
2024-04-27 00:00:00,161,1
2024-04-27 00:00:00,166,1
2024-04-27 00:00:00,185,1
2024-04-27 00:00:00,188,1
2024-04-27 00:00:00,193,1
2024-04-27 00:00:00,194,1
2024-04-27 00:00:00,208,1
2024-04-27 00:00:00,219,1
2024-04-27 00:00:00,220,1
2024-04-27 00:00:00,226,1
2024-04-27 00:00:00,228,1
2024-04-27 00:00:00,239,1
2024-04-27 00:00:00,248,1
2024-04-27 00:00:00,253,1
2024-04-27 00:00:00,258,1
2024-04-27 00:00:00,262,1
2024-04-27 01:00:00,3,1
2024-04-27 01:00:00,13,1
2024-04-27 01:00:00,23,1
2024-04-27 01:00:00,27,1
2024-04-27 01:00:00,32,1
2024-04-27 01:00:00,35,1
2024-04-27 01:00:00,78,1
2024-04-27 01:00:00,95,1
2024-04-27 01:00:00,97,1
2024-04-27 01:00:00,118,1
2024-04-27 01:00:00,137,1
2024-04-27 01:00:00,152,2
2024-04-27 01:00:00,175,1
2024-04-27 01:00:00,178,1
2024-04-27 01:00:00,197,1
2024-04-27 01:00:00,206,1
2024-04-27 01:00:00,209,1
2024-04-27 01:00:00,221,1
2024-04-27 01:00:00,225,1
2024-04-27 01:00:00,228,1
2024-04-27 01:00:00,232,1
2024-04-27 01:00:00,237,1
2024-04-27 01:00:00,242,2
2024-04-27 01:00:00,244,1
2024-04-27 01:00:00,253,1
2024-04-27 01:00:00,258,2
2024-04-27 02:00:00,4,1
2024-04-27 02:00:00,9,1
2024-04-27 02:00:00,21,1
2024-04-27 02:00:00,26,1
2024-04-27 02:00:00,29,1
2024-04-27 02:00:00,31,1
2024-04-27 02:00:00,35,1
2024-04-27 02:00:00,47,1
2024-04-27 02:00:00,56,1
2024-04-27 02:00:00,84,1
2024-04-27 02:00:00,89,1
2024-04-27 02:00:00,136,1
2024-04-27 02:00:00,145,1
2024-04-27 02:00:00,151,1
2024-04-27 02:00:00,160,1
2024-04-27 02:00:00,170,1
2024-04-27 02:00:00,177,1
2024-04-27 02:00:00,179,1
2024-04-27 02:00:00,181,1
2024-04-27 02:00:00,191,1
2024-04-27 02:00:00,200,1
2024-04-27 02:00:00,209,1
2024-04-27 02:00:00,210,1
2024-04-27 02:00:00,216,1
2024-04-27 02:00:00,220,1
2024-04-27 02:00:00,221,1
2024-04-27 02:00:00,223,2
2024-04-27 02:00:00,224,1
2024-04-27 02:00:00,226,1
2024-04-27 02:00:00,231,1
2024-04-27 02:00:00,233,1
2024-04-27 02:00:00,242,1
2024-04-27 02:00:00,263,1
2024-04-27 03:00:00,2,1
2024-04-27 03:00:00,12,1
2024-04-27 03:00:00,16,1
2024-04-27 03:00:00,17,1
2024-04-27 03:00:00,39,1
2024-04-27 03:00:00,47,1
2024-04-27 03:00:00,52,1
2024-04-27 03:00:00,66,1
2024-04-27 03:00:00,90,1
2024-04-27 03:00:00,100,1
2024-04-27 03:00:00,109,1
2024-04-27 03:00:00,110,1
2024-04-27 03:00:00,111,1
2024-04-27 03:00:00,116,1
2024-04-27 03:00:00,133,1
2024-04-27 03:00:00,137,1
2024-04-27 03:00:00,164,3
2024-04-27 03:00:00,203,1
2024-04-27 03:00:00,208,1
2024-04-27 03:00:00,224,1
2024-04-27 03:00:00,227,2
2024-04-27 03:00:00,233,1
2024-04-27 03:00:00,237,1
2024-04-27 03:00:00,238,1
2024-04-27 03:00:00,245,1
2024-04-27 03:00:00,250,1
2024-04-27 03:00:00,251,1
2024-04-27 04:00:00,43,1
2024-04-27 04:00:00,56,1
2024-04-27 04:00:00,58,1
2024-04-27 04:00:00,62,1
2024-04-27 04:00:00,65,1
2024-04-27 04:00:00,90,2
2024-04-27 04:00:00,96,1
2024-04-27 04:00:00,111,1
2024-04-27 04:00:00,145,1
2024-04-27 04:00:00,168,1
2024-04-27 04:00:00,178,1
2024-04-27 04:00:00,181,1
2024-04-27 04:00:00,189,1
2024-04-27 04:00:00,195,1
2024-04-27 04:00:00,200,1
2024-04-27 04:00:00,209,1
2024-04-27 04:00:00,211,1
2024-04-27 04:00:00,212,1
2024-04-27 04:00:00,217,1
2024-04-27 04:00:00,236,2
2024-04-27 04:00:00,251,1
2024-04-27 04:00:00,252,1
2024-04-27 04:00:00,259,1
2024-04-27 05:00:00,1,1
2024-04-27 05:00:00,3,1
2024-04-27 05:00:00,23,1
2024-04-27 05:00:00,28,1
2024-04-27 05:00:00,29,1
2024-04-27 05:00:00,59,1
2024-04-27 05:00:00,64,1
2024-04-27 05:00:00,65,1
2024-04-27 05:00:00,67,1
2024-04-27 05:00:00,69,1
2024-04-27 05:00:00,115,1
2024-04-27 05:00:00,151,1
2024-04-27 05:00:00,159,1
2024-04-27 05:00:00,170,1
2024-04-27 05:00:00,208,1
2024-04-27 05:00:00,209,1
2024-04-27 05:00:00,210,2
2024-04-27 05:00:00,212,1
2024-04-27 05:00:00,215,1
2024-04-27 05:00:00,224,1
2024-04-27 06:00:00,17,1
2024-04-27 06:00:00,33,1
2024-04-27 06:00:00,56,1
2024-04-27 06:00:00,86,1
2024-04-27 06:00:00,87,1
2024-04-27 06:00:00,95,2
2024-04-27 06:00:00,97,1
2024-04-27 06:00:00,103,1
2024-04-27 06:00:00,107,1
2024-04-27 06:00:00,128,1
2024-04-27 06:00:00,131,1
2024-04-27 06:00:00,132,1
2024-04-27 06:00:00,144,1
2024-04-27 06:00:00,152,1
2024-04-27 06:00:00,195,1
2024-04-27 06:00:00,197,1
2024-04-27 06:00:00,205,1
2024-04-27 06:00:00,214,1
2024-04-27 06:00:00,240,1
2024-04-27 07:00:00,3,1
2024-04-27 07:00:00,4,1
2024-04-27 07:00:00,17,1
2024-04-27 07:00:00,27,1
2024-04-27 07:00:00,28,1
2024-04-27 07:00:00,35,1
2024-04-27 07:00:00,42,1
2024-04-27 07:00:00,43,1
2024-04-27 07:00:00,59,1
2024-04-27 07:00:00,65,1
2024-04-27 07:00:00,71,1
2024-04-27 07:00:00,94,1
2024-04-27 07:00:00,102,1
2024-04-27 07:00:00,137,1
2024-04-27 07:00:00,168,1
2024-04-27 07:00:00,178,1
2024-04-27 07:00:00,183,1
2024-04-27 07:00:00,197,1
2024-04-27 07:00:00,209,1
2024-04-27 07:00:00,231,1
2024-04-27 07:00:00,239,1
2024-04-27 08:00:00,13,1
2024-04-27 08:00:00,17,2
2024-04-27 08:00:00,24,2
2024-04-27 08:00:00,39,3
2024-04-27 08:00:00,43,1
2024-04-27 08:00:00,45,1
2024-04-27 08:00:00,52,1
2024-04-27 08:00:00,88,1
2024-04-27 08:00:00,91,1
2024-04-27 08:00:00,95,1
2024-04-27 08:00:00,96,1
2024-04-27 08:00:00,105,1
2024-04-27 08:00:00,129,1
2024-04-27 08:00:00,131,1
2024-04-27 08:00:00,143,1
2024-04-27 08:00:00,173,1
2024-04-27 08:00:00,181,2
2024-04-27 08:00:00,184,1
2024-04-27 08:00:00,186,1
2024-04-27 08:00:00,189,1
2024-04-27 08:00:00,209,1
2024-04-27 08:00:00,223,1
2024-04-27 08:00:00,231,1
2024-04-27 08:00:00,232,1
2024-04-27 08:00:00,240,1
2024-04-27 08:00:00,245,1
2024-04-27 08:00:00,251,1
2024-04-27 09:00:00,9,1
2024-04-27 09:00:00,14,1
2024-04-27 09:00:00,18,1
2024-04-27 09:00:00,37,1
2024-04-27 09:00:00,44,1
2024-04-27 09:00:00,77,1
2024-04-27 09:00:00,78,1
2024-04-27 09:00:00,96,1
2024-04-27 09:00:00,139,1
2024-04-27 09:00:00,149,1
2024-04-27 09:00:00,156,1
2024-04-27 09:00:00,166,2
2024-04-27 09:00:00,176,1
2024-04-27 09:00:00,177,1
2024-04-27 09:00:00,178,2
2024-04-27 09:00:00,189,1
2024-04-27 09:00:00,191,1
2024-04-27 09:00:00,198,1
2024-04-27 09:00:00,203,1
2024-04-27 09:00:00,208,1
2024-04-27 09:00:00,217,1
2024-04-27 09:00:00,233,1
2024-04-27 09:00:00,238,1
2024-04-27 09:00:00,248,1
2024-04-27 09:00:00,249,1
2024-04-27 09:00:00,253,1
2024-04-27 10:00:00,13,1
2024-04-27 10:00:00,21,1
2024-04-27 10:00:00,27,1
2024-04-27 10:00:00,39,1
2024-04-27 10:00:00,40,1
2024-04-27 10:00:00,51,1
2024-04-27 10:00:00,58,1
2024-04-27 10:00:00,63,1
2024-04-27 10:00:00,73,1
2024-04-27 10:00:00,84,1
2024-04-27 10:00:00,85,1
2024-04-27 10:00:00,90,1
2024-04-27 10:00:00,105,1
2024-04-27 10:00:00,111,1
2024-04-27 10:00:00,116,1
2024-04-27 10:00:00,126,1
2024-04-27 10:00:00,143,1
2024-04-27 10:00:00,157,1
2024-04-27 10:00:00,182,1
2024-04-27 10:00:00,202,1
2024-04-27 10:00:00,224,1
2024-04-27 10:00:00,227,1
2024-04-27 10:00:00,230,2
2024-04-27 10:00:00,237,1
2024-04-27 10:00:00,241,1
2024-04-27 11:00:00,3,1
2024-04-27 11:00:00,7,1
2024-04-27 11:00:00,9,1
2024-04-27 11:00:00,19,1
2024-04-27 11:00:00,41,1
2024-04-27 11:00:00,49,1
2024-04-27 11:00:00,56,1
2024-04-27 11:00:00,75,1
2024-04-27 11:00:00,83,1
2024-04-27 11:00:00,87,1
2024-04-27 11:00:00,112,1
2024-04-27 11:00:00,168,1
2024-04-27 11:00:00,187,1
2024-04-27 11:00:00,204,1
2024-04-27 11:00:00,206,1
2024-04-27 11:00:00,208,1
2024-04-27 11:00:00,209,1
2024-04-27 11:00:00,229,1
2024-04-27 11:00:00,230,1
2024-04-27 11:00:00,238,1
2024-04-27 11:00:00,245,1
2024-04-27 12:00:00,1,1
2024-04-27 12:00:00,8,1
2024-04-27 12:00:00,10,1
2024-04-27 12:00:00,22,1
2024-04-27 12:00:00,33,1
2024-04-27 12:00:00,43,1
2024-04-27 12:00:00,59,1
2024-04-27 12:00:00,68,1
2024-04-27 12:00:00,72,1
2024-04-27 12:00:00,76,1
2024-04-27 12:00:00,86,1
2024-04-27 12:00:00,95,1
2024-04-27 12:00:00,113,1
2024-04-27 12:00:00,114,1
2024-04-27 12:00:00,117,1
2024-04-27 12:00:00,119,1
2024-04-27 12:00:00,127,1
2024-04-27 12:00:00,130,1
2024-04-27 12:00:00,146,1
2024-04-27 12:00:00,157,1
2024-04-27 12:00:00,160,1
2024-04-27 12:00:00,161,1
2024-04-27 12:00:00,169,1
2024-04-27 12:00:00,195,1
2024-04-27 12:00:00,204,1
2024-04-27 12:00:00,248,1
2024-04-27 12:00:00,253,1
2024-04-27 12:00:00,257,1
2024-04-27 12:00:00,263,1
2024-04-27 13:00:00,21,1
2024-04-27 13:00:00,22,1
2024-04-27 13:00:00,41,1
2024-04-27 13:00:00,46,1
2024-04-27 13:00:00,69,1
2024-04-27 13:00:00,90,1
2024-04-27 13:00:00,104,1
2024-04-27 13:00:00,105,1
2024-04-27 13:00:00,106,1
2024-04-27 13:00:00,117,1
2024-04-27 13:00:00,123,1
2024-04-27 13:00:00,146,1
2024-04-27 13:00:00,155,1
2024-04-27 13:00:00,160,1
2024-04-27 13:00:00,186,1
2024-04-27 13:00:00,208,1
2024-04-27 13:00:00,228,1
2024-04-27 13:00:00,231,1
2024-04-27 13:00:00,236,1
2024-04-27 13:00:00,237,1
2024-04-27 14:00:00,4,1
2024-04-27 14:00:00,13,1
2024-04-27 14:00:00,22,1
2024-04-27 14:00:00,23,1
2024-04-27 14:00:00,31,1
2024-04-27 14:00:00,50,1
2024-04-27 14:00:00,53,1
2024-04-27 14:00:00,54,1
2024-04-27 14:00:00,58,1
2024-04-27 14:00:00,70,1
2024-04-27 14:00:00,86,1
2024-04-27 14:00:00,126,1
2024-04-27 14:00:00,130,1
2024-04-27 14:00:00,142,1
2024-04-27 14:00:00,145,1
2024-04-27 14:00:00,157,1
2024-04-27 14:00:00,160,1
2024-04-27 14:00:00,170,1
2024-04-27 14:00:00,172,1
2024-04-27 14:00:00,173,1
2024-04-27 14:00:00,178,1
2024-04-27 14:00:00,181,1
2024-04-27 14:00:00,184,1
2024-04-27 14:00:00,185,1
2024-04-27 14:00:00,196,1
2024-04-27 14:00:00,205,1
2024-04-27 14:00:00,209,2
2024-04-27 14:00:00,214,1
2024-04-27 14:00:00,220,1
2024-04-27 14:00:00,225,1
2024-04-27 14:00:00,252,1
2024-04-27 14:00:00,253,1
2024-04-27 15:00:00,9,1
2024-04-27 15:00:00,18,2
2024-04-27 15:00:00,44,1
2024-04-27 15:00:00,75,1
2024-04-27 15:00:00,77,1
2024-04-27 15:00:00,113,1
2024-04-27 15:00:00,118,1
2024-04-27 15:00:00,121,1
2024-04-27 15:00:00,124,1
2024-04-27 15:00:00,133,1
2024-04-27 15:00:00,143,1
2024-04-27 15:00:00,144,1
2024-04-27 15:00:00,159,1
2024-04-27 15:00:00,167,1
2024-04-27 15:00:00,180,1
2024-04-27 15:00:00,181,2
2024-04-27 15:00:00,185,1
2024-04-27 15:00:00,194,1
2024-04-27 15:00:00,208,1
2024-04-27 15:00:00,211,1
2024-04-27 15:00:00,213,1
2024-04-27 15:00:00,239,1
2024-04-27 15:00:00,242,1
2024-04-27 15:00:00,256,1
2024-04-27 15:00:00,258,1
2024-04-27 16:00:00,19,1
2024-04-27 16:00:00,22,2
2024-04-27 16:00:00,31,1
2024-04-27 16:00:00,36,1
2024-04-27 16:00:00,39,1
2024-04-27 16:00:00,43,1
2024-04-27 16:00:00,45,1
2024-04-27 16:00:00,60,1
2024-04-27 16:00:00,64,2
2024-04-27 16:00:00,65,1
2024-04-27 16:00:00,69,1
2024-04-27 16:00:00,77,1
2024-04-27 16:00:00,96,1
2024-04-27 16:00:00,97,1
2024-04-27 16:00:00,101,1
2024-04-27 16:00:00,111,1
2024-04-27 16:00:00,113,1
2024-04-27 16:00:00,122,1
2024-04-27 16:00:00,127,1
2024-04-27 16:00:00,129,2
2024-04-27 16:00:00,140,1
2024-04-27 16:00:00,142,1
2024-04-27 16:00:00,146,1
2024-04-27 16:00:00,172,1
2024-04-27 16:00:00,175,1
2024-04-27 16:00:00,181,1
2024-04-27 16:00:00,185,1
2024-04-27 16:00:00,191,1
2024-04-27 16:00:00,194,1
2024-04-27 16:00:00,201,1
2024-04-27 16:00:00,214,1
2024-04-27 16:00:00,220,1
2024-04-27 16:00:00,221,2
2024-04-27 16:00:00,223,1
2024-04-27 16:00:00,245,1
2024-04-27 16:00:00,250,1
2024-04-27 17:00:00,11,1
2024-04-27 17:00:00,17,1
2024-04-27 17:00:00,32,1
2024-04-27 17:00:00,35,1
2024-04-27 17:00:00,51,1
2024-04-27 17:00:00,56,1
2024-04-27 17:00:00,58,1
2024-04-27 17:00:00,70,1
2024-04-27 17:00:00,84,1
2024-04-27 17:00:00,94,2
2024-04-27 17:00:00,96,1
2024-04-27 17:00:00,97,1
2024-04-27 17:00:00,103,1
2024-04-27 17:00:00,107,1
2024-04-27 17:00:00,108,2
2024-04-27 17:00:00,121,1
2024-04-27 17:00:00,133,2
2024-04-27 17:00:00,134,1
2024-04-27 17:00:00,159,1
2024-04-27 17:00:00,185,1
2024-04-27 17:00:00,191,1
2024-04-27 17:00:00,192,1
2024-04-27 17:00:00,203,1
2024-04-27 17:00:00,219,1
2024-04-27 17:00:00,225,1
2024-04-27 17:00:00,252,1
2024-04-27 18:00:00,7,1
2024-04-27 18:00:00,10,1
2024-04-27 18:00:00,17,1
2024-04-27 18:00:00,18,1
2024-04-27 18:00:00,22,1
2024-04-27 18:00:00,47,1
2024-04-27 18:00:00,52,1
2024-04-27 18:00:00,53,1
2024-04-27 18:00:00,90,1
2024-04-27 18:00:00,102,2
2024-04-27 18:00:00,103,1
2024-04-27 18:00:00,112,1
2024-04-27 18:00:00,115,1
2024-04-27 18:00:00,124,1
2024-04-27 18:00:00,133,1
2024-04-27 18:00:00,153,1
2024-04-27 18:00:00,160,1
2024-04-27 18:00:00,173,1
2024-04-27 18:00:00,174,1
2024-04-27 18:00:00,180,1
2024-04-27 18:00:00,238,1
2024-04-27 18:00:00,255,1
2024-04-27 18:00:00,257,1
2024-04-27 18:00:00,259,1
2024-04-27 18:00:00,261,1
2024-04-27 19:00:00,3,1
2024-04-27 19:00:00,19,1
2024-04-27 19:00:00,20,1
2024-04-27 19:00:00,28,1
2024-04-27 19:00:00,36,1
2024-04-27 19:00:00,38,1
2024-04-27 19:00:00,41,1
2024-04-27 19:00:00,57,1
2024-04-27 19:00:00,58,1
2024-04-27 19:00:00,65,1
2024-04-27 19:00:00,66,1
2024-04-27 19:00:00,67,1
2024-04-27 19:00:00,76,1
2024-04-27 19:00:00,82,1
2024-04-27 19:00:00,92,1
2024-04-27 19:00:00,95,1
2024-04-27 19:00:00,108,1
2024-04-27 19:00:00,124,1
2024-04-27 19:00:00,129,1
2024-04-27 19:00:00,141,1
2024-04-27 19:00:00,144,1
2024-04-27 19:00:00,148,1
2024-04-27 19:00:00,150,1
2024-04-27 19:00:00,152,1
2024-04-27 19:00:00,166,1
2024-04-27 19:00:00,168,1
2024-04-27 19:00:00,175,1
2024-04-27 19:00:00,188,1
2024-04-27 19:00:00,190,1
2024-04-27 19:00:00,196,1
2024-04-27 19:00:00,202,1
2024-04-27 19:00:00,205,1
2024-04-27 19:00:00,206,1
2024-04-27 19:00:00,218,1
2024-04-27 19:00:00,226,1
2024-04-27 19:00:00,228,1
2024-04-27 19:00:00,232,1
2024-04-27 19:00:00,233,1
2024-04-27 19:00:00,237,1
2024-04-27 19:00:00,241,1
2024-04-27 19:00:00,245,1
2024-04-27 19:00:00,247,1
2024-04-27 20:00:00,2,1
2024-04-27 20:00:00,5,1
2024-04-27 20:00:00,18,1
2024-04-27 20:00:00,23,1
2024-04-27 20:00:00,42,1
2024-04-27 20:00:00,62,1
2024-04-27 20:00:00,79,1
2024-04-27 20:00:00,84,1
2024-04-27 20:00:00,93,1
2024-04-27 20:00:00,130,1
2024-04-27 20:00:00,134,1
2024-04-27 20:00:00,140,1
2024-04-27 20:00:00,143,1
2024-04-27 20:00:00,153,1
2024-04-27 20:00:00,155,1
2024-04-27 20:00:00,161,1
2024-04-27 20:00:00,168,1
2024-04-27 20:00:00,180,1
2024-04-27 20:00:00,185,1
2024-04-27 20:00:00,187,1
2024-04-27 20:00:00,190,1
2024-04-27 20:00:00,196,1
2024-04-27 20:00:00,201,1
2024-04-27 20:00:00,204,1
2024-04-27 20:00:00,213,1
2024-04-27 20:00:00,214,1
2024-04-27 20:00:00,231,1
2024-04-27 20:00:00,241,1
2024-04-27 21:00:00,10,1
2024-04-27 21:00:00,13,1
2024-04-27 21:00:00,27,1
2024-04-27 21:00:00,40,1
2024-04-27 21:00:00,48,1
2024-04-27 21:00:00,60,1
2024-04-27 21:00:00,77,1
2024-04-27 21:00:00,88,1
2024-04-27 21:00:00,90,1
2024-04-27 21:00:00,99,1
2024-04-27 21:00:00,115,1
2024-04-27 21:00:00,124,1
2024-04-27 21:00:00,141,1
2024-04-27 21:00:00,143,1
2024-04-27 21:00:00,146,1
2024-04-27 21:00:00,149,1
2024-04-27 21:00:00,156,1
2024-04-27 21:00:00,158,1
2024-04-27 21:00:00,163,1
2024-04-27 21:00:00,185,1
2024-04-27 21:00:00,191,1
2024-04-27 21:00:00,208,1
2024-04-27 21:00:00,216,1
2024-04-27 21:00:00,226,1
2024-04-27 21:00:00,227,1
2024-04-27 21:00:00,229,1
2024-04-27 21:00:00,236,1
2024-04-27 21:00:00,261,1
2024-04-27 22:00:00,14,1
2024-04-27 22:00:00,27,1
2024-04-27 22:00:00,31,1
2024-04-27 22:00:00,39,1
2024-04-27 22:00:00,42,1
2024-04-27 22:00:00,51,1
2024-04-27 22:00:00,60,1
2024-04-27 22:00:00,66,1
2024-04-27 22:00:00,81,1
2024-04-27 22:00:00,86,1
2024-04-27 22:00:00,87,1
2024-04-27 22:00:00,105,1
2024-04-27 22:00:00,106,1
2024-04-27 22:00:00,118,1
2024-04-27 22:00:00,128,1
2024-04-27 22:00:00,130,1
2024-04-27 22:00:00,131,1
2024-04-27 22:00:00,146,1
2024-04-27 22:00:00,151,1
2024-04-27 22:00:00,163,1
2024-04-27 22:00:00,169,1
2024-04-27 22:00:00,203,1
2024-04-27 22:00:00,210,1
2024-04-27 22:00:00,218,1
2024-04-27 22:00:00,228,1
2024-04-27 22:00:00,232,1
2024-04-27 22:00:00,244,1
2024-04-27 22:00:00,245,1
2024-04-27 22:00:00,250,1
2024-04-27 22:00:00,259,1
2024-04-27 23:00:00,6,1
2024-04-27 23:00:00,16,1
2024-04-27 23:00:00,26,1
2024-04-27 23:00:00,42,1
2024-04-27 23:00:00,58,1
2024-04-27 23:00:00,69,1
2024-04-27 23:00:00,71,1
2024-04-27 23:00:00,75,1
2024-04-27 23:00:00,80,1
2024-04-27 23:00:00,98,1
2024-04-27 23:00:00,99,1
2024-04-27 23:00:00,108,1
2024-04-27 23:00:00,114,2
2024-04-27 23:00:00,118,2
2024-04-27 23:00:00,136,1
2024-04-27 23:00:00,145,1
2024-04-27 23:00:00,170,1
2024-04-27 23:00:00,173,1
2024-04-27 23:00:00,188,2
2024-04-27 23:00:00,196,1
2024-04-27 23:00:00,202,2
2024-04-27 23:00:00,209,1
2024-04-27 23:00:00,222,1
2024-04-27 23:00:00,226,1
2024-04-27 23:00:00,245,1
2024-04-27 23:00:00,257,1
2024-04-28 00:00:00,15,1
2024-04-28 00:00:00,34,1
2024-04-28 00:00:00,46,1
2024-04-28 00:00:00,48,1
2024-04-28 00:00:00,49,1
2024-04-28 00:00:00,52,1
2024-04-28 00:00:00,60,1
2024-04-28 00:00:00,72,1
2024-04-28 00:00:00,76,1
2024-04-28 00:00:00,80,1
2024-04-28 00:00:00,81,1
2024-04-28 00:00:00,102,1
2024-04-28 00:00:00,103,1
2024-04-28 00:00:00,130,1
2024-04-28 00:00:00,135,1
2024-04-28 00:00:00,139,1
2024-04-28 00:00:00,143,1
2024-04-28 00:00:00,146,1
2024-04-28 00:00:00,151,1
2024-04-28 00:00:00,189,2
2024-04-28 00:00:00,200,1
2024-04-28 00:00:00,210,1
2024-04-28 00:00:00,213,1
2024-04-28 00:00:00,219,1
2024-04-28 00:00:00,232,1
2024-04-28 00:00:00,238,1
2024-04-28 00:00:00,243,1
2024-04-28 01:00:00,1,1
2024-04-28 01:00:00,15,1
2024-04-28 01:00:00,25,1
2024-04-28 01:00:00,32,1
2024-04-28 01:00:00,41,1
2024-04-28 01:00:00,50,1
2024-04-28 01:00:00,53,2
2024-04-28 01:00:00,56,1
2024-04-28 01:00:00,59,1
2024-04-28 01:00:00,63,1
2024-04-28 01:00:00,87,1
2024-04-28 01:00:00,92,1
2024-04-28 01:00:00,96,1
2024-04-28 01:00:00,117,1
2024-04-28 01:00:00,121,1
2024-04-28 01:00:00,122,1
2024-04-28 01:00:00,123,1
2024-04-28 01:00:00,135,1
2024-04-28 01:00:00,142,1
2024-04-28 01:00:00,164,1
2024-04-28 01:00:00,190,1
2024-04-28 01:00:00,199,1
2024-04-28 01:00:00,215,1
2024-04-28 01:00:00,226,1
2024-04-28 01:00:00,228,1
2024-04-28 01:00:00,237,1
2024-04-28 01:00:00,242,1
2024-04-28 01:00:00,246,1
2024-04-28 01:00:00,261,1
2024-04-28 02:00:00,7,1
2024-04-28 02:00:00,21,1
2024-04-28 02:00:00,30,2
2024-04-28 02:00:00,68,1
2024-04-28 02:00:00,75,1
2024-04-28 02:00:00,86,1
2024-04-28 02:00:00,93,1
2024-04-28 02:00:00,94,1
2024-04-28 02:00:00,99,1
2024-04-28 02:00:00,100,1
2024-04-28 02:00:00,114,1
2024-04-28 02:00:00,131,1
2024-04-28 02:00:00,166,2
2024-04-28 02:00:00,174,1
2024-04-28 02:00:00,178,1
2024-04-28 02:00:00,193,2
2024-04-28 02:00:00,196,1
2024-04-28 02:00:00,203,1
2024-04-28 02:00:00,210,1
2024-04-28 02:00:00,216,1
2024-04-28 02:00:00,233,1
2024-04-28 02:00:00,242,1
2024-04-28 02:00:00,255,2
2024-04-28 02:00:00,257,1
2024-04-28 03:00:00,4,2
2024-04-28 03:00:00,10,1
2024-04-28 03:00:00,12,1
2024-04-28 03:00:00,24,1
2024-04-28 03:00:00,27,1
2024-04-28 03:00:00,32,1
2024-04-28 03:00:00,35,1
2024-04-28 03:00:00,49,1
2024-04-28 03:00:00,73,1
2024-04-28 03:00:00,87,1
2024-04-28 03:00:00,89,1
2024-04-28 03:00:00,90,1
2024-04-28 03:00:00,93,1
2024-04-28 03:00:00,113,1
2024-04-28 03:00:00,115,1
2024-04-28 03:00:00,119,1
2024-04-28 03:00:00,129,1
2024-04-28 03:00:00,134,1
2024-04-28 03:00:00,143,1
2024-04-28 03:00:00,155,1
2024-04-28 03:00:00,165,1
2024-04-28 03:00:00,172,1
2024-04-28 03:00:00,176,1
2024-04-28 03:00:00,195,1
2024-04-28 03:00:00,198,1
2024-04-28 03:00:00,217,2
2024-04-28 03:00:00,219,1
2024-04-28 03:00:00,239,1
2024-04-28 03:00:00,249,1
2024-04-28 04:00:00,28,1
2024-04-28 04:00:00,33,1
2024-04-28 04:00:00,35,1
2024-04-28 04:00:00,43,1
2024-04-28 04:00:00,55,1
2024-04-28 04:00:00,57,1
2024-04-28 04:00:00,63,1
2024-04-28 04:00:00,73,1
2024-04-28 04:00:00,79,1
2024-04-28 04:00:00,80,1
2024-04-28 04:00:00,91,1
2024-04-28 04:00:00,98,1
2024-04-28 04:00:00,107,1
2024-04-28 04:00:00,112,1
2024-04-28 04:00:00,114,1
2024-04-28 04:00:00,126,1
2024-04-28 04:00:00,165,1
2024-04-28 04:00:00,173,1
2024-04-28 04:00:00,178,1
2024-04-28 04:00:00,215,1
2024-04-28 04:00:00,216,1
2024-04-28 04:00:00,241,1
2024-04-28 04:00:00,249,1
2024-04-28 04:00:00,250,1
2024-04-28 04:00:00,260,1
2024-04-28 05:00:00,12,1
2024-04-28 05:00:00,17,1
2024-04-28 05:00:00,29,1
2024-04-28 05:00:00,60,1
2024-04-28 05:00:00,61,1
2024-04-28 05:00:00,67,1
2024-04-28 05:00:00,68,1
2024-04-28 05:00:00,69,1
2024-04-28 05:00:00,73,1
2024-04-28 05:00:00,87,1
2024-04-28 05:00:00,89,1
2024-04-28 05:00:00,119,1
2024-04-28 05:00:00,122,1
2024-04-28 05:00:00,145,1
2024-04-28 05:00:00,156,1
2024-04-28 05:00:00,212,1
2024-04-28 05:00:00,243,1
2024-04-28 05:00:00,262,1
2024-04-28 06:00:00,1,1
2024-04-28 06:00:00,3,1
2024-04-28 06:00:00,31,1
2024-04-28 06:00:00,35,1
2024-04-28 06:00:00,42,1
2024-04-28 06:00:00,43,1
2024-04-28 06:00:00,62,1
2024-04-28 06:00:00,68,1
2024-04-28 06:00:00,78,2
2024-04-28 06:00:00,89,1
2024-04-28 06:00:00,94,1
2024-04-28 06:00:00,108,1
2024-04-28 06:00:00,135,1
2024-04-28 06:00:00,138,1
2024-04-28 06:00:00,152,1
2024-04-28 06:00:00,156,1
2024-04-28 06:00:00,184,1
2024-04-28 06:00:00,186,1
2024-04-28 06:00:00,193,1
2024-04-28 06:00:00,198,1
2024-04-28 06:00:00,219,1
2024-04-28 06:00:00,228,2
2024-04-28 06:00:00,233,2
2024-04-28 06:00:00,254,1
2024-04-28 07:00:00,5,1
2024-04-28 07:00:00,16,1
2024-04-28 07:00:00,32,1
2024-04-28 07:00:00,54,1
2024-04-28 07:00:00,65,1
2024-04-28 07:00:00,74,1
2024-04-28 07:00:00,75,1
2024-04-28 07:00:00,94,1
2024-04-28 07:00:00,108,2
2024-04-28 07:00:00,156,1
2024-04-28 07:00:00,161,1
2024-04-28 07:00:00,163,1
2024-04-28 07:00:00,171,1
2024-04-28 07:00:00,178,1
2024-04-28 07:00:00,179,1
2024-04-28 07:00:00,186,2
2024-04-28 07:00:00,200,1
2024-04-28 07:00:00,202,1
2024-04-28 07:00:00,209,1
2024-04-28 07:00:00,219,1
2024-04-28 08:00:00,4,1
2024-04-28 08:00:00,8,1
2024-04-28 08:00:00,24,1
2024-04-28 08:00:00,28,2
2024-04-28 08:00:00,31,1
2024-04-28 08:00:00,32,1
2024-04-28 08:00:00,37,1
2024-04-28 08:00:00,41,1
2024-04-28 08:00:00,46,2
2024-04-28 08:00:00,48,1
2024-04-28 08:00:00,54,1
2024-04-28 08:00:00,64,1
2024-04-28 08:00:00,92,1
2024-04-28 08:00:00,94,1
2024-04-28 08:00:00,100,1
2024-04-28 08:00:00,118,1
2024-04-28 08:00:00,119,1
2024-04-28 08:00:00,122,2
2024-04-28 08:00:00,136,1
2024-04-28 08:00:00,140,1
2024-04-28 08:00:00,149,1
2024-04-28 08:00:00,150,1
2024-04-28 08:00:00,155,1
2024-04-28 08:00:00,169,1
2024-04-28 08:00:00,175,1
2024-04-28 08:00:00,190,1
2024-04-28 08:00:00,199,1
2024-04-28 08:00:00,210,1
2024-04-28 08:00:00,215,1
2024-04-28 08:00:00,216,1
2024-04-28 08:00:00,232,1
2024-04-28 08:00:00,233,1
2024-04-28 08:00:00,240,1
2024-04-28 08:00:00,248,1
2024-04-28 08:00:00,256,1
2024-04-28 08:00:00,259,2
2024-04-28 09:00:00,3,1
2024-04-28 09:00:00,7,1
2024-04-28 09:00:00,11,1
2024-04-28 09:00:00,26,1
2024-04-28 09:00:00,29,1
2024-04-28 09:00:00,31,2
2024-04-28 09:00:00,39,1
2024-04-28 09:00:00,41,1
2024-04-28 09:00:00,54,1
2024-04-28 09:00:00,56,2
2024-04-28 09:00:00,61,1
2024-04-28 09:00:00,64,1
2024-04-28 09:00:00,66,2
2024-04-28 09:00:00,69,1
2024-04-28 09:00:00,74,1
2024-04-28 09:00:00,81,1
2024-04-28 09:00:00,96,2
2024-04-28 09:00:00,100,1
2024-04-28 09:00:00,102,1
2024-04-28 09:00:00,109,1
2024-04-28 09:00:00,118,1
2024-04-28 09:00:00,121,2
2024-04-28 09:00:00,129,1
2024-04-28 09:00:00,166,1
2024-04-28 09:00:00,175,1
2024-04-28 09:00:00,194,1
2024-04-28 09:00:00,208,1
2024-04-28 09:00:00,224,1
2024-04-28 09:00:00,236,1
2024-04-28 09:00:00,238,1
2024-04-28 09:00:00,250,2
2024-04-28 09:00:00,260,1
2024-04-28 10:00:00,23,1
2024-04-28 10:00:00,41,1
2024-04-28 10:00:00,61,2
2024-04-28 10:00:00,64,1
2024-04-28 10:00:00,84,1
2024-04-28 10:00:00,92,2
2024-04-28 10:00:00,132,1
2024-04-28 10:00:00,135,1
2024-04-28 10:00:00,155,1
2024-04-28 10:00:00,168,1
2024-04-28 10:00:00,216,1
2024-04-28 10:00:00,222,1
2024-04-28 10:00:00,223,1
2024-04-28 10:00:00,224,1
2024-04-28 10:00:00,238,1
2024-04-28 10:00:00,244,1
2024-04-28 11:00:00,1,1
2024-04-28 11:00:00,32,1
2024-04-28 11:00:00,35,1
2024-04-28 11:00:00,37,1
2024-04-28 11:00:00,46,1
2024-04-28 11:00:00,64,1
2024-04-28 11:00:00,72,1
2024-04-28 11:00:00,76,1
2024-04-28 11:00:00,78,1
2024-04-28 11:00:00,79,2
2024-04-28 11:00:00,80,1
2024-04-28 11:00:00,98,1
2024-04-28 11:00:00,106,1
2024-04-28 11:00:00,132,1
2024-04-28 11:00:00,136,1
2024-04-28 11:00:00,171,1
2024-04-28 11:00:00,172,1
2024-04-28 11:00:00,173,1
2024-04-28 11:00:00,185,1
2024-04-28 11:00:00,200,1
2024-04-28 11:00:00,202,1
2024-04-28 11:00:00,203,1
2024-04-28 11:00:00,206,1
2024-04-28 11:00:00,207,1
2024-04-28 11:00:00,210,1
2024-04-28 11:00:00,222,1
2024-04-28 11:00:00,232,1
2024-04-28 11:00:00,240,1
2024-04-28 11:00:00,241,1
2024-04-28 11:00:00,255,1
2024-04-28 11:00:00,258,1
2024-04-28 11:00:00,259,1
2024-04-28 12:00:00,3,1
2024-04-28 12:00:00,4,1
2024-04-28 12:00:00,15,1
2024-04-28 12:00:00,16,1
2024-04-28 12:00:00,18,1
2024-04-28 12:00:00,30,1
2024-04-28 12:00:00,50,1
2024-04-28 12:00:00,59,1
2024-04-28 12:00:00,69,1
2024-04-28 12:00:00,72,1
2024-04-28 12:00:00,81,1
2024-04-28 12:00:00,83,1
2024-04-28 12:00:00,85,1
2024-04-28 12:00:00,90,1
2024-04-28 12:00:00,92,1
2024-04-28 12:00:00,95,1
2024-04-28 12:00:00,99,1
2024-04-28 12:00:00,127,2
2024-04-28 12:00:00,148,1
2024-04-28 12:00:00,150,1
2024-04-28 12:00:00,162,1
2024-04-28 12:00:00,165,1
2024-04-28 12:00:00,174,1
2024-04-28 12:00:00,189,1
2024-04-28 12:00:00,190,1
2024-04-28 12:00:00,191,1
2024-04-28 12:00:00,193,1
2024-04-28 12:00:00,195,1
2024-04-28 12:00:00,198,1
2024-04-28 12:00:00,219,1
2024-04-28 12:00:00,230,1
2024-04-28 12:00:00,261,1
2024-04-28 13:00:00,4,1
2024-04-28 13:00:00,10,1
2024-04-28 13:00:00,13,1
2024-04-28 13:00:00,18,1
2024-04-28 13:00:00,19,1
2024-04-28 13:00:00,30,1
2024-04-28 13:00:00,41,1
2024-04-28 13:00:00,54,1
2024-04-28 13:00:00,55,1
2024-04-28 13:00:00,56,1
2024-04-28 13:00:00,65,1
2024-04-28 13:00:00,73,1
2024-04-28 13:00:00,79,1
2024-04-28 13:00:00,80,2
2024-04-28 13:00:00,98,1
2024-04-28 13:00:00,107,1
2024-04-28 13:00:00,114,1
2024-04-28 13:00:00,124,2
2024-04-28 13:00:00,126,2
2024-04-28 13:00:00,145,1
2024-04-28 13:00:00,148,1
2024-04-28 13:00:00,177,1
2024-04-28 13:00:00,185,1
2024-04-28 13:00:00,196,1
2024-04-28 13:00:00,197,1
2024-04-28 13:00:00,200,1
2024-04-28 13:00:00,221,1
2024-04-28 13:00:00,222,2
2024-04-28 13:00:00,226,1
2024-04-28 13:00:00,230,1
2024-04-28 13:00:00,249,1
2024-04-28 13:00:00,253,1
2024-04-28 14:00:00,7,2
2024-04-28 14:00:00,15,1
2024-04-28 14:00:00,21,1
2024-04-28 14:00:00,46,1
2024-04-28 14:00:00,63,1
2024-04-28 14:00:00,68,1
2024-04-28 14:00:00,72,1
2024-04-28 14:00:00,92,1
2024-04-28 14:00:00,95,1
2024-04-28 14:00:00,113,1
2024-04-28 14:00:00,117,1
2024-04-28 14:00:00,119,1
2024-04-28 14:00:00,120,1
2024-04-28 14:00:00,129,1
2024-04-28 14:00:00,130,1
2024-04-28 14:00:00,134,1
2024-04-28 14:00:00,155,1
2024-04-28 14:00:00,172,1
2024-04-28 14:00:00,181,1
2024-04-28 14:00:00,187,1
2024-04-28 14:00:00,193,1
2024-04-28 14:00:00,204,1
2024-04-28 14:00:00,205,1
2024-04-28 14:00:00,210,1
2024-04-28 14:00:00,234,1
2024-04-28 14:00:00,244,1
2024-04-28 14:00:00,247,1
2024-04-28 14:00:00,248,1
2024-04-28 14:00:00,258,1
2024-04-28 15:00:00,22,1
2024-04-28 15:00:00,28,1
2024-04-28 15:00:00,29,1
2024-04-28 15:00:00,42,1
2024-04-28 15:00:00,46,1
2024-04-28 15:00:00,53,1
2024-04-28 15:00:00,72,1
2024-04-28 15:00:00,80,1
2024-04-28 15:00:00,91,1
2024-04-28 15:00:00,93,1
2024-04-28 15:00:00,119,1
2024-04-28 15:00:00,121,1
2024-04-28 15:00:00,133,1
2024-04-28 15:00:00,164,1
2024-04-28 15:00:00,168,1
2024-04-28 15:00:00,189,2
2024-04-28 15:00:00,193,1
2024-04-28 15:00:00,208,1
2024-04-28 15:00:00,223,1
2024-04-28 15:00:00,225,1
2024-04-28 15:00:00,238,2
2024-04-28 15:00:00,243,1
2024-04-28 15:00:00,245,1
2024-04-28 15:00:00,248,1
2024-04-28 15:00:00,253,1
2024-04-28 15:00:00,255,1
2024-04-28 16:00:00,12,2
2024-04-28 16:00:00,15,1
2024-04-28 16:00:00,26,1
2024-04-28 16:00:00,32,1
2024-04-28 16:00:00,48,1
2024-04-28 16:00:00,67,1
2024-04-28 16:00:00,74,1
2024-04-28 16:00:00,82,1
2024-04-28 16:00:00,89,1
2024-04-28 16:00:00,98,1
2024-04-28 16:00:00,120,1
2024-04-28 16:00:00,131,1
2024-04-28 16:00:00,135,1
2024-04-28 16:00:00,145,1
2024-04-28 16:00:00,170,1
2024-04-28 16:00:00,174,1
2024-04-28 16:00:00,208,1
2024-04-28 16:00:00,219,1
2024-04-28 16:00:00,237,1
2024-04-28 16:00:00,262,1
2024-04-28 17:00:00,1,1
2024-04-28 17:00:00,7,1
2024-04-28 17:00:00,29,1
2024-04-28 17:00:00,46,2
2024-04-28 17:00:00,47,1
2024-04-28 17:00:00,72,1
2024-04-28 17:00:00,79,1
2024-04-28 17:00:00,80,1
2024-04-28 17:00:00,98,1
2024-04-28 17:00:00,103,1
2024-04-28 17:00:00,113,1
2024-04-28 17:00:00,121,1
2024-04-28 17:00:00,126,1
2024-04-28 17:00:00,135,1
2024-04-28 17:00:00,148,1
2024-04-28 17:00:00,159,1
2024-04-28 17:00:00,164,1
2024-04-28 17:00:00,196,1
2024-04-28 17:00:00,197,1
2024-04-28 17:00:00,208,1
2024-04-28 17:00:00,211,1
2024-04-28 17:00:00,213,1
2024-04-28 17:00:00,220,1
2024-04-28 17:00:00,222,1
2024-04-28 17:00:00,234,1
2024-04-28 17:00:00,235,1
2024-04-28 17:00:00,252,2
2024-04-28 17:00:00,254,1
2024-04-28 17:00:00,261,1
2024-04-28 18:00:00,8,1
2024-04-28 18:00:00,24,1
2024-04-28 18:00:00,31,1
2024-04-28 18:00:00,33,1
2024-04-28 18:00:00,34,1
2024-04-28 18:00:00,51,1
2024-04-28 18:00:00,62,1
2024-04-28 18:00:00,67,1
2024-04-28 18:00:00,74,1
2024-04-28 18:00:00,80,1
2024-04-28 18:00:00,81,1
2024-04-28 18:00:00,105,1
2024-04-28 18:00:00,109,1
2024-04-28 18:00:00,110,1
2024-04-28 18:00:00,122,1
2024-04-28 18:00:00,125,1
2024-04-28 18:00:00,128,1
2024-04-28 18:00:00,132,1
2024-04-28 18:00:00,134,1
2024-04-28 18:00:00,135,1
2024-04-28 18:00:00,136,1
2024-04-28 18:00:00,139,1
2024-04-28 18:00:00,148,1
2024-04-28 18:00:00,165,1
2024-04-28 18:00:00,180,1
2024-04-28 18:00:00,200,1
2024-04-28 18:00:00,215,1
2024-04-28 18:00:00,219,1
2024-04-28 18:00:00,235,1
2024-04-28 18:00:00,255,1
2024-04-28 19:00:00,3,1
2024-04-28 19:00:00,5,1
2024-04-28 19:00:00,7,1
2024-04-28 19:00:00,27,1
2024-04-28 19:00:00,35,1
2024-04-28 19:00:00,45,1
2024-04-28 19:00:00,70,1
2024-04-28 19:00:00,79,1
2024-04-28 19:00:00,95,1
2024-04-28 19:00:00,108,1
2024-04-28 19:00:00,137,1
2024-04-28 19:00:00,142,1
2024-04-28 19:00:00,148,1
2024-04-28 19:00:00,168,2
2024-04-28 19:00:00,183,1
2024-04-28 19:00:00,187,1
2024-04-28 19:00:00,218,1
2024-04-28 19:00:00,223,1
2024-04-28 19:00:00,233,1
2024-04-28 19:00:00,249,1
2024-04-28 19:00:00,259,1
2024-04-28 20:00:00,13,1
2024-04-28 20:00:00,30,1
2024-04-28 20:00:00,32,1
2024-04-28 20:00:00,37,1
2024-04-28 20:00:00,48,1
2024-04-28 20:00:00,56,1
2024-04-28 20:00:00,62,1
2024-04-28 20:00:00,73,1
2024-04-28 20:00:00,77,1
2024-04-28 20:00:00,83,1
2024-04-28 20:00:00,88,2
2024-04-28 20:00:00,89,1
2024-04-28 20:00:00,94,1
2024-04-28 20:00:00,132,1
2024-04-28 20:00:00,135,1
2024-04-28 20:00:00,136,1
2024-04-28 20:00:00,141,1
2024-04-28 20:00:00,153,1
2024-04-28 20:00:00,178,1
2024-04-28 20:00:00,188,1
2024-04-28 20:00:00,213,1
2024-04-28 20:00:00,214,1
2024-04-28 20:00:00,222,1
2024-04-28 20:00:00,227,1
2024-04-28 20:00:00,237,1
2024-04-28 20:00:00,256,1
2024-04-28 20:00:00,262,1
2024-04-28 21:00:00,13,1
2024-04-28 21:00:00,20,1
2024-04-28 21:00:00,25,1
2024-04-28 21:00:00,31,1
2024-04-28 21:00:00,40,1
2024-04-28 21:00:00,44,2
2024-04-28 21:00:00,52,1
2024-04-28 21:00:00,65,1
2024-04-28 21:00:00,69,1
2024-04-28 21:00:00,78,1
2024-04-28 21:00:00,87,1
2024-04-28 21:00:00,95,1
2024-04-28 21:00:00,107,2
2024-04-28 21:00:00,116,1
2024-04-28 21:00:00,162,1
2024-04-28 21:00:00,188,1
2024-04-28 21:00:00,205,1
2024-04-28 21:00:00,215,1
2024-04-28 21:00:00,242,1
2024-04-28 21:00:00,247,1
2024-04-28 21:00:00,249,1
2024-04-28 21:00:00,262,1
2024-04-28 22:00:00,17,1
2024-04-28 22:00:00,20,1
2024-04-28 22:00:00,21,1
2024-04-28 22:00:00,33,1
2024-04-28 22:00:00,34,1
2024-04-28 22:00:00,46,1
2024-04-28 22:00:00,56,1
2024-04-28 22:00:00,68,1
2024-04-28 22:00:00,69,1
2024-04-28 22:00:00,74,1
2024-04-28 22:00:00,80,1
2024-04-28 22:00:00,88,2
2024-04-28 22:00:00,106,1
2024-04-28 22:00:00,112,1
2024-04-28 22:00:00,116,1
2024-04-28 22:00:00,126,1
2024-04-28 22:00:00,154,1
2024-04-28 22:00:00,174,1
2024-04-28 22:00:00,183,1
2024-04-28 22:00:00,220,1
2024-04-28 22:00:00,231,1
2024-04-28 22:00:00,250,1
2024-04-28 22:00:00,252,1
2024-04-28 22:00:00,257,1
2024-04-28 22:00:00,262,1
2024-04-28 23:00:00,2,1
2024-04-28 23:00:00,7,1
2024-04-28 23:00:00,18,1
2024-04-28 23:00:00,44,1
2024-04-28 23:00:00,56,1
2024-04-28 23:00:00,63,1
2024-04-28 23:00:00,70,1
2024-04-28 23:00:00,77,1
2024-04-28 23:00:00,101,1
2024-04-28 23:00:00,109,1
2024-04-28 23:00:00,114,1
2024-04-28 23:00:00,162,1
2024-04-28 23:00:00,167,1
2024-04-28 23:00:00,183,1
2024-04-28 23:00:00,194,1
2024-04-28 23:00:00,203,1
2024-04-28 23:00:00,208,1
2024-04-28 23:00:00,214,1
2024-04-28 23:00:00,216,2
2024-04-28 23:00:00,256,1
2024-04-28 23:00:00,257,1
2024-04-29 00:00:00,26,1
2024-04-29 00:00:00,39,1
2024-04-29 00:00:00,42,1
2024-04-29 00:00:00,48,1
2024-04-29 00:00:00,52,1
2024-04-29 00:00:00,53,1
2024-04-29 00:00:00,57,1
2024-04-29 00:00:00,58,1
2024-04-29 00:00:00,64,1
2024-04-29 00:00:00,67,1
2024-04-29 00:00:00,82,1
2024-04-29 00:00:00,87,1
2024-04-29 00:00:00,99,1
2024-04-29 00:00:00,125,1
2024-04-29 00:00:00,128,1
2024-04-29 00:00:00,170,1
2024-04-29 00:00:00,171,1
2024-04-29 00:00:00,185,1
2024-04-29 00:00:00,194,1
2024-04-29 00:00:00,200,1
2024-04-29 00:00:00,213,1
2024-04-29 00:00:00,221,1
2024-04-29 00:00:00,258,1
2024-04-29 01:00:00,3,1
2024-04-29 01:00:00,11,1
2024-04-29 01:00:00,19,1
2024-04-29 01:00:00,21,2
2024-04-29 01:00:00,29,1
2024-04-29 01:00:00,32,1
2024-04-29 01:00:00,34,1
2024-04-29 01:00:00,58,1
2024-04-29 01:00:00,76,1
2024-04-29 01:00:00,94,1
2024-04-29 01:00:00,117,2
2024-04-29 01:00:00,119,1
2024-04-29 01:00:00,147,1
2024-04-29 01:00:00,148,1
2024-04-29 01:00:00,165,1
2024-04-29 01:00:00,179,1
2024-04-29 01:00:00,182,1
2024-04-29 01:00:00,197,1
2024-04-29 01:00:00,204,1
2024-04-29 01:00:00,228,1
2024-04-29 01:00:00,234,1
2024-04-29 01:00:00,253,1
2024-04-29 01:00:00,254,1
2024-04-29 01:00:00,259,2
2024-04-29 01:00:00,263,1
2024-04-29 02:00:00,2,1
2024-04-29 02:00:00,21,1
2024-04-29 02:00:00,25,1
2024-04-29 02:00:00,36,2
2024-04-29 02:00:00,38,1
2024-04-29 02:00:00,43,1
2024-04-29 02:00:00,58,1
2024-04-29 02:00:00,72,2
2024-04-29 02:00:00,79,1
2024-04-29 02:00:00,83,1
2024-04-29 02:00:00,95,1
2024-04-29 02:00:00,99,1
2024-04-29 02:00:00,110,1
2024-04-29 02:00:00,114,1
2024-04-29 02:00:00,127,1
2024-04-29 02:00:00,136,1
2024-04-29 02:00:00,145,1
2024-04-29 02:00:00,146,1
2024-04-29 02:00:00,149,1
2024-04-29 02:00:00,158,1
2024-04-29 02:00:00,161,1
2024-04-29 02:00:00,168,1
2024-04-29 02:00:00,174,1
2024-04-29 02:00:00,189,1
2024-04-29 02:00:00,195,1
2024-04-29 02:00:00,209,1
2024-04-29 02:00:00,213,1
2024-04-29 02:00:00,235,1
2024-04-29 02:00:00,252,1
2024-04-29 02:00:00,258,1
2024-04-29 03:00:00,13,1
2024-04-29 03:00:00,16,1
2024-04-29 03:00:00,61,1
2024-04-29 03:00:00,69,1
2024-04-29 03:00:00,71,1
2024-04-29 03:00:00,77,1
2024-04-29 03:00:00,89,1
2024-04-29 03:00:00,93,1
2024-04-29 03:00:00,94,1
2024-04-29 03:00:00,106,1
2024-04-29 03:00:00,125,1
2024-04-29 03:00:00,126,2
2024-04-29 03:00:00,127,1
2024-04-29 03:00:00,143,1
2024-04-29 03:00:00,146,1
2024-04-29 03:00:00,166,1
2024-04-29 03:00:00,171,1
2024-04-29 03:00:00,173,1
2024-04-29 03:00:00,197,1
2024-04-29 03:00:00,212,1
2024-04-29 03:00:00,214,2
2024-04-29 03:00:00,225,1
2024-04-29 03:00:00,234,1
2024-04-29 03:00:00,237,1
2024-04-29 03:00:00,244,1
2024-04-29 03:00:00,247,1
2024-04-29 03:00:00,251,1
2024-04-29 03:00:00,254,1
2024-04-29 03:00:00,257,1
2024-04-29 04:00:00,6,1
2024-04-29 04:00:00,15,1
2024-04-29 04:00:00,16,1
2024-04-29 04:00:00,19,2
2024-04-29 04:00:00,20,1
2024-04-29 04:00:00,22,1
2024-04-29 04:00:00,43,1
2024-04-29 04:00:00,61,1
2024-04-29 04:00:00,81,1
2024-04-29 04:00:00,88,1
2024-04-29 04:00:00,94,1
2024-04-29 04:00:00,109,1
2024-04-29 04:00:00,128,1
2024-04-29 04:00:00,147,1
2024-04-29 04:00:00,149,1
2024-04-29 04:00:00,178,1
2024-04-29 04:00:00,181,1
2024-04-29 04:00:00,197,1
2024-04-29 04:00:00,209,1
2024-04-29 04:00:00,216,1
2024-04-29 04:00:00,217,1
2024-04-29 04:00:00,227,3
2024-04-29 04:00:00,231,1
2024-04-29 04:00:00,233,1
2024-04-29 04:00:00,260,1
2024-04-29 05:00:00,2,1
2024-04-29 05:00:00,24,1
2024-04-29 05:00:00,34,1
2024-04-29 05:00:00,44,1
2024-04-29 05:00:00,51,1
2024-04-29 05:00:00,59,1
2024-04-29 05:00:00,66,1
2024-04-29 05:00:00,72,1
2024-04-29 05:00:00,76,1
2024-04-29 05:00:00,78,1
2024-04-29 05:00:00,96,1
2024-04-29 05:00:00,101,1
2024-04-29 05:00:00,112,1
2024-04-29 05:00:00,115,1
2024-04-29 05:00:00,124,1
2024-04-29 05:00:00,142,1
2024-04-29 05:00:00,151,1
2024-04-29 05:00:00,165,1
2024-04-29 05:00:00,184,1
2024-04-29 05:00:00,185,1
2024-04-29 05:00:00,190,1
2024-04-29 05:00:00,209,1
2024-04-29 05:00:00,218,1
2024-04-29 05:00:00,219,1
2024-04-29 05:00:00,234,1
2024-04-29 06:00:00,14,1
2024-04-29 06:00:00,29,1
2024-04-29 06:00:00,34,1
2024-04-29 06:00:00,36,1
2024-04-29 06:00:00,39,2
2024-04-29 06:00:00,42,1
2024-04-29 06:00:00,61,1
2024-04-29 06:00:00,77,1
2024-04-29 06:00:00,89,1
2024-04-29 06:00:00,92,1
2024-04-29 06:00:00,94,1
2024-04-29 06:00:00,105,1
2024-04-29 06:00:00,122,1
2024-04-29 06:00:00,125,1
2024-04-29 06:00:00,133,1
2024-04-29 06:00:00,137,1
2024-04-29 06:00:00,144,1
2024-04-29 06:00:00,145,1
2024-04-29 06:00:00,147,1
2024-04-29 06:00:00,154,1
2024-04-29 06:00:00,157,1
2024-04-29 06:00:00,167,1
2024-04-29 06:00:00,168,1
2024-04-29 06:00:00,169,1
2024-04-29 06:00:00,181,1
2024-04-29 06:00:00,185,1
2024-04-29 06:00:00,186,1
2024-04-29 06:00:00,187,1
2024-04-29 06:00:00,188,1
2024-04-29 06:00:00,223,1
2024-04-29 06:00:00,225,1
2024-04-29 06:00:00,229,1
2024-04-29 06:00:00,241,1
2024-04-29 07:00:00,3,1
2024-04-29 07:00:00,4,1
2024-04-29 07:00:00,5,1
2024-04-29 07:00:00,18,1
2024-04-29 07:00:00,26,1
2024-04-29 07:00:00,35,1
2024-04-29 07:00:00,52,1
2024-04-29 07:00:00,62,1
2024-04-29 07:00:00,70,2
2024-04-29 07:00:00,91,1
2024-04-29 07:00:00,95,1
2024-04-29 07:00:00,104,1
2024-04-29 07:00:00,108,1
2024-04-29 07:00:00,111,1
2024-04-29 07:00:00,115,2
2024-04-29 07:00:00,141,1
2024-04-29 07:00:00,201,1
2024-04-29 07:00:00,203,2
2024-04-29 07:00:00,219,1
2024-04-29 07:00:00,238,1
2024-04-29 07:00:00,262,1
2024-04-29 08:00:00,3,1
2024-04-29 08:00:00,45,1
2024-04-29 08:00:00,64,1
2024-04-29 08:00:00,70,1
2024-04-29 08:00:00,94,1
2024-04-29 08:00:00,101,1
2024-04-29 08:00:00,121,1
2024-04-29 08:00:00,139,1
2024-04-29 08:00:00,140,1
2024-04-29 08:00:00,147,1
2024-04-29 08:00:00,148,1
2024-04-29 08:00:00,149,1
2024-04-29 08:00:00,156,1
2024-04-29 08:00:00,162,1
2024-04-29 08:00:00,166,1
2024-04-29 08:00:00,178,1
2024-04-29 08:00:00,180,1
2024-04-29 08:00:00,182,1
2024-04-29 08:00:00,185,1
2024-04-29 08:00:00,188,1
2024-04-29 08:00:00,196,1
2024-04-29 08:00:00,212,1
2024-04-29 08:00:00,228,1
2024-04-29 09:00:00,3,1
2024-04-29 09:00:00,19,2
2024-04-29 09:00:00,23,1
2024-04-29 09:00:00,33,1
2024-04-29 09:00:00,37,1
2024-04-29 09:00:00,48,1
2024-04-29 09:00:00,65,1
2024-04-29 09:00:00,90,1
2024-04-29 09:00:00,100,1
2024-04-29 09:00:00,119,1
2024-04-29 09:00:00,129,1
2024-04-29 09:00:00,134,1
2024-04-29 09:00:00,136,1
2024-04-29 09:00:00,146,1
2024-04-29 09:00:00,151,1
2024-04-29 09:00:00,155,1
2024-04-29 09:00:00,156,1
2024-04-29 09:00:00,164,1
2024-04-29 09:00:00,190,1
2024-04-29 09:00:00,192,1
2024-04-29 09:00:00,205,1
2024-04-29 09:00:00,225,1
2024-04-29 09:00:00,227,1
2024-04-29 09:00:00,230,1
2024-04-29 09:00:00,245,1
2024-04-29 10:00:00,6,1
2024-04-29 10:00:00,7,2
2024-04-29 10:00:00,27,1
2024-04-29 10:00:00,31,1
2024-04-29 10:00:00,36,1
2024-04-29 10:00:00,39,2
2024-04-29 10:00:00,46,1
2024-04-29 10:00:00,68,2
2024-04-29 10:00:00,83,1
2024-04-29 10:00:00,98,1
2024-04-29 10:00:00,108,1
2024-04-29 10:00:00,117,1
2024-04-29 10:00:00,118,1
2024-04-29 10:00:00,120,1
2024-04-29 10:00:00,141,1
2024-04-29 10:00:00,146,1
2024-04-29 10:00:00,152,1
2024-04-29 10:00:00,155,1
2024-04-29 10:00:00,158,1
2024-04-29 10:00:00,204,1
2024-04-29 10:00:00,215,1
2024-04-29 10:00:00,217,1
2024-04-29 10:00:00,220,1
2024-04-29 10:00:00,230,1
2024-04-29 11:00:00,27,1
2024-04-29 11:00:00,44,1
2024-04-29 11:00:00,47,1
2024-04-29 11:00:00,55,1
2024-04-29 11:00:00,58,1
2024-04-29 11:00:00,59,1
2024-04-29 11:00:00,61,1
2024-04-29 11:00:00,62,1
2024-04-29 11:00:00,63,1
2024-04-29 11:00:00,94,2
2024-04-29 11:00:00,102,1
2024-04-29 11:00:00,109,2
2024-04-29 11:00:00,132,1
2024-04-29 11:00:00,134,2
2024-04-29 11:00:00,146,1
2024-04-29 11:00:00,149,1
2024-04-29 11:00:00,160,1
2024-04-29 11:00:00,173,1
2024-04-29 11:00:00,175,1
2024-04-29 11:00:00,178,1
2024-04-29 11:00:00,183,1
2024-04-29 11:00:00,184,1
2024-04-29 11:00:00,197,1
2024-04-29 11:00:00,199,1
2024-04-29 11:00:00,201,1
2024-04-29 11:00:00,219,1
2024-04-29 11:00:00,244,1
2024-04-29 11:00:00,252,2
2024-04-29 12:00:00,5,1
2024-04-29 12:00:00,6,1
2024-04-29 12:00:00,7,1
2024-04-29 12:00:00,11,1
2024-04-29 12:00:00,21,1
2024-04-29 12:00:00,46,1
2024-04-29 12:00:00,66,1
2024-04-29 12:00:00,68,1
2024-04-29 12:00:00,75,1
2024-04-29 12:00:00,85,1
2024-04-29 12:00:00,90,1
2024-04-29 12:00:00,102,1
2024-04-29 12:00:00,114,1
2024-04-29 12:00:00,137,1
2024-04-29 12:00:00,140,1
2024-04-29 12:00:00,158,1
2024-04-29 12:00:00,186,1
2024-04-29 12:00:00,210,1
2024-04-29 12:00:00,236,1
2024-04-29 12:00:00,237,1
2024-04-29 12:00:00,242,1
2024-04-29 12:00:00,248,1
2024-04-29 12:00:00,251,1
2024-04-29 13:00:00,1,1
2024-04-29 13:00:00,13,1
2024-04-29 13:00:00,16,1
2024-04-29 13:00:00,29,1
2024-04-29 13:00:00,39,1
2024-04-29 13:00:00,55,1
2024-04-29 13:00:00,56,1
2024-04-29 13:00:00,63,1
2024-04-29 13:00:00,64,1
2024-04-29 13:00:00,66,1
2024-04-29 13:00:00,81,1
2024-04-29 13:00:00,83,1
2024-04-29 13:00:00,117,1
2024-04-29 13:00:00,125,1
2024-04-29 13:00:00,129,1
2024-04-29 13:00:00,149,1
2024-04-29 13:00:00,155,2
2024-04-29 13:00:00,163,1
2024-04-29 13:00:00,167,1
2024-04-29 13:00:00,169,1
2024-04-29 13:00:00,178,1
2024-04-29 13:00:00,180,1
2024-04-29 13:00:00,181,1
2024-04-29 13:00:00,187,1
2024-04-29 13:00:00,208,1
2024-04-29 13:00:00,227,1
2024-04-29 13:00:00,233,1
2024-04-29 13:00:00,238,1
2024-04-29 13:00:00,253,1
2024-04-29 13:00:00,260,1
2024-04-29 14:00:00,4,2
2024-04-29 14:00:00,15,1
2024-04-29 14:00:00,31,1
2024-04-29 14:00:00,36,1
2024-04-29 14:00:00,37,2
2024-04-29 14:00:00,39,1
2024-04-29 14:00:00,40,1
2024-04-29 14:00:00,41,1
2024-04-29 14:00:00,46,1
2024-04-29 14:00:00,53,1
2024-04-29 14:00:00,55,1
2024-04-29 14:00:00,73,1
2024-04-29 14:00:00,84,1
2024-04-29 14:00:00,91,1
2024-04-29 14:00:00,101,1
2024-04-29 14:00:00,108,1
2024-04-29 14:00:00,112,1
2024-04-29 14:00:00,119,1
2024-04-29 14:00:00,126,1
2024-04-29 14:00:00,136,1
2024-04-29 14:00:00,138,1
2024-04-29 14:00:00,153,1
2024-04-29 14:00:00,157,1
2024-04-29 14:00:00,165,1
2024-04-29 14:00:00,179,1
2024-04-29 14:00:00,182,1
2024-04-29 14:00:00,201,1
2024-04-29 14:00:00,216,1
2024-04-29 14:00:00,217,1
2024-04-29 14:00:00,218,1
2024-04-29 14:00:00,221,1
2024-04-29 14:00:00,224,1
2024-04-29 14:00:00,232,1
2024-04-29 14:00:00,234,1
2024-04-29 14:00:00,239,1
2024-04-29 14:00:00,241,1
2024-04-29 14:00:00,243,1
2024-04-29 14:00:00,247,1
2024-04-29 14:00:00,249,2
2024-04-29 14:00:00,252,1
2024-04-29 15:00:00,2,1
2024-04-29 15:00:00,4,1
2024-04-29 15:00:00,35,1
2024-04-29 15:00:00,38,1
2024-04-29 15:00:00,49,1
2024-04-29 15:00:00,60,1
2024-04-29 15:00:00,72,1
2024-04-29 15:00:00,81,1
2024-04-29 15:00:00,103,1
2024-04-29 15:00:00,109,1
2024-04-29 15:00:00,123,1
2024-04-29 15:00:00,143,1
2024-04-29 15:00:00,163,1
2024-04-29 15:00:00,166,1
2024-04-29 15:00:00,171,1
2024-04-29 15:00:00,178,1
2024-04-29 15:00:00,181,1
2024-04-29 15:00:00,188,1
2024-04-29 15:00:00,196,1
2024-04-29 15:00:00,208,1
2024-04-29 15:00:00,249,1
2024-04-29 16:00:00,7,1
2024-04-29 16:00:00,11,1
2024-04-29 16:00:00,19,1
2024-04-29 16:00:00,75,2
2024-04-29 16:00:00,76,1
2024-04-29 16:00:00,87,1
2024-04-29 16:00:00,100,1
2024-04-29 16:00:00,111,1
2024-04-29 16:00:00,115,1
2024-04-29 16:00:00,122,1
2024-04-29 16:00:00,133,1
2024-04-29 16:00:00,140,1
2024-04-29 16:00:00,186,1
2024-04-29 16:00:00,221,1
2024-04-29 16:00:00,223,1
2024-04-29 16:00:00,240,1
2024-04-29 16:00:00,244,1
2024-04-29 16:00:00,249,1
2024-04-29 16:00:00,252,1
2024-04-29 16:00:00,253,1
2024-04-29 16:00:00,256,1
2024-04-29 16:00:00,257,1
2024-04-29 17:00:00,7,1
2024-04-29 17:00:00,13,1
2024-04-29 17:00:00,24,1
2024-04-29 17:00:00,31,1
2024-04-29 17:00:00,43,1
2024-04-29 17:00:00,44,1
2024-04-29 17:00:00,54,1
2024-04-29 17:00:00,63,1
2024-04-29 17:00:00,82,1
2024-04-29 17:00:00,119,1
2024-04-29 17:00:00,141,1
2024-04-29 17:00:00,142,1
2024-04-29 17:00:00,161,1
2024-04-29 17:00:00,179,1
2024-04-29 17:00:00,193,1
2024-04-29 17:00:00,196,1
2024-04-29 17:00:00,210,1
2024-04-29 17:00:00,222,1
2024-04-29 17:00:00,246,1
2024-04-29 17:00:00,253,1
2024-04-29 18:00:00,12,1
2024-04-29 18:00:00,21,1
2024-04-29 18:00:00,47,1
2024-04-29 18:00:00,57,1
2024-04-29 18:00:00,63,1
2024-04-29 18:00:00,77,1
2024-04-29 18:00:00,89,1
2024-04-29 18:00:00,94,2
2024-04-29 18:00:00,112,1
2024-04-29 18:00:00,113,1
2024-04-29 18:00:00,120,1
2024-04-29 18:00:00,138,1
2024-04-29 18:00:00,144,1
2024-04-29 18:00:00,148,1
2024-04-29 18:00:00,169,1
2024-04-29 18:00:00,177,1
2024-04-29 18:00:00,218,1
2024-04-29 18:00:00,244,1
2024-04-29 18:00:00,250,1
2024-04-29 18:00:00,252,1
2024-04-29 18:00:00,254,1
2024-04-29 19:00:00,1,1
2024-04-29 19:00:00,6,1
2024-04-29 19:00:00,19,1
2024-04-29 19:00:00,30,1
2024-04-29 19:00:00,42,1
2024-04-29 19:00:00,46,1
2024-04-29 19:00:00,47,1
2024-04-29 19:00:00,56,1
2024-04-29 19:00:00,61,1
2024-04-29 19:00:00,62,1
2024-04-29 19:00:00,71,2
2024-04-29 19:00:00,82,1
2024-04-29 19:00:00,83,1
2024-04-29 19:00:00,87,1
2024-04-29 19:00:00,95,1
2024-04-29 19:00:00,96,1
2024-04-29 19:00:00,104,1
2024-04-29 19:00:00,114,1
2024-04-29 19:00:00,144,1
2024-04-29 19:00:00,149,1
2024-04-29 19:00:00,150,1
2024-04-29 19:00:00,155,1
2024-04-29 19:00:00,171,1
2024-04-29 19:00:00,178,2
2024-04-29 19:00:00,198,1
2024-04-29 19:00:00,228,1
2024-04-29 19:00:00,239,1
2024-04-29 19:00:00,242,1
2024-04-29 19:00:00,245,1
2024-04-29 19:00:00,258,1
2024-04-29 20:00:00,1,1
2024-04-29 20:00:00,14,1
2024-04-29 20:00:00,22,1
2024-04-29 20:00:00,39,1
2024-04-29 20:00:00,60,1
2024-04-29 20:00:00,73,1
2024-04-29 20:00:00,79,1
2024-04-29 20:00:00,85,1
2024-04-29 20:00:00,96,1
2024-04-29 20:00:00,103,1
2024-04-29 20:00:00,107,1
2024-04-29 20:00:00,109,2
2024-04-29 20:00:00,119,1
2024-04-29 20:00:00,121,1
2024-04-29 20:00:00,124,1
2024-04-29 20:00:00,126,1
2024-04-29 20:00:00,157,2
2024-04-29 20:00:00,159,1
2024-04-29 20:00:00,175,1
2024-04-29 20:00:00,203,1
2024-04-29 20:00:00,210,1
2024-04-29 20:00:00,228,1
2024-04-29 20:00:00,248,1
2024-04-29 21:00:00,5,1
2024-04-29 21:00:00,11,1
2024-04-29 21:00:00,13,1
2024-04-29 21:00:00,21,1
2024-04-29 21:00:00,22,1
2024-04-29 21:00:00,42,1
2024-04-29 21:00:00,44,1
2024-04-29 21:00:00,55,1
2024-04-29 21:00:00,65,1
2024-04-29 21:00:00,69,1
2024-04-29 21:00:00,86,1
2024-04-29 21:00:00,98,1
2024-04-29 21:00:00,113,1
2024-04-29 21:00:00,117,1
2024-04-29 21:00:00,146,2
2024-04-29 21:00:00,148,1
2024-04-29 21:00:00,154,1
2024-04-29 21:00:00,159,1
2024-04-29 21:00:00,160,1
2024-04-29 21:00:00,171,1
2024-04-29 21:00:00,182,1
2024-04-29 21:00:00,191,1
2024-04-29 21:00:00,193,1
2024-04-29 21:00:00,206,1
2024-04-29 21:00:00,219,1
2024-04-29 21:00:00,231,1
2024-04-29 21:00:00,242,1
2024-04-29 21:00:00,252,2
2024-04-29 22:00:00,6,1
2024-04-29 22:00:00,20,1
2024-04-29 22:00:00,36,1
2024-04-29 22:00:00,49,1
2024-04-29 22:00:00,50,1
2024-04-29 22:00:00,63,1
2024-04-29 22:00:00,107,1
2024-04-29 22:00:00,112,1
2024-04-29 22:00:00,114,1
2024-04-29 22:00:00,136,1
2024-04-29 22:00:00,151,1
2024-04-29 22:00:00,173,1
2024-04-29 22:00:00,191,1
2024-04-29 22:00:00,197,1
2024-04-29 22:00:00,201,1
2024-04-29 22:00:00,212,1
2024-04-29 22:00:00,217,1
2024-04-29 22:00:00,223,1
2024-04-29 22:00:00,227,1
2024-04-29 22:00:00,228,1
2024-04-29 22:00:00,258,1
2024-04-29 22:00:00,262,1
2024-04-29 23:00:00,11,1
2024-04-29 23:00:00,17,1
2024-04-29 23:00:00,35,1
2024-04-29 23:00:00,39,1
2024-04-29 23:00:00,54,1
2024-04-29 23:00:00,55,2
2024-04-29 23:00:00,58,1
2024-04-29 23:00:00,63,1
2024-04-29 23:00:00,67,1
2024-04-29 23:00:00,72,1
2024-04-29 23:00:00,76,1
2024-04-29 23:00:00,82,1
2024-04-29 23:00:00,99,1
2024-04-29 23:00:00,102,1
2024-04-29 23:00:00,105,1
2024-04-29 23:00:00,124,1
2024-04-29 23:00:00,154,1
2024-04-29 23:00:00,163,1
2024-04-29 23:00:00,164,1
2024-04-29 23:00:00,169,1
2024-04-29 23:00:00,171,1
2024-04-29 23:00:00,181,1
2024-04-29 23:00:00,182,1
2024-04-29 23:00:00,205,1
2024-04-29 23:00:00,216,1
2024-04-29 23:00:00,225,1
2024-04-29 23:00:00,232,1
2024-04-29 23:00:00,245,1
2024-04-29 23:00:00,259,2
2024-04-30 00:00:00,47,2
2024-04-30 00:00:00,50,1
2024-04-30 00:00:00,53,2
2024-04-30 00:00:00,60,2
2024-04-30 00:00:00,66,1
2024-04-30 00:00:00,68,1
2024-04-30 00:00:00,73,1
2024-04-30 00:00:00,76,1
2024-04-30 00:00:00,95,1
2024-04-30 00:00:00,105,1
2024-04-30 00:00:00,106,1
2024-04-30 00:00:00,107,1
2024-04-30 00:00:00,109,1
2024-04-30 00:00:00,116,1
2024-04-30 00:00:00,118,2
2024-04-30 00:00:00,127,1
2024-04-30 00:00:00,135,1
2024-04-30 00:00:00,152,2
2024-04-30 00:00:00,154,1
2024-04-30 00:00:00,160,1
2024-04-30 00:00:00,175,1
2024-04-30 00:00:00,190,1
2024-04-30 00:00:00,199,1
2024-04-30 00:00:00,221,1
2024-04-30 00:00:00,225,1
2024-04-30 00:00:00,227,1
2024-04-30 00:00:00,235,1
2024-04-30 00:00:00,236,1
2024-04-30 00:00:00,263,2
2024-04-30 01:00:00,25,1
2024-04-30 01:00:00,26,1
2024-04-30 01:00:00,32,1
2024-04-30 01:00:00,41,1
2024-04-30 01:00:00,51,1
2024-04-30 01:00:00,61,1
2024-04-30 01:00:00,66,1
2024-04-30 01:00:00,77,1
2024-04-30 01:00:00,105,1
2024-04-30 01:00:00,171,1
2024-04-30 01:00:00,184,1
2024-04-30 01:00:00,221,1
2024-04-30 01:00:00,227,1
2024-04-30 01:00:00,250,1
2024-04-30 01:00:00,252,2
2024-04-30 01:00:00,258,1
2024-04-30 01:00:00,260,1
2024-04-30 02:00:00,16,1
2024-04-30 02:00:00,23,1
2024-04-30 02:00:00,44,1
2024-04-30 02:00:00,45,1
2024-04-30 02:00:00,64,1
2024-04-30 02:00:00,74,1
2024-04-30 02:00:00,91,1
2024-04-30 02:00:00,99,1
2024-04-30 02:00:00,100,1
2024-04-30 02:00:00,102,1
2024-04-30 02:00:00,106,1
2024-04-30 02:00:00,111,1
2024-04-30 02:00:00,139,1
2024-04-30 02:00:00,149,1
2024-04-30 02:00:00,151,1
2024-04-30 02:00:00,155,2
2024-04-30 02:00:00,176,1
2024-04-30 02:00:00,179,1
2024-04-30 02:00:00,187,1
2024-04-30 02:00:00,189,1
2024-04-30 02:00:00,216,1
2024-04-30 02:00:00,225,1
2024-04-30 02:00:00,230,1
2024-04-30 02:00:00,237,1
2024-04-30 02:00:00,239,1
2024-04-30 02:00:00,242,1
2024-04-30 02:00:00,249,1
2024-04-30 02:00:00,251,1
2024-04-30 02:00:00,259,1
2024-04-30 02:00:00,260,1
2024-04-30 03:00:00,13,1
2024-04-30 03:00:00,16,1
2024-04-30 03:00:00,17,1
2024-04-30 03:00:00,26,1
2024-04-30 03:00:00,27,1
2024-04-30 03:00:00,32,1
2024-04-30 03:00:00,79,1
2024-04-30 03:00:00,80,1
2024-04-30 03:00:00,98,1
2024-04-30 03:00:00,102,1
2024-04-30 03:00:00,107,1
2024-04-30 03:00:00,123,1
2024-04-30 03:00:00,125,1
2024-04-30 03:00:00,126,1
2024-04-30 03:00:00,136,2
2024-04-30 03:00:00,140,1
2024-04-30 03:00:00,142,1
2024-04-30 03:00:00,143,1
2024-04-30 03:00:00,149,1
2024-04-30 03:00:00,152,1
2024-04-30 03:00:00,157,1
2024-04-30 03:00:00,167,1
2024-04-30 03:00:00,168,1
2024-04-30 03:00:00,169,2
2024-04-30 03:00:00,179,1
2024-04-30 03:00:00,186,2
2024-04-30 03:00:00,192,1
2024-04-30 03:00:00,212,1
2024-04-30 03:00:00,213,1
2024-04-30 03:00:00,220,1
2024-04-30 03:00:00,224,1
2024-04-30 03:00:00,230,1
2024-04-30 03:00:00,232,1
2024-04-30 03:00:00,251,1
2024-04-30 03:00:00,252,1
2024-04-30 04:00:00,8,1
2024-04-30 04:00:00,12,1
2024-04-30 04:00:00,18,1
2024-04-30 04:00:00,37,2
2024-04-30 04:00:00,39,1
2024-04-30 04:00:00,50,1
2024-04-30 04:00:00,65,1
2024-04-30 04:00:00,75,1
2024-04-30 04:00:00,79,1
2024-04-30 04:00:00,91,1
2024-04-30 04:00:00,94,1
2024-04-30 04:00:00,104,1
2024-04-30 04:00:00,114,1
2024-04-30 04:00:00,115,2
2024-04-30 04:00:00,137,1
2024-04-30 04:00:00,140,1
2024-04-30 04:00:00,147,1
2024-04-30 04:00:00,155,1
2024-04-30 04:00:00,173,1
2024-04-30 04:00:00,196,1
2024-04-30 04:00:00,214,2
2024-04-30 04:00:00,247,1
2024-04-30 05:00:00,6,1
2024-04-30 05:00:00,12,1
2024-04-30 05:00:00,36,1
2024-04-30 05:00:00,37,1
2024-04-30 05:00:00,45,1
2024-04-30 05:00:00,50,1
2024-04-30 05:00:00,54,1
2024-04-30 05:00:00,65,1
2024-04-30 05:00:00,87,1
2024-04-30 05:00:00,90,1
2024-04-30 05:00:00,106,1
2024-04-30 05:00:00,121,1
2024-04-30 05:00:00,123,1
2024-04-30 05:00:00,126,1
2024-04-30 05:00:00,129,1
2024-04-30 05:00:00,141,1
2024-04-30 05:00:00,146,1
2024-04-30 05:00:00,151,1
2024-04-30 05:00:00,163,1
2024-04-30 05:00:00,165,1
2024-04-30 05:00:00,168,1
2024-04-30 05:00:00,174,1
2024-04-30 05:00:00,178,1
2024-04-30 05:00:00,190,1
2024-04-30 05:00:00,206,1
2024-04-30 05:00:00,259,1
2024-04-30 05:00:00,263,1
2024-04-30 06:00:00,10,1
2024-04-30 06:00:00,16,1
2024-04-30 06:00:00,20,1
2024-04-30 06:00:00,23,1
2024-04-30 06:00:00,24,1
2024-04-30 06:00:00,39,1
2024-04-30 06:00:00,71,1
2024-04-30 06:00:00,83,1
2024-04-30 06:00:00,102,1
2024-04-30 06:00:00,103,1
2024-04-30 06:00:00,104,1
2024-04-30 06:00:00,111,1
2024-04-30 06:00:00,116,1
2024-04-30 06:00:00,119,1
2024-04-30 06:00:00,150,1
2024-04-30 06:00:00,159,1
2024-04-30 06:00:00,162,1
2024-04-30 06:00:00,163,1
2024-04-30 06:00:00,166,1
2024-04-30 06:00:00,167,1
2024-04-30 06:00:00,169,1
2024-04-30 06:00:00,180,1
2024-04-30 06:00:00,181,1
2024-04-30 06:00:00,182,1
2024-04-30 06:00:00,207,1
2024-04-30 06:00:00,212,1
2024-04-30 06:00:00,230,1
2024-04-30 06:00:00,234,1
2024-04-30 07:00:00,4,1
2024-04-30 07:00:00,18,1
2024-04-30 07:00:00,43,1
2024-04-30 07:00:00,67,1
2024-04-30 07:00:00,73,1
2024-04-30 07:00:00,78,1
2024-04-30 07:00:00,80,1
2024-04-30 07:00:00,82,1
2024-04-30 07:00:00,91,1
2024-04-30 07:00:00,93,1
2024-04-30 07:00:00,104,1
2024-04-30 07:00:00,149,1
2024-04-30 07:00:00,162,2
2024-04-30 07:00:00,165,1
2024-04-30 07:00:00,166,1
2024-04-30 07:00:00,171,1
2024-04-30 07:00:00,181,1
2024-04-30 07:00:00,202,1
2024-04-30 07:00:00,219,1
2024-04-30 07:00:00,229,1
2024-04-30 07:00:00,237,1
2024-04-30 07:00:00,246,1
2024-04-30 07:00:00,247,1
2024-04-30 07:00:00,253,1
2024-04-30 07:00:00,254,1
2024-04-30 07:00:00,256,1
2024-04-30 08:00:00,25,2
2024-04-30 08:00:00,38,1
2024-04-30 08:00:00,45,1
2024-04-30 08:00:00,50,1
2024-04-30 08:00:00,62,1
2024-04-30 08:00:00,80,1
2024-04-30 08:00:00,87,1
2024-04-30 08:00:00,104,1
2024-04-30 08:00:00,116,1
2024-04-30 08:00:00,118,1
2024-04-30 08:00:00,125,1
2024-04-30 08:00:00,128,1
2024-04-30 08:00:00,130,1
2024-04-30 08:00:00,145,1
2024-04-30 08:00:00,150,1
2024-04-30 08:00:00,157,1
2024-04-30 08:00:00,158,1
2024-04-30 08:00:00,166,1
2024-04-30 08:00:00,186,1
2024-04-30 08:00:00,195,1
2024-04-30 08:00:00,215,1
2024-04-30 08:00:00,217,1
2024-04-30 08:00:00,218,1
2024-04-30 08:00:00,221,2
2024-04-30 08:00:00,239,1
2024-04-30 08:00:00,241,1
2024-04-30 09:00:00,7,1
2024-04-30 09:00:00,19,1
2024-04-30 09:00:00,28,1
2024-04-30 09:00:00,45,1
2024-04-30 09:00:00,51,1
2024-04-30 09:00:00,58,1
2024-04-30 09:00:00,78,1
2024-04-30 09:00:00,86,1
2024-04-30 09:00:00,92,1
2024-04-30 09:00:00,115,1
2024-04-30 09:00:00,128,1
2024-04-30 09:00:00,154,1
2024-04-30 09:00:00,158,1
2024-04-30 09:00:00,168,1
2024-04-30 09:00:00,173,1
2024-04-30 09:00:00,175,1
2024-04-30 09:00:00,190,1
2024-04-30 09:00:00,194,1
2024-04-30 09:00:00,196,1
2024-04-30 09:00:00,199,1
2024-04-30 09:00:00,206,1
2024-04-30 09:00:00,209,3
2024-04-30 09:00:00,215,1
2024-04-30 09:00:00,240,1
2024-04-30 09:00:00,258,2
2024-04-30 09:00:00,259,1
2024-04-30 10:00:00,18,1
2024-04-30 10:00:00,23,2
2024-04-30 10:00:00,35,1
2024-04-30 10:00:00,38,1
2024-04-30 10:00:00,44,1
2024-04-30 10:00:00,52,1
2024-04-30 10:00:00,77,1
2024-04-30 10:00:00,81,1
2024-04-30 10:00:00,82,1
2024-04-30 10:00:00,89,1
2024-04-30 10:00:00,107,1
2024-04-30 10:00:00,117,1
2024-04-30 10:00:00,120,2
2024-04-30 10:00:00,135,1
2024-04-30 10:00:00,144,1
2024-04-30 10:00:00,146,1
2024-04-30 10:00:00,166,1
2024-04-30 10:00:00,167,1
2024-04-30 10:00:00,184,1
2024-04-30 10:00:00,195,1
2024-04-30 10:00:00,208,1
2024-04-30 10:00:00,223,1
2024-04-30 10:00:00,226,1
2024-04-30 10:00:00,228,1
2024-04-30 10:00:00,260,1
2024-04-30 10:00:00,263,1
2024-04-30 11:00:00,1,1
2024-04-30 11:00:00,3,1
2024-04-30 11:00:00,18,1
2024-04-30 11:00:00,21,1
2024-04-30 11:00:00,28,1
2024-04-30 11:00:00,38,1
2024-04-30 11:00:00,50,1
2024-04-30 11:00:00,89,1
2024-04-30 11:00:00,90,1
2024-04-30 11:00:00,93,1
2024-04-30 11:00:00,109,1
2024-04-30 11:00:00,116,1
2024-04-30 11:00:00,150,1
2024-04-30 11:00:00,166,1
2024-04-30 11:00:00,172,1
2024-04-30 11:00:00,186,1
2024-04-30 11:00:00,194,1
2024-04-30 11:00:00,210,1
2024-04-30 11:00:00,212,1
2024-04-30 11:00:00,232,1
2024-04-30 11:00:00,258,1
2024-04-30 12:00:00,14,1
2024-04-30 12:00:00,17,1
2024-04-30 12:00:00,21,1
2024-04-30 12:00:00,22,1
2024-04-30 12:00:00,27,1
2024-04-30 12:00:00,89,3
2024-04-30 12:00:00,90,1
2024-04-30 12:00:00,92,2
2024-04-30 12:00:00,127,1
2024-04-30 12:00:00,128,1
2024-04-30 12:00:00,139,1
2024-04-30 12:00:00,149,1
2024-04-30 12:00:00,158,1
2024-04-30 12:00:00,161,1
2024-04-30 12:00:00,169,1
2024-04-30 12:00:00,174,1
2024-04-30 12:00:00,191,1
2024-04-30 12:00:00,197,1
2024-04-30 12:00:00,209,1
2024-04-30 12:00:00,211,1
2024-04-30 12:00:00,236,1
2024-04-30 12:00:00,242,1
2024-04-30 12:00:00,244,1
2024-04-30 12:00:00,261,1
2024-04-30 13:00:00,16,1
2024-04-30 13:00:00,17,1
2024-04-30 13:00:00,70,1
2024-04-30 13:00:00,75,1
2024-04-30 13:00:00,82,2
2024-04-30 13:00:00,89,1
2024-04-30 13:00:00,90,1
2024-04-30 13:00:00,95,1
2024-04-30 13:00:00,97,1
2024-04-30 13:00:00,120,1
2024-04-30 13:00:00,127,1
2024-04-30 13:00:00,133,1
2024-04-30 13:00:00,140,1
2024-04-30 13:00:00,143,1
2024-04-30 13:00:00,153,2
2024-04-30 13:00:00,162,1
2024-04-30 13:00:00,179,1
2024-04-30 13:00:00,188,1
2024-04-30 13:00:00,221,1
2024-04-30 13:00:00,222,1
2024-04-30 13:00:00,225,2
2024-04-30 13:00:00,226,1
2024-04-30 13:00:00,232,1
2024-04-30 13:00:00,245,1
2024-04-30 14:00:00,4,1
2024-04-30 14:00:00,12,1
2024-04-30 14:00:00,13,1
2024-04-30 14:00:00,15,1
2024-04-30 14:00:00,46,1
2024-04-30 14:00:00,49,1
2024-04-30 14:00:00,58,1
2024-04-30 14:00:00,87,1
2024-04-30 14:00:00,119,2
2024-04-30 14:00:00,169,1
2024-04-30 14:00:00,198,1
2024-04-30 14:00:00,201,1
2024-04-30 14:00:00,202,1
2024-04-30 14:00:00,204,1
2024-04-30 14:00:00,212,1
2024-04-30 14:00:00,222,1
2024-04-30 14:00:00,225,1
2024-04-30 14:00:00,228,1
2024-04-30 14:00:00,232,1
2024-04-30 14:00:00,236,1
2024-04-30 14:00:00,246,1
2024-04-30 14:00:00,254,1
2024-04-30 14:00:00,263,1
2024-04-30 15:00:00,8,1
2024-04-30 15:00:00,12,1
2024-04-30 15:00:00,26,1
2024-04-30 15:00:00,43,1
2024-04-30 15:00:00,46,1
2024-04-30 15:00:00,48,1
2024-04-30 15:00:00,61,1
2024-04-30 15:00:00,63,1
2024-04-30 15:00:00,76,1
2024-04-30 15:00:00,107,1
2024-04-30 15:00:00,114,1
2024-04-30 15:00:00,115,1
2024-04-30 15:00:00,117,1
2024-04-30 15:00:00,120,1
2024-04-30 15:00:00,130,2
2024-04-30 15:00:00,131,1
2024-04-30 15:00:00,153,1
2024-04-30 15:00:00,167,1
2024-04-30 15:00:00,178,1
2024-04-30 15:00:00,187,1
2024-04-30 15:00:00,199,1
2024-04-30 15:00:00,203,1
2024-04-30 15:00:00,205,1
2024-04-30 15:00:00,228,1
2024-04-30 15:00:00,234,1
2024-04-30 15:00:00,247,1
2024-04-30 15:00:00,250,1
2024-04-30 16:00:00,8,1
2024-04-30 16:00:00,17,1
2024-04-30 16:00:00,22,1
2024-04-30 16:00:00,26,1
2024-04-30 16:00:00,31,1
2024-04-30 16:00:00,37,1
2024-04-30 16:00:00,55,1
2024-04-30 16:00:00,69,1
2024-04-30 16:00:00,91,1
2024-04-30 16:00:00,94,1
2024-04-30 16:00:00,99,1
2024-04-30 16:00:00,102,1
2024-04-30 16:00:00,108,1
2024-04-30 16:00:00,112,1
2024-04-30 16:00:00,128,1
2024-04-30 16:00:00,138,1
2024-04-30 16:00:00,152,1
2024-04-30 16:00:00,153,1
2024-04-30 16:00:00,168,1
2024-04-30 16:00:00,180,1
2024-04-30 16:00:00,200,1
2024-04-30 16:00:00,207,2
2024-04-30 16:00:00,214,1
2024-04-30 16:00:00,228,1
2024-04-30 17:00:00,3,1
2024-04-30 17:00:00,5,1
2024-04-30 17:00:00,14,1
2024-04-30 17:00:00,22,1
2024-04-30 17:00:00,46,1
2024-04-30 17:00:00,55,1
2024-04-30 17:00:00,59,1
2024-04-30 17:00:00,69,1
2024-04-30 17:00:00,106,1
2024-04-30 17:00:00,111,2
2024-04-30 17:00:00,120,1
2024-04-30 17:00:00,128,1
2024-04-30 17:00:00,135,1
2024-04-30 17:00:00,163,1
2024-04-30 17:00:00,184,1
2024-04-30 17:00:00,198,1
2024-04-30 17:00:00,201,1
2024-04-30 17:00:00,203,2
2024-04-30 17:00:00,225,1
2024-04-30 17:00:00,236,1
2024-04-30 17:00:00,246,1
2024-04-30 17:00:00,247,1
2024-04-30 17:00:00,251,1
2024-04-30 17:00:00,255,1
2024-04-30 17:00:00,256,1
2024-04-30 18:00:00,9,1
2024-04-30 18:00:00,18,1
2024-04-30 18:00:00,28,1
2024-04-30 18:00:00,38,1
2024-04-30 18:00:00,41,1
2024-04-30 18:00:00,56,1
2024-04-30 18:00:00,66,1
2024-04-30 18:00:00,67,1
2024-04-30 18:00:00,70,1
2024-04-30 18:00:00,72,1
2024-04-30 18:00:00,90,1
2024-04-30 18:00:00,92,1
2024-04-30 18:00:00,93,1
2024-04-30 18:00:00,128,1
2024-04-30 18:00:00,150,1
2024-04-30 18:00:00,158,1
2024-04-30 18:00:00,183,1
2024-04-30 18:00:00,198,1
2024-04-30 18:00:00,205,1
2024-04-30 18:00:00,210,1
2024-04-30 18:00:00,215,1
2024-04-30 18:00:00,216,1
2024-04-30 18:00:00,221,1
2024-04-30 18:00:00,225,1
2024-04-30 18:00:00,228,1
2024-04-30 18:00:00,229,1
2024-04-30 18:00:00,239,1
2024-04-30 18:00:00,249,1
2024-04-30 18:00:00,252,1
2024-04-30 18:00:00,255,1
2024-04-30 18:00:00,263,1
2024-04-30 19:00:00,6,1
2024-04-30 19:00:00,8,1
2024-04-30 19:00:00,33,1
2024-04-30 19:00:00,49,1
2024-04-30 19:00:00,59,1
2024-04-30 19:00:00,67,1
2024-04-30 19:00:00,77,1
2024-04-30 19:00:00,81,1
2024-04-30 19:00:00,84,1
2024-04-30 19:00:00,90,1
2024-04-30 19:00:00,115,1
2024-04-30 19:00:00,119,1
2024-04-30 19:00:00,128,1
2024-04-30 19:00:00,146,1
2024-04-30 19:00:00,149,1
2024-04-30 19:00:00,171,1
2024-04-30 19:00:00,173,1
2024-04-30 19:00:00,201,1
2024-04-30 19:00:00,207,1
2024-04-30 19:00:00,214,1
2024-04-30 19:00:00,224,1
2024-04-30 19:00:00,229,1
2024-04-30 19:00:00,230,1
2024-04-30 19:00:00,243,1
2024-04-30 19:00:00,249,1
2024-04-30 19:00:00,252,1
2024-04-30 19:00:00,253,1
2024-04-30 19:00:00,255,1
2024-04-30 19:00:00,256,1
2024-04-30 19:00:00,261,1
2024-04-30 20:00:00,5,1
2024-04-30 20:00:00,11,1
2024-04-30 20:00:00,17,1
2024-04-30 20:00:00,27,1
2024-04-30 20:00:00,29,1
2024-04-30 20:00:00,45,1
2024-04-30 20:00:00,62,1
2024-04-30 20:00:00,68,1
2024-04-30 20:00:00,75,1
2024-04-30 20:00:00,97,1
2024-04-30 20:00:00,101,1
2024-04-30 20:00:00,102,1
2024-04-30 20:00:00,106,1
2024-04-30 20:00:00,114,2
2024-04-30 20:00:00,120,1
2024-04-30 20:00:00,122,1
2024-04-30 20:00:00,157,1
2024-04-30 20:00:00,159,1
2024-04-30 20:00:00,188,1
2024-04-30 20:00:00,189,1
2024-04-30 20:00:00,197,1
2024-04-30 20:00:00,199,1
2024-04-30 20:00:00,207,1
2024-04-30 20:00:00,212,1
2024-04-30 20:00:00,215,1
2024-04-30 20:00:00,229,1
2024-04-30 20:00:00,242,1
2024-04-30 20:00:00,247,1
2024-04-30 20:00:00,261,1
2024-04-30 20:00:00,262,1
2024-04-30 21:00:00,5,1
2024-04-30 21:00:00,6,1
2024-04-30 21:00:00,10,1
2024-04-30 21:00:00,20,1
2024-04-30 21:00:00,33,1
2024-04-30 21:00:00,36,1
2024-04-30 21:00:00,38,1
2024-04-30 21:00:00,53,1
2024-04-30 21:00:00,104,1
2024-04-30 21:00:00,110,1
2024-04-30 21:00:00,120,1
2024-04-30 21:00:00,124,1
2024-04-30 21:00:00,145,1
2024-04-30 21:00:00,155,1
2024-04-30 21:00:00,156,1
2024-04-30 21:00:00,171,1
2024-04-30 21:00:00,172,1
2024-04-30 21:00:00,190,1
2024-04-30 21:00:00,191,1
2024-04-30 21:00:00,195,1
2024-04-30 21:00:00,200,1
2024-04-30 21:00:00,217,1
2024-04-30 21:00:00,218,1
2024-04-30 21:00:00,230,2
2024-04-30 21:00:00,231,3
2024-04-30 21:00:00,239,1
2024-04-30 21:00:00,240,1
2024-04-30 21:00:00,245,1
2024-04-30 21:00:00,247,1
2024-04-30 21:00:00,261,1
2024-04-30 22:00:00,10,1
2024-04-30 22:00:00,19,2
2024-04-30 22:00:00,20,1
2024-04-30 22:00:00,22,1
2024-04-30 22:00:00,34,1
2024-04-30 22:00:00,53,1
2024-04-30 22:00:00,60,1
2024-04-30 22:00:00,62,1
2024-04-30 22:00:00,71,1
2024-04-30 22:00:00,73,1
2024-04-30 22:00:00,75,1
2024-04-30 22:00:00,84,1
2024-04-30 22:00:00,116,1
2024-04-30 22:00:00,126,1
2024-04-30 22:00:00,127,1
2024-04-30 22:00:00,132,1
2024-04-30 22:00:00,148,1
2024-04-30 22:00:00,153,1
2024-04-30 22:00:00,155,1
2024-04-30 22:00:00,157,1
2024-04-30 22:00:00,168,1
2024-04-30 22:00:00,187,1
2024-04-30 22:00:00,189,1
2024-04-30 22:00:00,202,1
2024-04-30 22:00:00,203,1
2024-04-30 22:00:00,218,1
2024-04-30 22:00:00,225,1
2024-04-30 22:00:00,227,1
2024-04-30 22:00:00,235,1
2024-04-30 22:00:00,241,1
2024-04-30 22:00:00,258,1
2024-04-30 22:00:00,260,1
2024-04-30 22:00:00,261,1
2024-04-30 23:00:00,7,1
2024-04-30 23:00:00,18,1
2024-04-30 23:00:00,32,1
2024-04-30 23:00:00,43,1
2024-04-30 23:00:00,45,1
2024-04-30 23:00:00,49,1
2024-04-30 23:00:00,53,1
2024-04-30 23:00:00,55,1
2024-04-30 23:00:00,81,2
2024-04-30 23:00:00,102,1
2024-04-30 23:00:00,107,1
2024-04-30 23:00:00,115,1
2024-04-30 23:00:00,147,1
2024-04-30 23:00:00,164,1
2024-04-30 23:00:00,180,1
2024-04-30 23:00:00,199,1
2024-04-30 23:00:00,206,1
2024-04-30 23:00:00,209,1
2024-04-30 23:00:00,225,2
2024-04-30 23:00:00,227,1
2024-04-30 23:00:00,239,1
2024-04-30 23:00:00,244,1
2024-04-30 23:00:00,246,1
2024-04-30 23:00:00,249,1
