datetime,rain_1h,visibility,pressure,is_holiday,is_weekend
2024-01-01 00:00:00,0.0,9871.0,1016.1,1,0
2024-01-01 01:00:00,3.89,8784.3,1017.7,1,0
2024-01-01 02:00:00,0.0,8948.4,1018.3,1,0
2024-01-01 03:00:00,0.0,8843.2,1012.4,1,0
2024-01-01 04:00:00,0.0,8561.1,1011.2,1,0
2024-01-01 05:00:00,0.0,9790.1,1010.1,1,0
2024-01-01 06:00:00,0.0,8664.5,1009.6,1,0
2024-01-01 07:00:00,0.0,9157.2,1013.2,1,0
2024-01-01 08:00:00,0.0,8480.1,1012.2,1,0
2024-01-01 09:00:00,0.0,9594.8,1009.1,1,0
2024-01-01 10:00:00,0.0,9548.4,1007.5,1,0
2024-01-01 11:00:00,1.07,8592.6,1012.7,1,0
2024-01-01 12:00:00,0.0,9363.1,1011.1,1,0
2024-01-01 13:00:00,0.0,9407.7,1007.5,1,0
2024-01-01 14:00:00,0.0,9125.0,1017.4,1,0
2024-01-01 15:00:00,0.0,9201.2,1022.1,1,0
2024-01-01 16:00:00,0.0,9148.9,1018.1,1,0
2024-01-01 17:00:00,0.0,8163.7,1009.6,1,0
2024-01-01 18:00:00,0.0,9340.5,1013.0,1,0
2024-01-01 19:00:00,0.0,8939.6,1021.0,1,0
2024-01-01 20:00:00,0.0,8876.9,1007.4,1,0
2024-01-01 21:00:00,0.0,9720.0,1017.2,1,0
2024-01-01 22:00:00,0.0,8046.5,1006.0,1,0
2024-01-01 23:00:00,0.0,8502.6,1021.7,1,0
2024-01-02 00:00:00,0.0,8242.8,1011.1,0,0
2024-01-02 01:00:00,0.0,8070.7,1024.4,0,0
2024-01-02 02:00:00,0.0,8551.4,1021.9,0,0
2024-01-02 03:00:00,0.0,9977.0,1012.7,0,0
2024-01-02 04:00:00,0.0,8540.5,1009.7,0,0
2024-01-02 05:00:00,0.0,9327.4,1014.2,0,0
2024-01-02 06:00:00,0.0,8236.6,1012.3,0,0
2024-01-02 07:00:00,0.0,9203.7,1011.2,0,0
2024-01-02 08:00:00,0.0,9969.0,1005.0,0,0
2024-01-02 09:00:00,4.41,8583.7,1010.7,0,0
2024-01-02 10:00:00,2.01,9696.2,1007.7,0,0
2024-01-02 11:00:00,0.0,9995.1,1016.0,0,0
2024-01-02 12:00:00,0.0,9177.1,1018.2,0,0
2024-01-02 13:00:00,0.0,8618.8,1017.0,0,0
2024-01-02 14:00:00,0.0,9347.1,1015.0,0,0
2024-01-02 15:00:00,0.0,9689.7,1009.0,0,0
2024-01-02 16:00:00,0.0,8342.7,1014.3,0,0
2024-01-02 17:00:00,0.0,8905.0,1017.2,0,0
2024-01-02 18:00:00,0.0,8638.4,1010.3,0,0
2024-01-02 19:00:00,0.0,8566.7,1013.8,0,0
2024-01-02 20:00:00,0.0,9721.6,1012.5,0,0
2024-01-02 21:00:00,0.0,8843.3,1021.6,0,0
2024-01-02 22:00:00,0.0,8678.2,1017.5,0,0
2024-01-02 23:00:00,0.0,9207.0,1016.3,0,0
2024-01-03 00:00:00,0.0,8438.8,1004.7,0,0
2024-01-03 01:00:00,0.0,8459.8,1014.1,0,0
2024-01-03 02:00:00,0.79,9040.6,1012.5,0,0
2024-01-03 03:00:00,0.0,8818.5,1012.4,0,0
2024-01-03 04:00:00,6.54,1953.2,1005.4,0,0
2024-01-03 05:00:00,0.0,8107.9,1007.8,0,0
2024-01-03 06:00:00,0.0,9041.5,1012.9,0,0
2024-01-03 07:00:00,4.32,9633.2,1018.8,0,0
2024-01-03 08:00:00,0.0,9702.8,1010.3,0,0
2024-01-03 09:00:00,0.0,8470.9,1011.3,0,0
2024-01-03 10:00:00,0.0,9199.3,1022.2,0,0
2024-01-03 11:00:00,0.0,9711.8,1011.8,0,0
2024-01-03 12:00:00,0.0,8817.5,1012.6,0,0
2024-01-03 13:00:00,0.0,9864.3,1012.7,0,0
2024-01-03 14:00:00,0.0,9806.0,1006.5,0,0
2024-01-03 15:00:00,0.0,8416.3,1016.1,0,0
2024-01-03 16:00:00,0.0,8517.9,1010.0,0,0
2024-01-03 17:00:00,0.0,8360.9,1013.1,0,0
2024-01-03 18:00:00,0.0,8392.1,1015.5,0,0
2024-01-03 19:00:00,0.0,9815.7,1023.0,0,0
2024-01-03 20:00:00,0.0,9862.3,1006.7,0,0
2024-01-03 21:00:00,1.06,8103.8,1017.6,0,0
2024-01-03 22:00:00,0.0,9187.2,1017.6,0,0
2024-01-03 23:00:00,0.0,9128.5,1010.1,0,0
2024-01-04 00:00:00,0.0,8781.1,1016.2,0,0
2024-01-04 01:00:00,0.0,9263.4,1021.5,0,0
2024-01-04 02:00:00,0.0,9894.7,1009.4,0,0
2024-01-04 03:00:00,0.0,8340.5,1014.5,0,0
2024-01-04 04:00:00,0.0,8240.8,1015.3,0,0
2024-01-04 05:00:00,0.0,8066.8,1015.9,0,0
2024-01-04 06:00:00,0.0,8727.7,1017.1,0,0
2024-01-04 07:00:00,0.0,8675.3,1014.1,0,0
2024-01-04 08:00:00,0.0,8861.6,1015.8,0,0
2024-01-04 09:00:00,0.0,9006.6,1008.7,0,0
2024-01-04 10:00:00,0.0,9515.6,1014.1,0,0
2024-01-04 11:00:00,0.0,8784.2,1010.9,0,0
2024-01-04 12:00:00,0.0,8661.2,1007.1,0,0
2024-01-04 13:00:00,0.0,9653.8,1010.7,0,0
2024-01-04 14:00:00,0.0,9699.6,1014.6,0,0
2024-01-04 15:00:00,0.0,8465.5,1015.4,0,0
2024-01-04 16:00:00,0.0,8629.3,1006.9,0,0
2024-01-04 17:00:00,0.0,9650.2,1008.6,0,0
2024-01-04 18:00:00,0.0,8158.8,1016.9,0,0
2024-01-04 19:00:00,0.0,8651.7,1015.8,0,0
2024-01-04 20:00:00,0.0,8896.7,1017.7,0,0
2024-01-04 21:00:00,0.0,8374.1,1020.1,0,0
2024-01-04 22:00:00,0.0,8359.8,1015.9,0,0
2024-01-04 23:00:00,0.0,8849.7,1011.2,0,0
2024-01-05 00:00:00,0.0,9509.0,1013.8,0,0
2024-01-05 01:00:00,0.0,9680.5,1021.5,0,0
2024-01-05 02:00:00,0.0,9958.5,1027.1,0,0
2024-01-05 03:00:00,0.0,8148.0,1015.6,0,0
2024-01-05 04:00:00,0.0,8433.4,1015.9,0,0
2024-01-05 05:00:00,0.0,9513.3,1016.9,0,0
2024-01-05 06:00:00,0.0,9081.2,1013.4,0,0
2024-01-05 07:00:00,0.0,8655.4,1019.1,0,0
2024-01-05 08:00:00,0.0,8411.2,1018.3,0,0
2024-01-05 09:00:00,0.0,8561.0,1015.0,0,0
2024-01-05 10:00:00,0.0,8858.6,1011.7,0,0
2024-01-05 11:00:00,0.0,8354.3,1005.6,0,0
2024-01-05 12:00:00,0.0,9928.5,1016.9,0,0
2024-01-05 13:00:00,0.0,8215.2,1014.3,0,0
2024-01-05 14:00:00,0.0,9971.2,1009.6,0,0
2024-01-05 15:00:00,0.0,9683.8,1007.6,0,0
2024-01-05 16:00:00,3.9,8846.3,1016.6,0,0
2024-01-05 17:00:00,0.0,9479.6,1005.2,0,0
2024-01-05 18:00:00,0.0,9343.0,1014.7,0,0
2024-01-05 19:00:00,0.0,8426.6,1017.5,0,0
2024-01-05 20:00:00,0.0,8678.1,1016.0,0,0
2024-01-05 21:00:00,0.0,9026.2,1011.3,0,0
2024-01-05 22:00:00,0.0,9275.7,1007.0,0,0
2024-01-05 23:00:00,0.0,9085.8,1016.2,0,0
2024-01-06 00:00:00,0.0,8946.0,1019.3,0,1
2024-01-06 01:00:00,0.0,8886.3,1010.4,0,1
2024-01-06 02:00:00,0.0,8996.5,1015.8,0,1
2024-01-06 03:00:00,0.0,8868.7,1021.2,0,1
2024-01-06 04:00:00,0.0,9082.7,1014.9,0,1
2024-01-06 05:00:00,0.0,9776.0,1011.3,0,1
2024-01-06 06:00:00,0.0,9265.7,1018.5,0,1
2024-01-06 07:00:00,0.0,9445.2,1009.6,0,1
2024-01-06 08:00:00,0.0,9195.0,1006.8,0,1
2024-01-06 09:00:00,0.0,9286.0,1017.3,0,1
2024-01-06 10:00:00,0.0,9156.7,1011.2,0,1
2024-01-06 11:00:00,0.0,8053.7,1011.7,0,1
2024-01-06 12:00:00,0.0,9999.2,1010.1,0,1
2024-01-06 13:00:00,0.0,8067.2,1010.9,0,1
2024-01-06 14:00:00,0.03,8790.3,1020.3,0,1
2024-01-06 15:00:00,0.0,8210.2,1021.6,0,1
2024-01-06 16:00:00,0.0,8193.9,1022.2,0,1
2024-01-06 17:00:00,0.0,9587.1,1018.7,0,1
2024-01-06 18:00:00,0.0,8851.9,1015.6,0,1
2024-01-06 19:00:00,10.05,2785.6,1006.1,0,1
2024-01-06 20:00:00,1.59,8545.6,1012.3,0,1
2024-01-06 21:00:00,0.0,8512.9,1024.0,0,1
2024-01-06 22:00:00,0.0,8502.5,1011.1,0,1
2024-01-06 23:00:00,0.0,9232.3,1020.8,0,1
2024-01-07 00:00:00,0.0,9630.0,1013.5,0,1
2024-01-07 01:00:00,0.0,8904.5,999.9,0,1
2024-01-07 02:00:00,0.0,8758.5,1016.5,0,1
2024-01-07 03:00:00,0.0,9947.2,1019.6,0,1
2024-01-07 04:00:00,0.0,8233.5,1013.0,0,1
2024-01-07 05:00:00,0.0,8973.3,1019.4,0,1
2024-01-07 06:00:00,0.0,8817.0,1004.9,0,1
2024-01-07 07:00:00,0.0,8196.3,1006.3,0,1
2024-01-07 08:00:00,0.0,8536.4,1014.3,0,1
2024-01-07 09:00:00,0.0,8056.9,1015.6,0,1
2024-01-07 10:00:00,0.31,9753.9,1020.0,0,1
2024-01-07 11:00:00,0.0,9215.7,1016.4,0,1
2024-01-07 12:00:00,0.0,9630.0,1007.3,0,1
2024-01-07 13:00:00,0.0,9043.1,1014.3,0,1
2024-01-07 14:00:00,0.0,9199.0,1016.3,0,1
2024-01-07 15:00:00,0.0,9401.7,1003.9,0,1
2024-01-07 16:00:00,0.0,9816.0,1013.0,0,1
2024-01-07 17:00:00,0.0,8183.5,1011.6,0,1
2024-01-07 18:00:00,0.0,8661.9,1010.0,0,1
2024-01-07 19:00:00,0.0,9418.1,1015.7,0,1
2024-01-07 20:00:00,0.0,9916.7,1007.5,0,1
2024-01-07 21:00:00,0.0,9961.6,1015.3,0,1
2024-01-07 22:00:00,0.0,9276.2,1016.0,0,1
2024-01-07 23:00:00,0.0,8387.2,1018.7,0,1
2024-01-08 00:00:00,0.0,8238.4,1007.6,0,0
2024-01-08 01:00:00,0.0,9892.1,1005.7,0,0
2024-01-08 02:00:00,0.0,8867.9,1014.6,0,0
2024-01-08 03:00:00,0.0,8389.6,1011.8,0,0
2024-01-08 04:00:00,0.0,9867.8,1027.8,0,0
2024-01-08 05:00:00,0.0,8209.0,1015.5,0,0
2024-01-08 06:00:00,0.0,9459.1,1013.5,0,0
2024-01-08 07:00:00,0.0,9250.5,1012.4,0,0
2024-01-08 08:00:00,0.0,8175.5,1007.2,0,0
2024-01-08 09:00:00,0.0,8677.5,1016.1,0,0
2024-01-08 10:00:00,1.73,8299.9,1012.9,0,0
2024-01-08 11:00:00,0.0,9209.0,1012.9,0,0
2024-01-08 12:00:00,0.0,8954.2,1013.7,0,0
2024-01-08 13:00:00,0.0,8008.6,1014.4,0,0
2024-01-08 14:00:00,6.97,1452.7,1004.6,0,0
2024-01-08 15:00:00,0.0,8699.2,1017.4,0,0
2024-01-08 16:00:00,0.0,8516.4,1009.0,0,0
2024-01-08 17:00:00,0.0,8444.9,1012.6,0,0
2024-01-08 18:00:00,0.0,8317.6,1019.7,0,0
2024-01-08 19:00:00,0.0,9998.3,1022.1,0,0
2024-01-08 20:00:00,0.0,8590.2,1004.7,0,0
2024-01-08 21:00:00,0.0,8811.0,1013.4,0,0
2024-01-08 22:00:00,0.0,9742.7,1014.6,0,0
2024-01-08 23:00:00,0.0,9283.8,1005.7,0,0
2024-01-09 00:00:00,0.0,8737.4,1017.3,0,0
2024-01-09 01:00:00,0.0,9796.7,1013.8,0,0
2024-01-09 02:00:00,0.0,9499.4,1014.2,0,0
2024-01-09 03:00:00,0.0,8455.8,1008.7,0,0
2024-01-09 04:00:00,0.0,9287.5,1015.3,0,0
2024-01-09 05:00:00,0.0,9844.8,1017.4,0,0
2024-01-09 06:00:00,0.0,8992.9,1013.9,0,0
2024-01-09 07:00:00,0.0,9467.2,1010.7,0,0
2024-01-09 08:00:00,0.0,9942.2,1011.1,0,0
2024-01-09 09:00:00,0.0,9380.8,1014.4,0,0
2024-01-09 10:00:00,0.0,8204.9,1013.5,0,0
2024-01-09 11:00:00,0.0,8489.1,1017.8,0,0
2024-01-09 12:00:00,0.0,9190.2,1010.8,0,0
2024-01-09 13:00:00,0.0,8551.1,1007.2,0,0
2024-01-09 14:00:00,0.0,9915.1,1015.0,0,0
2024-01-09 15:00:00,0.0,8810.7,1010.9,0,0
2024-01-09 16:00:00,0.0,8914.5,1017.2,0,0
2024-01-09 17:00:00,0.0,9403.2,1013.3,0,0
2024-01-09 18:00:00,0.0,9048.5,1016.5,0,0
2024-01-09 19:00:00,0.0,8764.3,1008.2,0,0
2024-01-09 20:00:00,0.0,8153.3,1014.0,0,0
2024-01-09 21:00:00,0.0,9192.9,1009.8,0,0
2024-01-09 22:00:00,0.0,9735.2,1007.1,0,0
2024-01-09 23:00:00,0.0,9371.5,1008.9,0,0
2024-01-10 00:00:00,0.0,8763.0,1010.5,0,0
2024-01-10 01:00:00,0.0,8255.5,1019.5,0,0
2024-01-10 02:00:00,0.0,9632.7,1010.4,0,0
2024-01-10 03:00:00,0.0,9883.5,1006.9,0,0
2024-01-10 04:00:00,0.0,8776.5,1013.9,0,0
2024-01-10 05:00:00,0.0,9457.3,1013.4,0,0
2024-01-10 06:00:00,0.0,8821.5,1010.8,0,0
2024-01-10 07:00:00,0.0,9004.5,1012.4,0,0
2024-01-10 08:00:00,0.0,9673.0,1018.1,0,0
2024-01-10 09:00:00,0.0,8166.8,1016.6,0,0
2024-01-10 10:00:00,1.65,9060.7,1016.2,0,0
2024-01-10 11:00:00,0.0,8429.2,1007.3,0,0
2024-01-10 12:00:00,0.0,8679.6,1027.7,0,0
2024-01-10 13:00:00,0.0,9288.9,1018.5,0,0
2024-01-10 14:00:00,0.0,8054.5,1015.8,0,0
2024-01-10 15:00:00,0.0,9187.7,1007.4,0,0
2024-01-10 16:00:00,0.0,8566.9,1018.0,0,0
2024-01-10 17:00:00,0.0,9339.0,1010.7,0,0
2024-01-10 18:00:00,0.0,8283.2,1012.3,0,0
2024-01-10 19:00:00,0.0,9471.6,1004.8,0,0
2024-01-10 20:00:00,0.0,9291.3,1007.0,0,0
2024-01-10 21:00:00,0.0,9942.5,1015.4,0,0
2024-01-10 22:00:00,0.0,9822.5,1018.3,0,0
2024-01-10 23:00:00,0.0,8566.6,1016.7,0,0
2024-01-11 00:00:00,8.57,2101.8,1016.5,0,0
2024-01-11 01:00:00,2.61,9310.7,1012.9,0,0
2024-01-11 02:00:00,0.0,9205.8,1011.2,0,0
2024-01-11 03:00:00,0.0,8054.9,1014.7,0,0
2024-01-11 04:00:00,0.0,8245.4,1017.4,0,0
2024-01-11 05:00:00,1.46,9169.4,1013.3,0,0
2024-01-11 06:00:00,0.0,9823.7,1019.3,0,0
2024-01-11 07:00:00,3.02,9813.0,1012.2,0,0
2024-01-11 08:00:00,2.41,8303.0,1008.3,0,0
2024-01-11 09:00:00,0.0,8769.1,1013.2,0,0
2024-01-11 10:00:00,0.0,8086.4,1013.8,0,0
2024-01-11 11:00:00,0.0,8938.5,1012.8,0,0
2024-01-11 12:00:00,0.0,9506.2,1019.7,0,0
2024-01-11 13:00:00,0.0,9579.9,1017.3,0,0
2024-01-11 14:00:00,0.0,8998.0,1006.1,0,0
2024-01-11 15:00:00,0.0,8191.7,1020.9,0,0
2024-01-11 16:00:00,0.38,8762.7,999.5,0,0
2024-01-11 17:00:00,0.0,9864.2,1024.0,0,0
2024-01-11 18:00:00,0.0,8459.2,1011.8,0,0
2024-01-11 19:00:00,0.0,8639.5,1012.3,0,0
2024-01-11 20:00:00,0.0,9493.7,1012.9,0,0
2024-01-11 21:00:00,7.18,1918.3,1015.2,0,0
2024-01-11 22:00:00,0.0,9824.4,1013.2,0,0
2024-01-11 23:00:00,0.0,8776.2,1012.6,0,0
2024-01-12 00:00:00,0.0,9029.2,1019.8,0,0
2024-01-12 01:00:00,0.0,8934.8,1016.1,0,0
2024-01-12 02:00:00,0.0,9855.5,1008.5,0,0
2024-01-12 03:00:00,0.0,9538.7,1017.0,0,0
2024-01-12 04:00:00,0.0,9662.9,1015.9,0,0
2024-01-12 05:00:00,0.0,8266.2,1010.5,0,0
2024-01-12 06:00:00,0.0,9583.7,1017.2,0,0
2024-01-12 07:00:00,0.0,8866.0,1012.5,0,0
2024-01-12 08:00:00,0.0,8046.7,1012.1,0,0
2024-01-12 09:00:00,0.0,8120.2,1012.0,0,0
2024-01-12 10:00:00,0.0,9355.8,1001.1,0,0
2024-01-12 11:00:00,0.0,8744.0,1010.6,0,0
2024-01-12 12:00:00,0.0,9736.2,1016.8,0,0
2024-01-12 13:00:00,0.0,9468.5,1013.1,0,0
2024-01-12 14:00:00,0.0,8043.4,1006.8,0,0
2024-01-12 15:00:00,0.0,9373.8,1018.1,0,0
2024-01-12 16:00:00,0.0,8384.7,1011.8,0,0
2024-01-12 17:00:00,0.0,8845.2,1007.1,0,0
2024-01-12 18:00:00,0.0,9249.5,1024.3,0,0
2024-01-12 19:00:00,0.0,9745.4,1008.0,0,0
2024-01-12 20:00:00,0.0,8912.2,1017.6,0,0
2024-01-12 21:00:00,0.0,9617.0,1009.4,0,0
2024-01-12 22:00:00,0.0,9565.9,1013.9,0,0
2024-01-12 23:00:00,0.0,8829.1,1008.7,0,0
2024-01-13 00:00:00,0.0,9002.0,1007.1,0,1
2024-01-13 01:00:00,0.0,9401.0,1015.9,0,1
2024-01-13 02:00:00,0.0,8062.3,1015.3,0,1
2024-01-13 03:00:00,0.0,9781.6,1019.0,0,1
2024-01-13 04:00:00,0.0,9539.6,1013.1,0,1
2024-01-13 05:00:00,0.0,8498.8,1024.4,0,1
2024-01-13 06:00:00,0.0,9962.4,1014.6,0,1
2024-01-13 07:00:00,0.0,8358.8,1016.1,0,1
2024-01-13 08:00:00,0.0,9828.2,1006.5,0,1
2024-01-13 09:00:00,0.0,8648.9,1010.2,0,1
2024-01-13 10:00:00,0.0,9526.3,1015.8,0,1
2024-01-13 11:00:00,0.0,8912.8,1012.8,0,1
2024-01-13 12:00:00,0.0,9472.9,1014.2,0,1
2024-01-13 13:00:00,0.0,8311.6,1009.2,0,1
2024-01-13 14:00:00,0.0,8539.0,1013.9,0,1
2024-01-13 15:00:00,0.0,8199.7,1013.8,0,1
2024-01-13 16:00:00,0.0,9730.3,1007.3,0,1
2024-01-13 17:00:00,2.18,8592.6,1016.5,0,1
2024-01-13 18:00:00,0.0,9389.0,1004.7,0,1
2024-01-13 19:00:00,0.0,9640.4,1014.2,0,1
2024-01-13 20:00:00,0.0,9802.8,1022.1,0,1
2024-01-13 21:00:00,0.0,8212.6,1016.7,0,1
2024-01-13 22:00:00,0.0,9786.0,1016.6,0,1
2024-01-13 23:00:00,0.0,8394.5,1008.8,0,1
2024-01-14 00:00:00,0.0,9473.8,1022.1,0,1
2024-01-14 01:00:00,2.55,9457.7,1020.1,0,1
2024-01-14 02:00:00,0.0,8017.0,1009.0,0,1
2024-01-14 03:00:00,0.0,8441.2,1010.9,0,1
2024-01-14 04:00:00,0.0,8983.8,1019.5,0,1
2024-01-14 05:00:00,0.0,8840.1,1022.2,0,1
2024-01-14 06:00:00,0.0,9837.1,1006.9,0,1
2024-01-14 07:00:00,0.0,8719.5,1008.2,0,1
2024-01-14 08:00:00,0.0,9874.0,1012.5,0,1
2024-01-14 09:00:00,0.0,8918.9,1002.4,0,1
2024-01-14 10:00:00,0.0,9928.7,1013.3,0,1
2024-01-14 11:00:00,0.0,9474.7,1019.2,0,1
2024-01-14 12:00:00,1.4,9658.7,1006.1,0,1
2024-01-14 13:00:00,0.0,8209.8,1013.9,0,1
2024-01-14 14:00:00,0.0,9172.3,1010.3,0,1
2024-01-14 15:00:00,0.0,8285.4,1021.4,0,1
2024-01-14 16:00:00,0.0,8595.2,1010.4,0,1
2024-01-14 17:00:00,0.0,9247.1,1020.8,0,1
2024-01-14 18:00:00,0.0,9452.5,1010.3,0,1
2024-01-14 19:00:00,0.0,8078.4,1017.1,0,1
2024-01-14 20:00:00,0.0,9061.9,1014.5,0,1
2024-01-14 21:00:00,0.0,9130.6,1012.6,0,1
2024-01-14 22:00:00,0.0,8157.7,1009.3,0,1
2024-01-14 23:00:00,0.0,9001.4,1014.9,0,1
2024-01-15 00:00:00,0.0,9427.7,1011.0,0,0
2024-01-15 01:00:00,0.0,8106.5,1009.8,0,0
2024-01-15 02:00:00,0.0,9520.5,1020.6,0,0
2024-01-15 03:00:00,0.0,9152.9,1016.0,0,0
2024-01-15 04:00:00,0.0,9666.5,1016.5,0,0
2024-01-15 05:00:00,0.0,8436.1,1011.3,0,0
2024-01-15 06:00:00,0.0,9666.5,1012.3,0,0
2024-01-15 07:00:00,0.0,8189.1,1012.0,0,0
2024-01-15 08:00:00,0.0,8807.7,1014.9,0,0
2024-01-15 09:00:00,0.0,8399.0,1016.5,0,0
2024-01-15 10:00:00,0.0,9752.0,1013.1,0,0
2024-01-15 11:00:00,0.0,9409.8,1009.3,0,0
2024-01-15 12:00:00,0.0,8050.7,1017.1,0,0
2024-01-15 13:00:00,0.0,8019.0,1013.4,0,0
2024-01-15 14:00:00,0.0,8582.5,1006.0,0,0
2024-01-15 15:00:00,0.0,8286.6,1002.6,0,0
2024-01-15 16:00:00,0.0,9260.6,1014.7,0,0
2024-01-15 17:00:00,0.0,9327.6,1009.1,0,0
2024-01-15 18:00:00,0.0,9883.9,1015.4,0,0
2024-01-15 19:00:00,0.0,9904.1,1009.4,0,0
2024-01-15 20:00:00,0.0,9317.8,1013.9,0,0
2024-01-15 21:00:00,0.0,8011.4,1011.4,0,0
2024-01-15 22:00:00,9.72,1727.9,1022.0,0,0
2024-01-15 23:00:00,0.0,9026.3,1018.0,0,0
2024-01-16 00:00:00,0.0,8998.4,1020.0,0,0
2024-01-16 01:00:00,0.0,9206.7,1013.4,0,0
2024-01-16 02:00:00,0.0,9921.1,1017.4,0,0
2024-01-16 03:00:00,0.0,9770.4,1013.7,0,0
2024-01-16 04:00:00,1.75,8217.8,1020.6,0,0
2024-01-16 05:00:00,0.0,8532.0,1012.9,0,0
2024-01-16 06:00:00,1.88,9666.2,1006.3,0,0
2024-01-16 07:00:00,0.0,9648.6,1003.3,0,0
2024-01-16 08:00:00,0.0,8550.7,1021.6,0,0
2024-01-16 09:00:00,0.0,9461.2,1015.6,0,0
2024-01-16 10:00:00,0.0,9344.1,1016.0,0,0
2024-01-16 11:00:00,0.0,8947.0,1020.7,0,0
2024-01-16 12:00:00,0.0,8402.9,1005.0,0,0
2024-01-16 13:00:00,0.0,9777.3,1011.5,0,0
2024-01-16 14:00:00,0.0,9355.7,1012.1,0,0
2024-01-16 15:00:00,0.0,8338.0,1017.0,0,0
2024-01-16 16:00:00,0.0,9409.6,1009.8,0,0
2024-01-16 17:00:00,0.0,9482.9,1007.2,0,0
2024-01-16 18:00:00,0.0,9773.8,1007.2,0,0
2024-01-16 19:00:00,0.0,8445.7,1019.0,0,0
2024-01-16 20:00:00,0.0,9977.5,1009.5,0,0
2024-01-16 21:00:00,0.0,8306.8,1010.5,0,0
2024-01-16 22:00:00,0.0,9201.4,1016.4,0,0
2024-01-16 23:00:00,0.0,9314.4,1009.8,0,0
2024-01-17 00:00:00,0.0,8837.9,1004.7,0,0
2024-01-17 01:00:00,0.0,8950.1,1005.3,0,0
2024-01-17 02:00:00,0.0,9781.8,1013.0,0,0
2024-01-17 03:00:00,0.0,9290.5,1015.7,0,0
2024-01-17 04:00:00,0.0,8994.0,1012.2,0,0
2024-01-17 05:00:00,0.0,8256.7,1015.4,0,0
2024-01-17 06:00:00,2.74,8014.7,1005.2,0,0
2024-01-17 07:00:00,0.0,8249.9,1005.5,0,0
2024-01-17 08:00:00,0.0,9912.4,1024.5,0,0
2024-01-17 09:00:00,0.0,9528.2,1019.4,0,0
2024-01-17 10:00:00,0.0,9934.2,1017.1,0,0
2024-01-17 11:00:00,0.47,8071.4,1010.0,0,0
2024-01-17 12:00:00,0.0,9360.4,1012.1,0,0
2024-01-17 13:00:00,0.0,8088.6,1013.2,0,0
2024-01-17 14:00:00,0.0,9564.1,1019.8,0,0
2024-01-17 15:00:00,0.0,8761.9,1015.3,0,0
2024-01-17 16:00:00,0.0,8191.5,1015.9,0,0
2024-01-17 17:00:00,0.0,9136.1,1012.4,0,0
2024-01-17 18:00:00,0.0,8560.2,1017.2,0,0
2024-01-17 19:00:00,0.0,9319.1,1014.8,0,0
2024-01-17 20:00:00,0.0,9316.3,1013.5,0,0
2024-01-17 21:00:00,0.0,9410.0,1009.5,0,0
2024-01-17 22:00:00,0.0,9984.9,1012.7,0,0
2024-01-17 23:00:00,0.0,8773.4,1007.9,0,0
2024-01-18 00:00:00,0.0,8930.6,1013.0,0,0
2024-01-18 01:00:00,0.0,9609.2,1013.7,0,0
2024-01-18 02:00:00,0.0,9156.7,1001.2,0,0
2024-01-18 03:00:00,6.77,1792.9,1012.1,0,0
2024-01-18 04:00:00,0.11,9686.2,1007.4,0,0
2024-01-18 05:00:00,0.0,8103.0,1015.7,0,0
2024-01-18 06:00:00,0.0,8341.6,1016.4,0,0
2024-01-18 07:00:00,0.0,8204.2,1011.1,0,0
2024-01-18 08:00:00,0.0,8155.9,1016.0,0,0
2024-01-18 09:00:00,0.0,8051.4,1016.2,0,0
2024-01-18 10:00:00,0.0,8110.1,1012.1,0,0
2024-01-18 11:00:00,0.0,8884.9,1020.9,0,0
2024-01-18 12:00:00,0.0,8505.7,1009.6,0,0
2024-01-18 13:00:00,0.0,8253.1,1020.6,0,0
2024-01-18 14:00:00,0.0,9317.4,1012.1,0,0
2024-01-18 15:00:00,0.0,8452.2,1009.0,0,0
2024-01-18 16:00:00,0.0,8037.9,1011.5,0,0
2024-01-18 17:00:00,0.0,8836.8,1007.8,0,0
2024-01-18 18:00:00,0.0,8620.9,1017.2,0,0
2024-01-18 19:00:00,0.0,8637.2,1005.2,0,0
2024-01-18 20:00:00,0.0,8890.5,1020.2,0,0
2024-01-18 21:00:00,0.0,9337.8,1008.6,0,0
2024-01-18 22:00:00,0.0,9233.0,1017.4,0,0
2024-01-18 23:00:00,0.0,9874.5,1013.4,0,0
2024-01-19 00:00:00,0.0,9035.4,1014.6,0,0
2024-01-19 01:00:00,0.0,8945.1,1010.3,0,0
2024-01-19 02:00:00,0.0,8426.8,1015.0,0,0
2024-01-19 03:00:00,0.0,9510.8,1013.9,0,0
2024-01-19 04:00:00,0.0,8281.6,1006.0,0,0
2024-01-19 05:00:00,0.0,8982.3,1008.4,0,0
2024-01-19 06:00:00,0.0,8842.6,1010.5,0,0
2024-01-19 07:00:00,0.0,9316.6,1009.5,0,0
2024-01-19 08:00:00,0.0,9835.2,1019.5,0,0
2024-01-19 09:00:00,2.05,9893.2,1013.3,0,0
2024-01-19 10:00:00,0.0,8335.6,1009.4,0,0
2024-01-19 11:00:00,0.0,8523.6,1010.8,0,0
2024-01-19 12:00:00,0.0,9623.3,1010.7,0,0
2024-01-19 13:00:00,0.28,9036.6,1011.8,0,0
2024-01-19 14:00:00,2.43,8906.1,1007.9,0,0
2024-01-19 15:00:00,0.0,9421.3,1009.2,0,0
2024-01-19 16:00:00,0.0,9203.8,1017.1,0,0
2024-01-19 17:00:00,0.0,9941.4,1014.2,0,0
2024-01-19 18:00:00,0.0,9167.9,1012.5,0,0
2024-01-19 19:00:00,0.0,8931.9,1013.3,0,0
2024-01-19 20:00:00,0.0,9085.6,1013.0,0,0
2024-01-19 21:00:00,0.0,9617.1,1012.2,0,0
2024-01-19 22:00:00,0.0,9225.4,1015.8,0,0
2024-01-19 23:00:00,0.0,9294.1,1015.5,0,0
2024-01-20 00:00:00,0.0,9942.9,1005.4,0,1
2024-01-20 01:00:00,0.0,9236.8,1012.6,0,1
2024-01-20 02:00:00,0.0,8760.6,1005.7,0,1
2024-01-20 03:00:00,0.0,9382.7,1016.4,0,1
2024-01-20 04:00:00,0.0,9318.9,1017.1,0,1
2024-01-20 05:00:00,0.0,8027.7,1010.2,0,1
2024-01-20 06:00:00,0.0,8934.7,1012.7,0,1
2024-01-20 07:00:00,0.0,9485.8,1002.7,0,1
2024-01-20 08:00:00,8.04,2346.4,1018.1,0,1
2024-01-20 09:00:00,0.0,9559.2,1016.8,0,1
2024-01-20 10:00:00,0.0,8901.8,1019.0,0,1
2024-01-20 11:00:00,0.0,9966.6,1020.7,0,1
2024-01-20 12:00:00,0.0,8585.8,1007.1,0,1
2024-01-20 13:00:00,4.67,8184.2,1017.7,0,1
2024-01-20 14:00:00,0.0,8860.0,1020.6,0,1
2024-01-20 15:00:00,0.46,9083.4,1005.8,0,1
2024-01-20 16:00:00,0.0,8698.2,1012.4,0,1
2024-01-20 17:00:00,0.0,8484.6,1011.4,0,1
2024-01-20 18:00:00,0.0,9344.1,1017.5,0,1
2024-01-20 19:00:00,1.6,8754.3,1001.3,0,1
2024-01-20 20:00:00,0.0,9262.7,1022.3,0,1
2024-01-20 21:00:00,0.0,9558.1,1012.7,0,1
2024-01-20 22:00:00,2.4,9522.0,1017.8,0,1
2024-01-20 23:00:00,0.0,8750.6,1012.9,0,1
2024-01-21 00:00:00,0.0,9135.8,1015.7,0,1
2024-01-21 01:00:00,0.0,8899.3,1001.6,0,1
2024-01-21 02:00:00,0.0,9741.6,1011.3,0,1
2024-01-21 03:00:00,0.0,9757.5,1017.5,0,1
2024-01-21 04:00:00,0.0,8687.5,1014.7,0,1
2024-01-21 05:00:00,0.0,8183.5,1005.1,0,1
2024-01-21 06:00:00,0.0,8335.2,1013.6,0,1
2024-01-21 07:00:00,0.0,8734.0,1009.2,0,1
2024-01-21 08:00:00,0.78,9128.5,1008.7,0,1
2024-01-21 09:00:00,0.0,9313.6,1005.6,0,1
2024-01-21 10:00:00,0.0,8662.7,1016.3,0,1
2024-01-21 11:00:00,0.0,9335.0,1018.8,0,1
2024-01-21 12:00:00,0.0,9875.5,1023.9,0,1
2024-01-21 13:00:00,0.0,9304.0,1005.9,0,1
2024-01-21 14:00:00,0.0,8317.1,1017.1,0,1
2024-01-21 15:00:00,0.0,9159.3,1017.4,0,1
2024-01-21 16:00:00,0.0,9083.8,1010.3,0,1
2024-01-21 17:00:00,0.0,9741.4,1008.7,0,1
2024-01-21 18:00:00,5.22,1324.6,1007.8,0,1
2024-01-21 19:00:00,0.49,8845.9,1010.6,0,1
2024-01-21 20:00:00,0.0,9197.3,1014.3,0,1
2024-01-21 21:00:00,0.0,9048.9,1020.1,0,1
2024-01-21 22:00:00,0.0,9438.0,1018.8,0,1
2024-01-21 23:00:00,0.0,8080.8,1005.2,0,1
2024-01-22 00:00:00,0.0,9127.0,1009.3,0,0
2024-01-22 01:00:00,0.0,8243.3,1019.7,0,0
2024-01-22 02:00:00,0.0,8630.4,1009.6,0,0
2024-01-22 03:00:00,0.0,9323.3,1013.0,0,0
2024-01-22 04:00:00,0.55,8314.8,1004.7,0,0
2024-01-22 05:00:00,0.0,8617.7,1019.0,0,0
2024-01-22 06:00:00,0.0,9406.0,1003.7,0,0
2024-01-22 07:00:00,0.0,9301.6,1005.0,0,0
2024-01-22 08:00:00,3.81,8182.1,1018.5,0,0
2024-01-22 09:00:00,0.0,9154.5,1022.9,0,0
2024-01-22 10:00:00,0.0,8294.5,1011.8,0,0
2024-01-22 11:00:00,0.0,8504.5,1013.0,0,0
2024-01-22 12:00:00,0.0,8918.4,1017.8,0,0
2024-01-22 13:00:00,0.0,8218.7,1014.7,0,0
2024-01-22 14:00:00,0.08,9987.3,1011.4,0,0
2024-01-22 15:00:00,0.0,8330.7,1010.8,0,0
2024-01-22 16:00:00,0.0,9562.6,1005.4,0,0
2024-01-22 17:00:00,0.0,9659.7,1014.4,0,0
2024-01-22 18:00:00,4.47,9988.9,1012.8,0,0
2024-01-22 19:00:00,0.0,8857.3,1011.1,0,0
2024-01-22 20:00:00,0.0,9748.2,1008.2,0,0
2024-01-22 21:00:00,0.0,9915.1,1008.7,0,0
2024-01-22 22:00:00,0.0,8345.8,1016.3,0,0
2024-01-22 23:00:00,0.0,8958.9,1017.7,0,0
2024-01-23 00:00:00,0.0,8120.0,1011.6,0,0
2024-01-23 01:00:00,0.0,9241.4,1011.1,0,0
2024-01-23 02:00:00,0.0,9162.8,1009.0,0,0
2024-01-23 03:00:00,2.79,8408.3,1017.9,0,0
2024-01-23 04:00:00,2.71,9595.8,1013.4,0,0
2024-01-23 05:00:00,0.0,8074.5,1015.1,0,0
2024-01-23 06:00:00,0.0,9612.5,1015.0,0,0
2024-01-23 07:00:00,8.14,2168.5,1011.7,0,0
2024-01-23 08:00:00,0.0,9313.7,1007.4,0,0
2024-01-23 09:00:00,0.0,8157.5,1008.3,0,0
2024-01-23 10:00:00,0.0,8502.5,1018.9,0,0
2024-01-23 11:00:00,0.0,9443.8,1009.6,0,0
2024-01-23 12:00:00,1.08,8560.8,1011.2,0,0
2024-01-23 13:00:00,0.0,9022.3,1007.6,0,0
2024-01-23 14:00:00,0.0,9830.5,1007.2,0,0
2024-01-23 15:00:00,0.0,8099.3,1009.4,0,0
2024-01-23 16:00:00,0.0,9622.2,1021.7,0,0
2024-01-23 17:00:00,0.0,8130.5,1016.5,0,0
2024-01-23 18:00:00,0.0,8253.6,1010.6,0,0
2024-01-23 19:00:00,0.0,8238.6,1018.7,0,0
2024-01-23 20:00:00,0.0,9988.2,1012.5,0,0
2024-01-23 21:00:00,0.0,8360.4,1020.0,0,0
2024-01-23 22:00:00,0.0,9793.5,1024.3,0,0
2024-01-23 23:00:00,0.0,9981.9,1018.4,0,0
2024-01-24 00:00:00,0.0,8767.6,1013.7,0,0
2024-01-24 01:00:00,0.0,9262.1,1016.7,0,0
2024-01-24 02:00:00,0.0,9558.2,1013.3,0,0
2024-01-24 03:00:00,0.0,8785.3,1004.1,0,0
2024-01-24 04:00:00,0.0,8323.6,1010.0,0,0
2024-01-24 05:00:00,0.0,8867.5,1008.5,0,0
2024-01-24 06:00:00,0.0,9543.8,1009.9,0,0
2024-01-24 07:00:00,0.0,9561.5,1022.2,0,0
2024-01-24 08:00:00,0.0,8461.1,1018.9,0,0
2024-01-24 09:00:00,0.0,8349.9,1015.5,0,0
2024-01-24 10:00:00,0.0,9841.1,1017.3,0,0
2024-01-24 11:00:00,0.0,8088.0,1003.8,0,0
2024-01-24 12:00:00,0.0,9469.5,1016.9,0,0
2024-01-24 13:00:00,0.0,8092.8,1017.9,0,0
2024-01-24 14:00:00,0.0,9675.8,1002.1,0,0
2024-01-24 15:00:00,0.0,9810.8,1017.1,0,0
2024-01-24 16:00:00,0.0,8594.8,1006.1,0,0
2024-01-24 17:00:00,0.0,8147.9,1003.4,0,0
2024-01-24 18:00:00,0.0,8961.4,1019.9,0,0
2024-01-24 19:00:00,0.0,8596.9,1008.2,0,0
2024-01-24 20:00:00,0.0,8834.3,1009.7,0,0
2024-01-24 21:00:00,0.0,9330.0,1018.2,0,0
2024-01-24 22:00:00,0.0,8419.7,1011.7,0,0
2024-01-24 23:00:00,0.83,8713.9,1012.3,0,0
2024-01-25 00:00:00,0.0,9565.1,1012.2,0,0
2024-01-25 01:00:00,13.06,2877.1,1015.0,0,0
2024-01-25 02:00:00,0.0,8652.6,1012.1,0,0
2024-01-25 03:00:00,0.0,9328.6,1013.8,0,0
2024-01-25 04:00:00,0.0,9530.6,1010.7,0,0
2024-01-25 05:00:00,2.73,9185.0,1015.0,0,0
2024-01-25 06:00:00,0.0,8479.0,1014.8,0,0
2024-01-25 07:00:00,0.0,8000.5,1022.7,0,0
2024-01-25 08:00:00,0.0,9605.7,1011.3,0,0
2024-01-25 09:00:00,0.0,9645.3,1012.3,0,0
2024-01-25 10:00:00,0.0,9395.2,1014.4,0,0
2024-01-25 11:00:00,0.0,8153.2,1018.1,0,0
2024-01-25 12:00:00,0.0,9170.4,1007.8,0,0
2024-01-25 13:00:00,0.0,9642.0,1013.8,0,0
2024-01-25 14:00:00,0.0,8779.3,1000.7,0,0
2024-01-25 15:00:00,0.0,8396.0,1011.9,0,0
2024-01-25 16:00:00,0.0,9175.3,1018.6,0,0
2024-01-25 17:00:00,0.0,9652.6,1009.6,0,0
2024-01-25 18:00:00,0.0,8097.7,1014.1,0,0
2024-01-25 19:00:00,0.0,9193.9,1010.6,0,0
2024-01-25 20:00:00,0.0,9286.3,1009.0,0,0
2024-01-25 21:00:00,0.0,9204.7,1018.1,0,0
2024-01-25 22:00:00,0.0,9300.1,1008.0,0,0
2024-01-25 23:00:00,0.0,9262.8,1014.7,0,0
2024-01-26 00:00:00,0.0,8260.8,1014.8,1,0
2024-01-26 01:00:00,0.0,8469.9,1009.0,1,0
2024-01-26 02:00:00,0.0,9238.0,1014.0,1,0
2024-01-26 03:00:00,0.0,8035.4,1008.6,1,0
2024-01-26 04:00:00,0.0,9269.5,1015.9,1,0
2024-01-26 05:00:00,0.0,9330.8,1006.7,1,0
2024-01-26 06:00:00,0.0,8478.3,1011.6,1,0
2024-01-26 07:00:00,0.0,9196.3,1012.0,1,0
2024-01-26 08:00:00,0.0,9068.2,1018.8,1,0
2024-01-26 09:00:00,0.0,8521.4,1014.0,1,0
2024-01-26 10:00:00,0.0,8925.9,1018.0,1,0
2024-01-26 11:00:00,0.0,9819.2,1016.0,1,0
2024-01-26 12:00:00,0.0,8853.2,1016.0,1,0
2024-01-26 13:00:00,0.0,9259.7,1011.6,1,0
2024-01-26 14:00:00,0.0,8070.7,1018.4,1,0
2024-01-26 15:00:00,0.99,8155.6,1011.5,1,0
2024-01-26 16:00:00,0.0,8162.6,1004.6,1,0
2024-01-26 17:00:00,0.0,9556.5,1012.2,1,0
2024-01-26 18:00:00,0.0,8700.5,1015.5,1,0
2024-01-26 19:00:00,0.0,8455.2,1005.2,1,0
2024-01-26 20:00:00,0.0,9494.6,1008.8,1,0
2024-01-26 21:00:00,0.0,8339.9,1007.1,1,0
2024-01-26 22:00:00,0.0,8493.0,1017.2,1,0
2024-01-26 23:00:00,0.0,8861.9,1021.6,1,0
2024-01-27 00:00:00,0.0,8662.9,1012.2,0,1
2024-01-27 01:00:00,0.0,9170.8,1015.9,0,1
2024-01-27 02:00:00,0.0,8675.7,1015.8,0,1
2024-01-27 03:00:00,0.0,8785.9,1021.0,0,1
2024-01-27 04:00:00,0.0,9725.8,1010.0,0,1
2024-01-27 05:00:00,0.0,9769.1,1012.2,0,1
2024-01-27 06:00:00,0.0,9655.4,1011.5,0,1
2024-01-27 07:00:00,0.0,9729.7,1013.6,0,1
2024-01-27 08:00:00,0.0,9139.5,1025.8,0,1
2024-01-27 09:00:00,0.0,9292.5,1013.4,0,1
2024-01-27 10:00:00,0.0,9114.3,1009.0,0,1
2024-01-27 11:00:00,0.0,9571.2,1007.5,0,1
2024-01-27 12:00:00,0.0,9102.0,1019.5,0,1
2024-01-27 13:00:00,0.0,8222.2,1009.0,0,1
2024-01-27 14:00:00,0.0,9619.2,1016.6,0,1
2024-01-27 15:00:00,0.0,9521.2,1009.9,0,1
2024-01-27 16:00:00,0.0,9640.6,1006.9,0,1
2024-01-27 17:00:00,0.0,8380.9,1016.3,0,1
2024-01-27 18:00:00,0.0,8543.2,1010.1,0,1
2024-01-27 19:00:00,0.0,8591.5,1015.4,0,1
2024-01-27 20:00:00,0.0,9016.2,1015.7,0,1
2024-01-27 21:00:00,0.0,8267.8,1016.0,0,1
2024-01-27 22:00:00,0.0,8770.8,1011.9,0,1
2024-01-27 23:00:00,0.0,8364.3,1016.7,0,1
2024-01-28 00:00:00,0.0,8529.5,1008.6,0,1
2024-01-28 01:00:00,0.0,9412.8,1001.0,0,1
2024-01-28 02:00:00,0.0,9709.6,1016.8,0,1
2024-01-28 03:00:00,0.0,8045.8,1014.1,0,1
2024-01-28 04:00:00,0.0,9131.8,1010.2,0,1
2024-01-28 05:00:00,0.0,8072.1,1005.9,0,1
2024-01-28 06:00:00,0.0,8170.5,1003.1,0,1
2024-01-28 07:00:00,0.0,9410.2,1013.5,0,1
2024-01-28 08:00:00,0.0,9471.2,1021.5,0,1
2024-01-28 09:00:00,0.0,9628.0,1012.6,0,1
2024-01-28 10:00:00,0.0,8948.5,1011.4,0,1
2024-01-28 11:00:00,0.0,9719.6,1013.1,0,1
2024-01-28 12:00:00,0.0,8333.7,1024.1,0,1
2024-01-28 13:00:00,2.79,8499.4,1017.0,0,1
2024-01-28 14:00:00,0.0,8269.0,1008.6,0,1
2024-01-28 15:00:00,0.0,9595.1,1013.4,0,1
2024-01-28 16:00:00,0.0,8457.4,1014.9,0,1
2024-01-28 17:00:00,0.0,8311.0,1008.0,0,1
2024-01-28 18:00:00,0.0,9246.2,1017.0,0,1
2024-01-28 19:00:00,0.0,8154.2,1009.2,0,1
2024-01-28 20:00:00,0.0,8089.8,1005.7,0,1
2024-01-28 21:00:00,0.0,8213.4,1013.6,0,1
2024-01-28 22:00:00,0.0,8000.5,1012.8,0,1
2024-01-28 23:00:00,0.0,9394.0,1013.2,0,1
2024-01-29 00:00:00,0.0,9124.5,1009.4,0,0
2024-01-29 01:00:00,0.0,8419.8,1010.1,0,0
2024-01-29 02:00:00,0.0,8466.0,1018.9,0,0
2024-01-29 03:00:00,1.23,9621.9,1015.5,0,0
2024-01-29 04:00:00,0.0,9003.6,1008.5,0,0
2024-01-29 05:00:00,0.0,9397.1,1003.5,0,0
2024-01-29 06:00:00,0.0,8905.5,1008.7,0,0
2024-01-29 07:00:00,0.0,8475.4,1014.0,0,0
2024-01-29 08:00:00,0.0,9940.8,1010.1,0,0
2024-01-29 09:00:00,0.0,9131.3,1009.7,0,0
2024-01-29 10:00:00,0.0,8262.0,1010.3,0,0
2024-01-29 11:00:00,0.0,8812.2,1012.9,0,0
2024-01-29 12:00:00,2.26,8658.7,1017.2,0,0
2024-01-29 13:00:00,0.0,8428.2,1013.2,0,0
2024-01-29 14:00:00,0.0,9866.9,1013.6,0,0
2024-01-29 15:00:00,0.0,9761.8,1012.1,0,0
2024-01-29 16:00:00,0.0,8398.3,1010.8,0,0
2024-01-29 17:00:00,0.0,8704.3,1017.7,0,0
2024-01-29 18:00:00,0.0,9524.6,1017.0,0,0
2024-01-29 19:00:00,0.0,8417.0,1023.5,0,0
2024-01-29 20:00:00,0.0,9183.1,1016.3,0,0
2024-01-29 21:00:00,0.0,9399.6,1010.8,0,0
2024-01-29 22:00:00,0.0,9307.9,1008.7,0,0
2024-01-29 23:00:00,0.0,9412.8,1018.0,0,0
2024-01-30 00:00:00,0.0,9413.4,1009.2,0,0
2024-01-30 01:00:00,0.0,9929.6,1017.3,0,0
2024-01-30 02:00:00,0.0,8693.0,1009.5,0,0
2024-01-30 03:00:00,0.0,9757.2,1015.0,0,0
2024-01-30 04:00:00,0.0,8043.6,1008.0,0,0
2024-01-30 05:00:00,0.0,8576.4,1017.1,0,0
2024-01-30 06:00:00,0.0,8097.3,1007.1,0,0
2024-01-30 07:00:00,0.0,9302.4,1014.6,0,0
2024-01-30 08:00:00,0.0,8201.6,1012.3,0,0
2024-01-30 09:00:00,10.83,1715.7,1013.8,0,0
2024-01-30 10:00:00,0.0,9293.2,1011.3,0,0
2024-01-30 11:00:00,0.0,8057.6,1011.2,0,0
2024-01-30 12:00:00,0.0,9429.6,1014.0,0,0
2024-01-30 13:00:00,0.0,9724.1,1008.2,0,0
2024-01-30 14:00:00,0.0,9322.2,1008.2,0,0
2024-01-30 15:00:00,0.0,8061.0,1011.5,0,0
2024-01-30 16:00:00,0.0,9715.8,1011.3,0,0
2024-01-30 17:00:00,0.0,9464.9,1008.2,0,0
2024-01-30 18:00:00,0.0,8756.9,1017.9,0,0
2024-01-30 19:00:00,5.91,2291.9,1011.6,0,0
2024-01-30 20:00:00,0.0,8959.6,1012.1,0,0
2024-01-30 21:00:00,7.43,915.9,1006.6,0,0
2024-01-30 22:00:00,0.0,8504.1,1023.6,0,0
2024-01-30 23:00:00,0.0,8201.9,1025.4,0,0
2024-01-31 00:00:00,0.42,9729.3,1009.3,0,0
2024-01-31 01:00:00,0.0,8052.6,1019.4,0,0
2024-01-31 02:00:00,0.0,9822.0,1012.8,0,0
2024-01-31 03:00:00,0.0,8611.5,1021.3,0,0
2024-01-31 04:00:00,0.0,9016.4,1014.9,0,0
2024-01-31 05:00:00,0.0,8264.6,1013.7,0,0
2024-01-31 06:00:00,0.0,9804.5,1000.8,0,0
2024-01-31 07:00:00,0.0,9499.7,1008.9,0,0
2024-01-31 08:00:00,0.0,9848.3,1013.4,0,0
2024-01-31 09:00:00,0.0,9366.5,1014.2,0,0
2024-01-31 10:00:00,0.0,8369.4,1007.2,0,0
2024-01-31 11:00:00,0.0,8616.5,1009.6,0,0
2024-01-31 12:00:00,0.0,8973.7,1016.0,0,0
2024-01-31 13:00:00,0.0,9214.5,1006.3,0,0
2024-01-31 14:00:00,0.0,9852.9,1013.9,0,0
2024-01-31 15:00:00,0.0,8767.9,1019.4,0,0
2024-01-31 16:00:00,0.0,9406.1,1015.2,0,0
2024-01-31 17:00:00,0.0,9922.0,1014.9,0,0
2024-01-31 18:00:00,0.0,8304.7,1003.1,0,0
2024-01-31 19:00:00,0.0,9725.4,1009.1,0,0
2024-01-31 20:00:00,0.0,8841.4,1023.5,0,0
2024-01-31 21:00:00,0.0,9464.8,1010.3,0,0
2024-01-31 22:00:00,0.0,8587.1,1019.6,0,0
2024-01-31 23:00:00,0.0,8668.0,1010.2,0,0
2024-02-01 00:00:00,0.0,8054.3,1011.9,0,0
2024-02-01 01:00:00,0.0,9942.8,1015.8,0,0
2024-02-01 02:00:00,0.0,9626.9,1013.8,0,0
2024-02-01 03:00:00,0.0,8187.8,1015.2,0,0
2024-02-01 04:00:00,0.0,9999.0,1009.2,0,0
2024-02-01 05:00:00,0.0,9210.0,1007.6,0,0
2024-02-01 06:00:00,0.0,9707.5,1008.8,0,0
2024-02-01 07:00:00,2.66,8133.3,1010.6,0,0
2024-02-01 08:00:00,0.0,8778.9,1012.1,0,0
2024-02-01 09:00:00,0.0,9339.3,1018.4,0,0
2024-02-01 10:00:00,0.0,8212.9,1013.7,0,0
2024-02-01 11:00:00,0.0,8977.8,1015.7,0,0
2024-02-01 12:00:00,0.0,8885.4,1014.0,0,0
2024-02-01 13:00:00,0.0,8432.1,1007.7,0,0
2024-02-01 14:00:00,0.0,8600.5,1013.3,0,0
2024-02-01 15:00:00,0.0,9934.2,1013.9,0,0
2024-02-01 16:00:00,0.0,8577.3,1017.0,0,0
2024-02-01 17:00:00,0.0,8426.9,1007.9,0,0
2024-02-01 18:00:00,0.0,9072.4,1003.0,0,0
2024-02-01 19:00:00,0.0,9341.9,1014.1,0,0
2024-02-01 20:00:00,0.0,9450.2,1015.0,0,0
2024-02-01 21:00:00,0.0,9508.5,1012.4,0,0
2024-02-01 22:00:00,0.0,8073.7,1013.4,0,0
2024-02-01 23:00:00,0.0,8787.5,1017.6,0,0
2024-02-02 00:00:00,0.0,9547.9,1011.0,0,0
2024-02-02 01:00:00,0.0,9809.7,1011.9,0,0
2024-02-02 02:00:00,0.0,9204.4,1013.6,0,0
2024-02-02 03:00:00,0.0,8104.6,1007.2,0,0
2024-02-02 04:00:00,0.0,8793.3,1012.5,0,0
2024-02-02 05:00:00,0.0,8148.5,1012.9,0,0
2024-02-02 06:00:00,0.0,9497.1,1021.4,0,0
2024-02-02 07:00:00,0.0,8127.0,1011.8,0,0
2024-02-02 08:00:00,0.0,8371.5,1014.3,0,0
2024-02-02 09:00:00,0.0,8833.9,1017.8,0,0
2024-02-02 10:00:00,0.0,8925.3,1009.1,0,0
2024-02-02 11:00:00,0.0,8813.0,1020.1,0,0
2024-02-02 12:00:00,0.0,8926.8,1022.1,0,0
2024-02-02 13:00:00,0.0,9426.5,1013.1,0,0
2024-02-02 14:00:00,0.0,8738.5,1010.6,0,0
2024-02-02 15:00:00,0.0,9095.5,1021.4,0,0
2024-02-02 16:00:00,0.0,8606.7,1017.2,0,0
2024-02-02 17:00:00,0.0,8707.3,1013.7,0,0
2024-02-02 18:00:00,0.0,9227.6,1020.4,0,0
2024-02-02 19:00:00,0.0,8981.0,1019.9,0,0
2024-02-02 20:00:00,0.0,9446.1,1011.6,0,0
2024-02-02 21:00:00,10.81,1218.4,1014.5,0,0
2024-02-02 22:00:00,0.0,9607.1,1016.1,0,0
2024-02-02 23:00:00,0.0,8886.8,1013.4,0,0
2024-02-03 00:00:00,0.0,8982.1,1006.3,0,1
2024-02-03 01:00:00,0.0,9339.9,1008.6,0,1
2024-02-03 02:00:00,0.0,8442.5,1006.5,0,1
2024-02-03 03:00:00,0.0,8771.9,1015.7,0,1
2024-02-03 04:00:00,0.4,9249.7,1007.3,0,1
2024-02-03 05:00:00,0.0,8057.8,1014.2,0,1
2024-02-03 06:00:00,0.0,8873.9,1022.4,0,1
2024-02-03 07:00:00,3.09,9197.7,1020.4,0,1
2024-02-03 08:00:00,0.0,9934.8,1004.1,0,1
2024-02-03 09:00:00,0.0,9754.0,1006.9,0,1
2024-02-03 10:00:00,0.0,8561.5,1009.4,0,1
2024-02-03 11:00:00,0.0,9014.4,1007.4,0,1
2024-02-03 12:00:00,0.0,8112.8,1005.0,0,1
2024-02-03 13:00:00,0.0,8481.5,1013.2,0,1
2024-02-03 14:00:00,3.39,9549.7,1016.8,0,1
2024-02-03 15:00:00,7.76,929.5,1018.0,0,1
2024-02-03 16:00:00,0.0,8515.4,1010.9,0,1
2024-02-03 17:00:00,0.0,9888.1,1011.9,0,1
2024-02-03 18:00:00,1.8,9647.7,1015.0,0,1
2024-02-03 19:00:00,0.0,9563.7,1012.7,0,1
2024-02-03 20:00:00,0.0,9729.1,1017.3,0,1
2024-02-03 21:00:00,0.18,9499.2,1015.4,0,1
2024-02-03 22:00:00,0.0,8241.2,1011.4,0,1
2024-02-03 23:00:00,0.0,9033.1,1004.0,0,1
2024-02-04 00:00:00,0.0,8888.5,1020.7,0,1
2024-02-04 01:00:00,0.0,8622.3,1009.8,0,1
2024-02-04 02:00:00,0.0,9668.1,1015.0,0,1
2024-02-04 03:00:00,0.0,8928.3,1003.7,0,1
2024-02-04 04:00:00,0.0,8120.6,1013.2,0,1
2024-02-04 05:00:00,0.0,8549.9,1013.8,0,1
2024-02-04 06:00:00,0.0,8457.2,1014.0,0,1
2024-02-04 07:00:00,0.0,9775.0,1028.3,0,1
2024-02-04 08:00:00,0.0,9294.9,1010.1,0,1
2024-02-04 09:00:00,0.0,9120.8,1017.4,0,1
2024-02-04 10:00:00,0.0,9013.3,1015.9,0,1
2024-02-04 11:00:00,0.0,9300.2,1009.9,0,1
2024-02-04 12:00:00,0.0,9509.8,1017.3,0,1
2024-02-04 13:00:00,0.0,9108.8,1012.4,0,1
2024-02-04 14:00:00,0.0,9876.6,1017.6,0,1
2024-02-04 15:00:00,0.0,9953.7,1023.1,0,1
2024-02-04 16:00:00,0.0,9990.7,1014.0,0,1
2024-02-04 17:00:00,0.0,9338.8,1011.8,0,1
2024-02-04 18:00:00,0.0,9865.2,1018.5,0,1
2024-02-04 19:00:00,0.0,8809.0,1020.2,0,1
2024-02-04 20:00:00,0.0,9719.2,1008.8,0,1
2024-02-04 21:00:00,0.0,9818.3,1011.0,0,1
2024-02-04 22:00:00,0.0,9808.3,1016.6,0,1
2024-02-04 23:00:00,0.0,9661.7,1012.6,0,1
2024-02-05 00:00:00,0.0,8813.2,1008.5,0,0
2024-02-05 01:00:00,0.0,8317.8,1016.0,0,0
2024-02-05 02:00:00,0.0,8667.9,1016.6,0,0
2024-02-05 03:00:00,0.16,9534.6,1011.6,0,0
2024-02-05 04:00:00,0.0,8465.8,1013.6,0,0
2024-02-05 05:00:00,0.0,8956.5,1010.4,0,0
2024-02-05 06:00:00,0.0,9130.8,1007.8,0,0
2024-02-05 07:00:00,2.38,9207.7,1010.8,0,0
2024-02-05 08:00:00,0.0,9871.5,1013.6,0,0
2024-02-05 09:00:00,0.0,9323.0,1005.9,0,0
2024-02-05 10:00:00,0.0,9572.6,1011.1,0,0
2024-02-05 11:00:00,0.0,9163.8,1013.7,0,0
2024-02-05 12:00:00,0.0,9667.2,1019.2,0,0
2024-02-05 13:00:00,0.0,8527.3,1011.7,0,0
2024-02-05 14:00:00,0.0,8419.8,1007.0,0,0
2024-02-05 15:00:00,0.0,9852.6,1012.2,0,0
2024-02-05 16:00:00,0.0,9387.0,1010.4,0,0
2024-02-05 17:00:00,0.0,9343.1,1016.0,0,0
2024-02-05 18:00:00,0.0,8934.6,1011.6,0,0
2024-02-05 19:00:00,0.0,8753.4,999.7,0,0
2024-02-05 20:00:00,0.0,9111.4,1031.7,0,0
2024-02-05 21:00:00,0.0,8241.1,1014.0,0,0
2024-02-05 22:00:00,0.0,8909.4,1013.7,0,0
2024-02-05 23:00:00,0.0,8910.7,1005.5,0,0
2024-02-06 00:00:00,0.0,9076.7,1005.9,0,0
2024-02-06 01:00:00,0.0,9269.4,1012.8,0,0
2024-02-06 02:00:00,0.0,9914.6,1014.9,0,0
2024-02-06 03:00:00,0.0,9304.3,1016.8,0,0
2024-02-06 04:00:00,0.0,9767.5,1014.4,0,0
2024-02-06 05:00:00,1.7,9112.6,1007.3,0,0
2024-02-06 06:00:00,0.0,9253.9,1000.7,0,0
2024-02-06 07:00:00,0.0,8139.7,1012.7,0,0
2024-02-06 08:00:00,0.0,8266.5,1010.6,0,0
2024-02-06 09:00:00,0.0,9159.3,1006.9,0,0
2024-02-06 10:00:00,0.0,8791.4,1017.4,0,0
2024-02-06 11:00:00,0.0,9597.6,1005.4,0,0
2024-02-06 12:00:00,0.0,9086.4,1016.3,0,0
2024-02-06 13:00:00,0.0,9764.6,1006.2,0,0
2024-02-06 14:00:00,0.0,9944.7,1013.9,0,0
2024-02-06 15:00:00,0.0,8295.3,1017.9,0,0
2024-02-06 16:00:00,0.0,8789.7,1011.6,0,0
2024-02-06 17:00:00,0.0,9330.0,1021.7,0,0
2024-02-06 18:00:00,0.0,8611.0,1022.8,0,0
2024-02-06 19:00:00,0.0,8534.1,1014.4,0,0
2024-02-06 20:00:00,0.0,9627.5,1016.0,0,0
2024-02-06 21:00:00,0.0,9960.8,1018.6,0,0
2024-02-06 22:00:00,0.0,9547.6,1016.0,0,0
2024-02-06 23:00:00,0.0,9047.4,1015.4,0,0
2024-02-07 00:00:00,0.0,8885.0,1010.6,0,0
2024-02-07 01:00:00,0.0,9079.3,1004.8,0,0
2024-02-07 02:00:00,0.0,8925.7,1006.3,0,0
2024-02-07 03:00:00,0.0,9005.8,1025.2,0,0
2024-02-07 04:00:00,0.0,8406.9,1014.9,0,0
2024-02-07 05:00:00,0.0,9807.5,1012.0,0,0
2024-02-07 06:00:00,0.0,9509.1,1019.6,0,0
2024-02-07 07:00:00,0.0,9362.0,1009.5,0,0
2024-02-07 08:00:00,0.0,9899.8,1016.2,0,0
2024-02-07 09:00:00,0.0,8568.8,1013.6,0,0
2024-02-07 10:00:00,0.0,8162.3,1015.6,0,0
2024-02-07 11:00:00,0.0,9652.3,1011.6,0,0
2024-02-07 12:00:00,0.0,9996.8,1008.4,0,0
2024-02-07 13:00:00,0.0,9156.9,1009.1,0,0
2024-02-07 14:00:00,0.0,8117.6,1009.3,0,0
2024-02-07 15:00:00,0.0,9560.9,1013.2,0,0
2024-02-07 16:00:00,0.0,8147.5,1005.5,0,0
2024-02-07 17:00:00,0.0,9080.0,1007.0,0,0
2024-02-07 18:00:00,0.0,8555.1,1013.9,0,0
2024-02-07 19:00:00,0.0,9830.1,1012.6,0,0
2024-02-07 20:00:00,0.0,8902.7,1014.2,0,0
2024-02-07 21:00:00,0.0,9796.9,1013.0,0,0
2024-02-07 22:00:00,0.0,8598.2,1025.8,0,0
2024-02-07 23:00:00,0.0,8774.7,1013.9,0,0
2024-02-08 00:00:00,0.0,9894.2,1011.4,0,0
2024-02-08 01:00:00,0.0,8402.6,1013.8,0,0
2024-02-08 02:00:00,0.0,9157.0,1018.3,0,0
2024-02-08 03:00:00,0.0,8777.0,1013.0,0,0
2024-02-08 04:00:00,0.0,9548.3,1016.7,0,0
2024-02-08 05:00:00,0.25,8258.6,1015.2,0,0
2024-02-08 06:00:00,0.0,8874.4,1011.8,0,0
2024-02-08 07:00:00,0.0,9397.9,1013.8,0,0
2024-02-08 08:00:00,0.0,8814.0,1021.2,0,0
2024-02-08 09:00:00,0.0,8117.1,1014.5,0,0
2024-02-08 10:00:00,0.0,9410.2,1008.3,0,0
2024-02-08 11:00:00,0.0,9006.4,1011.7,0,0
2024-02-08 12:00:00,0.0,8022.6,1002.7,0,0
2024-02-08 13:00:00,0.0,9225.3,1013.9,0,0
2024-02-08 14:00:00,0.0,9839.8,1019.8,0,0
2024-02-08 15:00:00,0.0,8222.1,1006.5,0,0
2024-02-08 16:00:00,0.0,9181.3,1014.0,0,0
2024-02-08 17:00:00,0.0,9457.3,1018.2,0,0
2024-02-08 18:00:00,0.0,8141.5,1018.7,0,0
2024-02-08 19:00:00,0.0,8045.2,1019.6,0,0
2024-02-08 20:00:00,1.75,8928.4,1003.9,0,0
2024-02-08 21:00:00,0.0,9582.4,1015.8,0,0
2024-02-08 22:00:00,0.0,8321.4,1005.7,0,0
2024-02-08 23:00:00,0.0,9673.3,1008.3,0,0
2024-02-09 00:00:00,0.0,9313.2,1017.4,0,0
2024-02-09 01:00:00,0.0,8664.3,1014.0,0,0
2024-02-09 02:00:00,0.0,9031.7,1016.9,0,0
2024-02-09 03:00:00,0.0,9931.1,1008.6,0,0
2024-02-09 04:00:00,0.0,8432.9,1020.6,0,0
2024-02-09 05:00:00,0.0,8999.1,1016.7,0,0
2024-02-09 06:00:00,0.0,9249.0,1017.7,0,0
2024-02-09 07:00:00,0.0,8276.0,1007.8,0,0
2024-02-09 08:00:00,0.0,8087.0,1019.1,0,0
2024-02-09 09:00:00,0.0,8026.9,1011.7,0,0
2024-02-09 10:00:00,0.0,8649.4,1010.2,0,0
2024-02-09 11:00:00,0.0,8147.9,1016.4,0,0
2024-02-09 12:00:00,0.0,9607.5,1016.2,0,0
2024-02-09 13:00:00,0.0,9994.6,1009.0,0,0
2024-02-09 14:00:00,0.0,8122.6,1023.5,0,0
2024-02-09 15:00:00,0.0,8865.5,1022.3,0,0
2024-02-09 16:00:00,0.0,8051.5,1016.3,0,0
2024-02-09 17:00:00,0.0,8268.0,1015.4,0,0
2024-02-09 18:00:00,0.0,8645.8,1014.9,0,0
2024-02-09 19:00:00,0.0,8787.4,1005.5,0,0
2024-02-09 20:00:00,0.0,9879.6,1013.8,0,0
2024-02-09 21:00:00,0.0,8791.7,1013.7,0,0
2024-02-09 22:00:00,0.0,8992.6,1010.4,0,0
2024-02-09 23:00:00,0.0,8491.2,1011.7,0,0
2024-02-10 00:00:00,0.0,8000.3,1001.3,0,1
2024-02-10 01:00:00,0.0,9798.7,1007.8,0,1
2024-02-10 02:00:00,0.0,8163.4,1017.9,0,1
2024-02-10 03:00:00,0.0,9928.5,1021.9,0,1
2024-02-10 04:00:00,0.0,8261.7,1008.5,0,1
2024-02-10 05:00:00,0.0,9209.8,1014.2,0,1
2024-02-10 06:00:00,0.0,9998.8,1018.7,0,1
2024-02-10 07:00:00,0.0,8276.9,1010.6,0,1
2024-02-10 08:00:00,0.0,8847.9,1016.6,0,1
2024-02-10 09:00:00,0.0,9560.8,1013.1,0,1
2024-02-10 10:00:00,0.0,8064.4,1019.2,0,1
2024-02-10 11:00:00,4.83,9379.6,1006.8,0,1
2024-02-10 12:00:00,0.0,8160.7,1007.7,0,1
2024-02-10 13:00:00,0.0,8473.0,1014.6,0,1
2024-02-10 14:00:00,0.0,8320.2,1013.7,0,1
2024-02-10 15:00:00,0.0,9814.7,1013.0,0,1
2024-02-10 16:00:00,0.0,8360.9,1016.1,0,1
2024-02-10 17:00:00,0.0,8080.9,1008.6,0,1
2024-02-10 18:00:00,0.0,9175.3,1006.4,0,1
2024-02-10 19:00:00,0.0,8692.4,1010.7,0,1
2024-02-10 20:00:00,0.0,8811.4,1011.3,0,1
2024-02-10 21:00:00,0.0,8238.1,1011.8,0,1
2024-02-10 22:00:00,0.0,9496.5,1019.6,0,1
2024-02-10 23:00:00,0.0,9203.1,1017.1,0,1
2024-02-11 00:00:00,0.0,8728.4,1015.9,0,1
2024-02-11 01:00:00,0.0,8343.1,1014.4,0,1
2024-02-11 02:00:00,0.0,9186.9,1011.1,0,1
2024-02-11 03:00:00,0.0,9557.2,1009.0,0,1
2024-02-11 04:00:00,0.0,8624.8,1007.3,0,1
2024-02-11 05:00:00,0.0,8051.7,1009.8,0,1
2024-02-11 06:00:00,0.0,8428.7,1013.0,0,1
2024-02-11 07:00:00,0.0,9364.8,1007.5,0,1
2024-02-11 08:00:00,0.0,9978.2,1014.1,0,1
2024-02-11 09:00:00,0.0,8026.8,1012.3,0,1
2024-02-11 10:00:00,0.0,8612.3,1011.3,0,1
2024-02-11 11:00:00,0.0,8124.0,1019.1,0,1
2024-02-11 12:00:00,0.0,8632.7,1000.9,0,1
2024-02-11 13:00:00,0.0,8811.8,1011.3,0,1
2024-02-11 14:00:00,0.77,9841.7,1001.5,0,1
2024-02-11 15:00:00,0.0,8161.1,1014.4,0,1
2024-02-11 16:00:00,0.0,9554.3,1017.1,0,1
2024-02-11 17:00:00,0.0,8791.1,1006.5,0,1
2024-02-11 18:00:00,0.0,9622.5,1007.1,0,1
2024-02-11 19:00:00,0.0,9026.8,1004.8,0,1
2024-02-11 20:00:00,0.0,8078.6,1013.6,0,1
2024-02-11 21:00:00,0.0,9892.4,1011.5,0,1
2024-02-11 22:00:00,0.0,8165.5,1011.9,0,1
2024-02-11 23:00:00,0.0,9195.4,1011.4,0,1
2024-02-12 00:00:00,0.0,9755.3,1008.4,0,0
2024-02-12 01:00:00,0.0,8159.5,1018.9,0,0
2024-02-12 02:00:00,0.0,9107.8,1014.6,0,0
2024-02-12 03:00:00,1.45,9648.6,1007.3,0,0
2024-02-12 04:00:00,0.68,9972.6,1009.7,0,0
2024-02-12 05:00:00,0.0,9448.7,1008.9,0,0
2024-02-12 06:00:00,0.0,8556.7,1020.3,0,0
2024-02-12 07:00:00,2.19,9399.1,1016.8,0,0
2024-02-12 08:00:00,0.0,9411.5,1012.6,0,0
2024-02-12 09:00:00,0.0,9399.9,1021.8,0,0
2024-02-12 10:00:00,0.0,9708.5,1020.5,0,0
2024-02-12 11:00:00,0.0,8174.8,1012.1,0,0
2024-02-12 12:00:00,0.0,8216.8,1011.2,0,0
2024-02-12 13:00:00,0.0,9281.2,1011.4,0,0
2024-02-12 14:00:00,4.16,9907.8,1008.5,0,0
2024-02-12 15:00:00,9.73,2039.6,1021.9,0,0
2024-02-12 16:00:00,2.74,9921.1,1008.2,0,0
2024-02-12 17:00:00,0.0,9876.2,1017.6,0,0
2024-02-12 18:00:00,0.0,9805.8,1016.7,0,0
2024-02-12 19:00:00,0.0,9819.7,1011.7,0,0
2024-02-12 20:00:00,0.0,9796.6,1022.3,0,0
2024-02-12 21:00:00,0.0,9639.8,1005.5,0,0
2024-02-12 22:00:00,0.0,9390.0,1012.9,0,0
2024-02-12 23:00:00,0.0,8048.8,1010.8,0,0
2024-02-13 00:00:00,0.0,8264.5,1018.1,0,0
2024-02-13 01:00:00,0.0,8268.5,1015.0,0,0
2024-02-13 02:00:00,0.0,8047.1,1004.6,0,0
2024-02-13 03:00:00,0.0,8233.4,1019.4,0,0
2024-02-13 04:00:00,0.0,9839.5,1015.7,0,0
2024-02-13 05:00:00,0.0,9327.6,1008.1,0,0
2024-02-13 06:00:00,0.0,8624.1,1011.5,0,0
2024-02-13 07:00:00,0.0,9586.7,1006.8,0,0
2024-02-13 08:00:00,0.0,8976.7,1012.4,0,0
2024-02-13 09:00:00,0.0,8284.3,1014.0,0,0
2024-02-13 10:00:00,0.0,9769.0,1011.6,0,0
2024-02-13 11:00:00,0.0,8677.3,1011.0,0,0
2024-02-13 12:00:00,0.0,9397.7,1005.2,0,0
2024-02-13 13:00:00,0.0,8581.2,1014.9,0,0
2024-02-13 14:00:00,0.0,9000.1,1003.6,0,0
2024-02-13 15:00:00,0.0,9632.5,1013.4,0,0
2024-02-13 16:00:00,0.0,8313.6,1004.3,0,0
2024-02-13 17:00:00,0.0,9954.5,1013.5,0,0
2024-02-13 18:00:00,0.0,8140.4,1013.2,0,0
2024-02-13 19:00:00,0.0,9068.0,1015.3,0,0
2024-02-13 20:00:00,1.02,9832.1,1017.6,0,0
2024-02-13 21:00:00,0.0,9891.4,1018.5,0,0
2024-02-13 22:00:00,11.02,900.6,1005.2,0,0
2024-02-13 23:00:00,0.0,8288.0,1013.0,0,0
2024-02-14 00:00:00,0.0,9448.8,1023.3,0,0
2024-02-14 01:00:00,0.0,8083.9,1013.8,0,0
2024-02-14 02:00:00,0.0,8970.5,1009.1,0,0
2024-02-14 03:00:00,0.0,9592.7,1012.9,0,0
2024-02-14 04:00:00,0.0,9120.5,1011.3,0,0
2024-02-14 05:00:00,4.87,8376.0,1007.4,0,0
2024-02-14 06:00:00,0.0,8974.1,1017.6,0,0
2024-02-14 07:00:00,0.0,9842.5,1016.2,0,0
2024-02-14 08:00:00,0.0,9234.4,1006.6,0,0
2024-02-14 09:00:00,0.0,9443.0,1012.8,0,0
2024-02-14 10:00:00,0.0,8672.5,1010.4,0,0
2024-02-14 11:00:00,0.0,8377.0,1005.2,0,0
2024-02-14 12:00:00,0.0,8511.3,1006.2,0,0
2024-02-14 13:00:00,0.0,9066.4,1006.9,0,0
2024-02-14 14:00:00,0.0,8560.4,1013.0,0,0
2024-02-14 15:00:00,0.0,9083.9,1011.0,0,0
2024-02-14 16:00:00,0.0,9415.6,1008.5,0,0
2024-02-14 17:00:00,0.0,9468.8,1011.3,0,0
2024-02-14 18:00:00,0.44,8329.4,1017.0,0,0
2024-02-14 19:00:00,0.0,9500.9,1015.0,0,0
2024-02-14 20:00:00,0.0,9345.4,1018.3,0,0
2024-02-14 21:00:00,0.0,8024.0,1012.1,0,0
2024-02-14 22:00:00,0.0,8117.7,1021.3,0,0
2024-02-14 23:00:00,5.83,1198.2,1015.0,0,0
2024-02-15 00:00:00,0.0,8767.4,1010.8,0,0
2024-02-15 01:00:00,0.0,8292.2,1013.7,0,0
2024-02-15 02:00:00,0.0,8088.8,1007.0,0,0
2024-02-15 03:00:00,0.0,8318.8,1011.7,0,0
2024-02-15 04:00:00,0.43,9915.0,1015.4,0,0
2024-02-15 05:00:00,0.0,9455.1,1016.3,0,0
2024-02-15 06:00:00,0.0,9055.4,1011.2,0,0
2024-02-15 07:00:00,0.0,9883.1,1026.9,0,0
2024-02-15 08:00:00,3.13,9238.2,1012.4,0,0
2024-02-15 09:00:00,0.0,9451.3,1004.9,0,0
2024-02-15 10:00:00,3.63,8565.3,1019.3,0,0
2024-02-15 11:00:00,0.0,9178.0,1016.3,0,0
2024-02-15 12:00:00,0.0,8287.0,1014.4,0,0
2024-02-15 13:00:00,0.0,8809.0,1010.9,0,0
2024-02-15 14:00:00,0.0,8066.5,1015.2,0,0
2024-02-15 15:00:00,0.0,8433.3,1021.3,0,0
2024-02-15 16:00:00,0.0,8149.7,1014.3,0,0
2024-02-15 17:00:00,0.0,8775.6,1005.9,0,0
2024-02-15 18:00:00,0.0,9686.1,996.0,0,0
2024-02-15 19:00:00,0.0,8755.9,1015.2,0,0
2024-02-15 20:00:00,0.0,9663.3,1008.3,0,0
2024-02-15 21:00:00,2.58,9313.0,1012.8,0,0
2024-02-15 22:00:00,0.0,9019.1,1009.2,0,0
2024-02-15 23:00:00,5.74,1716.5,1008.8,0,0
2024-02-16 00:00:00,4.13,9844.3,1009.4,0,0
2024-02-16 01:00:00,0.0,8108.4,1009.9,0,0
2024-02-16 02:00:00,0.0,9377.8,1017.1,0,0
2024-02-16 03:00:00,0.0,9242.5,1016.1,0,0
2024-02-16 04:00:00,0.0,8882.1,1007.2,0,0
2024-02-16 05:00:00,0.0,8480.6,1007.9,0,0
2024-02-16 06:00:00,0.0,8861.4,1015.1,0,0
2024-02-16 07:00:00,0.0,9745.5,1018.5,0,0
2024-02-16 08:00:00,0.0,9673.5,1018.4,0,0
2024-02-16 09:00:00,0.0,9882.8,1008.2,0,0
2024-02-16 10:00:00,0.0,8615.6,1018.2,0,0
2024-02-16 11:00:00,0.0,8774.2,1004.4,0,0
2024-02-16 12:00:00,0.0,8037.5,1012.2,0,0
2024-02-16 13:00:00,0.0,9885.9,1015.7,0,0
2024-02-16 14:00:00,0.0,8658.8,1002.9,0,0
2024-02-16 15:00:00,0.0,8808.3,1023.7,0,0
2024-02-16 16:00:00,0.0,9815.6,1019.9,0,0
2024-02-16 17:00:00,2.92,9053.2,1016.5,0,0
2024-02-16 18:00:00,0.0,9132.3,1008.4,0,0
2024-02-16 19:00:00,0.0,8352.5,1012.9,0,0
2024-02-16 20:00:00,0.0,8997.3,1017.2,0,0
2024-02-16 21:00:00,0.0,9836.4,1007.6,0,0
2024-02-16 22:00:00,0.0,9117.4,1012.3,0,0
2024-02-16 23:00:00,0.0,8510.2,1017.8,0,0
2024-02-17 00:00:00,0.0,8062.4,1005.8,0,1
2024-02-17 01:00:00,0.0,8672.6,1014.9,0,1
2024-02-17 02:00:00,0.0,9145.2,1004.5,0,1
2024-02-17 03:00:00,0.0,8085.2,1008.5,0,1
2024-02-17 04:00:00,0.0,9219.6,1010.7,0,1
2024-02-17 05:00:00,0.0,9046.8,1015.8,0,1
2024-02-17 06:00:00,0.0,9566.9,1009.7,0,1
2024-02-17 07:00:00,0.0,8057.8,1013.9,0,1
2024-02-17 08:00:00,0.0,9561.7,1009.8,0,1
2024-02-17 09:00:00,0.0,9041.8,1010.6,0,1
2024-02-17 10:00:00,0.0,8741.1,1019.5,0,1
2024-02-17 11:00:00,0.0,9930.8,1007.5,0,1
2024-02-17 12:00:00,0.0,8320.2,1017.0,0,1
2024-02-17 13:00:00,0.0,9082.7,1013.2,0,1
2024-02-17 14:00:00,0.0,8642.0,1010.4,0,1
2024-02-17 15:00:00,0.0,9055.0,1007.2,0,1
2024-02-17 16:00:00,0.0,9104.6,1007.5,0,1
2024-02-17 17:00:00,0.0,8178.9,1009.6,0,1
2024-02-17 18:00:00,0.0,9322.3,1012.5,0,1
2024-02-17 19:00:00,0.0,9269.0,1016.3,0,1
2024-02-17 20:00:00,0.0,9538.9,1011.7,0,1
2024-02-17 21:00:00,0.0,8181.3,1012.1,0,1
2024-02-17 22:00:00,0.0,8594.5,1012.8,0,1
2024-02-17 23:00:00,0.0,9300.2,1015.6,0,1
2024-02-18 00:00:00,0.0,8273.5,1016.5,0,1
2024-02-18 01:00:00,0.0,9355.2,1006.3,0,1
2024-02-18 02:00:00,0.0,8118.1,1011.8,0,1
2024-02-18 03:00:00,0.0,8669.9,1019.4,0,1
2024-02-18 04:00:00,0.0,9693.4,1006.7,0,1
2024-02-18 05:00:00,0.0,9548.6,1013.6,0,1
2024-02-18 06:00:00,0.0,9289.5,1012.4,0,1
2024-02-18 07:00:00,0.0,9740.9,1010.4,0,1
2024-02-18 08:00:00,0.0,9418.5,1021.2,0,1
2024-02-18 09:00:00,0.0,9038.8,1013.4,0,1
2024-02-18 10:00:00,0.0,9959.4,1020.8,0,1
2024-02-18 11:00:00,0.0,9389.7,1013.3,0,1
2024-02-18 12:00:00,0.0,9202.7,1015.6,0,1
2024-02-18 13:00:00,0.0,8817.7,1010.4,0,1
2024-02-18 14:00:00,0.0,9804.8,1010.4,0,1
2024-02-18 15:00:00,0.0,8591.4,1015.3,0,1
2024-02-18 16:00:00,0.0,8018.4,1015.4,0,1
2024-02-18 17:00:00,0.0,8393.5,1016.2,0,1
2024-02-18 18:00:00,0.0,8219.0,1015.1,0,1
2024-02-18 19:00:00,0.38,8638.0,1006.6,0,1
2024-02-18 20:00:00,0.0,9651.8,1009.2,0,1
2024-02-18 21:00:00,0.0,9303.1,1017.5,0,1
2024-02-18 22:00:00,0.0,8338.0,1003.5,0,1
2024-02-18 23:00:00,0.0,9577.6,1014.7,0,1
2024-02-19 00:00:00,0.0,9008.4,1012.7,0,0
2024-02-19 01:00:00,0.0,9025.4,1017.5,0,0
2024-02-19 02:00:00,0.0,8724.2,1015.3,0,0
2024-02-19 03:00:00,0.0,9729.2,1009.9,0,0
2024-02-19 04:00:00,9.77,1399.4,1009.7,0,0
2024-02-19 05:00:00,0.0,8188.3,1010.6,0,0
2024-02-19 06:00:00,0.0,8605.5,1016.2,0,0
2024-02-19 07:00:00,3.79,9430.7,1001.7,0,0
2024-02-19 08:00:00,0.0,9315.2,1014.0,0,0
2024-02-19 09:00:00,1.02,8376.0,1008.8,0,0
2024-02-19 10:00:00,0.0,8223.6,1014.2,0,0
2024-02-19 11:00:00,0.0,9321.7,1015.0,0,0
2024-02-19 12:00:00,0.0,9352.8,1004.9,0,0
2024-02-19 13:00:00,0.0,8732.3,1012.1,0,0
2024-02-19 14:00:00,0.0,9685.6,1014.0,0,0
2024-02-19 15:00:00,0.0,9956.4,1013.7,0,0
2024-02-19 16:00:00,0.0,8411.3,1012.6,0,0
2024-02-19 17:00:00,0.0,9154.1,1007.1,0,0
2024-02-19 18:00:00,0.0,8010.7,1007.9,0,0
2024-02-19 19:00:00,0.0,9426.1,1006.4,0,0
2024-02-19 20:00:00,4.74,8828.6,1016.0,0,0
2024-02-19 21:00:00,4.95,8386.5,1012.7,0,0
2024-02-19 22:00:00,0.0,9504.4,1013.0,0,0
2024-02-19 23:00:00,0.0,9621.3,1004.7,0,0
2024-02-20 00:00:00,0.0,8222.3,1013.1,0,0
2024-02-20 01:00:00,0.0,8082.0,1016.4,0,0
2024-02-20 02:00:00,0.0,8668.2,1004.0,0,0
2024-02-20 03:00:00,0.0,9252.0,1010.6,0,0
2024-02-20 04:00:00,0.0,9586.8,1005.4,0,0
2024-02-20 05:00:00,0.0,9092.1,1011.1,0,0
2024-02-20 06:00:00,0.0,9161.5,1008.7,0,0
2024-02-20 07:00:00,0.0,9599.7,1015.2,0,0
2024-02-20 08:00:00,0.0,9057.7,1014.1,0,0
2024-02-20 09:00:00,0.51,9222.3,1019.7,0,0
2024-02-20 10:00:00,0.0,9032.4,1013.0,0,0
2024-02-20 11:00:00,0.0,9760.9,1014.9,0,0
2024-02-20 12:00:00,0.0,8471.0,1010.5,0,0
2024-02-20 13:00:00,0.0,8528.0,1007.7,0,0
2024-02-20 14:00:00,0.0,8255.9,1017.4,0,0
2024-02-20 15:00:00,0.0,9638.9,1019.5,0,0
2024-02-20 16:00:00,0.0,8823.6,1016.8,0,0
2024-02-20 17:00:00,0.0,8695.8,1013.9,0,0
2024-02-20 18:00:00,0.0,9962.7,1008.4,0,0
2024-02-20 19:00:00,0.0,9853.6,1019.0,0,0
2024-02-20 20:00:00,1.53,9944.0,1016.1,0,0
2024-02-20 21:00:00,0.0,8284.6,1023.4,0,0
2024-02-20 22:00:00,0.0,9782.5,1007.5,0,0
2024-02-20 23:00:00,8.42,2987.6,1017.6,0,0
2024-02-21 00:00:00,0.0,8025.3,1016.0,0,0
2024-02-21 01:00:00,0.0,8782.6,1011.5,0,0
2024-02-21 02:00:00,0.0,9018.4,1020.1,0,0
2024-02-21 03:00:00,0.0,8216.4,1015.3,0,0
2024-02-21 04:00:00,0.12,9075.4,1008.6,0,0
2024-02-21 05:00:00,0.0,9638.9,1012.7,0,0
2024-02-21 06:00:00,0.0,8755.3,1008.5,0,0
2024-02-21 07:00:00,0.0,8705.3,1010.9,0,0
2024-02-21 08:00:00,0.0,8677.6,1016.8,0,0
2024-02-21 09:00:00,0.0,9846.2,1018.2,0,0
2024-02-21 10:00:00,0.0,8097.5,1014.4,0,0
2024-02-21 11:00:00,0.0,8890.2,1009.5,0,0
2024-02-21 12:00:00,0.0,8529.2,1015.2,0,0
2024-02-21 13:00:00,0.0,9787.6,1016.9,0,0
2024-02-21 14:00:00,1.77,8192.1,1003.4,0,0
2024-02-21 15:00:00,0.0,8822.9,1013.8,0,0
2024-02-21 16:00:00,0.0,8813.6,1012.3,0,0
2024-02-21 17:00:00,0.0,9776.8,1018.0,0,0
2024-02-21 18:00:00,0.0,8431.0,1015.2,0,0
2024-02-21 19:00:00,0.0,9289.8,1015.7,0,0
2024-02-21 20:00:00,0.0,8268.8,1010.8,0,0
2024-02-21 21:00:00,0.0,9908.0,1013.3,0,0
2024-02-21 22:00:00,0.0,9186.0,1018.0,0,0
2024-02-21 23:00:00,0.0,9252.5,1012.9,0,0
2024-02-22 00:00:00,5.04,2251.7,1014.1,0,0
2024-02-22 01:00:00,0.0,8684.6,1005.6,0,0
2024-02-22 02:00:00,0.0,8425.4,1012.9,0,0
2024-02-22 03:00:00,0.0,9208.0,1003.2,0,0
2024-02-22 04:00:00,0.0,9909.1,1010.7,0,0
2024-02-22 05:00:00,0.0,8719.6,1013.6,0,0
2024-02-22 06:00:00,0.0,9766.3,1017.1,0,0
2024-02-22 07:00:00,0.0,8297.6,1008.3,0,0
2024-02-22 08:00:00,0.0,9872.3,1015.1,0,0
2024-02-22 09:00:00,0.0,8701.0,1020.6,0,0
2024-02-22 10:00:00,0.0,8759.5,1010.0,0,0
2024-02-22 11:00:00,0.0,8925.7,1005.5,0,0
2024-02-22 12:00:00,0.0,9436.5,1014.7,0,0
2024-02-22 13:00:00,0.0,9439.3,1007.3,0,0
2024-02-22 14:00:00,0.0,8959.2,1009.2,0,0
2024-02-22 15:00:00,0.0,9046.3,1017.9,0,0
2024-02-22 16:00:00,0.0,8060.0,1022.6,0,0
2024-02-22 17:00:00,0.0,8608.6,1008.2,0,0
2024-02-22 18:00:00,0.0,8692.0,1009.6,0,0
2024-02-22 19:00:00,0.0,9117.5,1011.1,0,0
2024-02-22 20:00:00,0.0,9116.6,1010.5,0,0
2024-02-22 21:00:00,0.0,9419.8,1022.9,0,0
2024-02-22 22:00:00,0.0,9434.1,1010.6,0,0
2024-02-22 23:00:00,0.0,8470.4,1011.3,0,0
2024-02-23 00:00:00,0.0,9540.4,1021.3,0,0
2024-02-23 01:00:00,0.0,8039.2,1016.1,0,0
2024-02-23 02:00:00,0.0,9432.3,1018.2,0,0
2024-02-23 03:00:00,0.0,8204.1,1008.7,0,0
2024-02-23 04:00:00,0.0,9459.3,1010.6,0,0
2024-02-23 05:00:00,1.21,9054.2,1008.1,0,0
2024-02-23 06:00:00,0.0,8874.5,1017.3,0,0
2024-02-23 07:00:00,0.0,9381.3,1019.4,0,0
2024-02-23 08:00:00,0.0,8072.7,1010.3,0,0
2024-02-23 09:00:00,0.0,8446.9,1011.4,0,0
2024-02-23 10:00:00,0.0,9232.9,1011.6,0,0
2024-02-23 11:00:00,0.0,9694.4,1005.5,0,0
2024-02-23 12:00:00,0.0,8762.2,1009.9,0,0
2024-02-23 13:00:00,0.0,8517.5,1017.1,0,0
2024-02-23 14:00:00,0.0,9037.5,1008.9,0,0
2024-02-23 15:00:00,0.0,9244.6,1013.7,0,0
2024-02-23 16:00:00,0.0,8840.2,1006.7,0,0
2024-02-23 17:00:00,0.0,9753.4,1012.5,0,0
2024-02-23 18:00:00,0.0,9046.9,1010.4,0,0
2024-02-23 19:00:00,0.0,8071.6,1007.1,0,0
2024-02-23 20:00:00,0.0,8446.1,1017.2,0,0
2024-02-23 21:00:00,0.0,8901.3,1017.5,0,0
2024-02-23 22:00:00,0.0,9395.5,1008.4,0,0
2024-02-23 23:00:00,0.0,8439.5,1012.2,0,0
2024-02-24 00:00:00,0.0,9952.5,1013.5,0,1
2024-02-24 01:00:00,0.0,8637.1,1004.2,0,1
2024-02-24 02:00:00,0.0,9065.0,1006.3,0,1
2024-02-24 03:00:00,0.0,8037.9,1019.7,0,1
2024-02-24 04:00:00,0.0,9769.8,1007.9,0,1
2024-02-24 05:00:00,0.13,9577.7,1019.5,0,1
2024-02-24 06:00:00,0.0,8390.9,1006.5,0,1
2024-02-24 07:00:00,0.0,9866.5,1016.5,0,1
2024-02-24 08:00:00,0.0,8631.7,1011.7,0,1
2024-02-24 09:00:00,0.0,9384.4,1012.4,0,1
2024-02-24 10:00:00,0.0,9638.0,1022.5,0,1
2024-02-24 11:00:00,0.0,9481.8,1007.0,0,1
2024-02-24 12:00:00,0.0,9835.2,1016.2,0,1
2024-02-24 13:00:00,0.0,9728.5,1016.0,0,1
2024-02-24 14:00:00,0.0,9989.2,1030.0,0,1
2024-02-24 15:00:00,0.0,8365.2,1007.9,0,1
2024-02-24 16:00:00,0.0,8609.5,1010.1,0,1
2024-02-24 17:00:00,0.0,9272.5,1017.3,0,1
2024-02-24 18:00:00,0.0,9466.1,1012.2,0,1
2024-02-24 19:00:00,0.0,9069.2,1010.9,0,1
2024-02-24 20:00:00,0.0,8147.9,1018.0,0,1
2024-02-24 21:00:00,0.0,9683.2,1011.9,0,1
2024-02-24 22:00:00,0.0,9921.7,1008.8,0,1
2024-02-24 23:00:00,0.0,8811.0,1016.9,0,1
2024-02-25 00:00:00,0.0,8449.6,1015.1,0,1
2024-02-25 01:00:00,0.0,8038.6,1011.7,0,1
2024-02-25 02:00:00,0.0,8474.6,1011.4,0,1
2024-02-25 03:00:00,0.0,9399.8,1008.7,0,1
2024-02-25 04:00:00,0.11,9823.2,1016.9,0,1
2024-02-25 05:00:00,0.0,8187.0,1011.4,0,1
2024-02-25 06:00:00,0.0,9106.5,1009.4,0,1
2024-02-25 07:00:00,0.0,9391.1,1006.8,0,1
2024-02-25 08:00:00,0.0,8552.8,1015.2,0,1
2024-02-25 09:00:00,0.0,9139.8,1010.7,0,1
2024-02-25 10:00:00,0.0,9430.5,1003.2,0,1
2024-02-25 11:00:00,0.0,9675.4,1007.2,0,1
2024-02-25 12:00:00,0.0,8905.0,1012.1,0,1
2024-02-25 13:00:00,6.57,1628.6,1012.2,0,1
2024-02-25 14:00:00,6.16,1462.2,1012.0,0,1
2024-02-25 15:00:00,0.0,8426.1,1011.3,0,1
2024-02-25 16:00:00,0.0,8374.6,1005.9,0,1
2024-02-25 17:00:00,0.0,8717.7,1008.9,0,1
2024-02-25 18:00:00,0.0,8071.8,1019.2,0,1
2024-02-25 19:00:00,0.0,8566.0,1018.4,0,1
2024-02-25 20:00:00,0.0,9304.4,1016.1,0,1
2024-02-25 21:00:00,0.0,9295.8,1015.7,0,1
2024-02-25 22:00:00,0.0,8147.1,1017.8,0,1
2024-02-25 23:00:00,0.0,8574.8,1007.6,0,1
2024-02-26 00:00:00,0.0,9139.1,1013.4,0,0
2024-02-26 01:00:00,0.0,8637.1,1007.6,0,0
2024-02-26 02:00:00,0.0,8836.0,1007.7,0,0
2024-02-26 03:00:00,0.0,9425.6,1015.1,0,0
2024-02-26 04:00:00,1.35,8018.5,1018.0,0,0
2024-02-26 05:00:00,0.0,8552.8,1012.3,0,0
2024-02-26 06:00:00,0.0,8284.7,1021.5,0,0
2024-02-26 07:00:00,0.0,8255.2,1014.3,0,0
2024-02-26 08:00:00,0.0,9918.1,1009.4,0,0
2024-02-26 09:00:00,0.0,8753.1,1007.8,0,0
2024-02-26 10:00:00,0.0,9054.2,1018.3,0,0
2024-02-26 11:00:00,0.0,9467.6,1013.9,0,0
2024-02-26 12:00:00,0.0,8094.9,1016.6,0,0
2024-02-26 13:00:00,0.0,8482.0,1000.0,0,0
2024-02-26 14:00:00,0.0,9664.3,1014.5,0,0
2024-02-26 15:00:00,0.0,9724.0,1010.7,0,0
2024-02-26 16:00:00,0.0,8745.9,1006.3,0,0
2024-02-26 17:00:00,0.0,8749.7,1012.9,0,0
2024-02-26 18:00:00,0.0,9513.8,1018.7,0,0
2024-02-26 19:00:00,0.0,8590.1,1024.6,0,0
2024-02-26 20:00:00,0.0,8234.2,1014.5,0,0
2024-02-26 21:00:00,0.0,8515.1,1009.7,0,0
2024-02-26 22:00:00,0.0,8774.7,1009.4,0,0
2024-02-26 23:00:00,0.0,8104.4,1018.1,0,0
2024-02-27 00:00:00,0.0,8957.4,1008.3,0,0
2024-02-27 01:00:00,0.0,9480.0,1016.4,0,0
2024-02-27 02:00:00,17.63,1265.3,1014.7,0,0
2024-02-27 03:00:00,0.0,8143.8,1014.2,0,0
2024-02-27 04:00:00,0.0,8880.3,1005.4,0,0
2024-02-27 05:00:00,0.0,9417.8,1011.5,0,0
2024-02-27 06:00:00,0.0,8116.2,1006.0,0,0
2024-02-27 07:00:00,0.0,8119.7,1010.3,0,0
2024-02-27 08:00:00,0.0,8741.2,1017.8,0,0
2024-02-27 09:00:00,0.0,8389.9,1019.4,0,0
2024-02-27 10:00:00,0.0,9869.6,1014.3,0,0
2024-02-27 11:00:00,0.0,9162.7,1010.4,0,0
2024-02-27 12:00:00,0.0,8574.7,1021.2,0,0
2024-02-27 13:00:00,0.0,9409.6,1010.3,0,0
2024-02-27 14:00:00,9.05,2804.7,1007.6,0,0
2024-02-27 15:00:00,0.0,8264.2,1016.7,0,0
2024-02-27 16:00:00,0.0,8474.5,1015.5,0,0
2024-02-27 17:00:00,0.0,9285.5,1010.5,0,0
2024-02-27 18:00:00,0.0,8103.8,1013.8,0,0
2024-02-27 19:00:00,0.0,8545.4,1015.5,0,0
2024-02-27 20:00:00,6.83,1783.5,1014.3,0,0
2024-02-27 21:00:00,0.0,8402.3,1015.5,0,0
2024-02-27 22:00:00,0.0,9365.5,1010.7,0,0
2024-02-27 23:00:00,0.0,9651.6,1015.9,0,0
2024-02-28 00:00:00,0.0,9431.7,1013.3,0,0
2024-02-28 01:00:00,0.0,9291.5,1010.9,0,0
2024-02-28 02:00:00,0.0,9832.9,1012.0,0,0
2024-02-28 03:00:00,0.0,8116.8,1012.8,0,0
2024-02-28 04:00:00,0.0,8335.0,1006.0,0,0
2024-02-28 05:00:00,0.0,8828.8,1010.1,0,0
2024-02-28 06:00:00,0.0,8744.9,1013.6,0,0
2024-02-28 07:00:00,0.0,8836.1,1006.5,0,0
2024-02-28 08:00:00,0.0,8412.9,1010.2,0,0
2024-02-28 09:00:00,0.0,8299.0,1025.2,0,0
2024-02-28 10:00:00,0.0,9018.4,1007.6,0,0
2024-02-28 11:00:00,0.0,9856.1,1011.3,0,0
2024-02-28 12:00:00,0.0,8783.9,1009.1,0,0
2024-02-28 13:00:00,0.0,8086.7,1012.7,0,0
2024-02-28 14:00:00,0.0,9412.3,1009.2,0,0
2024-02-28 15:00:00,0.0,8582.2,1012.0,0,0
2024-02-28 16:00:00,0.0,8490.2,1009.7,0,0
2024-02-28 17:00:00,0.0,8648.5,1018.5,0,0
2024-02-28 18:00:00,0.0,9447.6,1013.7,0,0
2024-02-28 19:00:00,0.0,9637.6,1008.2,0,0
2024-02-28 20:00:00,0.0,9176.1,1017.5,0,0
2024-02-28 21:00:00,0.0,8645.0,1008.5,0,0
2024-02-28 22:00:00,0.0,8621.0,1005.4,0,0
2024-02-28 23:00:00,0.23,8248.6,1013.2,0,0
2024-02-29 00:00:00,0.0,9866.6,1022.8,0,0
2024-02-29 01:00:00,0.0,9276.3,1004.1,0,0
2024-02-29 02:00:00,0.0,8053.9,1006.6,0,0
2024-02-29 03:00:00,4.55,9324.7,1017.0,0,0
2024-02-29 04:00:00,0.0,8894.3,1010.0,0,0
2024-02-29 05:00:00,0.0,9945.1,1016.3,0,0
2024-02-29 06:00:00,0.0,9638.1,1009.1,0,0
2024-02-29 07:00:00,0.0,8342.6,1014.0,0,0
2024-02-29 08:00:00,3.58,9440.2,1022.0,0,0
2024-02-29 09:00:00,2.39,8971.1,1007.3,0,0
2024-02-29 10:00:00,0.0,8374.1,1018.4,0,0
2024-02-29 11:00:00,7.27,2294.6,1016.6,0,0
2024-02-29 12:00:00,0.0,9094.8,1005.8,0,0
2024-02-29 13:00:00,0.0,8060.7,1016.0,0,0
2024-02-29 14:00:00,0.0,9293.2,1013.6,0,0
2024-02-29 15:00:00,0.0,9270.0,1013.7,0,0
2024-02-29 16:00:00,0.0,8288.2,1014.9,0,0
2024-02-29 17:00:00,0.0,8698.0,1011.5,0,0
2024-02-29 18:00:00,0.0,9171.8,1013.6,0,0
2024-02-29 19:00:00,0.0,8277.6,1014.5,0,0
2024-02-29 20:00:00,0.0,9705.4,1017.0,0,0
2024-02-29 21:00:00,0.0,8055.0,1005.6,0,0
2024-02-29 22:00:00,0.0,8205.7,1019.7,0,0
2024-02-29 23:00:00,0.0,8232.2,1007.5,0,0
2024-03-01 00:00:00,2.58,9056.2,1017.1,0,0
2024-03-01 01:00:00,0.0,9240.2,1013.6,0,0
2024-03-01 02:00:00,0.0,8807.5,1006.8,0,0
2024-03-01 03:00:00,0.0,8577.3,1015.9,0,0
2024-03-01 04:00:00,0.0,9618.6,1008.5,0,0
2024-03-01 05:00:00,0.0,8136.6,1018.6,0,0
2024-03-01 06:00:00,0.0,8560.6,1009.7,0,0
2024-03-01 07:00:00,0.0,8078.2,1005.8,0,0
2024-03-01 08:00:00,0.1,8027.8,1020.9,0,0
2024-03-01 09:00:00,0.0,8706.8,1014.2,0,0
2024-03-01 10:00:00,0.0,8389.6,1017.6,0,0
2024-03-01 11:00:00,0.0,8536.7,1009.0,0,0
2024-03-01 12:00:00,0.0,9641.9,1003.8,0,0
2024-03-01 13:00:00,0.0,8326.0,1021.6,0,0
2024-03-01 14:00:00,0.0,9560.5,1013.2,0,0
2024-03-01 15:00:00,5.36,2702.9,1015.7,0,0
2024-03-01 16:00:00,0.0,8652.9,1016.5,0,0
2024-03-01 17:00:00,0.0,9093.1,1011.6,0,0
2024-03-01 18:00:00,0.0,8888.9,1014.4,0,0
2024-03-01 19:00:00,0.0,8256.8,1021.2,0,0
2024-03-01 20:00:00,0.0,9814.4,1013.1,0,0
2024-03-01 21:00:00,0.0,9139.2,1018.0,0,0
2024-03-01 22:00:00,0.0,9760.5,1003.3,0,0
2024-03-01 23:00:00,0.0,9647.7,1018.9,0,0
2024-03-02 00:00:00,0.07,8159.6,1005.6,0,1
2024-03-02 01:00:00,0.0,8414.5,1018.3,0,1
2024-03-02 02:00:00,4.29,8290.5,1015.2,0,1
2024-03-02 03:00:00,0.0,9661.6,1012.8,0,1
2024-03-02 04:00:00,0.0,9724.9,1012.8,0,1
2024-03-02 05:00:00,0.0,9055.9,1012.0,0,1
2024-03-02 06:00:00,0.0,8208.4,1009.1,0,1
2024-03-02 07:00:00,0.0,8271.2,1012.2,0,1
2024-03-02 08:00:00,0.0,9627.1,1024.3,0,1
2024-03-02 09:00:00,0.0,9858.4,1019.8,0,1
2024-03-02 10:00:00,0.0,8399.0,1008.9,0,1
2024-03-02 11:00:00,0.0,8022.3,1014.6,0,1
2024-03-02 12:00:00,0.0,8661.9,1013.7,0,1
2024-03-02 13:00:00,0.0,8061.0,1012.5,0,1
2024-03-02 14:00:00,0.0,9655.9,1008.2,0,1
2024-03-02 15:00:00,0.0,8983.0,1015.5,0,1
2024-03-02 16:00:00,0.0,9283.7,1017.5,0,1
2024-03-02 17:00:00,0.0,8823.0,1009.1,0,1
2024-03-02 18:00:00,0.0,8691.0,1023.0,0,1
2024-03-02 19:00:00,0.0,8444.4,1020.9,0,1
2024-03-02 20:00:00,0.0,9541.1,1016.0,0,1
2024-03-02 21:00:00,0.0,9391.1,1007.1,0,1
2024-03-02 22:00:00,0.0,8721.5,1015.3,0,1
2024-03-02 23:00:00,0.0,8642.2,1014.7,0,1
2024-03-03 00:00:00,0.0,8002.5,1015.8,0,1
2024-03-03 01:00:00,0.0,8127.1,1021.2,0,1
2024-03-03 02:00:00,0.0,9246.5,1012.4,0,1
2024-03-03 03:00:00,0.0,9029.2,1023.5,0,1
2024-03-03 04:00:00,0.0,8869.6,1015.3,0,1
2024-03-03 05:00:00,0.0,9655.0,1011.8,0,1
2024-03-03 06:00:00,0.0,9007.8,1025.2,0,1
2024-03-03 07:00:00,0.0,8769.0,1017.4,0,1
2024-03-03 08:00:00,0.0,8322.5,1011.0,0,1
2024-03-03 09:00:00,0.0,9641.4,1013.7,0,1
2024-03-03 10:00:00,0.0,9152.5,1016.4,0,1
2024-03-03 11:00:00,0.0,8184.9,1012.5,0,1
2024-03-03 12:00:00,0.0,9297.8,1013.9,0,1
2024-03-03 13:00:00,0.0,8850.1,1009.2,0,1
2024-03-03 14:00:00,0.0,9622.8,1004.8,0,1
2024-03-03 15:00:00,0.0,9837.8,1013.8,0,1
2024-03-03 16:00:00,0.0,9200.9,1014.0,0,1
2024-03-03 17:00:00,0.0,9463.2,1015.9,0,1
2024-03-03 18:00:00,0.0,8113.2,1010.4,0,1
2024-03-03 19:00:00,0.0,9120.5,1006.5,0,1
2024-03-03 20:00:00,0.0,9510.7,1008.4,0,1
2024-03-03 21:00:00,0.0,8993.5,1018.5,0,1
2024-03-03 22:00:00,0.0,9187.1,1009.9,0,1
2024-03-03 23:00:00,0.0,9797.9,1011.0,0,1
2024-03-04 00:00:00,13.57,2817.4,1011.7,0,0
2024-03-04 01:00:00,0.0,8196.5,1010.2,0,0
2024-03-04 02:00:00,0.0,9381.3,1009.8,0,0
2024-03-04 03:00:00,0.0,9645.7,1008.9,0,0
2024-03-04 04:00:00,0.0,9701.0,1020.3,0,0
2024-03-04 05:00:00,0.0,9283.3,1016.7,0,0
2024-03-04 06:00:00,0.0,9666.4,1019.5,0,0
2024-03-04 07:00:00,1.97,9401.3,1020.5,0,0
2024-03-04 08:00:00,0.0,8174.8,1001.5,0,0
2024-03-04 09:00:00,1.64,9524.1,1015.0,0,0
2024-03-04 10:00:00,0.0,8358.7,1010.3,0,0
2024-03-04 11:00:00,0.0,8473.2,1018.8,0,0
2024-03-04 12:00:00,0.0,8789.3,1009.5,0,0
2024-03-04 13:00:00,0.0,8629.1,1008.0,0,0
2024-03-04 14:00:00,0.0,8643.3,1006.1,0,0
2024-03-04 15:00:00,0.0,8338.5,1011.7,0,0
2024-03-04 16:00:00,0.0,8587.7,1017.8,0,0
2024-03-04 17:00:00,0.0,8039.3,1014.5,0,0
2024-03-04 18:00:00,0.0,8945.8,1007.2,0,0
2024-03-04 19:00:00,0.0,9537.2,1024.0,0,0
2024-03-04 20:00:00,0.0,9724.5,1016.5,0,0
2024-03-04 21:00:00,0.0,9640.9,1017.1,0,0
2024-03-04 22:00:00,0.0,8832.9,1019.7,0,0
2024-03-04 23:00:00,0.0,9460.9,1005.0,0,0
2024-03-05 00:00:00,0.0,8575.8,1008.7,0,0
2024-03-05 01:00:00,0.0,8111.1,1017.4,0,0
2024-03-05 02:00:00,0.0,9351.9,1009.2,0,0
2024-03-05 03:00:00,0.0,9297.6,1011.9,0,0
2024-03-05 04:00:00,0.0,9603.3,1012.9,0,0
2024-03-05 05:00:00,0.0,9232.2,1006.9,0,0
2024-03-05 06:00:00,0.0,8313.8,1011.4,0,0
2024-03-05 07:00:00,0.0,9706.3,1017.8,0,0
2024-03-05 08:00:00,1.05,9254.5,1016.9,0,0
2024-03-05 09:00:00,0.0,9615.2,1018.8,0,0
2024-03-05 10:00:00,0.0,9548.2,1018.3,0,0
2024-03-05 11:00:00,0.0,8595.7,1015.3,0,0
2024-03-05 12:00:00,0.0,8149.1,1014.9,0,0
2024-03-05 13:00:00,0.0,8353.0,1014.5,0,0
2024-03-05 14:00:00,13.11,916.8,1010.1,0,0
2024-03-05 15:00:00,0.0,8486.8,1008.1,0,0
2024-03-05 16:00:00,0.0,8919.1,1009.8,0,0
2024-03-05 17:00:00,0.0,9813.6,1011.6,0,0
2024-03-05 18:00:00,0.0,9744.0,1010.0,0,0
2024-03-05 19:00:00,0.0,9437.2,1015.3,0,0
2024-03-05 20:00:00,0.0,8048.2,1014.3,0,0
2024-03-05 21:00:00,0.0,8682.8,1014.8,0,0
2024-03-05 22:00:00,0.0,9364.7,1015.0,0,0
2024-03-05 23:00:00,0.0,8258.1,1019.2,0,0
2024-03-06 00:00:00,0.0,9602.2,1013.2,0,0
2024-03-06 01:00:00,0.0,9829.1,1018.3,0,0
2024-03-06 02:00:00,0.0,8708.2,1015.8,0,0
2024-03-06 03:00:00,0.0,9411.7,1018.9,0,0
2024-03-06 04:00:00,0.0,8296.4,1021.3,0,0
2024-03-06 05:00:00,0.0,9381.6,1016.1,0,0
2024-03-06 06:00:00,0.0,8042.9,1013.8,0,0
2024-03-06 07:00:00,0.0,8301.5,1013.7,0,0
2024-03-06 08:00:00,0.0,9419.8,1010.9,0,0
2024-03-06 09:00:00,0.0,9423.7,1010.7,0,0
2024-03-06 10:00:00,0.0,9282.3,1017.8,0,0
2024-03-06 11:00:00,0.0,8954.7,1008.4,0,0
2024-03-06 12:00:00,0.0,9349.8,1021.3,0,0
2024-03-06 13:00:00,0.0,9547.6,1012.5,0,0
2024-03-06 14:00:00,0.0,9933.0,1027.6,0,0
2024-03-06 15:00:00,0.0,9777.3,1009.8,0,0
2024-03-06 16:00:00,0.0,9589.1,1014.5,0,0
2024-03-06 17:00:00,0.0,9389.5,1011.5,0,0
2024-03-06 18:00:00,0.0,9148.3,1009.3,0,0
2024-03-06 19:00:00,0.0,8241.2,1018.6,0,0
2024-03-06 20:00:00,0.0,8331.1,1007.7,0,0
2024-03-06 21:00:00,0.0,9640.6,1009.9,0,0
2024-03-06 22:00:00,0.0,9606.6,1016.2,0,0
2024-03-06 23:00:00,0.0,9228.9,1017.0,0,0
2024-03-07 00:00:00,8.24,1649.0,1006.3,0,0
2024-03-07 01:00:00,0.0,8052.1,1016.2,0,0
2024-03-07 02:00:00,0.0,8654.4,1013.9,0,0
2024-03-07 03:00:00,0.0,8841.3,1008.7,0,0
2024-03-07 04:00:00,0.0,8971.6,1009.3,0,0
2024-03-07 05:00:00,0.0,9858.6,1003.1,0,0
2024-03-07 06:00:00,0.0,8217.4,1021.8,0,0
2024-03-07 07:00:00,4.09,9037.7,1018.3,0,0
2024-03-07 08:00:00,0.0,8735.8,1006.8,0,0
2024-03-07 09:00:00,0.0,9980.2,1017.2,0,0
2024-03-07 10:00:00,0.0,9723.7,1010.4,0,0
2024-03-07 11:00:00,0.0,8877.6,1017.8,0,0
2024-03-07 12:00:00,0.0,9999.4,1010.8,0,0
2024-03-07 13:00:00,0.0,9028.1,1011.4,0,0
2024-03-07 14:00:00,0.0,8334.2,1011.8,0,0
2024-03-07 15:00:00,0.0,9111.7,1010.0,0,0
2024-03-07 16:00:00,0.0,8452.4,1020.2,0,0
2024-03-07 17:00:00,0.0,9272.6,1017.7,0,0
2024-03-07 18:00:00,0.0,9874.9,1013.8,0,0
2024-03-07 19:00:00,0.0,9572.4,1018.4,0,0
2024-03-07 20:00:00,0.0,8546.3,1005.1,0,0
2024-03-07 21:00:00,0.0,8593.7,1007.1,0,0
2024-03-07 22:00:00,0.0,8138.6,1015.6,0,0
2024-03-07 23:00:00,0.0,8571.7,1016.9,0,0
2024-03-08 00:00:00,0.0,8185.2,1014.6,0,0
2024-03-08 01:00:00,0.0,8998.9,1003.8,0,0
2024-03-08 02:00:00,0.0,9416.7,1007.9,0,0
2024-03-08 03:00:00,0.0,9502.4,1015.3,0,0
2024-03-08 04:00:00,0.0,8119.1,1025.4,0,0
2024-03-08 05:00:00,0.0,8679.9,1019.3,0,0
2024-03-08 06:00:00,0.0,8576.3,1021.1,0,0
2024-03-08 07:00:00,0.0,8208.6,1014.9,0,0
2024-03-08 08:00:00,0.69,8724.9,1014.9,0,0
2024-03-08 09:00:00,0.0,8598.6,1008.1,0,0
2024-03-08 10:00:00,0.0,9269.0,1018.0,0,0
2024-03-08 11:00:00,0.0,9766.6,1012.9,0,0
2024-03-08 12:00:00,0.0,8909.7,1016.7,0,0
2024-03-08 13:00:00,0.0,9493.3,1013.4,0,0
2024-03-08 14:00:00,0.0,8292.0,1014.6,0,0
2024-03-08 15:00:00,6.93,1897.5,1012.8,0,0
2024-03-08 16:00:00,0.0,8305.2,1014.4,0,0
2024-03-08 17:00:00,0.0,8384.2,1018.3,0,0
2024-03-08 18:00:00,0.0,8212.9,1006.9,0,0
2024-03-08 19:00:00,0.0,8619.4,1005.8,0,0
2024-03-08 20:00:00,0.0,9104.8,1015.4,0,0
2024-03-08 21:00:00,0.0,9976.0,1020.5,0,0
2024-03-08 22:00:00,0.0,9586.7,1021.7,0,0
2024-03-08 23:00:00,0.0,8760.9,1007.1,0,0
2024-03-09 00:00:00,0.0,9151.7,1011.2,0,1
2024-03-09 01:00:00,0.0,9246.6,1005.9,0,1
2024-03-09 02:00:00,0.18,9645.5,1010.5,0,1
2024-03-09 03:00:00,0.0,9472.9,1018.9,0,1
2024-03-09 04:00:00,0.0,9138.6,1013.2,0,1
2024-03-09 05:00:00,0.0,9338.4,1011.4,0,1
2024-03-09 06:00:00,2.44,9491.8,1016.0,0,1
2024-03-09 07:00:00,2.37,8266.3,1009.3,0,1
2024-03-09 08:00:00,0.0,8400.9,1021.2,0,1
2024-03-09 09:00:00,0.0,9377.2,1013.3,0,1
2024-03-09 10:00:00,0.0,9700.9,1011.2,0,1
2024-03-09 11:00:00,0.0,8818.5,1016.2,0,1
2024-03-09 12:00:00,0.0,9959.8,1017.9,0,1
2024-03-09 13:00:00,0.0,8432.1,1021.2,0,1
2024-03-09 14:00:00,0.0,8833.4,1012.2,0,1
2024-03-09 15:00:00,0.0,8757.0,1018.7,0,1
2024-03-09 16:00:00,0.0,9860.6,1013.8,0,1
2024-03-09 17:00:00,0.0,8570.8,1010.2,0,1
2024-03-09 18:00:00,0.0,8941.6,1009.4,0,1
2024-03-09 19:00:00,0.0,8374.5,1007.8,0,1
2024-03-09 20:00:00,0.0,9042.5,1009.5,0,1
2024-03-09 21:00:00,0.0,9714.8,1018.8,0,1
2024-03-09 22:00:00,0.0,8608.1,1016.8,0,1
2024-03-09 23:00:00,6.11,1428.1,1007.0,0,1
2024-03-10 00:00:00,0.0,9822.6,1004.5,0,1
2024-03-10 01:00:00,0.0,8145.9,1007.7,0,1
2024-03-10 02:00:00,0.0,9512.8,1009.4,0,1
2024-03-10 03:00:00,0.0,8510.7,1011.7,0,1
2024-03-10 04:00:00,0.0,8350.7,1019.1,0,1
2024-03-10 05:00:00,0.0,9202.2,1010.5,0,1
2024-03-10 06:00:00,0.0,9411.2,1021.7,0,1
2024-03-10 07:00:00,0.0,8789.5,1004.8,0,1
2024-03-10 08:00:00,5.31,2798.2,1011.5,0,1
2024-03-10 09:00:00,0.0,9817.4,1017.2,0,1
2024-03-10 10:00:00,0.0,9461.5,1017.5,0,1
2024-03-10 11:00:00,6.38,1934.4,1011.6,0,1
2024-03-10 12:00:00,0.0,8993.7,1018.3,0,1
2024-03-10 13:00:00,0.0,8055.6,1017.3,0,1
2024-03-10 14:00:00,0.0,8678.6,1009.8,0,1
2024-03-10 15:00:00,0.0,9045.1,1014.8,0,1
2024-03-10 16:00:00,0.0,9034.4,1016.8,0,1
2024-03-10 17:00:00,0.0,8416.4,1010.2,0,1
2024-03-10 18:00:00,0.0,9553.5,1021.7,0,1
2024-03-10 19:00:00,0.0,8597.7,1009.1,0,1
2024-03-10 20:00:00,0.0,9160.8,1014.0,0,1
2024-03-10 21:00:00,0.0,8543.0,1007.0,0,1
2024-03-10 22:00:00,0.0,8850.3,1013.8,0,1
2024-03-10 23:00:00,0.0,8415.0,1007.9,0,1
2024-03-11 00:00:00,0.0,9266.0,1011.8,0,0
2024-03-11 01:00:00,4.99,8851.2,1005.3,0,0
2024-03-11 02:00:00,0.0,8032.2,1017.2,0,0
2024-03-11 03:00:00,0.0,8056.3,1015.0,0,0
2024-03-11 04:00:00,0.0,8942.3,1018.7,0,0
2024-03-11 05:00:00,0.0,8366.5,1011.5,0,0
2024-03-11 06:00:00,1.75,9170.1,1018.9,0,0
2024-03-11 07:00:00,0.0,8816.4,1013.4,0,0
2024-03-11 08:00:00,0.0,9308.8,1013.8,0,0
2024-03-11 09:00:00,0.0,9904.8,1023.8,0,0
2024-03-11 10:00:00,0.0,9057.5,1010.8,0,0
2024-03-11 11:00:00,0.0,9574.8,1019.4,0,0
2024-03-11 12:00:00,0.0,9506.1,1015.6,0,0
2024-03-11 13:00:00,0.0,9843.6,1010.4,0,0
2024-03-11 14:00:00,0.0,8428.0,1006.7,0,0
2024-03-11 15:00:00,0.0,9654.7,1008.1,0,0
2024-03-11 16:00:00,0.0,9811.0,1018.9,0,0
2024-03-11 17:00:00,0.0,8785.5,1021.9,0,0
2024-03-11 18:00:00,0.07,8627.6,1013.7,0,0
2024-03-11 19:00:00,0.0,9904.1,1014.0,0,0
2024-03-11 20:00:00,2.46,9255.3,1017.1,0,0
2024-03-11 21:00:00,0.0,8761.4,1013.6,0,0
2024-03-11 22:00:00,0.0,9583.7,1018.7,0,0
2024-03-11 23:00:00,0.0,8608.9,1014.7,0,0
2024-03-12 00:00:00,0.0,8352.8,1013.9,0,0
2024-03-12 01:00:00,0.0,9087.9,1009.8,0,0
2024-03-12 02:00:00,0.0,9132.4,1008.5,0,0
2024-03-12 03:00:00,0.0,9651.5,997.5,0,0
2024-03-12 04:00:00,0.0,8914.1,1019.4,0,0
2024-03-12 05:00:00,0.0,9629.2,1012.5,0,0
2024-03-12 06:00:00,0.0,8622.6,1011.2,0,0
2024-03-12 07:00:00,0.0,9150.7,1003.5,0,0
2024-03-12 08:00:00,0.0,8416.9,1010.0,0,0
2024-03-12 09:00:00,0.0,8770.9,1009.4,0,0
2024-03-12 10:00:00,0.0,9715.1,1009.3,0,0
2024-03-12 11:00:00,2.0,8432.0,1014.9,0,0
2024-03-12 12:00:00,0.0,9620.5,1013.9,0,0
2024-03-12 13:00:00,0.0,8565.7,1006.4,0,0
2024-03-12 14:00:00,2.34,8069.0,1006.8,0,0
2024-03-12 15:00:00,0.0,8219.9,1006.8,0,0
2024-03-12 16:00:00,0.0,9491.8,1022.3,0,0
2024-03-12 17:00:00,0.0,8524.1,1020.7,0,0
2024-03-12 18:00:00,0.0,9308.3,1009.0,0,0
2024-03-12 19:00:00,0.0,9398.4,1003.4,0,0
2024-03-12 20:00:00,0.0,8690.2,1013.9,0,0
2024-03-12 21:00:00,0.0,8949.8,1013.5,0,0
2024-03-12 22:00:00,0.0,8807.5,1014.8,0,0
2024-03-12 23:00:00,9.68,659.6,1017.0,0,0
2024-03-13 00:00:00,0.0,8639.9,1015.5,0,0
2024-03-13 01:00:00,0.0,8366.6,1007.7,0,0
2024-03-13 02:00:00,0.0,8731.2,1014.7,0,0
2024-03-13 03:00:00,0.0,9339.0,1017.5,0,0
2024-03-13 04:00:00,0.0,9394.7,1009.6,0,0
2024-03-13 05:00:00,0.0,9848.1,1014.7,0,0
2024-03-13 06:00:00,0.0,9763.5,1010.5,0,0
2024-03-13 07:00:00,0.0,8576.6,1023.2,0,0
2024-03-13 08:00:00,0.0,8910.3,1006.6,0,0
2024-03-13 09:00:00,0.0,9494.5,1019.0,0,0
2024-03-13 10:00:00,0.0,9833.1,1004.9,0,0
2024-03-13 11:00:00,0.0,8674.3,1022.2,0,0
2024-03-13 12:00:00,0.0,8888.9,1007.5,0,0
2024-03-13 13:00:00,0.0,9799.0,1014.2,0,0
2024-03-13 14:00:00,0.0,8717.0,1005.1,0,0
2024-03-13 15:00:00,0.0,8961.0,1006.5,0,0
2024-03-13 16:00:00,0.0,9809.0,1017.7,0,0
2024-03-13 17:00:00,0.0,9604.5,1018.4,0,0
2024-03-13 18:00:00,0.0,8486.9,1014.4,0,0
2024-03-13 19:00:00,0.0,8649.6,1017.0,0,0
2024-03-13 20:00:00,0.0,8705.9,1018.5,0,0
2024-03-13 21:00:00,0.0,9825.5,1009.8,0,0
2024-03-13 22:00:00,0.0,9997.9,1006.3,0,0
2024-03-13 23:00:00,0.0,9548.0,1013.2,0,0
2024-03-14 00:00:00,0.0,8968.7,1010.4,0,0
2024-03-14 01:00:00,0.0,8020.3,1015.2,0,0
2024-03-14 02:00:00,3.64,9395.0,1016.0,0,0
2024-03-14 03:00:00,0.0,8778.7,1009.8,0,0
2024-03-14 04:00:00,3.39,9266.0,1016.8,0,0
2024-03-14 05:00:00,0.0,9213.4,1016.5,0,0
2024-03-14 06:00:00,0.0,8961.7,1016.9,0,0
2024-03-14 07:00:00,0.0,9888.8,1011.2,0,0
2024-03-14 08:00:00,0.0,8046.3,1017.1,0,0
2024-03-14 09:00:00,0.0,9424.3,1015.9,0,0
2024-03-14 10:00:00,0.0,8819.7,1016.5,0,0
2024-03-14 11:00:00,0.0,9427.6,1021.6,0,0
2024-03-14 12:00:00,0.0,9350.4,1014.9,0,0
2024-03-14 13:00:00,0.0,8020.5,1010.2,0,0
2024-03-14 14:00:00,0.0,8570.7,1007.7,0,0
2024-03-14 15:00:00,0.0,8378.2,1018.9,0,0
2024-03-14 16:00:00,0.0,8334.0,1015.0,0,0
2024-03-14 17:00:00,0.0,9457.0,1021.6,0,0
2024-03-14 18:00:00,0.0,8479.1,1003.1,0,0
2024-03-14 19:00:00,0.0,8949.5,1017.8,0,0
2024-03-14 20:00:00,0.0,8494.0,1011.9,0,0
2024-03-14 21:00:00,0.19,9160.5,1011.5,0,0
2024-03-14 22:00:00,0.0,9441.1,1009.4,0,0
2024-03-14 23:00:00,0.0,8662.1,1017.7,0,0
2024-03-15 00:00:00,0.0,9206.0,1016.3,0,0
2024-03-15 01:00:00,0.0,9649.7,1007.5,0,0
2024-03-15 02:00:00,0.0,8188.4,1014.1,0,0
2024-03-15 03:00:00,0.0,9421.3,1016.8,0,0
2024-03-15 04:00:00,0.0,8646.3,1014.1,0,0
2024-03-15 05:00:00,0.0,8245.3,1018.8,0,0
2024-03-15 06:00:00,0.0,9091.3,1011.8,0,0
2024-03-15 07:00:00,0.0,8452.5,1002.0,0,0
2024-03-15 08:00:00,0.0,9642.7,1014.2,0,0
2024-03-15 09:00:00,0.0,8085.8,1014.2,0,0
2024-03-15 10:00:00,0.0,8197.3,1014.8,0,0
2024-03-15 11:00:00,0.0,9042.0,1018.8,0,0
2024-03-15 12:00:00,0.0,9177.9,1003.5,0,0
2024-03-15 13:00:00,0.0,9459.8,1012.1,0,0
2024-03-15 14:00:00,0.0,8518.5,1008.6,0,0
2024-03-15 15:00:00,0.0,9683.5,1007.2,0,0
2024-03-15 16:00:00,0.0,9906.3,1012.9,0,0
2024-03-15 17:00:00,0.0,8998.1,1016.8,0,0
2024-03-15 18:00:00,0.0,9521.1,1014.8,0,0
2024-03-15 19:00:00,0.0,9049.7,1009.8,0,0
2024-03-15 20:00:00,0.0,8138.9,1012.5,0,0
2024-03-15 21:00:00,0.0,8652.2,1017.9,0,0
2024-03-15 22:00:00,0.0,8175.0,1016.7,0,0
2024-03-15 23:00:00,0.0,9977.8,1010.5,0,0
2024-03-16 00:00:00,0.44,8458.1,1010.2,0,1
2024-03-16 01:00:00,0.0,9271.8,1004.7,0,1
2024-03-16 02:00:00,0.0,8568.7,1011.1,0,1
2024-03-16 03:00:00,0.0,9306.5,1004.6,0,1
2024-03-16 04:00:00,0.0,8420.8,1023.6,0,1
2024-03-16 05:00:00,0.0,9570.5,1009.0,0,1
2024-03-16 06:00:00,0.0,8221.6,1018.8,0,1
2024-03-16 07:00:00,0.0,9790.3,1022.3,0,1
2024-03-16 08:00:00,0.0,9680.8,1014.3,0,1
2024-03-16 09:00:00,0.0,9357.6,1012.7,0,1
2024-03-16 10:00:00,0.0,8134.8,1006.6,0,1
2024-03-16 11:00:00,0.0,8417.1,1010.7,0,1
2024-03-16 12:00:00,0.0,9718.7,1021.3,0,1
2024-03-16 13:00:00,0.0,8243.9,1015.0,0,1
2024-03-16 14:00:00,0.0,8311.9,1013.4,0,1
2024-03-16 15:00:00,8.09,2927.6,1019.8,0,1
2024-03-16 16:00:00,0.0,8548.4,1016.7,0,1
2024-03-16 17:00:00,0.0,8444.2,1012.5,0,1
2024-03-16 18:00:00,0.0,9151.6,1014.3,0,1
2024-03-16 19:00:00,0.0,8745.2,1009.4,0,1
2024-03-16 20:00:00,0.0,8281.1,1010.4,0,1
2024-03-16 21:00:00,0.0,9069.7,1012.2,0,1
2024-03-16 22:00:00,0.0,8774.0,1016.0,0,1
2024-03-16 23:00:00,0.0,9469.0,1007.0,0,1
2024-03-17 00:00:00,0.0,8205.5,1013.6,0,1
2024-03-17 01:00:00,0.0,9241.2,1011.3,0,1
2024-03-17 02:00:00,0.0,8873.0,1008.7,0,1
2024-03-17 03:00:00,7.91,1958.3,1011.3,0,1
2024-03-17 04:00:00,0.0,8464.6,1001.6,0,1
2024-03-17 05:00:00,0.0,8060.9,1009.5,0,1
2024-03-17 06:00:00,5.25,576.4,1007.8,0,1
2024-03-17 07:00:00,0.0,8652.8,1011.9,0,1
2024-03-17 08:00:00,0.0,9362.2,1001.9,0,1
2024-03-17 09:00:00,0.0,9895.2,1014.2,0,1
2024-03-17 10:00:00,0.0,9130.0,1017.8,0,1
2024-03-17 11:00:00,0.0,8794.3,1012.7,0,1
2024-03-17 12:00:00,0.0,8536.5,1015.7,0,1
2024-03-17 13:00:00,0.0,9868.1,1010.7,0,1
2024-03-17 14:00:00,0.33,9364.2,1005.5,0,1
2024-03-17 15:00:00,0.0,9330.6,1013.3,0,1
2024-03-17 16:00:00,0.0,8852.3,1016.7,0,1
2024-03-17 17:00:00,0.0,9690.1,1006.6,0,1
2024-03-17 18:00:00,0.0,9427.3,1010.9,0,1
2024-03-17 19:00:00,0.0,8566.4,1012.0,0,1
2024-03-17 20:00:00,1.81,9199.2,1027.5,0,1
2024-03-17 21:00:00,0.0,8860.4,1014.4,0,1
2024-03-17 22:00:00,0.0,8013.2,1003.7,0,1
2024-03-17 23:00:00,0.0,9615.2,1002.5,0,1
2024-03-18 00:00:00,0.0,8245.7,1016.9,0,0
2024-03-18 01:00:00,0.0,9019.9,1025.7,0,0
2024-03-18 02:00:00,0.0,8672.5,1011.8,0,0
2024-03-18 03:00:00,0.0,8684.2,1011.5,0,0
2024-03-18 04:00:00,0.0,8954.7,1015.4,0,0
2024-03-18 05:00:00,0.0,9994.0,1009.3,0,0
2024-03-18 06:00:00,0.0,8816.8,1000.5,0,0
2024-03-18 07:00:00,0.0,8364.7,1018.4,0,0
2024-03-18 08:00:00,0.0,9227.2,1010.2,0,0
2024-03-18 09:00:00,0.0,8472.6,1018.5,0,0
2024-03-18 10:00:00,0.0,8211.1,1009.4,0,0
2024-03-18 11:00:00,0.0,8100.3,1013.9,0,0
2024-03-18 12:00:00,0.0,8045.8,1017.5,0,0
2024-03-18 13:00:00,0.0,8862.3,1018.6,0,0
2024-03-18 14:00:00,0.0,8853.5,1014.4,0,0
2024-03-18 15:00:00,0.0,8371.1,1014.2,0,0
2024-03-18 16:00:00,11.47,2671.6,1016.3,0,0
2024-03-18 17:00:00,3.71,8258.5,1015.6,0,0
2024-03-18 18:00:00,0.0,9830.6,1006.8,0,0
2024-03-18 19:00:00,0.0,9175.2,1006.9,0,0
2024-03-18 20:00:00,0.0,8055.2,1002.7,0,0
2024-03-18 21:00:00,0.0,9925.9,1017.1,0,0
2024-03-18 22:00:00,0.0,8615.9,1011.3,0,0
2024-03-18 23:00:00,0.0,8899.9,1017.4,0,0
2024-03-19 00:00:00,0.0,8568.5,1015.3,0,0
2024-03-19 01:00:00,0.0,9456.8,1008.2,0,0
2024-03-19 02:00:00,0.0,8971.4,1012.6,0,0
2024-03-19 03:00:00,0.0,8264.7,1011.0,0,0
2024-03-19 04:00:00,0.0,8208.4,1010.2,0,0
2024-03-19 05:00:00,0.0,9450.8,1017.8,0,0
2024-03-19 06:00:00,0.0,8474.2,1025.8,0,0
2024-03-19 07:00:00,0.0,8275.6,1018.8,0,0
2024-03-19 08:00:00,0.0,8998.9,1013.1,0,0
2024-03-19 09:00:00,0.0,9605.5,1019.5,0,0
2024-03-19 10:00:00,0.0,8557.6,1021.8,0,0
2024-03-19 11:00:00,0.0,8552.9,1006.3,0,0
2024-03-19 12:00:00,0.0,9667.8,1019.4,0,0
2024-03-19 13:00:00,0.0,8295.7,1017.1,0,0
2024-03-19 14:00:00,0.0,9233.5,1019.2,0,0
2024-03-19 15:00:00,0.0,9910.0,1017.3,0,0
2024-03-19 16:00:00,0.0,9682.6,1012.1,0,0
2024-03-19 17:00:00,3.98,8123.6,1023.4,0,0
2024-03-19 18:00:00,0.0,8639.8,1014.9,0,0
2024-03-19 19:00:00,0.0,8284.7,1011.1,0,0
2024-03-19 20:00:00,0.0,9898.5,1015.8,0,0
2024-03-19 21:00:00,0.0,9971.9,1018.1,0,0
2024-03-19 22:00:00,0.0,8470.0,1013.7,0,0
2024-03-19 23:00:00,0.0,9339.4,1015.2,0,0
2024-03-20 00:00:00,0.0,9683.3,1013.7,0,0
2024-03-20 01:00:00,0.0,8467.4,1009.9,0,0
2024-03-20 02:00:00,0.0,8375.4,1009.1,0,0
2024-03-20 03:00:00,0.0,8022.4,1006.2,0,0
2024-03-20 04:00:00,0.0,8823.9,1020.8,0,0
2024-03-20 05:00:00,0.0,9798.9,1012.1,0,0
2024-03-20 06:00:00,0.0,9806.0,996.1,0,0
2024-03-20 07:00:00,0.0,8255.5,1015.2,0,0
2024-03-20 08:00:00,0.0,8408.7,1015.1,0,0
2024-03-20 09:00:00,0.0,8816.1,1003.9,0,0
2024-03-20 10:00:00,0.01,9561.2,1009.1,0,0
2024-03-20 11:00:00,0.0,9223.7,1008.9,0,0
2024-03-20 12:00:00,0.0,9027.7,1009.5,0,0
2024-03-20 13:00:00,0.0,9183.9,1019.3,0,0
2024-03-20 14:00:00,0.0,8192.4,1012.5,0,0
2024-03-20 15:00:00,0.0,8955.3,1011.1,0,0
2024-03-20 16:00:00,0.8,9984.1,1018.9,0,0
2024-03-20 17:00:00,0.0,8176.9,1015.7,0,0
2024-03-20 18:00:00,0.0,9038.5,1004.5,0,0
2024-03-20 19:00:00,0.0,8591.3,1010.2,0,0
2024-03-20 20:00:00,0.0,9079.8,1014.9,0,0
2024-03-20 21:00:00,0.0,9147.6,1008.6,0,0
2024-03-20 22:00:00,0.0,9154.9,1023.4,0,0
2024-03-20 23:00:00,0.0,9704.4,1013.8,0,0
2024-03-21 00:00:00,0.0,8779.5,1009.5,0,0
2024-03-21 01:00:00,0.0,9032.7,1007.6,0,0
2024-03-21 02:00:00,0.0,8021.9,1017.9,0,0
2024-03-21 03:00:00,0.0,9579.1,1010.0,0,0
2024-03-21 04:00:00,0.0,8519.0,1015.1,0,0
2024-03-21 05:00:00,0.0,9633.1,1007.5,0,0
2024-03-21 06:00:00,0.0,8531.3,1013.6,0,0
2024-03-21 07:00:00,0.0,8021.6,1010.1,0,0
2024-03-21 08:00:00,0.0,8309.7,1011.7,0,0
2024-03-21 09:00:00,0.0,9971.4,1009.3,0,0
2024-03-21 10:00:00,0.0,8639.6,1018.4,0,0
2024-03-21 11:00:00,0.0,8217.6,1010.8,0,0
2024-03-21 12:00:00,0.0,8237.5,1012.5,0,0
2024-03-21 13:00:00,0.0,8620.7,1012.8,0,0
2024-03-21 14:00:00,0.0,8075.3,1021.3,0,0
2024-03-21 15:00:00,0.0,9023.0,1017.7,0,0
2024-03-21 16:00:00,0.0,8427.5,1017.2,0,0
2024-03-21 17:00:00,0.0,9038.6,1005.4,0,0
2024-03-21 18:00:00,0.0,8281.5,1010.0,0,0
2024-03-21 19:00:00,0.0,8859.7,1019.2,0,0
2024-03-21 20:00:00,0.0,9195.8,1007.4,0,0
2024-03-21 21:00:00,0.0,8124.0,1013.7,0,0
2024-03-21 22:00:00,0.0,8797.5,1007.9,0,0
2024-03-21 23:00:00,0.0,8605.0,1008.4,0,0
2024-03-22 00:00:00,0.0,8480.7,1021.7,0,0
2024-03-22 01:00:00,0.0,9209.1,1016.8,0,0
2024-03-22 02:00:00,0.0,9177.1,1018.2,0,0
2024-03-22 03:00:00,0.0,9261.4,1017.2,0,0
2024-03-22 04:00:00,0.0,8317.8,1012.6,0,0
2024-03-22 05:00:00,0.0,8571.4,1009.8,0,0
2024-03-22 06:00:00,0.0,8419.4,1011.2,0,0
2024-03-22 07:00:00,0.0,9081.0,1012.3,0,0
2024-03-22 08:00:00,0.0,8922.1,1022.1,0,0
2024-03-22 09:00:00,0.0,8660.6,1006.6,0,0
2024-03-22 10:00:00,12.58,1298.3,1010.5,0,0
2024-03-22 11:00:00,0.13,8187.9,1008.7,0,0
2024-03-22 12:00:00,0.0,9949.8,1018.5,0,0
2024-03-22 13:00:00,0.0,8233.1,1022.5,0,0
2024-03-22 14:00:00,0.0,9546.1,1014.8,0,0
2024-03-22 15:00:00,0.0,8736.5,1015.2,0,0
2024-03-22 16:00:00,0.0,9730.5,1013.7,0,0
2024-03-22 17:00:00,0.0,8148.3,1015.4,0,0
2024-03-22 18:00:00,0.0,8749.4,1017.1,0,0
2024-03-22 19:00:00,0.0,8670.9,1015.4,0,0
2024-03-22 20:00:00,0.0,9986.3,1015.7,0,0
2024-03-22 21:00:00,0.0,9971.1,1017.1,0,0
2024-03-22 22:00:00,0.0,8379.6,1004.4,0,0
2024-03-22 23:00:00,0.0,9259.9,1013.3,0,0
2024-03-23 00:00:00,0.0,9071.0,1014.8,0,1
2024-03-23 01:00:00,0.0,8308.7,1015.3,0,1
2024-03-23 02:00:00,0.0,8335.6,1012.4,0,1
2024-03-23 03:00:00,0.0,9978.5,1014.1,0,1
2024-03-23 04:00:00,0.0,8905.5,1009.7,0,1
2024-03-23 05:00:00,0.0,8251.6,1004.4,0,1
2024-03-23 06:00:00,0.0,8429.6,1018.2,0,1
2024-03-23 07:00:00,0.82,8536.7,1007.6,0,1
2024-03-23 08:00:00,0.0,9021.8,1012.4,0,1
2024-03-23 09:00:00,0.0,8671.1,1009.5,0,1
2024-03-23 10:00:00,0.0,8910.0,1021.2,0,1
2024-03-23 11:00:00,0.0,8333.0,1012.9,0,1
2024-03-23 12:00:00,0.0,8653.5,1011.7,0,1
2024-03-23 13:00:00,0.0,8140.6,1017.0,0,1
2024-03-23 14:00:00,0.0,9779.4,1024.0,0,1
2024-03-23 15:00:00,0.0,8397.5,1015.3,0,1
2024-03-23 16:00:00,0.0,9513.8,1011.4,0,1
2024-03-23 17:00:00,0.0,8699.1,1016.7,0,1
2024-03-23 18:00:00,0.0,8948.8,1005.4,0,1
2024-03-23 19:00:00,0.0,8582.5,1013.5,0,1
2024-03-23 20:00:00,0.0,9392.9,1023.2,0,1
2024-03-23 21:00:00,0.0,9689.1,1014.0,0,1
2024-03-23 22:00:00,0.0,8572.5,1013.8,0,1
2024-03-23 23:00:00,0.0,8484.4,1013.4,0,1
2024-03-24 00:00:00,0.0,9362.9,1011.3,0,1
2024-03-24 01:00:00,0.0,8390.3,1014.8,0,1
2024-03-24 02:00:00,0.0,9279.7,1017.1,0,1
2024-03-24 03:00:00,0.0,8188.9,1011.6,0,1
2024-03-24 04:00:00,0.71,9240.3,1000.8,0,1
2024-03-24 05:00:00,0.0,9026.8,1015.6,0,1
2024-03-24 06:00:00,0.0,8227.8,1023.9,0,1
2024-03-24 07:00:00,0.0,9298.2,1011.4,0,1
2024-03-24 08:00:00,0.0,8893.1,1005.9,0,1
2024-03-24 09:00:00,0.0,8434.2,1016.6,0,1
2024-03-24 10:00:00,0.0,8706.8,1022.0,0,1
2024-03-24 11:00:00,0.0,8984.2,1015.9,0,1
2024-03-24 12:00:00,0.0,8183.1,1021.9,0,1
2024-03-24 13:00:00,0.0,9915.2,1017.2,0,1
2024-03-24 14:00:00,0.0,9331.1,1016.8,0,1
2024-03-24 15:00:00,0.0,8205.1,1010.7,0,1
2024-03-24 16:00:00,0.0,9645.7,1014.7,0,1
2024-03-24 17:00:00,0.0,8645.1,1013.1,0,1
2024-03-24 18:00:00,0.0,9193.6,1012.9,0,1
2024-03-24 19:00:00,0.0,8554.3,1012.0,0,1
2024-03-24 20:00:00,0.0,9466.8,1014.4,0,1
2024-03-24 21:00:00,0.0,9446.0,1006.8,0,1
2024-03-24 22:00:00,0.0,9104.1,1017.3,0,1
2024-03-24 23:00:00,0.0,8481.9,1008.9,0,1
2024-03-25 00:00:00,0.0,8507.4,1012.0,1,0
2024-03-25 01:00:00,0.0,8765.7,1014.9,1,0
2024-03-25 02:00:00,0.0,8290.0,1008.6,1,0
2024-03-25 03:00:00,0.0,8675.3,1003.4,1,0
2024-03-25 04:00:00,11.18,2815.3,1011.3,1,0
2024-03-25 05:00:00,0.0,9661.7,1006.1,1,0
2024-03-25 06:00:00,8.71,761.7,1016.8,1,0
2024-03-25 07:00:00,0.0,8467.2,1007.5,1,0
2024-03-25 08:00:00,0.0,9665.3,1020.7,1,0
2024-03-25 09:00:00,0.0,9781.4,1013.2,1,0
2024-03-25 10:00:00,0.0,8820.0,1013.5,1,0
2024-03-25 11:00:00,0.03,8053.8,1003.3,1,0
2024-03-25 12:00:00,0.0,9389.9,1014.0,1,0
2024-03-25 13:00:00,0.0,9568.1,1012.8,1,0
2024-03-25 14:00:00,0.0,8036.0,1006.8,1,0
2024-03-25 15:00:00,0.0,9190.1,1013.7,1,0
2024-03-25 16:00:00,0.0,9176.7,1011.3,1,0
2024-03-25 17:00:00,0.49,8757.4,1012.2,1,0
2024-03-25 18:00:00,0.0,9499.5,1013.4,1,0
2024-03-25 19:00:00,0.0,8856.4,1010.9,1,0
2024-03-25 20:00:00,0.0,9353.6,1014.5,1,0
2024-03-25 21:00:00,0.0,9034.2,1012.8,1,0
2024-03-25 22:00:00,0.0,8496.9,1015.6,1,0
2024-03-25 23:00:00,0.0,9213.0,1010.6,1,0
2024-03-26 00:00:00,0.0,9473.8,1007.9,0,0
2024-03-26 01:00:00,0.0,9947.8,1009.7,0,0
2024-03-26 02:00:00,0.0,8760.2,1020.5,0,0
2024-03-26 03:00:00,0.0,8128.9,1018.0,0,0
2024-03-26 04:00:00,0.0,9975.9,1019.3,0,0
2024-03-26 05:00:00,0.0,9247.6,1019.7,0,0
2024-03-26 06:00:00,0.0,9892.9,1010.9,0,0
2024-03-26 07:00:00,0.0,8207.7,1014.7,0,0
2024-03-26 08:00:00,0.0,8684.1,1013.6,0,0
2024-03-26 09:00:00,0.0,8267.9,1016.5,0,0
2024-03-26 10:00:00,0.0,9671.0,1011.8,0,0
2024-03-26 11:00:00,0.0,9760.7,1013.7,0,0
2024-03-26 12:00:00,0.0,9002.6,1013.6,0,0
2024-03-26 13:00:00,6.27,1637.1,1015.9,0,0
2024-03-26 14:00:00,0.0,8254.2,1016.5,0,0
2024-03-26 15:00:00,0.0,9176.3,1013.7,0,0
2024-03-26 16:00:00,0.0,9012.8,1013.9,0,0
2024-03-26 17:00:00,0.0,9389.6,1014.4,0,0
2024-03-26 18:00:00,0.0,8610.4,1021.5,0,0
2024-03-26 19:00:00,0.0,8804.7,1004.6,0,0
2024-03-26 20:00:00,0.0,8042.7,1008.4,0,0
2024-03-26 21:00:00,0.0,9220.3,1016.6,0,0
2024-03-26 22:00:00,0.0,8846.3,1014.6,0,0
2024-03-26 23:00:00,0.0,9839.5,1014.6,0,0
2024-03-27 00:00:00,0.0,9283.6,1016.6,0,0
2024-03-27 01:00:00,0.0,8797.4,1014.3,0,0
2024-03-27 02:00:00,0.0,8527.2,1010.5,0,0
2024-03-27 03:00:00,0.0,9810.6,1016.4,0,0
2024-03-27 04:00:00,0.0,8032.5,1013.4,0,0
2024-03-27 05:00:00,0.0,8653.8,1011.0,0,0
2024-03-27 06:00:00,0.0,9887.0,1016.7,0,0
2024-03-27 07:00:00,0.0,9308.1,1016.5,0,0
2024-03-27 08:00:00,0.0,9065.4,1014.3,0,0
2024-03-27 09:00:00,0.0,8407.1,1021.8,0,0
2024-03-27 10:00:00,0.0,9666.7,1019.9,0,0
2024-03-27 11:00:00,0.0,8408.4,1018.3,0,0
2024-03-27 12:00:00,0.0,8496.5,1026.1,0,0
2024-03-27 13:00:00,0.0,8383.7,1012.5,0,0
2024-03-27 14:00:00,3.68,8316.3,1010.9,0,0
2024-03-27 15:00:00,0.0,9906.6,1017.6,0,0
2024-03-27 16:00:00,0.0,9204.1,1012.0,0,0
2024-03-27 17:00:00,0.0,9275.7,1013.3,0,0
2024-03-27 18:00:00,0.0,9908.7,1008.3,0,0
2024-03-27 19:00:00,0.0,8461.2,1016.3,0,0
2024-03-27 20:00:00,0.0,8011.8,1005.9,0,0
2024-03-27 21:00:00,0.0,9197.8,1012.8,0,0
2024-03-27 22:00:00,0.0,9015.7,1013.2,0,0
2024-03-27 23:00:00,0.0,8955.3,1011.1,0,0
2024-03-28 00:00:00,0.0,8123.8,1004.5,0,0
2024-03-28 01:00:00,0.0,8908.9,1004.4,0,0
2024-03-28 02:00:00,0.0,8575.1,1009.5,0,0
2024-03-28 03:00:00,1.64,8549.1,1015.9,0,0
2024-03-28 04:00:00,0.0,8444.8,1014.7,0,0
2024-03-28 05:00:00,0.0,8665.1,1013.2,0,0
2024-03-28 06:00:00,0.0,8706.3,1008.8,0,0
2024-03-28 07:00:00,0.0,8617.6,1015.0,0,0
2024-03-28 08:00:00,0.0,9957.5,1004.3,0,0
2024-03-28 09:00:00,0.0,9865.5,1001.3,0,0
2024-03-28 10:00:00,0.0,9149.0,1012.0,0,0
2024-03-28 11:00:00,0.0,9962.1,1010.5,0,0
2024-03-28 12:00:00,0.0,9982.4,1018.3,0,0
2024-03-28 13:00:00,0.0,8711.9,1014.0,0,0
2024-03-28 14:00:00,0.0,8890.4,1021.5,0,0
2024-03-28 15:00:00,0.0,9918.1,1010.5,0,0
2024-03-28 16:00:00,0.0,9217.3,1015.7,0,0
2024-03-28 17:00:00,0.0,8425.9,1012.0,0,0
2024-03-28 18:00:00,0.0,9378.8,1020.2,0,0
2024-03-28 19:00:00,0.0,8411.5,1012.2,0,0
2024-03-28 20:00:00,0.0,8678.7,1017.5,0,0
2024-03-28 21:00:00,1.61,8455.1,1007.9,0,0
2024-03-28 22:00:00,0.0,8490.0,1011.2,0,0
2024-03-28 23:00:00,0.0,8009.3,1012.8,0,0
2024-03-29 00:00:00,0.0,9761.4,1019.6,0,0
2024-03-29 01:00:00,0.0,8592.0,1002.3,0,0
2024-03-29 02:00:00,0.0,8172.7,1011.6,0,0
2024-03-29 03:00:00,0.0,8174.0,1011.4,0,0
2024-03-29 04:00:00,0.0,9112.0,1002.9,0,0
2024-03-29 05:00:00,0.0,9985.8,1010.9,0,0
2024-03-29 06:00:00,0.0,8290.0,1005.5,0,0
2024-03-29 07:00:00,0.0,8199.2,1001.6,0,0
2024-03-29 08:00:00,0.0,8876.6,1011.9,0,0
2024-03-29 09:00:00,0.0,9126.7,1011.8,0,0
2024-03-29 10:00:00,1.71,8588.8,1012.0,0,0
2024-03-29 11:00:00,0.0,8605.0,1014.5,0,0
2024-03-29 12:00:00,2.52,8849.0,1008.9,0,0
2024-03-29 13:00:00,0.0,8628.3,1022.2,0,0
2024-03-29 14:00:00,0.0,9830.7,1013.1,0,0
2024-03-29 15:00:00,0.0,8083.9,1019.7,0,0
2024-03-29 16:00:00,0.0,8469.1,1004.9,0,0
2024-03-29 17:00:00,0.0,9617.1,1009.1,0,0
2024-03-29 18:00:00,0.0,9667.9,1016.7,0,0
2024-03-29 19:00:00,0.0,8223.1,1012.1,0,0
2024-03-29 20:00:00,0.0,9947.5,1007.9,0,0
2024-03-29 21:00:00,0.0,9386.7,1004.1,0,0
2024-03-29 22:00:00,0.0,8545.2,1016.9,0,0
2024-03-29 23:00:00,0.0,8912.1,1016.5,0,0
2024-03-30 00:00:00,0.0,8594.3,1014.5,0,1
2024-03-30 01:00:00,0.0,8300.0,1010.8,0,1
2024-03-30 02:00:00,0.0,8582.4,1007.7,0,1
2024-03-30 03:00:00,0.0,9160.2,1013.0,0,1
2024-03-30 04:00:00,0.0,9651.9,1006.7,0,1
2024-03-30 05:00:00,0.0,8727.1,1009.5,0,1
2024-03-30 06:00:00,0.0,8695.8,1019.6,0,1
2024-03-30 07:00:00,0.0,8936.0,1004.0,0,1
2024-03-30 08:00:00,0.0,9289.1,1016.6,0,1
2024-03-30 09:00:00,0.0,9503.2,1020.7,0,1
2024-03-30 10:00:00,0.0,8653.6,1017.3,0,1
2024-03-30 11:00:00,0.0,9172.7,1015.2,0,1
2024-03-30 12:00:00,0.0,8778.7,1010.9,0,1
2024-03-30 13:00:00,0.0,9432.8,1010.0,0,1
2024-03-30 14:00:00,0.0,8329.3,1002.0,0,1
2024-03-30 15:00:00,0.0,8513.8,1013.4,0,1
2024-03-30 16:00:00,0.0,8852.1,1011.2,0,1
2024-03-30 17:00:00,0.0,9778.8,1009.8,0,1
2024-03-30 18:00:00,0.0,9146.7,1013.1,0,1
2024-03-30 19:00:00,0.0,9930.8,1013.6,0,1
2024-03-30 20:00:00,0.0,8206.6,1010.1,0,1
2024-03-30 21:00:00,0.0,8920.4,1021.3,0,1
2024-03-30 22:00:00,0.0,8838.2,1016.9,0,1
2024-03-30 23:00:00,0.0,9200.4,1017.7,0,1
2024-03-31 00:00:00,0.0,9623.9,1012.7,0,1
2024-03-31 01:00:00,0.0,9682.9,1015.8,0,1
2024-03-31 02:00:00,0.0,9340.4,1008.8,0,1
2024-03-31 03:00:00,0.0,9283.1,1016.6,0,1
2024-03-31 04:00:00,0.0,9898.1,1012.2,0,1
2024-03-31 05:00:00,0.85,8767.4,1008.1,0,1
2024-03-31 06:00:00,0.0,9665.6,1013.1,0,1
2024-03-31 07:00:00,0.0,9843.0,1011.8,0,1
2024-03-31 08:00:00,0.0,8983.1,1024.9,0,1
2024-03-31 09:00:00,0.0,9458.2,1015.4,0,1
2024-03-31 10:00:00,0.0,8754.0,1021.1,0,1
2024-03-31 11:00:00,0.0,8317.8,1018.9,0,1
2024-03-31 12:00:00,0.0,9173.0,1013.4,0,1
2024-03-31 13:00:00,0.0,8392.9,1011.0,0,1
2024-03-31 14:00:00,0.0,8915.2,1004.5,0,1
2024-03-31 15:00:00,0.0,9745.8,1008.9,0,1
2024-03-31 16:00:00,0.0,8172.0,1016.6,0,1
2024-03-31 17:00:00,0.0,8060.9,1011.7,0,1
2024-03-31 18:00:00,0.0,9213.0,1015.1,0,1
2024-03-31 19:00:00,0.0,8662.1,1003.1,0,1
2024-03-31 20:00:00,0.0,8835.9,1015.5,0,1
2024-03-31 21:00:00,0.0,8811.4,1018.7,0,1
2024-03-31 22:00:00,0.0,8173.2,1004.4,0,1
2024-03-31 23:00:00,0.0,8007.1,1015.1,0,1
2024-04-01 00:00:00,0.0,9796.8,1020.0,0,0
2024-04-01 01:00:00,3.99,8435.6,1021.7,0,0
2024-04-01 02:00:00,0.0,8852.2,1010.7,0,0
2024-04-01 03:00:00,0.0,9943.9,1017.1,0,0
2024-04-01 04:00:00,0.0,9653.5,1020.4,0,0
2024-04-01 05:00:00,0.0,8215.9,1015.3,0,0
2024-04-01 06:00:00,0.0,9017.0,1019.7,0,0
2024-04-01 07:00:00,0.0,9460.2,1013.1,0,0
2024-04-01 08:00:00,0.0,9396.8,1015.2,0,0
2024-04-01 09:00:00,0.0,9521.7,1010.1,0,0
2024-04-01 10:00:00,0.0,8914.9,1012.4,0,0
2024-04-01 11:00:00,0.0,8351.8,1015.4,0,0
2024-04-01 12:00:00,0.0,8929.7,1009.8,0,0
2024-04-01 13:00:00,0.0,9295.8,1012.1,0,0
2024-04-01 14:00:00,0.0,9217.2,1017.1,0,0
2024-04-01 15:00:00,0.0,8141.0,1023.5,0,0
2024-04-01 16:00:00,1.32,8129.9,1003.0,0,0
2024-04-01 17:00:00,0.0,9930.5,1023.1,0,0
2024-04-01 18:00:00,0.0,8303.6,1012.0,0,0
2024-04-01 19:00:00,0.0,8588.9,1018.1,0,0
2024-04-01 20:00:00,0.0,9535.3,1019.1,0,0
2024-04-01 21:00:00,0.0,8819.4,1021.1,0,0
2024-04-01 22:00:00,0.0,8362.9,1009.6,0,0
2024-04-01 23:00:00,0.0,8934.5,1012.1,0,0
2024-04-02 00:00:00,0.0,9137.9,1013.0,0,0
2024-04-02 01:00:00,0.0,8905.5,1011.5,0,0
2024-04-02 02:00:00,0.0,9837.9,1019.8,0,0
2024-04-02 03:00:00,0.0,8569.4,1012.9,0,0
2024-04-02 04:00:00,0.0,9322.7,1005.2,0,0
2024-04-02 05:00:00,3.86,8224.6,1010.1,0,0
2024-04-02 06:00:00,0.0,8784.6,1005.4,0,0
2024-04-02 07:00:00,0.0,9482.0,1012.1,0,0
2024-04-02 08:00:00,0.0,8449.6,1016.6,0,0
2024-04-02 09:00:00,0.0,9179.5,1010.0,0,0
2024-04-02 10:00:00,0.0,8306.9,1011.2,0,0
2024-04-02 11:00:00,0.0,8205.4,1011.9,0,0
2024-04-02 12:00:00,0.0,9046.5,1014.0,0,0
2024-04-02 13:00:00,0.0,9350.0,1015.8,0,0
2024-04-02 14:00:00,0.0,8226.7,1017.3,0,0
2024-04-02 15:00:00,0.0,9835.6,1024.5,0,0
2024-04-02 16:00:00,0.0,8451.5,1013.9,0,0
2024-04-02 17:00:00,0.0,8240.0,1016.9,0,0
2024-04-02 18:00:00,0.0,8405.4,1005.3,0,0
2024-04-02 19:00:00,0.0,8339.1,1011.4,0,0
2024-04-02 20:00:00,0.0,8181.3,1011.9,0,0
2024-04-02 21:00:00,0.0,9595.7,1008.2,0,0
2024-04-02 22:00:00,0.0,8991.1,1010.6,0,0
2024-04-02 23:00:00,0.0,8777.0,1012.7,0,0
2024-04-03 00:00:00,0.0,9901.3,1010.7,0,0
2024-04-03 01:00:00,0.0,8742.0,1026.3,0,0
2024-04-03 02:00:00,0.0,8333.9,1015.8,0,0
2024-04-03 03:00:00,0.0,8548.1,1023.3,0,0
2024-04-03 04:00:00,0.0,8477.9,1020.7,0,0
2024-04-03 05:00:00,0.0,8997.5,1010.1,0,0
2024-04-03 06:00:00,0.0,8583.0,1013.4,0,0
2024-04-03 07:00:00,0.0,9032.1,1011.1,0,0
2024-04-03 08:00:00,0.0,9338.6,1012.4,0,0
2024-04-03 09:00:00,0.0,9554.6,1008.4,0,0
2024-04-03 10:00:00,0.0,9420.3,1011.0,0,0
2024-04-03 11:00:00,1.32,8411.2,1015.0,0,0
2024-04-03 12:00:00,0.0,8231.8,1014.9,0,0
2024-04-03 13:00:00,0.0,9084.9,1014.5,0,0
2024-04-03 14:00:00,0.0,8397.8,1013.0,0,0
2024-04-03 15:00:00,0.0,8169.9,1017.6,0,0
2024-04-03 16:00:00,0.0,9054.2,1012.0,0,0
2024-04-03 17:00:00,0.0,8653.6,1020.2,0,0
2024-04-03 18:00:00,0.0,9512.3,1004.0,0,0
2024-04-03 19:00:00,0.0,8628.4,1016.5,0,0
2024-04-03 20:00:00,0.0,9957.4,1015.7,0,0
2024-04-03 21:00:00,0.0,9517.0,1009.9,0,0
2024-04-03 22:00:00,0.0,8115.4,1011.5,0,0
2024-04-03 23:00:00,0.0,9017.7,1015.6,0,0
2024-04-04 00:00:00,0.0,9125.2,1017.8,0,0
2024-04-04 01:00:00,0.0,9390.6,1004.5,0,0
2024-04-04 02:00:00,0.0,8995.6,1016.4,0,0
2024-04-04 03:00:00,0.0,8966.9,1011.0,0,0
2024-04-04 04:00:00,0.0,8735.9,1018.9,0,0
2024-04-04 05:00:00,0.0,8542.9,1004.1,0,0
2024-04-04 06:00:00,0.0,9892.4,1025.5,0,0
2024-04-04 07:00:00,0.0,8635.2,1008.8,0,0
2024-04-04 08:00:00,0.0,8126.8,1020.4,0,0
2024-04-04 09:00:00,0.0,8334.6,1012.9,0,0
2024-04-04 10:00:00,0.0,9714.6,1009.2,0,0
2024-04-04 11:00:00,0.0,9173.3,1014.6,0,0
2024-04-04 12:00:00,0.0,9557.6,1018.4,0,0
2024-04-04 13:00:00,0.0,9617.6,1005.5,0,0
2024-04-04 14:00:00,0.0,9646.5,1016.8,0,0
2024-04-04 15:00:00,0.0,9101.2,1013.2,0,0
2024-04-04 16:00:00,0.0,8354.2,1016.1,0,0
2024-04-04 17:00:00,0.0,8296.5,1013.3,0,0
2024-04-04 18:00:00,5.61,2017.1,1010.4,0,0
2024-04-04 19:00:00,0.0,8733.0,1007.7,0,0
2024-04-04 20:00:00,0.0,9116.1,1016.6,0,0
2024-04-04 21:00:00,0.0,8997.0,1016.6,0,0
2024-04-04 22:00:00,0.0,9204.4,1016.6,0,0
2024-04-04 23:00:00,0.0,8064.2,1015.4,0,0
2024-04-05 00:00:00,0.0,8065.7,1018.0,0,0
2024-04-05 01:00:00,0.0,9443.2,1020.3,0,0
2024-04-05 02:00:00,0.0,8386.3,1003.9,0,0
2024-04-05 03:00:00,0.0,9304.4,1001.5,0,0
2024-04-05 04:00:00,0.0,9093.2,1021.8,0,0
2024-04-05 05:00:00,0.0,9963.6,1006.5,0,0
2024-04-05 06:00:00,0.14,9670.8,1007.8,0,0
2024-04-05 07:00:00,0.0,8826.3,1011.8,0,0
2024-04-05 08:00:00,0.0,9232.8,1005.0,0,0
2024-04-05 09:00:00,0.0,8234.6,1011.3,0,0
2024-04-05 10:00:00,0.0,8772.8,1008.5,0,0
2024-04-05 11:00:00,0.0,9467.8,1012.1,0,0
2024-04-05 12:00:00,0.0,9245.3,1014.6,0,0
2024-04-05 13:00:00,0.0,8968.9,1011.5,0,0
2024-04-05 14:00:00,0.0,8353.1,1011.3,0,0
2024-04-05 15:00:00,0.0,9606.3,1014.5,0,0
2024-04-05 16:00:00,0.0,8546.3,1018.5,0,0
2024-04-05 17:00:00,0.0,9641.0,1021.3,0,0
2024-04-05 18:00:00,0.0,9223.2,1012.2,0,0
2024-04-05 19:00:00,0.0,8745.5,1022.4,0,0
2024-04-05 20:00:00,0.0,8081.2,1017.6,0,0
2024-04-05 21:00:00,0.0,8464.8,1007.1,0,0
2024-04-05 22:00:00,0.0,9778.1,1006.9,0,0
2024-04-05 23:00:00,0.0,9635.9,1010.4,0,0
2024-04-06 00:00:00,0.12,9149.7,1020.5,0,1
2024-04-06 01:00:00,0.0,8932.6,1010.7,0,1
2024-04-06 02:00:00,0.0,9294.3,1003.8,0,1
2024-04-06 03:00:00,0.0,8932.5,1012.1,0,1
2024-04-06 04:00:00,0.0,9288.6,1003.3,0,1
2024-04-06 05:00:00,0.0,8614.8,1008.0,0,1
2024-04-06 06:00:00,0.0,9677.0,1010.3,0,1
2024-04-06 07:00:00,0.0,9403.8,1014.0,0,1
2024-04-06 08:00:00,0.0,8660.0,1018.4,0,1
2024-04-06 09:00:00,0.0,9661.3,1016.7,0,1
2024-04-06 10:00:00,1.25,8974.7,1007.4,0,1
2024-04-06 11:00:00,0.0,8349.3,1011.4,0,1
2024-04-06 12:00:00,0.0,8155.4,1013.6,0,1
2024-04-06 13:00:00,0.0,9399.2,1011.9,0,1
2024-04-06 14:00:00,0.0,9730.2,1011.9,0,1
2024-04-06 15:00:00,0.0,9614.9,1004.6,0,1
2024-04-06 16:00:00,0.0,9311.3,1007.5,0,1
2024-04-06 17:00:00,0.0,8282.8,1011.2,0,1
2024-04-06 18:00:00,0.0,8188.1,997.8,0,1
2024-04-06 19:00:00,0.0,8690.1,1016.5,0,1
2024-04-06 20:00:00,0.0,9709.8,1006.4,0,1
2024-04-06 21:00:00,1.74,9923.5,1016.7,0,1
2024-04-06 22:00:00,0.0,8482.7,1016.2,0,1
2024-04-06 23:00:00,0.0,9524.2,1010.5,0,1
2024-04-07 00:00:00,0.0,9147.7,1018.3,0,1
2024-04-07 01:00:00,0.0,8063.6,1017.0,0,1
2024-04-07 02:00:00,0.0,9085.8,1011.7,0,1
2024-04-07 03:00:00,0.0,9611.9,1011.1,0,1
2024-04-07 04:00:00,0.0,8552.2,1018.7,0,1
2024-04-07 05:00:00,0.0,9794.7,1014.4,0,1
2024-04-07 06:00:00,0.0,8472.5,1018.5,0,1
2024-04-07 07:00:00,0.0,8152.9,1001.3,0,1
2024-04-07 08:00:00,0.0,8319.9,1013.7,0,1
2024-04-07 09:00:00,0.0,9674.0,1005.4,0,1
2024-04-07 10:00:00,0.0,8834.6,1013.1,0,1
2024-04-07 11:00:00,0.0,9593.9,1016.8,0,1
2024-04-07 12:00:00,0.0,9062.5,1021.9,0,1
2024-04-07 13:00:00,0.0,8961.1,1008.6,0,1
2024-04-07 14:00:00,0.0,9613.8,1010.6,0,1
2024-04-07 15:00:00,0.0,8847.0,1012.8,0,1
2024-04-07 16:00:00,4.64,9604.1,1008.4,0,1
2024-04-07 17:00:00,0.0,8201.3,1018.1,0,1
2024-04-07 18:00:00,0.0,9272.6,1012.9,0,1
2024-04-07 19:00:00,0.0,9405.2,1013.9,0,1
2024-04-07 20:00:00,0.0,9798.2,1016.4,0,1
2024-04-07 21:00:00,0.0,8448.6,1012.9,0,1
2024-04-07 22:00:00,0.0,9208.4,1009.2,0,1
2024-04-07 23:00:00,0.0,8866.5,1012.9,0,1
2024-04-08 00:00:00,0.0,8765.5,1009.0,0,0
2024-04-08 01:00:00,0.0,8213.4,1013.8,0,0
2024-04-08 02:00:00,0.0,8268.5,1018.2,0,0
2024-04-08 03:00:00,0.0,9674.0,1007.4,0,0
2024-04-08 04:00:00,0.0,9499.5,1005.6,0,0
2024-04-08 05:00:00,0.0,8764.7,1013.5,0,0
2024-04-08 06:00:00,0.0,9657.0,1009.4,0,0
2024-04-08 07:00:00,0.0,8161.5,1013.4,0,0
2024-04-08 08:00:00,0.0,9249.5,1014.9,0,0
2024-04-08 09:00:00,0.0,9736.4,1002.5,0,0
2024-04-08 10:00:00,0.0,9677.7,1016.7,0,0
2024-04-08 11:00:00,0.0,8745.6,1007.4,0,0
2024-04-08 12:00:00,0.0,9490.5,1013.1,0,0
2024-04-08 13:00:00,0.0,8854.9,1010.0,0,0
2024-04-08 14:00:00,0.0,9680.3,1010.5,0,0
2024-04-08 15:00:00,0.0,9061.5,1021.7,0,0
2024-04-08 16:00:00,0.0,9529.7,1014.8,0,0
2024-04-08 17:00:00,0.0,8157.1,1017.8,0,0
2024-04-08 18:00:00,0.0,9180.1,1014.0,0,0
2024-04-08 19:00:00,0.0,9100.6,1016.4,0,0
2024-04-08 20:00:00,0.0,9220.0,1015.3,0,0
2024-04-08 21:00:00,0.0,9391.3,1014.5,0,0
2024-04-08 22:00:00,0.0,9836.2,1018.8,0,0
2024-04-08 23:00:00,0.0,9571.4,1014.0,0,0
2024-04-09 00:00:00,0.0,8439.3,1024.7,0,0
2024-04-09 01:00:00,0.0,9651.8,1018.1,0,0
2024-04-09 02:00:00,0.0,8244.2,1007.6,0,0
2024-04-09 03:00:00,0.0,9244.4,1012.4,0,0
2024-04-09 04:00:00,0.0,9765.5,1015.2,0,0
2024-04-09 05:00:00,0.0,8202.2,1013.5,0,0
2024-04-09 06:00:00,0.0,9699.4,1016.7,0,0
2024-04-09 07:00:00,0.0,9597.2,1017.2,0,0
2024-04-09 08:00:00,0.0,9007.6,1006.5,0,0
2024-04-09 09:00:00,0.0,8617.8,1019.7,0,0
2024-04-09 10:00:00,0.0,8810.9,1010.8,0,0
2024-04-09 11:00:00,0.0,9937.3,1010.3,0,0
2024-04-09 12:00:00,0.0,8403.4,1010.3,0,0
2024-04-09 13:00:00,0.0,9159.2,1017.3,0,0
2024-04-09 14:00:00,0.0,8166.5,1011.9,0,0
2024-04-09 15:00:00,0.0,8435.8,1009.9,0,0
2024-04-09 16:00:00,0.0,9526.6,1011.1,0,0
2024-04-09 17:00:00,0.0,8605.2,1004.3,0,0
2024-04-09 18:00:00,0.0,9971.5,1009.0,0,0
2024-04-09 19:00:00,0.0,9001.6,1007.1,0,0
2024-04-09 20:00:00,0.0,9033.1,1011.9,0,0
2024-04-09 21:00:00,0.0,8072.6,1016.6,0,0
2024-04-09 22:00:00,0.0,9913.1,1016.0,0,0
2024-04-09 23:00:00,0.0,8348.5,1019.5,0,0
2024-04-10 00:00:00,0.0,9076.7,1018.4,0,0
2024-04-10 01:00:00,0.0,8791.3,1010.6,0,0
2024-04-10 02:00:00,0.0,8831.2,1013.3,0,0
2024-04-10 03:00:00,0.0,9286.6,1013.1,0,0
2024-04-10 04:00:00,0.0,9324.2,1002.5,0,0
2024-04-10 05:00:00,0.0,8308.6,1007.2,0,0
2024-04-10 06:00:00,0.0,8999.2,1012.4,0,0
2024-04-10 07:00:00,0.0,9581.0,1012.4,0,0
2024-04-10 08:00:00,2.33,8886.6,1015.8,0,0
2024-04-10 09:00:00,0.0,8331.6,1015.6,0,0
2024-04-10 10:00:00,0.0,8626.4,1004.4,0,0
2024-04-10 11:00:00,0.0,8424.8,1015.8,0,0
2024-04-10 12:00:00,0.0,8251.6,1014.1,0,0
2024-04-10 13:00:00,0.0,8755.2,1016.4,0,0
2024-04-10 14:00:00,0.0,9081.9,1018.6,0,0
2024-04-10 15:00:00,2.83,8145.5,1012.5,0,0
2024-04-10 16:00:00,0.0,9207.6,1019.5,0,0
2024-04-10 17:00:00,0.0,9986.0,1008.8,0,0
2024-04-10 18:00:00,0.0,9928.2,1008.5,0,0
2024-04-10 19:00:00,0.0,9658.3,1015.4,0,0
2024-04-10 20:00:00,0.0,8532.7,1011.4,0,0
2024-04-10 21:00:00,0.0,8044.8,1014.6,0,0
2024-04-10 22:00:00,0.0,9667.1,1023.2,0,0
2024-04-10 23:00:00,0.0,8111.4,1015.2,0,0
2024-04-11 00:00:00,0.0,8411.3,1014.3,1,0
2024-04-11 01:00:00,0.0,9088.9,1008.9,1,0
2024-04-11 02:00:00,0.0,8356.8,1004.8,1,0
2024-04-11 03:00:00,3.85,9667.6,1012.9,1,0
2024-04-11 04:00:00,0.0,9554.3,1018.6,1,0
2024-04-11 05:00:00,0.0,9511.5,1011.6,1,0
2024-04-11 06:00:00,0.0,9632.3,1015.3,1,0
2024-04-11 07:00:00,0.0,8439.4,1020.4,1,0
2024-04-11 08:00:00,0.81,9457.8,1020.3,1,0
2024-04-11 09:00:00,0.0,8710.6,1015.4,1,0
2024-04-11 10:00:00,0.48,9333.7,1014.1,1,0
2024-04-11 11:00:00,0.0,8244.0,1005.7,1,0
2024-04-11 12:00:00,0.0,9411.2,1010.1,1,0
2024-04-11 13:00:00,0.0,9944.2,1011.8,1,0
2024-04-11 14:00:00,0.0,8087.2,1009.0,1,0
2024-04-11 15:00:00,0.0,8187.7,1014.5,1,0
2024-04-11 16:00:00,0.0,8247.3,1022.8,1,0
2024-04-11 17:00:00,0.0,8861.1,1020.8,1,0
2024-04-11 18:00:00,0.0,8581.6,1014.5,1,0
2024-04-11 19:00:00,0.0,9613.8,1017.1,1,0
2024-04-11 20:00:00,0.0,8947.6,1009.6,1,0
2024-04-11 21:00:00,0.0,8969.1,1020.6,1,0
2024-04-11 22:00:00,0.0,9434.1,1005.4,1,0
2024-04-11 23:00:00,0.0,8723.9,1017.8,1,0
2024-04-12 00:00:00,0.0,8706.4,1015.7,0,0
2024-04-12 01:00:00,0.0,9513.9,1009.5,0,0
2024-04-12 02:00:00,0.0,9560.1,1012.2,0,0
2024-04-12 03:00:00,4.34,8028.8,1007.6,0,0
2024-04-12 04:00:00,0.0,8287.6,1007.8,0,0
2024-04-12 05:00:00,0.0,8426.2,1005.3,0,0
2024-04-12 06:00:00,0.0,8703.2,1017.1,0,0
2024-04-12 07:00:00,0.0,8582.9,1019.3,0,0
2024-04-12 08:00:00,0.0,9337.0,1002.4,0,0
2024-04-12 09:00:00,0.0,9656.3,1022.4,0,0
2024-04-12 10:00:00,0.0,8384.2,1013.2,0,0
2024-04-12 11:00:00,0.0,9126.0,1014.7,0,0
2024-04-12 12:00:00,0.24,8735.6,1005.9,0,0
2024-04-12 13:00:00,0.0,9011.6,1019.9,0,0
2024-04-12 14:00:00,0.0,9241.5,1014.3,0,0
2024-04-12 15:00:00,0.0,9787.2,1018.9,0,0
2024-04-12 16:00:00,0.0,8384.6,1019.4,0,0
2024-04-12 17:00:00,0.0,8174.0,1019.9,0,0
2024-04-12 18:00:00,0.0,9254.4,1010.0,0,0
2024-04-12 19:00:00,0.0,8788.3,1012.2,0,0
2024-04-12 20:00:00,0.0,8325.8,1010.2,0,0
2024-04-12 21:00:00,0.0,8234.2,1017.7,0,0
2024-04-12 22:00:00,0.0,9117.8,1014.9,0,0
2024-04-12 23:00:00,3.29,8600.9,1018.6,0,0
2024-04-13 00:00:00,0.0,9994.9,1018.8,0,1
2024-04-13 01:00:00,0.0,8811.8,1004.6,0,1
2024-04-13 02:00:00,0.0,8424.6,1020.0,0,1
2024-04-13 03:00:00,0.0,9257.7,1018.0,0,1
2024-04-13 04:00:00,0.0,8488.5,1011.4,0,1
2024-04-13 05:00:00,0.0,8988.2,1015.0,0,1
2024-04-13 06:00:00,0.0,8965.2,1012.6,0,1
2024-04-13 07:00:00,0.0,8907.1,1016.3,0,1
2024-04-13 08:00:00,0.0,9592.2,1011.4,0,1
2024-04-13 09:00:00,0.0,8433.2,1015.6,0,1
2024-04-13 10:00:00,0.66,9808.6,1013.6,0,1
2024-04-13 11:00:00,0.0,9582.7,1011.1,0,1
2024-04-13 12:00:00,0.0,8666.2,1014.2,0,1
2024-04-13 13:00:00,5.19,2346.4,1026.8,0,1
2024-04-13 14:00:00,0.0,8559.1,1009.8,0,1
2024-04-13 15:00:00,0.0,8665.3,1012.0,0,1
2024-04-13 16:00:00,0.0,9113.9,1009.9,0,1
2024-04-13 17:00:00,0.0,8092.7,1010.4,0,1
2024-04-13 18:00:00,0.0,9828.7,1017.3,0,1
2024-04-13 19:00:00,0.0,8197.3,1016.8,0,1
2024-04-13 20:00:00,0.0,8558.5,1013.2,0,1
2024-04-13 21:00:00,0.0,8218.6,1018.4,0,1
2024-04-13 22:00:00,0.0,8513.3,1017.2,0,1
2024-04-13 23:00:00,0.0,9675.3,1012.4,0,1
2024-04-14 00:00:00,0.0,9230.4,1005.6,0,1
2024-04-14 01:00:00,0.0,8454.6,1017.4,0,1
2024-04-14 02:00:00,7.92,1997.7,1014.1,0,1
2024-04-14 03:00:00,0.0,9601.4,1013.4,0,1
2024-04-14 04:00:00,0.0,9507.3,1010.9,0,1
2024-04-14 05:00:00,0.0,9695.3,1017.0,0,1
2024-04-14 06:00:00,0.0,9239.3,1015.0,0,1
2024-04-14 07:00:00,2.02,9002.9,1012.1,0,1
2024-04-14 08:00:00,0.0,8747.9,1007.1,0,1
2024-04-14 09:00:00,0.0,8447.5,1018.6,0,1
2024-04-14 10:00:00,0.0,9114.8,1016.3,0,1
2024-04-14 11:00:00,0.0,9779.0,1014.5,0,1
2024-04-14 12:00:00,0.0,9188.0,1000.0,0,1
2024-04-14 13:00:00,0.0,9839.2,1013.1,0,1
2024-04-14 14:00:00,0.0,8713.8,1012.0,0,1
2024-04-14 15:00:00,0.0,9390.3,1010.2,0,1
2024-04-14 16:00:00,0.0,9297.3,1017.0,0,1
2024-04-14 17:00:00,0.0,9340.9,1016.8,0,1
2024-04-14 18:00:00,0.0,9290.1,1015.4,0,1
2024-04-14 19:00:00,1.25,8443.3,1018.4,0,1
2024-04-14 20:00:00,0.0,8287.2,1008.1,0,1
2024-04-14 21:00:00,0.0,9957.3,1011.0,0,1
2024-04-14 22:00:00,0.0,8090.6,1013.6,0,1
2024-04-14 23:00:00,0.0,8935.5,1010.1,0,1
2024-04-15 00:00:00,0.0,8850.2,1016.9,0,0
2024-04-15 01:00:00,0.0,8720.0,1010.6,0,0
2024-04-15 02:00:00,0.0,9564.0,1019.7,0,0
2024-04-15 03:00:00,0.0,9490.7,1008.6,0,0
2024-04-15 04:00:00,0.0,9810.4,1023.9,0,0
2024-04-15 05:00:00,0.0,8791.0,1023.4,0,0
2024-04-15 06:00:00,0.0,9128.4,1012.8,0,0
2024-04-15 07:00:00,1.47,9784.6,1019.0,0,0
2024-04-15 08:00:00,0.0,9987.7,1011.2,0,0
2024-04-15 09:00:00,4.3,9938.6,1018.3,0,0
2024-04-15 10:00:00,0.0,9435.7,1012.4,0,0
2024-04-15 11:00:00,0.0,8286.5,1006.8,0,0
2024-04-15 12:00:00,0.0,8046.4,995.6,0,0
2024-04-15 13:00:00,0.0,9650.4,1011.9,0,0
2024-04-15 14:00:00,0.0,9681.9,1014.6,0,0
2024-04-15 15:00:00,0.0,9492.7,1019.9,0,0
2024-04-15 16:00:00,0.0,8559.8,1013.4,0,0
2024-04-15 17:00:00,0.0,9279.6,1018.3,0,0
2024-04-15 18:00:00,0.0,8632.5,1011.0,0,0
2024-04-15 19:00:00,0.0,8901.3,1011.6,0,0
2024-04-15 20:00:00,0.0,8764.9,1018.5,0,0
2024-04-15 21:00:00,0.0,9827.3,1000.9,0,0
2024-04-15 22:00:00,0.0,8468.3,1013.3,0,0
2024-04-15 23:00:00,0.0,9155.2,1011.3,0,0
2024-04-16 00:00:00,0.0,8722.0,1020.1,0,0
2024-04-16 01:00:00,0.0,9326.1,1010.6,0,0
2024-04-16 02:00:00,0.0,9129.1,1015.8,0,0
2024-04-16 03:00:00,0.0,9848.0,1017.9,0,0
2024-04-16 04:00:00,0.0,8203.2,1005.8,0,0
2024-04-16 05:00:00,0.0,8441.3,1012.6,0,0
2024-04-16 06:00:00,0.0,9532.7,1011.1,0,0
2024-04-16 07:00:00,0.0,8737.6,1018.0,0,0
2024-04-16 08:00:00,0.0,8331.6,1016.6,0,0
2024-04-16 09:00:00,10.6,2227.3,1012.1,0,0
2024-04-16 10:00:00,0.0,9304.3,1008.0,0,0
2024-04-16 11:00:00,5.29,1733.3,1018.4,0,0
2024-04-16 12:00:00,0.0,8583.2,1012.9,0,0
2024-04-16 13:00:00,0.0,9618.8,1005.2,0,0
2024-04-16 14:00:00,0.0,9040.5,1005.6,0,0
2024-04-16 15:00:00,0.0,8070.8,1015.4,0,0
2024-04-16 16:00:00,0.0,8563.9,1006.9,0,0
2024-04-16 17:00:00,0.0,9278.3,1022.5,0,0
2024-04-16 18:00:00,0.0,8398.7,1008.6,0,0
2024-04-16 19:00:00,0.0,9654.8,1013.2,0,0
2024-04-16 20:00:00,0.0,9353.2,1014.0,0,0
2024-04-16 21:00:00,0.0,8942.8,1009.6,0,0
2024-04-16 22:00:00,0.0,9831.2,1002.1,0,0
2024-04-16 23:00:00,0.0,8783.6,1014.2,0,0
2024-04-17 00:00:00,0.0,8470.1,1009.5,0,0
2024-04-17 01:00:00,0.1,9322.8,1013.8,0,0
2024-04-17 02:00:00,0.0,9146.6,1012.6,0,0
2024-04-17 03:00:00,0.0,8670.5,1014.6,0,0
2024-04-17 04:00:00,0.0,8687.3,1021.1,0,0
2024-04-17 05:00:00,0.0,8796.4,1010.5,0,0
2024-04-17 06:00:00,0.0,8582.3,1010.9,0,0
2024-04-17 07:00:00,0.0,9420.5,1004.9,0,0
2024-04-17 08:00:00,1.31,9302.7,1012.3,0,0
2024-04-17 09:00:00,0.0,8881.6,1015.3,0,0
2024-04-17 10:00:00,0.0,8795.7,1010.8,0,0
2024-04-17 11:00:00,0.0,8730.1,1015.3,0,0
2024-04-17 12:00:00,0.0,8566.9,1012.4,0,0
2024-04-17 13:00:00,0.0,8171.4,1006.7,0,0
2024-04-17 14:00:00,0.0,8536.4,1014.8,0,0
2024-04-17 15:00:00,0.0,8642.4,1012.2,0,0
2024-04-17 16:00:00,0.0,9095.4,1013.9,0,0
2024-04-17 17:00:00,0.0,9547.6,1010.4,0,0
2024-04-17 18:00:00,0.0,8791.4,1010.0,0,0
2024-04-17 19:00:00,0.0,9889.5,1014.0,0,0
2024-04-17 20:00:00,0.0,9654.7,1012.1,0,0
2024-04-17 21:00:00,0.0,9969.6,1021.9,0,0
2024-04-17 22:00:00,0.0,9752.4,1017.2,0,0
2024-04-17 23:00:00,0.0,9233.5,1016.0,0,0
2024-04-18 00:00:00,0.0,9197.0,1012.4,0,0
2024-04-18 01:00:00,0.0,8259.1,1003.1,0,0
2024-04-18 02:00:00,0.0,9444.8,1009.2,0,0
2024-04-18 03:00:00,0.0,9200.4,1010.0,0,0
2024-04-18 04:00:00,0.0,9013.9,1011.9,0,0
2024-04-18 05:00:00,0.0,9386.6,1013.1,0,0
2024-04-18 06:00:00,0.0,8888.1,1016.5,0,0
2024-04-18 07:00:00,0.0,9047.7,1014.6,0,0
2024-04-18 08:00:00,0.0,8796.7,1019.0,0,0
2024-04-18 09:00:00,0.0,9434.7,1011.7,0,0
2024-04-18 10:00:00,0.0,9753.2,1014.5,0,0
2024-04-18 11:00:00,0.0,9681.7,1015.0,0,0
2024-04-18 12:00:00,0.0,9572.1,1014.5,0,0
2024-04-18 13:00:00,0.0,8027.6,1019.7,0,0
2024-04-18 14:00:00,0.0,9823.8,1017.3,0,0
2024-04-18 15:00:00,0.0,8549.8,1006.7,0,0
2024-04-18 16:00:00,0.0,9775.9,1012.7,0,0
2024-04-18 17:00:00,0.0,8393.9,1013.2,0,0
2024-04-18 18:00:00,0.0,8879.3,1024.0,0,0
2024-04-18 19:00:00,0.0,9498.8,1011.6,0,0
2024-04-18 20:00:00,0.0,9280.6,1008.3,0,0
2024-04-18 21:00:00,0.0,8831.8,1015.4,0,0
2024-04-18 22:00:00,0.0,9357.2,1015.7,0,0
2024-04-18 23:00:00,0.0,9097.9,1012.9,0,0
2024-04-19 00:00:00,0.0,8551.5,1012.1,0,0
2024-04-19 01:00:00,0.0,9292.7,1018.0,0,0
2024-04-19 02:00:00,0.0,8408.5,1009.0,0,0
2024-04-19 03:00:00,0.0,9388.0,1011.5,0,0
2024-04-19 04:00:00,0.0,8006.2,1010.6,0,0
2024-04-19 05:00:00,0.0,9097.5,1018.7,0,0
2024-04-19 06:00:00,0.0,8802.1,1014.7,0,0
2024-04-19 07:00:00,0.0,8606.2,1007.9,0,0
2024-04-19 08:00:00,0.0,9031.4,1008.4,0,0
2024-04-19 09:00:00,2.3,9290.6,1022.6,0,0
2024-04-19 10:00:00,0.0,9930.6,1018.7,0,0
2024-04-19 11:00:00,0.0,9666.1,1017.5,0,0
2024-04-19 12:00:00,0.0,9434.3,1013.3,0,0
2024-04-19 13:00:00,0.0,8957.9,1020.8,0,0
2024-04-19 14:00:00,0.0,8784.3,1007.7,0,0
2024-04-19 15:00:00,0.0,8065.1,1017.0,0,0
2024-04-19 16:00:00,0.0,8718.2,1011.0,0,0
2024-04-19 17:00:00,0.0,9696.8,1012.0,0,0
2024-04-19 18:00:00,0.0,8768.0,1016.9,0,0
2024-04-19 19:00:00,0.0,8923.2,1012.5,0,0
2024-04-19 20:00:00,5.05,1647.0,1011.1,0,0
2024-04-19 21:00:00,0.0,8548.3,1010.8,0,0
2024-04-19 22:00:00,1.36,8123.7,1003.3,0,0
2024-04-19 23:00:00,0.0,9227.6,1017.1,0,0
2024-04-20 00:00:00,0.0,8896.1,1008.2,0,1
2024-04-20 01:00:00,0.0,9211.9,1022.5,0,1
2024-04-20 02:00:00,0.0,9093.8,1011.8,0,1
2024-04-20 03:00:00,0.0,9597.7,1019.8,0,1
2024-04-20 04:00:00,0.0,9502.0,1004.2,0,1
2024-04-20 05:00:00,0.0,9542.9,1016.9,0,1
2024-04-20 06:00:00,0.75,8998.5,1018.2,0,1
2024-04-20 07:00:00,0.0,8707.8,1019.8,0,1
2024-04-20 08:00:00,0.0,9866.9,1005.6,0,1
2024-04-20 09:00:00,0.0,8108.5,1009.7,0,1
2024-04-20 10:00:00,0.0,8305.2,1016.1,0,1
2024-04-20 11:00:00,0.0,8839.2,1014.0,0,1
2024-04-20 12:00:00,0.0,9227.9,1014.7,0,1
2024-04-20 13:00:00,0.0,8016.4,1011.4,0,1
2024-04-20 14:00:00,0.0,9438.6,1021.0,0,1
2024-04-20 15:00:00,0.0,9117.5,1026.3,0,1
2024-04-20 16:00:00,0.0,8969.4,1013.8,0,1
2024-04-20 17:00:00,0.0,8847.0,1015.5,0,1
2024-04-20 18:00:00,0.0,9039.0,1013.5,0,1
2024-04-20 19:00:00,0.0,8323.6,1019.7,0,1
2024-04-20 20:00:00,0.0,8217.4,1017.4,0,1
2024-04-20 21:00:00,0.0,8579.3,1007.9,0,1
2024-04-20 22:00:00,0.0,9419.0,1010.2,0,1
2024-04-20 23:00:00,0.0,9176.6,1008.2,0,1
2024-04-21 00:00:00,0.0,8960.2,1026.7,0,1
2024-04-21 01:00:00,0.0,9143.0,1016.4,0,1
2024-04-21 02:00:00,0.0,9118.5,1010.3,0,1
2024-04-21 03:00:00,0.0,8614.1,1009.9,0,1
2024-04-21 04:00:00,0.0,8194.9,1017.3,0,1
2024-04-21 05:00:00,0.0,9793.6,1017.8,0,1
2024-04-21 06:00:00,0.0,9199.8,1017.2,0,1
2024-04-21 07:00:00,0.0,9395.5,1011.1,0,1
2024-04-21 08:00:00,0.0,8928.0,1014.8,0,1
2024-04-21 09:00:00,0.0,9513.0,1013.8,0,1
2024-04-21 10:00:00,0.0,9169.0,1008.6,0,1
2024-04-21 11:00:00,0.0,8107.6,1008.6,0,1
2024-04-21 12:00:00,0.0,9780.2,1015.3,0,1
2024-04-21 13:00:00,0.0,8611.1,1014.2,0,1
2024-04-21 14:00:00,0.0,8275.8,1016.0,0,1
2024-04-21 15:00:00,0.0,8176.1,1017.2,0,1
2024-04-21 16:00:00,0.0,9440.9,1020.7,0,1
2024-04-21 17:00:00,0.0,9407.9,1009.4,0,1
2024-04-21 18:00:00,0.0,9400.3,1016.4,0,1
2024-04-21 19:00:00,0.0,9831.5,1017.0,0,1
2024-04-21 20:00:00,0.0,8697.9,1011.7,0,1
2024-04-21 21:00:00,0.0,9122.3,1013.9,0,1
2024-04-21 22:00:00,0.0,9239.0,1011.8,0,1
2024-04-21 23:00:00,0.0,9959.0,1023.8,0,1
2024-04-22 00:00:00,0.0,8624.7,1013.8,0,0
2024-04-22 01:00:00,0.0,9912.7,1015.5,0,0
2024-04-22 02:00:00,0.0,8297.5,1011.9,0,0
2024-04-22 03:00:00,0.0,9528.0,1010.9,0,0
2024-04-22 04:00:00,0.0,9265.8,1006.7,0,0
2024-04-22 05:00:00,0.0,9633.8,1018.7,0,0
2024-04-22 06:00:00,14.93,2582.9,1017.1,0,0
2024-04-22 07:00:00,0.0,8156.3,1011.7,0,0
2024-04-22 08:00:00,0.0,8139.4,1008.7,0,0
2024-04-22 09:00:00,0.0,9185.9,1014.1,0,0
2024-04-22 10:00:00,0.0,9205.9,1010.8,0,0
2024-04-22 11:00:00,0.0,9812.2,1012.1,0,0
2024-04-22 12:00:00,0.0,8935.2,1006.9,0,0
2024-04-22 13:00:00,0.3,8136.1,1014.3,0,0
2024-04-22 14:00:00,0.0,8419.1,1014.4,0,0
2024-04-22 15:00:00,0.0,8016.1,1018.7,0,0
2024-04-22 16:00:00,0.0,9553.4,1012.5,0,0
2024-04-22 17:00:00,0.0,9631.2,1011.6,0,0
2024-04-22 18:00:00,0.0,9995.9,1005.5,0,0
2024-04-22 19:00:00,0.0,8824.4,1018.8,0,0
2024-04-22 20:00:00,0.0,8038.6,1017.7,0,0
2024-04-22 21:00:00,0.0,8469.5,1013.4,0,0
2024-04-22 22:00:00,0.0,9175.5,1006.6,0,0
2024-04-22 23:00:00,0.0,9923.9,1007.2,0,0
2024-04-23 00:00:00,0.0,8207.2,1010.5,0,0
2024-04-23 01:00:00,0.0,8243.1,1018.1,0,0
2024-04-23 02:00:00,0.0,9403.5,1014.7,0,0
2024-04-23 03:00:00,0.0,9334.4,1005.8,0,0
2024-04-23 04:00:00,0.0,8501.0,1015.3,0,0
2024-04-23 05:00:00,4.53,9626.3,1009.1,0,0
2024-04-23 06:00:00,0.0,8257.6,1010.6,0,0
2024-04-23 07:00:00,0.0,9851.5,1018.1,0,0
2024-04-23 08:00:00,0.0,8402.1,1017.1,0,0
2024-04-23 09:00:00,0.0,8162.7,1018.7,0,0
2024-04-23 10:00:00,0.0,8679.0,1013.1,0,0
2024-04-23 11:00:00,0.0,8375.7,1017.7,0,0
2024-04-23 12:00:00,0.0,9053.9,1010.3,0,0
2024-04-23 13:00:00,0.0,9373.7,1012.0,0,0
2024-04-23 14:00:00,0.0,8981.8,1011.6,0,0
2024-04-23 15:00:00,0.0,9321.2,1013.4,0,0
2024-04-23 16:00:00,0.0,8729.8,1006.8,0,0
2024-04-23 17:00:00,0.0,8055.8,1012.1,0,0
2024-04-23 18:00:00,0.0,9948.1,1020.5,0,0
2024-04-23 19:00:00,0.0,9638.8,1007.8,0,0
2024-04-23 20:00:00,0.0,8146.8,1006.6,0,0
2024-04-23 21:00:00,5.41,1333.3,1007.0,0,0
2024-04-23 22:00:00,2.76,9270.0,1026.6,0,0
2024-04-23 23:00:00,0.0,8381.2,1015.6,0,0
2024-04-24 00:00:00,0.19,9156.0,1011.9,0,0
2024-04-24 01:00:00,0.0,9067.3,1013.6,0,0
2024-04-24 02:00:00,1.11,8416.5,1014.4,0,0
2024-04-24 03:00:00,0.0,8282.4,1010.0,0,0
2024-04-24 04:00:00,0.0,9517.9,1010.7,0,0
2024-04-24 05:00:00,0.0,8645.2,1012.5,0,0
2024-04-24 06:00:00,0.0,8488.1,1009.6,0,0
2024-04-24 07:00:00,0.0,9475.8,1011.3,0,0
2024-04-24 08:00:00,0.0,9472.1,1015.0,0,0
2024-04-24 09:00:00,0.0,8552.8,1008.3,0,0
2024-04-24 10:00:00,0.0,9745.1,1026.3,0,0
2024-04-24 11:00:00,0.0,9376.5,1017.0,0,0
2024-04-24 12:00:00,0.0,8691.5,1006.9,0,0
2024-04-24 13:00:00,0.0,8855.0,1000.9,0,0
2024-04-24 14:00:00,0.0,9453.4,1009.8,0,0
2024-04-24 15:00:00,0.0,8423.2,1016.7,0,0
2024-04-24 16:00:00,0.0,8937.5,1015.7,0,0
2024-04-24 17:00:00,0.0,9307.1,1012.7,0,0
2024-04-24 18:00:00,0.0,9079.0,1010.2,0,0
2024-04-24 19:00:00,0.0,9216.7,1008.7,0,0
2024-04-24 20:00:00,0.0,9092.4,1011.2,0,0
2024-04-24 21:00:00,0.0,8398.5,1008.2,0,0
2024-04-24 22:00:00,0.0,8820.4,1011.3,0,0
2024-04-24 23:00:00,0.0,9064.0,1019.9,0,0
2024-04-25 00:00:00,0.0,9560.1,1009.4,0,0
2024-04-25 01:00:00,0.0,9307.8,1016.3,0,0
2024-04-25 02:00:00,0.0,8853.2,1017.1,0,0
2024-04-25 03:00:00,0.0,9948.8,1007.9,0,0
2024-04-25 04:00:00,0.0,8215.6,1009.0,0,0
2024-04-25 05:00:00,4.94,8413.6,1018.6,0,0
2024-04-25 06:00:00,0.0,8682.6,1008.6,0,0
2024-04-25 07:00:00,0.0,8457.1,1013.0,0,0
2024-04-25 08:00:00,0.0,9250.9,1023.4,0,0
2024-04-25 09:00:00,0.0,8079.1,1018.1,0,0
2024-04-25 10:00:00,0.0,8354.9,1013.7,0,0
2024-04-25 11:00:00,0.0,8586.7,1017.5,0,0
2024-04-25 12:00:00,0.0,9366.7,1013.0,0,0
2024-04-25 13:00:00,0.0,9751.7,1018.3,0,0
2024-04-25 14:00:00,0.0,9597.0,1003.0,0,0
2024-04-25 15:00:00,0.0,8364.2,1012.6,0,0
2024-04-25 16:00:00,0.0,9130.8,1002.8,0,0
2024-04-25 17:00:00,0.0,8060.0,1014.1,0,0
2024-04-25 18:00:00,0.0,8621.1,1012.1,0,0
2024-04-25 19:00:00,0.0,9612.0,1020.1,0,0
2024-04-25 20:00:00,0.0,8913.3,1016.8,0,0
2024-04-25 21:00:00,0.0,8299.9,1010.6,0,0
2024-04-25 22:00:00,5.81,2137.1,1011.2,0,0
2024-04-25 23:00:00,0.0,8396.1,1015.2,0,0
2024-04-26 00:00:00,0.0,8786.4,1010.4,0,0
2024-04-26 01:00:00,0.0,8975.7,1013.1,0,0
2024-04-26 02:00:00,2.49,8699.1,1019.8,0,0
2024-04-26 03:00:00,0.0,9873.9,1009.1,0,0
2024-04-26 04:00:00,2.78,9125.1,1011.0,0,0
2024-04-26 05:00:00,10.71,2583.0,1011.7,0,0
2024-04-26 06:00:00,0.0,9521.5,1029.0,0,0
2024-04-26 07:00:00,4.51,9322.3,1016.3,0,0
2024-04-26 08:00:00,0.0,8993.8,1018.9,0,0
2024-04-26 09:00:00,0.0,8004.3,1017.1,0,0
2024-04-26 10:00:00,0.0,9226.9,1017.4,0,0
2024-04-26 11:00:00,0.0,8711.9,1015.6,0,0
2024-04-26 12:00:00,0.0,8235.5,1015.1,0,0
2024-04-26 13:00:00,0.0,8889.3,1006.0,0,0
2024-04-26 14:00:00,0.46,9471.1,1015.0,0,0
2024-04-26 15:00:00,0.0,9923.4,1012.7,0,0
2024-04-26 16:00:00,0.0,8748.2,1016.0,0,0
2024-04-26 17:00:00,0.0,9085.4,1012.9,0,0
2024-04-26 18:00:00,7.13,1455.5,1017.1,0,0
2024-04-26 19:00:00,1.98,8668.0,1017.9,0,0
2024-04-26 20:00:00,0.0,8284.5,998.7,0,0
2024-04-26 21:00:00,1.07,8563.8,1011.1,0,0
2024-04-26 22:00:00,0.0,9798.2,1004.0,0,0
2024-04-26 23:00:00,0.0,8318.8,1014.4,0,0
2024-04-27 00:00:00,0.0,8658.4,1011.7,0,1
2024-04-27 01:00:00,0.0,8929.3,1020.0,0,1
2024-04-27 02:00:00,0.0,9694.2,1014.3,0,1
2024-04-27 03:00:00,0.0,9875.4,1010.8,0,1
2024-04-27 04:00:00,0.0,8851.6,1017.9,0,1
2024-04-27 05:00:00,0.0,9863.9,1011.7,0,1
2024-04-27 06:00:00,0.0,8322.9,1010.8,0,1
2024-04-27 07:00:00,0.0,8313.7,1015.2,0,1
2024-04-27 08:00:00,0.0,9898.5,1021.3,0,1
2024-04-27 09:00:00,0.0,9019.4,1017.5,0,1
2024-04-27 10:00:00,0.0,8371.8,1016.1,0,1
2024-04-27 11:00:00,0.0,8976.0,1027.0,0,1
2024-04-27 12:00:00,0.4,9566.4,1009.6,0,1
2024-04-27 13:00:00,0.0,9653.8,1009.5,0,1
2024-04-27 14:00:00,0.0,9727.9,1014.0,0,1
2024-04-27 15:00:00,0.0,9139.1,1020.8,0,1
2024-04-27 16:00:00,0.0,9733.9,1008.5,0,1
2024-04-27 17:00:00,0.0,9020.1,1022.0,0,1
2024-04-27 18:00:00,0.0,9214.1,1006.1,0,1
2024-04-27 19:00:00,0.0,9517.4,1012.6,0,1
2024-04-27 20:00:00,0.0,8850.9,1014.1,0,1
2024-04-27 21:00:00,0.0,8147.2,1008.8,0,1
2024-04-27 22:00:00,0.0,8700.3,1010.1,0,1
2024-04-27 23:00:00,0.0,9247.9,1017.2,0,1
2024-04-28 00:00:00,0.0,8384.7,1020.5,0,1
2024-04-28 01:00:00,0.0,8296.8,1002.7,0,1
2024-04-28 02:00:00,0.0,8586.2,1014.2,0,1
2024-04-28 03:00:00,0.0,8064.2,1012.7,0,1
2024-04-28 04:00:00,2.53,9486.8,1013.8,0,1
2024-04-28 05:00:00,0.0,8517.4,1011.7,0,1
2024-04-28 06:00:00,0.0,8248.5,1006.8,0,1
2024-04-28 07:00:00,0.0,9398.3,1021.0,0,1
2024-04-28 08:00:00,0.0,9685.9,1019.0,0,1
2024-04-28 09:00:00,0.0,8039.8,1012.7,0,1
2024-04-28 10:00:00,0.0,8467.2,1010.8,0,1
2024-04-28 11:00:00,5.73,2974.2,1010.2,0,1
2024-04-28 12:00:00,0.0,8770.5,1000.3,0,1
2024-04-28 13:00:00,0.0,9877.2,1015.0,0,1
2024-04-28 14:00:00,0.0,8548.4,1017.2,0,1
2024-04-28 15:00:00,0.0,8436.1,1013.9,0,1
2024-04-28 16:00:00,0.0,8428.2,1012.8,0,1
2024-04-28 17:00:00,0.0,8170.5,1013.9,0,1
2024-04-28 18:00:00,0.0,9792.9,1009.0,0,1
2024-04-28 19:00:00,0.0,9959.7,1010.8,0,1
2024-04-28 20:00:00,0.0,9909.0,1012.4,0,1
2024-04-28 21:00:00,0.0,9704.1,1016.7,0,1
2024-04-28 22:00:00,0.0,9693.8,1020.1,0,1
2024-04-28 23:00:00,0.0,9322.2,1012.1,0,1
2024-04-29 00:00:00,0.0,9652.4,1008.0,0,0
2024-04-29 01:00:00,0.0,8416.7,1013.4,0,0
2024-04-29 02:00:00,0.0,8775.8,1023.3,0,0
2024-04-29 03:00:00,0.0,9281.7,1008.5,0,0
2024-04-29 04:00:00,0.0,9749.5,1017.7,0,0
2024-04-29 05:00:00,0.0,9320.9,1019.9,0,0
2024-04-29 06:00:00,0.24,9678.0,1011.4,0,0
2024-04-29 07:00:00,0.0,8947.9,1009.7,0,0
2024-04-29 08:00:00,0.0,9434.6,1016.1,0,0
2024-04-29 09:00:00,0.0,9960.0,1015.0,0,0
2024-04-29 10:00:00,0.0,8307.0,1016.7,0,0
2024-04-29 11:00:00,0.0,9853.8,1023.6,0,0
2024-04-29 12:00:00,0.0,9044.7,1014.1,0,0
2024-04-29 13:00:00,0.0,9286.4,1007.3,0,0
2024-04-29 14:00:00,0.0,9755.7,1013.6,0,0
2024-04-29 15:00:00,8.46,557.0,1014.5,0,0
2024-04-29 16:00:00,0.0,8837.4,1019.6,0,0
2024-04-29 17:00:00,0.0,9054.4,1012.3,0,0
2024-04-29 18:00:00,0.0,8038.2,1011.2,0,0
2024-04-29 19:00:00,0.0,8993.3,1006.4,0,0
2024-04-29 20:00:00,0.0,8582.2,1016.0,0,0
2024-04-29 21:00:00,0.0,9855.9,1030.0,0,0
2024-04-29 22:00:00,0.0,8175.5,1012.1,0,0
2024-04-29 23:00:00,0.0,8918.6,1015.5,0,0
2024-04-30 00:00:00,0.0,9894.9,1010.5,0,0
2024-04-30 01:00:00,0.0,9802.1,1006.8,0,0
2024-04-30 02:00:00,0.0,9402.7,1015.4,0,0
2024-04-30 03:00:00,0.0,9178.7,1013.4,0,0
2024-04-30 04:00:00,0.0,8561.5,1001.3,0,0
2024-04-30 05:00:00,0.37,8733.9,1021.3,0,0
2024-04-30 06:00:00,0.0,8180.3,1015.3,0,0
2024-04-30 07:00:00,0.0,9572.2,1013.6,0,0
2024-04-30 08:00:00,0.0,8647.7,1011.1,0,0
2024-04-30 09:00:00,0.0,9335.6,1015.3,0,0
2024-04-30 10:00:00,0.0,8715.2,1015.5,0,0
2024-04-30 11:00:00,0.0,8928.7,1015.3,0,0
2024-04-30 12:00:00,0.0,9110.0,1018.6,0,0
2024-04-30 13:00:00,0.0,9603.7,1019.7,0,0
2024-04-30 14:00:00,0.0,8422.3,1023.3,0,0
2024-04-30 15:00:00,0.0,8797.5,1009.1,0,0
2024-04-30 16:00:00,0.0,8260.2,1010.4,0,0
2024-04-30 17:00:00,0.0,8151.5,1015.1,0,0
2024-04-30 18:00:00,0.0,9209.3,1009.4,0,0
2024-04-30 19:00:00,0.0,8378.2,1010.2,0,0
2024-04-30 20:00:00,0.0,8119.6,1015.6,0,0
2024-04-30 21:00:00,0.0,9794.2,1017.8,0,0
2024-04-30 22:00:00,0.0,9068.6,1019.6,0,0
2024-04-30 23:00:00,0.0,8269.3,1012.3,0,0
2024-05-01 00:00:00,0.0,8106.9,1015.6,1,0
2024-05-01 01:00:00,0.0,8239.7,1014.5,1,0
2024-05-01 02:00:00,2.99,8942.7,1013.3,1,0
2024-05-01 03:00:00,0.0,9336.9,1009.2,1,0
2024-05-01 04:00:00,0.0,9282.6,1008.5,1,0
2024-05-01 05:00:00,0.0,8288.8,1016.6,1,0
2024-05-01 06:00:00,0.0,9267.0,1009.1,1,0
2024-05-01 07:00:00,0.0,8809.7,1004.4,1,0
2024-05-01 08:00:00,0.0,8929.5,1013.1,1,0
2024-05-01 09:00:00,8.26,2613.5,1020.5,1,0
2024-05-01 10:00:00,0.0,8665.0,999.3,1,0
2024-05-01 11:00:00,0.0,8294.0,1011.8,1,0
2024-05-01 12:00:00,0.0,9746.9,1016.6,1,0
2024-05-01 13:00:00,0.0,8424.3,1004.1,1,0
2024-05-01 14:00:00,0.0,8588.1,1012.2,1,0
2024-05-01 15:00:00,0.0,9413.2,1007.6,1,0
2024-05-01 16:00:00,0.0,9367.1,1008.2,1,0
2024-05-01 17:00:00,0.0,9600.8,1011.2,1,0
2024-05-01 18:00:00,0.0,8367.7,1007.6,1,0
2024-05-01 19:00:00,0.0,8704.6,1007.2,1,0
2024-05-01 20:00:00,0.0,8251.8,1013.0,1,0
2024-05-01 21:00:00,0.0,9082.1,1024.4,1,0
2024-05-01 22:00:00,0.0,8585.1,1017.0,1,0
2024-05-01 23:00:00,4.57,9377.9,1018.3,1,0
2024-05-02 00:00:00,0.0,8000.7,1017.2,0,0
2024-05-02 01:00:00,0.0,8119.4,1009.8,0,0
2024-05-02 02:00:00,0.0,8865.1,1014.8,0,0
2024-05-02 03:00:00,0.0,9916.4,1018.7,0,0
2024-05-02 04:00:00,0.0,9781.7,1017.4,0,0
2024-05-02 05:00:00,0.0,9988.0,1014.2,0,0
2024-05-02 06:00:00,0.0,8833.7,1015.9,0,0
2024-05-02 07:00:00,0.0,8093.1,1025.6,0,0
2024-05-02 08:00:00,0.0,8611.9,1017.4,0,0
2024-05-02 09:00:00,0.0,9351.5,1011.7,0,0
2024-05-02 10:00:00,8.11,1465.2,1012.9,0,0
2024-05-02 11:00:00,0.0,8599.9,1008.0,0,0
2024-05-02 12:00:00,0.0,8112.3,1025.0,0,0
2024-05-02 13:00:00,0.0,8949.9,1021.3,0,0
2024-05-02 14:00:00,0.0,8417.8,1013.7,0,0
2024-05-02 15:00:00,0.0,8182.5,1024.2,0,0
2024-05-02 16:00:00,0.0,8822.4,1016.4,0,0
2024-05-02 17:00:00,0.0,8702.5,1011.1,0,0
2024-05-02 18:00:00,0.0,9075.0,1017.8,0,0
2024-05-02 19:00:00,0.0,9498.1,1015.2,0,0
2024-05-02 20:00:00,0.0,8225.1,1017.4,0,0
2024-05-02 21:00:00,3.2,9582.3,1006.4,0,0
2024-05-02 22:00:00,0.0,8052.6,1009.2,0,0
2024-05-02 23:00:00,0.0,8886.2,1020.7,0,0
2024-05-03 00:00:00,0.0,9174.9,1021.7,0,0
2024-05-03 01:00:00,0.0,9914.0,1020.3,0,0
2024-05-03 02:00:00,0.81,9147.8,1024.3,0,0
2024-05-03 03:00:00,0.0,8317.5,1016.1,0,0
2024-05-03 04:00:00,0.0,9035.1,1015.8,0,0
2024-05-03 05:00:00,0.0,8791.6,1008.7,0,0
2024-05-03 06:00:00,0.0,8958.7,1010.3,0,0
2024-05-03 07:00:00,0.0,8394.2,1003.3,0,0
2024-05-03 08:00:00,0.0,9001.7,1011.6,0,0
2024-05-03 09:00:00,0.0,8300.1,1003.0,0,0
2024-05-03 10:00:00,0.0,9488.1,1018.7,0,0
2024-05-03 11:00:00,2.97,9187.8,1015.2,0,0
2024-05-03 12:00:00,0.0,8157.1,1003.1,0,0
2024-05-03 13:00:00,0.0,9779.2,1012.3,0,0
2024-05-03 14:00:00,0.0,9232.8,1023.1,0,0
2024-05-03 15:00:00,0.0,8632.2,1012.6,0,0
2024-05-03 16:00:00,0.48,8091.3,1008.3,0,0
2024-05-03 17:00:00,0.0,9264.5,1004.3,0,0
2024-05-03 18:00:00,0.0,8746.9,1004.5,0,0
2024-05-03 19:00:00,0.0,9815.2,1015.9,0,0
2024-05-03 20:00:00,0.0,8069.8,1011.1,0,0
2024-05-03 21:00:00,0.0,8078.2,1011.5,0,0
2024-05-03 22:00:00,0.0,9898.6,1011.1,0,0
2024-05-03 23:00:00,0.0,9929.7,1012.5,0,0
2024-05-04 00:00:00,0.0,8055.5,1007.1,0,1
2024-05-04 01:00:00,0.0,9432.1,1014.8,0,1
2024-05-04 02:00:00,0.0,8443.0,1006.1,0,1
2024-05-04 03:00:00,1.21,9402.8,1009.5,0,1
2024-05-04 04:00:00,0.0,9737.5,1018.3,0,1
2024-05-04 05:00:00,0.0,8201.7,1015.1,0,1
2024-05-04 06:00:00,0.0,8477.5,1016.7,0,1
2024-05-04 07:00:00,0.0,8048.2,1024.0,0,1
2024-05-04 08:00:00,0.0,8087.7,1013.0,0,1
2024-05-04 09:00:00,0.63,8059.2,1013.4,0,1
2024-05-04 10:00:00,0.0,9601.4,1011.9,0,1
2024-05-04 11:00:00,0.0,8596.6,1011.0,0,1
2024-05-04 12:00:00,0.0,8986.4,1008.2,0,1
2024-05-04 13:00:00,0.0,9575.7,1013.7,0,1
2024-05-04 14:00:00,0.0,8989.9,1015.0,0,1
2024-05-04 15:00:00,0.0,8858.4,1015.3,0,1
2024-05-04 16:00:00,0.0,8023.1,1013.6,0,1
2024-05-04 17:00:00,0.0,9136.1,1017.9,0,1
2024-05-04 18:00:00,0.0,8249.5,1013.4,0,1
2024-05-04 19:00:00,0.0,9529.3,1011.2,0,1
2024-05-04 20:00:00,0.0,8515.5,1008.6,0,1
2024-05-04 21:00:00,0.0,9348.4,1005.5,0,1
2024-05-04 22:00:00,0.0,9292.4,1020.6,0,1
2024-05-04 23:00:00,0.0,9233.4,1009.8,0,1
2024-05-05 00:00:00,0.0,8533.9,1008.6,0,1
2024-05-05 01:00:00,0.0,8534.2,1011.2,0,1
2024-05-05 02:00:00,0.0,9726.1,1011.9,0,1
2024-05-05 03:00:00,0.0,8025.6,1021.4,0,1
2024-05-05 04:00:00,0.0,8363.0,1011.6,0,1
2024-05-05 05:00:00,0.0,9220.3,1026.4,0,1
2024-05-05 06:00:00,0.0,9634.1,1013.6,0,1
2024-05-05 07:00:00,0.0,8716.7,1023.5,0,1
2024-05-05 08:00:00,0.0,9306.9,1017.7,0,1
2024-05-05 09:00:00,0.0,9114.3,1015.1,0,1
2024-05-05 10:00:00,0.0,8129.1,1021.1,0,1
2024-05-05 11:00:00,0.0,9243.5,1018.9,0,1
2024-05-05 12:00:00,0.0,9627.8,1016.4,0,1
2024-05-05 13:00:00,0.0,9984.9,1024.8,0,1
2024-05-05 14:00:00,0.0,8059.3,1010.8,0,1
2024-05-05 15:00:00,0.0,9320.1,1008.3,0,1
2024-05-05 16:00:00,0.0,8829.1,1009.9,0,1
2024-05-05 17:00:00,0.0,8019.6,1022.0,0,1
2024-05-05 18:00:00,0.0,9228.7,1020.5,0,1
2024-05-05 19:00:00,0.0,8244.9,1010.6,0,1
2024-05-05 20:00:00,0.0,8757.1,1001.5,0,1
2024-05-05 21:00:00,0.0,8522.7,1012.2,0,1
2024-05-05 22:00:00,0.0,8722.3,1008.2,0,1
2024-05-05 23:00:00,0.0,8985.4,1010.8,0,1
2024-05-06 00:00:00,0.0,8718.4,1008.0,0,0
2024-05-06 01:00:00,0.0,9105.5,1005.2,0,0
2024-05-06 02:00:00,7.14,2469.7,1022.7,0,0
2024-05-06 03:00:00,0.0,9270.7,1009.8,0,0
2024-05-06 04:00:00,0.0,9707.5,1020.3,0,0
2024-05-06 05:00:00,0.0,8448.1,1012.1,0,0
2024-05-06 06:00:00,0.0,9015.8,1007.6,0,0
2024-05-06 07:00:00,0.0,9297.4,1015.8,0,0
2024-05-06 08:00:00,0.0,9129.3,1011.3,0,0
2024-05-06 09:00:00,0.0,8731.3,1012.2,0,0
2024-05-06 10:00:00,0.0,9284.4,1014.0,0,0
2024-05-06 11:00:00,0.0,8056.5,1009.2,0,0
2024-05-06 12:00:00,0.0,8739.8,1005.1,0,0
2024-05-06 13:00:00,2.27,9065.2,1013.0,0,0
2024-05-06 14:00:00,0.0,8041.2,1018.1,0,0
2024-05-06 15:00:00,0.0,9015.3,1008.7,0,0
2024-05-06 16:00:00,0.0,9308.5,1014.0,0,0
2024-05-06 17:00:00,1.58,9518.4,1020.8,0,0
2024-05-06 18:00:00,0.0,8226.7,1012.8,0,0
2024-05-06 19:00:00,0.0,9981.1,1013.7,0,0
2024-05-06 20:00:00,0.0,9212.3,1013.5,0,0
2024-05-06 21:00:00,0.0,8726.4,1009.8,0,0
2024-05-06 22:00:00,0.0,8498.2,1008.3,0,0
2024-05-06 23:00:00,0.0,9145.8,1008.3,0,0
2024-05-07 00:00:00,0.0,9763.4,1015.1,0,0
2024-05-07 01:00:00,0.0,9041.1,1017.0,0,0
2024-05-07 02:00:00,0.0,9322.9,1017.3,0,0
2024-05-07 03:00:00,0.0,8715.4,1011.4,0,0
2024-05-07 04:00:00,0.0,8776.3,1018.7,0,0
2024-05-07 05:00:00,0.0,8572.4,1014.8,0,0
2024-05-07 06:00:00,0.0,9411.3,1013.6,0,0
2024-05-07 07:00:00,2.54,8718.4,996.6,0,0
2024-05-07 08:00:00,0.0,8381.4,1009.2,0,0
2024-05-07 09:00:00,0.0,8738.8,1005.6,0,0
2024-05-07 10:00:00,0.0,9707.7,1016.4,0,0
2024-05-07 11:00:00,1.3,9476.5,1013.7,0,0
2024-05-07 12:00:00,0.0,8669.3,1007.9,0,0
2024-05-07 13:00:00,0.0,9813.6,1014.8,0,0
2024-05-07 14:00:00,0.0,8149.7,1006.1,0,0
2024-05-07 15:00:00,0.0,8099.5,1008.0,0,0
2024-05-07 16:00:00,0.0,8254.9,1009.7,0,0
2024-05-07 17:00:00,0.0,8232.9,1016.0,0,0
2024-05-07 18:00:00,0.0,8175.7,1020.2,0,0
2024-05-07 19:00:00,9.62,1436.2,1010.3,0,0
2024-05-07 20:00:00,0.0,9201.7,1019.9,0,0
2024-05-07 21:00:00,0.0,9295.2,1013.5,0,0
2024-05-07 22:00:00,0.0,9376.7,1014.4,0,0
2024-05-07 23:00:00,0.0,9513.8,1012.9,0,0
2024-05-08 00:00:00,0.0,8414.4,1012.3,0,0
2024-05-08 01:00:00,0.0,9244.6,1015.4,0,0
2024-05-08 02:00:00,0.0,9160.1,1017.0,0,0
2024-05-08 03:00:00,0.0,9887.3,1008.8,0,0
2024-05-08 04:00:00,3.11,8464.7,1012.3,0,0
2024-05-08 05:00:00,0.0,8117.4,1021.6,0,0
2024-05-08 06:00:00,0.0,9307.0,1014.1,0,0
2024-05-08 07:00:00,0.66,9480.3,1014.7,0,0
2024-05-08 08:00:00,0.0,8566.4,1019.1,0,0
2024-05-08 09:00:00,0.0,9141.7,1010.7,0,0
2024-05-08 10:00:00,0.0,8119.1,1013.1,0,0
2024-05-08 11:00:00,0.0,9920.1,1017.3,0,0
2024-05-08 12:00:00,0.0,8219.8,1019.4,0,0
2024-05-08 13:00:00,0.0,8135.1,1001.4,0,0
2024-05-08 14:00:00,0.0,8088.2,1009.6,0,0
2024-05-08 15:00:00,0.0,8854.5,1008.3,0,0
2024-05-08 16:00:00,0.0,8194.3,1012.6,0,0
2024-05-08 17:00:00,0.0,9489.3,1008.6,0,0
2024-05-08 18:00:00,0.0,9797.7,1016.6,0,0
2024-05-08 19:00:00,7.7,1751.7,1014.1,0,0
2024-05-08 20:00:00,0.0,9257.5,1017.7,0,0
2024-05-08 21:00:00,0.0,8084.7,1018.0,0,0
2024-05-08 22:00:00,0.0,8773.1,1016.6,0,0
2024-05-08 23:00:00,0.0,8585.9,1011.6,0,0
2024-05-09 00:00:00,2.66,8457.2,1013.8,0,0
2024-05-09 01:00:00,0.0,9289.4,1010.9,0,0
2024-05-09 02:00:00,0.0,8260.5,1006.4,0,0
2024-05-09 03:00:00,0.0,9721.4,1018.0,0,0
2024-05-09 04:00:00,0.0,9329.7,1012.8,0,0
2024-05-09 05:00:00,0.0,9421.5,1005.7,0,0
2024-05-09 06:00:00,0.0,9870.7,1015.9,0,0
2024-05-09 07:00:00,0.0,9884.7,1012.1,0,0
2024-05-09 08:00:00,0.0,9103.3,1003.0,0,0
2024-05-09 09:00:00,0.0,8990.8,1006.4,0,0
2024-05-09 10:00:00,0.0,8670.8,1009.7,0,0
2024-05-09 11:00:00,0.0,9431.1,1014.3,0,0
2024-05-09 12:00:00,0.0,9076.4,1017.2,0,0
2024-05-09 13:00:00,0.0,9865.8,1017.0,0,0
2024-05-09 14:00:00,0.0,8477.3,1016.3,0,0
2024-05-09 15:00:00,0.0,8620.5,1013.1,0,0
2024-05-09 16:00:00,0.0,8632.2,1021.9,0,0
2024-05-09 17:00:00,0.0,9612.0,1016.7,0,0
2024-05-09 18:00:00,0.0,8198.1,1014.4,0,0
2024-05-09 19:00:00,0.0,8911.3,1016.1,0,0
2024-05-09 20:00:00,0.0,8855.2,1011.3,0,0
2024-05-09 21:00:00,0.0,8146.3,1013.0,0,0
2024-05-09 22:00:00,0.0,8821.6,1002.8,0,0
2024-05-09 23:00:00,0.0,9026.8,1011.3,0,0
2024-05-10 00:00:00,0.0,8130.2,1022.0,0,0
2024-05-10 01:00:00,0.0,9019.7,1014.0,0,0
2024-05-10 02:00:00,0.0,9918.5,1013.8,0,0
2024-05-10 03:00:00,0.0,9957.8,1018.2,0,0
2024-05-10 04:00:00,0.0,9063.4,1015.0,0,0
2024-05-10 05:00:00,0.0,9030.2,1009.3,0,0
2024-05-10 06:00:00,0.0,8571.0,1013.4,0,0
2024-05-10 07:00:00,0.0,9994.2,1007.6,0,0
2024-05-10 08:00:00,2.88,8548.5,1014.2,0,0
2024-05-10 09:00:00,0.0,8905.8,1009.1,0,0
2024-05-10 10:00:00,0.0,8005.9,1017.9,0,0
2024-05-10 11:00:00,0.0,8698.5,1010.7,0,0
2024-05-10 12:00:00,0.46,8142.9,1009.1,0,0
2024-05-10 13:00:00,0.0,9487.6,1012.7,0,0
2024-05-10 14:00:00,0.0,9122.0,1015.1,0,0
2024-05-10 15:00:00,0.0,9144.3,1007.2,0,0
2024-05-10 16:00:00,0.0,8573.0,1010.6,0,0
2024-05-10 17:00:00,0.0,9629.8,1013.8,0,0
2024-05-10 18:00:00,0.0,8006.5,1019.9,0,0
2024-05-10 19:00:00,0.0,8667.2,1000.6,0,0
2024-05-10 20:00:00,0.0,9319.0,1016.3,0,0
2024-05-10 21:00:00,12.89,1845.2,1011.3,0,0
2024-05-10 22:00:00,0.0,8469.2,1010.8,0,0
2024-05-10 23:00:00,0.0,9082.2,1009.8,0,0
2024-05-11 00:00:00,0.0,9076.0,1011.4,0,1
2024-05-11 01:00:00,0.0,9748.3,1016.4,0,1
2024-05-11 02:00:00,0.0,8101.0,1010.6,0,1
2024-05-11 03:00:00,0.0,8849.0,1021.5,0,1
2024-05-11 04:00:00,0.0,8364.9,1016.4,0,1
2024-05-11 05:00:00,0.0,8043.1,1014.2,0,1
2024-05-11 06:00:00,0.0,8294.1,1012.4,0,1
2024-05-11 07:00:00,0.0,9952.9,1019.2,0,1
2024-05-11 08:00:00,0.0,8429.7,1019.9,0,1
2024-05-11 09:00:00,0.0,9870.1,1007.4,0,1
2024-05-11 10:00:00,0.0,8410.5,1009.7,0,1
2024-05-11 11:00:00,0.0,9862.6,1016.4,0,1
2024-05-11 12:00:00,7.25,1417.8,1017.9,0,1
2024-05-11 13:00:00,0.0,8226.4,1011.7,0,1
2024-05-11 14:00:00,0.0,9163.8,1009.5,0,1
2024-05-11 15:00:00,0.0,8637.0,1013.6,0,1
2024-05-11 16:00:00,0.0,8766.3,1020.6,0,1
2024-05-11 17:00:00,0.0,8880.3,1013.5,0,1
2024-05-11 18:00:00,0.0,8845.4,1006.9,0,1
2024-05-11 19:00:00,0.0,9328.2,1013.8,0,1
2024-05-11 20:00:00,0.0,9536.7,1017.2,0,1
2024-05-11 21:00:00,0.0,8658.4,1012.7,0,1
2024-05-11 22:00:00,0.01,9848.7,1019.5,0,1
2024-05-11 23:00:00,0.0,9876.9,1017.6,0,1
2024-05-12 00:00:00,0.0,8081.4,1012.9,0,1
2024-05-12 01:00:00,0.0,8029.8,1013.5,0,1
2024-05-12 02:00:00,0.0,8850.1,1004.0,0,1
2024-05-12 03:00:00,0.0,9181.3,1019.3,0,1
2024-05-12 04:00:00,0.0,8555.8,1011.6,0,1
2024-05-12 05:00:00,0.0,8518.8,1011.3,0,1
2024-05-12 06:00:00,0.0,9356.7,1010.5,0,1
2024-05-12 07:00:00,0.0,9203.4,1015.5,0,1
2024-05-12 08:00:00,0.0,8334.3,1007.6,0,1
2024-05-12 09:00:00,0.0,9769.0,1008.3,0,1
2024-05-12 10:00:00,0.0,9360.0,1013.0,0,1
2024-05-12 11:00:00,0.0,8725.2,1010.1,0,1
2024-05-12 12:00:00,0.0,9367.2,1014.9,0,1
2024-05-12 13:00:00,0.0,8225.3,1010.3,0,1
2024-05-12 14:00:00,0.0,8936.5,1021.2,0,1
2024-05-12 15:00:00,0.0,8338.0,1016.7,0,1
2024-05-12 16:00:00,0.0,8082.9,1016.7,0,1
2024-05-12 17:00:00,0.0,8676.7,1010.2,0,1
2024-05-12 18:00:00,0.0,8301.5,1025.3,0,1
2024-05-12 19:00:00,0.0,9267.0,1011.1,0,1
2024-05-12 20:00:00,0.0,9348.1,1009.7,0,1
2024-05-12 21:00:00,0.0,8297.4,1016.8,0,1
2024-05-12 22:00:00,0.0,8049.2,1014.2,0,1
2024-05-12 23:00:00,0.0,9585.6,1009.2,0,1
2024-05-13 00:00:00,0.18,8004.1,1024.2,0,0
2024-05-13 01:00:00,0.0,8687.8,1018.1,0,0
2024-05-13 02:00:00,0.0,8989.2,1013.3,0,0
2024-05-13 03:00:00,0.0,9637.3,1025.3,0,0
2024-05-13 04:00:00,3.97,9677.1,1017.3,0,0
2024-05-13 05:00:00,0.0,9449.9,1013.2,0,0
2024-05-13 06:00:00,0.0,8494.4,1024.7,0,0
2024-05-13 07:00:00,0.0,9440.4,1016.5,0,0
2024-05-13 08:00:00,0.0,8493.1,1016.3,0,0
2024-05-13 09:00:00,0.0,8429.2,1011.3,0,0
2024-05-13 10:00:00,0.0,9094.3,1013.5,0,0
2024-05-13 11:00:00,0.0,9357.7,1011.2,0,0
2024-05-13 12:00:00,0.0,8106.1,1020.4,0,0
2024-05-13 13:00:00,0.0,8120.0,1005.2,0,0
2024-05-13 14:00:00,0.0,9568.3,1020.1,0,0
2024-05-13 15:00:00,0.0,9719.0,1008.9,0,0
2024-05-13 16:00:00,0.0,9208.9,1013.0,0,0
2024-05-13 17:00:00,0.0,8857.7,1011.8,0,0
2024-05-13 18:00:00,0.0,9690.6,1010.6,0,0
2024-05-13 19:00:00,0.0,9457.6,1016.7,0,0
2024-05-13 20:00:00,0.0,9159.2,1013.2,0,0
2024-05-13 21:00:00,0.0,8639.5,1009.9,0,0
2024-05-13 22:00:00,0.0,8396.0,1014.0,0,0
2024-05-13 23:00:00,0.0,8837.3,1009.8,0,0
2024-05-14 00:00:00,0.0,8573.6,1010.6,0,0
2024-05-14 01:00:00,0.0,8678.5,1005.8,0,0
2024-05-14 02:00:00,0.0,9031.3,1011.0,0,0
2024-05-14 03:00:00,0.0,8338.2,1015.7,0,0
2024-05-14 04:00:00,0.0,9612.4,1013.4,0,0
2024-05-14 05:00:00,0.0,8291.1,1022.3,0,0
2024-05-14 06:00:00,0.0,8962.0,1026.3,0,0
2024-05-14 07:00:00,0.0,9491.9,1010.9,0,0
2024-05-14 08:00:00,0.0,8970.0,1009.1,0,0
2024-05-14 09:00:00,0.0,8722.0,1018.9,0,0
2024-05-14 10:00:00,0.0,8949.8,1014.9,0,0
2024-05-14 11:00:00,0.0,9697.3,1018.9,0,0
2024-05-14 12:00:00,0.0,9980.9,1015.2,0,0
2024-05-14 13:00:00,0.0,9262.3,1012.3,0,0
2024-05-14 14:00:00,0.0,9586.9,1012.3,0,0
2024-05-14 15:00:00,0.0,8029.0,1015.4,0,0
2024-05-14 16:00:00,0.0,9760.7,1012.2,0,0
2024-05-14 17:00:00,0.0,9908.1,1019.3,0,0
2024-05-14 18:00:00,0.0,9150.3,1006.7,0,0
2024-05-14 19:00:00,0.0,9507.6,1019.3,0,0
2024-05-14 20:00:00,0.0,9025.5,1003.9,0,0
2024-05-14 21:00:00,1.29,8572.4,1014.0,0,0
2024-05-14 22:00:00,0.0,9704.5,1011.6,0,0
2024-05-14 23:00:00,0.0,9193.7,1005.7,0,0
2024-05-15 00:00:00,0.0,9158.8,1002.9,0,0
2024-05-15 01:00:00,0.0,9318.3,1007.8,0,0
2024-05-15 02:00:00,0.0,9712.0,1013.5,0,0
2024-05-15 03:00:00,0.0,9463.8,1010.2,0,0
2024-05-15 04:00:00,0.0,8422.2,1008.0,0,0
2024-05-15 05:00:00,0.0,8933.6,1020.0,0,0
2024-05-15 06:00:00,0.0,9960.6,1007.1,0,0
2024-05-15 07:00:00,0.0,9109.1,1016.6,0,0
2024-05-15 08:00:00,0.0,9876.5,1008.8,0,0
2024-05-15 09:00:00,0.0,9626.7,1007.6,0,0
2024-05-15 10:00:00,0.0,9332.0,1010.2,0,0
2024-05-15 11:00:00,0.0,8698.7,1016.3,0,0
2024-05-15 12:00:00,0.0,8608.6,1006.4,0,0
2024-05-15 13:00:00,0.0,9286.8,1014.7,0,0
2024-05-15 14:00:00,0.0,8865.1,1008.4,0,0
2024-05-15 15:00:00,0.0,9597.5,1009.3,0,0
2024-05-15 16:00:00,0.0,9520.9,1015.3,0,0
2024-05-15 17:00:00,0.0,8624.3,1024.1,0,0
2024-05-15 18:00:00,0.0,9405.5,1008.7,0,0
2024-05-15 19:00:00,0.0,8989.1,1016.8,0,0
2024-05-15 20:00:00,0.0,8646.6,1011.7,0,0
2024-05-15 21:00:00,0.0,8825.9,1010.9,0,0
2024-05-15 22:00:00,0.0,9790.7,1018.6,0,0
2024-05-15 23:00:00,0.0,8719.0,1009.0,0,0
2024-05-16 00:00:00,0.0,8574.8,1007.5,0,0
2024-05-16 01:00:00,0.0,8703.6,1015.6,0,0
2024-05-16 02:00:00,0.0,8429.2,1021.2,0,0
2024-05-16 03:00:00,0.0,9089.3,1017.0,0,0
2024-05-16 04:00:00,0.0,8294.9,1006.2,0,0
2024-05-16 05:00:00,0.0,9634.9,1010.2,0,0
2024-05-16 06:00:00,0.0,8451.2,1018.1,0,0
2024-05-16 07:00:00,0.0,9196.1,1021.2,0,0
2024-05-16 08:00:00,0.0,8250.1,1014.4,0,0
2024-05-16 09:00:00,0.0,9956.9,1010.4,0,0
2024-05-16 10:00:00,0.0,8909.2,1021.5,0,0
2024-05-16 11:00:00,0.0,9644.3,1012.9,0,0
2024-05-16 12:00:00,0.0,9537.3,1010.2,0,0
2024-05-16 13:00:00,0.0,9427.4,1009.4,0,0
2024-05-16 14:00:00,0.0,9654.7,1007.3,0,0
2024-05-16 15:00:00,0.0,8200.9,1027.4,0,0
2024-05-16 16:00:00,0.0,9357.0,1020.4,0,0
2024-05-16 17:00:00,0.0,8531.7,1010.0,0,0
2024-05-16 18:00:00,0.0,9571.7,1021.9,0,0
2024-05-16 19:00:00,0.0,9913.7,1015.9,0,0
2024-05-16 20:00:00,0.0,9803.0,1015.6,0,0
2024-05-16 21:00:00,0.0,8229.9,1009.7,0,0
2024-05-16 22:00:00,0.0,8739.1,1010.7,0,0
2024-05-16 23:00:00,0.0,8728.6,1013.0,0,0
2024-05-17 00:00:00,0.0,8244.6,1003.4,0,0
2024-05-17 01:00:00,0.0,8196.3,1010.8,0,0
2024-05-17 02:00:00,0.0,8769.8,1013.3,0,0
2024-05-17 03:00:00,0.0,9984.1,1019.8,0,0
2024-05-17 04:00:00,0.0,9137.9,1010.2,0,0
2024-05-17 05:00:00,0.0,9243.6,1017.3,0,0
2024-05-17 06:00:00,4.85,8942.0,1002.9,0,0
2024-05-17 07:00:00,0.0,9324.7,1019.1,0,0
2024-05-17 08:00:00,0.0,9913.3,1008.7,0,0
2024-05-17 09:00:00,0.0,9177.4,1013.9,0,0
2024-05-17 10:00:00,0.0,8130.1,1015.3,0,0
2024-05-17 11:00:00,0.0,8985.8,1014.3,0,0
2024-05-17 12:00:00,0.0,9985.5,1012.7,0,0
2024-05-17 13:00:00,5.51,634.9,1007.0,0,0
2024-05-17 14:00:00,0.0,9187.8,1008.8,0,0
2024-05-17 15:00:00,0.0,8213.3,1018.2,0,0
2024-05-17 16:00:00,0.0,8282.4,1010.3,0,0
2024-05-17 17:00:00,0.0,9749.4,1012.7,0,0
2024-05-17 18:00:00,0.0,8600.7,1005.8,0,0
2024-05-17 19:00:00,0.0,8610.9,1017.5,0,0
2024-05-17 20:00:00,0.0,8774.4,1006.7,0,0
2024-05-17 21:00:00,0.0,9933.0,1017.8,0,0
2024-05-17 22:00:00,0.0,8168.8,1007.9,0,0
2024-05-17 23:00:00,0.0,9637.5,1018.3,0,0
2024-05-18 00:00:00,0.0,8683.1,1013.3,0,1
2024-05-18 01:00:00,0.0,9698.9,1010.5,0,1
2024-05-18 02:00:00,0.0,9983.5,1021.3,0,1
2024-05-18 03:00:00,0.0,8697.3,1012.9,0,1
2024-05-18 04:00:00,0.0,8258.7,1011.4,0,1
2024-05-18 05:00:00,0.0,8288.8,1017.8,0,1
2024-05-18 06:00:00,0.0,9517.5,1005.8,0,1
2024-05-18 07:00:00,0.0,8289.8,1000.6,0,1
2024-05-18 08:00:00,0.0,8520.8,1019.0,0,1
2024-05-18 09:00:00,0.0,8408.8,1009.1,0,1
2024-05-18 10:00:00,0.0,8711.4,1017.6,0,1
2024-05-18 11:00:00,0.0,8148.7,1013.5,0,1
2024-05-18 12:00:00,0.0,9713.5,1007.4,0,1
2024-05-18 13:00:00,0.0,9720.3,1016.3,0,1
2024-05-18 14:00:00,0.0,8825.9,1011.2,0,1
2024-05-18 15:00:00,0.0,9224.2,1007.9,0,1
2024-05-18 16:00:00,0.0,9283.9,1008.0,0,1
2024-05-18 17:00:00,0.0,9498.5,1004.6,0,1
2024-05-18 18:00:00,0.0,9041.4,1015.3,0,1
2024-05-18 19:00:00,0.0,9020.7,1008.6,0,1
2024-05-18 20:00:00,0.0,9262.6,1013.1,0,1
2024-05-18 21:00:00,0.0,9406.1,1012.3,0,1
2024-05-18 22:00:00,0.0,8693.4,1008.5,0,1
2024-05-18 23:00:00,0.0,8660.7,1005.6,0,1
2024-05-19 00:00:00,0.0,8539.4,1025.9,0,1
2024-05-19 01:00:00,0.0,9097.7,1013.0,0,1
2024-05-19 02:00:00,0.0,8720.3,1022.4,0,1
2024-05-19 03:00:00,0.0,9080.6,1019.1,0,1
2024-05-19 04:00:00,0.0,8812.0,1011.6,0,1
2024-05-19 05:00:00,0.0,9673.5,1014.2,0,1
2024-05-19 06:00:00,0.0,8146.3,1014.0,0,1
2024-05-19 07:00:00,0.0,9144.4,1022.5,0,1
2024-05-19 08:00:00,0.0,9151.2,1017.4,0,1
2024-05-19 09:00:00,0.0,8767.4,1009.2,0,1
2024-05-19 10:00:00,0.0,8842.0,1015.0,0,1
2024-05-19 11:00:00,0.0,9600.3,1017.3,0,1
2024-05-19 12:00:00,0.0,8561.3,1007.4,0,1
2024-05-19 13:00:00,0.0,9742.8,1015.7,0,1
2024-05-19 14:00:00,0.0,9792.7,1020.0,0,1
2024-05-19 15:00:00,0.0,9301.2,1009.0,0,1
2024-05-19 16:00:00,0.0,9545.7,1009.7,0,1
2024-05-19 17:00:00,0.0,9225.9,1019.1,0,1
2024-05-19 18:00:00,0.0,9050.5,1011.5,0,1
2024-05-19 19:00:00,0.0,9933.4,1008.3,0,1
2024-05-19 20:00:00,0.0,8565.3,1017.7,0,1
2024-05-19 21:00:00,0.0,8308.3,1016.1,0,1
2024-05-19 22:00:00,0.0,8575.0,1013.7,0,1
2024-05-19 23:00:00,0.0,9229.3,1018.9,0,1
2024-05-20 00:00:00,0.0,8370.4,1019.2,0,0
2024-05-20 01:00:00,0.0,9817.6,1012.8,0,0
2024-05-20 02:00:00,0.0,8822.0,1023.1,0,0
2024-05-20 03:00:00,0.0,9699.9,1021.2,0,0
2024-05-20 04:00:00,1.39,8498.5,1003.3,0,0
2024-05-20 05:00:00,0.0,8626.3,1008.1,0,0
2024-05-20 06:00:00,0.0,8118.4,1002.0,0,0
2024-05-20 07:00:00,0.0,8515.5,1011.6,0,0
2024-05-20 08:00:00,0.0,8980.6,1007.2,0,0
2024-05-20 09:00:00,0.0,9892.3,1009.2,0,0
2024-05-20 10:00:00,0.0,8777.8,1018.7,0,0
2024-05-20 11:00:00,0.0,9279.5,1004.5,0,0
2024-05-20 12:00:00,0.0,8855.4,1013.9,0,0
2024-05-20 13:00:00,0.0,8093.6,1013.9,0,0
2024-05-20 14:00:00,0.0,9007.1,1012.8,0,0
2024-05-20 15:00:00,0.0,8131.8,1013.9,0,0
2024-05-20 16:00:00,0.0,9767.4,1002.1,0,0
2024-05-20 17:00:00,0.0,9506.1,1009.2,0,0
2024-05-20 18:00:00,0.0,8757.3,1021.0,0,0
2024-05-20 19:00:00,0.0,9280.4,1007.3,0,0
2024-05-20 20:00:00,0.0,8224.1,1021.6,0,0
2024-05-20 21:00:00,0.0,9405.1,1006.2,0,0
2024-05-20 22:00:00,0.0,9645.5,1005.6,0,0
2024-05-20 23:00:00,0.0,9643.5,1008.5,0,0
2024-05-21 00:00:00,0.0,8568.6,1018.9,0,0
2024-05-21 01:00:00,0.0,8527.5,1010.5,0,0
2024-05-21 02:00:00,0.0,9042.8,1015.0,0,0
2024-05-21 03:00:00,0.0,9935.5,1013.6,0,0
2024-05-21 04:00:00,0.0,9841.0,1013.0,0,0
2024-05-21 05:00:00,0.0,8719.3,1019.6,0,0
2024-05-21 06:00:00,0.0,9559.7,1017.1,0,0
2024-05-21 07:00:00,0.0,9842.6,1007.5,0,0
2024-05-21 08:00:00,0.0,8521.9,1011.9,0,0
2024-05-21 09:00:00,0.0,9660.6,1022.0,0,0
2024-05-21 10:00:00,0.0,8535.8,1014.8,0,0
2024-05-21 11:00:00,1.22,8686.6,1005.7,0,0
2024-05-21 12:00:00,0.0,8397.6,1006.1,0,0
2024-05-21 13:00:00,0.0,9014.2,1017.7,0,0
2024-05-21 14:00:00,0.0,9686.6,1016.8,0,0
2024-05-21 15:00:00,0.0,9056.1,1008.6,0,0
2024-05-21 16:00:00,0.0,8246.9,1017.0,0,0
2024-05-21 17:00:00,0.0,8503.6,1021.2,0,0
2024-05-21 18:00:00,2.77,9125.7,1020.5,0,0
2024-05-21 19:00:00,0.0,9166.4,1021.3,0,0
2024-05-21 20:00:00,0.0,9153.8,1016.0,0,0
2024-05-21 21:00:00,0.0,8154.0,1012.4,0,0
2024-05-21 22:00:00,0.0,9507.4,1011.2,0,0
2024-05-21 23:00:00,4.9,9818.9,1013.2,0,0
2024-05-22 00:00:00,0.0,9021.0,1008.9,0,0
2024-05-22 01:00:00,0.0,9437.7,1011.5,0,0
2024-05-22 02:00:00,0.0,9828.0,1019.6,0,0
2024-05-22 03:00:00,0.0,9285.2,1005.2,0,0
2024-05-22 04:00:00,0.0,9348.7,1005.5,0,0
2024-05-22 05:00:00,0.0,9442.8,1017.4,0,0
2024-05-22 06:00:00,0.0,8521.0,1011.5,0,0
2024-05-22 07:00:00,0.0,9165.4,1003.6,0,0
2024-05-22 08:00:00,0.0,9684.4,1012.9,0,0
2024-05-22 09:00:00,0.0,8592.3,1012.2,0,0
2024-05-22 10:00:00,0.0,9794.3,1011.1,0,0
2024-05-22 11:00:00,0.0,9240.8,1016.7,0,0
2024-05-22 12:00:00,0.0,8846.3,1006.6,0,0
2024-05-22 13:00:00,0.0,9246.4,1013.3,0,0
2024-05-22 14:00:00,0.0,8803.7,1012.2,0,0
2024-05-22 15:00:00,0.0,9676.1,1013.4,0,0
2024-05-22 16:00:00,0.0,8964.6,1004.6,0,0
2024-05-22 17:00:00,0.0,9802.4,1010.6,0,0
2024-05-22 18:00:00,0.0,9019.6,1013.3,0,0
2024-05-22 19:00:00,0.0,9320.7,1016.0,0,0
2024-05-22 20:00:00,0.0,9995.5,1022.5,0,0
2024-05-22 21:00:00,0.0,8293.9,1017.3,0,0
2024-05-22 22:00:00,0.0,9473.5,1015.6,0,0
2024-05-22 23:00:00,0.93,8277.7,1019.6,0,0
2024-05-23 00:00:00,0.0,9677.7,1011.7,0,0
2024-05-23 01:00:00,0.0,9192.9,1021.0,0,0
2024-05-23 02:00:00,0.0,9876.3,1018.8,0,0
2024-05-23 03:00:00,0.0,9731.9,1011.0,0,0
2024-05-23 04:00:00,0.0,8149.7,1022.9,0,0
2024-05-23 05:00:00,0.0,8274.6,1015.5,0,0
2024-05-23 06:00:00,1.21,9202.3,1024.2,0,0
2024-05-23 07:00:00,3.98,9036.6,1014.8,0,0
2024-05-23 08:00:00,0.0,8337.1,1010.4,0,0
2024-05-23 09:00:00,0.0,8258.7,1009.4,0,0
2024-05-23 10:00:00,0.0,9128.0,1011.5,0,0
2024-05-23 11:00:00,5.03,1768.7,1010.4,0,0
2024-05-23 12:00:00,0.25,9747.5,1019.6,0,0
2024-05-23 13:00:00,0.0,9614.2,1013.1,0,0
2024-05-23 14:00:00,0.0,9570.7,1005.2,0,0
2024-05-23 15:00:00,0.0,8032.0,1014.3,0,0
2024-05-23 16:00:00,0.0,8095.3,1013.9,0,0
2024-05-23 17:00:00,0.0,9099.7,1010.9,0,0
2024-05-23 18:00:00,0.0,9988.9,1014.6,0,0
2024-05-23 19:00:00,0.0,8684.6,1013.0,0,0
2024-05-23 20:00:00,0.0,8688.7,1016.4,0,0
2024-05-23 21:00:00,0.0,8268.6,1016.1,0,0
2024-05-23 22:00:00,3.53,9348.7,1015.1,0,0
2024-05-23 23:00:00,0.0,9293.4,1006.8,0,0
2024-05-24 00:00:00,0.0,8202.6,1023.8,0,0
2024-05-24 01:00:00,0.0,8934.8,1005.5,0,0
2024-05-24 02:00:00,0.0,9334.1,1012.6,0,0
2024-05-24 03:00:00,0.0,8987.0,1007.8,0,0
2024-05-24 04:00:00,0.0,9348.7,1015.2,0,0
2024-05-24 05:00:00,0.0,9632.5,1013.9,0,0
2024-05-24 06:00:00,0.0,9371.6,1012.4,0,0
2024-05-24 07:00:00,0.0,9232.2,1020.8,0,0
2024-05-24 08:00:00,0.0,9707.2,1018.8,0,0
2024-05-24 09:00:00,0.0,9801.2,1011.6,0,0
2024-05-24 10:00:00,0.0,8777.8,1017.3,0,0
2024-05-24 11:00:00,0.0,8346.5,1021.1,0,0
2024-05-24 12:00:00,0.0,9635.7,1018.8,0,0
2024-05-24 13:00:00,0.0,8427.5,1012.6,0,0
2024-05-24 14:00:00,0.0,9857.9,1005.3,0,0
2024-05-24 15:00:00,0.0,8045.8,1014.9,0,0
2024-05-24 16:00:00,0.0,9842.5,1016.6,0,0
2024-05-24 17:00:00,0.0,9178.4,1009.4,0,0
2024-05-24 18:00:00,0.0,9549.5,1013.4,0,0
2024-05-24 19:00:00,0.0,8797.0,1012.8,0,0
2024-05-24 20:00:00,5.17,2558.9,1020.2,0,0
2024-05-24 21:00:00,0.0,8455.1,1022.5,0,0
2024-05-24 22:00:00,0.0,8528.7,1019.1,0,0
2024-05-24 23:00:00,0.0,8102.9,1012.8,0,0
2024-05-25 00:00:00,0.0,9880.9,1019.0,0,1
2024-05-25 01:00:00,0.0,8912.1,1016.5,0,1
2024-05-25 02:00:00,0.0,9349.7,1012.9,0,1
2024-05-25 03:00:00,9.17,683.8,1023.7,0,1
2024-05-25 04:00:00,0.0,9749.0,1009.6,0,1
2024-05-25 05:00:00,0.0,9329.9,1016.3,0,1
2024-05-25 06:00:00,0.0,9124.0,1017.4,0,1
2024-05-25 07:00:00,0.0,9420.6,1011.8,0,1
2024-05-25 08:00:00,0.0,9501.9,1016.0,0,1
2024-05-25 09:00:00,0.0,8371.9,1018.0,0,1
2024-05-25 10:00:00,0.0,8219.3,1014.5,0,1
2024-05-25 11:00:00,0.0,8149.7,1015.6,0,1
2024-05-25 12:00:00,0.0,8748.1,1013.8,0,1
2024-05-25 13:00:00,0.0,8996.0,1017.2,0,1
2024-05-25 14:00:00,0.0,9231.3,1012.1,0,1
2024-05-25 15:00:00,0.0,9916.1,1011.7,0,1
2024-05-25 16:00:00,0.0,8661.6,1013.4,0,1
2024-05-25 17:00:00,0.0,9521.7,1019.2,0,1
2024-05-25 18:00:00,0.0,9062.7,1004.5,0,1
2024-05-25 19:00:00,0.0,8440.2,1008.7,0,1
2024-05-25 20:00:00,0.0,9230.6,1024.6,0,1
2024-05-25 21:00:00,0.0,9934.4,1014.6,0,1
2024-05-25 22:00:00,5.04,1810.5,1011.2,0,1
2024-05-25 23:00:00,0.0,9014.6,1017.2,0,1
2024-05-26 00:00:00,0.0,8103.2,1009.3,0,1
2024-05-26 01:00:00,0.0,8642.4,1002.7,0,1
2024-05-26 02:00:00,0.14,9241.2,1015.0,0,1
2024-05-26 03:00:00,0.0,9682.1,1009.6,0,1
2024-05-26 04:00:00,0.0,9460.7,1013.8,0,1
2024-05-26 05:00:00,0.0,8925.7,1014.9,0,1
2024-05-26 06:00:00,0.0,9818.4,1014.0,0,1
2024-05-26 07:00:00,0.0,8605.4,1004.7,0,1
2024-05-26 08:00:00,9.31,1043.5,1013.4,0,1
2024-05-26 09:00:00,0.0,8948.0,1015.5,0,1
2024-05-26 10:00:00,0.0,9797.3,1006.2,0,1
2024-05-26 11:00:00,1.73,9594.9,1005.7,0,1
2024-05-26 12:00:00,0.0,9802.9,1007.9,0,1
2024-05-26 13:00:00,0.0,8428.5,1017.0,0,1
2024-05-26 14:00:00,0.0,9336.3,1003.3,0,1
2024-05-26 15:00:00,0.0,9476.9,1017.4,0,1
2024-05-26 16:00:00,0.0,9484.8,1015.2,0,1
2024-05-26 17:00:00,0.0,9008.0,1012.0,0,1
2024-05-26 18:00:00,0.0,8022.5,1005.8,0,1
2024-05-26 19:00:00,0.0,8522.9,1009.3,0,1
2024-05-26 20:00:00,0.0,8646.6,1017.2,0,1
2024-05-26 21:00:00,0.0,9704.1,1019.5,0,1
2024-05-26 22:00:00,5.05,1466.1,1008.1,0,1
2024-05-26 23:00:00,0.0,8209.4,1019.0,0,1
2024-05-27 00:00:00,0.3,9899.7,1016.7,0,0
2024-05-27 01:00:00,0.0,8364.9,1013.2,0,0
2024-05-27 02:00:00,0.0,8828.7,1009.6,0,0
2024-05-27 03:00:00,0.0,8430.3,1010.3,0,0
2024-05-27 04:00:00,0.0,9720.7,1022.4,0,0
2024-05-27 05:00:00,0.0,9498.8,1014.1,0,0
2024-05-27 06:00:00,0.0,8707.1,1019.9,0,0
2024-05-27 07:00:00,0.0,9363.8,1014.5,0,0
2024-05-27 08:00:00,0.0,8368.7,1011.0,0,0
2024-05-27 09:00:00,0.0,8764.6,1016.2,0,0
2024-05-27 10:00:00,0.0,8754.2,1024.0,0,0
2024-05-27 11:00:00,0.0,8475.9,1010.0,0,0
2024-05-27 12:00:00,0.0,9752.6,1017.8,0,0
2024-05-27 13:00:00,0.0,9357.7,1014.2,0,0
2024-05-27 14:00:00,0.0,8559.9,1006.0,0,0
2024-05-27 15:00:00,0.0,8484.2,1005.9,0,0
2024-05-27 16:00:00,0.0,8035.9,1011.0,0,0
2024-05-27 17:00:00,0.0,8693.2,1015.0,0,0
2024-05-27 18:00:00,0.0,9053.5,1017.6,0,0
2024-05-27 19:00:00,0.0,8555.4,1005.4,0,0
2024-05-27 20:00:00,0.0,9400.9,1016.5,0,0
2024-05-27 21:00:00,0.0,8823.5,1012.7,0,0
2024-05-27 22:00:00,0.0,8632.6,1013.3,0,0
2024-05-27 23:00:00,0.0,9878.1,1016.2,0,0
2024-05-28 00:00:00,0.0,8525.6,1022.0,0,0
2024-05-28 01:00:00,0.0,8796.5,1014.8,0,0
2024-05-28 02:00:00,0.0,8764.6,1006.5,0,0
2024-05-28 03:00:00,0.0,8482.4,1012.3,0,0
2024-05-28 04:00:00,0.0,8435.0,1017.5,0,0
2024-05-28 05:00:00,0.0,8604.8,1017.7,0,0
2024-05-28 06:00:00,0.0,9728.5,1016.6,0,0
2024-05-28 07:00:00,0.0,9534.2,1010.7,0,0
2024-05-28 08:00:00,0.0,9362.0,1006.4,0,0
2024-05-28 09:00:00,0.0,8914.2,1016.2,0,0
2024-05-28 10:00:00,0.0,9015.5,1007.2,0,0
2024-05-28 11:00:00,0.0,8534.3,1016.7,0,0
2024-05-28 12:00:00,0.0,8148.6,1016.7,0,0
2024-05-28 13:00:00,0.0,8662.1,1010.9,0,0
2024-05-28 14:00:00,0.0,8991.2,1012.7,0,0
2024-05-28 15:00:00,0.0,8114.6,1014.2,0,0
2024-05-28 16:00:00,0.0,8176.5,1010.2,0,0
2024-05-28 17:00:00,0.0,8526.1,1006.3,0,0
2024-05-28 18:00:00,0.0,8734.2,1013.1,0,0
2024-05-28 19:00:00,0.0,8786.6,1013.6,0,0
2024-05-28 20:00:00,0.0,8235.8,1020.1,0,0
2024-05-28 21:00:00,10.98,1674.0,1009.3,0,0
2024-05-28 22:00:00,0.0,8523.3,1018.6,0,0
2024-05-28 23:00:00,0.0,8135.3,1007.5,0,0
2024-05-29 00:00:00,0.0,8652.2,1006.5,0,0
2024-05-29 01:00:00,0.0,8144.4,1011.7,0,0
2024-05-29 02:00:00,0.0,9406.9,1008.5,0,0
2024-05-29 03:00:00,0.0,8772.1,1006.5,0,0
2024-05-29 04:00:00,0.0,8653.5,1023.0,0,0
2024-05-29 05:00:00,0.0,8253.0,1011.0,0,0
2024-05-29 06:00:00,0.0,8453.0,1024.8,0,0
2024-05-29 07:00:00,0.0,8465.4,1008.3,0,0
2024-05-29 08:00:00,0.0,9970.4,1004.7,0,0
2024-05-29 09:00:00,0.0,9670.7,1019.7,0,0
2024-05-29 10:00:00,0.0,8030.5,1009.6,0,0
2024-05-29 11:00:00,0.0,9233.7,1013.9,0,0
2024-05-29 12:00:00,0.0,8511.8,1006.5,0,0
2024-05-29 13:00:00,0.0,8208.8,1013.1,0,0
2024-05-29 14:00:00,3.74,9411.2,1006.4,0,0
2024-05-29 15:00:00,0.0,8263.2,1012.9,0,0
2024-05-29 16:00:00,0.0,8887.5,1010.9,0,0
2024-05-29 17:00:00,0.0,9264.3,1014.4,0,0
2024-05-29 18:00:00,0.0,9109.0,1016.4,0,0
2024-05-29 19:00:00,0.0,9955.3,1014.5,0,0
2024-05-29 20:00:00,0.0,9571.5,1015.5,0,0
2024-05-29 21:00:00,0.0,9548.4,1012.7,0,0
2024-05-29 22:00:00,0.0,8711.2,1011.1,0,0
2024-05-29 23:00:00,0.0,8016.8,1015.6,0,0
2024-05-30 00:00:00,0.0,9468.8,1012.7,0,0
2024-05-30 01:00:00,0.0,9999.5,1012.9,0,0
2024-05-30 02:00:00,0.0,8811.8,1015.2,0,0
2024-05-30 03:00:00,0.0,9971.0,1008.1,0,0
2024-05-30 04:00:00,0.0,8283.4,1020.4,0,0
2024-05-30 05:00:00,0.0,8593.0,1012.0,0,0
2024-05-30 06:00:00,0.0,8341.5,1013.9,0,0
2024-05-30 07:00:00,0.0,8950.4,1013.0,0,0
2024-05-30 08:00:00,1.16,9594.0,1016.5,0,0
2024-05-30 09:00:00,6.43,2346.1,1014.9,0,0
2024-05-30 10:00:00,0.0,9812.5,1013.0,0,0
2024-05-30 11:00:00,0.0,9089.7,1020.5,0,0
2024-05-30 12:00:00,0.0,8930.8,997.2,0,0
2024-05-30 13:00:00,0.0,9574.1,1019.5,0,0
2024-05-30 14:00:00,0.0,8202.9,1017.9,0,0
2024-05-30 15:00:00,0.0,9547.5,1004.1,0,0
2024-05-30 16:00:00,0.0,8485.9,1017.9,0,0
2024-05-30 17:00:00,0.0,8561.6,1018.5,0,0
2024-05-30 18:00:00,0.0,9198.9,1016.1,0,0
2024-05-30 19:00:00,0.0,9803.9,1005.5,0,0
2024-05-30 20:00:00,0.0,9156.8,1016.7,0,0
2024-05-30 21:00:00,0.0,9297.9,1018.3,0,0
2024-05-30 22:00:00,0.0,9553.2,1010.4,0,0
2024-05-30 23:00:00,0.0,8518.6,1015.5,0,0
2024-05-31 00:00:00,0.0,9654.5,1011.5,0,0
2024-05-31 01:00:00,0.0,8835.9,1017.7,0,0
2024-05-31 02:00:00,0.0,8351.3,1011.7,0,0
2024-05-31 03:00:00,0.0,8700.2,1010.3,0,0
2024-05-31 04:00:00,0.0,8492.3,1013.1,0,0
2024-05-31 05:00:00,0.0,8457.4,1006.5,0,0
2024-05-31 06:00:00,0.0,8565.1,1012.6,0,0
2024-05-31 07:00:00,0.0,8361.9,1015.1,0,0
2024-05-31 08:00:00,0.0,9335.4,1017.6,0,0
2024-05-31 09:00:00,0.0,9160.0,1014.5,0,0
2024-05-31 10:00:00,0.0,9296.9,1006.1,0,0
2024-05-31 11:00:00,0.0,8687.4,1020.0,0,0
2024-05-31 12:00:00,3.21,9539.5,1020.4,0,0
2024-05-31 13:00:00,0.0,8259.2,1013.8,0,0
2024-05-31 14:00:00,0.0,9142.3,1009.5,0,0
2024-05-31 15:00:00,0.0,8550.9,1010.6,0,0
2024-05-31 16:00:00,0.0,9055.2,1012.2,0,0
2024-05-31 17:00:00,0.0,8647.3,1014.6,0,0
2024-05-31 18:00:00,0.0,9581.0,1011.7,0,0
2024-05-31 19:00:00,0.0,9782.5,1009.0,0,0
2024-05-31 20:00:00,0.0,9485.2,1018.4,0,0
2024-05-31 21:00:00,0.0,8351.2,1014.5,0,0
2024-05-31 22:00:00,0.0,8549.7,1008.0,0,0
2024-05-31 23:00:00,0.0,9838.7,1014.7,0,0
2024-06-01 00:00:00,0.0,8874.4,1014.1,0,1
2024-06-01 01:00:00,13.56,1965.4,1009.7,0,1
2024-06-01 02:00:00,0.0,8784.9,1019.2,0,1
2024-06-01 03:00:00,0.0,9903.5,1013.9,0,1
2024-06-01 04:00:00,0.0,9851.5,1012.2,0,1
2024-06-01 05:00:00,0.0,9321.1,1012.8,0,1
2024-06-01 06:00:00,0.0,8017.7,1015.5,0,1
2024-06-01 07:00:00,0.0,8800.7,1012.9,0,1
2024-06-01 08:00:00,0.0,9822.5,1012.8,0,1
2024-06-01 09:00:00,0.0,9770.2,1018.6,0,1
2024-06-01 10:00:00,0.0,8374.8,1006.2,0,1
2024-06-01 11:00:00,0.0,8798.4,1007.0,0,1
2024-06-01 12:00:00,0.0,9671.0,1017.1,0,1
2024-06-01 13:00:00,0.0,9155.8,1025.3,0,1
2024-06-01 14:00:00,0.0,9694.6,1017.6,0,1
2024-06-01 15:00:00,0.0,9653.1,1022.6,0,1
2024-06-01 16:00:00,0.0,9815.0,1011.1,0,1
2024-06-01 17:00:00,0.0,8234.4,1010.1,0,1
2024-06-01 18:00:00,0.0,8290.4,1015.5,0,1
2024-06-01 19:00:00,0.0,8165.6,1018.0,0,1
2024-06-01 20:00:00,0.0,9870.5,1006.7,0,1
2024-06-01 21:00:00,0.0,8950.3,1012.2,0,1
2024-06-01 22:00:00,0.0,8128.7,1013.1,0,1
2024-06-01 23:00:00,0.0,8643.1,1009.9,0,1
2024-06-02 00:00:00,0.0,8702.8,1010.4,0,1
2024-06-02 01:00:00,0.0,9619.1,1017.5,0,1
2024-06-02 02:00:00,0.0,9471.0,1015.6,0,1
2024-06-02 03:00:00,0.0,9378.8,1017.2,0,1
2024-06-02 04:00:00,0.0,8043.7,1014.9,0,1
2024-06-02 05:00:00,0.0,9821.4,1008.9,0,1
2024-06-02 06:00:00,0.0,8431.1,1015.4,0,1
2024-06-02 07:00:00,0.0,9258.1,1008.5,0,1
2024-06-02 08:00:00,0.0,8123.6,1011.7,0,1
2024-06-02 09:00:00,0.0,8163.1,1008.1,0,1
2024-06-02 10:00:00,0.0,8019.2,1010.2,0,1
2024-06-02 11:00:00,0.0,9131.9,1013.7,0,1
2024-06-02 12:00:00,0.0,9258.8,1011.0,0,1
2024-06-02 13:00:00,0.0,8100.9,1008.8,0,1
2024-06-02 14:00:00,2.48,8581.0,1018.9,0,1
2024-06-02 15:00:00,0.0,9702.9,1012.7,0,1
2024-06-02 16:00:00,0.0,8202.6,1010.6,0,1
2024-06-02 17:00:00,0.0,8433.1,1007.8,0,1
2024-06-02 18:00:00,0.0,8848.8,1003.9,0,1
2024-06-02 19:00:00,0.0,9684.5,1012.1,0,1
2024-06-02 20:00:00,0.0,8509.7,1006.4,0,1
2024-06-02 21:00:00,0.0,9994.3,1016.8,0,1
2024-06-02 22:00:00,0.0,8710.5,1013.4,0,1
2024-06-02 23:00:00,0.0,8772.9,1021.0,0,1
2024-06-03 00:00:00,0.9,8244.2,1014.4,0,0
2024-06-03 01:00:00,0.0,9360.4,1009.6,0,0
2024-06-03 02:00:00,1.94,8486.9,1003.8,0,0
2024-06-03 03:00:00,0.0,9257.7,1017.3,0,0
2024-06-03 04:00:00,0.0,8446.3,1006.8,0,0
2024-06-03 05:00:00,0.0,8775.7,1011.2,0,0
2024-06-03 06:00:00,0.0,9713.3,1021.6,0,0
2024-06-03 07:00:00,0.0,9477.8,1016.3,0,0
2024-06-03 08:00:00,1.23,8309.2,1015.2,0,0
2024-06-03 09:00:00,0.0,9215.4,1018.0,0,0
2024-06-03 10:00:00,0.0,9257.3,1017.8,0,0
2024-06-03 11:00:00,0.0,8181.1,1021.2,0,0
2024-06-03 12:00:00,0.0,8931.6,1010.2,0,0
2024-06-03 13:00:00,3.25,8521.3,1011.4,0,0
2024-06-03 14:00:00,0.0,8934.3,1008.6,0,0
2024-06-03 15:00:00,0.0,9554.1,1013.1,0,0
2024-06-03 16:00:00,0.0,8316.5,1012.6,0,0
2024-06-03 17:00:00,0.0,8246.6,1004.5,0,0
2024-06-03 18:00:00,4.0,8538.6,1010.0,0,0
2024-06-03 19:00:00,0.0,9904.6,1020.4,0,0
2024-06-03 20:00:00,0.0,9495.6,1014.5,0,0
2024-06-03 21:00:00,0.0,8038.9,1016.8,0,0
2024-06-03 22:00:00,0.0,8802.0,1012.6,0,0
2024-06-03 23:00:00,0.0,8514.8,1003.8,0,0
2024-06-04 00:00:00,0.0,9276.3,1012.6,0,0
2024-06-04 01:00:00,0.0,8918.6,1018.5,0,0
2024-06-04 02:00:00,0.87,9929.0,1007.3,0,0
2024-06-04 03:00:00,0.0,8438.0,1017.0,0,0
2024-06-04 04:00:00,0.0,9175.7,1004.7,0,0
2024-06-04 05:00:00,0.83,9400.4,1013.4,0,0
2024-06-04 06:00:00,0.0,9651.1,1016.0,0,0
2024-06-04 07:00:00,0.0,8813.9,1011.7,0,0
2024-06-04 08:00:00,0.0,9373.8,1025.6,0,0
2024-06-04 09:00:00,0.0,8606.4,1010.8,0,0
2024-06-04 10:00:00,0.0,8871.0,1010.4,0,0
2024-06-04 11:00:00,0.81,9791.3,1014.3,0,0
2024-06-04 12:00:00,0.0,9899.8,1009.5,0,0
2024-06-04 13:00:00,0.0,9437.6,1006.0,0,0
2024-06-04 14:00:00,0.0,8748.7,1007.8,0,0
2024-06-04 15:00:00,0.0,9640.1,1017.0,0,0
2024-06-04 16:00:00,0.0,8051.7,1011.7,0,0
2024-06-04 17:00:00,0.0,8205.5,1021.8,0,0
2024-06-04 18:00:00,0.0,9322.7,1011.0,0,0
2024-06-04 19:00:00,0.0,8582.5,1016.8,0,0
2024-06-04 20:00:00,0.0,9902.8,1015.8,0,0
2024-06-04 21:00:00,0.0,8872.1,1011.0,0,0
2024-06-04 22:00:00,0.0,8858.7,1008.9,0,0
2024-06-04 23:00:00,0.0,9356.2,1004.6,0,0
2024-06-05 00:00:00,0.0,9535.1,1016.0,0,0
2024-06-05 01:00:00,0.0,8951.1,1019.2,0,0
2024-06-05 02:00:00,0.0,8428.0,1005.3,0,0
2024-06-05 03:00:00,0.0,9546.6,1011.4,0,0
2024-06-05 04:00:00,0.0,8640.7,1009.9,0,0
2024-06-05 05:00:00,0.0,8350.2,1016.0,0,0
2024-06-05 06:00:00,0.0,9263.3,1011.6,0,0
2024-06-05 07:00:00,0.0,8180.9,1019.9,0,0
2024-06-05 08:00:00,0.0,9942.7,1011.3,0,0
2024-06-05 09:00:00,0.0,9264.8,1007.1,0,0
2024-06-05 10:00:00,0.0,9971.8,1010.9,0,0
2024-06-05 11:00:00,0.0,8677.8,1011.5,0,0
2024-06-05 12:00:00,0.0,9942.4,1015.9,0,0
2024-06-05 13:00:00,0.0,8291.1,1011.4,0,0
2024-06-05 14:00:00,0.0,8081.4,1015.5,0,0
2024-06-05 15:00:00,0.0,8066.0,1009.3,0,0
2024-06-05 16:00:00,0.0,8929.7,1011.8,0,0
2024-06-05 17:00:00,0.0,8166.0,1009.3,0,0
2024-06-05 18:00:00,0.0,9024.3,1009.0,0,0
2024-06-05 19:00:00,0.0,8655.0,1019.6,0,0
2024-06-05 20:00:00,0.0,8671.3,1009.7,0,0
2024-06-05 21:00:00,0.0,9271.2,1011.5,0,0
2024-06-05 22:00:00,0.0,8326.2,1018.5,0,0
2024-06-05 23:00:00,0.0,9533.1,1017.0,0,0
2024-06-06 00:00:00,0.0,9164.1,1021.5,0,0
2024-06-06 01:00:00,0.0,9829.9,1015.7,0,0
2024-06-06 02:00:00,0.0,8729.7,1010.2,0,0
2024-06-06 03:00:00,0.0,9965.4,1023.5,0,0
2024-06-06 04:00:00,0.0,9151.7,1016.2,0,0
2024-06-06 05:00:00,0.0,9946.8,1012.5,0,0
2024-06-06 06:00:00,0.0,8054.1,1013.5,0,0
2024-06-06 07:00:00,3.04,9456.0,1014.1,0,0
2024-06-06 08:00:00,0.0,9633.2,1012.1,0,0
2024-06-06 09:00:00,0.0,8106.3,1006.4,0,0
2024-06-06 10:00:00,0.0,9157.9,1021.4,0,0
2024-06-06 11:00:00,0.0,9603.9,1013.1,0,0
2024-06-06 12:00:00,0.0,9122.1,1014.2,0,0
2024-06-06 13:00:00,0.0,8127.6,1023.6,0,0
2024-06-06 14:00:00,0.0,9386.9,1009.8,0,0
2024-06-06 15:00:00,0.0,8121.2,1016.5,0,0
2024-06-06 16:00:00,0.0,9634.9,1009.3,0,0
2024-06-06 17:00:00,0.0,8086.1,1014.9,0,0
2024-06-06 18:00:00,0.0,8274.8,1014.3,0,0
2024-06-06 19:00:00,0.0,8550.2,1017.2,0,0
2024-06-06 20:00:00,0.0,9266.7,1019.3,0,0
2024-06-06 21:00:00,6.91,2548.5,1010.4,0,0
2024-06-06 22:00:00,0.0,8235.6,1020.3,0,0
2024-06-06 23:00:00,0.0,8285.4,1020.7,0,0
2024-06-07 00:00:00,0.0,8737.7,1012.0,0,0
2024-06-07 01:00:00,0.0,9672.4,1013.2,0,0
2024-06-07 02:00:00,0.0,8934.5,1010.8,0,0
2024-06-07 03:00:00,0.0,8643.2,1011.7,0,0
2024-06-07 04:00:00,0.0,9122.4,1007.2,0,0
2024-06-07 05:00:00,0.0,8521.0,1017.1,0,0
2024-06-07 06:00:00,0.0,8802.3,1003.0,0,0
2024-06-07 07:00:00,0.0,8665.2,1009.8,0,0
2024-06-07 08:00:00,0.0,9608.3,1013.0,0,0
2024-06-07 09:00:00,1.0,9848.5,1019.7,0,0
2024-06-07 10:00:00,0.0,9519.1,1010.5,0,0
2024-06-07 11:00:00,8.14,2913.1,1015.4,0,0
2024-06-07 12:00:00,0.0,9008.7,1012.8,0,0
2024-06-07 13:00:00,5.29,1827.1,1018.0,0,0
2024-06-07 14:00:00,0.0,9493.7,1015.1,0,0
2024-06-07 15:00:00,0.0,9193.0,1017.4,0,0
2024-06-07 16:00:00,0.0,9804.9,1010.5,0,0
2024-06-07 17:00:00,0.0,8401.2,1008.2,0,0
2024-06-07 18:00:00,0.0,9519.5,1015.1,0,0
2024-06-07 19:00:00,0.0,9369.3,1010.8,0,0
2024-06-07 20:00:00,0.0,8531.7,1013.4,0,0
2024-06-07 21:00:00,0.0,9334.8,1014.8,0,0
2024-06-07 22:00:00,0.0,9848.7,1019.5,0,0
2024-06-07 23:00:00,0.0,9836.9,1017.2,0,0
2024-06-08 00:00:00,0.0,9439.3,1009.8,0,1
2024-06-08 01:00:00,0.0,8096.1,1007.5,0,1
2024-06-08 02:00:00,0.0,9744.5,1021.8,0,1
2024-06-08 03:00:00,0.0,9315.6,1005.3,0,1
2024-06-08 04:00:00,0.0,8620.9,1011.0,0,1
2024-06-08 05:00:00,0.0,8374.5,1016.5,0,1
2024-06-08 06:00:00,0.0,8232.4,1021.4,0,1
2024-06-08 07:00:00,0.0,8100.5,1012.3,0,1
2024-06-08 08:00:00,0.0,9508.2,1013.4,0,1
2024-06-08 09:00:00,0.0,8471.7,1008.9,0,1
2024-06-08 10:00:00,0.0,8048.5,1013.9,0,1
2024-06-08 11:00:00,0.0,8794.5,1007.5,0,1
2024-06-08 12:00:00,0.0,8965.2,1009.5,0,1
2024-06-08 13:00:00,0.0,8338.5,1017.1,0,1
2024-06-08 14:00:00,0.0,8088.1,1011.1,0,1
2024-06-08 15:00:00,0.0,8378.3,1017.8,0,1
2024-06-08 16:00:00,0.0,9358.2,1012.5,0,1
2024-06-08 17:00:00,0.0,8164.5,1006.4,0,1
2024-06-08 18:00:00,0.0,9110.1,1019.1,0,1
2024-06-08 19:00:00,0.0,8292.8,1006.7,0,1
2024-06-08 20:00:00,4.16,8391.4,1010.2,0,1
2024-06-08 21:00:00,0.0,8786.2,1012.3,0,1
2024-06-08 22:00:00,2.81,8201.7,1018.3,0,1
2024-06-08 23:00:00,0.0,8346.4,1010.6,0,1
2024-06-09 00:00:00,0.0,8697.9,1008.6,0,1
2024-06-09 01:00:00,0.0,8659.3,1014.1,0,1
2024-06-09 02:00:00,0.0,9498.5,1012.2,0,1
2024-06-09 03:00:00,0.0,8149.6,1010.9,0,1
2024-06-09 04:00:00,0.0,9720.9,1014.3,0,1
2024-06-09 05:00:00,0.0,9632.5,1007.2,0,1
2024-06-09 06:00:00,3.24,9532.0,1004.6,0,1
2024-06-09 07:00:00,0.0,8618.7,1023.9,0,1
2024-06-09 08:00:00,0.0,9645.8,1013.8,0,1
2024-06-09 09:00:00,0.0,8365.6,1014.1,0,1
2024-06-09 10:00:00,0.0,8248.8,1009.3,0,1
2024-06-09 11:00:00,0.0,8089.9,1017.7,0,1
2024-06-09 12:00:00,0.0,9878.6,1010.6,0,1
2024-06-09 13:00:00,1.14,8616.0,999.3,0,1
2024-06-09 14:00:00,0.0,9835.2,1010.4,0,1
2024-06-09 15:00:00,0.0,8545.2,1011.8,0,1
2024-06-09 16:00:00,0.0,9815.1,1012.4,0,1
2024-06-09 17:00:00,0.0,9807.9,1012.3,0,1
2024-06-09 18:00:00,0.0,9847.4,1010.0,0,1
2024-06-09 19:00:00,0.0,8992.3,1009.5,0,1
2024-06-09 20:00:00,0.0,9731.9,1011.8,0,1
2024-06-09 21:00:00,0.0,9901.5,1005.0,0,1
2024-06-09 22:00:00,0.0,8649.2,1003.5,0,1
2024-06-09 23:00:00,0.0,8837.7,1013.7,0,1
2024-06-10 00:00:00,0.0,9438.5,1013.8,0,0
2024-06-10 01:00:00,0.0,8600.7,1017.6,0,0
2024-06-10 02:00:00,0.0,9507.6,1012.0,0,0
2024-06-10 03:00:00,0.0,8147.8,1007.3,0,0
2024-06-10 04:00:00,0.0,9047.0,1003.6,0,0
2024-06-10 05:00:00,0.0,8244.6,1008.8,0,0
2024-06-10 06:00:00,0.0,8586.6,1015.4,0,0
2024-06-10 07:00:00,0.0,8517.3,1020.5,0,0
2024-06-10 08:00:00,0.0,9677.9,1013.5,0,0
2024-06-10 09:00:00,0.0,8387.0,1007.2,0,0
2024-06-10 10:00:00,0.0,9616.9,1008.9,0,0
2024-06-10 11:00:00,0.0,9587.9,1009.0,0,0
2024-06-10 12:00:00,0.0,8997.8,1011.2,0,0
2024-06-10 13:00:00,0.0,8467.7,1018.9,0,0
2024-06-10 14:00:00,0.0,8453.8,1019.2,0,0
2024-06-10 15:00:00,0.0,8929.8,1012.4,0,0
2024-06-10 16:00:00,0.0,8017.6,1014.2,0,0
2024-06-10 17:00:00,0.0,9062.7,1009.3,0,0
2024-06-10 18:00:00,5.05,735.8,1004.7,0,0
2024-06-10 19:00:00,0.0,8309.4,1022.2,0,0
2024-06-10 20:00:00,0.0,9146.7,1001.6,0,0
2024-06-10 21:00:00,1.85,9923.6,1004.1,0,0
2024-06-10 22:00:00,0.0,9721.0,1022.2,0,0
2024-06-10 23:00:00,0.0,9700.8,1013.3,0,0
2024-06-11 00:00:00,0.0,9643.7,1007.6,0,0
2024-06-11 01:00:00,0.0,8618.0,1016.7,0,0
2024-06-11 02:00:00,0.0,9781.2,1017.1,0,0
2024-06-11 03:00:00,0.0,9882.7,1006.6,0,0
2024-06-11 04:00:00,0.0,8991.6,1010.6,0,0
2024-06-11 05:00:00,0.0,8709.1,1017.6,0,0
2024-06-11 06:00:00,0.0,8828.5,1009.2,0,0
2024-06-11 07:00:00,0.0,8668.4,1014.7,0,0
2024-06-11 08:00:00,0.0,8424.8,1020.4,0,0
2024-06-11 09:00:00,0.0,9236.9,1001.3,0,0
2024-06-11 10:00:00,0.0,9125.2,1011.5,0,0
2024-06-11 11:00:00,0.0,8925.2,1014.6,0,0
2024-06-11 12:00:00,0.0,8191.7,1004.3,0,0
2024-06-11 13:00:00,0.0,9593.8,1010.6,0,0
2024-06-11 14:00:00,0.0,8349.9,1018.5,0,0
2024-06-11 15:00:00,0.0,8229.1,1009.7,0,0
2024-06-11 16:00:00,0.0,9246.1,1005.8,0,0
2024-06-11 17:00:00,0.0,8797.3,1018.9,0,0
2024-06-11 18:00:00,0.0,8119.6,1015.5,0,0
2024-06-11 19:00:00,0.0,8711.1,1012.9,0,0
2024-06-11 20:00:00,0.0,9543.6,1012.8,0,0
2024-06-11 21:00:00,0.0,9230.5,1018.4,0,0
2024-06-11 22:00:00,0.0,8725.6,1014.7,0,0
2024-06-11 23:00:00,0.0,8383.6,1016.5,0,0
2024-06-12 00:00:00,0.0,9263.6,1009.8,0,0
2024-06-12 01:00:00,0.19,9775.1,1003.7,0,0
2024-06-12 02:00:00,1.44,9292.5,1016.4,0,0
2024-06-12 03:00:00,0.0,9625.8,1018.8,0,0
2024-06-12 04:00:00,0.0,9043.1,1012.1,0,0
2024-06-12 05:00:00,0.0,9435.9,1017.7,0,0
2024-06-12 06:00:00,0.0,9792.5,1011.6,0,0
2024-06-12 07:00:00,0.0,9546.4,1012.8,0,0
2024-06-12 08:00:00,4.57,9819.7,1022.0,0,0
2024-06-12 09:00:00,0.0,8862.3,1011.8,0,0
2024-06-12 10:00:00,0.0,9808.4,1011.5,0,0
2024-06-12 11:00:00,0.0,9243.1,1003.9,0,0
2024-06-12 12:00:00,2.58,9740.1,1016.7,0,0
2024-06-12 13:00:00,0.0,8078.8,1009.7,0,0
2024-06-12 14:00:00,0.0,9315.7,1014.0,0,0
2024-06-12 15:00:00,0.0,9696.0,1011.7,0,0
2024-06-12 16:00:00,0.0,8348.4,1011.0,0,0
2024-06-12 17:00:00,0.0,9323.6,1012.7,0,0
2024-06-12 18:00:00,3.13,9649.9,1013.0,0,0
2024-06-12 19:00:00,0.0,8575.9,1019.1,0,0
2024-06-12 20:00:00,0.0,8810.5,1020.9,0,0
2024-06-12 21:00:00,0.0,9139.0,1016.5,0,0
2024-06-12 22:00:00,0.0,9038.3,1019.6,0,0
2024-06-12 23:00:00,0.0,8078.4,1017.5,0,0
2024-06-13 00:00:00,0.0,8197.3,1015.7,0,0
2024-06-13 01:00:00,0.0,8200.9,1020.5,0,0
2024-06-13 02:00:00,0.0,8524.5,1006.7,0,0
2024-06-13 03:00:00,0.0,8491.7,1009.8,0,0
2024-06-13 04:00:00,0.0,9484.4,1009.1,0,0
2024-06-13 05:00:00,0.0,9145.5,1011.7,0,0
2024-06-13 06:00:00,0.0,9528.0,1016.7,0,0
2024-06-13 07:00:00,0.0,8139.8,1007.7,0,0
2024-06-13 08:00:00,0.0,8970.4,1015.8,0,0
2024-06-13 09:00:00,0.0,8647.6,1010.3,0,0
2024-06-13 10:00:00,0.0,9699.9,1011.5,0,0
2024-06-13 11:00:00,0.0,9415.6,1014.3,0,0
2024-06-13 12:00:00,0.0,9738.5,1021.7,0,0
2024-06-13 13:00:00,0.0,8092.9,1009.7,0,0
2024-06-13 14:00:00,0.0,9441.6,1012.8,0,0
2024-06-13 15:00:00,0.0,9080.0,1007.9,0,0
2024-06-13 16:00:00,3.8,9650.0,1009.6,0,0
2024-06-13 17:00:00,0.0,9014.3,1007.8,0,0
2024-06-13 18:00:00,0.0,9080.4,1014.5,0,0
2024-06-13 19:00:00,0.0,8103.5,1015.4,0,0
2024-06-13 20:00:00,0.26,9337.0,1016.7,0,0
2024-06-13 21:00:00,0.0,8546.3,1009.5,0,0
2024-06-13 22:00:00,0.0,8039.4,1015.8,0,0
2024-06-13 23:00:00,0.0,8132.9,1013.8,0,0
2024-06-14 00:00:00,0.0,9914.6,1013.0,0,0
2024-06-14 01:00:00,0.0,8692.2,1007.0,0,0
2024-06-14 02:00:00,0.0,9736.2,1014.0,0,0
2024-06-14 03:00:00,0.0,9919.4,1014.2,0,0
2024-06-14 04:00:00,0.0,9886.5,1013.8,0,0
2024-06-14 05:00:00,0.0,9763.5,1015.3,0,0
2024-06-14 06:00:00,0.0,9789.7,1016.7,0,0
2024-06-14 07:00:00,0.0,8578.0,1007.8,0,0
2024-06-14 08:00:00,0.0,8302.9,1012.2,0,0
2024-06-14 09:00:00,0.0,9278.5,1015.8,0,0
2024-06-14 10:00:00,0.86,8976.2,1011.9,0,0
2024-06-14 11:00:00,0.0,8197.5,1018.0,0,0
2024-06-14 12:00:00,0.0,9355.1,1013.7,0,0
2024-06-14 13:00:00,0.0,9125.7,1003.5,0,0
2024-06-14 14:00:00,0.0,9726.1,1017.4,0,0
2024-06-14 15:00:00,0.0,9218.4,1012.7,0,0
2024-06-14 16:00:00,0.0,9147.9,1004.4,0,0
2024-06-14 17:00:00,0.0,8881.5,1012.0,0,0
2024-06-14 18:00:00,0.0,8925.6,1006.9,0,0
2024-06-14 19:00:00,0.0,9908.8,1017.0,0,0
2024-06-14 20:00:00,0.0,8276.9,1013.1,0,0
2024-06-14 21:00:00,0.0,8892.4,1008.6,0,0
2024-06-14 22:00:00,0.0,9311.7,1017.3,0,0
2024-06-14 23:00:00,0.0,8866.0,1015.5,0,0
2024-06-15 00:00:00,0.0,8566.4,1012.1,0,1
2024-06-15 01:00:00,1.0,8574.7,1007.0,0,1
2024-06-15 02:00:00,0.0,8467.3,1009.0,0,1
2024-06-15 03:00:00,0.0,8687.8,1009.0,0,1
2024-06-15 04:00:00,0.0,9743.3,1017.0,0,1
2024-06-15 05:00:00,0.0,9010.4,1004.8,0,1
2024-06-15 06:00:00,0.0,8480.5,1013.0,0,1
2024-06-15 07:00:00,0.0,8769.1,1012.0,0,1
2024-06-15 08:00:00,0.0,8211.7,1018.4,0,1
2024-06-15 09:00:00,0.0,9808.1,1014.4,0,1
2024-06-15 10:00:00,0.0,8816.4,1015.9,0,1
2024-06-15 11:00:00,0.0,9960.8,1010.6,0,1
2024-06-15 12:00:00,0.0,8695.1,1007.1,0,1
2024-06-15 13:00:00,0.0,9672.7,1011.6,0,1
2024-06-15 14:00:00,0.0,8512.8,1017.1,0,1
2024-06-15 15:00:00,0.0,8152.3,1017.1,0,1
2024-06-15 16:00:00,0.0,8063.5,1011.1,0,1
2024-06-15 17:00:00,0.0,9212.3,1008.9,0,1
2024-06-15 18:00:00,0.0,8623.1,1008.0,0,1
2024-06-15 19:00:00,0.0,8887.0,1012.6,0,1
2024-06-15 20:00:00,0.0,9637.3,1013.9,0,1
2024-06-15 21:00:00,0.0,8496.2,1020.6,0,1
2024-06-15 22:00:00,0.0,8617.3,1013.9,0,1
2024-06-15 23:00:00,0.0,9690.7,1016.3,0,1
2024-06-16 00:00:00,0.0,8985.5,1009.3,0,1
2024-06-16 01:00:00,0.0,9655.3,1013.5,0,1
2024-06-16 02:00:00,0.0,8749.0,1014.0,0,1
2024-06-16 03:00:00,0.0,8796.7,1012.5,0,1
2024-06-16 04:00:00,0.0,8334.3,1013.1,0,1
2024-06-16 05:00:00,0.0,9832.7,1013.9,0,1
2024-06-16 06:00:00,0.0,9793.6,1015.7,0,1
2024-06-16 07:00:00,0.0,9968.4,1019.1,0,1
2024-06-16 08:00:00,0.0,8804.9,1001.9,0,1
2024-06-16 09:00:00,0.0,9637.2,1018.8,0,1
2024-06-16 10:00:00,0.0,8829.9,1004.7,0,1
2024-06-16 11:00:00,0.0,8908.6,1014.8,0,1
2024-06-16 12:00:00,0.0,9660.0,1025.0,0,1
2024-06-16 13:00:00,0.0,8354.7,1013.0,0,1
2024-06-16 14:00:00,0.0,8440.6,1014.2,0,1
2024-06-16 15:00:00,0.0,8629.5,1011.7,0,1
2024-06-16 16:00:00,0.0,9576.4,1016.6,0,1
2024-06-16 17:00:00,0.0,8745.3,1015.1,0,1
2024-06-16 18:00:00,0.0,8716.3,1009.9,0,1
2024-06-16 19:00:00,0.0,9997.6,1012.7,0,1
2024-06-16 20:00:00,0.0,8767.6,1007.7,0,1
2024-06-16 21:00:00,0.0,8495.5,1012.7,0,1
2024-06-16 22:00:00,0.0,9246.4,1011.2,0,1
2024-06-16 23:00:00,0.0,9603.8,1013.9,0,1
2024-06-17 00:00:00,0.0,8139.2,1009.7,0,0
2024-06-17 01:00:00,10.89,1143.7,1012.2,0,0
2024-06-17 02:00:00,0.0,8071.5,1013.3,0,0
2024-06-17 03:00:00,10.66,1201.9,1013.6,0,0
2024-06-17 04:00:00,6.08,807.2,1014.6,0,0
2024-06-17 05:00:00,0.0,8613.3,1012.4,0,0
2024-06-17 06:00:00,0.0,8934.2,1009.3,0,0
2024-06-17 07:00:00,0.0,9854.2,1013.7,0,0
2024-06-17 08:00:00,0.0,9421.3,1012.4,0,0
2024-06-17 09:00:00,0.0,9873.7,1018.4,0,0
2024-06-17 10:00:00,0.0,9319.9,1019.0,0,0
2024-06-17 11:00:00,0.0,8014.2,1006.4,0,0
2024-06-17 12:00:00,0.0,8531.2,1016.3,0,0
2024-06-17 13:00:00,0.0,9811.5,1017.3,0,0
2024-06-17 14:00:00,0.0,9286.9,1006.5,0,0
2024-06-17 15:00:00,0.0,9963.3,1016.1,0,0
2024-06-17 16:00:00,0.0,8311.9,1017.7,0,0
2024-06-17 17:00:00,0.0,8593.5,1008.5,0,0
2024-06-17 18:00:00,1.19,8724.7,1012.1,0,0
2024-06-17 19:00:00,0.0,8653.1,1014.2,0,0
2024-06-17 20:00:00,0.0,8504.0,1016.1,0,0
2024-06-17 21:00:00,0.0,8886.9,1008.3,0,0
2024-06-17 22:00:00,0.0,9284.6,1019.0,0,0
2024-06-17 23:00:00,0.0,8622.5,1003.1,0,0
2024-06-18 00:00:00,0.0,8159.4,1019.9,0,0
2024-06-18 01:00:00,0.0,9417.1,1016.0,0,0
2024-06-18 02:00:00,0.0,8918.0,1010.1,0,0
2024-06-18 03:00:00,2.52,9113.0,1017.6,0,0
2024-06-18 04:00:00,0.0,8910.8,1008.0,0,0
2024-06-18 05:00:00,0.0,9780.7,1013.8,0,0
2024-06-18 06:00:00,0.0,9117.5,1014.4,0,0
2024-06-18 07:00:00,0.0,9846.6,1014.4,0,0
2024-06-18 08:00:00,0.0,9021.2,1009.1,0,0
2024-06-18 09:00:00,0.0,8585.2,1010.8,0,0
2024-06-18 10:00:00,0.0,8710.9,1013.9,0,0
2024-06-18 11:00:00,0.08,9044.3,1009.6,0,0
2024-06-18 12:00:00,0.0,9060.0,1014.6,0,0
2024-06-18 13:00:00,0.0,9374.7,1010.2,0,0
2024-06-18 14:00:00,0.0,8449.0,1018.3,0,0
2024-06-18 15:00:00,0.0,9317.7,1021.1,0,0
2024-06-18 16:00:00,0.0,9557.2,1011.8,0,0
2024-06-18 17:00:00,0.0,9353.2,1017.9,0,0
2024-06-18 18:00:00,0.0,8963.7,1012.2,0,0
2024-06-18 19:00:00,0.0,9983.4,1008.6,0,0
2024-06-18 20:00:00,0.0,8809.6,1011.1,0,0
2024-06-18 21:00:00,0.0,8213.2,1013.7,0,0
2024-06-18 22:00:00,0.0,9643.0,1004.3,0,0
2024-06-18 23:00:00,0.0,8424.4,1016.4,0,0
2024-06-19 00:00:00,0.0,9426.6,1013.7,0,0
2024-06-19 01:00:00,0.0,8358.0,1018.3,0,0
2024-06-19 02:00:00,0.0,8033.8,1016.3,0,0
2024-06-19 03:00:00,0.0,8319.6,1013.8,0,0
2024-06-19 04:00:00,0.0,8754.0,1011.5,0,0
2024-06-19 05:00:00,0.0,8213.2,1020.9,0,0
2024-06-19 06:00:00,0.0,8395.4,1024.1,0,0
2024-06-19 07:00:00,0.0,9529.3,1011.6,0,0
2024-06-19 08:00:00,0.0,9539.8,1018.5,0,0
2024-06-19 09:00:00,0.0,9635.0,1009.7,0,0
2024-06-19 10:00:00,0.0,9682.3,1010.3,0,0
2024-06-19 11:00:00,0.0,8840.9,1011.3,0,0
2024-06-19 12:00:00,0.0,9735.1,1016.7,0,0
2024-06-19 13:00:00,2.62,9051.9,1007.9,0,0
2024-06-19 14:00:00,0.0,8941.2,1021.0,0,0
2024-06-19 15:00:00,0.0,9437.1,1017.9,0,0
2024-06-19 16:00:00,0.0,8427.6,1016.6,0,0
2024-06-19 17:00:00,0.0,9579.0,1011.8,0,0
2024-06-19 18:00:00,0.0,8858.9,1017.4,0,0
2024-06-19 19:00:00,0.0,8254.6,998.7,0,0
2024-06-19 20:00:00,0.0,8238.6,1015.5,0,0
2024-06-19 21:00:00,0.0,8329.8,1014.1,0,0
2024-06-19 22:00:00,0.0,9781.1,1003.8,0,0
2024-06-19 23:00:00,0.0,9981.9,1015.3,0,0
2024-06-20 00:00:00,0.0,8713.9,1016.2,0,0
2024-06-20 01:00:00,0.0,8584.3,1004.0,0,0
2024-06-20 02:00:00,1.45,8437.5,1007.3,0,0
2024-06-20 03:00:00,0.0,9647.6,1023.6,0,0
2024-06-20 04:00:00,0.0,8418.4,1012.3,0,0
2024-06-20 05:00:00,0.0,9848.2,1018.1,0,0
2024-06-20 06:00:00,0.0,9334.7,1018.9,0,0
2024-06-20 07:00:00,0.0,9794.3,1015.2,0,0
2024-06-20 08:00:00,0.0,9108.0,1018.3,0,0
2024-06-20 09:00:00,0.0,9381.4,1002.7,0,0
2024-06-20 10:00:00,0.0,9238.9,1012.1,0,0
2024-06-20 11:00:00,0.0,9662.4,997.8,0,0
2024-06-20 12:00:00,0.0,9671.7,1004.5,0,0
2024-06-20 13:00:00,0.0,9179.6,1010.5,0,0
2024-06-20 14:00:00,0.0,9265.0,1009.9,0,0
2024-06-20 15:00:00,0.0,9843.8,1013.5,0,0
2024-06-20 16:00:00,0.0,9859.7,1013.1,0,0
2024-06-20 17:00:00,0.0,9328.5,1013.9,0,0
2024-06-20 18:00:00,0.0,8015.5,1014.1,0,0
2024-06-20 19:00:00,0.0,8208.8,1014.9,0,0
2024-06-20 20:00:00,0.0,9715.9,1008.5,0,0
2024-06-20 21:00:00,0.0,8169.4,1009.6,0,0
2024-06-20 22:00:00,0.0,8427.0,1013.1,0,0
2024-06-20 23:00:00,1.3,8461.1,1013.1,0,0
2024-06-21 00:00:00,0.0,9200.5,1007.8,0,0
2024-06-21 01:00:00,0.0,9153.3,1018.7,0,0
2024-06-21 02:00:00,0.0,8578.8,1016.9,0,0
2024-06-21 03:00:00,0.0,8415.2,1009.0,0,0
2024-06-21 04:00:00,0.0,9529.1,1012.2,0,0
2024-06-21 05:00:00,0.0,9870.9,1023.3,0,0
2024-06-21 06:00:00,0.0,8105.6,1014.1,0,0
2024-06-21 07:00:00,0.0,8266.4,1015.2,0,0
2024-06-21 08:00:00,0.0,9284.3,1010.2,0,0
2024-06-21 09:00:00,0.0,9608.9,1011.7,0,0
2024-06-21 10:00:00,0.0,9582.4,1020.8,0,0
2024-06-21 11:00:00,0.0,9439.4,1013.8,0,0
2024-06-21 12:00:00,0.0,9774.9,1012.9,0,0
2024-06-21 13:00:00,0.0,8434.7,1013.3,0,0
2024-06-21 14:00:00,0.0,8214.6,1026.0,0,0
2024-06-21 15:00:00,0.0,9230.7,1013.4,0,0
2024-06-21 16:00:00,0.0,9644.6,1009.1,0,0
2024-06-21 17:00:00,0.0,9164.1,1010.0,0,0
2024-06-21 18:00:00,0.0,9926.0,1017.2,0,0
2024-06-21 19:00:00,0.0,9591.1,1006.1,0,0
2024-06-21 20:00:00,0.0,9401.6,1015.5,0,0
2024-06-21 21:00:00,0.0,8120.5,1009.6,0,0
2024-06-21 22:00:00,0.0,8215.5,1004.0,0,0
2024-06-21 23:00:00,0.0,9569.7,1008.3,0,0
2024-06-22 00:00:00,0.0,8396.5,1013.4,0,1
2024-06-22 01:00:00,0.0,8057.7,1020.2,0,1
2024-06-22 02:00:00,0.0,9821.5,1017.8,0,1
2024-06-22 03:00:00,0.0,9781.6,1011.8,0,1
2024-06-22 04:00:00,0.0,8437.0,1018.1,0,1
2024-06-22 05:00:00,0.0,9560.4,1011.5,0,1
2024-06-22 06:00:00,0.2,8096.0,1005.9,0,1
2024-06-22 07:00:00,0.0,8570.1,1013.4,0,1
2024-06-22 08:00:00,0.0,9247.3,1005.7,0,1
2024-06-22 09:00:00,0.0,9526.4,1017.2,0,1
2024-06-22 10:00:00,0.0,8020.8,1017.3,0,1
2024-06-22 11:00:00,0.0,8652.4,1008.9,0,1
2024-06-22 12:00:00,0.0,8428.7,1014.0,0,1
2024-06-22 13:00:00,0.0,9997.6,1013.9,0,1
2024-06-22 14:00:00,0.0,9342.0,1017.6,0,1
2024-06-22 15:00:00,0.0,8811.3,1007.0,0,1
2024-06-22 16:00:00,0.0,8151.3,1016.2,0,1
2024-06-22 17:00:00,0.0,9197.3,1006.7,0,1
2024-06-22 18:00:00,0.0,9283.4,1017.1,0,1
2024-06-22 19:00:00,5.95,2351.5,1018.6,0,1
2024-06-22 20:00:00,0.0,8577.2,1009.9,0,1
2024-06-22 21:00:00,0.0,9962.9,1019.3,0,1
2024-06-22 22:00:00,0.0,8878.9,1005.4,0,1
2024-06-22 23:00:00,4.43,8591.9,1018.7,0,1
2024-06-23 00:00:00,0.0,8696.9,1020.4,0,1
2024-06-23 01:00:00,0.0,9039.2,1015.0,0,1
2024-06-23 02:00:00,0.0,9873.4,1012.3,0,1
2024-06-23 03:00:00,0.0,9470.3,1014.8,0,1
2024-06-23 04:00:00,0.0,9154.2,1010.2,0,1
2024-06-23 05:00:00,0.0,8325.6,1026.4,0,1
2024-06-23 06:00:00,0.0,8298.7,1010.3,0,1
2024-06-23 07:00:00,0.0,9004.4,1019.8,0,1
2024-06-23 08:00:00,0.0,9457.4,1009.5,0,1
2024-06-23 09:00:00,0.0,9502.0,1021.2,0,1
2024-06-23 10:00:00,0.0,8451.8,1023.3,0,1
2024-06-23 11:00:00,0.0,8200.2,1015.2,0,1
2024-06-23 12:00:00,0.0,8768.9,1014.7,0,1
2024-06-23 13:00:00,0.0,9836.3,1008.5,0,1
2024-06-23 14:00:00,0.0,9090.7,1007.9,0,1
2024-06-23 15:00:00,0.0,8640.2,1014.7,0,1
2024-06-23 16:00:00,0.0,8647.3,1020.5,0,1
2024-06-23 17:00:00,0.0,8264.2,1010.5,0,1
2024-06-23 18:00:00,0.0,8946.4,1024.3,0,1
2024-06-23 19:00:00,0.0,9582.7,1010.2,0,1
2024-06-23 20:00:00,0.0,9937.1,1014.4,0,1
2024-06-23 21:00:00,0.0,9003.2,1014.4,0,1
2024-06-23 22:00:00,0.0,8334.4,1012.7,0,1
2024-06-23 23:00:00,0.0,9365.9,1003.0,0,1
2024-06-24 00:00:00,0.0,9513.6,1010.2,0,0
2024-06-24 01:00:00,0.0,8143.4,1014.2,0,0
2024-06-24 02:00:00,0.0,9700.3,1012.8,0,0
2024-06-24 03:00:00,0.78,9658.6,1016.4,0,0
2024-06-24 04:00:00,0.0,8945.1,1017.0,0,0
2024-06-24 05:00:00,0.0,9120.8,1012.0,0,0
2024-06-24 06:00:00,0.0,9426.8,1008.4,0,0
2024-06-24 07:00:00,0.0,9353.5,1021.0,0,0
2024-06-24 08:00:00,0.0,8033.1,1006.5,0,0
2024-06-24 09:00:00,0.0,8244.9,1010.3,0,0
2024-06-24 10:00:00,0.0,8325.2,1009.0,0,0
2024-06-24 11:00:00,0.0,9511.4,1017.0,0,0
2024-06-24 12:00:00,0.0,8880.2,1019.8,0,0
2024-06-24 13:00:00,0.0,9091.0,1012.4,0,0
2024-06-24 14:00:00,0.0,9545.4,1014.4,0,0
2024-06-24 15:00:00,0.0,8682.0,1015.4,0,0
2024-06-24 16:00:00,0.0,9497.8,1022.3,0,0
2024-06-24 17:00:00,0.0,8884.6,1004.4,0,0
2024-06-24 18:00:00,0.0,8754.4,1017.0,0,0
2024-06-24 19:00:00,0.0,8666.1,1015.1,0,0
2024-06-24 20:00:00,0.0,9929.9,1011.4,0,0
2024-06-24 21:00:00,0.0,9543.9,1014.9,0,0
2024-06-24 22:00:00,0.0,8040.4,1017.0,0,0
2024-06-24 23:00:00,0.0,9914.8,1016.2,0,0
2024-06-25 00:00:00,0.0,9550.9,1024.0,0,0
2024-06-25 01:00:00,0.0,8298.3,1013.9,0,0
2024-06-25 02:00:00,0.0,8152.7,1013.4,0,0
2024-06-25 03:00:00,0.0,8616.4,1012.3,0,0
2024-06-25 04:00:00,0.0,9248.4,1016.0,0,0
2024-06-25 05:00:00,0.0,9233.1,1013.1,0,0
2024-06-25 06:00:00,0.0,8551.7,1013.3,0,0
2024-06-25 07:00:00,0.0,8891.3,1013.3,0,0
2024-06-25 08:00:00,0.0,8423.8,1012.6,0,0
2024-06-25 09:00:00,0.0,8101.2,1010.2,0,0
2024-06-25 10:00:00,0.0,9033.9,1015.3,0,0
2024-06-25 11:00:00,0.0,8694.0,1011.8,0,0
2024-06-25 12:00:00,0.0,9085.8,1016.3,0,0
2024-06-25 13:00:00,0.0,9893.0,1013.8,0,0
2024-06-25 14:00:00,0.0,8286.7,1011.3,0,0
2024-06-25 15:00:00,0.0,8003.9,1021.1,0,0
2024-06-25 16:00:00,0.0,8153.8,1012.7,0,0
2024-06-25 17:00:00,0.0,8925.4,1016.4,0,0
2024-06-25 18:00:00,0.0,9413.9,1009.8,0,0
2024-06-25 19:00:00,0.0,9161.5,1003.1,0,0
2024-06-25 20:00:00,0.0,8989.8,1010.4,0,0
2024-06-25 21:00:00,4.09,8707.9,1002.6,0,0
2024-06-25 22:00:00,0.0,8619.9,1012.1,0,0
2024-06-25 23:00:00,0.0,8752.6,1020.6,0,0
2024-06-26 00:00:00,0.0,9223.3,1008.7,0,0
2024-06-26 01:00:00,0.7,8335.5,1002.7,0,0
2024-06-26 02:00:00,0.0,9542.7,1020.8,0,0
2024-06-26 03:00:00,0.0,9150.5,1010.9,0,0
2024-06-26 04:00:00,0.0,8538.3,1013.2,0,0
2024-06-26 05:00:00,0.0,9002.3,1017.2,0,0
2024-06-26 06:00:00,0.0,9925.6,1015.9,0,0
2024-06-26 07:00:00,0.0,8041.0,1017.0,0,0
2024-06-26 08:00:00,6.57,2959.8,1017.8,0,0
2024-06-26 09:00:00,0.0,8896.8,1004.5,0,0
2024-06-26 10:00:00,0.0,9276.9,1006.2,0,0
2024-06-26 11:00:00,0.0,8424.5,1019.1,0,0
2024-06-26 12:00:00,0.0,9862.8,1009.3,0,0
2024-06-26 13:00:00,0.0,9285.1,1009.9,0,0
2024-06-26 14:00:00,0.0,9754.9,1006.9,0,0
2024-06-26 15:00:00,0.0,8658.6,1011.2,0,0
2024-06-26 16:00:00,0.0,9657.9,1011.5,0,0
2024-06-26 17:00:00,0.0,8756.4,1008.6,0,0
2024-06-26 18:00:00,0.0,8505.5,1008.0,0,0
2024-06-26 19:00:00,0.0,9823.3,1014.8,0,0
2024-06-26 20:00:00,0.0,8184.4,1009.2,0,0
2024-06-26 21:00:00,1.03,9885.8,1010.2,0,0
2024-06-26 22:00:00,0.0,8917.0,1002.3,0,0
2024-06-26 23:00:00,1.56,9985.3,1022.9,0,0
2024-06-27 00:00:00,0.0,9079.2,1018.0,0,0
2024-06-27 01:00:00,0.0,9515.0,1010.8,0,0
2024-06-27 02:00:00,0.0,8014.1,1008.8,0,0
2024-06-27 03:00:00,0.0,8993.3,1013.3,0,0
2024-06-27 04:00:00,0.0,9474.9,1013.2,0,0
2024-06-27 05:00:00,0.0,9565.7,1006.9,0,0
2024-06-27 06:00:00,0.0,8316.1,1000.5,0,0
2024-06-27 07:00:00,0.0,8837.9,1010.6,0,0
2024-06-27 08:00:00,0.0,8838.1,1005.4,0,0
2024-06-27 09:00:00,0.0,8207.3,1014.1,0,0
2024-06-27 10:00:00,0.0,8886.1,1014.1,0,0
2024-06-27 11:00:00,0.0,9614.2,1008.4,0,0
2024-06-27 12:00:00,0.0,8600.4,1010.6,0,0
2024-06-27 13:00:00,0.0,8865.1,1022.1,0,0
2024-06-27 14:00:00,0.0,9921.9,1017.1,0,0
2024-06-27 15:00:00,0.0,8063.4,1011.0,0,0
2024-06-27 16:00:00,0.0,9183.0,1024.7,0,0
2024-06-27 17:00:00,0.0,9486.9,1007.3,0,0
2024-06-27 18:00:00,0.0,9521.8,1009.2,0,0
2024-06-27 19:00:00,0.0,9431.9,1012.7,0,0
2024-06-27 20:00:00,0.0,9452.9,1005.6,0,0
2024-06-27 21:00:00,0.0,8118.0,1022.2,0,0
2024-06-27 22:00:00,0.0,9068.3,1014.2,0,0
2024-06-27 23:00:00,0.0,9565.9,1009.3,0,0
2024-06-28 00:00:00,0.0,8188.1,1015.5,0,0
2024-06-28 01:00:00,0.0,8024.1,1014.0,0,0
2024-06-28 02:00:00,0.0,9629.1,1011.7,0,0
2024-06-28 03:00:00,0.0,9424.6,1007.2,0,0
2024-06-28 04:00:00,0.0,8824.4,1006.1,0,0
2024-06-28 05:00:00,1.19,9880.8,1024.2,0,0
2024-06-28 06:00:00,0.0,9533.2,1006.5,0,0
2024-06-28 07:00:00,0.0,9935.7,1021.7,0,0
2024-06-28 08:00:00,0.0,9858.6,1009.0,0,0
2024-06-28 09:00:00,0.0,8962.6,1017.2,0,0
2024-06-28 10:00:00,0.0,9509.4,1015.6,0,0
2024-06-28 11:00:00,0.0,9338.4,1016.6,0,0
2024-06-28 12:00:00,0.0,9622.9,1016.9,0,0
2024-06-28 13:00:00,0.0,9575.4,1005.2,0,0
2024-06-28 14:00:00,0.0,8306.5,1009.9,0,0
2024-06-28 15:00:00,6.94,1271.0,1006.4,0,0
2024-06-28 16:00:00,0.0,8531.5,1014.2,0,0
2024-06-28 17:00:00,0.0,9637.0,1006.6,0,0
2024-06-28 18:00:00,10.52,2444.9,1003.3,0,0
2024-06-28 19:00:00,0.0,8990.7,1012.1,0,0
2024-06-28 20:00:00,0.0,9161.7,1002.2,0,0
2024-06-28 21:00:00,0.0,9653.8,1014.5,0,0
2024-06-28 22:00:00,0.0,8625.2,1007.0,0,0
2024-06-28 23:00:00,0.0,8100.4,1009.0,0,0
2024-06-29 00:00:00,0.0,8965.2,1001.8,0,1
2024-06-29 01:00:00,0.65,9827.4,1021.5,0,1
2024-06-29 02:00:00,0.0,9580.9,1005.9,0,1
2024-06-29 03:00:00,0.0,8733.2,1011.4,0,1
2024-06-29 04:00:00,0.0,8129.5,1004.3,0,1
2024-06-29 05:00:00,0.01,9273.8,1009.1,0,1
2024-06-29 06:00:00,0.0,9669.0,1022.0,0,1
2024-06-29 07:00:00,12.14,2169.5,1014.7,0,1
2024-06-29 08:00:00,0.0,8850.1,1009.6,0,1
2024-06-29 09:00:00,0.0,8246.7,1013.1,0,1
2024-06-29 10:00:00,0.0,9821.5,1010.4,0,1
2024-06-29 11:00:00,0.0,8551.9,1012.8,0,1
2024-06-29 12:00:00,0.0,8448.6,1017.0,0,1
2024-06-29 13:00:00,0.0,9632.0,1011.6,0,1
2024-06-29 14:00:00,0.0,9962.4,1014.3,0,1
2024-06-29 15:00:00,0.0,9320.3,1014.4,0,1
2024-06-29 16:00:00,0.0,9249.6,1011.6,0,1
2024-06-29 17:00:00,0.0,8638.9,1009.6,0,1
2024-06-29 18:00:00,0.0,8040.8,1010.6,0,1
2024-06-29 19:00:00,0.0,8383.6,1016.7,0,1
2024-06-29 20:00:00,0.0,9168.9,1017.2,0,1
2024-06-29 21:00:00,0.0,8302.6,1007.6,0,1
2024-06-29 22:00:00,0.0,9767.7,1011.9,0,1
2024-06-29 23:00:00,0.0,8376.3,1009.5,0,1
2024-06-30 00:00:00,0.0,9044.2,1017.2,0,1
2024-06-30 01:00:00,0.0,9024.0,1010.9,0,1
2024-06-30 02:00:00,0.0,9207.9,1024.3,0,1
2024-06-30 03:00:00,0.0,8654.9,1014.3,0,1
2024-06-30 04:00:00,0.0,9747.1,1019.2,0,1
2024-06-30 05:00:00,0.0,8888.6,1008.2,0,1
2024-06-30 06:00:00,0.0,9400.3,1013.3,0,1
2024-06-30 07:00:00,0.0,9271.8,1016.3,0,1
2024-06-30 08:00:00,0.0,8234.3,1008.1,0,1
2024-06-30 09:00:00,2.01,9245.3,1013.4,0,1
2024-06-30 10:00:00,0.0,9101.4,1018.5,0,1
2024-06-30 11:00:00,0.0,9797.2,1011.6,0,1
2024-06-30 12:00:00,0.0,9761.8,1009.0,0,1
2024-06-30 13:00:00,0.0,8301.9,1022.3,0,1
2024-06-30 14:00:00,0.0,8163.4,1007.4,0,1
2024-06-30 15:00:00,0.0,8589.2,1014.0,0,1
2024-06-30 16:00:00,0.0,9973.2,1009.7,0,1
2024-06-30 17:00:00,0.0,8043.1,1008.6,0,1
2024-06-30 18:00:00,0.0,9345.8,1017.0,0,1
2024-06-30 19:00:00,0.0,9217.0,1012.2,0,1
2024-06-30 20:00:00,0.0,9293.2,1015.3,0,1
2024-06-30 21:00:00,0.0,8436.6,1002.0,0,1
2024-06-30 22:00:00,0.0,8453.4,1015.8,0,1
2024-06-30 23:00:00,0.0,8861.3,1009.6,0,1
2024-07-01 00:00:00,0.0,8191.7,1003.9,0,0
2024-07-01 01:00:00,0.0,8149.2,1022.7,0,0
2024-07-01 02:00:00,0.0,8176.7,1016.3,0,0
2024-07-01 03:00:00,0.0,9146.0,1014.4,0,0
2024-07-01 04:00:00,0.0,8795.5,1019.5,0,0
2024-07-01 05:00:00,0.0,8587.2,1014.5,0,0
2024-07-01 06:00:00,0.0,8631.6,1009.3,0,0
2024-07-01 07:00:00,0.0,8414.6,1012.4,0,0
2024-07-01 08:00:00,0.0,8823.0,1009.9,0,0
2024-07-01 09:00:00,0.0,8406.1,1010.7,0,0
2024-07-01 10:00:00,0.0,9396.1,1007.0,0,0
2024-07-01 11:00:00,0.0,8247.9,1008.4,0,0
2024-07-01 12:00:00,0.0,9896.5,1017.7,0,0
2024-07-01 13:00:00,0.0,8179.6,1014.9,0,0
2024-07-01 14:00:00,0.0,9886.9,1010.7,0,0
2024-07-01 15:00:00,0.0,9666.6,1008.1,0,0
2024-07-01 16:00:00,0.0,9361.4,1011.2,0,0
2024-07-01 17:00:00,0.0,9824.6,1004.8,0,0
2024-07-01 18:00:00,10.11,1299.6,1013.9,0,0
2024-07-01 19:00:00,0.0,8352.6,1018.0,0,0
2024-07-01 20:00:00,0.0,8504.3,1025.1,0,0
2024-07-01 21:00:00,0.0,8489.6,1007.7,0,0
2024-07-01 22:00:00,0.0,8621.7,1017.8,0,0
2024-07-01 23:00:00,0.0,9151.3,1009.7,0,0
2024-07-02 00:00:00,0.0,8056.3,1007.6,0,0
2024-07-02 01:00:00,0.0,8764.5,1007.6,0,0
2024-07-02 02:00:00,0.97,8492.8,1014.0,0,0
2024-07-02 03:00:00,0.0,9213.3,1008.6,0,0
2024-07-02 04:00:00,0.0,9970.3,1010.2,0,0
2024-07-02 05:00:00,0.0,9035.3,1011.0,0,0
2024-07-02 06:00:00,0.0,8851.4,1009.6,0,0
2024-07-02 07:00:00,0.0,8736.5,1009.2,0,0
2024-07-02 08:00:00,0.0,9569.9,1001.1,0,0
2024-07-02 09:00:00,0.0,8144.0,1013.7,0,0
2024-07-02 10:00:00,0.0,9919.5,1013.6,0,0
2024-07-02 11:00:00,0.0,8835.8,1009.3,0,0
2024-07-02 12:00:00,1.34,8627.4,1015.1,0,0
2024-07-02 13:00:00,0.0,9948.1,1020.2,0,0
2024-07-02 14:00:00,1.76,9871.8,1013.4,0,0
2024-07-02 15:00:00,0.0,9283.9,1019.9,0,0
2024-07-02 16:00:00,0.0,8037.0,1024.4,0,0
2024-07-02 17:00:00,0.0,9497.1,1025.9,0,0
2024-07-02 18:00:00,0.0,8671.1,1007.3,0,0
2024-07-02 19:00:00,0.0,8776.6,1007.3,0,0
2024-07-02 20:00:00,0.0,8317.5,1011.0,0,0
2024-07-02 21:00:00,0.0,9046.9,1013.9,0,0
2024-07-02 22:00:00,0.0,9489.1,1021.2,0,0
2024-07-02 23:00:00,0.0,8546.0,1016.4,0,0
2024-07-03 00:00:00,0.0,9877.5,1007.2,0,0
2024-07-03 01:00:00,0.0,8389.5,1010.2,0,0
2024-07-03 02:00:00,0.0,8132.5,1013.0,0,0
2024-07-03 03:00:00,0.0,9288.7,1005.8,0,0
2024-07-03 04:00:00,0.0,9698.6,1013.3,0,0
2024-07-03 05:00:00,0.16,9906.3,1007.3,0,0
2024-07-03 06:00:00,0.0,9534.3,1005.0,0,0
2024-07-03 07:00:00,0.0,8399.3,1008.5,0,0
2024-07-03 08:00:00,0.0,9955.3,1015.3,0,0
2024-07-03 09:00:00,0.0,9838.9,1015.3,0,0
2024-07-03 10:00:00,0.0,8326.3,1013.7,0,0
2024-07-03 11:00:00,0.0,9117.6,1018.2,0,0
2024-07-03 12:00:00,0.0,9111.0,1017.7,0,0
2024-07-03 13:00:00,0.0,8885.1,1014.3,0,0
2024-07-03 14:00:00,0.0,9968.6,1013.6,0,0
2024-07-03 15:00:00,0.0,8119.2,1013.9,0,0
2024-07-03 16:00:00,0.0,9254.4,1012.5,0,0
2024-07-03 17:00:00,2.94,8410.6,1002.4,0,0
2024-07-03 18:00:00,0.0,9054.7,1018.9,0,0
2024-07-03 19:00:00,0.0,9559.5,1015.2,0,0
2024-07-03 20:00:00,0.0,8493.5,1007.2,0,0
2024-07-03 21:00:00,0.0,8786.7,1020.4,0,0
2024-07-03 22:00:00,1.48,9901.5,1010.3,0,0
2024-07-03 23:00:00,0.0,9523.0,1012.7,0,0
2024-07-04 00:00:00,0.0,9145.4,1018.4,0,0
2024-07-04 01:00:00,0.0,8444.0,1014.4,0,0
2024-07-04 02:00:00,0.0,8850.6,1019.9,0,0
2024-07-04 03:00:00,0.0,9548.1,1011.5,0,0
2024-07-04 04:00:00,0.0,9641.1,1021.7,0,0
2024-07-04 05:00:00,8.69,2915.8,1009.4,0,0
2024-07-04 06:00:00,0.0,9324.1,1019.8,0,0
2024-07-04 07:00:00,0.0,8190.0,1001.9,0,0
2024-07-04 08:00:00,0.0,8046.4,1007.7,0,0
2024-07-04 09:00:00,0.0,9097.3,1014.7,0,0
2024-07-04 10:00:00,0.0,8448.8,1011.2,0,0
2024-07-04 11:00:00,0.0,8157.8,1012.9,0,0
2024-07-04 12:00:00,0.0,9459.7,1013.5,0,0
2024-07-04 13:00:00,0.0,8995.9,1007.3,0,0
2024-07-04 14:00:00,0.0,9592.6,1007.7,0,0
2024-07-04 15:00:00,0.0,9327.9,1014.4,0,0
2024-07-04 16:00:00,0.0,9459.6,1009.9,0,0
2024-07-04 17:00:00,0.0,8614.7,1020.0,0,0
2024-07-04 18:00:00,0.0,8526.6,1012.3,0,0
2024-07-04 19:00:00,0.0,9201.7,1016.8,0,0
2024-07-04 20:00:00,0.0,8400.2,1015.5,0,0
2024-07-04 21:00:00,0.0,9630.8,1010.2,0,0
2024-07-04 22:00:00,5.36,1974.0,1003.3,0,0
2024-07-04 23:00:00,0.0,8454.0,1019.2,0,0
2024-07-05 00:00:00,0.0,9250.3,1008.4,0,0
2024-07-05 01:00:00,0.0,9890.1,1011.2,0,0
2024-07-05 02:00:00,0.0,8164.2,1012.5,0,0
2024-07-05 03:00:00,0.0,8218.7,1013.0,0,0
2024-07-05 04:00:00,0.41,9687.7,1018.1,0,0
2024-07-05 05:00:00,0.0,8219.2,1013.3,0,0
2024-07-05 06:00:00,0.0,8078.8,1012.6,0,0
2024-07-05 07:00:00,1.98,8695.9,1018.3,0,0
2024-07-05 08:00:00,0.0,8933.4,1016.3,0,0
2024-07-05 09:00:00,0.0,9138.9,1009.6,0,0
2024-07-05 10:00:00,0.0,9014.6,1007.5,0,0
2024-07-05 11:00:00,0.0,9826.4,1009.1,0,0
2024-07-05 12:00:00,0.0,9537.3,1013.0,0,0
2024-07-05 13:00:00,0.0,9967.6,1007.0,0,0
2024-07-05 14:00:00,0.0,8952.9,1013.7,0,0
2024-07-05 15:00:00,0.0,8168.7,1012.6,0,0
2024-07-05 16:00:00,0.0,9911.1,1000.5,0,0
2024-07-05 17:00:00,0.0,8008.2,1006.2,0,0
2024-07-05 18:00:00,0.0,9552.2,998.8,0,0
2024-07-05 19:00:00,0.0,8062.6,1011.5,0,0
2024-07-05 20:00:00,0.0,9522.4,1018.6,0,0
2024-07-05 21:00:00,0.0,9875.9,1003.8,0,0
2024-07-05 22:00:00,0.0,8778.5,1006.6,0,0
2024-07-05 23:00:00,0.0,8481.9,1012.4,0,0
2024-07-06 00:00:00,0.0,8452.6,1007.9,0,1
2024-07-06 01:00:00,0.0,8983.4,1007.9,0,1
2024-07-06 02:00:00,0.0,8341.8,1016.0,0,1
2024-07-06 03:00:00,0.0,9345.8,1010.8,0,1
2024-07-06 04:00:00,0.0,8736.7,1005.8,0,1
2024-07-06 05:00:00,0.0,8646.2,1002.8,0,1
2024-07-06 06:00:00,0.0,8922.6,1024.3,0,1
2024-07-06 07:00:00,0.0,9085.2,1018.9,0,1
2024-07-06 08:00:00,0.0,8283.9,1011.0,0,1
2024-07-06 09:00:00,0.0,9415.5,1013.7,0,1
2024-07-06 10:00:00,0.0,9765.9,1010.8,0,1
2024-07-06 11:00:00,0.0,8556.0,1015.8,0,1
2024-07-06 12:00:00,0.0,8360.8,1009.0,0,1
2024-07-06 13:00:00,0.0,9521.0,1010.5,0,1
2024-07-06 14:00:00,0.0,8367.1,1015.5,0,1
2024-07-06 15:00:00,0.0,8082.5,1020.5,0,1
2024-07-06 16:00:00,0.0,9238.5,1017.0,0,1
2024-07-06 17:00:00,0.0,8479.5,1019.4,0,1
2024-07-06 18:00:00,0.0,8343.6,1011.7,0,1
2024-07-06 19:00:00,0.0,9963.2,1010.1,0,1
2024-07-06 20:00:00,0.0,8583.7,1003.6,0,1
2024-07-06 21:00:00,6.94,2920.8,1013.6,0,1
2024-07-06 22:00:00,0.0,8356.4,1015.1,0,1
2024-07-06 23:00:00,0.0,9638.0,1011.7,0,1
2024-07-07 00:00:00,0.0,9004.0,1009.4,0,1
2024-07-07 01:00:00,0.0,8157.2,1019.5,0,1
2024-07-07 02:00:00,0.0,9467.2,1016.4,0,1
2024-07-07 03:00:00,0.0,9784.1,1019.8,0,1
2024-07-07 04:00:00,0.0,8326.0,1008.5,0,1
2024-07-07 05:00:00,0.0,9451.2,1009.7,0,1
2024-07-07 06:00:00,0.0,8890.1,1019.3,0,1
2024-07-07 07:00:00,0.0,9507.7,1013.0,0,1
2024-07-07 08:00:00,0.0,9427.9,1010.4,0,1
2024-07-07 09:00:00,0.0,8053.2,1010.8,0,1
2024-07-07 10:00:00,0.0,8357.4,1013.2,0,1
2024-07-07 11:00:00,0.0,8942.1,1018.3,0,1
2024-07-07 12:00:00,0.0,9867.2,1012.4,0,1
2024-07-07 13:00:00,0.0,8684.1,1017.2,0,1
2024-07-07 14:00:00,0.0,9257.7,1015.6,0,1
2024-07-07 15:00:00,0.0,8024.2,1008.9,0,1
2024-07-07 16:00:00,0.0,9422.3,1008.9,0,1
2024-07-07 17:00:00,0.0,9206.1,1011.0,0,1
2024-07-07 18:00:00,0.0,9430.8,1006.6,0,1
2024-07-07 19:00:00,0.0,9809.3,1010.7,0,1
2024-07-07 20:00:00,0.0,8293.0,1020.8,0,1
2024-07-07 21:00:00,0.0,8523.2,1013.1,0,1
2024-07-07 22:00:00,0.0,9991.6,1009.4,0,1
2024-07-07 23:00:00,0.0,8312.6,1022.8,0,1
2024-07-08 00:00:00,0.0,9441.3,1008.6,0,0
2024-07-08 01:00:00,0.0,9450.2,1008.4,0,0
2024-07-08 02:00:00,0.0,9366.0,1019.4,0,0
2024-07-08 03:00:00,0.0,8454.9,1016.6,0,0
2024-07-08 04:00:00,0.0,8430.3,1012.6,0,0
2024-07-08 05:00:00,0.0,9332.7,1017.4,0,0
2024-07-08 06:00:00,0.0,8372.5,1014.8,0,0
2024-07-08 07:00:00,0.0,9323.1,1007.3,0,0
2024-07-08 08:00:00,0.0,8985.1,1001.3,0,0
2024-07-08 09:00:00,0.0,8773.3,1010.4,0,0
2024-07-08 10:00:00,0.0,8600.5,1018.7,0,0
2024-07-08 11:00:00,0.0,9895.2,1011.1,0,0
2024-07-08 12:00:00,0.0,9016.2,1015.6,0,0
2024-07-08 13:00:00,0.0,9122.5,1014.2,0,0
2024-07-08 14:00:00,1.28,9898.5,1004.8,0,0
2024-07-08 15:00:00,0.0,9307.8,1011.2,0,0
2024-07-08 16:00:00,0.0,9915.7,1015.0,0,0
2024-07-08 17:00:00,0.0,8212.7,1009.3,0,0
2024-07-08 18:00:00,0.0,9693.3,1011.4,0,0
2024-07-08 19:00:00,0.0,8670.8,1015.2,0,0
2024-07-08 20:00:00,0.0,9621.0,1013.6,0,0
2024-07-08 21:00:00,0.0,9711.3,1018.5,0,0
2024-07-08 22:00:00,7.65,2620.7,1015.2,0,0
2024-07-08 23:00:00,2.92,8817.7,1008.5,0,0
2024-07-09 00:00:00,0.0,9452.0,1010.9,0,0
2024-07-09 01:00:00,0.0,8198.1,1013.4,0,0
2024-07-09 02:00:00,0.0,9511.1,1019.9,0,0
2024-07-09 03:00:00,0.0,8220.9,1010.9,0,0
2024-07-09 04:00:00,0.0,9828.9,1004.6,0,0
2024-07-09 05:00:00,0.0,8552.7,1015.5,0,0
2024-07-09 06:00:00,0.0,9151.2,1009.5,0,0
2024-07-09 07:00:00,0.0,8234.3,1006.8,0,0
2024-07-09 08:00:00,0.0,8539.0,1013.3,0,0
2024-07-09 09:00:00,0.0,8807.9,1018.1,0,0
2024-07-09 10:00:00,0.0,8974.1,1010.4,0,0
2024-07-09 11:00:00,0.0,8000.1,1015.7,0,0
2024-07-09 12:00:00,0.0,9777.3,1016.7,0,0
2024-07-09 13:00:00,0.0,8015.3,1017.2,0,0
2024-07-09 14:00:00,0.0,9547.4,1009.6,0,0
2024-07-09 15:00:00,0.0,8941.2,1007.6,0,0
2024-07-09 16:00:00,0.0,9047.8,1008.3,0,0
2024-07-09 17:00:00,0.0,8416.5,1017.2,0,0
2024-07-09 18:00:00,1.75,9214.7,1016.6,0,0
2024-07-09 19:00:00,0.0,9074.5,1008.5,0,0
2024-07-09 20:00:00,6.26,584.6,1023.9,0,0
2024-07-09 21:00:00,0.0,8476.2,1007.9,0,0
2024-07-09 22:00:00,0.0,8133.8,1018.2,0,0
2024-07-09 23:00:00,0.0,8132.6,1020.8,0,0
2024-07-10 00:00:00,0.0,8027.6,1013.8,0,0
2024-07-10 01:00:00,2.01,8440.9,1009.4,0,0
2024-07-10 02:00:00,0.0,9359.3,1009.5,0,0
2024-07-10 03:00:00,0.0,8632.4,1011.9,0,0
2024-07-10 04:00:00,0.0,8685.5,1018.7,0,0
2024-07-10 05:00:00,0.0,8263.8,1007.3,0,0
2024-07-10 06:00:00,0.0,9150.9,1004.1,0,0
2024-07-10 07:00:00,0.0,8684.3,1015.1,0,0
2024-07-10 08:00:00,0.0,9352.6,1016.2,0,0
2024-07-10 09:00:00,0.0,9482.9,1023.1,0,0
2024-07-10 10:00:00,0.0,9169.4,1006.3,0,0
2024-07-10 11:00:00,0.0,8552.1,1012.6,0,0
2024-07-10 12:00:00,0.0,9017.2,1019.1,0,0
2024-07-10 13:00:00,0.0,8503.9,1013.9,0,0
2024-07-10 14:00:00,0.0,9805.8,1012.3,0,0
2024-07-10 15:00:00,0.0,9532.8,1017.2,0,0
2024-07-10 16:00:00,0.0,8986.0,1010.3,0,0
2024-07-10 17:00:00,0.0,9930.9,1017.5,0,0
2024-07-10 18:00:00,0.0,9093.5,1007.0,0,0
2024-07-10 19:00:00,0.0,8657.1,1005.7,0,0
2024-07-10 20:00:00,0.0,8190.9,1011.9,0,0
2024-07-10 21:00:00,0.0,9087.5,1000.4,0,0
2024-07-10 22:00:00,0.0,9720.8,1013.7,0,0
2024-07-10 23:00:00,0.0,9733.4,1004.6,0,0
2024-07-11 00:00:00,5.86,1751.7,1014.7,0,0
2024-07-11 01:00:00,0.0,8786.9,1014.2,0,0
2024-07-11 02:00:00,0.0,9300.6,1012.9,0,0
2024-07-11 03:00:00,0.0,9524.3,1015.4,0,0
2024-07-11 04:00:00,0.0,8823.2,1014.3,0,0
2024-07-11 05:00:00,0.0,8952.5,1011.8,0,0
2024-07-11 06:00:00,0.0,9361.2,1022.4,0,0
2024-07-11 07:00:00,0.0,9753.3,1015.2,0,0
2024-07-11 08:00:00,0.0,9582.0,1017.1,0,0
2024-07-11 09:00:00,0.0,8044.8,1018.6,0,0
2024-07-11 10:00:00,0.0,8248.7,1016.6,0,0
2024-07-11 11:00:00,0.0,9705.6,1023.6,0,0
2024-07-11 12:00:00,0.0,9667.6,1014.1,0,0
2024-07-11 13:00:00,0.0,8777.6,1013.2,0,0
2024-07-11 14:00:00,0.0,9168.6,1010.0,0,0
2024-07-11 15:00:00,0.0,9811.7,1012.0,0,0
2024-07-11 16:00:00,2.07,9823.1,1009.6,0,0
2024-07-11 17:00:00,0.0,9566.2,1016.6,0,0
2024-07-11 18:00:00,0.0,8419.2,1008.7,0,0
2024-07-11 19:00:00,0.0,9460.6,1013.6,0,0
2024-07-11 20:00:00,0.0,8202.2,1016.0,0,0
2024-07-11 21:00:00,0.0,9787.9,1014.0,0,0
2024-07-11 22:00:00,0.0,8298.3,1008.8,0,0
2024-07-11 23:00:00,0.0,9324.7,1016.7,0,0
2024-07-12 00:00:00,0.0,9220.5,1012.8,0,0
2024-07-12 01:00:00,0.0,9553.8,998.9,0,0
2024-07-12 02:00:00,0.0,9103.2,1008.3,0,0
2024-07-12 03:00:00,0.68,8119.1,1020.3,0,0
2024-07-12 04:00:00,0.0,9411.7,1020.7,0,0
2024-07-12 05:00:00,0.0,8766.3,1015.9,0,0
2024-07-12 06:00:00,0.0,8640.6,1017.2,0,0
2024-07-12 07:00:00,0.0,9983.3,1009.4,0,0
2024-07-12 08:00:00,15.5,1489.4,1011.9,0,0
2024-07-12 09:00:00,0.0,9421.4,1019.4,0,0
2024-07-12 10:00:00,0.0,9052.7,1015.4,0,0
2024-07-12 11:00:00,0.0,9539.9,1013.6,0,0
2024-07-12 12:00:00,0.0,9504.1,1012.3,0,0
2024-07-12 13:00:00,0.0,9314.3,1019.1,0,0
2024-07-12 14:00:00,0.0,9995.5,1018.9,0,0
2024-07-12 15:00:00,0.0,8919.6,1016.5,0,0
2024-07-12 16:00:00,0.0,9412.4,1013.6,0,0
2024-07-12 17:00:00,0.0,9595.6,1011.5,0,0
2024-07-12 18:00:00,0.0,8752.1,1016.7,0,0
2024-07-12 19:00:00,0.0,8914.4,1007.7,0,0
2024-07-12 20:00:00,0.0,9938.3,1008.8,0,0
2024-07-12 21:00:00,0.0,8064.6,1006.0,0,0
2024-07-12 22:00:00,0.0,8670.6,1019.4,0,0
2024-07-12 23:00:00,0.0,8972.4,1009.6,0,0
2024-07-13 00:00:00,0.0,8002.9,1015.3,0,1
2024-07-13 01:00:00,0.0,9798.3,1012.6,0,1
2024-07-13 02:00:00,0.0,8572.5,1027.7,0,1
2024-07-13 03:00:00,0.0,8515.4,1015.5,0,1
2024-07-13 04:00:00,0.0,9640.7,1003.9,0,1
2024-07-13 05:00:00,0.0,8556.0,1019.1,0,1
2024-07-13 06:00:00,0.0,9315.2,1011.3,0,1
2024-07-13 07:00:00,0.0,9643.0,1012.2,0,1
2024-07-13 08:00:00,0.0,9585.0,1009.9,0,1
2024-07-13 09:00:00,0.0,9563.9,1014.2,0,1
2024-07-13 10:00:00,0.0,8177.3,1014.2,0,1
2024-07-13 11:00:00,0.0,8159.7,1010.0,0,1
2024-07-13 12:00:00,0.0,8613.5,1010.7,0,1
2024-07-13 13:00:00,0.0,8071.9,1013.8,0,1
2024-07-13 14:00:00,0.0,9000.9,1001.5,0,1
2024-07-13 15:00:00,0.0,8789.6,1006.0,0,1
2024-07-13 16:00:00,0.0,9114.1,1021.6,0,1
2024-07-13 17:00:00,0.0,8597.6,1014.9,0,1
2024-07-13 18:00:00,0.0,8971.5,1010.6,0,1
2024-07-13 19:00:00,0.0,8669.5,1004.8,0,1
2024-07-13 20:00:00,0.0,8390.4,1013.0,0,1
2024-07-13 21:00:00,5.28,1468.4,1018.2,0,1
2024-07-13 22:00:00,0.0,9346.9,1026.4,0,1
2024-07-13 23:00:00,0.0,9658.5,1022.7,0,1
2024-07-14 00:00:00,0.0,9749.5,1008.8,0,1
2024-07-14 01:00:00,0.0,9408.9,1010.8,0,1
2024-07-14 02:00:00,8.54,814.9,1005.9,0,1
2024-07-14 03:00:00,0.0,8113.4,1009.0,0,1
2024-07-14 04:00:00,0.0,8219.6,1012.2,0,1
2024-07-14 05:00:00,0.0,9625.1,1011.4,0,1
2024-07-14 06:00:00,0.0,8465.9,1023.5,0,1
2024-07-14 07:00:00,0.0,8711.1,1006.7,0,1
2024-07-14 08:00:00,0.0,8290.6,1013.0,0,1
2024-07-14 09:00:00,0.73,8390.3,1002.9,0,1
2024-07-14 10:00:00,0.0,9550.8,1014.9,0,1
2024-07-14 11:00:00,0.0,8523.7,1006.5,0,1
2024-07-14 12:00:00,0.0,8898.1,1018.8,0,1
2024-07-14 13:00:00,0.0,8303.3,1011.8,0,1
2024-07-14 14:00:00,0.0,9355.9,1006.2,0,1
2024-07-14 15:00:00,0.0,9456.5,1002.7,0,1
2024-07-14 16:00:00,0.0,8723.4,1008.4,0,1
2024-07-14 17:00:00,0.0,9569.5,1014.4,0,1
2024-07-14 18:00:00,0.0,8479.8,1015.4,0,1
2024-07-14 19:00:00,1.15,9383.8,1010.8,0,1
2024-07-14 20:00:00,0.0,9459.9,1017.9,0,1
2024-07-14 21:00:00,0.0,9937.3,1007.6,0,1
2024-07-14 22:00:00,0.0,8464.6,998.6,0,1
2024-07-14 23:00:00,0.0,8187.4,1014.7,0,1
2024-07-15 00:00:00,0.0,8526.1,1019.7,0,0
2024-07-15 01:00:00,0.0,8245.7,1019.7,0,0
2024-07-15 02:00:00,0.0,8339.4,1006.8,0,0
2024-07-15 03:00:00,0.0,8668.2,1010.5,0,0
2024-07-15 04:00:00,0.0,8828.0,1016.9,0,0
2024-07-15 05:00:00,0.0,9807.4,1010.1,0,0
2024-07-15 06:00:00,0.0,8391.2,1013.8,0,0
2024-07-15 07:00:00,0.0,9943.5,1009.7,0,0
2024-07-15 08:00:00,0.0,9620.3,1007.8,0,0
2024-07-15 09:00:00,0.0,9762.9,1008.8,0,0
2024-07-15 10:00:00,0.0,9858.9,1018.0,0,0
2024-07-15 11:00:00,0.0,9506.5,1013.3,0,0
2024-07-15 12:00:00,0.0,9577.6,1019.6,0,0
2024-07-15 13:00:00,4.05,8875.6,1015.9,0,0
2024-07-15 14:00:00,0.0,9020.9,1021.3,0,0
2024-07-15 15:00:00,7.0,940.4,1017.3,0,0
2024-07-15 16:00:00,0.0,8756.5,1017.0,0,0
2024-07-15 17:00:00,0.0,8083.9,1012.6,0,0
2024-07-15 18:00:00,0.0,9525.5,1028.3,0,0
2024-07-15 19:00:00,0.0,9146.3,1013.8,0,0
2024-07-15 20:00:00,0.0,9629.8,1003.4,0,0
2024-07-15 21:00:00,0.0,8151.1,1014.6,0,0
2024-07-15 22:00:00,0.0,9242.5,1008.3,0,0
2024-07-15 23:00:00,0.0,8495.4,1018.3,0,0
2024-07-16 00:00:00,0.0,9806.5,1016.9,0,0
2024-07-16 01:00:00,0.0,8219.8,1012.3,0,0
2024-07-16 02:00:00,0.0,9686.1,1008.8,0,0
2024-07-16 03:00:00,0.0,8177.1,1014.0,0,0
2024-07-16 04:00:00,0.0,8050.2,1010.0,0,0
2024-07-16 05:00:00,2.06,8470.1,1017.2,0,0
2024-07-16 06:00:00,0.0,8666.1,1016.0,0,0
2024-07-16 07:00:00,0.0,9253.1,1027.9,0,0
2024-07-16 08:00:00,0.0,8263.4,1011.0,0,0
2024-07-16 09:00:00,0.0,8874.7,1011.7,0,0
2024-07-16 10:00:00,0.0,8408.5,1012.5,0,0
2024-07-16 11:00:00,0.0,9710.6,1012.7,0,0
2024-07-16 12:00:00,0.0,8089.9,1018.4,0,0
2024-07-16 13:00:00,0.0,8711.9,1011.9,0,0
2024-07-16 14:00:00,0.0,9262.7,1023.1,0,0
2024-07-16 15:00:00,0.2,9826.2,1016.2,0,0
2024-07-16 16:00:00,0.0,9736.0,1010.8,0,0
2024-07-16 17:00:00,0.0,9790.4,1009.5,0,0
2024-07-16 18:00:00,0.0,8125.7,1018.5,0,0
2024-07-16 19:00:00,0.0,9681.8,1013.4,0,0
2024-07-16 20:00:00,0.0,9559.8,1013.3,0,0
2024-07-16 21:00:00,0.0,9804.9,1010.3,0,0
2024-07-16 22:00:00,0.0,8623.2,1012.9,0,0
2024-07-16 23:00:00,0.0,9823.5,1010.1,0,0
2024-07-17 00:00:00,0.0,8805.3,1020.1,0,0
2024-07-17 01:00:00,0.0,9268.2,1016.8,0,0
2024-07-17 02:00:00,0.0,8848.4,1012.4,0,0
2024-07-17 03:00:00,0.0,8855.3,1012.3,0,0
2024-07-17 04:00:00,0.0,9093.3,1013.7,0,0
2024-07-17 05:00:00,0.0,8711.9,1013.2,0,0
2024-07-17 06:00:00,0.0,9585.5,1008.5,0,0
2024-07-17 07:00:00,1.1,9267.3,1003.7,0,0
2024-07-17 08:00:00,0.0,9379.5,1009.3,0,0
2024-07-17 09:00:00,0.98,8462.1,1012.6,0,0
2024-07-17 10:00:00,0.0,9939.2,1009.6,0,0
2024-07-17 11:00:00,0.0,9320.4,1017.3,0,0
2024-07-17 12:00:00,0.0,8394.4,1012.1,0,0
2024-07-17 13:00:00,6.92,2600.4,1022.6,0,0
2024-07-17 14:00:00,0.0,8347.4,1010.4,0,0
2024-07-17 15:00:00,0.0,8126.8,1014.0,0,0
2024-07-17 16:00:00,0.0,9055.1,1011.8,0,0
2024-07-17 17:00:00,0.0,9107.0,1015.4,0,0
2024-07-17 18:00:00,0.0,8377.9,1018.6,0,0
2024-07-17 19:00:00,0.0,8696.8,1016.3,0,0
2024-07-17 20:00:00,0.0,9891.5,1003.1,0,0
2024-07-17 21:00:00,0.0,8570.0,1015.7,0,0
2024-07-17 22:00:00,0.0,8311.1,1008.2,0,0
2024-07-17 23:00:00,0.0,9985.1,1011.7,0,0
2024-07-18 00:00:00,0.0,8604.6,1016.7,0,0
2024-07-18 01:00:00,0.0,9360.5,1007.7,0,0
2024-07-18 02:00:00,0.0,8463.1,1019.0,0,0
2024-07-18 03:00:00,0.0,9100.2,1011.5,0,0
2024-07-18 04:00:00,0.0,8772.6,1024.1,0,0
2024-07-18 05:00:00,0.0,9923.2,1013.6,0,0
2024-07-18 06:00:00,0.0,8865.6,1021.8,0,0
2024-07-18 07:00:00,0.0,9168.3,1019.2,0,0
2024-07-18 08:00:00,0.0,9889.5,1010.2,0,0
2024-07-18 09:00:00,0.0,9978.5,1006.7,0,0
2024-07-18 10:00:00,0.0,8203.3,1013.8,0,0
2024-07-18 11:00:00,0.0,9668.6,1010.3,0,0
2024-07-18 12:00:00,0.0,8764.2,1021.1,0,0
2024-07-18 13:00:00,0.0,9189.7,1012.0,0,0
2024-07-18 14:00:00,0.0,8750.1,1011.7,0,0
2024-07-18 15:00:00,2.7,8802.2,1006.3,0,0
2024-07-18 16:00:00,0.0,8317.7,1015.3,0,0
2024-07-18 17:00:00,0.0,9145.5,1007.4,0,0
2024-07-18 18:00:00,0.0,9093.4,1015.5,0,0
2024-07-18 19:00:00,0.0,8378.7,1016.2,0,0
2024-07-18 20:00:00,0.0,9083.5,1009.5,0,0
2024-07-18 21:00:00,0.0,9946.2,1018.0,0,0
2024-07-18 22:00:00,0.0,9428.8,1011.9,0,0
2024-07-18 23:00:00,0.0,8962.0,1005.9,0,0
2024-07-19 00:00:00,0.0,9832.2,1021.0,0,0
2024-07-19 01:00:00,0.0,9150.6,1008.6,0,0
2024-07-19 02:00:00,0.0,8270.1,1015.8,0,0
2024-07-19 03:00:00,0.0,9095.0,1015.4,0,0
2024-07-19 04:00:00,0.0,8361.9,1015.2,0,0
2024-07-19 05:00:00,0.0,9535.0,1015.1,0,0
2024-07-19 06:00:00,0.0,9934.3,1008.4,0,0
2024-07-19 07:00:00,2.13,8721.6,1021.7,0,0
2024-07-19 08:00:00,0.0,8869.8,1018.0,0,0
2024-07-19 09:00:00,0.0,8843.0,1015.6,0,0
2024-07-19 10:00:00,0.0,8570.6,1006.6,0,0
2024-07-19 11:00:00,0.0,9588.4,1008.4,0,0
2024-07-19 12:00:00,0.0,9235.5,1016.5,0,0
2024-07-19 13:00:00,0.0,8128.1,1003.2,0,0
2024-07-19 14:00:00,0.0,9677.6,1014.9,0,0
2024-07-19 15:00:00,5.31,2877.8,1006.6,0,0
2024-07-19 16:00:00,0.0,9958.3,1008.9,0,0
2024-07-19 17:00:00,0.0,8753.3,1006.2,0,0
2024-07-19 18:00:00,0.0,9232.9,1014.5,0,0
2024-07-19 19:00:00,0.0,8155.6,1018.8,0,0
2024-07-19 20:00:00,0.0,8689.3,1015.0,0,0
2024-07-19 21:00:00,0.0,9604.7,1015.5,0,0
2024-07-19 22:00:00,0.0,8954.4,1014.1,0,0
2024-07-19 23:00:00,0.0,9809.2,1016.7,0,0
2024-07-20 00:00:00,0.0,9150.3,1015.6,0,1
2024-07-20 01:00:00,0.0,9857.1,999.7,0,1
2024-07-20 02:00:00,0.0,9965.2,1017.8,0,1
2024-07-20 03:00:00,0.0,8907.8,1017.3,0,1
2024-07-20 04:00:00,0.0,9130.3,1011.4,0,1
2024-07-20 05:00:00,0.0,9669.8,1003.4,0,1
2024-07-20 06:00:00,0.0,8443.1,1014.5,0,1
2024-07-20 07:00:00,0.0,9723.3,1014.9,0,1
2024-07-20 08:00:00,0.0,9183.8,1011.0,0,1
2024-07-20 09:00:00,0.0,9451.0,1014.2,0,1
2024-07-20 10:00:00,0.0,8159.7,1018.6,0,1
2024-07-20 11:00:00,0.0,9532.4,1025.2,0,1
2024-07-20 12:00:00,0.0,8621.6,1014.0,0,1
2024-07-20 13:00:00,0.0,9610.5,1014.9,0,1
2024-07-20 14:00:00,0.0,9018.3,1009.1,0,1
2024-07-20 15:00:00,0.0,8549.2,1010.7,0,1
2024-07-20 16:00:00,0.72,9905.5,1012.6,0,1
2024-07-20 17:00:00,0.77,9530.1,1019.1,0,1
2024-07-20 18:00:00,0.0,9971.4,1017.3,0,1
2024-07-20 19:00:00,0.0,8728.9,1022.9,0,1
2024-07-20 20:00:00,0.0,9298.4,1005.8,0,1
2024-07-20 21:00:00,0.0,9223.2,1006.6,0,1
2024-07-20 22:00:00,1.66,9375.1,1018.8,0,1
2024-07-20 23:00:00,0.0,8076.6,1020.5,0,1
2024-07-21 00:00:00,0.0,8583.4,1013.4,0,1
2024-07-21 01:00:00,0.0,9818.7,990.9,0,1
2024-07-21 02:00:00,2.85,8847.6,1009.5,0,1
2024-07-21 03:00:00,0.0,9921.3,1014.9,0,1
2024-07-21 04:00:00,0.0,8427.0,1008.8,0,1
2024-07-21 05:00:00,0.0,9994.8,1014.2,0,1
2024-07-21 06:00:00,0.0,9395.2,1022.7,0,1
2024-07-21 07:00:00,0.0,9552.8,1020.4,0,1
2024-07-21 08:00:00,0.0,8793.7,1017.3,0,1
2024-07-21 09:00:00,1.93,9814.0,1012.9,0,1
2024-07-21 10:00:00,0.0,9090.9,1010.8,0,1
2024-07-21 11:00:00,0.0,9361.9,1017.0,0,1
2024-07-21 12:00:00,0.0,8189.6,1013.4,0,1
2024-07-21 13:00:00,0.0,9263.4,1013.5,0,1
2024-07-21 14:00:00,0.0,9758.2,1005.5,0,1
2024-07-21 15:00:00,0.0,8356.6,1009.7,0,1
2024-07-21 16:00:00,0.0,9475.5,1017.0,0,1
2024-07-21 17:00:00,0.0,8050.8,1007.7,0,1
2024-07-21 18:00:00,0.0,9852.4,1014.6,0,1
2024-07-21 19:00:00,0.0,9965.8,1015.3,0,1
2024-07-21 20:00:00,0.0,8708.4,1015.6,0,1
2024-07-21 21:00:00,0.0,8214.1,1016.1,0,1
2024-07-21 22:00:00,0.0,9317.2,1016.4,0,1
2024-07-21 23:00:00,0.0,8059.7,1010.1,0,1
2024-07-22 00:00:00,0.0,8965.0,1005.9,0,0
2024-07-22 01:00:00,0.0,8543.6,1008.9,0,0
2024-07-22 02:00:00,0.0,8946.7,1016.9,0,0
2024-07-22 03:00:00,0.0,8036.6,1007.2,0,0
2024-07-22 04:00:00,0.0,8103.2,1008.0,0,0
2024-07-22 05:00:00,0.0,8032.0,1008.0,0,0
2024-07-22 06:00:00,0.0,9238.3,1004.0,0,0
2024-07-22 07:00:00,0.0,9120.2,1007.5,0,0
2024-07-22 08:00:00,0.0,8466.3,1018.3,0,0
2024-07-22 09:00:00,0.0,9293.3,1009.7,0,0
2024-07-22 10:00:00,0.0,9768.4,1004.5,0,0
2024-07-22 11:00:00,0.0,8554.6,1010.7,0,0
2024-07-22 12:00:00,0.0,9664.0,1015.8,0,0
2024-07-22 13:00:00,0.0,9325.0,1004.1,0,0
2024-07-22 14:00:00,0.0,8067.6,1018.0,0,0
2024-07-22 15:00:00,0.0,8750.3,1006.0,0,0
2024-07-22 16:00:00,0.0,9015.5,1011.3,0,0
2024-07-22 17:00:00,0.0,9463.4,1011.2,0,0
2024-07-22 18:00:00,0.0,8574.3,1010.4,0,0
2024-07-22 19:00:00,0.0,9965.5,1012.9,0,0
2024-07-22 20:00:00,0.0,9369.1,1017.1,0,0
2024-07-22 21:00:00,0.0,8745.6,1013.0,0,0
2024-07-22 22:00:00,0.0,8194.1,1010.2,0,0
2024-07-22 23:00:00,0.0,8362.7,1015.5,0,0
2024-07-23 00:00:00,0.0,8975.2,1014.3,0,0
2024-07-23 01:00:00,0.0,8989.4,1009.9,0,0
2024-07-23 02:00:00,0.0,9535.4,1013.5,0,0
2024-07-23 03:00:00,0.0,9452.4,1009.5,0,0
2024-07-23 04:00:00,0.0,8402.5,1008.9,0,0
2024-07-23 05:00:00,0.0,9189.9,1017.3,0,0
2024-07-23 06:00:00,0.0,8041.2,1015.5,0,0
2024-07-23 07:00:00,0.0,8797.1,1017.1,0,0
2024-07-23 08:00:00,2.23,9528.2,1016.4,0,0
2024-07-23 09:00:00,0.0,8799.0,1008.8,0,0
2024-07-23 10:00:00,2.05,9671.2,1018.3,0,0
2024-07-23 11:00:00,0.0,9952.3,1011.8,0,0
2024-07-23 12:00:00,0.0,9214.4,1017.9,0,0
2024-07-23 13:00:00,0.0,8290.0,1012.6,0,0
2024-07-23 14:00:00,0.0,8759.4,1014.8,0,0
2024-07-23 15:00:00,0.0,8019.0,1015.0,0,0
2024-07-23 16:00:00,0.0,9205.5,1017.3,0,0
2024-07-23 17:00:00,0.0,9643.1,1005.1,0,0
2024-07-23 18:00:00,0.0,9259.9,1005.4,0,0
2024-07-23 19:00:00,0.0,9572.2,1016.6,0,0
2024-07-23 20:00:00,0.0,9599.8,1015.0,0,0
2024-07-23 21:00:00,0.0,9702.0,1009.4,0,0
2024-07-23 22:00:00,0.0,8533.3,1015.1,0,0
2024-07-23 23:00:00,0.0,9742.5,1006.2,0,0
2024-07-24 00:00:00,9.92,2007.6,1029.6,0,0
2024-07-24 01:00:00,0.0,8579.5,1019.8,0,0
2024-07-24 02:00:00,0.0,9974.6,1016.4,0,0
2024-07-24 03:00:00,0.0,9900.4,1013.6,0,0
2024-07-24 04:00:00,0.0,9148.9,1010.2,0,0
2024-07-24 05:00:00,0.0,9686.4,1006.7,0,0
2024-07-24 06:00:00,0.0,8523.0,1012.7,0,0
2024-07-24 07:00:00,0.0,8832.1,1009.0,0,0
2024-07-24 08:00:00,0.0,8367.9,1009.2,0,0
2024-07-24 09:00:00,0.0,9040.2,1006.2,0,0
2024-07-24 10:00:00,0.0,8992.0,1014.5,0,0
2024-07-24 11:00:00,0.0,8425.6,1011.4,0,0
2024-07-24 12:00:00,5.04,1460.8,1015.9,0,0
2024-07-24 13:00:00,0.0,8235.6,1015.5,0,0
2024-07-24 14:00:00,0.0,8123.4,1014.4,0,0
2024-07-24 15:00:00,0.0,8769.8,1026.5,0,0
2024-07-24 16:00:00,0.0,8819.6,1017.4,0,0
2024-07-24 17:00:00,0.0,8639.5,1006.9,0,0
2024-07-24 18:00:00,0.0,8515.9,1015.5,0,0
2024-07-24 19:00:00,0.0,8677.6,1013.0,0,0
2024-07-24 20:00:00,0.0,8326.8,1006.5,0,0
2024-07-24 21:00:00,0.0,8806.9,1006.1,0,0
2024-07-24 22:00:00,0.0,9809.2,1015.5,0,0
2024-07-24 23:00:00,0.0,8448.9,1016.7,0,0
2024-07-25 00:00:00,0.0,9368.9,1008.0,0,0
2024-07-25 01:00:00,0.41,8283.6,1018.1,0,0
2024-07-25 02:00:00,0.0,8707.8,1014.7,0,0
2024-07-25 03:00:00,0.0,8642.3,1019.2,0,0
2024-07-25 04:00:00,0.0,9874.1,1018.7,0,0
2024-07-25 05:00:00,0.0,8856.0,1012.5,0,0
2024-07-25 06:00:00,0.0,9380.9,1021.4,0,0
2024-07-25 07:00:00,0.0,9204.9,1007.6,0,0
2024-07-25 08:00:00,0.0,8282.1,1025.2,0,0
2024-07-25 09:00:00,0.0,9879.1,1008.9,0,0
2024-07-25 10:00:00,0.0,8691.7,1013.0,0,0
2024-07-25 11:00:00,0.0,8089.5,1010.4,0,0
2024-07-25 12:00:00,0.0,8600.9,1011.4,0,0
2024-07-25 13:00:00,0.0,8671.3,1027.9,0,0
2024-07-25 14:00:00,0.0,8185.5,1010.9,0,0
2024-07-25 15:00:00,0.0,9240.0,1017.5,0,0
2024-07-25 16:00:00,0.0,8693.5,1012.1,0,0
2024-07-25 17:00:00,0.0,9258.3,1017.9,0,0
2024-07-25 18:00:00,0.0,8013.5,1010.5,0,0
2024-07-25 19:00:00,0.0,9964.1,1014.5,0,0
2024-07-25 20:00:00,0.0,8341.0,1016.4,0,0
2024-07-25 21:00:00,0.0,9318.7,1009.6,0,0
2024-07-25 22:00:00,16.29,2852.3,1027.0,0,0
2024-07-25 23:00:00,0.0,8343.2,1016.7,0,0
2024-07-26 00:00:00,0.73,8223.4,1012.1,0,0
2024-07-26 01:00:00,0.0,8305.2,1009.8,0,0
2024-07-26 02:00:00,0.0,8493.6,1013.7,0,0
2024-07-26 03:00:00,0.0,8336.5,1007.2,0,0
2024-07-26 04:00:00,0.0,9348.0,1022.2,0,0
2024-07-26 05:00:00,0.0,8841.7,1015.4,0,0
2024-07-26 06:00:00,0.0,9075.6,1012.8,0,0
2024-07-26 07:00:00,0.0,8094.7,1018.5,0,0
2024-07-26 08:00:00,0.0,9722.5,1009.6,0,0
2024-07-26 09:00:00,0.0,8341.1,1007.5,0,0
2024-07-26 10:00:00,0.0,8720.3,1012.6,0,0
2024-07-26 11:00:00,0.0,8143.8,1013.9,0,0
2024-07-26 12:00:00,1.11,8273.6,1015.9,0,0
2024-07-26 13:00:00,0.0,9331.6,1005.9,0,0
2024-07-26 14:00:00,0.0,9385.2,1011.0,0,0
2024-07-26 15:00:00,0.0,9353.9,997.8,0,0
2024-07-26 16:00:00,0.0,9104.3,1007.3,0,0
2024-07-26 17:00:00,0.0,9905.0,1016.8,0,0
2024-07-26 18:00:00,0.0,9014.4,1018.1,0,0
2024-07-26 19:00:00,0.0,8898.8,1007.5,0,0
2024-07-26 20:00:00,0.0,8495.1,1011.6,0,0
2024-07-26 21:00:00,0.0,8197.7,1013.4,0,0
2024-07-26 22:00:00,0.29,9096.3,1018.6,0,0
2024-07-26 23:00:00,0.0,8629.8,1020.9,0,0
2024-07-27 00:00:00,0.0,9048.1,1014.0,0,1
2024-07-27 01:00:00,0.0,8412.2,1011.9,0,1
2024-07-27 02:00:00,0.0,9676.3,1006.0,0,1
2024-07-27 03:00:00,0.0,9999.4,1013.8,0,1
2024-07-27 04:00:00,0.0,8644.8,1023.6,0,1
2024-07-27 05:00:00,0.0,9684.7,1019.7,0,1
2024-07-27 06:00:00,0.0,9746.0,1014.1,0,1
2024-07-27 07:00:00,0.0,9992.1,1014.8,0,1
2024-07-27 08:00:00,0.0,8685.4,1009.8,0,1
2024-07-27 09:00:00,0.0,9512.1,1011.5,0,1
2024-07-27 10:00:00,0.0,8457.6,1014.0,0,1
2024-07-27 11:00:00,0.0,9249.6,1014.0,0,1
2024-07-27 12:00:00,0.0,9409.7,1018.3,0,1
2024-07-27 13:00:00,0.0,9482.2,1018.1,0,1
2024-07-27 14:00:00,0.0,8414.3,1015.9,0,1
2024-07-27 15:00:00,0.0,9697.5,1008.3,0,1
2024-07-27 16:00:00,0.0,8841.9,1008.4,0,1
2024-07-27 17:00:00,0.0,8432.7,1008.8,0,1
2024-07-27 18:00:00,0.0,9085.1,1014.4,0,1
2024-07-27 19:00:00,0.0,9726.7,1003.1,0,1
2024-07-27 20:00:00,0.0,9934.2,1013.2,0,1
2024-07-27 21:00:00,0.0,9496.4,1020.3,0,1
2024-07-27 22:00:00,0.0,8011.2,1016.6,0,1
2024-07-27 23:00:00,0.0,8269.4,1011.5,0,1
2024-07-28 00:00:00,0.0,8152.5,1009.8,0,1
2024-07-28 01:00:00,0.0,8202.4,1017.3,0,1
2024-07-28 02:00:00,0.0,8766.1,1014.8,0,1
2024-07-28 03:00:00,0.0,8677.0,1012.0,0,1
2024-07-28 04:00:00,0.0,8227.4,1010.3,0,1
2024-07-28 05:00:00,0.0,9764.5,1013.6,0,1
2024-07-28 06:00:00,1.54,9230.9,1011.7,0,1
2024-07-28 07:00:00,0.0,9592.9,1017.2,0,1
2024-07-28 08:00:00,1.06,8743.1,1019.5,0,1
2024-07-28 09:00:00,0.0,8820.5,1006.4,0,1
2024-07-28 10:00:00,0.0,8635.2,1007.1,0,1
2024-07-28 11:00:00,0.0,8876.9,1020.0,0,1
2024-07-28 12:00:00,0.0,9220.8,1014.1,0,1
2024-07-28 13:00:00,0.0,8986.0,1007.6,0,1
2024-07-28 14:00:00,0.0,9675.8,1018.2,0,1
2024-07-28 15:00:00,0.0,9800.3,1015.0,0,1
2024-07-28 16:00:00,0.0,8939.4,1024.3,0,1
2024-07-28 17:00:00,0.0,8479.5,1012.1,0,1
2024-07-28 18:00:00,0.0,9890.4,1018.8,0,1
2024-07-28 19:00:00,0.0,9470.1,1006.0,0,1
2024-07-28 20:00:00,0.0,9280.3,1020.2,0,1
2024-07-28 21:00:00,3.05,9490.8,1018.0,0,1
2024-07-28 22:00:00,0.0,8152.0,1021.3,0,1
2024-07-28 23:00:00,5.79,1641.6,1018.8,0,1
2024-07-29 00:00:00,0.0,8306.2,1012.8,0,0
2024-07-29 01:00:00,0.0,8294.9,1007.4,0,0
2024-07-29 02:00:00,0.0,8841.3,1010.2,0,0
2024-07-29 03:00:00,0.0,8314.8,1004.4,0,0
2024-07-29 04:00:00,0.0,9709.1,1008.6,0,0
2024-07-29 05:00:00,0.0,9156.2,1015.4,0,0
2024-07-29 06:00:00,0.0,8736.5,1013.0,0,0
2024-07-29 07:00:00,0.0,8139.2,1012.1,0,0
2024-07-29 08:00:00,0.0,9182.1,1009.3,0,0
2024-07-29 09:00:00,0.0,8233.1,1004.4,0,0
2024-07-29 10:00:00,0.0,9486.4,1014.2,0,0
2024-07-29 11:00:00,0.0,9605.5,1015.1,0,0
2024-07-29 12:00:00,0.0,9088.0,1008.3,0,0
2024-07-29 13:00:00,0.0,8299.2,1010.6,0,0
2024-07-29 14:00:00,0.0,9573.7,1021.0,0,0
2024-07-29 15:00:00,0.0,8615.7,1019.0,0,0
2024-07-29 16:00:00,0.0,8445.3,1005.8,0,0
2024-07-29 17:00:00,0.0,8941.1,1012.8,0,0
2024-07-29 18:00:00,0.0,9845.3,1020.5,0,0
2024-07-29 19:00:00,0.0,8594.7,1012.2,0,0
2024-07-29 20:00:00,0.68,9811.2,1011.9,0,0
2024-07-29 21:00:00,0.99,8107.3,1018.7,0,0
2024-07-29 22:00:00,0.0,8167.0,1018.2,0,0
2024-07-29 23:00:00,0.0,9397.1,1017.9,0,0
2024-07-30 00:00:00,0.0,8381.2,1011.9,0,0
2024-07-30 01:00:00,0.0,8633.2,1016.6,0,0
2024-07-30 02:00:00,0.0,8272.7,1020.7,0,0
2024-07-30 03:00:00,0.0,8664.5,1013.0,0,0
2024-07-30 04:00:00,0.12,8560.9,1011.2,0,0
2024-07-30 05:00:00,0.0,9472.7,1019.4,0,0
2024-07-30 06:00:00,0.0,9404.0,1023.5,0,0
2024-07-30 07:00:00,0.0,9909.9,1023.8,0,0
2024-07-30 08:00:00,0.0,9448.8,1011.4,0,0
2024-07-30 09:00:00,0.0,9389.6,1011.9,0,0
2024-07-30 10:00:00,1.76,9388.4,1008.1,0,0
2024-07-30 11:00:00,0.0,9765.9,1013.8,0,0
2024-07-30 12:00:00,0.0,8592.5,1007.9,0,0
2024-07-30 13:00:00,0.0,8600.2,1010.6,0,0
2024-07-30 14:00:00,0.0,9482.4,1016.8,0,0
2024-07-30 15:00:00,0.0,8457.4,1015.2,0,0
2024-07-30 16:00:00,0.0,9824.0,1004.2,0,0
2024-07-30 17:00:00,0.0,9069.6,1021.1,0,0
2024-07-30 18:00:00,0.0,8600.2,1007.8,0,0
2024-07-30 19:00:00,0.0,9552.2,1008.4,0,0
2024-07-30 20:00:00,0.0,8624.6,1007.1,0,0
2024-07-30 21:00:00,0.0,9926.6,1009.9,0,0
2024-07-30 22:00:00,0.0,9966.0,1008.8,0,0
2024-07-30 23:00:00,0.0,9333.6,1008.9,0,0
2024-07-31 00:00:00,0.0,8227.3,1000.9,0,0
2024-07-31 01:00:00,0.0,8526.4,1013.9,0,0
2024-07-31 02:00:00,0.0,9030.8,1014.4,0,0
2024-07-31 03:00:00,0.0,9702.9,1024.5,0,0
2024-07-31 04:00:00,0.0,8369.8,1015.7,0,0
2024-07-31 05:00:00,0.0,8208.8,1010.8,0,0
2024-07-31 06:00:00,0.0,8149.0,1007.2,0,0
2024-07-31 07:00:00,0.0,9013.9,1012.8,0,0
2024-07-31 08:00:00,0.0,9769.4,1015.5,0,0
2024-07-31 09:00:00,0.0,8084.7,1010.7,0,0
2024-07-31 10:00:00,0.0,8424.6,1013.6,0,0
2024-07-31 11:00:00,0.0,9386.5,1022.7,0,0
2024-07-31 12:00:00,0.0,9651.7,1011.3,0,0
2024-07-31 13:00:00,0.0,9614.8,1003.8,0,0
2024-07-31 14:00:00,0.0,9570.1,1017.6,0,0
2024-07-31 15:00:00,0.0,8259.6,1014.8,0,0
2024-07-31 16:00:00,0.0,8794.5,1004.7,0,0
2024-07-31 17:00:00,0.0,9969.5,1015.4,0,0
2024-07-31 18:00:00,0.0,9977.8,1008.3,0,0
2024-07-31 19:00:00,0.0,9204.9,1015.5,0,0
2024-07-31 20:00:00,0.0,9418.5,1022.8,0,0
2024-07-31 21:00:00,2.16,9902.6,1012.4,0,0
2024-07-31 22:00:00,5.34,2643.3,1018.7,0,0
2024-07-31 23:00:00,0.0,8273.7,1007.1,0,0
2024-08-01 00:00:00,0.0,9337.9,1005.7,0,0
2024-08-01 01:00:00,0.0,9920.2,1023.3,0,0
2024-08-01 02:00:00,0.0,9394.4,1014.8,0,0
2024-08-01 03:00:00,0.0,9606.6,1016.4,0,0
2024-08-01 04:00:00,0.0,8845.5,1019.0,0,0
2024-08-01 05:00:00,0.0,8192.9,1010.6,0,0
2024-08-01 06:00:00,0.0,8337.8,1017.4,0,0
2024-08-01 07:00:00,0.0,9965.3,1016.6,0,0
2024-08-01 08:00:00,0.0,8986.4,1006.8,0,0
2024-08-01 09:00:00,2.2,8024.0,1020.8,0,0
2024-08-01 10:00:00,0.0,9910.7,1019.8,0,0
2024-08-01 11:00:00,0.0,8995.6,1006.8,0,0
2024-08-01 12:00:00,0.0,9672.5,1014.3,0,0
2024-08-01 13:00:00,0.0,9096.9,1012.1,0,0
2024-08-01 14:00:00,0.0,8203.4,1020.3,0,0
2024-08-01 15:00:00,0.0,9231.1,1006.2,0,0
2024-08-01 16:00:00,0.0,9994.8,1031.3,0,0
2024-08-01 17:00:00,0.0,8069.5,1012.4,0,0
2024-08-01 18:00:00,0.0,9683.6,1016.9,0,0
2024-08-01 19:00:00,0.0,8471.0,1020.2,0,0
2024-08-01 20:00:00,0.0,8787.7,1012.3,0,0
2024-08-01 21:00:00,0.0,8745.4,1012.7,0,0
2024-08-01 22:00:00,2.82,9797.6,1010.7,0,0
2024-08-01 23:00:00,0.0,9009.0,1008.8,0,0
2024-08-02 00:00:00,0.0,8894.3,1014.6,0,0
2024-08-02 01:00:00,0.0,9636.1,1012.6,0,0
2024-08-02 02:00:00,0.0,8097.8,1010.7,0,0
2024-08-02 03:00:00,0.46,8172.9,1011.0,0,0
2024-08-02 04:00:00,0.0,8043.4,1016.1,0,0
2024-08-02 05:00:00,0.0,9376.0,1009.3,0,0
2024-08-02 06:00:00,0.0,9051.2,1012.0,0,0
2024-08-02 07:00:00,0.0,9752.0,1017.7,0,0
2024-08-02 08:00:00,0.0,8997.1,1014.5,0,0
2024-08-02 09:00:00,0.0,8443.6,1008.0,0,0
2024-08-02 10:00:00,0.0,9610.3,1013.1,0,0
2024-08-02 11:00:00,0.0,8588.6,1015.4,0,0
2024-08-02 12:00:00,0.0,9871.4,1018.2,0,0
2024-08-02 13:00:00,0.0,8500.8,1009.5,0,0
2024-08-02 14:00:00,0.0,8335.4,1010.5,0,0
2024-08-02 15:00:00,0.0,8986.6,1009.8,0,0
2024-08-02 16:00:00,0.0,8101.0,1010.0,0,0
2024-08-02 17:00:00,0.0,8072.8,1015.3,0,0
2024-08-02 18:00:00,0.0,8992.0,1016.2,0,0
2024-08-02 19:00:00,0.0,8430.2,1018.5,0,0
2024-08-02 20:00:00,0.0,8018.7,1012.8,0,0
2024-08-02 21:00:00,0.0,8592.1,1006.2,0,0
2024-08-02 22:00:00,0.0,8954.7,1016.6,0,0
2024-08-02 23:00:00,0.0,8788.6,1014.0,0,0
2024-08-03 00:00:00,0.0,8270.9,1013.5,0,1
2024-08-03 01:00:00,0.0,9159.3,1006.8,0,1
2024-08-03 02:00:00,0.0,9420.7,1012.3,0,1
2024-08-03 03:00:00,0.0,9351.1,1007.3,0,1
2024-08-03 04:00:00,0.0,8787.5,1015.7,0,1
2024-08-03 05:00:00,0.72,8275.2,1011.1,0,1
2024-08-03 06:00:00,0.0,8999.0,1010.7,0,1
2024-08-03 07:00:00,0.0,9780.9,1005.6,0,1
2024-08-03 08:00:00,0.0,8937.4,1018.4,0,1
2024-08-03 09:00:00,0.0,8391.4,1012.0,0,1
2024-08-03 10:00:00,0.0,8186.1,1013.7,0,1
2024-08-03 11:00:00,0.0,9887.9,1009.6,0,1
2024-08-03 12:00:00,0.0,9486.0,1005.0,0,1
2024-08-03 13:00:00,0.0,8625.9,1010.6,0,1
2024-08-03 14:00:00,0.0,8590.7,1011.4,0,1
2024-08-03 15:00:00,0.0,9790.4,1014.7,0,1
2024-08-03 16:00:00,0.0,8355.1,1011.5,0,1
2024-08-03 17:00:00,0.0,9070.1,1009.7,0,1
2024-08-03 18:00:00,0.0,9427.0,1005.7,0,1
2024-08-03 19:00:00,0.0,8792.8,1013.5,0,1
2024-08-03 20:00:00,0.0,8079.8,1009.3,0,1
2024-08-03 21:00:00,0.0,8455.5,1019.9,0,1
2024-08-03 22:00:00,0.0,9803.6,1014.0,0,1
2024-08-03 23:00:00,0.83,9046.2,1016.1,0,1
2024-08-04 00:00:00,0.0,9630.9,1012.0,0,1
2024-08-04 01:00:00,8.74,1456.4,1014.3,0,1
2024-08-04 02:00:00,0.0,9887.2,1008.8,0,1
2024-08-04 03:00:00,0.0,9818.3,1007.4,0,1
2024-08-04 04:00:00,2.66,8965.8,1013.3,0,1
2024-08-04 05:00:00,0.0,8636.5,1016.1,0,1
2024-08-04 06:00:00,0.0,9203.3,1003.5,0,1
2024-08-04 07:00:00,0.0,9349.8,1010.8,0,1
2024-08-04 08:00:00,0.0,8996.7,1022.5,0,1
2024-08-04 09:00:00,5.41,2781.8,1015.6,0,1
2024-08-04 10:00:00,0.0,8366.7,1020.9,0,1
2024-08-04 11:00:00,0.0,8668.8,1010.1,0,1
2024-08-04 12:00:00,0.0,9372.8,1011.0,0,1
2024-08-04 13:00:00,0.0,8493.4,1018.1,0,1
2024-08-04 14:00:00,0.0,8879.7,1016.4,0,1
2024-08-04 15:00:00,0.0,9927.5,1012.8,0,1
2024-08-04 16:00:00,0.0,9251.8,1006.9,0,1
2024-08-04 17:00:00,3.01,9898.1,1019.0,0,1
2024-08-04 18:00:00,0.0,9444.9,1025.8,0,1
2024-08-04 19:00:00,0.0,9449.3,1005.4,0,1
2024-08-04 20:00:00,5.13,2266.1,1020.3,0,1
2024-08-04 21:00:00,0.0,8284.4,1010.9,0,1
2024-08-04 22:00:00,0.0,9039.4,1011.6,0,1
2024-08-04 23:00:00,0.0,8505.3,1014.6,0,1
2024-08-05 00:00:00,0.0,9997.3,1007.2,0,0
2024-08-05 01:00:00,0.0,8533.9,1013.1,0,0
2024-08-05 02:00:00,0.8,8461.4,1005.2,0,0
2024-08-05 03:00:00,0.0,9247.8,1015.6,0,0
2024-08-05 04:00:00,0.0,9021.9,1024.4,0,0
2024-08-05 05:00:00,0.0,8042.7,1010.1,0,0
2024-08-05 06:00:00,0.0,8259.1,1012.4,0,0
2024-08-05 07:00:00,0.0,9622.1,1012.7,0,0
2024-08-05 08:00:00,0.0,8967.4,1018.2,0,0
2024-08-05 09:00:00,0.0,8292.0,1015.3,0,0
2024-08-05 10:00:00,0.0,8930.5,1017.9,0,0
2024-08-05 11:00:00,0.0,8506.3,1010.7,0,0
2024-08-05 12:00:00,0.0,8447.2,1015.4,0,0
2024-08-05 13:00:00,0.0,9915.5,996.4,0,0
2024-08-05 14:00:00,0.0,8724.0,1016.6,0,0
2024-08-05 15:00:00,0.0,8092.9,1007.2,0,0
2024-08-05 16:00:00,0.0,9940.7,1011.6,0,0
2024-08-05 17:00:00,0.0,9589.7,1017.0,0,0
2024-08-05 18:00:00,0.0,8508.8,1005.6,0,0
2024-08-05 19:00:00,0.0,8817.8,1018.7,0,0
2024-08-05 20:00:00,0.0,9724.6,1012.6,0,0
2024-08-05 21:00:00,0.0,8714.8,1020.5,0,0
2024-08-05 22:00:00,0.0,9134.8,1008.7,0,0
2024-08-05 23:00:00,0.0,9069.7,1004.2,0,0
2024-08-06 00:00:00,0.0,8802.6,1013.1,0,0
2024-08-06 01:00:00,0.0,9279.0,1016.2,0,0
2024-08-06 02:00:00,0.0,8946.6,1016.6,0,0
2024-08-06 03:00:00,0.0,8042.5,1007.6,0,0
2024-08-06 04:00:00,0.0,9628.8,1005.1,0,0
2024-08-06 05:00:00,0.0,8226.3,1011.7,0,0
2024-08-06 06:00:00,0.0,8928.2,1015.8,0,0
2024-08-06 07:00:00,0.0,9159.8,1015.6,0,0
2024-08-06 08:00:00,0.27,9411.0,1021.1,0,0
2024-08-06 09:00:00,0.0,8821.6,1011.4,0,0
2024-08-06 10:00:00,0.0,9471.1,1004.0,0,0
2024-08-06 11:00:00,0.0,8262.7,1019.2,0,0
2024-08-06 12:00:00,0.0,9306.9,1014.2,0,0
2024-08-06 13:00:00,0.0,9652.7,1014.7,0,0
2024-08-06 14:00:00,0.0,9778.9,1017.1,0,0
2024-08-06 15:00:00,0.0,9159.1,1019.6,0,0
2024-08-06 16:00:00,0.0,8625.8,1013.1,0,0
2024-08-06 17:00:00,0.0,8326.7,1019.1,0,0
2024-08-06 18:00:00,0.0,8691.1,1016.0,0,0
2024-08-06 19:00:00,8.5,1501.0,1010.0,0,0
2024-08-06 20:00:00,0.0,8392.7,1012.1,0,0
2024-08-06 21:00:00,0.0,9905.0,1016.3,0,0
2024-08-06 22:00:00,0.0,9794.3,1009.7,0,0
2024-08-06 23:00:00,0.0,8065.9,1017.7,0,0
2024-08-07 00:00:00,0.0,9123.9,1014.0,0,0
2024-08-07 01:00:00,0.0,9578.6,1015.2,0,0
2024-08-07 02:00:00,0.0,8490.8,1020.5,0,0
2024-08-07 03:00:00,0.0,9047.8,1015.0,0,0
2024-08-07 04:00:00,0.0,8812.0,1013.6,0,0
2024-08-07 05:00:00,0.0,8393.1,1012.8,0,0
2024-08-07 06:00:00,0.0,9229.5,1012.6,0,0
2024-08-07 07:00:00,0.0,9987.4,1014.8,0,0
2024-08-07 08:00:00,3.08,8730.6,1020.1,0,0
2024-08-07 09:00:00,0.0,9104.8,1010.2,0,0
2024-08-07 10:00:00,0.0,8655.7,1009.8,0,0
2024-08-07 11:00:00,0.0,9753.9,1019.7,0,0
2024-08-07 12:00:00,0.0,9729.2,1010.4,0,0
2024-08-07 13:00:00,0.0,8357.5,1014.3,0,0
2024-08-07 14:00:00,0.0,9799.9,1010.3,0,0
2024-08-07 15:00:00,0.0,8303.0,1004.9,0,0
2024-08-07 16:00:00,0.0,8190.9,1014.2,0,0
2024-08-07 17:00:00,0.0,9305.9,1018.8,0,0
2024-08-07 18:00:00,0.0,8771.8,1012.9,0,0
2024-08-07 19:00:00,0.0,9061.5,1005.8,0,0
2024-08-07 20:00:00,0.0,9305.1,1013.8,0,0
2024-08-07 21:00:00,0.0,8105.7,1009.5,0,0
2024-08-07 22:00:00,2.6,8585.9,1000.2,0,0
2024-08-07 23:00:00,0.0,8921.8,1012.8,0,0
2024-08-08 00:00:00,0.09,8533.2,1015.8,0,0
2024-08-08 01:00:00,0.0,8097.9,1019.1,0,0
2024-08-08 02:00:00,0.0,8173.4,1022.0,0,0
2024-08-08 03:00:00,0.0,9603.5,1016.5,0,0
2024-08-08 04:00:00,0.0,9822.8,1017.9,0,0
2024-08-08 05:00:00,0.0,8304.5,1006.8,0,0
2024-08-08 06:00:00,0.28,8498.5,1021.4,0,0
2024-08-08 07:00:00,0.0,9304.5,1019.6,0,0
2024-08-08 08:00:00,0.0,9908.5,1011.4,0,0
2024-08-08 09:00:00,0.0,8599.2,1016.7,0,0
2024-08-08 10:00:00,0.0,9710.4,1016.2,0,0
2024-08-08 11:00:00,0.0,9012.0,1020.6,0,0
2024-08-08 12:00:00,0.0,9913.1,1012.5,0,0
2024-08-08 13:00:00,0.0,8272.5,1009.5,0,0
2024-08-08 14:00:00,0.0,9947.3,1010.8,0,0
2024-08-08 15:00:00,0.0,8882.0,1017.7,0,0
2024-08-08 16:00:00,0.0,9905.9,1003.7,0,0
2024-08-08 17:00:00,0.0,8917.4,998.3,0,0
2024-08-08 18:00:00,0.0,9060.2,1017.7,0,0
2024-08-08 19:00:00,0.0,9609.6,1014.6,0,0
2024-08-08 20:00:00,0.0,9445.3,1013.3,0,0
2024-08-08 21:00:00,0.0,9239.2,1006.7,0,0
2024-08-08 22:00:00,0.0,8834.0,1004.7,0,0
2024-08-08 23:00:00,0.0,9584.9,1010.1,0,0
2024-08-09 00:00:00,0.0,9896.5,1015.1,0,0
2024-08-09 01:00:00,0.0,8019.6,1010.3,0,0
2024-08-09 02:00:00,0.0,9175.7,1017.8,0,0
2024-08-09 03:00:00,0.0,9732.0,1008.5,0,0
2024-08-09 04:00:00,0.0,9306.2,1010.7,0,0
2024-08-09 05:00:00,0.0,9601.7,1016.8,0,0
2024-08-09 06:00:00,0.0,9790.1,1011.4,0,0
2024-08-09 07:00:00,0.0,9501.9,1011.6,0,0
2024-08-09 08:00:00,1.49,9434.0,1010.0,0,0
2024-08-09 09:00:00,9.38,2144.5,1009.1,0,0
2024-08-09 10:00:00,0.0,9727.4,1015.0,0,0
2024-08-09 11:00:00,0.0,9630.8,1015.7,0,0
2024-08-09 12:00:00,0.0,8172.8,1014.4,0,0
2024-08-09 13:00:00,0.45,8478.1,1010.2,0,0
2024-08-09 14:00:00,0.0,9113.5,1012.2,0,0
2024-08-09 15:00:00,0.0,9419.1,1021.2,0,0
2024-08-09 16:00:00,0.0,8606.4,1006.1,0,0
2024-08-09 17:00:00,0.0,8186.7,1022.7,0,0
2024-08-09 18:00:00,0.0,8622.2,1013.7,0,0
2024-08-09 19:00:00,0.85,9542.1,1012.3,0,0
2024-08-09 20:00:00,0.0,9754.8,1018.0,0,0
2024-08-09 21:00:00,0.0,9825.8,1002.9,0,0
2024-08-09 22:00:00,0.0,8757.7,1020.2,0,0
2024-08-09 23:00:00,0.0,8745.1,1022.5,0,0
2024-08-10 00:00:00,0.0,8813.4,1018.7,0,1
2024-08-10 01:00:00,0.0,8751.6,1002.7,0,1
2024-08-10 02:00:00,0.0,9332.4,1017.1,0,1
2024-08-10 03:00:00,0.0,8716.6,1021.5,0,1
2024-08-10 04:00:00,0.0,8040.7,1021.0,0,1
2024-08-10 05:00:00,0.0,8878.0,1006.2,0,1
2024-08-10 06:00:00,4.15,8448.3,1018.3,0,1
2024-08-10 07:00:00,4.45,8057.6,1022.2,0,1
2024-08-10 08:00:00,0.0,8941.7,1013.4,0,1
2024-08-10 09:00:00,0.0,8411.9,1006.0,0,1
2024-08-10 10:00:00,0.0,8905.5,1017.4,0,1
2024-08-10 11:00:00,0.0,8555.5,1018.5,0,1
2024-08-10 12:00:00,0.0,9207.4,1012.6,0,1
2024-08-10 13:00:00,4.65,9981.8,1007.3,0,1
2024-08-10 14:00:00,0.0,9094.5,1018.2,0,1
2024-08-10 15:00:00,0.0,9293.8,1009.4,0,1
2024-08-10 16:00:00,5.35,770.3,1015.2,0,1
2024-08-10 17:00:00,0.0,8748.0,1021.0,0,1
2024-08-10 18:00:00,0.0,8333.1,1005.0,0,1
2024-08-10 19:00:00,0.0,8565.6,1017.8,0,1
2024-08-10 20:00:00,0.0,8805.6,1012.2,0,1
2024-08-10 21:00:00,0.0,9290.0,1012.3,0,1
2024-08-10 22:00:00,0.0,8009.2,1015.8,0,1
2024-08-10 23:00:00,3.23,9706.8,1009.4,0,1
2024-08-11 00:00:00,0.0,8152.2,1007.4,0,1
2024-08-11 01:00:00,0.0,9801.3,1004.3,0,1
2024-08-11 02:00:00,0.0,9898.9,1019.4,0,1
2024-08-11 03:00:00,0.0,9980.2,1011.4,0,1
2024-08-11 04:00:00,0.0,9619.0,1016.1,0,1
2024-08-11 05:00:00,0.23,8283.7,1010.8,0,1
2024-08-11 06:00:00,0.0,9412.3,1007.4,0,1
2024-08-11 07:00:00,0.0,8406.6,1016.5,0,1
2024-08-11 08:00:00,0.0,9794.3,1014.9,0,1
2024-08-11 09:00:00,0.0,8633.2,1012.1,0,1
2024-08-11 10:00:00,0.0,8653.6,1014.8,0,1
2024-08-11 11:00:00,0.0,9835.3,1008.4,0,1
2024-08-11 12:00:00,0.0,8026.5,1018.6,0,1
2024-08-11 13:00:00,4.57,8387.9,1019.7,0,1
2024-08-11 14:00:00,0.0,8843.9,1017.0,0,1
2024-08-11 15:00:00,0.0,9401.4,1011.4,0,1
2024-08-11 16:00:00,0.0,9295.1,1013.5,0,1
2024-08-11 17:00:00,0.0,9338.8,1021.1,0,1
2024-08-11 18:00:00,0.0,9760.0,1019.7,0,1
2024-08-11 19:00:00,0.0,8242.1,1023.2,0,1
2024-08-11 20:00:00,0.0,9044.3,1009.3,0,1
2024-08-11 21:00:00,0.0,9451.0,1008.9,0,1
2024-08-11 22:00:00,0.0,9272.2,1013.9,0,1
2024-08-11 23:00:00,0.0,8896.6,1015.3,0,1
2024-08-12 00:00:00,0.0,8034.2,1012.5,0,0
2024-08-12 01:00:00,0.0,8120.9,1011.3,0,0
2024-08-12 02:00:00,0.0,8237.9,1019.6,0,0
2024-08-12 03:00:00,0.0,8686.5,1012.8,0,0
2024-08-12 04:00:00,0.0,8235.3,1007.2,0,0
2024-08-12 05:00:00,0.0,8852.2,1007.8,0,0
2024-08-12 06:00:00,0.0,8357.3,1014.5,0,0
2024-08-12 07:00:00,0.0,9558.3,1028.3,0,0
2024-08-12 08:00:00,0.0,9743.0,1008.4,0,0
2024-08-12 09:00:00,0.0,8779.3,1011.7,0,0
2024-08-12 10:00:00,0.0,9022.7,1025.3,0,0
2024-08-12 11:00:00,1.19,9907.0,1010.8,0,0
2024-08-12 12:00:00,0.0,9071.0,1015.5,0,0
2024-08-12 13:00:00,0.0,9990.1,1022.6,0,0
2024-08-12 14:00:00,0.0,8284.3,1008.5,0,0
2024-08-12 15:00:00,0.0,9724.5,1011.7,0,0
2024-08-12 16:00:00,0.0,8994.4,1010.8,0,0
2024-08-12 17:00:00,0.0,8045.4,1005.7,0,0
2024-08-12 18:00:00,0.0,9944.4,1021.1,0,0
2024-08-12 19:00:00,0.0,9930.1,1010.3,0,0
2024-08-12 20:00:00,0.0,8766.5,1008.9,0,0
2024-08-12 21:00:00,0.0,9908.3,1011.0,0,0
2024-08-12 22:00:00,0.0,8282.0,1017.9,0,0
2024-08-12 23:00:00,0.0,9360.2,1013.8,0,0
2024-08-13 00:00:00,0.0,8383.9,1009.3,0,0
2024-08-13 01:00:00,0.34,8493.3,1015.3,0,0
2024-08-13 02:00:00,4.36,9558.7,1017.3,0,0
2024-08-13 03:00:00,0.0,8754.7,1013.1,0,0
2024-08-13 04:00:00,0.0,8014.3,1012.1,0,0
2024-08-13 05:00:00,0.0,8828.5,1018.3,0,0
2024-08-13 06:00:00,1.3,8456.1,1012.4,0,0
2024-08-13 07:00:00,0.0,9366.7,1021.3,0,0
2024-08-13 08:00:00,0.0,8388.9,1009.5,0,0
2024-08-13 09:00:00,0.0,9684.5,1009.3,0,0
2024-08-13 10:00:00,0.0,8534.2,1008.7,0,0
2024-08-13 11:00:00,0.0,8786.1,1012.1,0,0
2024-08-13 12:00:00,0.0,8596.1,1013.3,0,0
2024-08-13 13:00:00,0.0,9287.8,1006.6,0,0
2024-08-13 14:00:00,0.0,8202.3,1013.7,0,0
2024-08-13 15:00:00,0.0,8956.2,1016.1,0,0
2024-08-13 16:00:00,0.0,8668.9,1005.9,0,0
2024-08-13 17:00:00,0.0,9768.3,1010.6,0,0
2024-08-13 18:00:00,0.0,8146.8,1016.1,0,0
2024-08-13 19:00:00,0.0,9659.4,1007.8,0,0
2024-08-13 20:00:00,0.0,8335.4,1011.7,0,0
2024-08-13 21:00:00,0.0,8177.2,1018.7,0,0
2024-08-13 22:00:00,7.28,1253.8,1022.2,0,0
2024-08-13 23:00:00,0.0,8205.3,1015.4,0,0
2024-08-14 00:00:00,0.0,9042.0,1012.4,0,0
2024-08-14 01:00:00,0.0,9976.4,1010.7,0,0
2024-08-14 02:00:00,2.15,8068.7,1017.8,0,0
2024-08-14 03:00:00,0.0,8922.3,1018.9,0,0
2024-08-14 04:00:00,0.0,8772.1,1007.5,0,0
2024-08-14 05:00:00,0.0,8679.2,1017.8,0,0
2024-08-14 06:00:00,0.0,8663.7,1010.2,0,0
2024-08-14 07:00:00,0.0,9790.0,1009.0,0,0
2024-08-14 08:00:00,0.0,8038.0,1012.5,0,0
2024-08-14 09:00:00,0.0,9549.8,1018.2,0,0
2024-08-14 10:00:00,0.0,8505.9,1014.8,0,0
2024-08-14 11:00:00,0.0,8766.6,1014.7,0,0
2024-08-14 12:00:00,0.0,8840.3,1015.0,0,0
2024-08-14 13:00:00,0.0,8609.5,1015.6,0,0
2024-08-14 14:00:00,0.0,8187.1,1012.7,0,0
2024-08-14 15:00:00,0.0,8228.7,1016.4,0,0
2024-08-14 16:00:00,0.0,8596.3,1010.0,0,0
2024-08-14 17:00:00,0.0,9643.6,1016.5,0,0
2024-08-14 18:00:00,0.0,8269.3,1017.5,0,0
2024-08-14 19:00:00,5.85,2468.5,1016.7,0,0
2024-08-14 20:00:00,0.0,8577.7,1017.0,0,0
2024-08-14 21:00:00,0.0,9766.9,1015.6,0,0
2024-08-14 22:00:00,0.0,8856.7,1019.1,0,0
2024-08-14 23:00:00,0.0,8343.4,1001.9,0,0
2024-08-15 00:00:00,0.0,9971.7,1017.5,1,0
2024-08-15 01:00:00,0.0,8353.3,1023.1,1,0
2024-08-15 02:00:00,0.0,9135.2,1010.1,1,0
2024-08-15 03:00:00,0.0,9138.6,1009.6,1,0
2024-08-15 04:00:00,0.0,8745.6,1019.7,1,0
2024-08-15 05:00:00,0.0,9903.0,1008.6,1,0
2024-08-15 06:00:00,0.0,9687.7,1009.9,1,0
2024-08-15 07:00:00,0.0,9659.6,1014.1,1,0
2024-08-15 08:00:00,0.0,9948.3,1009.3,1,0
2024-08-15 09:00:00,0.0,8914.2,1017.6,1,0
2024-08-15 10:00:00,1.01,8194.4,1009.3,1,0
2024-08-15 11:00:00,2.35,9530.9,1015.1,1,0
2024-08-15 12:00:00,0.0,8761.6,1014.7,1,0
2024-08-15 13:00:00,0.0,8380.7,1021.6,1,0
2024-08-15 14:00:00,0.0,8966.5,1019.1,1,0
2024-08-15 15:00:00,0.0,9851.4,1010.6,1,0
2024-08-15 16:00:00,0.0,8342.7,1006.9,1,0
2024-08-15 17:00:00,0.0,9697.4,1017.4,1,0
2024-08-15 18:00:00,0.0,8836.4,1010.0,1,0
2024-08-15 19:00:00,0.0,8273.6,1011.6,1,0
2024-08-15 20:00:00,0.0,9696.8,1008.0,1,0
2024-08-15 21:00:00,0.0,9939.2,1016.6,1,0
2024-08-15 22:00:00,0.0,8582.5,1010.0,1,0
2024-08-15 23:00:00,0.0,8607.1,1013.1,1,0
2024-08-16 00:00:00,0.0,8781.1,1013.2,0,0
2024-08-16 01:00:00,0.0,9628.3,1014.2,0,0
2024-08-16 02:00:00,0.0,8020.8,1016.6,0,0
2024-08-16 03:00:00,0.0,8447.9,1012.0,0,0
2024-08-16 04:00:00,0.0,9411.8,1009.5,0,0
2024-08-16 05:00:00,0.0,8811.3,1004.0,0,0
2024-08-16 06:00:00,0.0,8660.6,1013.8,0,0
2024-08-16 07:00:00,0.0,9744.6,1012.5,0,0
2024-08-16 08:00:00,0.0,9834.7,1009.7,0,0
2024-08-16 09:00:00,0.0,9896.0,1013.6,0,0
2024-08-16 10:00:00,0.0,8545.1,1017.5,0,0
2024-08-16 11:00:00,0.0,9825.0,1018.8,0,0
2024-08-16 12:00:00,0.0,9473.9,1005.6,0,0
2024-08-16 13:00:00,0.36,8308.4,1011.4,0,0
2024-08-16 14:00:00,0.0,9220.5,1018.1,0,0
2024-08-16 15:00:00,0.0,8052.7,1021.2,0,0
2024-08-16 16:00:00,0.0,9416.8,1009.2,0,0
2024-08-16 17:00:00,0.0,9467.1,1020.1,0,0
2024-08-16 18:00:00,0.0,9578.7,1006.5,0,0
2024-08-16 19:00:00,0.0,8345.1,1019.0,0,0
2024-08-16 20:00:00,0.0,9256.5,1011.8,0,0
2024-08-16 21:00:00,0.0,8357.7,1021.1,0,0
2024-08-16 22:00:00,0.0,9893.3,1010.9,0,0
2024-08-16 23:00:00,0.0,9350.0,1011.7,0,0
2024-08-17 00:00:00,0.0,8190.7,1012.6,0,1
2024-08-17 01:00:00,0.0,8374.1,1005.6,0,1
2024-08-17 02:00:00,0.0,9326.9,1004.4,0,1
2024-08-17 03:00:00,0.0,8953.3,1015.8,0,1
2024-08-17 04:00:00,0.0,9472.6,1018.2,0,1
2024-08-17 05:00:00,0.0,8561.6,1016.3,0,1
2024-08-17 06:00:00,0.0,9315.8,1007.0,0,1
2024-08-17 07:00:00,0.0,8353.9,1015.7,0,1
2024-08-17 08:00:00,0.0,9087.4,1008.3,0,1
2024-08-17 09:00:00,0.0,9915.6,1015.3,0,1
2024-08-17 10:00:00,0.0,9256.4,1018.9,0,1
2024-08-17 11:00:00,0.0,8100.0,1015.1,0,1
2024-08-17 12:00:00,0.0,9977.5,1020.6,0,1
2024-08-17 13:00:00,0.0,8313.7,1012.5,0,1
2024-08-17 14:00:00,0.0,9436.1,1012.2,0,1
2024-08-17 15:00:00,1.92,9065.1,1013.6,0,1
2024-08-17 16:00:00,0.0,8588.7,1006.5,0,1
2024-08-17 17:00:00,0.0,8354.6,1011.2,0,1
2024-08-17 18:00:00,0.0,8355.4,1011.7,0,1
2024-08-17 19:00:00,0.0,9716.8,1011.8,0,1
2024-08-17 20:00:00,0.0,9745.8,1014.6,0,1
2024-08-17 21:00:00,0.0,8930.3,1005.8,0,1
2024-08-17 22:00:00,0.0,8207.2,1007.5,0,1
2024-08-17 23:00:00,0.0,9768.3,1018.9,0,1
2024-08-18 00:00:00,0.0,8974.0,1003.2,0,1
2024-08-18 01:00:00,0.0,8877.5,1016.3,0,1
2024-08-18 02:00:00,0.0,8814.7,1011.4,0,1
2024-08-18 03:00:00,0.0,8730.0,1014.1,0,1
2024-08-18 04:00:00,0.0,9052.0,1021.0,0,1
2024-08-18 05:00:00,0.0,9209.1,1012.6,0,1
2024-08-18 06:00:00,0.0,8932.9,1016.4,0,1
2024-08-18 07:00:00,0.0,9793.3,1013.5,0,1
2024-08-18 08:00:00,0.0,8635.3,1012.7,0,1
2024-08-18 09:00:00,0.0,9156.6,1012.1,0,1
2024-08-18 10:00:00,0.0,8599.9,1016.8,0,1
2024-08-18 11:00:00,0.0,9506.7,1009.6,0,1
2024-08-18 12:00:00,0.0,8204.2,1007.6,0,1
2024-08-18 13:00:00,0.0,8377.4,1013.6,0,1
2024-08-18 14:00:00,0.0,9602.4,1014.2,0,1
2024-08-18 15:00:00,0.0,8366.4,1004.1,0,1
2024-08-18 16:00:00,0.0,9251.5,1013.2,0,1
2024-08-18 17:00:00,0.0,9940.5,1007.1,0,1
2024-08-18 18:00:00,0.0,9045.8,1016.4,0,1
2024-08-18 19:00:00,0.0,8374.8,1004.2,0,1
2024-08-18 20:00:00,0.0,8641.4,1022.9,0,1
2024-08-18 21:00:00,0.0,9646.9,1011.6,0,1
2024-08-18 22:00:00,0.0,8703.3,1008.9,0,1
2024-08-18 23:00:00,0.0,9447.0,1011.8,0,1
2024-08-19 00:00:00,0.0,9554.7,1016.0,0,0
2024-08-19 01:00:00,0.0,9002.4,1017.7,0,0
2024-08-19 02:00:00,0.0,9566.4,1011.9,0,0
2024-08-19 03:00:00,0.0,8633.8,1006.1,0,0
2024-08-19 04:00:00,0.0,9032.3,1007.2,0,0
2024-08-19 05:00:00,0.0,9373.1,1014.7,0,0
2024-08-19 06:00:00,0.0,8336.1,1018.2,0,0
2024-08-19 07:00:00,0.0,8547.2,1018.8,0,0
2024-08-19 08:00:00,3.71,9304.1,1014.1,0,0
2024-08-19 09:00:00,0.0,9310.7,1018.1,0,0
2024-08-19 10:00:00,0.0,8986.6,1022.8,0,0
2024-08-19 11:00:00,0.0,9591.2,1019.2,0,0
2024-08-19 12:00:00,0.0,8964.1,1017.9,0,0
2024-08-19 13:00:00,0.0,9762.6,1009.2,0,0
2024-08-19 14:00:00,0.0,9471.8,1018.1,0,0
2024-08-19 15:00:00,0.0,8629.4,1015.6,0,0
2024-08-19 16:00:00,0.0,8790.5,1016.5,0,0
2024-08-19 17:00:00,0.08,9335.4,1019.6,0,0
2024-08-19 18:00:00,0.0,9788.9,1015.0,0,0
2024-08-19 19:00:00,0.0,8357.4,1012.7,0,0
2024-08-19 20:00:00,15.17,1942.8,1007.9,0,0
2024-08-19 21:00:00,0.0,8237.6,1011.8,0,0
2024-08-19 22:00:00,0.0,8558.9,1014.3,0,0
2024-08-19 23:00:00,0.0,9372.0,1014.6,0,0
2024-08-20 00:00:00,0.0,8155.5,1014.5,0,0
2024-08-20 01:00:00,0.58,9324.7,1018.0,0,0
2024-08-20 02:00:00,0.52,9801.6,1017.6,0,0
2024-08-20 03:00:00,0.0,9938.7,1012.9,0,0
2024-08-20 04:00:00,0.0,8433.3,1009.0,0,0
2024-08-20 05:00:00,0.0,9497.8,1015.2,0,0
2024-08-20 06:00:00,0.0,9852.7,1024.5,0,0
2024-08-20 07:00:00,0.0,8182.7,1014.9,0,0
2024-08-20 08:00:00,0.0,8828.0,1011.8,0,0
2024-08-20 09:00:00,15.36,2261.1,1015.9,0,0
2024-08-20 10:00:00,0.0,8405.6,1016.2,0,0
2024-08-20 11:00:00,0.0,9867.5,1016.2,0,0
2024-08-20 12:00:00,0.0,9054.4,1020.1,0,0
2024-08-20 13:00:00,0.0,8199.8,1015.2,0,0
2024-08-20 14:00:00,0.0,8899.8,1019.9,0,0
2024-08-20 15:00:00,0.0,8652.5,1014.4,0,0
2024-08-20 16:00:00,0.0,8564.4,1020.8,0,0
2024-08-20 17:00:00,0.0,9083.0,1019.3,0,0
2024-08-20 18:00:00,0.0,8967.2,1017.9,0,0
2024-08-20 19:00:00,0.0,8963.9,1017.2,0,0
2024-08-20 20:00:00,0.72,8176.3,1024.8,0,0
2024-08-20 21:00:00,0.0,9604.6,1018.6,0,0
2024-08-20 22:00:00,0.0,8962.9,1009.0,0,0
2024-08-20 23:00:00,0.0,9641.8,1014.5,0,0
2024-08-21 00:00:00,0.0,9649.2,1011.9,0,0
2024-08-21 01:00:00,1.52,8634.3,1023.6,0,0
2024-08-21 02:00:00,0.0,8008.7,1019.5,0,0
2024-08-21 03:00:00,0.0,9822.5,1023.4,0,0
2024-08-21 04:00:00,0.0,9521.4,1009.5,0,0
2024-08-21 05:00:00,0.0,8214.5,1018.8,0,0
2024-08-21 06:00:00,0.0,9403.5,1006.4,0,0
2024-08-21 07:00:00,0.0,8040.0,1005.3,0,0
2024-08-21 08:00:00,0.0,8055.5,1011.3,0,0
2024-08-21 09:00:00,0.0,9051.6,1020.8,0,0
2024-08-21 10:00:00,0.0,8192.1,1008.3,0,0
2024-08-21 11:00:00,0.0,9928.7,1013.2,0,0
2024-08-21 12:00:00,0.0,9787.7,1019.2,0,0
2024-08-21 13:00:00,0.0,9299.6,1017.5,0,0
2024-08-21 14:00:00,0.0,8127.4,1024.3,0,0
2024-08-21 15:00:00,0.0,8649.7,1013.3,0,0
2024-08-21 16:00:00,0.0,8743.4,1011.0,0,0
2024-08-21 17:00:00,0.0,8961.8,1007.8,0,0
2024-08-21 18:00:00,0.0,8337.8,1011.4,0,0
2024-08-21 19:00:00,0.0,9155.0,1007.7,0,0
2024-08-21 20:00:00,0.0,8871.5,1004.3,0,0
2024-08-21 21:00:00,0.0,9894.6,1023.1,0,0
2024-08-21 22:00:00,0.0,9872.4,1013.5,0,0
2024-08-21 23:00:00,0.0,9130.9,1026.2,0,0
2024-08-22 00:00:00,0.0,9288.7,1009.1,0,0
2024-08-22 01:00:00,0.0,8275.6,1011.1,0,0
2024-08-22 02:00:00,0.0,8446.6,1009.4,0,0
2024-08-22 03:00:00,0.0,9801.4,1010.0,0,0
2024-08-22 04:00:00,0.0,9398.3,1017.6,0,0
2024-08-22 05:00:00,0.0,8378.9,1016.1,0,0
2024-08-22 06:00:00,0.0,9140.4,1017.6,0,0
2024-08-22 07:00:00,0.0,9869.5,1020.0,0,0
2024-08-22 08:00:00,0.0,8690.3,1018.8,0,0
2024-08-22 09:00:00,0.0,8371.6,1008.2,0,0
2024-08-22 10:00:00,0.0,9884.1,1010.6,0,0
2024-08-22 11:00:00,0.0,8922.5,1013.9,0,0
2024-08-22 12:00:00,0.0,8834.5,1031.9,0,0
2024-08-22 13:00:00,0.0,8535.1,1017.1,0,0
2024-08-22 14:00:00,0.0,9783.2,1013.8,0,0
2024-08-22 15:00:00,0.0,9691.2,1016.6,0,0
2024-08-22 16:00:00,0.0,8806.0,1010.2,0,0
2024-08-22 17:00:00,0.0,8061.2,1014.6,0,0
2024-08-22 18:00:00,0.0,8893.3,1018.0,0,0
2024-08-22 19:00:00,0.0,8361.7,1013.1,0,0
2024-08-22 20:00:00,0.0,8285.5,1009.5,0,0
2024-08-22 21:00:00,0.0,8786.2,1012.9,0,0
2024-08-22 22:00:00,0.0,8198.2,1011.7,0,0
2024-08-22 23:00:00,0.0,9914.9,1006.5,0,0
2024-08-23 00:00:00,0.0,8095.1,1010.4,0,0
2024-08-23 01:00:00,0.0,8802.7,1006.3,0,0
2024-08-23 02:00:00,0.0,8325.4,1007.1,0,0
2024-08-23 03:00:00,0.0,9377.6,1007.5,0,0
2024-08-23 04:00:00,0.0,8157.6,1018.0,0,0
2024-08-23 05:00:00,0.0,9093.6,1020.7,0,0
2024-08-23 06:00:00,0.0,9546.2,1005.6,0,0
2024-08-23 07:00:00,0.0,9900.1,1021.2,0,0
2024-08-23 08:00:00,0.0,9397.1,1007.6,0,0
2024-08-23 09:00:00,0.0,8199.0,1017.0,0,0
2024-08-23 10:00:00,0.0,8177.0,1014.5,0,0
2024-08-23 11:00:00,0.0,9463.2,1016.4,0,0
2024-08-23 12:00:00,0.0,8430.7,1007.4,0,0
2024-08-23 13:00:00,0.0,8894.5,1004.2,0,0
2024-08-23 14:00:00,0.0,9953.2,1009.2,0,0
2024-08-23 15:00:00,0.0,9639.8,1015.4,0,0
2024-08-23 16:00:00,0.0,9693.2,1023.0,0,0
2024-08-23 17:00:00,0.0,9721.5,1008.1,0,0
2024-08-23 18:00:00,12.19,2347.6,1012.8,0,0
2024-08-23 19:00:00,0.0,9487.9,1009.5,0,0
2024-08-23 20:00:00,0.0,8717.9,1013.2,0,0
2024-08-23 21:00:00,0.0,9996.9,1003.6,0,0
2024-08-23 22:00:00,0.0,8559.2,1020.7,0,0
2024-08-23 23:00:00,0.0,9180.0,1013.4,0,0
2024-08-24 00:00:00,0.0,8564.1,1017.8,0,1
2024-08-24 01:00:00,0.0,8224.1,1012.1,0,1
2024-08-24 02:00:00,0.0,9135.2,1014.2,0,1
2024-08-24 03:00:00,0.0,8706.7,1018.9,0,1
2024-08-24 04:00:00,0.0,9166.4,1013.9,0,1
2024-08-24 05:00:00,0.0,9117.4,1014.1,0,1
2024-08-24 06:00:00,0.0,9084.5,1009.3,0,1
2024-08-24 07:00:00,0.0,8246.6,1010.6,0,1
2024-08-24 08:00:00,0.0,8880.4,1008.2,0,1
2024-08-24 09:00:00,0.0,9624.0,1009.6,0,1
2024-08-24 10:00:00,8.82,1497.6,1019.5,0,1
2024-08-24 11:00:00,0.0,8887.7,1022.3,0,1
2024-08-24 12:00:00,0.0,8987.7,1007.0,0,1
2024-08-24 13:00:00,0.0,9725.5,1015.2,0,1
2024-08-24 14:00:00,0.0,9311.2,1011.7,0,1
2024-08-24 15:00:00,0.0,8200.4,1020.2,0,1
2024-08-24 16:00:00,0.0,9730.3,1013.9,0,1
2024-08-24 17:00:00,0.0,9664.1,1013.2,0,1
2024-08-24 18:00:00,0.0,9507.3,1009.5,0,1
2024-08-24 19:00:00,0.0,8932.1,1005.6,0,1
2024-08-24 20:00:00,0.0,9515.1,1017.1,0,1
2024-08-24 21:00:00,0.0,8957.5,1015.0,0,1
2024-08-24 22:00:00,0.0,9473.2,1015.1,0,1
2024-08-24 23:00:00,0.0,9760.2,1010.3,0,1
2024-08-25 00:00:00,0.0,9781.1,1012.5,0,1
2024-08-25 01:00:00,0.0,8909.2,1017.2,0,1
2024-08-25 02:00:00,0.0,9718.7,1018.2,0,1
2024-08-25 03:00:00,0.0,8202.9,1007.4,0,1
2024-08-25 04:00:00,0.0,8203.6,1010.1,0,1
2024-08-25 05:00:00,0.0,9096.5,1006.3,0,1
2024-08-25 06:00:00,0.0,9303.7,1014.3,0,1
2024-08-25 07:00:00,0.0,8306.0,1017.7,0,1
2024-08-25 08:00:00,0.0,8944.4,1011.9,0,1
2024-08-25 09:00:00,0.0,8188.7,1009.9,0,1
2024-08-25 10:00:00,4.72,9204.2,1011.6,0,1
2024-08-25 11:00:00,0.0,9710.2,1024.8,0,1
2024-08-25 12:00:00,0.0,9475.3,1019.2,0,1
2024-08-25 13:00:00,0.0,8756.6,1016.9,0,1
2024-08-25 14:00:00,0.0,9987.6,1014.9,0,1
2024-08-25 15:00:00,0.0,9325.9,1013.2,0,1
2024-08-25 16:00:00,0.0,9630.5,1008.7,0,1
2024-08-25 17:00:00,0.0,9339.4,1007.9,0,1
2024-08-25 18:00:00,0.0,9978.8,1010.4,0,1
2024-08-25 19:00:00,0.0,9642.7,1008.5,0,1
2024-08-25 20:00:00,0.0,9038.8,1010.2,0,1
2024-08-25 21:00:00,0.0,8733.8,1012.7,0,1
2024-08-25 22:00:00,0.0,9364.3,1013.1,0,1
2024-08-25 23:00:00,17.55,966.6,1010.1,0,1
2024-08-26 00:00:00,0.0,9258.7,1015.7,0,0
2024-08-26 01:00:00,6.94,1425.2,1012.3,0,0
2024-08-26 02:00:00,0.0,8857.5,1014.3,0,0
2024-08-26 03:00:00,0.0,9116.2,1009.5,0,0
2024-08-26 04:00:00,0.0,9678.6,1016.7,0,0
2024-08-26 05:00:00,0.0,9525.8,1010.6,0,0
2024-08-26 06:00:00,0.0,8237.3,1021.3,0,0
2024-08-26 07:00:00,0.0,8491.1,1012.1,0,0
2024-08-26 08:00:00,0.0,8053.3,1012.8,0,0
2024-08-26 09:00:00,0.0,8015.9,1016.2,0,0
2024-08-26 10:00:00,0.0,8448.8,1017.3,0,0
2024-08-26 11:00:00,0.0,9598.6,1017.8,0,0
2024-08-26 12:00:00,0.0,9809.5,1022.1,0,0
2024-08-26 13:00:00,0.0,8783.5,1016.6,0,0
2024-08-26 14:00:00,0.0,9126.4,1012.9,0,0
2024-08-26 15:00:00,0.0,9412.1,1010.6,0,0
2024-08-26 16:00:00,0.0,9905.9,1012.6,0,0
2024-08-26 17:00:00,1.39,9825.9,1020.7,0,0
2024-08-26 18:00:00,0.0,8114.4,1006.3,0,0
2024-08-26 19:00:00,0.0,8496.3,1009.2,0,0
2024-08-26 20:00:00,0.0,8098.3,1012.2,0,0
2024-08-26 21:00:00,0.0,9233.1,1009.1,0,0
2024-08-26 22:00:00,0.0,9421.0,1011.2,0,0
2024-08-26 23:00:00,0.0,8616.6,1022.3,0,0
2024-08-27 00:00:00,0.0,9707.7,1011.8,0,0
2024-08-27 01:00:00,0.0,8905.6,1015.3,0,0
2024-08-27 02:00:00,0.0,9996.8,1005.0,0,0
2024-08-27 03:00:00,0.0,8000.8,1007.7,0,0
2024-08-27 04:00:00,0.0,8219.0,1017.9,0,0
2024-08-27 05:00:00,0.0,8603.6,1021.6,0,0
2024-08-27 06:00:00,0.0,8051.0,1014.4,0,0
2024-08-27 07:00:00,2.6,9564.7,1011.7,0,0
2024-08-27 08:00:00,0.0,8105.5,1015.7,0,0
2024-08-27 09:00:00,0.0,9498.0,1000.3,0,0
2024-08-27 10:00:00,0.0,8105.1,1014.4,0,0
2024-08-27 11:00:00,1.57,8505.5,1008.0,0,0
2024-08-27 12:00:00,9.43,1881.3,1017.2,0,0
2024-08-27 13:00:00,0.0,9902.2,1002.3,0,0
2024-08-27 14:00:00,0.0,8829.1,1010.1,0,0
2024-08-27 15:00:00,0.0,9939.9,1013.0,0,0
2024-08-27 16:00:00,0.0,9253.8,1009.4,0,0
2024-08-27 17:00:00,0.0,8831.7,1011.4,0,0
2024-08-27 18:00:00,0.0,9605.6,1017.8,0,0
2024-08-27 19:00:00,0.0,8590.7,1013.1,0,0
2024-08-27 20:00:00,0.0,8531.6,1008.6,0,0
2024-08-27 21:00:00,0.0,9313.1,1018.0,0,0
2024-08-27 22:00:00,0.0,8781.0,1014.5,0,0
2024-08-27 23:00:00,0.0,8271.8,1014.7,0,0
2024-08-28 00:00:00,0.0,8133.9,1008.8,0,0
2024-08-28 01:00:00,9.96,1330.6,1000.5,0,0
2024-08-28 02:00:00,7.33,2914.7,1008.7,0,0
2024-08-28 03:00:00,0.0,8823.6,1008.2,0,0
2024-08-28 04:00:00,0.0,9792.5,1010.2,0,0
2024-08-28 05:00:00,0.0,8821.7,1009.0,0,0
2024-08-28 06:00:00,0.0,9420.6,1013.8,0,0
2024-08-28 07:00:00,0.0,9818.2,1017.7,0,0
2024-08-28 08:00:00,0.0,9681.4,1018.6,0,0
2024-08-28 09:00:00,0.0,9022.2,1017.4,0,0
2024-08-28 10:00:00,0.0,9361.3,1008.8,0,0
2024-08-28 11:00:00,0.0,8827.3,1013.5,0,0
2024-08-28 12:00:00,0.0,9294.4,1021.1,0,0
2024-08-28 13:00:00,0.0,8515.1,1005.3,0,0
2024-08-28 14:00:00,0.0,8869.5,1020.0,0,0
2024-08-28 15:00:00,0.0,8419.1,1008.3,0,0
2024-08-28 16:00:00,0.0,8076.4,1014.7,0,0
2024-08-28 17:00:00,0.0,9177.1,1015.3,0,0
2024-08-28 18:00:00,0.0,9728.9,1014.2,0,0
2024-08-28 19:00:00,0.0,8051.2,1024.4,0,0
2024-08-28 20:00:00,0.0,8392.1,1011.7,0,0
2024-08-28 21:00:00,0.0,8920.4,1005.1,0,0
2024-08-28 22:00:00,0.0,9331.8,1015.0,0,0
2024-08-28 23:00:00,0.0,8342.5,1012.4,0,0
2024-08-29 00:00:00,0.0,8113.4,1016.0,0,0
2024-08-29 01:00:00,0.0,9038.1,1017.7,0,0
2024-08-29 02:00:00,0.0,9637.4,1013.1,0,0
2024-08-29 03:00:00,0.0,8070.5,1015.4,0,0
2024-08-29 04:00:00,2.93,8698.7,1014.0,0,0
2024-08-29 05:00:00,0.0,9327.0,1022.2,0,0
2024-08-29 06:00:00,0.0,8261.5,1011.4,0,0
2024-08-29 07:00:00,0.0,8471.9,1009.8,0,0
2024-08-29 08:00:00,5.01,749.7,1017.7,0,0
2024-08-29 09:00:00,0.0,9906.5,1008.6,0,0
2024-08-29 10:00:00,0.0,8574.7,1015.2,0,0
2024-08-29 11:00:00,0.0,8975.1,1012.4,0,0
2024-08-29 12:00:00,0.0,8799.9,1012.7,0,0
2024-08-29 13:00:00,2.67,9794.8,1025.4,0,0
2024-08-29 14:00:00,3.77,8143.8,1019.4,0,0
2024-08-29 15:00:00,0.0,9132.3,1018.4,0,0
2024-08-29 16:00:00,0.0,9692.2,1015.9,0,0
2024-08-29 17:00:00,0.0,9976.2,1009.8,0,0
2024-08-29 18:00:00,0.0,9397.5,1014.6,0,0
2024-08-29 19:00:00,0.0,8759.9,1016.2,0,0
2024-08-29 20:00:00,0.0,8823.6,1014.2,0,0
2024-08-29 21:00:00,0.0,8703.4,1013.7,0,0
2024-08-29 22:00:00,0.0,9207.2,1011.3,0,0
2024-08-29 23:00:00,7.7,2150.3,1014.6,0,0
2024-08-30 00:00:00,0.0,9638.9,1010.6,0,0
2024-08-30 01:00:00,0.0,8833.2,1016.8,0,0
2024-08-30 02:00:00,0.0,9433.4,1003.2,0,0
2024-08-30 03:00:00,9.93,2225.7,1020.0,0,0
2024-08-30 04:00:00,0.0,9841.6,1006.7,0,0
2024-08-30 05:00:00,0.0,9408.1,1007.9,0,0
2024-08-30 06:00:00,0.0,9273.8,1015.3,0,0
2024-08-30 07:00:00,0.0,9063.1,1015.9,0,0
2024-08-30 08:00:00,0.0,8366.4,1023.6,0,0
2024-08-30 09:00:00,0.0,8247.3,1014.7,0,0
2024-08-30 10:00:00,0.53,8971.4,1013.0,0,0
2024-08-30 11:00:00,0.0,8318.9,1014.2,0,0
2024-08-30 12:00:00,0.0,9154.0,1021.2,0,0
2024-08-30 13:00:00,0.0,9291.4,1025.4,0,0
2024-08-30 14:00:00,0.0,9051.2,1012.3,0,0
2024-08-30 15:00:00,0.0,8072.9,1016.0,0,0
2024-08-30 16:00:00,0.0,8115.5,1012.9,0,0
2024-08-30 17:00:00,0.0,8226.7,1012.8,0,0
2024-08-30 18:00:00,0.0,8307.3,1022.6,0,0
2024-08-30 19:00:00,0.0,9979.8,1008.6,0,0
2024-08-30 20:00:00,0.0,8689.0,1001.6,0,0
2024-08-30 21:00:00,0.0,8583.9,1014.8,0,0
2024-08-30 22:00:00,4.63,8104.5,1019.3,0,0
2024-08-30 23:00:00,0.0,9270.6,1014.3,0,0
2024-08-31 00:00:00,0.0,9304.4,1015.8,0,1
2024-08-31 01:00:00,0.0,8350.9,1017.0,0,1
2024-08-31 02:00:00,0.0,9838.5,1013.8,0,1
2024-08-31 03:00:00,0.0,9601.0,1016.0,0,1
2024-08-31 04:00:00,0.0,8460.6,1015.9,0,1
2024-08-31 05:00:00,0.0,8971.7,1003.5,0,1
2024-08-31 06:00:00,0.0,8916.8,1013.8,0,1
2024-08-31 07:00:00,0.0,8697.0,1005.4,0,1
2024-08-31 08:00:00,0.0,9635.3,1013.1,0,1
2024-08-31 09:00:00,0.0,8218.5,1010.8,0,1
2024-08-31 10:00:00,0.0,8830.6,1018.4,0,1
2024-08-31 11:00:00,0.0,8856.1,1014.5,0,1
2024-08-31 12:00:00,0.0,8937.5,1015.6,0,1
2024-08-31 13:00:00,0.0,9722.7,1012.3,0,1
2024-08-31 14:00:00,0.0,8436.3,1018.5,0,1
2024-08-31 15:00:00,0.0,8205.8,1005.3,0,1
2024-08-31 16:00:00,0.0,9235.6,1008.8,0,1
2024-08-31 17:00:00,0.0,8347.7,1019.7,0,1
2024-08-31 18:00:00,0.0,8149.9,1011.1,0,1
2024-08-31 19:00:00,6.44,2984.1,1002.5,0,1
2024-08-31 20:00:00,0.0,8439.3,1020.5,0,1
2024-08-31 21:00:00,0.0,8722.4,1018.6,0,1
2024-08-31 22:00:00,0.0,8519.4,1016.8,0,1
2024-08-31 23:00:00,0.0,8185.3,1013.7,0,1
2024-09-01 00:00:00,0.0,9120.7,1021.6,0,1
2024-09-01 01:00:00,0.0,8054.0,1019.5,0,1
2024-09-01 02:00:00,0.0,9932.8,1021.0,0,1
2024-09-01 03:00:00,0.0,8682.7,1016.7,0,1
2024-09-01 04:00:00,0.0,9390.3,1013.9,0,1
2024-09-01 05:00:00,0.0,9620.7,1011.3,0,1
2024-09-01 06:00:00,0.0,8558.2,1006.9,0,1
2024-09-01 07:00:00,0.0,9497.5,1015.8,0,1
2024-09-01 08:00:00,0.0,9664.8,1016.2,0,1
2024-09-01 09:00:00,0.0,8482.6,1011.5,0,1
2024-09-01 10:00:00,0.0,9985.0,1016.3,0,1
2024-09-01 11:00:00,0.0,8041.4,1011.6,0,1
2024-09-01 12:00:00,0.0,8434.0,1017.6,0,1
2024-09-01 13:00:00,0.0,9560.0,1008.8,0,1
2024-09-01 14:00:00,0.0,8388.3,1008.0,0,1
2024-09-01 15:00:00,0.0,9396.5,1012.0,0,1
2024-09-01 16:00:00,0.0,9711.1,1017.4,0,1
2024-09-01 17:00:00,0.0,9918.4,1007.5,0,1
2024-09-01 18:00:00,0.0,8948.5,1018.5,0,1
2024-09-01 19:00:00,0.0,9942.2,1005.0,0,1
2024-09-01 20:00:00,0.0,8823.2,1012.0,0,1
2024-09-01 21:00:00,0.0,8436.3,1006.2,0,1
2024-09-01 22:00:00,0.0,9027.8,1000.2,0,1
2024-09-01 23:00:00,0.0,9299.6,1015.1,0,1
2024-09-02 00:00:00,0.0,8915.9,1012.4,0,0
2024-09-02 01:00:00,0.0,9133.9,1006.3,0,0
2024-09-02 02:00:00,0.0,8832.8,1010.7,0,0
2024-09-02 03:00:00,3.37,9049.5,1015.5,0,0
2024-09-02 04:00:00,0.0,9905.2,1011.4,0,0
2024-09-02 05:00:00,0.0,8999.7,1012.3,0,0
2024-09-02 06:00:00,0.0,8506.4,1011.3,0,0
2024-09-02 07:00:00,0.0,9517.5,1010.3,0,0
2024-09-02 08:00:00,0.0,8675.2,1010.3,0,0
2024-09-02 09:00:00,0.0,9632.4,1010.1,0,0
2024-09-02 10:00:00,0.0,8113.7,1009.5,0,0
2024-09-02 11:00:00,0.0,8664.4,1008.2,0,0
2024-09-02 12:00:00,0.0,8188.7,1011.4,0,0
2024-09-02 13:00:00,0.0,8170.6,1010.1,0,0
2024-09-02 14:00:00,0.0,9316.8,1007.9,0,0
2024-09-02 15:00:00,0.0,8770.7,1017.1,0,0
2024-09-02 16:00:00,0.0,9743.0,1019.4,0,0
2024-09-02 17:00:00,0.0,9032.8,1013.2,0,0
2024-09-02 18:00:00,0.86,8590.7,1013.6,0,0
2024-09-02 19:00:00,0.0,9441.8,1009.8,0,0
2024-09-02 20:00:00,0.0,9248.0,1018.6,0,0
2024-09-02 21:00:00,0.0,9599.2,1021.9,0,0
2024-09-02 22:00:00,0.0,9287.2,1012.4,0,0
2024-09-02 23:00:00,0.0,8334.0,1010.6,0,0
2024-09-03 00:00:00,0.0,9340.6,1015.0,0,0
2024-09-03 01:00:00,0.0,8783.1,1013.9,0,0
2024-09-03 02:00:00,0.0,8926.3,1010.7,0,0
2024-09-03 03:00:00,0.0,9843.1,1015.6,0,0
2024-09-03 04:00:00,0.0,8719.9,1017.9,0,0
2024-09-03 05:00:00,0.0,9223.9,1009.3,0,0
2024-09-03 06:00:00,0.0,8727.0,1026.0,0,0
2024-09-03 07:00:00,7.3,1742.0,1005.6,0,0
2024-09-03 08:00:00,0.0,8907.1,1009.0,0,0
2024-09-03 09:00:00,0.0,9194.1,1014.4,0,0
2024-09-03 10:00:00,0.0,8815.0,1024.5,0,0
2024-09-03 11:00:00,0.0,8781.3,1010.4,0,0
2024-09-03 12:00:00,0.72,9640.8,1007.9,0,0
2024-09-03 13:00:00,0.0,8059.4,1016.0,0,0
2024-09-03 14:00:00,0.0,8591.2,1012.0,0,0
2024-09-03 15:00:00,0.0,9623.5,1016.6,0,0
2024-09-03 16:00:00,0.0,9841.1,1012.9,0,0
2024-09-03 17:00:00,0.08,8824.6,1009.0,0,0
2024-09-03 18:00:00,0.0,9777.6,1025.0,0,0
2024-09-03 19:00:00,0.0,8397.9,998.5,0,0
2024-09-03 20:00:00,0.0,8442.9,1022.4,0,0
2024-09-03 21:00:00,0.0,9692.4,1017.9,0,0
2024-09-03 22:00:00,0.0,9806.5,1009.5,0,0
2024-09-03 23:00:00,0.0,8445.6,1022.6,0,0
2024-09-04 00:00:00,0.0,8118.6,1006.4,0,0
2024-09-04 01:00:00,0.0,8180.6,1018.3,0,0
2024-09-04 02:00:00,0.0,8522.8,1002.8,0,0
2024-09-04 03:00:00,0.0,9522.9,1007.5,0,0
2024-09-04 04:00:00,0.0,9020.0,1007.5,0,0
2024-09-04 05:00:00,3.75,8911.2,1009.5,0,0
2024-09-04 06:00:00,0.0,9168.3,1013.3,0,0
2024-09-04 07:00:00,0.0,9780.4,1009.1,0,0
2024-09-04 08:00:00,0.0,8180.9,1003.1,0,0
2024-09-04 09:00:00,0.0,9389.4,1015.6,0,0
2024-09-04 10:00:00,0.0,9853.6,1013.5,0,0
2024-09-04 11:00:00,0.0,8426.7,1015.3,0,0
2024-09-04 12:00:00,0.0,9675.5,1014.1,0,0
2024-09-04 13:00:00,0.0,9396.0,1018.0,0,0
2024-09-04 14:00:00,0.0,8028.9,1012.9,0,0
2024-09-04 15:00:00,0.0,8463.2,1018.3,0,0
2024-09-04 16:00:00,8.6,1001.6,1009.4,0,0
2024-09-04 17:00:00,0.0,9004.8,1009.7,0,0
2024-09-04 18:00:00,0.0,9055.9,1020.1,0,0
2024-09-04 19:00:00,0.0,8463.9,1020.0,0,0
2024-09-04 20:00:00,0.0,9350.0,1016.1,0,0
2024-09-04 21:00:00,0.0,8532.8,1008.8,0,0
2024-09-04 22:00:00,0.0,8778.9,1008.4,0,0
2024-09-04 23:00:00,0.0,8737.8,1019.9,0,0
2024-09-05 00:00:00,0.0,9344.1,1019.6,0,0
2024-09-05 01:00:00,0.0,8180.5,1012.9,0,0
2024-09-05 02:00:00,0.0,8411.1,1025.0,0,0
2024-09-05 03:00:00,0.0,8401.0,1015.5,0,0
2024-09-05 04:00:00,0.0,8216.8,1007.7,0,0
2024-09-05 05:00:00,0.0,8415.2,1011.9,0,0
2024-09-05 06:00:00,0.0,9214.1,1013.3,0,0
2024-09-05 07:00:00,0.0,9464.3,1013.7,0,0
2024-09-05 08:00:00,0.0,9320.6,1019.5,0,0
2024-09-05 09:00:00,0.35,8950.4,1008.5,0,0
2024-09-05 10:00:00,0.0,8104.9,1006.6,0,0
2024-09-05 11:00:00,0.0,9918.0,1016.3,0,0
2024-09-05 12:00:00,0.0,8336.2,1010.7,0,0
2024-09-05 13:00:00,0.0,9336.8,1025.4,0,0
2024-09-05 14:00:00,0.0,9825.8,1018.0,0,0
2024-09-05 15:00:00,0.0,9395.6,1010.6,0,0
2024-09-05 16:00:00,9.34,2340.9,1019.3,0,0
2024-09-05 17:00:00,0.0,8631.6,1016.9,0,0
2024-09-05 18:00:00,0.0,8060.4,1016.4,0,0
2024-09-05 19:00:00,0.0,9225.5,1012.6,0,0
2024-09-05 20:00:00,0.0,9226.0,1015.4,0,0
2024-09-05 21:00:00,0.0,9451.0,1002.7,0,0
2024-09-05 22:00:00,0.0,8022.0,1019.8,0,0
2024-09-05 23:00:00,0.07,9635.7,996.1,0,0
2024-09-06 00:00:00,0.0,9477.4,1011.0,0,0
2024-09-06 01:00:00,0.0,8281.8,1005.3,0,0
2024-09-06 02:00:00,0.0,8695.3,1010.7,0,0
2024-09-06 03:00:00,0.0,9277.0,1012.9,0,0
2024-09-06 04:00:00,0.0,8991.6,1007.3,0,0
2024-09-06 05:00:00,0.0,8230.2,999.4,0,0
2024-09-06 06:00:00,5.74,2330.7,1014.3,0,0
2024-09-06 07:00:00,0.0,9562.9,1023.7,0,0
2024-09-06 08:00:00,0.0,8311.9,1011.5,0,0
2024-09-06 09:00:00,0.0,8344.2,1018.0,0,0
2024-09-06 10:00:00,0.0,9661.8,1020.8,0,0
2024-09-06 11:00:00,2.8,9224.3,1003.7,0,0
2024-09-06 12:00:00,0.0,9209.4,1011.0,0,0
2024-09-06 13:00:00,0.0,8958.7,1006.9,0,0
2024-09-06 14:00:00,0.0,9138.0,1009.2,0,0
2024-09-06 15:00:00,0.0,9203.5,1021.8,0,0
2024-09-06 16:00:00,0.0,9935.7,1014.4,0,0
2024-09-06 17:00:00,0.0,8445.9,1017.2,0,0
2024-09-06 18:00:00,0.0,8429.1,1013.0,0,0
2024-09-06 19:00:00,0.0,8114.4,1007.2,0,0
2024-09-06 20:00:00,0.0,9316.4,1016.6,0,0
2024-09-06 21:00:00,0.0,9098.1,1019.5,0,0
2024-09-06 22:00:00,0.0,8222.5,1014.8,0,0
2024-09-06 23:00:00,0.0,8729.1,1015.7,0,0
2024-09-07 00:00:00,0.0,8357.3,1007.1,0,1
2024-09-07 01:00:00,0.0,8663.0,1016.8,0,1
2024-09-07 02:00:00,0.0,9902.5,1020.0,0,1
2024-09-07 03:00:00,0.0,9366.6,1015.3,0,1
2024-09-07 04:00:00,0.0,8015.1,1004.3,0,1
2024-09-07 05:00:00,1.52,8505.0,1021.4,0,1
2024-09-07 06:00:00,0.0,8020.7,1008.5,0,1
2024-09-07 07:00:00,0.0,9429.7,1015.2,0,1
2024-09-07 08:00:00,0.0,8938.8,1018.0,0,1
2024-09-07 09:00:00,0.0,9988.0,1018.6,0,1
2024-09-07 10:00:00,0.0,9467.2,1004.2,0,1
2024-09-07 11:00:00,0.0,9035.8,1013.8,0,1
2024-09-07 12:00:00,2.24,9609.4,1013.5,0,1
2024-09-07 13:00:00,0.0,9409.6,1020.4,0,1
2024-09-07 14:00:00,0.0,8487.6,1015.5,0,1
2024-09-07 15:00:00,0.0,9060.5,1020.5,0,1
2024-09-07 16:00:00,0.0,9112.0,1015.9,0,1
2024-09-07 17:00:00,0.0,8902.5,1012.9,0,1
2024-09-07 18:00:00,0.0,8358.4,1014.2,0,1
2024-09-07 19:00:00,0.0,8446.7,1020.9,0,1
2024-09-07 20:00:00,0.0,8562.1,1006.8,0,1
2024-09-07 21:00:00,0.0,8020.5,1017.8,0,1
2024-09-07 22:00:00,0.0,9833.9,1010.1,0,1
2024-09-07 23:00:00,0.0,9372.2,1009.0,0,1
2024-09-08 00:00:00,0.0,9379.2,1018.4,0,1
2024-09-08 01:00:00,0.0,9144.7,1008.8,0,1
2024-09-08 02:00:00,0.0,9378.6,1015.1,0,1
2024-09-08 03:00:00,0.0,9963.7,1010.8,0,1
2024-09-08 04:00:00,0.0,8770.3,1001.5,0,1
2024-09-08 05:00:00,0.0,9425.1,1015.6,0,1
2024-09-08 06:00:00,0.0,8719.1,1013.9,0,1
2024-09-08 07:00:00,0.0,9708.6,1003.7,0,1
2024-09-08 08:00:00,0.0,9716.1,1009.8,0,1
2024-09-08 09:00:00,0.0,9804.5,1004.2,0,1
2024-09-08 10:00:00,0.0,8010.9,1016.9,0,1
2024-09-08 11:00:00,0.0,8596.4,1020.2,0,1
2024-09-08 12:00:00,0.0,8267.8,1017.5,0,1
2024-09-08 13:00:00,0.0,8908.0,1018.2,0,1
2024-09-08 14:00:00,0.0,8990.9,1010.7,0,1
2024-09-08 15:00:00,0.0,8511.8,1016.0,0,1
2024-09-08 16:00:00,0.0,9446.9,1013.2,0,1
2024-09-08 17:00:00,0.0,8539.5,1014.2,0,1
2024-09-08 18:00:00,0.0,9707.8,1018.0,0,1
2024-09-08 19:00:00,0.0,8355.3,1019.1,0,1
2024-09-08 20:00:00,0.0,8734.5,1011.3,0,1
2024-09-08 21:00:00,0.0,9244.5,1006.2,0,1
2024-09-08 22:00:00,0.0,9210.7,1012.3,0,1
2024-09-08 23:00:00,0.0,8156.1,1012.2,0,1
2024-09-09 00:00:00,0.0,9692.5,1014.7,0,0
2024-09-09 01:00:00,12.36,1239.8,1017.4,0,0
2024-09-09 02:00:00,0.0,9739.7,1003.7,0,0
2024-09-09 03:00:00,2.33,9735.3,1009.9,0,0
2024-09-09 04:00:00,0.0,9091.8,1008.4,0,0
2024-09-09 05:00:00,0.0,9821.6,1019.5,0,0
2024-09-09 06:00:00,0.0,9696.8,1012.2,0,0
2024-09-09 07:00:00,0.0,9916.2,1010.7,0,0
2024-09-09 08:00:00,0.0,9701.0,1015.9,0,0
2024-09-09 09:00:00,0.0,9642.4,1010.3,0,0
2024-09-09 10:00:00,0.0,8938.7,1013.2,0,0
2024-09-09 11:00:00,0.0,8424.1,1022.3,0,0
2024-09-09 12:00:00,0.0,9821.4,1022.2,0,0
2024-09-09 13:00:00,0.0,9445.1,1011.2,0,0
2024-09-09 14:00:00,0.0,8563.5,1012.3,0,0
2024-09-09 15:00:00,0.0,8682.0,1010.2,0,0
2024-09-09 16:00:00,0.0,9372.2,1003.6,0,0
2024-09-09 17:00:00,0.0,8955.6,1018.4,0,0
2024-09-09 18:00:00,0.0,8163.0,1025.4,0,0
2024-09-09 19:00:00,0.0,8282.9,1011.0,0,0
2024-09-09 20:00:00,0.0,9491.3,1009.2,0,0
2024-09-09 21:00:00,0.0,8657.1,1011.9,0,0
2024-09-09 22:00:00,2.11,9015.3,1013.7,0,0
2024-09-09 23:00:00,0.0,9533.2,1007.6,0,0
2024-09-10 00:00:00,0.0,9502.4,1011.0,0,0
2024-09-10 01:00:00,0.0,8334.0,1018.3,0,0
2024-09-10 02:00:00,0.0,8196.8,1013.9,0,0
2024-09-10 03:00:00,0.0,9182.3,1019.6,0,0
2024-09-10 04:00:00,0.0,9483.3,1015.1,0,0
2024-09-10 05:00:00,0.0,8298.1,1007.8,0,0
2024-09-10 06:00:00,0.0,8743.9,1010.4,0,0
2024-09-10 07:00:00,0.0,9740.6,1014.5,0,0
2024-09-10 08:00:00,0.0,9888.4,1007.6,0,0
2024-09-10 09:00:00,1.56,8908.1,1007.0,0,0
2024-09-10 10:00:00,0.0,8159.0,1007.3,0,0
2024-09-10 11:00:00,0.0,8515.4,1015.8,0,0
2024-09-10 12:00:00,0.0,8465.9,1011.4,0,0
2024-09-10 13:00:00,0.0,8477.9,1019.2,0,0
2024-09-10 14:00:00,0.0,8987.8,1008.8,0,0
2024-09-10 15:00:00,0.0,9166.5,1001.0,0,0
2024-09-10 16:00:00,0.0,8245.0,1012.6,0,0
2024-09-10 17:00:00,0.0,9778.7,1021.5,0,0
2024-09-10 18:00:00,0.0,9239.9,1013.4,0,0
2024-09-10 19:00:00,0.0,9194.5,1006.4,0,0
2024-09-10 20:00:00,0.0,9974.6,1005.1,0,0
2024-09-10 21:00:00,0.0,9256.3,1019.2,0,0
2024-09-10 22:00:00,0.0,9857.9,1009.2,0,0
2024-09-10 23:00:00,0.0,8572.5,1021.0,0,0
2024-09-11 00:00:00,0.0,8480.3,1016.5,0,0
2024-09-11 01:00:00,0.0,9033.0,1009.4,0,0
2024-09-11 02:00:00,0.0,9017.2,1019.1,0,0
2024-09-11 03:00:00,0.0,8453.0,1008.6,0,0
2024-09-11 04:00:00,0.0,9399.3,1006.0,0,0
2024-09-11 05:00:00,0.0,8059.3,1008.9,0,0
2024-09-11 06:00:00,0.0,9381.3,1017.1,0,0
2024-09-11 07:00:00,0.0,8914.4,1018.9,0,0
2024-09-11 08:00:00,0.0,9378.0,1011.3,0,0
2024-09-11 09:00:00,0.0,8954.2,1003.9,0,0
2024-09-11 10:00:00,0.0,9954.7,1005.5,0,0
2024-09-11 11:00:00,0.0,8669.4,1007.9,0,0
2024-09-11 12:00:00,0.0,9965.1,1006.8,0,0
2024-09-11 13:00:00,1.91,8129.9,1014.6,0,0
2024-09-11 14:00:00,0.76,9367.5,1022.9,0,0
2024-09-11 15:00:00,0.0,8908.4,1017.2,0,0
2024-09-11 16:00:00,1.7,9644.3,1007.6,0,0
2024-09-11 17:00:00,0.0,9579.2,1009.8,0,0
2024-09-11 18:00:00,0.0,9600.4,1010.8,0,0
2024-09-11 19:00:00,0.0,8189.5,1015.2,0,0
2024-09-11 20:00:00,0.0,9644.7,1021.1,0,0
2024-09-11 21:00:00,9.36,1855.8,1010.9,0,0
2024-09-11 22:00:00,0.0,8051.4,1020.9,0,0
2024-09-11 23:00:00,0.0,8435.5,1023.8,0,0
2024-09-12 00:00:00,0.0,8958.6,1011.5,0,0
2024-09-12 01:00:00,0.0,9484.2,1011.4,0,0
2024-09-12 02:00:00,0.0,8437.3,1011.4,0,0
2024-09-12 03:00:00,2.2,8226.0,1013.6,0,0
2024-09-12 04:00:00,0.0,9291.9,1011.5,0,0
2024-09-12 05:00:00,0.0,9967.8,1017.7,0,0
2024-09-12 06:00:00,0.0,9201.7,1005.5,0,0
2024-09-12 07:00:00,0.0,9382.1,1010.6,0,0
2024-09-12 08:00:00,0.0,9122.3,1014.9,0,0
2024-09-12 09:00:00,0.0,9564.7,1017.6,0,0
2024-09-12 10:00:00,0.0,9951.6,1024.2,0,0
2024-09-12 11:00:00,0.0,9088.3,1006.8,0,0
2024-09-12 12:00:00,0.0,8833.6,1010.0,0,0
2024-09-12 13:00:00,0.0,9720.7,1001.9,0,0
2024-09-12 14:00:00,0.0,9939.5,1007.7,0,0
2024-09-12 15:00:00,0.0,8258.4,1004.4,0,0
2024-09-12 16:00:00,0.0,9156.3,1010.6,0,0
2024-09-12 17:00:00,0.61,9584.9,1012.1,0,0
2024-09-12 18:00:00,0.0,9066.7,1015.6,0,0
2024-09-12 19:00:00,0.0,8818.4,1011.8,0,0
2024-09-12 20:00:00,0.0,9310.5,1015.6,0,0
2024-09-12 21:00:00,0.0,8540.3,1013.8,0,0
2024-09-12 22:00:00,0.0,8698.3,1008.1,0,0
2024-09-12 23:00:00,0.0,9984.6,1004.8,0,0
2024-09-13 00:00:00,0.0,9272.9,1016.2,0,0
2024-09-13 01:00:00,0.0,9745.9,1021.5,0,0
2024-09-13 02:00:00,0.0,9615.5,1025.9,0,0
2024-09-13 03:00:00,0.0,9304.5,1017.9,0,0
2024-09-13 04:00:00,0.0,9681.5,1020.5,0,0
2024-09-13 05:00:00,0.25,8574.3,1015.6,0,0
2024-09-13 06:00:00,0.0,9274.2,1014.8,0,0
2024-09-13 07:00:00,0.0,9181.2,1013.8,0,0
2024-09-13 08:00:00,0.0,9244.8,1012.7,0,0
2024-09-13 09:00:00,0.0,8337.3,1016.3,0,0
2024-09-13 10:00:00,0.0,8554.5,1010.6,0,0
2024-09-13 11:00:00,0.0,8573.3,1012.5,0,0
2024-09-13 12:00:00,0.0,9203.9,1007.4,0,0
2024-09-13 13:00:00,0.0,9945.1,1015.6,0,0
2024-09-13 14:00:00,0.0,9908.1,1008.5,0,0
2024-09-13 15:00:00,0.0,8454.4,1013.4,0,0
2024-09-13 16:00:00,0.0,8609.7,1015.8,0,0
2024-09-13 17:00:00,0.0,8072.1,1016.2,0,0
2024-09-13 18:00:00,0.0,8797.6,1017.1,0,0
2024-09-13 19:00:00,0.0,9669.3,1012.2,0,0
2024-09-13 20:00:00,0.0,9831.5,1015.7,0,0
2024-09-13 21:00:00,0.0,8473.0,1010.8,0,0
2024-09-13 22:00:00,0.0,8531.6,1003.4,0,0
2024-09-13 23:00:00,2.14,8441.7,1015.9,0,0
2024-09-14 00:00:00,0.0,8700.2,1014.7,0,1
2024-09-14 01:00:00,0.0,9609.5,1018.3,0,1
2024-09-14 02:00:00,0.0,9293.7,1013.1,0,1
2024-09-14 03:00:00,0.0,9571.9,1005.2,0,1
2024-09-14 04:00:00,0.0,9166.1,1012.8,0,1
2024-09-14 05:00:00,0.0,8515.5,1017.7,0,1
2024-09-14 06:00:00,0.0,8456.0,1015.6,0,1
2024-09-14 07:00:00,0.0,8018.0,1012.5,0,1
2024-09-14 08:00:00,0.0,9562.0,1004.9,0,1
2024-09-14 09:00:00,0.0,9694.2,1008.1,0,1
2024-09-14 10:00:00,0.0,9536.6,1015.6,0,1
2024-09-14 11:00:00,0.0,8148.8,1004.9,0,1
2024-09-14 12:00:00,0.0,9524.4,1011.7,0,1
2024-09-14 13:00:00,0.0,8091.5,1013.4,0,1
2024-09-14 14:00:00,0.0,8211.2,1019.0,0,1
2024-09-14 15:00:00,1.48,8881.0,1016.3,0,1
2024-09-14 16:00:00,0.0,8952.3,1018.1,0,1
2024-09-14 17:00:00,0.0,9632.2,1014.8,0,1
2024-09-14 18:00:00,0.0,9359.1,1009.0,0,1
2024-09-14 19:00:00,0.0,8306.6,1010.2,0,1
2024-09-14 20:00:00,0.0,8452.3,1008.6,0,1
2024-09-14 21:00:00,0.0,8571.4,1016.2,0,1
2024-09-14 22:00:00,0.0,8247.3,1009.8,0,1
2024-09-14 23:00:00,0.0,8575.3,1011.3,0,1
2024-09-15 00:00:00,0.0,9457.2,1013.4,0,1
2024-09-15 01:00:00,1.41,8482.8,1021.5,0,1
2024-09-15 02:00:00,0.0,9670.7,1016.5,0,1
2024-09-15 03:00:00,0.0,8939.0,1009.4,0,1
2024-09-15 04:00:00,0.0,8645.9,1014.0,0,1
2024-09-15 05:00:00,0.0,8824.8,1021.5,0,1
2024-09-15 06:00:00,0.0,9419.0,1016.3,0,1
2024-09-15 07:00:00,0.0,9033.6,1005.3,0,1
2024-09-15 08:00:00,0.0,8014.6,1008.7,0,1
2024-09-15 09:00:00,0.0,9844.6,1008.3,0,1
2024-09-15 10:00:00,7.35,1143.5,1020.5,0,1
2024-09-15 11:00:00,0.0,9877.2,1019.5,0,1
2024-09-15 12:00:00,0.0,8056.3,1010.1,0,1
2024-09-15 13:00:00,5.24,1916.6,1010.0,0,1
2024-09-15 14:00:00,0.0,9069.3,1013.5,0,1
2024-09-15 15:00:00,0.0,9011.5,1013.6,0,1
2024-09-15 16:00:00,0.0,8145.6,1008.4,0,1
2024-09-15 17:00:00,0.0,8477.5,1012.0,0,1
2024-09-15 18:00:00,0.0,9555.1,1006.0,0,1
2024-09-15 19:00:00,0.0,9782.5,1019.6,0,1
2024-09-15 20:00:00,0.0,9058.2,1004.4,0,1
2024-09-15 21:00:00,0.0,8706.7,1004.4,0,1
2024-09-15 22:00:00,0.0,8119.9,1015.4,0,1
2024-09-15 23:00:00,0.0,9364.4,1007.1,0,1
2024-09-16 00:00:00,0.0,8556.9,1010.7,0,0
2024-09-16 01:00:00,0.0,8110.0,1013.6,0,0
2024-09-16 02:00:00,0.0,9331.7,1016.6,0,0
2024-09-16 03:00:00,0.0,8971.4,1012.1,0,0
2024-09-16 04:00:00,0.0,8023.9,1022.1,0,0
2024-09-16 05:00:00,0.0,8221.8,1013.2,0,0
2024-09-16 06:00:00,0.0,9398.4,1019.2,0,0
2024-09-16 07:00:00,0.0,8127.3,1014.6,0,0
2024-09-16 08:00:00,0.0,9731.9,1023.9,0,0
2024-09-16 09:00:00,0.0,8622.7,1018.5,0,0
2024-09-16 10:00:00,0.0,8177.3,1013.5,0,0
2024-09-16 11:00:00,5.13,2721.1,1016.4,0,0
2024-09-16 12:00:00,0.0,9048.9,1011.9,0,0
2024-09-16 13:00:00,0.0,8613.3,1011.9,0,0
2024-09-16 14:00:00,0.0,8812.2,1006.7,0,0
2024-09-16 15:00:00,0.0,8042.8,1009.2,0,0
2024-09-16 16:00:00,0.0,9325.4,1023.6,0,0
2024-09-16 17:00:00,0.0,8731.5,1007.2,0,0
2024-09-16 18:00:00,0.0,9428.1,1010.0,0,0
2024-09-16 19:00:00,0.0,9256.3,1012.8,0,0
2024-09-16 20:00:00,0.0,9302.5,1012.9,0,0
2024-09-16 21:00:00,0.0,9585.8,1015.2,0,0
2024-09-16 22:00:00,0.0,9262.3,1010.9,0,0
2024-09-16 23:00:00,0.0,8837.5,1015.5,0,0
2024-09-17 00:00:00,0.0,8779.9,1019.0,0,0
2024-09-17 01:00:00,0.0,8239.2,1019.6,0,0
2024-09-17 02:00:00,0.0,9558.9,1011.9,0,0
2024-09-17 03:00:00,0.0,9522.2,1016.3,0,0
2024-09-17 04:00:00,0.0,8492.6,1007.5,0,0
2024-09-17 05:00:00,0.0,9725.4,1009.6,0,0
2024-09-17 06:00:00,0.0,9178.0,1007.4,0,0
2024-09-17 07:00:00,0.0,8957.4,1013.0,0,0
2024-09-17 08:00:00,0.0,8035.0,1009.0,0,0
2024-09-17 09:00:00,0.0,8765.5,1005.6,0,0
2024-09-17 10:00:00,0.0,9281.3,1011.3,0,0
2024-09-17 11:00:00,0.0,8179.5,1004.6,0,0
2024-09-17 12:00:00,0.0,8919.1,1019.9,0,0
2024-09-17 13:00:00,0.0,9986.9,1010.5,0,0
2024-09-17 14:00:00,0.0,9433.1,1018.2,0,0
2024-09-17 15:00:00,0.0,9093.7,1010.8,0,0
2024-09-17 16:00:00,0.0,9066.1,1007.3,0,0
2024-09-17 17:00:00,0.0,8087.5,1019.1,0,0
2024-09-17 18:00:00,0.0,9914.6,1013.7,0,0
2024-09-17 19:00:00,0.0,9856.4,1022.7,0,0
2024-09-17 20:00:00,0.0,9364.8,1010.9,0,0
2024-09-17 21:00:00,0.0,8198.0,1011.0,0,0
2024-09-17 22:00:00,0.0,8415.7,1018.3,0,0
2024-09-17 23:00:00,5.19,2304.6,1018.3,0,0
2024-09-18 00:00:00,0.0,9039.2,1014.0,0,0
2024-09-18 01:00:00,0.0,8415.6,1029.9,0,0
2024-09-18 02:00:00,1.27,9391.6,1011.8,0,0
2024-09-18 03:00:00,0.0,9090.5,1006.9,0,0
2024-09-18 04:00:00,0.0,8035.3,1008.2,0,0
2024-09-18 05:00:00,0.0,9488.1,1011.9,0,0
2024-09-18 06:00:00,0.0,8377.7,1020.8,0,0
2024-09-18 07:00:00,10.32,1573.7,1012.3,0,0
2024-09-18 08:00:00,0.0,8710.1,1021.1,0,0
2024-09-18 09:00:00,0.0,8677.2,1015.4,0,0
2024-09-18 10:00:00,0.0,8023.6,1018.7,0,0
2024-09-18 11:00:00,0.0,9975.5,1015.2,0,0
2024-09-18 12:00:00,0.0,9224.0,1015.1,0,0
2024-09-18 13:00:00,0.0,8845.5,1017.0,0,0
2024-09-18 14:00:00,0.0,8193.2,1010.4,0,0
2024-09-18 15:00:00,0.0,9398.3,1010.5,0,0
2024-09-18 16:00:00,0.0,8565.5,1015.0,0,0
2024-09-18 17:00:00,0.0,9976.6,1023.0,0,0
2024-09-18 18:00:00,0.0,9901.1,1005.5,0,0
2024-09-18 19:00:00,0.0,9470.6,1003.1,0,0
2024-09-18 20:00:00,0.0,9942.1,1011.9,0,0
2024-09-18 21:00:00,0.0,8211.3,1018.4,0,0
2024-09-18 22:00:00,0.0,8559.8,1013.5,0,0
2024-09-18 23:00:00,0.0,8506.5,1007.4,0,0
2024-09-19 00:00:00,1.54,8144.0,1013.6,0,0
2024-09-19 01:00:00,0.0,9944.5,1004.6,0,0
2024-09-19 02:00:00,0.0,8119.9,1016.4,0,0
2024-09-19 03:00:00,0.0,9713.4,1011.7,0,0
2024-09-19 04:00:00,0.31,9536.3,1012.8,0,0
2024-09-19 05:00:00,0.0,8751.7,1015.4,0,0
2024-09-19 06:00:00,0.0,8037.6,1014.3,0,0
2024-09-19 07:00:00,0.0,8012.2,1010.5,0,0
2024-09-19 08:00:00,0.0,8408.0,1018.4,0,0
2024-09-19 09:00:00,0.0,8987.8,1017.2,0,0
2024-09-19 10:00:00,0.0,8915.8,1004.4,0,0
2024-09-19 11:00:00,0.0,9170.6,1012.1,0,0
2024-09-19 12:00:00,0.0,9543.9,1007.8,0,0
2024-09-19 13:00:00,0.0,8754.7,1006.9,0,0
2024-09-19 14:00:00,0.0,8320.7,1015.9,0,0
2024-09-19 15:00:00,0.0,9600.1,1011.2,0,0
2024-09-19 16:00:00,0.0,8665.4,1012.5,0,0
2024-09-19 17:00:00,0.0,8573.8,1009.9,0,0
2024-09-19 18:00:00,0.0,9528.6,1015.1,0,0
2024-09-19 19:00:00,0.0,9868.3,1016.6,0,0
2024-09-19 20:00:00,0.0,9829.9,1024.1,0,0
2024-09-19 21:00:00,0.0,8274.9,1012.3,0,0
2024-09-19 22:00:00,0.0,9006.3,1006.0,0,0
2024-09-19 23:00:00,0.0,8185.7,1010.7,0,0
2024-09-20 00:00:00,0.0,9922.0,1017.5,0,0
2024-09-20 01:00:00,0.0,8430.5,1009.4,0,0
2024-09-20 02:00:00,0.0,8394.9,1005.8,0,0
2024-09-20 03:00:00,2.59,9777.8,1009.5,0,0
2024-09-20 04:00:00,0.0,9935.7,1010.6,0,0
2024-09-20 05:00:00,0.0,9395.3,1007.8,0,0
2024-09-20 06:00:00,0.0,8242.0,1014.3,0,0
2024-09-20 07:00:00,0.0,8971.7,1012.9,0,0
2024-09-20 08:00:00,0.0,9633.2,1017.2,0,0
2024-09-20 09:00:00,0.0,9145.0,1011.0,0,0
2024-09-20 10:00:00,0.0,8265.2,1016.0,0,0
2024-09-20 11:00:00,0.0,8343.8,1010.8,0,0
2024-09-20 12:00:00,0.0,9728.3,1007.6,0,0
2024-09-20 13:00:00,0.0,9054.1,1010.5,0,0
2024-09-20 14:00:00,5.77,1262.7,1005.2,0,0
2024-09-20 15:00:00,0.0,8746.1,1022.2,0,0
2024-09-20 16:00:00,0.0,9065.0,1014.0,0,0
2024-09-20 17:00:00,0.0,9954.2,1009.3,0,0
2024-09-20 18:00:00,0.0,8659.4,1011.4,0,0
2024-09-20 19:00:00,0.0,9349.6,1001.0,0,0
2024-09-20 20:00:00,0.0,8345.0,1020.4,0,0
2024-09-20 21:00:00,0.0,8243.5,1019.9,0,0
2024-09-20 22:00:00,0.0,9567.3,1013.8,0,0
2024-09-20 23:00:00,0.0,9688.2,1014.8,0,0
2024-09-21 00:00:00,0.0,9336.6,1006.9,0,1
2024-09-21 01:00:00,0.0,8316.4,1007.3,0,1
2024-09-21 02:00:00,0.0,8481.2,1004.8,0,1
2024-09-21 03:00:00,0.0,9822.4,1012.4,0,1
2024-09-21 04:00:00,0.0,8577.4,1018.6,0,1
2024-09-21 05:00:00,0.0,9637.7,1011.3,0,1
2024-09-21 06:00:00,0.0,8571.9,1015.0,0,1
2024-09-21 07:00:00,0.0,9878.9,1018.1,0,1
2024-09-21 08:00:00,0.0,9828.9,1005.1,0,1
2024-09-21 09:00:00,0.0,8086.5,1022.5,0,1
2024-09-21 10:00:00,0.0,9540.8,1019.0,0,1
2024-09-21 11:00:00,1.9,8338.9,1015.8,0,1
2024-09-21 12:00:00,0.0,8430.5,1017.9,0,1
2024-09-21 13:00:00,0.0,8919.7,1018.1,0,1
2024-09-21 14:00:00,0.0,9152.6,1014.7,0,1
2024-09-21 15:00:00,0.0,8651.6,1020.4,0,1
2024-09-21 16:00:00,0.0,9150.8,1011.0,0,1
2024-09-21 17:00:00,0.0,8341.3,1015.6,0,1
2024-09-21 18:00:00,0.85,8044.7,1019.9,0,1
2024-09-21 19:00:00,6.14,1921.6,999.8,0,1
2024-09-21 20:00:00,0.0,9034.8,1015.4,0,1
2024-09-21 21:00:00,0.0,9379.3,1016.9,0,1
2024-09-21 22:00:00,0.21,9299.6,1004.7,0,1
2024-09-21 23:00:00,0.0,9795.0,1014.7,0,1
2024-09-22 00:00:00,0.0,8918.9,1009.3,0,1
2024-09-22 01:00:00,0.0,8016.7,1015.2,0,1
2024-09-22 02:00:00,0.0,9261.3,1012.8,0,1
2024-09-22 03:00:00,0.0,9350.3,1008.5,0,1
2024-09-22 04:00:00,0.0,9043.0,1018.8,0,1
2024-09-22 05:00:00,0.0,9378.6,1011.2,0,1
2024-09-22 06:00:00,0.0,8647.2,1014.6,0,1
2024-09-22 07:00:00,0.0,8297.6,1019.8,0,1
2024-09-22 08:00:00,0.0,9329.1,1008.7,0,1
2024-09-22 09:00:00,0.0,8490.4,1013.3,0,1
2024-09-22 10:00:00,0.0,8912.6,1010.8,0,1
2024-09-22 11:00:00,0.0,8983.2,1011.9,0,1
2024-09-22 12:00:00,8.47,2171.4,1024.0,0,1
2024-09-22 13:00:00,0.0,9196.9,1015.5,0,1
2024-09-22 14:00:00,0.0,8058.9,1014.8,0,1
2024-09-22 15:00:00,0.0,9979.4,1015.9,0,1
2024-09-22 16:00:00,0.0,9432.6,1015.4,0,1
2024-09-22 17:00:00,0.0,8850.8,1004.1,0,1
2024-09-22 18:00:00,1.1,8382.7,1024.7,0,1
2024-09-22 19:00:00,0.0,8160.4,1005.9,0,1
2024-09-22 20:00:00,0.0,9344.4,1021.9,0,1
2024-09-22 21:00:00,0.0,8633.9,1016.3,0,1
2024-09-22 22:00:00,0.0,8459.0,1014.2,0,1
2024-09-22 23:00:00,0.0,8759.9,1011.7,0,1
2024-09-23 00:00:00,0.0,9185.8,1026.3,0,0
2024-09-23 01:00:00,0.0,9343.4,1016.3,0,0
2024-09-23 02:00:00,0.0,9290.3,1013.3,0,0
2024-09-23 03:00:00,0.0,9726.5,1010.6,0,0
2024-09-23 04:00:00,0.0,8437.5,1010.0,0,0
2024-09-23 05:00:00,0.0,9273.5,1013.5,0,0
2024-09-23 06:00:00,0.0,8202.2,1008.6,0,0
2024-09-23 07:00:00,0.0,9095.9,1016.6,0,0
2024-09-23 08:00:00,0.0,9167.9,1010.0,0,0
2024-09-23 09:00:00,0.0,8432.5,1018.3,0,0
2024-09-23 10:00:00,2.45,8783.4,1018.2,0,0
2024-09-23 11:00:00,0.0,9654.4,1013.0,0,0
2024-09-23 12:00:00,0.0,8296.8,1016.2,0,0
2024-09-23 13:00:00,0.0,8869.0,1016.4,0,0
2024-09-23 14:00:00,0.0,9865.5,1005.9,0,0
2024-09-23 15:00:00,0.0,9008.2,1021.9,0,0
2024-09-23 16:00:00,0.0,9450.3,1012.0,0,0
2024-09-23 17:00:00,0.0,9653.7,1016.7,0,0
2024-09-23 18:00:00,0.0,8407.5,1016.9,0,0
2024-09-23 19:00:00,0.0,8436.4,1000.8,0,0
2024-09-23 20:00:00,0.0,9517.2,1010.0,0,0
2024-09-23 21:00:00,0.0,9506.6,1017.5,0,0
2024-09-23 22:00:00,0.0,8120.4,1013.6,0,0
2024-09-23 23:00:00,0.0,8645.0,1016.7,0,0
2024-09-24 00:00:00,0.0,8797.1,1013.7,0,0
2024-09-24 01:00:00,5.4,2543.1,1019.4,0,0
2024-09-24 02:00:00,0.0,8843.7,1013.8,0,0
2024-09-24 03:00:00,0.0,9851.9,1020.4,0,0
2024-09-24 04:00:00,0.0,9993.2,1008.3,0,0
2024-09-24 05:00:00,0.0,9561.5,1012.6,0,0
2024-09-24 06:00:00,0.0,9332.8,1010.3,0,0
2024-09-24 07:00:00,0.0,8783.8,1015.2,0,0
2024-09-24 08:00:00,0.0,8134.1,1011.9,0,0
2024-09-24 09:00:00,0.0,9146.3,1012.1,0,0
2024-09-24 10:00:00,0.0,8723.4,1009.7,0,0
2024-09-24 11:00:00,0.0,8701.8,1010.9,0,0
2024-09-24 12:00:00,0.44,9375.4,1013.2,0,0
2024-09-24 13:00:00,0.0,8927.3,1003.1,0,0
2024-09-24 14:00:00,0.0,9504.2,1001.7,0,0
2024-09-24 15:00:00,0.0,8796.3,1013.5,0,0
2024-09-24 16:00:00,0.0,8301.7,999.4,0,0
2024-09-24 17:00:00,0.0,8922.7,1012.3,0,0
2024-09-24 18:00:00,1.93,9902.0,1011.4,0,0
2024-09-24 19:00:00,0.0,9603.0,1016.0,0,0
2024-09-24 20:00:00,0.0,8411.5,1009.9,0,0
2024-09-24 21:00:00,0.0,8782.6,1021.1,0,0
2024-09-24 22:00:00,0.0,9855.6,1017.5,0,0
2024-09-24 23:00:00,0.27,8247.4,1005.7,0,0
2024-09-25 00:00:00,0.0,8507.9,1011.8,0,0
2024-09-25 01:00:00,0.0,8524.4,1020.9,0,0
2024-09-25 02:00:00,0.0,9141.9,1009.8,0,0
2024-09-25 03:00:00,0.0,8821.5,1013.0,0,0
2024-09-25 04:00:00,0.0,8159.7,1020.3,0,0
2024-09-25 05:00:00,0.0,9258.4,1010.5,0,0
2024-09-25 06:00:00,0.0,8198.2,1018.9,0,0
2024-09-25 07:00:00,0.0,9212.8,1008.7,0,0
2024-09-25 08:00:00,0.0,9014.0,998.8,0,0
2024-09-25 09:00:00,0.0,8987.3,1019.4,0,0
2024-09-25 10:00:00,0.0,8135.0,1015.4,0,0
2024-09-25 11:00:00,0.0,9278.4,1015.8,0,0
2024-09-25 12:00:00,0.0,8862.6,1007.8,0,0
2024-09-25 13:00:00,0.0,8822.2,1008.2,0,0
2024-09-25 14:00:00,5.56,1062.5,1019.0,0,0
2024-09-25 15:00:00,0.0,9212.5,1014.5,0,0
2024-09-25 16:00:00,0.0,8030.1,1012.7,0,0
2024-09-25 17:00:00,0.0,8250.5,1014.4,0,0
2024-09-25 18:00:00,0.0,8473.0,1020.8,0,0
2024-09-25 19:00:00,2.68,9356.0,1016.9,0,0
2024-09-25 20:00:00,0.0,9153.5,1010.9,0,0
2024-09-25 21:00:00,0.0,9515.3,1006.2,0,0
2024-09-25 22:00:00,0.0,9481.2,1016.2,0,0
2024-09-25 23:00:00,0.0,9706.4,1008.6,0,0
2024-09-26 00:00:00,0.0,8753.6,1007.3,0,0
2024-09-26 01:00:00,0.0,8690.1,1019.8,0,0
2024-09-26 02:00:00,0.0,9662.0,1017.6,0,0
2024-09-26 03:00:00,0.0,8475.2,1015.2,0,0
2024-09-26 04:00:00,0.0,8922.3,1007.1,0,0
2024-09-26 05:00:00,0.0,8388.7,1022.2,0,0
2024-09-26 06:00:00,17.23,2343.7,1018.4,0,0
2024-09-26 07:00:00,0.0,8815.6,1011.7,0,0
2024-09-26 08:00:00,0.0,8425.0,1010.7,0,0
2024-09-26 09:00:00,0.0,9384.0,1013.6,0,0
2024-09-26 10:00:00,0.0,8489.3,1010.9,0,0
2024-09-26 11:00:00,0.0,9887.0,1024.3,0,0
2024-09-26 12:00:00,6.2,1361.4,1011.3,0,0
2024-09-26 13:00:00,0.0,9329.3,1007.9,0,0
2024-09-26 14:00:00,0.0,8690.5,1021.2,0,0
2024-09-26 15:00:00,0.0,9614.5,1010.4,0,0
2024-09-26 16:00:00,0.0,9793.8,1017.2,0,0
2024-09-26 17:00:00,2.18,9575.8,1016.6,0,0
2024-09-26 18:00:00,0.0,9697.0,1013.0,0,0
2024-09-26 19:00:00,2.14,8203.8,1008.4,0,0
2024-09-26 20:00:00,0.0,9848.1,1013.0,0,0
2024-09-26 21:00:00,0.0,9248.6,1007.4,0,0
2024-09-26 22:00:00,0.0,9738.4,1013.1,0,0
2024-09-26 23:00:00,0.0,9368.9,1017.1,0,0
2024-09-27 00:00:00,0.0,8403.7,1021.8,0,0
2024-09-27 01:00:00,0.0,9219.1,1007.8,0,0
2024-09-27 02:00:00,0.0,8181.9,1012.0,0,0
2024-09-27 03:00:00,0.0,9391.4,1010.6,0,0
2024-09-27 04:00:00,0.0,8818.0,1014.6,0,0
2024-09-27 05:00:00,0.0,8303.5,1005.6,0,0
2024-09-27 06:00:00,5.78,2034.2,1008.6,0,0
2024-09-27 07:00:00,0.0,9802.2,1004.8,0,0
2024-09-27 08:00:00,0.0,9787.1,1006.1,0,0
2024-09-27 09:00:00,0.0,9577.6,1009.9,0,0
2024-09-27 10:00:00,0.0,9384.0,1021.6,0,0
2024-09-27 11:00:00,0.0,9310.2,1015.0,0,0
2024-09-27 12:00:00,0.0,8212.2,1013.6,0,0
2024-09-27 13:00:00,0.0,9801.1,1020.0,0,0
2024-09-27 14:00:00,3.59,9762.3,1015.2,0,0
2024-09-27 15:00:00,0.0,9495.7,1015.6,0,0
2024-09-27 16:00:00,0.0,9854.6,1010.9,0,0
2024-09-27 17:00:00,0.0,9106.2,1010.1,0,0
2024-09-27 18:00:00,0.0,8895.3,1006.7,0,0
2024-09-27 19:00:00,0.0,9935.9,1010.2,0,0
2024-09-27 20:00:00,0.0,8928.3,1011.8,0,0
2024-09-27 21:00:00,0.0,9282.6,1015.0,0,0
2024-09-27 22:00:00,0.0,8746.1,1013.1,0,0
2024-09-27 23:00:00,0.0,9272.7,1011.4,0,0
2024-09-28 00:00:00,0.0,9440.2,1008.7,0,1
2024-09-28 01:00:00,0.0,9249.3,1015.2,0,1
2024-09-28 02:00:00,0.0,9029.1,1010.8,0,1
2024-09-28 03:00:00,0.0,8600.2,1015.0,0,1
2024-09-28 04:00:00,0.0,9287.7,1003.7,0,1
2024-09-28 05:00:00,0.0,9816.9,1014.9,0,1
2024-09-28 06:00:00,0.0,8013.8,1017.0,0,1
2024-09-28 07:00:00,0.0,8267.9,1016.3,0,1
2024-09-28 08:00:00,0.0,8239.5,1012.3,0,1
2024-09-28 09:00:00,0.0,9846.4,1017.8,0,1
2024-09-28 10:00:00,0.0,9325.5,1006.9,0,1
2024-09-28 11:00:00,0.0,9903.6,1012.8,0,1
2024-09-28 12:00:00,0.0,9165.6,1012.3,0,1
2024-09-28 13:00:00,0.0,8923.5,1018.4,0,1
2024-09-28 14:00:00,1.54,9584.7,1003.1,0,1
2024-09-28 15:00:00,0.0,8321.9,1008.0,0,1
2024-09-28 16:00:00,0.0,8762.7,1022.0,0,1
2024-09-28 17:00:00,0.0,8932.5,1001.1,0,1
2024-09-28 18:00:00,0.0,8596.9,1017.3,0,1
2024-09-28 19:00:00,0.0,8742.6,1009.7,0,1
2024-09-28 20:00:00,0.0,8156.2,1014.5,0,1
2024-09-28 21:00:00,4.74,8396.0,1020.3,0,1
2024-09-28 22:00:00,0.0,8671.0,1014.7,0,1
2024-09-28 23:00:00,0.0,9591.8,1020.4,0,1
2024-09-29 00:00:00,0.0,8365.0,1010.8,0,1
2024-09-29 01:00:00,0.0,8693.3,1011.4,0,1
2024-09-29 02:00:00,0.0,8129.8,1017.2,0,1
2024-09-29 03:00:00,0.0,9114.2,1011.1,0,1
2024-09-29 04:00:00,4.19,9222.5,1016.2,0,1
2024-09-29 05:00:00,0.0,9731.0,1019.2,0,1
2024-09-29 06:00:00,0.0,9638.2,1017.6,0,1
2024-09-29 07:00:00,0.0,8570.8,1005.4,0,1
2024-09-29 08:00:00,0.0,8273.9,1011.5,0,1
2024-09-29 09:00:00,0.0,8312.2,1014.7,0,1
2024-09-29 10:00:00,0.0,9937.9,1012.0,0,1
2024-09-29 11:00:00,0.0,9346.5,1013.6,0,1
2024-09-29 12:00:00,0.0,8085.1,1014.7,0,1
2024-09-29 13:00:00,0.0,8273.6,1010.6,0,1
2024-09-29 14:00:00,0.91,8971.6,1012.3,0,1
2024-09-29 15:00:00,0.0,8415.7,1007.3,0,1
2024-09-29 16:00:00,0.0,9607.3,1010.9,0,1
2024-09-29 17:00:00,0.0,9146.4,1005.6,0,1
2024-09-29 18:00:00,0.0,9225.3,1013.8,0,1
2024-09-29 19:00:00,0.0,8925.7,1012.3,0,1
2024-09-29 20:00:00,0.0,8512.1,1008.7,0,1
2024-09-29 21:00:00,0.0,9178.8,1022.2,0,1
2024-09-29 22:00:00,0.0,9433.9,1012.0,0,1
2024-09-29 23:00:00,0.0,8741.9,1014.7,0,1
2024-09-30 00:00:00,0.0,9009.9,1010.1,0,0
2024-09-30 01:00:00,0.0,9679.4,1011.2,0,0
2024-09-30 02:00:00,0.0,8297.4,1014.9,0,0
2024-09-30 03:00:00,0.0,9090.4,1011.6,0,0
2024-09-30 04:00:00,0.0,8696.8,1013.3,0,0
2024-09-30 05:00:00,0.0,9405.6,1017.3,0,0
2024-09-30 06:00:00,0.0,8037.6,1010.7,0,0
2024-09-30 07:00:00,3.09,9340.9,1006.6,0,0
2024-09-30 08:00:00,0.0,8205.8,1005.6,0,0
2024-09-30 09:00:00,0.0,8129.5,1020.4,0,0
2024-09-30 10:00:00,0.0,9449.2,1017.9,0,0
2024-09-30 11:00:00,0.0,9280.7,1016.5,0,0
2024-09-30 12:00:00,0.0,9789.9,1011.1,0,0
2024-09-30 13:00:00,0.0,9039.3,1006.6,0,0
2024-09-30 14:00:00,0.0,9060.0,1011.8,0,0
2024-09-30 15:00:00,0.0,9414.0,1012.8,0,0
2024-09-30 16:00:00,0.0,8646.8,1007.6,0,0
2024-09-30 17:00:00,0.0,8073.8,1005.9,0,0
2024-09-30 18:00:00,0.0,8460.1,1004.6,0,0
2024-09-30 19:00:00,0.0,8476.0,1016.5,0,0
2024-09-30 20:00:00,0.0,8671.3,1007.2,0,0
2024-09-30 21:00:00,0.0,9886.9,1014.8,0,0
2024-09-30 22:00:00,0.0,9609.7,1011.3,0,0
2024-09-30 23:00:00,0.0,9871.9,1016.2,0,0
2024-10-01 00:00:00,0.12,9997.2,1014.9,0,0
2024-10-01 01:00:00,0.0,8867.6,1012.1,0,0
2024-10-01 02:00:00,0.0,8454.1,1013.9,0,0
2024-10-01 03:00:00,0.0,9120.0,1012.7,0,0
2024-10-01 04:00:00,0.0,9762.3,1010.2,0,0
2024-10-01 05:00:00,1.75,8931.5,1018.2,0,0
2024-10-01 06:00:00,0.0,9010.8,1011.1,0,0
2024-10-01 07:00:00,0.0,8268.9,1012.8,0,0
2024-10-01 08:00:00,0.0,8840.9,1006.2,0,0
2024-10-01 09:00:00,0.0,8774.0,1014.6,0,0
2024-10-01 10:00:00,0.0,8703.4,1010.2,0,0
2024-10-01 11:00:00,0.0,9774.6,1010.9,0,0
2024-10-01 12:00:00,0.0,8118.6,1009.1,0,0
2024-10-01 13:00:00,0.0,9944.3,1012.6,0,0
2024-10-01 14:00:00,0.0,8016.5,1003.2,0,0
2024-10-01 15:00:00,0.0,9891.2,1016.7,0,0
2024-10-01 16:00:00,0.0,9096.1,1013.1,0,0
2024-10-01 17:00:00,0.0,9404.9,1010.9,0,0
2024-10-01 18:00:00,0.0,8374.3,1005.5,0,0
2024-10-01 19:00:00,0.0,9308.4,1015.4,0,0
2024-10-01 20:00:00,0.0,9763.9,1010.1,0,0
2024-10-01 21:00:00,0.0,8279.0,1019.8,0,0
2024-10-01 22:00:00,1.78,8254.2,1015.7,0,0
2024-10-01 23:00:00,0.0,8608.0,1020.9,0,0
2024-10-02 00:00:00,0.0,8323.5,1013.9,1,0
2024-10-02 01:00:00,0.0,8221.3,1018.6,1,0
2024-10-02 02:00:00,0.0,9356.6,1015.6,1,0
2024-10-02 03:00:00,0.0,8427.7,1011.0,1,0
2024-10-02 04:00:00,0.0,9334.0,1014.2,1,0
2024-10-02 05:00:00,0.0,9723.9,1009.1,1,0
2024-10-02 06:00:00,0.0,9304.0,1023.6,1,0
2024-10-02 07:00:00,0.0,8238.7,1012.7,1,0
2024-10-02 08:00:00,0.01,9147.2,1013.4,1,0
2024-10-02 09:00:00,0.0,8787.3,1015.2,1,0
2024-10-02 10:00:00,0.0,8686.7,1007.8,1,0
2024-10-02 11:00:00,0.0,8637.1,1019.9,1,0
2024-10-02 12:00:00,0.0,9858.9,1008.1,1,0
2024-10-02 13:00:00,0.0,9485.0,1007.0,1,0
2024-10-02 14:00:00,0.0,8267.7,1012.4,1,0
2024-10-02 15:00:00,0.0,8952.0,1006.9,1,0
2024-10-02 16:00:00,0.0,8636.4,1021.1,1,0
2024-10-02 17:00:00,0.0,9955.9,1012.1,1,0
2024-10-02 18:00:00,0.0,9956.1,997.1,1,0
2024-10-02 19:00:00,0.0,8639.1,1014.2,1,0
2024-10-02 20:00:00,0.0,8704.2,1016.0,1,0
2024-10-02 21:00:00,0.0,9198.8,1011.1,1,0
2024-10-02 22:00:00,0.0,8958.6,1006.5,1,0
2024-10-02 23:00:00,0.0,8426.2,1012.7,1,0
2024-10-03 00:00:00,0.0,9320.8,1010.8,0,0
2024-10-03 01:00:00,0.0,8668.3,1008.4,0,0
2024-10-03 02:00:00,0.0,9307.4,1007.9,0,0
2024-10-03 03:00:00,0.0,8767.4,1014.0,0,0
2024-10-03 04:00:00,0.0,9400.4,1017.8,0,0
2024-10-03 05:00:00,0.0,9335.6,1015.6,0,0
2024-10-03 06:00:00,0.0,9017.6,1004.6,0,0
2024-10-03 07:00:00,0.0,9409.5,1016.3,0,0
2024-10-03 08:00:00,0.0,8921.9,1017.1,0,0
2024-10-03 09:00:00,0.0,8232.3,1020.2,0,0
2024-10-03 10:00:00,0.0,8364.2,1008.5,0,0
2024-10-03 11:00:00,0.0,8492.0,1013.0,0,0
2024-10-03 12:00:00,0.0,8126.5,1016.1,0,0
2024-10-03 13:00:00,0.0,9422.8,1010.6,0,0
2024-10-03 14:00:00,0.0,8734.8,1016.0,0,0
2024-10-03 15:00:00,0.0,8187.0,1013.1,0,0
2024-10-03 16:00:00,0.0,9639.9,1009.0,0,0
2024-10-03 17:00:00,0.0,9367.3,1009.4,0,0
2024-10-03 18:00:00,0.0,8904.4,1019.5,0,0
2024-10-03 19:00:00,0.0,8494.9,1008.3,0,0
2024-10-03 20:00:00,0.0,8303.5,1007.4,0,0
2024-10-03 21:00:00,0.0,8916.7,1015.0,0,0
2024-10-03 22:00:00,0.0,9770.5,1013.1,0,0
2024-10-03 23:00:00,0.0,8376.8,1006.7,0,0
2024-10-04 00:00:00,0.0,9137.3,1010.7,0,0
2024-10-04 01:00:00,0.0,9923.4,1009.2,0,0
2024-10-04 02:00:00,0.0,9274.2,1010.0,0,0
2024-10-04 03:00:00,0.0,8879.9,1025.9,0,0
2024-10-04 04:00:00,0.0,9432.7,1011.7,0,0
2024-10-04 05:00:00,0.0,9649.2,1008.8,0,0
2024-10-04 06:00:00,0.0,9181.0,1023.4,0,0
2024-10-04 07:00:00,0.0,9743.7,1017.7,0,0
2024-10-04 08:00:00,0.0,9029.2,1016.9,0,0
2024-10-04 09:00:00,0.0,9660.1,1009.1,0,0
2024-10-04 10:00:00,0.0,9904.0,1019.2,0,0
2024-10-04 11:00:00,0.0,9002.5,1017.3,0,0
2024-10-04 12:00:00,0.0,9210.0,1014.0,0,0
2024-10-04 13:00:00,0.0,9218.9,1004.7,0,0
2024-10-04 14:00:00,0.0,9562.9,1013.2,0,0
2024-10-04 15:00:00,0.0,9645.9,1021.9,0,0
2024-10-04 16:00:00,0.0,8054.5,1014.4,0,0
2024-10-04 17:00:00,0.0,9466.7,1011.4,0,0
2024-10-04 18:00:00,0.0,9567.6,1012.1,0,0
2024-10-04 19:00:00,0.0,9400.9,1012.5,0,0
2024-10-04 20:00:00,0.0,9427.4,1009.3,0,0
2024-10-04 21:00:00,0.0,8082.8,1013.0,0,0
2024-10-04 22:00:00,0.0,8884.1,1020.5,0,0
2024-10-04 23:00:00,0.0,9636.4,1019.9,0,0
2024-10-05 00:00:00,0.0,9868.0,1009.5,0,1
2024-10-05 01:00:00,0.0,8458.9,1019.6,0,1
2024-10-05 02:00:00,0.0,9158.4,1017.1,0,1
2024-10-05 03:00:00,0.0,9608.7,1016.4,0,1
2024-10-05 04:00:00,0.0,9504.8,1015.4,0,1
2024-10-05 05:00:00,0.0,9237.8,1008.6,0,1
2024-10-05 06:00:00,0.0,8037.4,1011.2,0,1
2024-10-05 07:00:00,0.0,9447.8,1017.4,0,1
2024-10-05 08:00:00,0.0,9546.5,1007.2,0,1
2024-10-05 09:00:00,0.0,9445.7,1008.0,0,1
2024-10-05 10:00:00,0.0,9531.6,1014.8,0,1
2024-10-05 11:00:00,0.0,8861.8,1009.3,0,1
2024-10-05 12:00:00,0.0,9987.5,1017.4,0,1
2024-10-05 13:00:00,0.0,9541.6,1009.5,0,1
2024-10-05 14:00:00,0.0,9157.4,1014.5,0,1
2024-10-05 15:00:00,0.0,9868.4,1014.9,0,1
2024-10-05 16:00:00,0.0,9816.4,1010.8,0,1
2024-10-05 17:00:00,0.0,9629.1,1012.1,0,1
2024-10-05 18:00:00,0.0,9127.4,1009.8,0,1
2024-10-05 19:00:00,0.0,9054.2,1013.2,0,1
2024-10-05 20:00:00,0.0,8657.4,1008.4,0,1
2024-10-05 21:00:00,0.0,8501.8,1012.1,0,1
2024-10-05 22:00:00,0.0,9024.7,1017.0,0,1
2024-10-05 23:00:00,0.0,9155.6,1007.6,0,1
2024-10-06 00:00:00,0.0,8489.1,1010.8,0,1
2024-10-06 01:00:00,0.0,9845.2,1015.8,0,1
2024-10-06 02:00:00,0.0,9114.5,1002.9,0,1
2024-10-06 03:00:00,0.0,9053.0,1022.5,0,1
2024-10-06 04:00:00,0.0,8871.3,1018.5,0,1
2024-10-06 05:00:00,0.0,8116.1,1005.6,0,1
2024-10-06 06:00:00,0.0,9764.8,1002.7,0,1
2024-10-06 07:00:00,0.0,8634.0,1013.4,0,1
2024-10-06 08:00:00,0.0,9284.9,1007.6,0,1
2024-10-06 09:00:00,0.0,9214.9,1018.1,0,1
2024-10-06 10:00:00,8.0,2172.0,1015.2,0,1
2024-10-06 11:00:00,0.0,9051.4,1013.9,0,1
2024-10-06 12:00:00,0.0,8362.9,1010.4,0,1
2024-10-06 13:00:00,0.0,8561.2,1021.3,0,1
2024-10-06 14:00:00,0.0,9048.4,1017.0,0,1
2024-10-06 15:00:00,0.0,9578.7,1016.3,0,1
2024-10-06 16:00:00,0.0,8864.0,1019.3,0,1
2024-10-06 17:00:00,0.0,8407.8,1008.2,0,1
2024-10-06 18:00:00,0.0,8175.9,1019.7,0,1
2024-10-06 19:00:00,0.0,9326.0,1011.9,0,1
2024-10-06 20:00:00,0.0,8846.7,1014.9,0,1
2024-10-06 21:00:00,0.0,8250.7,1012.5,0,1
2024-10-06 22:00:00,0.0,9348.9,1003.9,0,1
2024-10-06 23:00:00,0.0,8415.2,1018.0,0,1
2024-10-07 00:00:00,0.0,9018.0,1004.1,0,0
2024-10-07 01:00:00,0.0,8612.4,1008.4,0,0
2024-10-07 02:00:00,0.0,9863.4,1011.0,0,0
2024-10-07 03:00:00,0.0,8456.6,1003.5,0,0
2024-10-07 04:00:00,0.0,8839.8,1007.7,0,0
2024-10-07 05:00:00,0.0,9919.0,1014.5,0,0
2024-10-07 06:00:00,0.0,8637.5,1011.5,0,0
2024-10-07 07:00:00,0.0,9289.2,1011.9,0,0
2024-10-07 08:00:00,1.47,8633.5,1008.7,0,0
2024-10-07 09:00:00,0.0,8221.3,1013.5,0,0
2024-10-07 10:00:00,0.0,9255.1,1011.6,0,0
2024-10-07 11:00:00,0.0,9832.1,1005.0,0,0
2024-10-07 12:00:00,2.82,8905.1,1012.2,0,0
2024-10-07 13:00:00,0.0,9252.4,1007.0,0,0
2024-10-07 14:00:00,0.0,9217.8,1017.7,0,0
2024-10-07 15:00:00,0.0,8830.2,1011.3,0,0
2024-10-07 16:00:00,1.83,9229.8,1025.9,0,0
2024-10-07 17:00:00,0.0,8518.6,1018.1,0,0
2024-10-07 18:00:00,0.0,8756.1,1012.6,0,0
2024-10-07 19:00:00,6.79,767.3,1016.1,0,0
2024-10-07 20:00:00,0.0,9728.0,1002.8,0,0
2024-10-07 21:00:00,0.0,8696.7,1018.1,0,0
2024-10-07 22:00:00,0.0,9270.3,1009.1,0,0
2024-10-07 23:00:00,0.0,8426.8,1013.7,0,0
2024-10-08 00:00:00,0.0,8505.1,1009.6,0,0
2024-10-08 01:00:00,6.51,1643.9,1010.1,0,0
2024-10-08 02:00:00,0.0,9524.6,1012.3,0,0
2024-10-08 03:00:00,0.0,8924.2,1013.6,0,0
2024-10-08 04:00:00,2.28,8670.2,1013.1,0,0
2024-10-08 05:00:00,0.0,9820.5,1013.2,0,0
2024-10-08 06:00:00,0.0,8271.6,1005.1,0,0
2024-10-08 07:00:00,0.0,9441.4,1024.9,0,0
2024-10-08 08:00:00,0.0,9380.3,1014.4,0,0
2024-10-08 09:00:00,0.0,9380.5,1015.4,0,0
2024-10-08 10:00:00,0.0,9870.8,1011.6,0,0
2024-10-08 11:00:00,0.0,9456.4,1008.9,0,0
2024-10-08 12:00:00,0.0,8603.1,1014.0,0,0
2024-10-08 13:00:00,0.0,8706.8,1014.7,0,0
2024-10-08 14:00:00,2.18,8782.2,1019.8,0,0
2024-10-08 15:00:00,0.0,8061.6,1023.6,0,0
2024-10-08 16:00:00,0.0,9827.0,1020.6,0,0
2024-10-08 17:00:00,0.0,8147.1,1004.4,0,0
2024-10-08 18:00:00,0.0,9399.6,1010.9,0,0
2024-10-08 19:00:00,0.0,9460.3,1014.9,0,0
2024-10-08 20:00:00,0.0,9687.4,1011.2,0,0
2024-10-08 21:00:00,0.0,9106.7,1013.0,0,0
2024-10-08 22:00:00,5.59,1334.5,1002.5,0,0
2024-10-08 23:00:00,0.0,8605.4,1017.8,0,0
2024-10-09 00:00:00,0.0,9491.2,1003.9,0,0
2024-10-09 01:00:00,0.0,8686.8,1005.4,0,0
2024-10-09 02:00:00,0.0,9805.7,1008.2,0,0
2024-10-09 03:00:00,0.0,8326.8,1012.8,0,0
2024-10-09 04:00:00,0.0,8631.5,1005.1,0,0
2024-10-09 05:00:00,0.0,8997.5,1007.9,0,0
2024-10-09 06:00:00,0.0,9551.7,1019.0,0,0
2024-10-09 07:00:00,0.0,9497.6,1012.7,0,0
2024-10-09 08:00:00,0.0,8421.4,1015.4,0,0
2024-10-09 09:00:00,0.0,8288.5,1007.1,0,0
2024-10-09 10:00:00,2.68,8607.9,1013.0,0,0
2024-10-09 11:00:00,0.0,8967.5,1012.6,0,0
2024-10-09 12:00:00,0.0,9078.0,1009.3,0,0
2024-10-09 13:00:00,0.0,8858.3,1013.0,0,0
2024-10-09 14:00:00,0.0,9326.2,1003.8,0,0
2024-10-09 15:00:00,0.0,8855.1,1015.4,0,0
2024-10-09 16:00:00,0.0,9892.7,1011.3,0,0
2024-10-09 17:00:00,0.0,8521.9,1012.0,0,0
2024-10-09 18:00:00,3.61,9254.7,1017.5,0,0
2024-10-09 19:00:00,0.0,9222.8,1015.4,0,0
2024-10-09 20:00:00,0.0,8563.1,1011.7,0,0
2024-10-09 21:00:00,0.0,8823.4,1007.7,0,0
2024-10-09 22:00:00,0.0,8730.9,1019.9,0,0
2024-10-09 23:00:00,0.0,8345.0,1006.5,0,0
2024-10-10 00:00:00,0.0,8954.6,1016.4,0,0
2024-10-10 01:00:00,0.0,8773.3,1005.3,0,0
2024-10-10 02:00:00,0.0,8356.6,1017.8,0,0
2024-10-10 03:00:00,0.0,8899.8,1018.3,0,0
2024-10-10 04:00:00,8.78,2115.5,1003.7,0,0
2024-10-10 05:00:00,0.0,8262.7,1015.5,0,0
2024-10-10 06:00:00,0.0,8262.4,1015.1,0,0
2024-10-10 07:00:00,0.0,9295.0,1016.8,0,0
2024-10-10 08:00:00,0.0,9413.2,1015.1,0,0
2024-10-10 09:00:00,0.0,9882.4,1008.4,0,0
2024-10-10 10:00:00,0.0,8174.0,1012.2,0,0
2024-10-10 11:00:00,0.0,8235.7,1021.6,0,0
2024-10-10 12:00:00,0.0,8103.6,1007.7,0,0
2024-10-10 13:00:00,0.0,9064.5,1014.9,0,0
2024-10-10 14:00:00,0.0,9245.5,1019.0,0,0
2024-10-10 15:00:00,0.0,8807.0,1008.3,0,0
2024-10-10 16:00:00,0.0,9595.8,1006.2,0,0
2024-10-10 17:00:00,0.0,9373.4,1006.9,0,0
2024-10-10 18:00:00,0.0,9971.7,1015.2,0,0
2024-10-10 19:00:00,0.0,8275.8,1006.9,0,0
2024-10-10 20:00:00,0.0,8116.6,1012.6,0,0
2024-10-10 21:00:00,0.0,8549.6,1020.1,0,0
2024-10-10 22:00:00,0.0,8038.1,1013.0,0,0
2024-10-10 23:00:00,0.0,9865.2,1009.4,0,0
2024-10-11 00:00:00,0.0,8607.9,1013.9,0,0
2024-10-11 01:00:00,3.78,9104.9,1012.9,0,0
2024-10-11 02:00:00,0.0,8636.1,1015.5,0,0
2024-10-11 03:00:00,0.0,8491.6,1021.3,0,0
2024-10-11 04:00:00,0.0,8304.7,1015.2,0,0
2024-10-11 05:00:00,0.0,8640.7,1023.4,0,0
2024-10-11 06:00:00,0.81,9230.8,1015.5,0,0
2024-10-11 07:00:00,2.8,9943.2,1009.4,0,0
2024-10-11 08:00:00,0.0,9116.2,1024.7,0,0
2024-10-11 09:00:00,0.0,9065.4,1012.6,0,0
2024-10-11 10:00:00,0.0,8070.5,1008.0,0,0
2024-10-11 11:00:00,0.0,9680.2,1024.9,0,0
2024-10-11 12:00:00,0.0,8089.7,1009.6,0,0
2024-10-11 13:00:00,0.0,9812.5,1009.4,0,0
2024-10-11 14:00:00,3.74,9077.3,1010.5,0,0
2024-10-11 15:00:00,0.0,8336.9,1014.1,0,0
2024-10-11 16:00:00,0.0,8903.4,1017.9,0,0
2024-10-11 17:00:00,0.0,9990.0,1000.0,0,0
2024-10-11 18:00:00,0.0,8610.2,1017.9,0,0
2024-10-11 19:00:00,0.0,8538.9,1010.5,0,0
2024-10-11 20:00:00,0.0,8236.0,1011.2,0,0
2024-10-11 21:00:00,0.0,9194.3,1021.8,0,0
2024-10-11 22:00:00,0.0,8178.5,1014.3,0,0
2024-10-11 23:00:00,0.79,9532.0,1015.5,0,0
2024-10-12 00:00:00,0.0,9838.4,1013.0,1,1
2024-10-12 01:00:00,0.0,9863.7,1017.1,1,1
2024-10-12 02:00:00,0.0,8215.8,1021.3,1,1
2024-10-12 03:00:00,0.0,9116.5,1000.9,1,1
2024-10-12 04:00:00,0.0,8194.2,1018.7,1,1
2024-10-12 05:00:00,0.0,9144.0,1021.0,1,1
2024-10-12 06:00:00,0.0,9630.0,1015.8,1,1
2024-10-12 07:00:00,0.0,9075.6,1009.9,1,1
2024-10-12 08:00:00,0.0,9744.1,1007.5,1,1
2024-10-12 09:00:00,0.0,9603.3,1025.1,1,1
2024-10-12 10:00:00,0.0,8553.1,1008.7,1,1
2024-10-12 11:00:00,4.66,9260.2,1020.8,1,1
2024-10-12 12:00:00,0.0,8014.8,1015.2,1,1
2024-10-12 13:00:00,0.0,8792.1,1023.5,1,1
2024-10-12 14:00:00,0.0,8475.9,1011.7,1,1
2024-10-12 15:00:00,0.0,9874.2,1005.2,1,1
2024-10-12 16:00:00,0.0,8810.8,1013.3,1,1
2024-10-12 17:00:00,0.0,9308.1,1005.8,1,1
2024-10-12 18:00:00,0.0,9464.0,1026.6,1,1
2024-10-12 19:00:00,0.0,9546.4,1016.4,1,1
2024-10-12 20:00:00,0.0,9471.6,1017.1,1,1
2024-10-12 21:00:00,0.0,8578.3,1017.1,1,1
2024-10-12 22:00:00,5.73,1665.9,1009.8,1,1
2024-10-12 23:00:00,0.0,9098.0,1012.6,1,1
2024-10-13 00:00:00,0.0,9194.7,1013.8,0,1
2024-10-13 01:00:00,0.0,8001.6,1023.0,0,1
2024-10-13 02:00:00,0.0,8516.5,1007.5,0,1
2024-10-13 03:00:00,0.0,9861.4,1009.6,0,1
2024-10-13 04:00:00,0.0,8580.2,1011.4,0,1
2024-10-13 05:00:00,0.4,8876.0,1009.9,0,1
2024-10-13 06:00:00,0.0,8373.3,1006.0,0,1
2024-10-13 07:00:00,0.0,8277.2,999.7,0,1
2024-10-13 08:00:00,0.0,8417.3,1004.1,0,1
2024-10-13 09:00:00,0.0,9107.3,1018.7,0,1
2024-10-13 10:00:00,0.0,9838.1,1013.2,0,1
2024-10-13 11:00:00,0.0,8652.4,1017.4,0,1
2024-10-13 12:00:00,0.0,8646.8,1010.3,0,1
2024-10-13 13:00:00,0.0,9128.3,1012.8,0,1
2024-10-13 14:00:00,0.0,8713.5,1021.3,0,1
2024-10-13 15:00:00,0.0,9820.8,1021.0,0,1
2024-10-13 16:00:00,0.0,8755.7,1018.0,0,1
2024-10-13 17:00:00,0.0,8980.9,1014.3,0,1
2024-10-13 18:00:00,0.0,9066.8,1015.8,0,1
2024-10-13 19:00:00,0.0,9564.1,1015.1,0,1
2024-10-13 20:00:00,1.0,9127.8,1012.4,0,1
2024-10-13 21:00:00,9.8,2863.6,1011.2,0,1
2024-10-13 22:00:00,0.0,8248.0,1018.9,0,1
2024-10-13 23:00:00,0.0,9875.5,1006.8,0,1
2024-10-14 00:00:00,0.0,9603.1,1020.7,0,0
2024-10-14 01:00:00,0.0,8045.9,1011.9,0,0
2024-10-14 02:00:00,0.0,9643.1,1006.7,0,0
2024-10-14 03:00:00,0.0,9181.2,1010.5,0,0
2024-10-14 04:00:00,5.21,2516.0,1008.9,0,0
2024-10-14 05:00:00,0.0,8024.5,1010.4,0,0
2024-10-14 06:00:00,0.0,9561.7,1010.3,0,0
2024-10-14 07:00:00,0.0,8396.1,1010.1,0,0
2024-10-14 08:00:00,0.0,9456.0,1011.7,0,0
2024-10-14 09:00:00,0.0,8031.7,1012.9,0,0
2024-10-14 10:00:00,0.0,9592.7,1017.1,0,0
2024-10-14 11:00:00,0.0,8046.1,1012.0,0,0
2024-10-14 12:00:00,0.0,8471.8,1014.9,0,0
2024-10-14 13:00:00,0.0,8536.6,1013.3,0,0
2024-10-14 14:00:00,0.0,8315.0,1016.0,0,0
2024-10-14 15:00:00,0.0,8962.1,1013.5,0,0
2024-10-14 16:00:00,0.0,8567.4,1010.0,0,0
2024-10-14 17:00:00,0.0,9986.6,1008.7,0,0
2024-10-14 18:00:00,0.0,9159.9,1014.3,0,0
2024-10-14 19:00:00,0.0,9133.0,1019.6,0,0
2024-10-14 20:00:00,0.0,8441.7,1012.1,0,0
2024-10-14 21:00:00,0.0,8817.4,1009.7,0,0
2024-10-14 22:00:00,0.0,8248.0,1012.0,0,0
2024-10-14 23:00:00,4.04,9525.1,1010.4,0,0
2024-10-15 00:00:00,0.0,8662.3,1009.9,0,0
2024-10-15 01:00:00,0.0,9503.9,1006.0,0,0
2024-10-15 02:00:00,0.0,8743.4,1012.0,0,0
2024-10-15 03:00:00,0.0,9977.5,1014.4,0,0
2024-10-15 04:00:00,0.0,8342.2,1007.8,0,0
2024-10-15 05:00:00,0.0,8003.0,1008.9,0,0
2024-10-15 06:00:00,0.0,9189.7,1008.5,0,0
2024-10-15 07:00:00,0.0,9905.9,1006.3,0,0
2024-10-15 08:00:00,6.0,1144.2,1008.5,0,0
2024-10-15 09:00:00,0.0,8171.4,1012.3,0,0
2024-10-15 10:00:00,0.0,9081.0,1006.5,0,0
2024-10-15 11:00:00,0.0,9819.0,1012.6,0,0
2024-10-15 12:00:00,0.0,8013.0,1009.7,0,0
2024-10-15 13:00:00,0.0,8333.8,1008.6,0,0
2024-10-15 14:00:00,0.0,9629.1,1015.1,0,0
2024-10-15 15:00:00,0.0,9787.8,1010.0,0,0
2024-10-15 16:00:00,0.0,9414.3,1010.9,0,0
2024-10-15 17:00:00,0.0,9983.1,1019.7,0,0
2024-10-15 18:00:00,0.0,8180.4,1008.6,0,0
2024-10-15 19:00:00,0.0,9091.4,1021.1,0,0
2024-10-15 20:00:00,0.0,9370.0,1011.5,0,0
2024-10-15 21:00:00,0.0,9405.3,1007.6,0,0
2024-10-15 22:00:00,1.18,9587.0,1010.5,0,0
2024-10-15 23:00:00,0.0,9835.3,1013.6,0,0
2024-10-16 00:00:00,0.0,8723.3,1019.5,0,0
2024-10-16 01:00:00,0.0,8085.9,1017.2,0,0
2024-10-16 02:00:00,0.0,8724.9,1013.6,0,0
2024-10-16 03:00:00,0.0,9343.2,1019.5,0,0
2024-10-16 04:00:00,0.0,8426.9,1003.8,0,0
2024-10-16 05:00:00,0.0,9619.9,1014.5,0,0
2024-10-16 06:00:00,0.0,8439.5,1014.8,0,0
2024-10-16 07:00:00,0.0,8020.1,1014.9,0,0
2024-10-16 08:00:00,0.0,9016.2,1005.2,0,0
2024-10-16 09:00:00,0.0,9452.9,1008.2,0,0
2024-10-16 10:00:00,0.0,8699.3,1012.4,0,0
2024-10-16 11:00:00,0.0,9497.8,1018.8,0,0
2024-10-16 12:00:00,0.0,8876.8,1022.8,0,0
2024-10-16 13:00:00,0.0,8343.4,1009.9,0,0
2024-10-16 14:00:00,0.0,8181.1,1006.7,0,0
2024-10-16 15:00:00,0.0,9421.2,1017.3,0,0
2024-10-16 16:00:00,0.0,8771.4,1026.3,0,0
2024-10-16 17:00:00,0.0,9825.5,1018.8,0,0
2024-10-16 18:00:00,0.0,9080.5,1009.5,0,0
2024-10-16 19:00:00,0.0,8696.9,1027.6,0,0
2024-10-16 20:00:00,0.0,8698.0,1016.7,0,0
2024-10-16 21:00:00,0.0,8262.9,1009.3,0,0
2024-10-16 22:00:00,0.0,9187.6,1022.9,0,0
2024-10-16 23:00:00,4.69,9164.3,1008.9,0,0
2024-10-17 00:00:00,0.0,9600.0,1010.1,0,0
2024-10-17 01:00:00,0.0,8402.4,1016.9,0,0
2024-10-17 02:00:00,5.11,1142.4,1013.1,0,0
2024-10-17 03:00:00,0.0,8194.5,1013.4,0,0
2024-10-17 04:00:00,0.0,8590.7,1013.4,0,0
2024-10-17 05:00:00,0.0,8856.2,1018.8,0,0
2024-10-17 06:00:00,0.0,9928.1,1001.6,0,0
2024-10-17 07:00:00,0.0,9306.1,1014.7,0,0
2024-10-17 08:00:00,0.0,9565.7,1011.8,0,0
2024-10-17 09:00:00,0.0,8651.0,1009.5,0,0
2024-10-17 10:00:00,0.0,8289.0,1009.5,0,0
2024-10-17 11:00:00,0.0,8513.4,1000.1,0,0
2024-10-17 12:00:00,0.0,8512.9,1009.3,0,0
2024-10-17 13:00:00,0.0,9166.2,1019.7,0,0
2024-10-17 14:00:00,0.0,8682.9,1017.4,0,0
2024-10-17 15:00:00,0.0,9714.8,1012.3,0,0
2024-10-17 16:00:00,0.0,9977.1,1006.2,0,0
2024-10-17 17:00:00,0.0,8686.6,1017.4,0,0
2024-10-17 18:00:00,0.0,9410.1,1019.8,0,0
2024-10-17 19:00:00,0.0,9315.0,1018.4,0,0
2024-10-17 20:00:00,0.0,8388.9,1008.4,0,0
2024-10-17 21:00:00,0.0,9836.0,1008.9,0,0
2024-10-17 22:00:00,8.74,2169.5,1021.5,0,0
2024-10-17 23:00:00,0.0,9473.9,1007.2,0,0
2024-10-18 00:00:00,0.0,8695.2,1015.6,0,0
2024-10-18 01:00:00,0.0,8734.2,1004.4,0,0
2024-10-18 02:00:00,0.0,8910.9,1011.7,0,0
2024-10-18 03:00:00,0.0,9729.0,1016.2,0,0
2024-10-18 04:00:00,0.0,8280.5,1013.1,0,0
2024-10-18 05:00:00,0.0,8109.1,1015.9,0,0
2024-10-18 06:00:00,2.14,8804.1,1007.1,0,0
2024-10-18 07:00:00,0.0,8111.2,1009.1,0,0
2024-10-18 08:00:00,0.0,9375.2,1015.7,0,0
2024-10-18 09:00:00,0.0,9520.7,1016.7,0,0
2024-10-18 10:00:00,8.41,1720.4,1014.3,0,0
2024-10-18 11:00:00,0.0,9487.7,1018.0,0,0
2024-10-18 12:00:00,0.0,9832.7,1005.0,0,0
2024-10-18 13:00:00,0.0,9496.6,1010.9,0,0
2024-10-18 14:00:00,0.0,9872.2,1022.4,0,0
2024-10-18 15:00:00,0.0,8386.2,1019.7,0,0
2024-10-18 16:00:00,0.0,8999.7,1016.4,0,0
2024-10-18 17:00:00,0.0,9987.9,1012.5,0,0
2024-10-18 18:00:00,0.0,9363.2,1018.4,0,0
2024-10-18 19:00:00,0.0,9757.3,1015.4,0,0
2024-10-18 20:00:00,0.0,8060.8,1005.7,0,0
2024-10-18 21:00:00,0.0,9743.5,1018.2,0,0
2024-10-18 22:00:00,0.0,9395.4,1008.9,0,0
2024-10-18 23:00:00,0.0,8341.5,1017.0,0,0
2024-10-19 00:00:00,0.0,8051.4,1005.2,0,1
2024-10-19 01:00:00,0.0,8519.9,1021.2,0,1
2024-10-19 02:00:00,0.0,9831.5,1011.9,0,1
2024-10-19 03:00:00,0.0,9336.3,1007.7,0,1
2024-10-19 04:00:00,0.0,9838.9,1009.8,0,1
2024-10-19 05:00:00,0.0,8892.3,1011.6,0,1
2024-10-19 06:00:00,0.0,9873.3,1013.2,0,1
2024-10-19 07:00:00,0.0,8925.9,1019.8,0,1
2024-10-19 08:00:00,0.0,8408.5,1013.6,0,1
2024-10-19 09:00:00,0.0,8302.8,1002.4,0,1
2024-10-19 10:00:00,0.0,9987.6,1007.1,0,1
2024-10-19 11:00:00,0.0,8667.7,1027.0,0,1
2024-10-19 12:00:00,0.0,8320.1,1013.9,0,1
2024-10-19 13:00:00,0.0,8016.8,1018.0,0,1
2024-10-19 14:00:00,1.02,8571.1,1011.7,0,1
2024-10-19 15:00:00,0.0,9778.2,1008.2,0,1
2024-10-19 16:00:00,0.0,9068.0,1010.8,0,1
2024-10-19 17:00:00,0.0,9264.9,1013.9,0,1
2024-10-19 18:00:00,0.0,9844.8,1010.9,0,1
2024-10-19 19:00:00,1.42,9025.7,1022.8,0,1
2024-10-19 20:00:00,0.0,9676.6,1010.2,0,1
2024-10-19 21:00:00,0.0,8647.7,1008.0,0,1
2024-10-19 22:00:00,0.0,9954.2,1017.3,0,1
2024-10-19 23:00:00,0.0,8157.6,1017.9,0,1
2024-10-20 00:00:00,0.0,9449.7,1013.4,0,1
2024-10-20 01:00:00,0.0,9321.1,1010.2,0,1
2024-10-20 02:00:00,0.0,8383.3,1003.7,0,1
2024-10-20 03:00:00,0.0,8777.7,1019.4,0,1
2024-10-20 04:00:00,0.0,8625.7,1017.6,0,1
2024-10-20 05:00:00,0.0,8189.0,1011.1,0,1
2024-10-20 06:00:00,0.0,9169.6,1013.5,0,1
2024-10-20 07:00:00,0.0,9987.3,1012.1,0,1
2024-10-20 08:00:00,0.0,9119.2,1021.4,0,1
2024-10-20 09:00:00,0.0,9090.5,1008.1,0,1
2024-10-20 10:00:00,0.0,8080.6,1010.1,0,1
2024-10-20 11:00:00,0.0,8278.4,1009.7,0,1
2024-10-20 12:00:00,2.0,9026.4,1014.8,0,1
2024-10-20 13:00:00,0.0,9970.4,1013.5,0,1
2024-10-20 14:00:00,0.0,9753.2,1014.3,0,1
2024-10-20 15:00:00,0.0,8680.4,1008.8,0,1
2024-10-20 16:00:00,0.0,9086.0,1020.7,0,1
2024-10-20 17:00:00,0.0,9105.4,1011.0,0,1
2024-10-20 18:00:00,0.0,9370.7,1019.2,0,1
2024-10-20 19:00:00,0.0,9375.6,1028.9,0,1
2024-10-20 20:00:00,3.28,9579.6,1008.9,0,1
2024-10-20 21:00:00,0.0,8049.9,1015.0,0,1
2024-10-20 22:00:00,0.0,9887.4,1012.6,0,1
2024-10-20 23:00:00,0.0,8140.1,1023.4,0,1
2024-10-21 00:00:00,0.0,8952.3,1011.8,0,0
2024-10-21 01:00:00,0.0,9839.2,1014.5,0,0
2024-10-21 02:00:00,0.0,8975.3,1014.4,0,0
2024-10-21 03:00:00,0.0,8127.3,1012.7,0,0
2024-10-21 04:00:00,0.25,8458.5,1017.0,0,0
2024-10-21 05:00:00,0.0,9157.3,1013.7,0,0
2024-10-21 06:00:00,0.0,8175.7,1015.7,0,0
2024-10-21 07:00:00,0.0,8847.4,1014.3,0,0
2024-10-21 08:00:00,0.0,8658.2,1010.2,0,0
2024-10-21 09:00:00,0.0,9630.4,1011.9,0,0
2024-10-21 10:00:00,0.0,8220.3,1016.0,0,0
2024-10-21 11:00:00,0.0,9365.6,1016.0,0,0
2024-10-21 12:00:00,0.0,8813.2,1019.5,0,0
2024-10-21 13:00:00,0.0,9175.5,1022.5,0,0
2024-10-21 14:00:00,0.0,8411.1,1010.6,0,0
2024-10-21 15:00:00,0.0,9219.4,1013.9,0,0
2024-10-21 16:00:00,0.0,9348.0,1012.3,0,0
2024-10-21 17:00:00,0.0,8140.5,1007.7,0,0
2024-10-21 18:00:00,0.0,9648.7,1016.1,0,0
2024-10-21 19:00:00,0.0,9722.5,1017.1,0,0
2024-10-21 20:00:00,0.0,8127.1,1007.9,0,0
2024-10-21 21:00:00,0.0,9206.4,1011.4,0,0
2024-10-21 22:00:00,0.0,9188.0,1010.9,0,0
2024-10-21 23:00:00,0.0,8024.9,1005.7,0,0
2024-10-22 00:00:00,0.0,8684.7,1013.1,0,0
2024-10-22 01:00:00,0.0,9937.9,1007.5,0,0
2024-10-22 02:00:00,0.0,9110.9,1014.0,0,0
2024-10-22 03:00:00,0.0,9866.4,1014.6,0,0
2024-10-22 04:00:00,0.0,9351.3,1015.2,0,0
2024-10-22 05:00:00,0.0,8056.8,1015.5,0,0
2024-10-22 06:00:00,0.0,8155.4,1020.9,0,0
2024-10-22 07:00:00,0.0,9444.4,1009.2,0,0
2024-10-22 08:00:00,0.0,9109.1,1009.5,0,0
2024-10-22 09:00:00,0.0,8254.3,1016.5,0,0
2024-10-22 10:00:00,0.0,9228.1,1012.6,0,0
2024-10-22 11:00:00,3.8,9620.6,1018.9,0,0
2024-10-22 12:00:00,0.0,9506.0,1016.1,0,0
2024-10-22 13:00:00,0.0,8492.3,1022.8,0,0
2024-10-22 14:00:00,0.0,8516.4,1012.8,0,0
2024-10-22 15:00:00,0.0,9935.7,1005.8,0,0
2024-10-22 16:00:00,0.0,9774.8,1015.0,0,0
2024-10-22 17:00:00,0.0,8636.7,1012.9,0,0
2024-10-22 18:00:00,0.0,9648.1,1015.9,0,0
2024-10-22 19:00:00,0.0,8323.5,1016.6,0,0
2024-10-22 20:00:00,0.0,8393.7,1010.6,0,0
2024-10-22 21:00:00,0.0,8362.4,1008.2,0,0
2024-10-22 22:00:00,3.1,8175.4,1012.5,0,0
2024-10-22 23:00:00,0.0,9709.4,1001.3,0,0
2024-10-23 00:00:00,0.0,9157.6,1013.7,0,0
2024-10-23 01:00:00,0.0,8517.9,1011.2,0,0
2024-10-23 02:00:00,0.0,9697.3,1017.6,0,0
2024-10-23 03:00:00,0.0,9605.3,1003.3,0,0
2024-10-23 04:00:00,0.0,8201.9,1013.3,0,0
2024-10-23 05:00:00,0.0,9288.3,1021.1,0,0
2024-10-23 06:00:00,0.0,9443.7,1016.6,0,0
2024-10-23 07:00:00,0.0,9431.7,1018.2,0,0
2024-10-23 08:00:00,0.0,9446.3,1014.9,0,0
2024-10-23 09:00:00,0.0,8338.9,1004.9,0,0
2024-10-23 10:00:00,0.0,8630.2,1014.1,0,0
2024-10-23 11:00:00,0.0,9688.4,1015.3,0,0
2024-10-23 12:00:00,0.0,9796.8,1007.9,0,0
2024-10-23 13:00:00,0.0,8558.4,1012.6,0,0
2024-10-23 14:00:00,0.0,8046.0,998.7,0,0
2024-10-23 15:00:00,0.0,9719.5,1011.6,0,0
2024-10-23 16:00:00,0.0,8754.2,1011.1,0,0
2024-10-23 17:00:00,0.0,8658.9,1020.3,0,0
2024-10-23 18:00:00,0.0,8694.0,1010.2,0,0
2024-10-23 19:00:00,0.0,8831.4,1011.9,0,0
2024-10-23 20:00:00,0.0,8756.5,1012.9,0,0
2024-10-23 21:00:00,0.0,9132.9,1010.3,0,0
2024-10-23 22:00:00,0.0,8157.9,1016.8,0,0
2024-10-23 23:00:00,0.0,9943.1,1003.3,0,0
2024-10-24 00:00:00,0.0,9872.9,1018.9,0,0
2024-10-24 01:00:00,9.51,782.5,1013.2,0,0
2024-10-24 02:00:00,0.0,9758.6,1019.8,0,0
2024-10-24 03:00:00,0.0,9320.7,999.5,0,0
2024-10-24 04:00:00,0.0,8442.2,1001.1,0,0
2024-10-24 05:00:00,0.0,8099.0,1011.8,0,0
2024-10-24 06:00:00,0.0,8198.6,1015.8,0,0
2024-10-24 07:00:00,0.0,8648.0,1010.5,0,0
2024-10-24 08:00:00,0.0,9007.8,1016.2,0,0
2024-10-24 09:00:00,0.0,9986.5,1018.2,0,0
2024-10-24 10:00:00,0.0,8870.9,1016.6,0,0
2024-10-24 11:00:00,0.0,9049.3,1013.8,0,0
2024-10-24 12:00:00,1.38,9390.3,1013.7,0,0
2024-10-24 13:00:00,0.0,8361.5,1010.2,0,0
2024-10-24 14:00:00,0.0,9865.7,1013.0,0,0
2024-10-24 15:00:00,0.0,9058.1,1008.1,0,0
2024-10-24 16:00:00,0.76,8552.5,1009.3,0,0
2024-10-24 17:00:00,0.0,9870.2,1015.8,0,0
2024-10-24 18:00:00,0.0,9250.9,1010.9,0,0
2024-10-24 19:00:00,0.0,8967.4,1009.6,0,0
2024-10-24 20:00:00,0.0,9160.3,1015.5,0,0
2024-10-24 21:00:00,0.0,9496.6,1015.1,0,0
2024-10-24 22:00:00,0.0,8309.1,1012.2,0,0
2024-10-24 23:00:00,0.0,9729.7,1012.5,0,0
2024-10-25 00:00:00,5.46,1777.5,1015.3,0,0
2024-10-25 01:00:00,0.0,9134.0,1018.1,0,0
2024-10-25 02:00:00,0.0,9364.5,1014.3,0,0
2024-10-25 03:00:00,0.0,9719.7,1007.3,0,0
2024-10-25 04:00:00,0.0,8749.6,1012.1,0,0
2024-10-25 05:00:00,0.0,9985.7,1011.2,0,0
2024-10-25 06:00:00,0.0,9361.0,1008.0,0,0
2024-10-25 07:00:00,0.0,8848.0,1015.7,0,0
2024-10-25 08:00:00,0.0,9354.7,1016.1,0,0
2024-10-25 09:00:00,0.0,9043.4,1016.9,0,0
2024-10-25 10:00:00,0.0,8223.3,1008.3,0,0
2024-10-25 11:00:00,0.0,9591.7,1014.0,0,0
2024-10-25 12:00:00,0.0,9128.8,1013.2,0,0
2024-10-25 13:00:00,0.0,9591.7,1014.8,0,0
2024-10-25 14:00:00,0.0,8309.8,1013.9,0,0
2024-10-25 15:00:00,0.0,9076.7,1013.2,0,0
2024-10-25 16:00:00,0.0,9533.2,1012.6,0,0
2024-10-25 17:00:00,0.0,9976.6,1018.8,0,0
2024-10-25 18:00:00,0.0,9768.8,1008.9,0,0
2024-10-25 19:00:00,0.0,9728.7,1012.4,0,0
2024-10-25 20:00:00,0.0,8494.9,1018.7,0,0
2024-10-25 21:00:00,0.0,9676.0,1009.2,0,0
2024-10-25 22:00:00,0.0,8338.6,1009.4,0,0
2024-10-25 23:00:00,0.0,8396.2,1016.9,0,0
2024-10-26 00:00:00,1.62,8220.2,1006.1,0,1
2024-10-26 01:00:00,0.0,9715.2,1016.6,0,1
2024-10-26 02:00:00,0.0,8216.5,1010.8,0,1
2024-10-26 03:00:00,0.0,8276.2,1015.3,0,1
2024-10-26 04:00:00,0.0,8491.8,1007.1,0,1
2024-10-26 05:00:00,0.0,9145.3,1019.2,0,1
2024-10-26 06:00:00,0.0,9760.4,1007.2,0,1
2024-10-26 07:00:00,0.0,8836.5,1016.9,0,1
2024-10-26 08:00:00,0.0,9092.6,1007.4,0,1
2024-10-26 09:00:00,2.77,8333.0,1022.3,0,1
2024-10-26 10:00:00,0.0,8531.9,1012.9,0,1
2024-10-26 11:00:00,0.0,8267.9,1023.0,0,1
2024-10-26 12:00:00,0.0,8819.8,1009.2,0,1
2024-10-26 13:00:00,0.0,9180.7,1011.0,0,1
2024-10-26 14:00:00,0.0,8568.0,1019.3,0,1
2024-10-26 15:00:00,0.0,9692.0,1006.1,0,1
2024-10-26 16:00:00,0.0,9962.5,1009.8,0,1
2024-10-26 17:00:00,0.0,8240.3,1015.7,0,1
2024-10-26 18:00:00,0.0,8035.7,1008.2,0,1
2024-10-26 19:00:00,0.0,9579.6,1015.9,0,1
2024-10-26 20:00:00,0.0,8381.3,1014.1,0,1
2024-10-26 21:00:00,0.0,8706.3,1005.7,0,1
2024-10-26 22:00:00,2.7,8788.5,1018.1,0,1
2024-10-26 23:00:00,0.21,9833.2,1006.9,0,1
2024-10-27 00:00:00,0.0,9317.7,1017.1,0,1
2024-10-27 01:00:00,0.0,8081.2,1013.9,0,1
2024-10-27 02:00:00,0.0,8029.6,1011.0,0,1
2024-10-27 03:00:00,0.0,8399.1,1007.7,0,1
2024-10-27 04:00:00,3.85,8636.3,1014.9,0,1
2024-10-27 05:00:00,0.0,8969.0,1008.9,0,1
2024-10-27 06:00:00,0.0,9675.7,1019.3,0,1
2024-10-27 07:00:00,0.0,8629.6,1019.5,0,1
2024-10-27 08:00:00,0.0,8753.1,1021.5,0,1
2024-10-27 09:00:00,0.0,8658.7,1014.7,0,1
2024-10-27 10:00:00,0.0,8017.9,1011.2,0,1
2024-10-27 11:00:00,0.0,9910.4,1011.8,0,1
2024-10-27 12:00:00,0.0,8278.0,1011.4,0,1
2024-10-27 13:00:00,0.0,8575.3,1014.5,0,1
2024-10-27 14:00:00,0.0,8258.6,1015.4,0,1
2024-10-27 15:00:00,0.0,8981.1,1019.4,0,1
2024-10-27 16:00:00,0.0,9864.3,1013.4,0,1
2024-10-27 17:00:00,0.0,8201.4,1006.2,0,1
2024-10-27 18:00:00,0.68,8881.8,1011.2,0,1
2024-10-27 19:00:00,0.0,8044.7,1021.0,0,1
2024-10-27 20:00:00,3.75,9541.8,1005.5,0,1
2024-10-27 21:00:00,0.0,9282.5,1016.9,0,1
2024-10-27 22:00:00,0.0,9399.4,1011.3,0,1
2024-10-27 23:00:00,0.0,8944.7,1008.8,0,1
2024-10-28 00:00:00,0.0,9815.3,1015.2,0,0
2024-10-28 01:00:00,1.41,8819.1,1021.1,0,0
2024-10-28 02:00:00,0.0,9028.2,1015.0,0,0
2024-10-28 03:00:00,0.0,9390.6,1011.9,0,0
2024-10-28 04:00:00,4.77,9041.1,1006.8,0,0
2024-10-28 05:00:00,0.0,8378.7,1012.8,0,0
2024-10-28 06:00:00,0.0,8634.1,1006.6,0,0
2024-10-28 07:00:00,0.0,8184.6,1011.7,0,0
2024-10-28 08:00:00,0.0,8865.2,1012.9,0,0
2024-10-28 09:00:00,0.0,9218.8,1001.4,0,0
2024-10-28 10:00:00,0.0,8237.1,1020.2,0,0
2024-10-28 11:00:00,0.0,9261.2,1007.1,0,0
2024-10-28 12:00:00,0.0,9785.7,1012.3,0,0
2024-10-28 13:00:00,0.0,8675.4,1015.9,0,0
2024-10-28 14:00:00,0.0,8444.1,1019.8,0,0
2024-10-28 15:00:00,0.0,9786.0,1009.3,0,0
2024-10-28 16:00:00,0.0,9383.9,1000.7,0,0
2024-10-28 17:00:00,0.0,8210.8,1018.6,0,0
2024-10-28 18:00:00,0.0,8816.2,1007.0,0,0
2024-10-28 19:00:00,0.0,9348.2,1015.0,0,0
2024-10-28 20:00:00,0.0,9148.8,1015.4,0,0
2024-10-28 21:00:00,0.0,9237.1,997.0,0,0
2024-10-28 22:00:00,0.0,9134.3,1005.2,0,0
2024-10-28 23:00:00,0.0,9596.1,1010.9,0,0
2024-10-29 00:00:00,0.0,8640.9,1000.3,0,0
2024-10-29 01:00:00,0.0,9416.9,1006.6,0,0
2024-10-29 02:00:00,0.0,9982.2,1013.9,0,0
2024-10-29 03:00:00,0.0,8779.9,1012.8,0,0
2024-10-29 04:00:00,0.0,9582.1,1014.8,0,0
2024-10-29 05:00:00,0.0,8492.2,1015.5,0,0
2024-10-29 06:00:00,0.0,8563.8,1004.8,0,0
2024-10-29 07:00:00,0.0,9869.7,1006.8,0,0
2024-10-29 08:00:00,0.0,8051.9,1017.1,0,0
2024-10-29 09:00:00,0.0,8434.9,1020.9,0,0
2024-10-29 10:00:00,0.0,8965.8,1008.4,0,0
2024-10-29 11:00:00,0.0,8803.7,1014.5,0,0
2024-10-29 12:00:00,0.0,9258.3,1017.3,0,0
2024-10-29 13:00:00,0.0,8385.4,1014.4,0,0
2024-10-29 14:00:00,0.0,8141.1,1012.0,0,0
2024-10-29 15:00:00,0.0,8738.7,1010.0,0,0
2024-10-29 16:00:00,0.0,9048.7,1023.2,0,0
2024-10-29 17:00:00,0.0,9124.0,1013.7,0,0
2024-10-29 18:00:00,0.0,9203.0,1015.2,0,0
2024-10-29 19:00:00,0.0,9097.3,1014.9,0,0
2024-10-29 20:00:00,0.0,8491.5,1009.2,0,0
2024-10-29 21:00:00,0.0,9529.1,1013.5,0,0
2024-10-29 22:00:00,0.0,8175.6,1011.6,0,0
2024-10-29 23:00:00,0.83,8396.7,1011.5,0,0
2024-10-30 00:00:00,0.0,9478.8,1014.8,0,0
2024-10-30 01:00:00,0.0,8559.5,1008.7,0,0
2024-10-30 02:00:00,0.0,8986.9,1007.2,0,0
2024-10-30 03:00:00,0.0,8654.4,1015.8,0,0
2024-10-30 04:00:00,0.0,9014.0,1010.6,0,0
2024-10-30 05:00:00,0.0,8693.3,1011.5,0,0
2024-10-30 06:00:00,0.0,9988.4,1003.6,0,0
2024-10-30 07:00:00,0.0,8715.0,1018.1,0,0
2024-10-30 08:00:00,0.0,9254.1,1015.9,0,0
2024-10-30 09:00:00,0.0,9776.7,1016.8,0,0
2024-10-30 10:00:00,0.0,9275.9,1015.2,0,0
2024-10-30 11:00:00,0.0,9131.7,1005.7,0,0
2024-10-30 12:00:00,0.0,9138.5,1014.4,0,0
2024-10-30 13:00:00,0.0,8992.9,1010.2,0,0
2024-10-30 14:00:00,0.0,9615.2,1008.4,0,0
2024-10-30 15:00:00,0.0,8100.8,1015.8,0,0
2024-10-30 16:00:00,2.93,9770.3,1021.5,0,0
2024-10-30 17:00:00,0.0,9172.6,1020.7,0,0
2024-10-30 18:00:00,0.0,9697.7,1016.4,0,0
2024-10-30 19:00:00,0.0,8020.8,1013.1,0,0
2024-10-30 20:00:00,0.0,9738.6,1012.2,0,0
2024-10-30 21:00:00,0.0,8240.3,1008.7,0,0
2024-10-30 22:00:00,0.0,9442.4,1011.9,0,0
2024-10-30 23:00:00,5.02,2634.6,1017.8,0,0
2024-10-31 00:00:00,0.0,9362.1,1022.4,0,0
2024-10-31 01:00:00,0.0,9256.4,1009.2,0,0
2024-10-31 02:00:00,0.0,8326.8,1003.3,0,0
2024-10-31 03:00:00,0.0,9029.2,1010.6,0,0
2024-10-31 04:00:00,0.0,8554.5,1017.8,0,0
2024-10-31 05:00:00,0.0,9120.9,1023.6,0,0
2024-10-31 06:00:00,0.0,9476.0,1019.8,0,0
2024-10-31 07:00:00,0.0,8162.5,1019.7,0,0
2024-10-31 08:00:00,0.0,9031.5,1009.0,0,0
2024-10-31 09:00:00,0.0,9235.3,1009.1,0,0
2024-10-31 10:00:00,0.0,8590.7,1006.6,0,0
2024-10-31 11:00:00,0.0,9906.0,1009.9,0,0
2024-10-31 12:00:00,0.0,9040.6,1017.8,0,0
2024-10-31 13:00:00,0.0,8365.0,1021.4,0,0
2024-10-31 14:00:00,1.09,8215.6,1015.0,0,0
2024-10-31 15:00:00,0.0,9083.3,1012.0,0,0
2024-10-31 16:00:00,0.0,8750.5,1007.9,0,0
2024-10-31 17:00:00,0.0,8385.1,1012.7,0,0
2024-10-31 18:00:00,0.0,8061.4,1014.3,0,0
2024-10-31 19:00:00,0.68,9133.2,1005.9,0,0
2024-10-31 20:00:00,0.0,9197.2,1017.9,0,0
2024-10-31 21:00:00,0.0,8283.6,1011.1,0,0
2024-10-31 22:00:00,0.0,9203.5,1017.6,0,0
2024-10-31 23:00:00,0.25,9903.9,1013.2,0,0
2024-11-01 00:00:00,0.0,9956.6,1014.7,1,0
2024-11-01 01:00:00,0.0,9777.0,1009.7,1,0
2024-11-01 02:00:00,0.0,9614.2,1011.5,1,0
2024-11-01 03:00:00,0.0,8418.7,1016.5,1,0
2024-11-01 04:00:00,0.0,8312.9,1012.6,1,0
2024-11-01 05:00:00,0.0,8889.9,1007.7,1,0
2024-11-01 06:00:00,0.0,9239.3,1013.8,1,0
2024-11-01 07:00:00,0.0,9701.4,1015.2,1,0
2024-11-01 08:00:00,0.0,8463.9,1020.1,1,0
2024-11-01 09:00:00,0.0,8959.3,1019.0,1,0
2024-11-01 10:00:00,0.0,9294.9,1012.9,1,0
2024-11-01 11:00:00,0.0,8891.2,1010.5,1,0
2024-11-01 12:00:00,4.1,8908.4,1012.1,1,0
2024-11-01 13:00:00,0.0,8450.2,1010.6,1,0
2024-11-01 14:00:00,0.0,9973.3,1015.8,1,0
2024-11-01 15:00:00,0.0,8950.4,1018.5,1,0
2024-11-01 16:00:00,0.0,9065.5,1019.4,1,0
2024-11-01 17:00:00,0.0,8437.1,1011.2,1,0
2024-11-01 18:00:00,0.0,9028.3,1010.7,1,0
2024-11-01 19:00:00,0.0,8510.7,1011.1,1,0
2024-11-01 20:00:00,3.63,8404.7,1003.6,1,0
2024-11-01 21:00:00,0.0,8551.4,1007.2,1,0
2024-11-01 22:00:00,0.0,8005.5,1013.1,1,0
2024-11-01 23:00:00,0.0,9140.3,1015.1,1,0
2024-11-02 00:00:00,0.0,8775.0,1015.7,0,1
2024-11-02 01:00:00,0.0,9797.4,1009.3,0,1
2024-11-02 02:00:00,0.0,8081.4,1010.8,0,1
2024-11-02 03:00:00,0.0,8086.4,1011.9,0,1
2024-11-02 04:00:00,0.0,9771.7,1011.3,0,1
2024-11-02 05:00:00,0.6,8253.3,1016.7,0,1
2024-11-02 06:00:00,0.0,8004.3,1006.7,0,1
2024-11-02 07:00:00,0.0,8357.8,1007.5,0,1
2024-11-02 08:00:00,0.0,9647.8,1011.8,0,1
2024-11-02 09:00:00,0.0,9605.4,1006.4,0,1
2024-11-02 10:00:00,0.0,8680.3,1003.7,0,1
2024-11-02 11:00:00,0.0,9336.1,1005.8,0,1
2024-11-02 12:00:00,9.68,2953.2,1012.0,0,1
2024-11-02 13:00:00,1.46,9809.5,1016.4,0,1
2024-11-02 14:00:00,0.0,8112.8,1016.5,0,1
2024-11-02 15:00:00,0.0,9626.4,1021.2,0,1
2024-11-02 16:00:00,0.0,8341.2,1013.8,0,1
2024-11-02 17:00:00,0.0,8783.2,1014.4,0,1
2024-11-02 18:00:00,0.0,8383.9,1012.0,0,1
2024-11-02 19:00:00,0.0,9405.2,1012.2,0,1
2024-11-02 20:00:00,0.0,9356.7,1023.7,0,1
2024-11-02 21:00:00,0.0,9095.8,1014.6,0,1
2024-11-02 22:00:00,0.0,9396.3,1015.0,0,1
2024-11-02 23:00:00,0.0,9279.1,1007.5,0,1
2024-11-03 00:00:00,0.0,9552.9,1015.3,0,1
2024-11-03 01:00:00,0.0,8478.8,1016.5,0,1
2024-11-03 02:00:00,0.0,8857.8,1018.8,0,1
2024-11-03 03:00:00,0.0,8303.3,1016.4,0,1
2024-11-03 04:00:00,0.0,8859.2,1012.6,0,1
2024-11-03 05:00:00,0.0,9403.4,1012.4,0,1
2024-11-03 06:00:00,0.0,9382.8,1012.9,0,1
2024-11-03 07:00:00,0.0,9418.9,1013.8,0,1
2024-11-03 08:00:00,0.0,8617.5,1019.6,0,1
2024-11-03 09:00:00,0.0,9324.4,1018.6,0,1
2024-11-03 10:00:00,0.0,8734.9,1017.0,0,1
2024-11-03 11:00:00,0.0,9889.0,1023.4,0,1
2024-11-03 12:00:00,0.0,8686.7,1000.0,0,1
2024-11-03 13:00:00,0.0,9206.0,1010.9,0,1
2024-11-03 14:00:00,7.86,704.5,1013.2,0,1
2024-11-03 15:00:00,0.0,9812.8,1009.9,0,1
2024-11-03 16:00:00,0.0,8875.9,1008.6,0,1
2024-11-03 17:00:00,0.0,8721.0,1004.7,0,1
2024-11-03 18:00:00,0.0,8860.1,1011.7,0,1
2024-11-03 19:00:00,4.18,8647.4,1017.7,0,1
2024-11-03 20:00:00,0.0,9307.8,1017.1,0,1
2024-11-03 21:00:00,0.0,9865.4,1009.5,0,1
2024-11-03 22:00:00,0.0,8252.1,1014.4,0,1
2024-11-03 23:00:00,0.0,9121.8,1020.0,0,1
2024-11-04 00:00:00,0.0,9795.3,1005.6,0,0
2024-11-04 01:00:00,0.0,8200.2,1012.5,0,0
2024-11-04 02:00:00,0.0,8987.7,1014.7,0,0
2024-11-04 03:00:00,0.0,9730.5,1013.3,0,0
2024-11-04 04:00:00,0.0,9800.9,1017.5,0,0
2024-11-04 05:00:00,0.0,9028.7,1005.8,0,0
2024-11-04 06:00:00,0.0,8049.9,1008.2,0,0
2024-11-04 07:00:00,0.0,8211.3,1016.7,0,0
2024-11-04 08:00:00,0.0,9173.4,1004.7,0,0
2024-11-04 09:00:00,0.0,8247.7,1017.3,0,0
2024-11-04 10:00:00,0.0,8298.8,1015.5,0,0
2024-11-04 11:00:00,0.0,9544.2,1017.0,0,0
2024-11-04 12:00:00,0.0,9501.4,1010.9,0,0
2024-11-04 13:00:00,0.0,9685.5,1015.8,0,0
2024-11-04 14:00:00,0.0,8211.5,1007.4,0,0
2024-11-04 15:00:00,15.41,1758.9,1011.2,0,0
2024-11-04 16:00:00,0.0,9665.9,1013.4,0,0
2024-11-04 17:00:00,0.0,9442.2,1008.8,0,0
2024-11-04 18:00:00,0.0,9611.9,1014.3,0,0
2024-11-04 19:00:00,0.0,9979.5,1007.5,0,0
2024-11-04 20:00:00,0.0,9728.9,1014.6,0,0
2024-11-04 21:00:00,0.0,9040.9,1022.0,0,0
2024-11-04 22:00:00,0.0,8621.5,1007.0,0,0
2024-11-04 23:00:00,0.0,9139.4,1013.1,0,0
2024-11-05 00:00:00,0.0,9277.2,1005.2,0,0
2024-11-05 01:00:00,0.0,8670.6,1009.1,0,0
2024-11-05 02:00:00,0.0,9541.9,1016.8,0,0
2024-11-05 03:00:00,0.0,8185.5,1011.1,0,0
2024-11-05 04:00:00,0.0,9558.8,1017.0,0,0
2024-11-05 05:00:00,0.0,8064.0,1015.0,0,0
2024-11-05 06:00:00,0.0,8995.9,1012.9,0,0
2024-11-05 07:00:00,0.0,9722.9,1008.1,0,0
2024-11-05 08:00:00,0.0,8173.0,1016.7,0,0
2024-11-05 09:00:00,0.0,9035.5,1014.8,0,0
2024-11-05 10:00:00,0.0,8318.8,1005.6,0,0
2024-11-05 11:00:00,0.0,9789.6,1008.4,0,0
2024-11-05 12:00:00,0.0,9664.7,999.4,0,0
2024-11-05 13:00:00,0.0,9867.8,1006.4,0,0
2024-11-05 14:00:00,0.0,9750.0,1011.7,0,0
2024-11-05 15:00:00,0.0,9473.1,1008.0,0,0
2024-11-05 16:00:00,0.0,8369.8,1009.1,0,0
2024-11-05 17:00:00,0.0,8605.0,1020.2,0,0
2024-11-05 18:00:00,0.0,8993.7,1018.4,0,0
2024-11-05 19:00:00,0.0,9177.8,1009.8,0,0
2024-11-05 20:00:00,0.0,9564.4,1017.2,0,0
2024-11-05 21:00:00,0.0,8453.9,1019.3,0,0
2024-11-05 22:00:00,0.0,8256.6,1016.3,0,0
2024-11-05 23:00:00,0.0,8965.2,1014.7,0,0
2024-11-06 00:00:00,0.0,8315.7,1018.7,0,0
2024-11-06 01:00:00,0.0,9387.5,1017.1,0,0
2024-11-06 02:00:00,0.0,9151.3,1007.2,0,0
2024-11-06 03:00:00,0.0,9482.2,1012.3,0,0
2024-11-06 04:00:00,0.0,8126.9,1010.5,0,0
2024-11-06 05:00:00,0.0,9929.4,1019.0,0,0
2024-11-06 06:00:00,0.0,8000.0,1010.3,0,0
2024-11-06 07:00:00,0.0,8650.9,1009.5,0,0
2024-11-06 08:00:00,0.0,9359.3,1018.4,0,0
2024-11-06 09:00:00,0.0,8090.3,1014.5,0,0
2024-11-06 10:00:00,0.0,8166.7,1023.8,0,0
2024-11-06 11:00:00,0.0,8153.4,1008.9,0,0
2024-11-06 12:00:00,0.0,9163.0,1010.7,0,0
2024-11-06 13:00:00,0.0,9791.9,1018.9,0,0
2024-11-06 14:00:00,0.0,9110.9,1006.9,0,0
2024-11-06 15:00:00,3.63,9207.1,1019.8,0,0
2024-11-06 16:00:00,0.0,8692.0,1007.2,0,0
2024-11-06 17:00:00,0.0,8037.5,1016.3,0,0
2024-11-06 18:00:00,0.0,8043.2,1004.0,0,0
2024-11-06 19:00:00,0.0,9776.6,1013.5,0,0
2024-11-06 20:00:00,0.0,8205.1,1006.4,0,0
2024-11-06 21:00:00,0.0,9999.6,1022.9,0,0
2024-11-06 22:00:00,0.0,8328.8,1007.9,0,0
2024-11-06 23:00:00,0.0,9349.3,1009.1,0,0
2024-11-07 00:00:00,0.0,9897.9,1015.9,0,0
2024-11-07 01:00:00,0.0,8724.6,1010.2,0,0
2024-11-07 02:00:00,0.0,9468.9,1016.7,0,0
2024-11-07 03:00:00,0.0,8701.7,1009.7,0,0
2024-11-07 04:00:00,0.0,8609.9,1009.3,0,0
2024-11-07 05:00:00,0.0,8403.6,1013.1,0,0
2024-11-07 06:00:00,0.0,9641.9,1007.2,0,0
2024-11-07 07:00:00,0.0,8514.8,1015.2,0,0
2024-11-07 08:00:00,0.0,8566.3,1017.6,0,0
2024-11-07 09:00:00,0.0,9997.9,1016.0,0,0
2024-11-07 10:00:00,0.0,8654.6,1016.5,0,0
2024-11-07 11:00:00,0.0,8845.5,1003.6,0,0
2024-11-07 12:00:00,0.0,9980.1,1010.9,0,0
2024-11-07 13:00:00,0.0,8738.6,1012.1,0,0
2024-11-07 14:00:00,0.0,8732.3,1020.5,0,0
2024-11-07 15:00:00,0.0,9655.4,1010.3,0,0
2024-11-07 16:00:00,0.0,8623.9,1001.7,0,0
2024-11-07 17:00:00,0.0,8467.6,1008.2,0,0
2024-11-07 18:00:00,0.0,8846.4,1009.9,0,0
2024-11-07 19:00:00,0.0,9401.3,1002.5,0,0
2024-11-07 20:00:00,0.0,8086.5,1018.1,0,0
2024-11-07 21:00:00,0.0,8747.8,1005.4,0,0
2024-11-07 22:00:00,0.0,8692.5,1015.5,0,0
2024-11-07 23:00:00,3.91,8489.6,1007.8,0,0
2024-11-08 00:00:00,0.0,9308.6,1020.8,0,0
2024-11-08 01:00:00,0.0,8580.0,1011.9,0,0
2024-11-08 02:00:00,0.0,9213.5,1010.9,0,0
2024-11-08 03:00:00,0.0,9008.7,1015.9,0,0
2024-11-08 04:00:00,0.0,8434.4,1008.2,0,0
2024-11-08 05:00:00,0.0,8533.1,1016.1,0,0
2024-11-08 06:00:00,0.0,8341.2,1010.8,0,0
2024-11-08 07:00:00,0.0,8113.3,1010.3,0,0
2024-11-08 08:00:00,0.0,9238.4,1012.8,0,0
2024-11-08 09:00:00,0.0,9345.6,1007.8,0,0
2024-11-08 10:00:00,0.0,8332.0,1012.3,0,0
2024-11-08 11:00:00,0.0,9230.8,1014.9,0,0
2024-11-08 12:00:00,0.0,9964.2,1001.7,0,0
2024-11-08 13:00:00,0.0,8148.8,1018.7,0,0
2024-11-08 14:00:00,0.0,8980.7,1017.3,0,0
2024-11-08 15:00:00,0.0,9466.1,1004.0,0,0
2024-11-08 16:00:00,0.0,8092.0,1003.2,0,0
2024-11-08 17:00:00,5.33,1546.6,1017.5,0,0
2024-11-08 18:00:00,0.0,9959.0,1017.1,0,0
2024-11-08 19:00:00,0.0,8177.0,1016.4,0,0
2024-11-08 20:00:00,0.0,9644.5,1006.1,0,0
2024-11-08 21:00:00,1.44,8757.2,1022.4,0,0
2024-11-08 22:00:00,0.0,8288.2,1009.5,0,0
2024-11-08 23:00:00,4.64,8986.4,1014.4,0,0
2024-11-09 00:00:00,0.0,8143.0,1014.5,0,1
2024-11-09 01:00:00,0.0,9044.2,1021.2,0,1
2024-11-09 02:00:00,0.0,8038.7,1013.9,0,1
2024-11-09 03:00:00,0.0,9457.2,1015.3,0,1
2024-11-09 04:00:00,0.0,8975.9,1012.9,0,1
2024-11-09 05:00:00,0.0,8917.9,1007.3,0,1
2024-11-09 06:00:00,0.0,8392.4,1001.7,0,1
2024-11-09 07:00:00,0.0,8722.5,1013.4,0,1
2024-11-09 08:00:00,0.0,8363.7,1006.2,0,1
2024-11-09 09:00:00,0.0,9470.8,1015.0,0,1
2024-11-09 10:00:00,0.0,8398.1,1014.0,0,1
2024-11-09 11:00:00,0.0,9233.5,1013.9,0,1
2024-11-09 12:00:00,0.0,8559.2,1008.0,0,1
2024-11-09 13:00:00,0.0,9314.0,1018.4,0,1
2024-11-09 14:00:00,0.0,9080.9,1015.6,0,1
2024-11-09 15:00:00,0.0,8846.9,1007.3,0,1
2024-11-09 16:00:00,0.0,9346.0,1023.6,0,1
2024-11-09 17:00:00,0.0,8831.4,1012.2,0,1
2024-11-09 18:00:00,0.0,9642.7,1006.6,0,1
2024-11-09 19:00:00,0.0,9459.2,1009.5,0,1
2024-11-09 20:00:00,0.0,9081.3,1005.7,0,1
2024-11-09 21:00:00,0.0,9754.1,1020.0,0,1
2024-11-09 22:00:00,0.0,9657.7,1018.7,0,1
2024-11-09 23:00:00,0.0,9063.7,1016.9,0,1
2024-11-10 00:00:00,0.0,8136.9,1016.0,0,1
2024-11-10 01:00:00,0.0,9132.0,1019.5,0,1
2024-11-10 02:00:00,0.0,8710.5,1012.0,0,1
2024-11-10 03:00:00,0.0,9080.2,1015.4,0,1
2024-11-10 04:00:00,0.0,9294.3,1009.2,0,1
2024-11-10 05:00:00,0.0,9289.7,1012.5,0,1
2024-11-10 06:00:00,0.0,9347.0,1015.5,0,1
2024-11-10 07:00:00,1.45,9358.5,997.8,0,1
2024-11-10 08:00:00,0.0,8218.6,1010.2,0,1
2024-11-10 09:00:00,0.0,8383.4,1014.1,0,1
2024-11-10 10:00:00,0.0,9261.1,1012.9,0,1
2024-11-10 11:00:00,0.0,8816.3,1011.0,0,1
2024-11-10 12:00:00,0.0,9525.7,1016.2,0,1
2024-11-10 13:00:00,0.0,8249.8,1009.7,0,1
2024-11-10 14:00:00,3.47,8383.0,1007.1,0,1
2024-11-10 15:00:00,0.0,9116.9,1019.2,0,1
2024-11-10 16:00:00,0.0,9001.5,1018.5,0,1
2024-11-10 17:00:00,0.0,8532.8,1010.3,0,1
2024-11-10 18:00:00,0.0,8816.7,1012.9,0,1
2024-11-10 19:00:00,0.0,8070.0,1017.5,0,1
2024-11-10 20:00:00,0.0,8074.1,1013.5,0,1
2024-11-10 21:00:00,0.0,8189.9,1015.9,0,1
2024-11-10 22:00:00,0.0,9153.6,1015.6,0,1
2024-11-10 23:00:00,0.0,9727.4,1011.7,0,1
2024-11-11 00:00:00,0.0,8520.4,1015.8,0,0
2024-11-11 01:00:00,0.0,8067.9,1008.4,0,0
2024-11-11 02:00:00,0.0,9417.3,1015.2,0,0
2024-11-11 03:00:00,0.0,9710.7,1012.9,0,0
2024-11-11 04:00:00,0.0,8276.3,1011.4,0,0
2024-11-11 05:00:00,0.0,8771.5,1007.0,0,0
2024-11-11 06:00:00,0.0,8317.5,1013.9,0,0
2024-11-11 07:00:00,0.0,8212.7,1013.4,0,0
2024-11-11 08:00:00,0.0,9296.3,1009.1,0,0
2024-11-11 09:00:00,0.0,9935.1,1005.3,0,0
2024-11-11 10:00:00,0.0,9356.3,1005.0,0,0
2024-11-11 11:00:00,0.0,9969.6,1012.0,0,0
2024-11-11 12:00:00,0.0,8868.8,1014.8,0,0
2024-11-11 13:00:00,0.0,9795.7,1022.5,0,0
2024-11-11 14:00:00,0.0,8410.2,1013.0,0,0
2024-11-11 15:00:00,0.0,8235.8,1005.1,0,0
2024-11-11 16:00:00,0.0,9405.0,1012.2,0,0
2024-11-11 17:00:00,0.0,8742.8,1019.5,0,0
2024-11-11 18:00:00,0.0,8635.4,1009.8,0,0
2024-11-11 19:00:00,0.0,9342.6,1018.8,0,0
2024-11-11 20:00:00,0.0,8667.0,1014.1,0,0
2024-11-11 21:00:00,0.0,9145.1,1016.5,0,0
2024-11-11 22:00:00,0.0,8598.9,1022.5,0,0
2024-11-11 23:00:00,0.0,9567.5,1004.1,0,0
2024-11-12 00:00:00,0.0,8624.8,1017.7,0,0
2024-11-12 01:00:00,0.0,9070.0,1012.8,0,0
2024-11-12 02:00:00,0.0,8046.4,1008.5,0,0
2024-11-12 03:00:00,0.0,9583.5,1012.7,0,0
2024-11-12 04:00:00,0.0,9240.7,1021.7,0,0
2024-11-12 05:00:00,0.0,8384.5,1019.9,0,0
2024-11-12 06:00:00,0.0,8430.7,1003.2,0,0
2024-11-12 07:00:00,0.0,8525.0,1009.4,0,0
2024-11-12 08:00:00,0.0,9153.1,1018.0,0,0
2024-11-12 09:00:00,0.0,9096.6,1013.1,0,0
2024-11-12 10:00:00,0.0,8547.7,1013.2,0,0
2024-11-12 11:00:00,14.26,2382.7,1005.4,0,0
2024-11-12 12:00:00,0.0,9778.1,1009.5,0,0
2024-11-12 13:00:00,0.0,8087.0,1006.5,0,0
2024-11-12 14:00:00,1.5,8834.4,1005.0,0,0
2024-11-12 15:00:00,0.0,9187.0,1007.0,0,0
2024-11-12 16:00:00,0.0,9172.9,1008.6,0,0
2024-11-12 17:00:00,0.0,8039.1,1009.4,0,0
2024-11-12 18:00:00,0.0,8421.1,1009.0,0,0
2024-11-12 19:00:00,0.0,8123.7,1018.4,0,0
2024-11-12 20:00:00,0.0,9137.9,1008.7,0,0
2024-11-12 21:00:00,0.0,9290.8,1020.4,0,0
2024-11-12 22:00:00,0.0,8319.5,1010.8,0,0
2024-11-12 23:00:00,0.0,8666.0,1015.4,0,0
2024-11-13 00:00:00,0.0,8659.6,1015.6,0,0
2024-11-13 01:00:00,0.0,9639.6,1008.8,0,0
2024-11-13 02:00:00,0.0,8389.3,1011.6,0,0
2024-11-13 03:00:00,0.0,9096.6,1010.7,0,0
2024-11-13 04:00:00,0.0,9565.9,1015.1,0,0
2024-11-13 05:00:00,0.0,9659.2,1012.6,0,0
2024-11-13 06:00:00,0.0,9333.1,1009.5,0,0
2024-11-13 07:00:00,0.0,8599.1,1013.8,0,0
2024-11-13 08:00:00,0.0,9646.1,1014.9,0,0
2024-11-13 09:00:00,0.0,9484.3,1022.5,0,0
2024-11-13 10:00:00,2.64,9408.9,1013.6,0,0
2024-11-13 11:00:00,0.0,8134.7,1013.3,0,0
2024-11-13 12:00:00,0.0,8086.5,1015.4,0,0
2024-11-13 13:00:00,0.0,9390.7,1008.5,0,0
2024-11-13 14:00:00,0.0,9889.6,1004.6,0,0
2024-11-13 15:00:00,0.0,9547.4,1011.7,0,0
2024-11-13 16:00:00,0.0,9663.0,1018.6,0,0
2024-11-13 17:00:00,0.0,9090.0,1019.4,0,0
2024-11-13 18:00:00,0.0,8609.2,1003.9,0,0
2024-11-13 19:00:00,0.0,9355.5,1016.6,0,0
2024-11-13 20:00:00,0.0,9423.9,1002.3,0,0
2024-11-13 21:00:00,0.0,9350.7,1015.5,0,0
2024-11-13 22:00:00,0.0,9893.4,1015.2,0,0
2024-11-13 23:00:00,0.0,8734.4,1004.6,0,0
2024-11-14 00:00:00,0.0,8079.3,1018.3,0,0
2024-11-14 01:00:00,0.66,9816.9,1022.0,0,0
2024-11-14 02:00:00,0.0,8321.0,1012.9,0,0
2024-11-14 03:00:00,0.0,9394.6,1014.0,0,0
2024-11-14 04:00:00,0.0,9746.4,1020.6,0,0
2024-11-14 05:00:00,0.0,8620.3,1007.6,0,0
2024-11-14 06:00:00,0.0,9660.8,1007.7,0,0
2024-11-14 07:00:00,0.0,8664.1,1009.1,0,0
2024-11-14 08:00:00,0.0,9588.5,1013.4,0,0
2024-11-14 09:00:00,0.0,8139.7,1013.4,0,0
2024-11-14 10:00:00,0.0,9310.5,1010.5,0,0
2024-11-14 11:00:00,0.0,9354.3,1011.7,0,0
2024-11-14 12:00:00,0.0,8982.9,1010.6,0,0
2024-11-14 13:00:00,0.0,9374.2,1010.8,0,0
2024-11-14 14:00:00,0.0,9846.4,1009.4,0,0
2024-11-14 15:00:00,0.0,9467.7,1009.4,0,0
2024-11-14 16:00:00,0.0,9922.6,1003.2,0,0
2024-11-14 17:00:00,0.0,8897.2,1012.1,0,0
2024-11-14 18:00:00,0.0,9056.6,1003.5,0,0
2024-11-14 19:00:00,0.0,8527.5,1017.0,0,0
2024-11-14 20:00:00,0.0,9971.2,1010.5,0,0
2024-11-14 21:00:00,0.0,8110.3,1012.7,0,0
2024-11-14 22:00:00,0.0,8717.2,1011.4,0,0
2024-11-14 23:00:00,0.0,8595.4,1012.0,0,0
2024-11-15 00:00:00,0.0,8773.0,1019.6,0,0
2024-11-15 01:00:00,0.0,9835.4,1006.5,0,0
2024-11-15 02:00:00,0.0,8736.1,1005.1,0,0
2024-11-15 03:00:00,0.0,9834.0,1013.8,0,0
2024-11-15 04:00:00,0.0,8846.7,1010.8,0,0
2024-11-15 05:00:00,0.0,9709.5,1015.0,0,0
2024-11-15 06:00:00,0.0,9043.5,1016.8,0,0
2024-11-15 07:00:00,0.0,8622.7,1007.7,0,0
2024-11-15 08:00:00,0.0,8898.7,1016.3,0,0
2024-11-15 09:00:00,0.0,8848.8,1008.1,0,0
2024-11-15 10:00:00,0.0,8519.8,1013.6,0,0
2024-11-15 11:00:00,0.0,8579.3,1007.1,0,0
2024-11-15 12:00:00,0.0,8372.9,1013.9,0,0
2024-11-15 13:00:00,0.0,8672.0,1013.1,0,0
2024-11-15 14:00:00,0.0,9248.8,1007.7,0,0
2024-11-15 15:00:00,0.0,8773.1,1006.5,0,0
2024-11-15 16:00:00,0.0,9424.6,1017.0,0,0
2024-11-15 17:00:00,0.0,9974.0,1011.0,0,0
2024-11-15 18:00:00,0.0,8754.2,1018.3,0,0
2024-11-15 19:00:00,0.0,8925.3,1010.5,0,0
2024-11-15 20:00:00,0.0,8328.2,1019.8,0,0
2024-11-15 21:00:00,4.26,8784.4,1008.5,0,0
2024-11-15 22:00:00,0.0,9453.7,1020.6,0,0
2024-11-15 23:00:00,0.0,8434.8,1014.1,0,0
2024-11-16 00:00:00,1.76,8364.1,1015.2,0,1
2024-11-16 01:00:00,0.0,8752.7,1008.2,0,1
2024-11-16 02:00:00,0.0,9637.3,1016.9,0,1
2024-11-16 03:00:00,0.0,9247.3,1017.1,0,1
2024-11-16 04:00:00,0.0,9915.2,1011.6,0,1
2024-11-16 05:00:00,0.0,9809.1,1002.6,0,1
2024-11-16 06:00:00,0.0,8302.3,1007.7,0,1
2024-11-16 07:00:00,0.0,8085.1,1007.7,0,1
2024-11-16 08:00:00,0.0,8798.2,1015.5,0,1
2024-11-16 09:00:00,0.0,9044.2,1010.9,0,1
2024-11-16 10:00:00,0.0,9031.1,1011.0,0,1
2024-11-16 11:00:00,0.0,8268.2,1010.4,0,1
2024-11-16 12:00:00,0.0,8249.6,1020.6,0,1
2024-11-16 13:00:00,0.0,8093.7,1013.5,0,1
2024-11-16 14:00:00,0.27,9701.7,1014.2,0,1
2024-11-16 15:00:00,0.0,9895.5,1010.2,0,1
2024-11-16 16:00:00,0.0,8231.4,1013.1,0,1
2024-11-16 17:00:00,0.0,8426.2,1008.4,0,1
2024-11-16 18:00:00,0.0,8179.7,1015.0,0,1
2024-11-16 19:00:00,0.0,9755.0,1007.5,0,1
2024-11-16 20:00:00,0.15,9917.4,1017.0,0,1
2024-11-16 21:00:00,0.0,8523.6,1009.6,0,1
2024-11-16 22:00:00,0.0,8607.2,1018.0,0,1
2024-11-16 23:00:00,0.0,8725.3,1022.8,0,1
2024-11-17 00:00:00,0.0,9004.9,1013.3,0,1
2024-11-17 01:00:00,0.0,9364.9,1019.8,0,1
2024-11-17 02:00:00,0.0,9008.8,1017.0,0,1
2024-11-17 03:00:00,0.0,9902.0,1006.1,0,1
2024-11-17 04:00:00,0.0,8199.8,1013.8,0,1
2024-11-17 05:00:00,0.0,9597.2,1015.8,0,1
2024-11-17 06:00:00,0.0,8669.0,1016.2,0,1
2024-11-17 07:00:00,0.0,8755.1,1014.1,0,1
2024-11-17 08:00:00,0.0,9417.7,1014.1,0,1
2024-11-17 09:00:00,0.0,9858.8,1013.3,0,1
2024-11-17 10:00:00,0.0,9432.4,1013.9,0,1
2024-11-17 11:00:00,0.69,9551.7,1007.1,0,1
2024-11-17 12:00:00,0.0,9501.6,1012.1,0,1
2024-11-17 13:00:00,1.39,8642.0,1006.0,0,1
2024-11-17 14:00:00,0.0,9513.9,1010.8,0,1
2024-11-17 15:00:00,2.74,9569.0,1010.3,0,1
2024-11-17 16:00:00,0.0,9066.8,1010.0,0,1
2024-11-17 17:00:00,5.46,2930.0,1008.0,0,1
2024-11-17 18:00:00,0.0,9519.4,1014.6,0,1
2024-11-17 19:00:00,0.0,9634.1,1011.7,0,1
2024-11-17 20:00:00,0.0,8674.4,1011.1,0,1
2024-11-17 21:00:00,0.0,9603.1,1006.2,0,1
2024-11-17 22:00:00,0.0,9628.4,1011.8,0,1
2024-11-17 23:00:00,0.0,8468.3,1019.0,0,1
2024-11-18 00:00:00,15.17,1076.4,1019.1,0,0
2024-11-18 01:00:00,0.0,8373.1,1015.1,0,0
2024-11-18 02:00:00,0.0,8186.1,1011.8,0,0
2024-11-18 03:00:00,0.0,9149.1,1016.0,0,0
2024-11-18 04:00:00,0.0,9817.3,1009.9,0,0
2024-11-18 05:00:00,0.0,8070.9,1011.8,0,0
2024-11-18 06:00:00,0.0,9653.0,1009.5,0,0
2024-11-18 07:00:00,0.0,9012.9,1017.8,0,0
2024-11-18 08:00:00,0.0,9721.8,1017.2,0,0
2024-11-18 09:00:00,0.0,9687.0,1013.1,0,0
2024-11-18 10:00:00,0.0,9750.6,1021.9,0,0
2024-11-18 11:00:00,0.0,9537.7,1015.3,0,0
2024-11-18 12:00:00,0.0,9686.0,1015.0,0,0
2024-11-18 13:00:00,0.0,8352.1,1014.5,0,0
2024-11-18 14:00:00,0.0,8607.7,1006.9,0,0
2024-11-18 15:00:00,0.0,8485.0,1008.8,0,0
2024-11-18 16:00:00,0.0,9484.9,1013.0,0,0
2024-11-18 17:00:00,0.0,8307.3,1013.0,0,0
2024-11-18 18:00:00,0.0,8364.5,1016.2,0,0
2024-11-18 19:00:00,0.0,9757.9,1009.9,0,0
2024-11-18 20:00:00,0.0,9411.8,1013.6,0,0
2024-11-18 21:00:00,0.0,9750.8,1013.7,0,0
2024-11-18 22:00:00,0.0,8278.7,1013.9,0,0
2024-11-18 23:00:00,0.0,8798.0,1013.3,0,0
2024-11-19 00:00:00,0.0,8566.3,1006.2,0,0
2024-11-19 01:00:00,0.0,8019.4,1001.9,0,0
2024-11-19 02:00:00,0.0,8569.0,1008.5,0,0
2024-11-19 03:00:00,0.0,8759.2,1010.6,0,0
2024-11-19 04:00:00,0.0,8184.4,1007.4,0,0
2024-11-19 05:00:00,0.0,9133.0,1013.0,0,0
2024-11-19 06:00:00,0.0,8766.3,1018.7,0,0
2024-11-19 07:00:00,0.0,8092.9,1016.9,0,0
2024-11-19 08:00:00,0.0,9408.0,1015.6,0,0
2024-11-19 09:00:00,0.0,9458.6,1018.2,0,0
2024-11-19 10:00:00,0.0,9668.9,1008.6,0,0
2024-11-19 11:00:00,0.0,8971.1,1011.0,0,0
2024-11-19 12:00:00,0.0,9937.3,1016.3,0,0
2024-11-19 13:00:00,0.0,9828.1,1010.9,0,0
2024-11-19 14:00:00,0.0,9102.7,1011.2,0,0
2024-11-19 15:00:00,0.0,8889.9,1022.6,0,0
2024-11-19 16:00:00,0.0,8006.1,1013.7,0,0
2024-11-19 17:00:00,0.0,9422.0,1022.1,0,0
2024-11-19 18:00:00,0.0,9129.9,1004.1,0,0
2024-11-19 19:00:00,0.0,9875.1,1010.1,0,0
2024-11-19 20:00:00,0.0,9188.5,1015.3,0,0
2024-11-19 21:00:00,0.0,9985.7,1013.7,0,0
2024-11-19 22:00:00,0.0,9707.6,1003.0,0,0
2024-11-19 23:00:00,0.0,9907.2,1012.1,0,0
2024-11-20 00:00:00,0.0,8655.3,1025.6,0,0
2024-11-20 01:00:00,0.0,8298.7,1014.5,0,0
2024-11-20 02:00:00,0.0,9593.7,1016.3,0,0
2024-11-20 03:00:00,0.0,9572.4,1010.0,0,0
2024-11-20 04:00:00,0.0,8422.9,1014.5,0,0
2024-11-20 05:00:00,0.0,9529.5,1013.2,0,0
2024-11-20 06:00:00,0.0,9163.9,1018.8,0,0
2024-11-20 07:00:00,0.0,8219.1,1018.7,0,0
2024-11-20 08:00:00,3.69,9003.6,1015.3,0,0
2024-11-20 09:00:00,0.0,9862.3,1013.6,0,0
2024-11-20 10:00:00,0.0,9012.9,1004.9,0,0
2024-11-20 11:00:00,0.2,9577.4,1004.7,0,0
2024-11-20 12:00:00,0.0,8057.8,1013.7,0,0
2024-11-20 13:00:00,0.0,9456.2,1017.6,0,0
2024-11-20 14:00:00,0.0,9893.7,1019.9,0,0
2024-11-20 15:00:00,0.0,8999.1,1008.8,0,0
2024-11-20 16:00:00,0.0,8675.4,1005.7,0,0
2024-11-20 17:00:00,0.0,9293.3,1017.9,0,0
2024-11-20 18:00:00,0.0,9832.5,1009.2,0,0
2024-11-20 19:00:00,0.0,8353.5,1005.4,0,0
2024-11-20 20:00:00,3.57,8807.4,1010.8,0,0
2024-11-20 21:00:00,0.0,8312.6,1010.7,0,0
2024-11-20 22:00:00,0.0,8993.3,1019.9,0,0
2024-11-20 23:00:00,0.0,9080.8,1017.6,0,0
2024-11-21 00:00:00,0.0,9888.4,1009.6,0,0
2024-11-21 01:00:00,0.0,8825.0,1020.2,0,0
2024-11-21 02:00:00,4.81,9133.9,1013.9,0,0
2024-11-21 03:00:00,0.0,9770.5,1018.6,0,0
2024-11-21 04:00:00,0.0,8642.8,1019.9,0,0
2024-11-21 05:00:00,0.0,9348.3,1011.9,0,0
2024-11-21 06:00:00,0.0,9514.3,1016.1,0,0
2024-11-21 07:00:00,0.0,8661.1,1011.2,0,0
2024-11-21 08:00:00,0.0,8328.7,1017.9,0,0
2024-11-21 09:00:00,0.0,9005.8,1013.7,0,0
2024-11-21 10:00:00,0.0,8713.6,1018.1,0,0
2024-11-21 11:00:00,0.0,8532.9,1020.9,0,0
2024-11-21 12:00:00,0.0,9946.8,1016.0,0,0
2024-11-21 13:00:00,0.0,9004.3,1012.8,0,0
2024-11-21 14:00:00,0.0,9713.0,1012.9,0,0
2024-11-21 15:00:00,0.0,8390.6,998.5,0,0
2024-11-21 16:00:00,0.0,9878.9,1009.7,0,0
2024-11-21 17:00:00,6.65,2282.9,1017.9,0,0
2024-11-21 18:00:00,0.0,9617.4,1018.1,0,0
2024-11-21 19:00:00,0.0,8779.5,1009.6,0,0
2024-11-21 20:00:00,0.0,8971.3,1014.1,0,0
2024-11-21 21:00:00,0.0,9186.7,1012.3,0,0
2024-11-21 22:00:00,0.0,9579.5,1016.7,0,0
2024-11-21 23:00:00,0.0,9698.1,1024.3,0,0
2024-11-22 00:00:00,0.0,8156.1,1016.8,0,0
2024-11-22 01:00:00,0.0,9808.1,1009.9,0,0
2024-11-22 02:00:00,0.62,9875.0,1012.9,0,0
2024-11-22 03:00:00,0.0,9185.8,1020.3,0,0
2024-11-22 04:00:00,0.0,8373.5,1006.2,0,0
2024-11-22 05:00:00,0.0,9636.8,1010.2,0,0
2024-11-22 06:00:00,0.0,9097.2,1016.8,0,0
2024-11-22 07:00:00,0.0,9634.4,1019.7,0,0
2024-11-22 08:00:00,0.0,9629.6,1016.3,0,0
2024-11-22 09:00:00,0.0,8173.5,1010.2,0,0
2024-11-22 10:00:00,0.0,9214.0,1015.9,0,0
2024-11-22 11:00:00,0.0,8966.3,1015.3,0,0
2024-11-22 12:00:00,0.0,9892.2,1015.0,0,0
2024-11-22 13:00:00,0.0,8593.3,1012.8,0,0
2024-11-22 14:00:00,0.0,8412.0,1013.5,0,0
2024-11-22 15:00:00,0.0,9794.2,1008.7,0,0
2024-11-22 16:00:00,0.0,8297.4,1025.7,0,0
2024-11-22 17:00:00,0.0,9373.0,1014.0,0,0
2024-11-22 18:00:00,0.0,8600.0,1016.0,0,0
2024-11-22 19:00:00,0.0,9135.7,1012.2,0,0
2024-11-22 20:00:00,0.0,9232.4,1017.5,0,0
2024-11-22 21:00:00,0.0,8834.7,1006.8,0,0
2024-11-22 22:00:00,0.0,9949.9,1004.5,0,0
2024-11-22 23:00:00,0.0,8263.7,1013.1,0,0
2024-11-23 00:00:00,0.0,8782.8,1023.5,0,1
2024-11-23 01:00:00,0.0,8860.8,1019.3,0,1
2024-11-23 02:00:00,0.0,9262.1,1009.2,0,1
2024-11-23 03:00:00,0.0,8814.5,1015.8,0,1
2024-11-23 04:00:00,0.0,8194.1,1010.1,0,1
2024-11-23 05:00:00,0.0,9894.9,1015.4,0,1
2024-11-23 06:00:00,0.0,8832.2,1015.8,0,1
2024-11-23 07:00:00,0.0,8685.3,1017.9,0,1
2024-11-23 08:00:00,0.0,8893.4,1005.4,0,1
2024-11-23 09:00:00,0.0,8433.2,1006.9,0,1
2024-11-23 10:00:00,0.0,8200.4,1012.9,0,1
2024-11-23 11:00:00,0.0,8297.2,1008.1,0,1
2024-11-23 12:00:00,0.0,8333.3,1007.7,0,1
2024-11-23 13:00:00,0.0,8395.3,1014.6,0,1
2024-11-23 14:00:00,0.0,8839.9,1008.7,0,1
2024-11-23 15:00:00,0.0,9247.8,1024.5,0,1
2024-11-23 16:00:00,0.0,9257.8,1010.6,0,1
2024-11-23 17:00:00,2.99,8000.2,1011.9,0,1
2024-11-23 18:00:00,0.0,9841.9,1014.7,0,1
2024-11-23 19:00:00,0.0,9645.7,1005.7,0,1
2024-11-23 20:00:00,0.0,9927.9,1015.8,0,1
2024-11-23 21:00:00,0.0,8720.0,1015.0,0,1
2024-11-23 22:00:00,0.0,9329.6,1011.5,0,1
2024-11-23 23:00:00,0.0,8336.0,1014.6,0,1
2024-11-24 00:00:00,2.35,9634.1,1015.4,0,1
2024-11-24 01:00:00,0.0,8322.7,1020.4,0,1
2024-11-24 02:00:00,0.0,8652.0,1025.8,0,1
2024-11-24 03:00:00,0.0,8981.7,1007.9,0,1
2024-11-24 04:00:00,0.0,9189.1,1006.8,0,1
2024-11-24 05:00:00,0.0,9119.3,1013.8,0,1
2024-11-24 06:00:00,0.0,8204.2,1002.9,0,1
2024-11-24 07:00:00,0.0,8843.4,1016.5,0,1
2024-11-24 08:00:00,0.0,9845.8,1013.8,0,1
2024-11-24 09:00:00,0.0,9744.7,1015.1,0,1
2024-11-24 10:00:00,0.0,9181.6,1011.7,0,1
2024-11-24 11:00:00,0.0,9144.6,1014.5,0,1
2024-11-24 12:00:00,0.0,8223.4,1015.6,0,1
2024-11-24 13:00:00,0.0,8400.5,1014.3,0,1
2024-11-24 14:00:00,0.0,8505.3,1006.5,0,1
2024-11-24 15:00:00,0.0,8976.4,1014.1,0,1
2024-11-24 16:00:00,0.0,9462.7,1022.5,0,1
2024-11-24 17:00:00,0.0,8921.5,1014.5,0,1
2024-11-24 18:00:00,0.0,8252.1,1013.9,0,1
2024-11-24 19:00:00,0.0,8878.7,1021.1,0,1
2024-11-24 20:00:00,0.0,8325.3,1009.5,0,1
2024-11-24 21:00:00,0.0,9502.3,1017.7,0,1
2024-11-24 22:00:00,0.0,8333.0,1010.6,0,1
2024-11-24 23:00:00,0.0,8965.1,1018.7,0,1
2024-11-25 00:00:00,0.0,9386.8,1017.2,0,0
2024-11-25 01:00:00,0.0,8456.4,1011.2,0,0
2024-11-25 02:00:00,0.0,8152.1,1011.9,0,0
2024-11-25 03:00:00,0.0,9126.6,1018.1,0,0
2024-11-25 04:00:00,0.0,8108.4,1004.0,0,0
2024-11-25 05:00:00,0.0,9175.5,1011.0,0,0
2024-11-25 06:00:00,0.0,9507.0,1016.4,0,0
2024-11-25 07:00:00,0.0,8658.6,1011.7,0,0
2024-11-25 08:00:00,0.0,8976.7,1013.9,0,0
2024-11-25 09:00:00,0.6,9857.5,1003.0,0,0
2024-11-25 10:00:00,0.0,8942.2,1009.0,0,0
2024-11-25 11:00:00,0.0,9993.1,1016.6,0,0
2024-11-25 12:00:00,0.0,8314.0,1009.5,0,0
2024-11-25 13:00:00,0.0,9417.9,1006.7,0,0
2024-11-25 14:00:00,0.0,9305.2,1018.6,0,0
2024-11-25 15:00:00,0.0,9744.6,1015.8,0,0
2024-11-25 16:00:00,0.0,8184.9,1007.8,0,0
2024-11-25 17:00:00,0.0,8560.4,1013.9,0,0
2024-11-25 18:00:00,0.0,8264.4,1008.0,0,0
2024-11-25 19:00:00,0.0,9866.2,1012.5,0,0
2024-11-25 20:00:00,0.0,8853.3,1014.1,0,0
2024-11-25 21:00:00,0.0,9820.1,1009.2,0,0
2024-11-25 22:00:00,0.0,8588.8,1017.0,0,0
2024-11-25 23:00:00,0.0,8252.7,1017.7,0,0
2024-11-26 00:00:00,0.0,8593.1,1014.6,0,0
2024-11-26 01:00:00,0.0,9194.3,1015.3,0,0
2024-11-26 02:00:00,0.0,9690.5,1006.0,0,0
2024-11-26 03:00:00,0.0,8770.8,1020.1,0,0
2024-11-26 04:00:00,1.1,9829.6,1012.8,0,0
2024-11-26 05:00:00,0.0,8488.5,1008.6,0,0
2024-11-26 06:00:00,0.0,9387.1,1014.0,0,0
2024-11-26 07:00:00,0.0,9471.4,1017.0,0,0
2024-11-26 08:00:00,0.0,8547.9,1015.8,0,0
2024-11-26 09:00:00,0.0,8053.9,1007.8,0,0
2024-11-26 10:00:00,0.0,8730.5,1017.0,0,0
2024-11-26 11:00:00,0.0,8090.4,1012.9,0,0
2024-11-26 12:00:00,0.0,9801.5,1015.8,0,0
2024-11-26 13:00:00,0.0,9907.1,1009.2,0,0
2024-11-26 14:00:00,0.0,9470.8,1018.5,0,0
2024-11-26 15:00:00,0.0,9453.4,1014.2,0,0
2024-11-26 16:00:00,0.0,8481.8,1019.2,0,0
2024-11-26 17:00:00,0.0,8147.9,1005.6,0,0
2024-11-26 18:00:00,0.0,9604.2,1006.2,0,0
2024-11-26 19:00:00,0.0,9118.3,1012.0,0,0
2024-11-26 20:00:00,0.0,9363.3,1020.6,0,0
2024-11-26 21:00:00,0.0,9559.3,1023.1,0,0
2024-11-26 22:00:00,0.0,8818.9,1008.8,0,0
2024-11-26 23:00:00,0.0,8289.1,1013.5,0,0
2024-11-27 00:00:00,0.0,9590.1,1014.0,0,0
2024-11-27 01:00:00,0.0,8907.5,1016.8,0,0
2024-11-27 02:00:00,0.0,9653.8,1017.7,0,0
2024-11-27 03:00:00,0.0,8875.4,1007.7,0,0
2024-11-27 04:00:00,3.26,8434.0,1013.6,0,0
2024-11-27 05:00:00,0.0,8342.0,1003.2,0,0
2024-11-27 06:00:00,4.73,9487.8,1017.3,0,0
2024-11-27 07:00:00,0.0,9149.8,1011.6,0,0
2024-11-27 08:00:00,0.0,8809.2,1007.2,0,0
2024-11-27 09:00:00,0.0,8984.2,1014.9,0,0
2024-11-27 10:00:00,0.0,9099.3,1011.4,0,0
2024-11-27 11:00:00,0.0,8478.8,1019.6,0,0
2024-11-27 12:00:00,0.0,8756.3,1008.8,0,0
2024-11-27 13:00:00,0.0,8584.8,1024.4,0,0
2024-11-27 14:00:00,0.0,8776.8,1017.5,0,0
2024-11-27 15:00:00,0.0,9001.1,1019.7,0,0
2024-11-27 16:00:00,0.0,8346.7,1008.1,0,0
2024-11-27 17:00:00,0.0,8787.0,1022.2,0,0
2024-11-27 18:00:00,0.0,8771.0,1007.2,0,0
2024-11-27 19:00:00,0.0,8572.0,1012.2,0,0
2024-11-27 20:00:00,0.0,9997.0,1019.8,0,0
2024-11-27 21:00:00,0.0,8147.3,1015.8,0,0
2024-11-27 22:00:00,0.0,9285.9,1007.1,0,0
2024-11-27 23:00:00,0.0,8348.9,1018.9,0,0
2024-11-28 00:00:00,0.0,9679.0,1014.9,0,0
2024-11-28 01:00:00,0.0,9828.4,1011.2,0,0
2024-11-28 02:00:00,3.02,8803.0,1005.5,0,0
2024-11-28 03:00:00,0.0,9647.0,1015.4,0,0
2024-11-28 04:00:00,0.0,8499.8,1012.4,0,0
2024-11-28 05:00:00,0.0,8280.1,1014.0,0,0
2024-11-28 06:00:00,0.0,8631.8,1005.3,0,0
2024-11-28 07:00:00,0.0,8683.3,1011.2,0,0
2024-11-28 08:00:00,2.43,8794.7,1015.7,0,0
2024-11-28 09:00:00,0.0,8745.9,1022.6,0,0
2024-11-28 10:00:00,0.0,8822.3,1012.2,0,0
2024-11-28 11:00:00,0.0,9420.1,1020.5,0,0
2024-11-28 12:00:00,0.0,8491.2,1017.2,0,0
2024-11-28 13:00:00,0.0,8037.2,1014.4,0,0
2024-11-28 14:00:00,0.0,8979.4,1008.2,0,0
2024-11-28 15:00:00,0.0,8896.6,1008.4,0,0
2024-11-28 16:00:00,0.0,8120.1,1016.3,0,0
2024-11-28 17:00:00,0.0,8267.6,1010.6,0,0
2024-11-28 18:00:00,0.0,9019.8,1010.2,0,0
2024-11-28 19:00:00,0.0,8469.5,1012.3,0,0
2024-11-28 20:00:00,0.0,9755.2,1012.4,0,0
2024-11-28 21:00:00,0.0,8346.6,1017.8,0,0
2024-11-28 22:00:00,0.0,8040.2,1010.7,0,0
2024-11-28 23:00:00,0.0,8895.1,1017.3,0,0
2024-11-29 00:00:00,0.0,9972.3,1015.4,0,0
2024-11-29 01:00:00,0.0,9267.7,1004.9,0,0
2024-11-29 02:00:00,0.0,8708.1,1014.7,0,0
2024-11-29 03:00:00,0.0,8033.7,999.9,0,0
2024-11-29 04:00:00,0.0,8969.9,1008.8,0,0
2024-11-29 05:00:00,0.0,8412.9,1015.6,0,0
2024-11-29 06:00:00,0.0,9295.5,1013.2,0,0
2024-11-29 07:00:00,0.0,9166.0,1004.4,0,0
2024-11-29 08:00:00,0.0,8530.4,1007.7,0,0
2024-11-29 09:00:00,0.0,8137.8,1000.2,0,0
2024-11-29 10:00:00,0.0,9510.0,1006.5,0,0
2024-11-29 11:00:00,2.63,9170.9,1016.1,0,0
2024-11-29 12:00:00,0.0,9684.3,1010.5,0,0
2024-11-29 13:00:00,0.0,8519.6,1014.1,0,0
2024-11-29 14:00:00,0.0,9305.7,1013.3,0,0
2024-11-29 15:00:00,0.0,8237.4,1013.4,0,0
2024-11-29 16:00:00,0.0,8583.6,1018.4,0,0
2024-11-29 17:00:00,0.0,9313.1,1012.2,0,0
2024-11-29 18:00:00,0.0,9651.2,1017.8,0,0
2024-11-29 19:00:00,0.0,8641.9,1000.9,0,0
2024-11-29 20:00:00,0.0,9597.7,1018.8,0,0
2024-11-29 21:00:00,0.0,9355.5,1006.8,0,0
2024-11-29 22:00:00,0.0,8697.3,1007.9,0,0
2024-11-29 23:00:00,0.0,9752.8,1009.7,0,0
2024-11-30 00:00:00,0.0,9018.5,1018.7,0,1
2024-11-30 01:00:00,0.0,9296.5,1008.8,0,1
2024-11-30 02:00:00,0.0,8991.3,1010.0,0,1
2024-11-30 03:00:00,0.0,8905.4,1008.4,0,1
2024-11-30 04:00:00,0.0,9696.0,1014.5,0,1
2024-11-30 05:00:00,0.0,8589.4,1017.0,0,1
2024-11-30 06:00:00,0.0,8073.3,1021.8,0,1
2024-11-30 07:00:00,0.0,9759.6,1025.2,0,1
2024-11-30 08:00:00,0.0,9650.0,1016.5,0,1
2024-11-30 09:00:00,0.0,8733.1,1015.1,0,1
2024-11-30 10:00:00,0.0,8370.9,1007.2,0,1
2024-11-30 11:00:00,0.0,9351.1,1022.8,0,1
2024-11-30 12:00:00,0.0,8157.5,1014.3,0,1
2024-11-30 13:00:00,0.0,8847.5,1011.8,0,1
2024-11-30 14:00:00,0.0,8171.7,1015.2,0,1
2024-11-30 15:00:00,0.0,9195.8,1010.1,0,1
2024-11-30 16:00:00,0.0,8054.4,1001.6,0,1
2024-11-30 17:00:00,0.0,9258.5,1016.1,0,1
2024-11-30 18:00:00,0.0,9346.4,1020.0,0,1
2024-11-30 19:00:00,0.0,8974.3,1016.0,0,1
2024-11-30 20:00:00,0.0,8350.0,1013.2,0,1
2024-11-30 21:00:00,0.0,8202.8,1013.3,0,1
2024-11-30 22:00:00,0.0,8626.6,1014.1,0,1
2024-11-30 23:00:00,8.14,2035.8,1014.0,0,1
2024-12-01 00:00:00,2.72,9284.4,1012.9,0,1
2024-12-01 01:00:00,0.0,8002.5,1013.4,0,1
2024-12-01 02:00:00,0.0,9422.1,1021.0,0,1
2024-12-01 03:00:00,0.0,9425.4,1015.6,0,1
2024-12-01 04:00:00,0.0,8889.1,1013.8,0,1
2024-12-01 05:00:00,0.0,8686.8,1016.5,0,1
2024-12-01 06:00:00,0.0,9684.6,1016.5,0,1
2024-12-01 07:00:00,0.0,9569.2,1018.0,0,1
2024-12-01 08:00:00,0.0,9966.6,1009.5,0,1
2024-12-01 09:00:00,0.0,8743.9,1010.8,0,1
2024-12-01 10:00:00,0.0,9813.7,1009.2,0,1
2024-12-01 11:00:00,0.0,8174.8,1017.1,0,1
2024-12-01 12:00:00,8.27,1026.5,1016.8,0,1
2024-12-01 13:00:00,0.0,8930.7,1006.9,0,1
2024-12-01 14:00:00,0.0,8881.7,1015.2,0,1
2024-12-01 15:00:00,0.0,9250.2,1020.1,0,1
2024-12-01 16:00:00,0.0,8340.4,1012.1,0,1
2024-12-01 17:00:00,0.0,9732.9,1014.8,0,1
2024-12-01 18:00:00,0.0,9103.5,1016.9,0,1
2024-12-01 19:00:00,0.0,9808.4,1006.6,0,1
2024-12-01 20:00:00,0.0,8005.3,1014.0,0,1
2024-12-01 21:00:00,0.0,9260.0,1019.6,0,1
2024-12-01 22:00:00,0.8,8824.9,1010.3,0,1
2024-12-01 23:00:00,0.0,9010.2,1017.4,0,1
2024-12-02 00:00:00,2.5,9487.6,1013.4,0,0
2024-12-02 01:00:00,0.0,8454.3,1009.9,0,0
2024-12-02 02:00:00,0.0,8409.8,1012.8,0,0
2024-12-02 03:00:00,0.0,9406.0,1010.6,0,0
2024-12-02 04:00:00,0.0,9042.7,1008.8,0,0
2024-12-02 05:00:00,0.0,8467.3,1012.0,0,0
2024-12-02 06:00:00,0.0,8968.0,1013.6,0,0
2024-12-02 07:00:00,0.0,8919.1,1012.4,0,0
2024-12-02 08:00:00,0.0,9382.9,1011.9,0,0
2024-12-02 09:00:00,0.0,8005.3,1014.4,0,0
2024-12-02 10:00:00,0.0,9173.5,1015.9,0,0
2024-12-02 11:00:00,0.0,9211.4,1007.5,0,0
2024-12-02 12:00:00,0.0,9491.0,1012.0,0,0
2024-12-02 13:00:00,0.0,9778.5,1003.4,0,0
2024-12-02 14:00:00,0.0,8880.4,1012.4,0,0
2024-12-02 15:00:00,0.0,8685.0,1014.0,0,0
2024-12-02 16:00:00,0.0,8204.6,1016.1,0,0
2024-12-02 17:00:00,0.0,8673.7,1014.0,0,0
2024-12-02 18:00:00,0.0,8137.0,1016.0,0,0
2024-12-02 19:00:00,0.0,9605.6,1013.6,0,0
2024-12-02 20:00:00,0.0,9614.0,1009.9,0,0
2024-12-02 21:00:00,0.0,8834.5,1007.7,0,0
2024-12-02 22:00:00,5.75,2801.3,1011.9,0,0
2024-12-02 23:00:00,0.0,8236.0,1009.4,0,0
2024-12-03 00:00:00,0.0,9702.5,1012.7,0,0
2024-12-03 01:00:00,0.0,9755.0,1010.8,0,0
2024-12-03 02:00:00,0.0,8532.6,1015.3,0,0
2024-12-03 03:00:00,0.0,9243.5,1013.5,0,0
2024-12-03 04:00:00,0.0,8517.3,1015.5,0,0
2024-12-03 05:00:00,10.84,547.6,1015.5,0,0
2024-12-03 06:00:00,0.0,8042.4,1012.4,0,0
2024-12-03 07:00:00,0.0,9154.3,1012.7,0,0
2024-12-03 08:00:00,0.0,8299.9,1015.8,0,0
2024-12-03 09:00:00,0.0,8024.7,1025.5,0,0
2024-12-03 10:00:00,0.0,8209.7,1008.3,0,0
2024-12-03 11:00:00,0.0,8627.5,1013.5,0,0
2024-12-03 12:00:00,0.0,9338.3,1007.3,0,0
2024-12-03 13:00:00,1.31,8405.2,1013.1,0,0
2024-12-03 14:00:00,0.0,9775.2,1009.9,0,0
2024-12-03 15:00:00,0.0,8577.0,1012.7,0,0
2024-12-03 16:00:00,0.0,8662.5,1014.0,0,0
2024-12-03 17:00:00,0.0,8436.0,1010.8,0,0
2024-12-03 18:00:00,0.0,8507.6,1004.3,0,0
2024-12-03 19:00:00,0.0,8148.3,1020.4,0,0
2024-12-03 20:00:00,0.0,8589.5,1017.4,0,0
2024-12-03 21:00:00,0.0,9719.2,1012.6,0,0
2024-12-03 22:00:00,0.0,9376.8,1008.8,0,0
2024-12-03 23:00:00,0.0,9750.5,1013.7,0,0
2024-12-04 00:00:00,0.06,8209.7,1015.1,0,0
2024-12-04 01:00:00,0.0,8911.2,1017.1,0,0
2024-12-04 02:00:00,0.0,8458.5,1017.6,0,0
2024-12-04 03:00:00,0.0,9442.4,1018.5,0,0
2024-12-04 04:00:00,0.0,9940.5,1004.5,0,0
2024-12-04 05:00:00,0.0,9630.7,1011.7,0,0
2024-12-04 06:00:00,0.0,8070.6,1018.2,0,0
2024-12-04 07:00:00,0.0,8633.3,1008.6,0,0
2024-12-04 08:00:00,0.0,8057.2,1019.3,0,0
2024-12-04 09:00:00,0.0,8080.3,1022.3,0,0
2024-12-04 10:00:00,0.0,8159.0,1019.2,0,0
2024-12-04 11:00:00,0.0,8552.7,1016.6,0,0
2024-12-04 12:00:00,0.0,8608.4,1011.0,0,0
2024-12-04 13:00:00,0.0,8800.9,1014.7,0,0
2024-12-04 14:00:00,0.0,8809.9,1006.5,0,0
2024-12-04 15:00:00,2.87,9542.8,1009.3,0,0
2024-12-04 16:00:00,0.0,8282.8,1009.7,0,0
2024-12-04 17:00:00,0.0,8315.5,1013.6,0,0
2024-12-04 18:00:00,0.0,9253.2,1011.3,0,0
2024-12-04 19:00:00,0.0,9143.5,1014.6,0,0
2024-12-04 20:00:00,0.03,8308.0,1017.6,0,0
2024-12-04 21:00:00,0.0,9704.5,1009.7,0,0
2024-12-04 22:00:00,0.0,8658.1,1014.0,0,0
2024-12-04 23:00:00,0.0,8733.9,1011.2,0,0
2024-12-05 00:00:00,0.0,8840.9,1014.2,0,0
2024-12-05 01:00:00,1.57,8645.4,1016.7,0,0
2024-12-05 02:00:00,0.0,9114.9,1017.9,0,0
2024-12-05 03:00:00,0.0,8777.3,1016.6,0,0
2024-12-05 04:00:00,0.0,8518.9,1015.3,0,0
2024-12-05 05:00:00,0.0,9808.9,1006.1,0,0
2024-12-05 06:00:00,0.0,8616.7,1007.8,0,0
2024-12-05 07:00:00,0.0,9397.0,1009.1,0,0
2024-12-05 08:00:00,4.01,8694.5,1015.0,0,0
2024-12-05 09:00:00,0.0,8870.4,1006.8,0,0
2024-12-05 10:00:00,0.0,8471.9,1014.9,0,0
2024-12-05 11:00:00,0.22,9504.7,1014.6,0,0
2024-12-05 12:00:00,0.0,9474.4,1003.6,0,0
2024-12-05 13:00:00,0.0,8044.5,1007.8,0,0
2024-12-05 14:00:00,0.0,8120.4,1018.5,0,0
2024-12-05 15:00:00,0.0,9844.8,1016.7,0,0
2024-12-05 16:00:00,0.0,9777.7,1009.0,0,0
2024-12-05 17:00:00,0.78,9012.2,1008.1,0,0
2024-12-05 18:00:00,0.0,8986.7,1001.0,0,0
2024-12-05 19:00:00,0.0,9624.8,1020.6,0,0
2024-12-05 20:00:00,0.0,8276.9,1013.5,0,0
2024-12-05 21:00:00,0.0,9307.4,1022.7,0,0
2024-12-05 22:00:00,0.0,8952.0,1012.3,0,0
2024-12-05 23:00:00,0.0,9486.7,1014.7,0,0
2024-12-06 00:00:00,3.79,8060.2,1017.7,0,0
2024-12-06 01:00:00,0.0,9185.5,1021.4,0,0
2024-12-06 02:00:00,0.0,9113.5,1015.8,0,0
2024-12-06 03:00:00,0.0,9681.7,1013.3,0,0
2024-12-06 04:00:00,0.0,9353.7,1013.4,0,0
2024-12-06 05:00:00,0.0,9760.3,1008.0,0,0
2024-12-06 06:00:00,0.0,9774.5,1011.3,0,0
2024-12-06 07:00:00,0.0,8816.3,1013.5,0,0
2024-12-06 08:00:00,0.0,8274.9,1020.2,0,0
2024-12-06 09:00:00,0.0,9260.6,1011.1,0,0
2024-12-06 10:00:00,0.0,9747.5,1018.6,0,0
2024-12-06 11:00:00,0.0,8149.9,1012.8,0,0
2024-12-06 12:00:00,0.0,9115.8,1019.5,0,0
2024-12-06 13:00:00,0.0,8230.0,1016.6,0,0
2024-12-06 14:00:00,0.0,8054.0,1016.3,0,0
2024-12-06 15:00:00,0.0,9359.3,1018.1,0,0
2024-12-06 16:00:00,0.0,9363.7,1017.4,0,0
2024-12-06 17:00:00,0.0,9201.3,1018.6,0,0
2024-12-06 18:00:00,0.0,9718.4,1023.9,0,0
2024-12-06 19:00:00,0.0,8161.8,1021.3,0,0
2024-12-06 20:00:00,0.0,8210.5,1015.6,0,0
2024-12-06 21:00:00,0.0,9729.1,1011.0,0,0
2024-12-06 22:00:00,0.0,9006.6,1015.1,0,0
2024-12-06 23:00:00,2.28,8546.1,1003.6,0,0
2024-12-07 00:00:00,0.0,9476.3,1017.4,0,1
2024-12-07 01:00:00,0.0,9788.8,1007.9,0,1
2024-12-07 02:00:00,0.0,9379.2,1018.9,0,1
2024-12-07 03:00:00,9.81,873.8,1023.2,0,1
2024-12-07 04:00:00,0.0,8565.0,1006.0,0,1
2024-12-07 05:00:00,0.0,8577.6,1013.0,0,1
2024-12-07 06:00:00,0.0,9728.2,1007.9,0,1
2024-12-07 07:00:00,0.0,9229.7,1004.6,0,1
2024-12-07 08:00:00,0.0,8468.3,1012.7,0,1
2024-12-07 09:00:00,0.0,9048.3,1016.4,0,1
2024-12-07 10:00:00,0.0,9371.7,1017.0,0,1
2024-12-07 11:00:00,0.0,8437.1,1014.0,0,1
2024-12-07 12:00:00,0.0,9309.8,1004.9,0,1
2024-12-07 13:00:00,0.0,8084.3,1013.9,0,1
2024-12-07 14:00:00,0.0,8607.4,1005.8,0,1
2024-12-07 15:00:00,0.0,9347.9,1006.1,0,1
2024-12-07 16:00:00,0.0,8298.7,1008.3,0,1
2024-12-07 17:00:00,0.0,8444.4,1018.5,0,1
2024-12-07 18:00:00,4.71,9758.2,1016.0,0,1
2024-12-07 19:00:00,0.0,9348.6,1014.9,0,1
2024-12-07 20:00:00,0.0,8997.8,1008.9,0,1
2024-12-07 21:00:00,0.0,8421.8,1011.3,0,1
2024-12-07 22:00:00,0.0,8682.8,1006.4,0,1
2024-12-07 23:00:00,0.0,9148.7,1020.1,0,1
2024-12-08 00:00:00,0.0,8310.6,1024.2,0,1
2024-12-08 01:00:00,0.0,8963.5,1016.0,0,1
2024-12-08 02:00:00,0.0,8817.9,1016.9,0,1
2024-12-08 03:00:00,0.0,8953.4,1012.5,0,1
2024-12-08 04:00:00,0.0,8211.1,1005.2,0,1
2024-12-08 05:00:00,0.0,8213.0,1009.0,0,1
2024-12-08 06:00:00,0.0,9928.2,1010.9,0,1
2024-12-08 07:00:00,0.0,9958.7,1011.3,0,1
2024-12-08 08:00:00,0.0,8852.3,1010.2,0,1
2024-12-08 09:00:00,0.0,9578.0,1013.5,0,1
2024-12-08 10:00:00,0.0,9311.6,1009.0,0,1
2024-12-08 11:00:00,0.0,8233.8,1024.1,0,1
2024-12-08 12:00:00,0.0,8593.4,1006.4,0,1
2024-12-08 13:00:00,0.0,8627.3,1017.7,0,1
2024-12-08 14:00:00,0.0,9191.5,1011.9,0,1
2024-12-08 15:00:00,0.0,9160.0,1015.6,0,1
2024-12-08 16:00:00,0.0,9847.0,1015.8,0,1
2024-12-08 17:00:00,0.0,9580.1,1014.0,0,1
2024-12-08 18:00:00,0.0,9713.7,1007.6,0,1
2024-12-08 19:00:00,0.0,9782.5,1011.6,0,1
2024-12-08 20:00:00,0.0,9602.6,1014.1,0,1
2024-12-08 21:00:00,0.0,8665.8,1013.8,0,1
2024-12-08 22:00:00,0.0,8430.0,1008.1,0,1
2024-12-08 23:00:00,0.0,9143.5,1019.7,0,1
2024-12-09 00:00:00,0.0,9379.1,1000.8,0,0
2024-12-09 01:00:00,0.0,8773.1,1012.0,0,0
2024-12-09 02:00:00,0.0,9696.7,1008.6,0,0
2024-12-09 03:00:00,0.0,9921.1,1014.2,0,0
2024-12-09 04:00:00,0.0,9138.8,1018.3,0,0
2024-12-09 05:00:00,0.0,8913.2,1006.2,0,0
2024-12-09 06:00:00,0.0,9685.8,1025.0,0,0
2024-12-09 07:00:00,0.0,8048.5,1014.3,0,0
2024-12-09 08:00:00,0.0,8258.0,1015.2,0,0
2024-12-09 09:00:00,0.0,9691.3,1006.1,0,0
2024-12-09 10:00:00,0.0,9464.1,1013.0,0,0
2024-12-09 11:00:00,0.0,8832.3,1018.1,0,0
2024-12-09 12:00:00,0.0,9777.7,1014.3,0,0
2024-12-09 13:00:00,0.0,8702.9,1014.0,0,0
2024-12-09 14:00:00,0.0,9267.7,1013.0,0,0
2024-12-09 15:00:00,0.0,9268.7,1006.4,0,0
2024-12-09 16:00:00,0.0,8368.7,1006.3,0,0
2024-12-09 17:00:00,0.0,8569.7,1019.1,0,0
2024-12-09 18:00:00,9.22,1011.0,1017.7,0,0
2024-12-09 19:00:00,5.58,2743.6,1018.4,0,0
2024-12-09 20:00:00,0.0,8347.1,1009.1,0,0
2024-12-09 21:00:00,0.0,8959.2,1012.5,0,0
2024-12-09 22:00:00,0.0,8184.4,1019.4,0,0
2024-12-09 23:00:00,0.0,9789.3,1007.1,0,0
2024-12-10 00:00:00,0.0,8200.3,1018.9,0,0
2024-12-10 01:00:00,0.34,9233.1,1010.3,0,0
2024-12-10 02:00:00,0.0,8679.6,1009.0,0,0
2024-12-10 03:00:00,0.0,9608.5,1013.1,0,0
2024-12-10 04:00:00,0.0,9179.6,1007.7,0,0
2024-12-10 05:00:00,0.0,8776.6,1003.8,0,0
2024-12-10 06:00:00,0.0,9967.7,1013.6,0,0
2024-12-10 07:00:00,0.0,8132.5,1015.9,0,0
2024-12-10 08:00:00,0.0,9155.6,1019.3,0,0
2024-12-10 09:00:00,0.0,9979.1,1016.3,0,0
2024-12-10 10:00:00,0.0,9381.9,1023.1,0,0
2024-12-10 11:00:00,0.0,9479.5,1020.1,0,0
2024-12-10 12:00:00,0.0,8064.2,1016.9,0,0
2024-12-10 13:00:00,0.0,8042.7,1015.6,0,0
2024-12-10 14:00:00,0.0,8072.2,1019.4,0,0
2024-12-10 15:00:00,0.0,9983.4,1002.2,0,0
2024-12-10 16:00:00,0.0,9959.0,1010.8,0,0
2024-12-10 17:00:00,0.0,8669.0,1004.0,0,0
2024-12-10 18:00:00,0.0,8582.0,1016.6,0,0
2024-12-10 19:00:00,0.0,8291.9,1009.5,0,0
2024-12-10 20:00:00,0.0,8658.3,1028.3,0,0
2024-12-10 21:00:00,0.0,8740.3,1010.7,0,0
2024-12-10 22:00:00,0.0,9496.6,1013.8,0,0
2024-12-10 23:00:00,0.0,9732.6,1011.2,0,0
2024-12-11 00:00:00,0.0,9493.5,1010.8,0,0
2024-12-11 01:00:00,2.59,9293.0,1007.0,0,0
2024-12-11 02:00:00,0.0,9531.8,1006.8,0,0
2024-12-11 03:00:00,0.0,9477.0,1002.4,0,0
2024-12-11 04:00:00,0.0,8951.5,1016.0,0,0
2024-12-11 05:00:00,0.0,8671.7,1011.1,0,0
2024-12-11 06:00:00,0.0,8565.6,1022.9,0,0
2024-12-11 07:00:00,0.0,9358.7,1007.0,0,0
2024-12-11 08:00:00,0.0,9918.6,1020.6,0,0
2024-12-11 09:00:00,0.0,9162.1,1021.1,0,0
2024-12-11 10:00:00,2.98,9825.1,1019.6,0,0
2024-12-11 11:00:00,0.0,8028.5,1014.4,0,0
2024-12-11 12:00:00,0.0,9588.9,1011.6,0,0
2024-12-11 13:00:00,0.0,9707.2,1019.6,0,0
2024-12-11 14:00:00,0.0,9262.0,1009.3,0,0
2024-12-11 15:00:00,0.0,9868.1,1014.6,0,0
2024-12-11 16:00:00,0.0,9179.8,1013.0,0,0
2024-12-11 17:00:00,0.0,8481.1,1008.8,0,0
2024-12-11 18:00:00,0.0,8431.4,1014.6,0,0
2024-12-11 19:00:00,0.0,9111.7,1017.0,0,0
2024-12-11 20:00:00,0.0,9813.0,1008.6,0,0
2024-12-11 21:00:00,0.0,8144.7,1015.6,0,0
2024-12-11 22:00:00,0.0,9208.8,1002.1,0,0
2024-12-11 23:00:00,0.0,9539.6,1008.0,0,0
2024-12-12 00:00:00,0.0,8230.8,1011.0,0,0
2024-12-12 01:00:00,0.0,8233.5,1015.0,0,0
2024-12-12 02:00:00,0.0,8732.3,1017.6,0,0
2024-12-12 03:00:00,0.0,8547.8,1013.7,0,0
2024-12-12 04:00:00,0.0,8396.6,1016.1,0,0
2024-12-12 05:00:00,0.0,8397.4,1012.4,0,0
2024-12-12 06:00:00,0.0,8261.3,1015.3,0,0
2024-12-12 07:00:00,0.0,9221.7,1015.0,0,0
2024-12-12 08:00:00,0.0,9376.3,1010.7,0,0
2024-12-12 09:00:00,0.0,9405.9,1011.5,0,0
2024-12-12 10:00:00,0.0,9064.7,1016.3,0,0
2024-12-12 11:00:00,0.0,9905.8,1022.3,0,0
2024-12-12 12:00:00,0.0,9761.1,1019.3,0,0
2024-12-12 13:00:00,0.0,9915.3,1007.6,0,0
2024-12-12 14:00:00,0.0,8777.6,1007.6,0,0
2024-12-12 15:00:00,0.0,9755.6,1010.6,0,0
2024-12-12 16:00:00,0.0,9525.7,1013.7,0,0
2024-12-12 17:00:00,0.0,8679.9,1013.5,0,0
2024-12-12 18:00:00,0.0,8213.2,1019.5,0,0
2024-12-12 19:00:00,0.0,9365.2,1019.7,0,0
2024-12-12 20:00:00,0.0,8272.9,1013.3,0,0
2024-12-12 21:00:00,0.0,8587.6,1012.1,0,0
2024-12-12 22:00:00,0.0,9000.7,1015.8,0,0
2024-12-12 23:00:00,0.0,9359.8,1018.6,0,0
2024-12-13 00:00:00,0.0,9852.5,1016.0,0,0
2024-12-13 01:00:00,0.0,9186.5,1011.1,0,0
2024-12-13 02:00:00,0.0,9342.8,1010.2,0,0
2024-12-13 03:00:00,0.0,8620.0,1007.7,0,0
2024-12-13 04:00:00,0.0,9374.6,1014.2,0,0
2024-12-13 05:00:00,0.0,8875.6,1016.4,0,0
2024-12-13 06:00:00,0.0,9713.9,1016.9,0,0
2024-12-13 07:00:00,0.0,8784.9,1019.0,0,0
2024-12-13 08:00:00,4.81,8936.5,1020.7,0,0
2024-12-13 09:00:00,0.0,8865.2,1006.4,0,0
2024-12-13 10:00:00,0.0,9622.2,1015.3,0,0
2024-12-13 11:00:00,0.0,9907.4,1015.4,0,0
2024-12-13 12:00:00,0.0,8654.6,1012.9,0,0
2024-12-13 13:00:00,0.0,8950.1,1009.1,0,0
2024-12-13 14:00:00,0.0,9411.9,1020.5,0,0
2024-12-13 15:00:00,0.0,9790.8,1010.3,0,0
2024-12-13 16:00:00,0.28,8987.4,1002.3,0,0
2024-12-13 17:00:00,0.0,8217.8,1013.4,0,0
2024-12-13 18:00:00,0.0,8737.3,1012.1,0,0
2024-12-13 19:00:00,0.0,9100.7,1022.5,0,0
2024-12-13 20:00:00,0.0,8835.0,1015.7,0,0
2024-12-13 21:00:00,0.0,8373.1,1011.7,0,0
2024-12-13 22:00:00,0.0,8074.0,1012.3,0,0
2024-12-13 23:00:00,0.0,9374.8,1012.2,0,0
2024-12-14 00:00:00,0.0,9985.5,1024.3,0,1
2024-12-14 01:00:00,0.0,9838.4,1016.6,0,1
2024-12-14 02:00:00,0.0,9366.5,1006.2,0,1
2024-12-14 03:00:00,0.0,9683.1,1012.0,0,1
2024-12-14 04:00:00,0.0,8511.5,1013.1,0,1
2024-12-14 05:00:00,0.0,9244.9,1007.7,0,1
2024-12-14 06:00:00,0.0,8121.2,1004.3,0,1
2024-12-14 07:00:00,0.0,9414.4,1016.2,0,1
2024-12-14 08:00:00,0.0,9939.7,1009.2,0,1
2024-12-14 09:00:00,0.0,9721.6,1019.5,0,1
2024-12-14 10:00:00,0.0,9068.9,1013.3,0,1
2024-12-14 11:00:00,0.0,9577.5,1010.9,0,1
2024-12-14 12:00:00,0.0,9887.8,1001.2,0,1
2024-12-14 13:00:00,0.0,8432.0,1019.4,0,1
2024-12-14 14:00:00,0.0,9586.5,1014.7,0,1
2024-12-14 15:00:00,0.0,8539.7,1011.0,0,1
2024-12-14 16:00:00,0.0,9753.9,1008.8,0,1
2024-12-14 17:00:00,0.0,8196.7,1021.2,0,1
2024-12-14 18:00:00,0.0,8356.4,1007.9,0,1
2024-12-14 19:00:00,0.0,9441.2,1011.4,0,1
2024-12-14 20:00:00,0.0,8349.6,1016.1,0,1
2024-12-14 21:00:00,0.0,8316.1,1020.5,0,1
2024-12-14 22:00:00,0.0,9110.9,1012.2,0,1
2024-12-14 23:00:00,0.0,9670.0,1009.6,0,1
2024-12-15 00:00:00,0.0,8536.9,1012.7,0,1
2024-12-15 01:00:00,0.0,9682.3,1017.8,0,1
2024-12-15 02:00:00,0.0,9615.9,1018.9,0,1
2024-12-15 03:00:00,0.0,9158.2,1006.4,0,1
2024-12-15 04:00:00,0.0,9293.1,1013.8,0,1
2024-12-15 05:00:00,0.0,8080.9,1006.1,0,1
2024-12-15 06:00:00,0.0,8734.3,1017.7,0,1
2024-12-15 07:00:00,0.0,8526.8,1015.4,0,1
2024-12-15 08:00:00,0.0,8300.0,1008.6,0,1
2024-12-15 09:00:00,0.0,8779.3,1020.9,0,1
2024-12-15 10:00:00,4.62,8709.8,1014.9,0,1
2024-12-15 11:00:00,0.0,9457.8,1014.4,0,1
2024-12-15 12:00:00,0.0,9196.2,1012.4,0,1
2024-12-15 13:00:00,0.0,9826.2,1013.2,0,1
2024-12-15 14:00:00,0.0,8290.8,1011.3,0,1
2024-12-15 15:00:00,0.0,8119.5,1009.5,0,1
2024-12-15 16:00:00,20.53,975.1,1019.4,0,1
2024-12-15 17:00:00,0.0,8002.1,1010.8,0,1
2024-12-15 18:00:00,0.0,9575.4,1010.6,0,1
2024-12-15 19:00:00,0.0,9011.9,1012.6,0,1
2024-12-15 20:00:00,0.0,8976.1,1020.4,0,1
2024-12-15 21:00:00,0.0,8725.0,1018.9,0,1
2024-12-15 22:00:00,0.0,8749.9,1011.3,0,1
2024-12-15 23:00:00,1.22,8862.3,1019.4,0,1
2024-12-16 00:00:00,0.0,8032.1,1013.8,0,0
2024-12-16 01:00:00,3.52,8167.1,1009.0,0,0
2024-12-16 02:00:00,0.0,9010.1,1010.9,0,0
2024-12-16 03:00:00,0.0,8300.2,1020.1,0,0
2024-12-16 04:00:00,0.0,9557.5,1023.7,0,0
2024-12-16 05:00:00,0.0,8549.0,1014.8,0,0
2024-12-16 06:00:00,0.0,8195.8,1010.4,0,0
2024-12-16 07:00:00,0.0,8470.4,1012.6,0,0
2024-12-16 08:00:00,0.0,8714.2,1009.4,0,0
2024-12-16 09:00:00,0.0,8070.6,1010.2,0,0
2024-12-16 10:00:00,0.0,8283.4,1009.7,0,0
2024-12-16 11:00:00,0.95,8647.7,1012.9,0,0
2024-12-16 12:00:00,0.0,8621.0,1013.9,0,0
2024-12-16 13:00:00,0.0,9600.8,1012.5,0,0
2024-12-16 14:00:00,0.0,9686.5,1012.1,0,0
2024-12-16 15:00:00,0.0,8386.8,1017.1,0,0
2024-12-16 16:00:00,0.0,8247.9,1012.1,0,0
2024-12-16 17:00:00,0.0,9268.3,1012.4,0,0
2024-12-16 18:00:00,0.0,9609.2,1012.4,0,0
2024-12-16 19:00:00,0.0,9927.4,1021.0,0,0
2024-12-16 20:00:00,0.0,8013.6,1010.8,0,0
2024-12-16 21:00:00,0.0,8827.4,1016.2,0,0
2024-12-16 22:00:00,0.0,9468.0,1009.5,0,0
2024-12-16 23:00:00,0.0,9657.1,1015.0,0,0
2024-12-17 00:00:00,0.0,8124.6,1016.0,0,0
2024-12-17 01:00:00,0.0,9361.2,1018.7,0,0
2024-12-17 02:00:00,0.0,8577.9,1011.3,0,0
2024-12-17 03:00:00,16.81,2758.5,1007.7,0,0
2024-12-17 04:00:00,0.0,8978.2,1009.3,0,0
2024-12-17 05:00:00,0.0,8316.3,1018.1,0,0
2024-12-17 06:00:00,0.0,9474.0,1023.7,0,0
2024-12-17 07:00:00,0.0,9482.5,1017.4,0,0
2024-12-17 08:00:00,0.0,9684.1,1006.9,0,0
2024-12-17 09:00:00,0.0,8755.1,1017.3,0,0
2024-12-17 10:00:00,0.56,8026.6,1008.5,0,0
2024-12-17 11:00:00,0.0,8519.5,1011.5,0,0
2024-12-17 12:00:00,0.0,8935.6,1014.2,0,0
2024-12-17 13:00:00,0.0,9388.0,1015.0,0,0
2024-12-17 14:00:00,0.0,8764.1,1013.6,0,0
2024-12-17 15:00:00,0.0,9072.1,1010.2,0,0
2024-12-17 16:00:00,0.0,9048.5,1018.5,0,0
2024-12-17 17:00:00,0.0,8330.0,1010.6,0,0
2024-12-17 18:00:00,0.0,9246.1,1019.5,0,0
2024-12-17 19:00:00,0.0,8878.5,1006.5,0,0
2024-12-17 20:00:00,0.0,9615.8,1014.3,0,0
2024-12-17 21:00:00,0.0,9381.2,1007.1,0,0
2024-12-17 22:00:00,0.0,8222.9,1009.1,0,0
2024-12-17 23:00:00,0.0,8977.5,1010.7,0,0
2024-12-18 00:00:00,0.0,9405.0,1020.9,0,0
2024-12-18 01:00:00,0.0,8174.0,1019.8,0,0
2024-12-18 02:00:00,0.0,9585.0,1017.6,0,0
2024-12-18 03:00:00,0.0,8444.0,1013.4,0,0
2024-12-18 04:00:00,0.0,9006.2,1014.2,0,0
2024-12-18 05:00:00,0.0,9881.1,1019.6,0,0
2024-12-18 06:00:00,4.15,9142.7,1016.8,0,0
2024-12-18 07:00:00,0.0,8848.1,1013.3,0,0
2024-12-18 08:00:00,0.0,8013.6,1020.7,0,0
2024-12-18 09:00:00,0.0,8266.8,1017.3,0,0
2024-12-18 10:00:00,3.33,9157.3,1014.5,0,0
2024-12-18 11:00:00,0.0,8987.7,1011.0,0,0
2024-12-18 12:00:00,0.11,8727.7,1010.5,0,0
2024-12-18 13:00:00,0.0,9846.4,1011.6,0,0
2024-12-18 14:00:00,0.0,8665.0,1015.5,0,0
2024-12-18 15:00:00,0.0,9074.3,1017.4,0,0
2024-12-18 16:00:00,12.47,2898.5,1006.0,0,0
2024-12-18 17:00:00,0.0,9054.9,1003.5,0,0
2024-12-18 18:00:00,0.0,8955.2,1008.5,0,0
2024-12-18 19:00:00,0.0,8674.1,1011.2,0,0
2024-12-18 20:00:00,0.0,9817.5,1019.2,0,0
2024-12-18 21:00:00,0.0,8901.6,1011.8,0,0
2024-12-18 22:00:00,0.0,9056.9,1014.5,0,0
2024-12-18 23:00:00,0.0,9313.0,1015.3,0,0
2024-12-19 00:00:00,0.0,8135.3,1008.1,0,0
2024-12-19 01:00:00,0.0,9562.6,1020.5,0,0
2024-12-19 02:00:00,0.0,9025.0,1009.9,0,0
2024-12-19 03:00:00,0.0,9314.4,1021.0,0,0
2024-12-19 04:00:00,0.0,9544.0,1012.6,0,0
2024-12-19 05:00:00,0.0,9748.2,1011.6,0,0
2024-12-19 06:00:00,0.0,8784.4,1007.7,0,0
2024-12-19 07:00:00,10.73,2393.8,1014.2,0,0
2024-12-19 08:00:00,0.0,8517.7,1024.5,0,0
2024-12-19 09:00:00,0.0,9320.7,1015.3,0,0
2024-12-19 10:00:00,1.31,8205.4,1014.6,0,0
2024-12-19 11:00:00,0.89,8040.1,1009.9,0,0
2024-12-19 12:00:00,0.0,8191.5,1016.2,0,0
2024-12-19 13:00:00,0.0,8638.8,1014.0,0,0
2024-12-19 14:00:00,0.0,8062.2,1012.9,0,0
2024-12-19 15:00:00,0.0,9261.0,1015.7,0,0
2024-12-19 16:00:00,0.0,8633.1,1004.2,0,0
2024-12-19 17:00:00,0.0,9472.8,1012.7,0,0
2024-12-19 18:00:00,0.0,8091.8,1007.3,0,0
2024-12-19 19:00:00,0.0,8433.4,1013.4,0,0
2024-12-19 20:00:00,0.0,8816.0,1009.6,0,0
2024-12-19 21:00:00,1.43,8765.3,1010.0,0,0
2024-12-19 22:00:00,0.0,8262.0,1006.6,0,0
2024-12-19 23:00:00,5.34,1073.8,1018.8,0,0
2024-12-20 00:00:00,0.08,8568.9,1009.9,0,0
2024-12-20 01:00:00,0.0,9442.1,1010.1,0,0
2024-12-20 02:00:00,0.0,8440.1,1020.9,0,0
2024-12-20 03:00:00,0.0,9755.7,1016.1,0,0
2024-12-20 04:00:00,0.0,8775.5,1003.1,0,0
2024-12-20 05:00:00,0.0,9801.8,1020.2,0,0
2024-12-20 06:00:00,0.0,8683.7,1021.5,0,0
2024-12-20 07:00:00,1.71,8017.3,1021.0,0,0
2024-12-20 08:00:00,0.0,9034.0,1016.6,0,0
2024-12-20 09:00:00,0.0,9049.6,1007.7,0,0
2024-12-20 10:00:00,0.0,8239.7,1013.0,0,0
2024-12-20 11:00:00,0.0,8469.9,1006.0,0,0
2024-12-20 12:00:00,0.0,9567.0,1008.9,0,0
2024-12-20 13:00:00,0.0,8073.5,1007.7,0,0
2024-12-20 14:00:00,0.0,8979.1,1010.1,0,0
2024-12-20 15:00:00,0.0,9060.8,1014.1,0,0
2024-12-20 16:00:00,0.0,9377.4,1011.0,0,0
2024-12-20 17:00:00,0.0,8074.9,1010.8,0,0
2024-12-20 18:00:00,0.0,9171.3,1011.8,0,0
2024-12-20 19:00:00,0.0,8006.2,1020.7,0,0
2024-12-20 20:00:00,2.54,8530.4,1024.1,0,0
2024-12-20 21:00:00,4.8,8999.4,1011.0,0,0
2024-12-20 22:00:00,0.0,9822.6,1014.9,0,0
2024-12-20 23:00:00,0.0,8253.2,1009.0,0,0
2024-12-21 00:00:00,0.0,8338.6,1017.1,0,1
2024-12-21 01:00:00,0.0,9338.5,1010.9,0,1
2024-12-21 02:00:00,0.0,8749.7,1009.7,0,1
2024-12-21 03:00:00,0.0,9246.8,1023.3,0,1
2024-12-21 04:00:00,0.0,9994.9,1006.5,0,1
2024-12-21 05:00:00,0.0,9973.7,1001.0,0,1
2024-12-21 06:00:00,0.0,8707.4,1016.9,0,1
2024-12-21 07:00:00,0.0,9007.9,1011.4,0,1
2024-12-21 08:00:00,0.0,9809.4,1010.0,0,1
2024-12-21 09:00:00,0.0,8184.3,1026.9,0,1
2024-12-21 10:00:00,0.0,8904.6,1016.9,0,1
2024-12-21 11:00:00,0.0,8755.2,1013.0,0,1
2024-12-21 12:00:00,0.0,8589.8,1009.7,0,1
2024-12-21 13:00:00,0.0,9988.4,1015.5,0,1
2024-12-21 14:00:00,0.0,9467.1,1004.6,0,1
2024-12-21 15:00:00,0.0,8777.5,1010.7,0,1
2024-12-21 16:00:00,0.0,9658.0,1013.1,0,1
2024-12-21 17:00:00,0.0,8979.3,1014.3,0,1
2024-12-21 18:00:00,0.0,9745.6,1012.5,0,1
2024-12-21 19:00:00,0.0,8532.8,1009.8,0,1
2024-12-21 20:00:00,0.0,8447.2,1017.9,0,1
2024-12-21 21:00:00,0.0,8494.6,1005.0,0,1
2024-12-21 22:00:00,0.0,9077.0,1011.9,0,1
2024-12-21 23:00:00,0.0,8582.6,1010.7,0,1
2024-12-22 00:00:00,0.0,8294.2,1018.3,0,1
2024-12-22 01:00:00,0.0,9989.3,1011.0,0,1
2024-12-22 02:00:00,0.0,9800.9,1015.4,0,1
2024-12-22 03:00:00,0.0,9270.0,1014.9,0,1
2024-12-22 04:00:00,0.0,9783.1,1004.1,0,1
2024-12-22 05:00:00,0.0,9870.9,1012.9,0,1
2024-12-22 06:00:00,0.0,9352.2,1004.5,0,1
2024-12-22 07:00:00,0.0,9037.4,1015.0,0,1
2024-12-22 08:00:00,0.0,9764.0,1009.6,0,1
2024-12-22 09:00:00,0.0,9135.6,1019.2,0,1
2024-12-22 10:00:00,0.0,8253.6,1012.3,0,1
2024-12-22 11:00:00,0.0,8733.7,1009.4,0,1
2024-12-22 12:00:00,0.0,8891.8,1019.2,0,1
2024-12-22 13:00:00,0.0,9870.7,1008.9,0,1
2024-12-22 14:00:00,0.0,9318.4,1017.7,0,1
2024-12-22 15:00:00,0.0,9750.6,1015.6,0,1
2024-12-22 16:00:00,0.0,9515.2,1011.4,0,1
2024-12-22 17:00:00,0.0,8619.7,1006.6,0,1
2024-12-22 18:00:00,0.0,9437.4,1019.5,0,1
2024-12-22 19:00:00,0.0,8390.6,1015.8,0,1
2024-12-22 20:00:00,0.0,8816.3,1009.4,0,1
2024-12-22 21:00:00,0.0,9612.2,1014.5,0,1
2024-12-22 22:00:00,0.0,9223.9,1018.3,0,1
2024-12-22 23:00:00,0.0,9650.8,1013.8,0,1
2024-12-23 00:00:00,0.0,8509.4,1014.4,0,0
2024-12-23 01:00:00,0.0,9499.5,1018.4,0,0
2024-12-23 02:00:00,0.0,8404.6,1020.9,0,0
2024-12-23 03:00:00,0.0,9090.6,1012.7,0,0
2024-12-23 04:00:00,0.0,8867.1,1006.6,0,0
2024-12-23 05:00:00,0.0,9113.0,1006.7,0,0
2024-12-23 06:00:00,0.0,8271.1,1009.8,0,0
2024-12-23 07:00:00,0.0,8722.5,1008.6,0,0
2024-12-23 08:00:00,0.0,9333.8,1004.8,0,0
2024-12-23 09:00:00,0.0,9117.1,1022.5,0,0
2024-12-23 10:00:00,0.0,9097.9,1015.9,0,0
2024-12-23 11:00:00,0.0,9021.7,1010.6,0,0
2024-12-23 12:00:00,0.0,9887.8,1013.1,0,0
2024-12-23 13:00:00,0.0,9869.1,1004.3,0,0
2024-12-23 14:00:00,0.0,8720.3,1019.0,0,0
2024-12-23 15:00:00,0.0,8703.8,1003.5,0,0
2024-12-23 16:00:00,0.0,9109.8,1015.8,0,0
2024-12-23 17:00:00,0.0,8191.2,1004.1,0,0
2024-12-23 18:00:00,0.0,8606.0,1011.2,0,0
2024-12-23 19:00:00,0.0,8461.7,1019.5,0,0
2024-12-23 20:00:00,0.0,8446.8,1005.1,0,0
2024-12-23 21:00:00,0.0,9277.0,1012.5,0,0
2024-12-23 22:00:00,0.0,8768.7,1016.4,0,0
2024-12-23 23:00:00,0.0,8342.3,1015.6,0,0
2024-12-24 00:00:00,0.0,9775.1,1013.6,0,0
2024-12-24 01:00:00,0.0,9748.3,1015.7,0,0
2024-12-24 02:00:00,0.0,9724.9,1010.2,0,0
2024-12-24 03:00:00,0.0,8781.5,1022.9,0,0
2024-12-24 04:00:00,0.0,8114.0,1005.2,0,0
2024-12-24 05:00:00,0.0,8213.5,1019.1,0,0
2024-12-24 06:00:00,0.0,8552.1,1014.2,0,0
2024-12-24 07:00:00,0.0,8439.9,1016.3,0,0
2024-12-24 08:00:00,0.0,9748.0,1017.2,0,0
2024-12-24 09:00:00,0.0,9972.7,1016.0,0,0
2024-12-24 10:00:00,0.0,9633.3,1009.2,0,0
2024-12-24 11:00:00,0.0,9459.7,1011.8,0,0
2024-12-24 12:00:00,0.0,9177.2,1006.0,0,0
2024-12-24 13:00:00,0.0,9539.8,1011.8,0,0
2024-12-24 14:00:00,0.0,9894.1,1014.9,0,0
2024-12-24 15:00:00,0.0,9202.7,1016.3,0,0
2024-12-24 16:00:00,0.0,8309.2,1015.2,0,0
2024-12-24 17:00:00,0.0,8327.7,1004.5,0,0
2024-12-24 18:00:00,0.0,9167.7,1010.4,0,0
2024-12-24 19:00:00,0.0,8666.9,1009.9,0,0
2024-12-24 20:00:00,0.03,9820.5,1006.7,0,0
2024-12-24 21:00:00,0.0,9223.3,1009.1,0,0
2024-12-24 22:00:00,0.0,9353.0,1013.3,0,0
2024-12-24 23:00:00,5.91,1752.8,1020.3,0,0
2024-12-25 00:00:00,1.56,8997.7,1008.5,1,0
2024-12-25 01:00:00,0.0,8862.3,1007.6,1,0
2024-12-25 02:00:00,0.0,9411.7,1010.3,1,0
2024-12-25 03:00:00,0.0,8765.3,1014.9,1,0
2024-12-25 04:00:00,4.47,9953.2,1019.4,1,0
2024-12-25 05:00:00,0.0,9340.4,1012.8,1,0
2024-12-25 06:00:00,0.0,9319.8,1006.0,1,0
2024-12-25 07:00:00,0.0,9838.7,1007.1,1,0
2024-12-25 08:00:00,0.0,9990.4,1014.2,1,0
2024-12-25 09:00:00,0.0,8395.6,1018.2,1,0
2024-12-25 10:00:00,0.0,9621.1,1022.3,1,0
2024-12-25 11:00:00,0.0,8324.6,1007.3,1,0
2024-12-25 12:00:00,0.0,8914.1,1013.9,1,0
2024-12-25 13:00:00,0.0,8200.4,1008.1,1,0
2024-12-25 14:00:00,0.0,9246.7,1008.8,1,0
2024-12-25 15:00:00,0.0,8937.0,1008.3,1,0
2024-12-25 16:00:00,0.0,9257.4,1011.6,1,0
2024-12-25 17:00:00,0.0,9355.9,1008.8,1,0
2024-12-25 18:00:00,0.0,9238.9,1025.6,1,0
2024-12-25 19:00:00,0.0,8588.1,1011.0,1,0
2024-12-25 20:00:00,0.0,9673.9,1018.2,1,0
2024-12-25 21:00:00,0.0,9103.4,1010.0,1,0
2024-12-25 22:00:00,0.0,8979.7,1024.4,1,0
2024-12-25 23:00:00,0.0,9974.1,1014.9,1,0
2024-12-26 00:00:00,0.0,8567.0,1017.4,0,0
2024-12-26 01:00:00,0.0,9056.1,1010.3,0,0
2024-12-26 02:00:00,0.0,9364.6,1018.1,0,0
2024-12-26 03:00:00,0.0,8250.5,1014.9,0,0
2024-12-26 04:00:00,0.0,8708.5,1011.4,0,0
2024-12-26 05:00:00,0.0,9603.4,1007.9,0,0
2024-12-26 06:00:00,0.0,8473.5,1012.1,0,0
2024-12-26 07:00:00,0.0,8986.6,1011.6,0,0
2024-12-26 08:00:00,0.0,9261.3,1017.6,0,0
2024-12-26 09:00:00,0.0,9342.3,1012.1,0,0
2024-12-26 10:00:00,0.0,9456.6,1003.6,0,0
2024-12-26 11:00:00,0.0,9732.0,1016.5,0,0
2024-12-26 12:00:00,0.0,8785.7,1019.7,0,0
2024-12-26 13:00:00,0.0,9413.3,1004.9,0,0
2024-12-26 14:00:00,0.0,9464.3,1022.3,0,0
2024-12-26 15:00:00,0.0,8600.5,1020.2,0,0
2024-12-26 16:00:00,0.0,9936.3,1010.1,0,0
2024-12-26 17:00:00,0.0,9730.4,1007.7,0,0
2024-12-26 18:00:00,0.0,8579.7,1018.5,0,0
2024-12-26 19:00:00,0.0,9350.1,1006.4,0,0
2024-12-26 20:00:00,0.0,9435.6,1009.9,0,0
2024-12-26 21:00:00,0.0,8863.0,1006.7,0,0
2024-12-26 22:00:00,0.0,9727.5,1013.3,0,0
2024-12-26 23:00:00,0.0,9380.5,1020.6,0,0
2024-12-27 00:00:00,0.0,9316.3,1015.1,0,0
2024-12-27 01:00:00,0.0,8441.7,1018.3,0,0
2024-12-27 02:00:00,0.0,8815.7,1011.5,0,0
2024-12-27 03:00:00,0.0,8867.8,1013.7,0,0
2024-12-27 04:00:00,0.0,9467.3,1007.1,0,0
2024-12-27 05:00:00,0.0,9236.8,1012.8,0,0
2024-12-27 06:00:00,9.0,2107.4,1009.5,0,0
2024-12-27 07:00:00,0.0,8615.4,1012.4,0,0
2024-12-27 08:00:00,0.0,8946.1,1012.1,0,0
2024-12-27 09:00:00,0.0,9473.5,1011.7,0,0
2024-12-27 10:00:00,0.0,9487.1,1023.8,0,0
2024-12-27 11:00:00,0.0,8981.1,1022.1,0,0
2024-12-27 12:00:00,0.0,8233.9,1020.3,0,0
2024-12-27 13:00:00,0.0,8585.8,1022.2,0,0
2024-12-27 14:00:00,0.0,8509.4,1020.3,0,0
2024-12-27 15:00:00,0.0,9562.1,1013.1,0,0
2024-12-27 16:00:00,0.0,8360.0,1012.6,0,0
2024-12-27 17:00:00,0.0,8929.8,1014.4,0,0
2024-12-27 18:00:00,0.0,9341.4,1012.2,0,0
2024-12-27 19:00:00,0.0,9929.6,1008.0,0,0
2024-12-27 20:00:00,0.0,9998.5,1014.7,0,0
2024-12-27 21:00:00,0.0,9905.8,1005.4,0,0
2024-12-27 22:00:00,0.0,9436.5,1013.9,0,0
2024-12-27 23:00:00,0.0,9492.9,1008.3,0,0
2024-12-28 00:00:00,0.0,9518.4,1012.8,0,1
2024-12-28 01:00:00,0.0,9725.2,1014.2,0,1
2024-12-28 02:00:00,0.0,9903.6,1011.5,0,1
2024-12-28 03:00:00,0.0,8891.4,1005.0,0,1
2024-12-28 04:00:00,0.0,8833.0,1007.3,0,1
2024-12-28 05:00:00,0.0,8920.9,1015.5,0,1
2024-12-28 06:00:00,0.0,9319.6,1010.5,0,1
2024-12-28 07:00:00,0.0,9550.9,1016.1,0,1
2024-12-28 08:00:00,10.26,1393.3,1013.3,0,1
2024-12-28 09:00:00,0.0,8912.4,1012.3,0,1
2024-12-28 10:00:00,0.0,8726.7,1015.0,0,1
2024-12-28 11:00:00,0.0,9966.7,1009.9,0,1
2024-12-28 12:00:00,0.55,8463.8,1015.3,0,1
2024-12-28 13:00:00,0.0,8444.0,1011.2,0,1
2024-12-28 14:00:00,0.0,9430.8,1025.9,0,1
2024-12-28 15:00:00,0.0,8359.3,1007.6,0,1
2024-12-28 16:00:00,0.0,8798.8,1011.5,0,1
2024-12-28 17:00:00,0.0,8584.8,1011.7,0,1
2024-12-28 18:00:00,0.0,8337.4,1006.5,0,1
2024-12-28 19:00:00,0.0,9159.4,1016.9,0,1
2024-12-28 20:00:00,0.0,8747.0,1011.1,0,1
2024-12-28 21:00:00,0.0,8924.5,1001.4,0,1
2024-12-28 22:00:00,0.0,8391.7,1016.7,0,1
2024-12-28 23:00:00,0.0,9535.7,1010.1,0,1
2024-12-29 00:00:00,0.0,8629.4,1012.7,0,1
2024-12-29 01:00:00,0.0,8685.4,1016.6,0,1
2024-12-29 02:00:00,0.0,8504.3,1011.4,0,1
2024-12-29 03:00:00,0.0,8868.8,1011.4,0,1
2024-12-29 04:00:00,0.0,8927.2,1025.6,0,1
2024-12-29 05:00:00,0.0,9059.3,1002.5,0,1
2024-12-29 06:00:00,0.0,9935.1,1006.8,0,1
2024-12-29 07:00:00,0.0,9809.4,1007.8,0,1
2024-12-29 08:00:00,0.0,9218.8,1022.2,0,1
2024-12-29 09:00:00,0.0,8077.8,1010.0,0,1
2024-12-29 10:00:00,0.0,9224.5,1014.5,0,1
2024-12-29 11:00:00,0.0,8179.3,1010.9,0,1
2024-12-29 12:00:00,0.0,9420.7,1016.3,0,1
2024-12-29 13:00:00,0.0,8780.2,1013.2,0,1
2024-12-29 14:00:00,0.0,9675.4,1014.5,0,1
2024-12-29 15:00:00,0.0,9885.1,1019.7,0,1
2024-12-29 16:00:00,0.0,8834.2,1015.5,0,1
2024-12-29 17:00:00,0.0,8921.1,1009.6,0,1
2024-12-29 18:00:00,0.0,9180.3,1014.8,0,1
2024-12-29 19:00:00,0.0,8394.3,1025.3,0,1
2024-12-29 20:00:00,0.0,9854.7,1016.1,0,1
2024-12-29 21:00:00,0.0,8866.0,1014.0,0,1
2024-12-29 22:00:00,0.0,8333.6,1006.4,0,1
2024-12-29 23:00:00,2.53,9525.5,1016.9,0,1
2024-12-30 00:00:00,0.0,8438.3,1017.6,0,0
2024-12-30 01:00:00,0.0,8287.1,1014.8,0,0
2024-12-30 02:00:00,0.0,9125.7,1013.8,0,0
2024-12-30 03:00:00,0.0,9343.0,1027.4,0,0
2024-12-30 04:00:00,0.0,9139.1,1017.5,0,0
2024-12-30 05:00:00,0.0,9313.0,1019.5,0,0
2024-12-30 06:00:00,0.0,8231.0,1013.6,0,0
2024-12-30 07:00:00,0.0,8952.0,1012.6,0,0
2024-12-30 08:00:00,0.0,8714.0,1016.4,0,0
2024-12-30 09:00:00,0.0,9946.7,1012.6,0,0
2024-12-30 10:00:00,0.0,8099.2,1013.0,0,0
2024-12-30 11:00:00,0.0,8596.6,1015.6,0,0
2024-12-30 12:00:00,0.0,9883.7,1010.7,0,0
2024-12-30 13:00:00,0.0,9967.0,1014.4,0,0
2024-12-30 14:00:00,0.0,9649.8,1013.7,0,0
2024-12-30 15:00:00,0.0,8152.0,1018.1,0,0
2024-12-30 16:00:00,0.0,9122.7,1010.2,0,0
2024-12-30 17:00:00,0.0,8800.2,1003.3,0,0
2024-12-30 18:00:00,3.88,9612.9,1011.7,0,0
2024-12-30 19:00:00,0.0,8110.0,1015.2,0,0
2024-12-30 20:00:00,0.0,8394.3,1018.1,0,0
2024-12-30 21:00:00,0.0,8978.4,1009.8,0,0
2024-12-30 22:00:00,0.0,8315.3,1016.0,0,0
2024-12-30 23:00:00,0.0,9385.4,1018.9,0,0
