tpep_pickup_datetime,PULocationID,DOLocationID,trip_distance,passenger_count,fare_amount,congestion_surcharge
2024-04-26 16:25:10,259,209,4.64,1,16.29,0.0
2024-04-26 19:11:24,64,51,4.18,1,17.07,2.75
2024-04-28 06:32:10,42,145,1.3,1,7.09,2.75
2024-04-20 14:12:23,43,44,4.62,1,17.89,0.0
2024-04-02 06:37:48,125,107,1.7,1,3.06,0.0
2024-04-09 11:23:00,233,150,1.29,1,7.23,2.75
2024-04-26 20:41:29,132,94,5.31,1,20.13,2.75
2024-04-19 04:06:46,2,110,2.08,1,12.15,2.75
2024-04-24 04:27:54,115,18,3.45,1,9.97,2.75
2024-04-14 03:34:34,1,238,1.28,1,9.62,2.75
2024-04-27 07:12:35,65,239,3.83,1,13.33,0.0
2024-04-15 08:25:11,125,212,1.32,1,6.84,2.75
2024-04-04 05:16:07,256,231,1.14,1,7.81,2.75
2024-04-25 17:57:22,143,81,2.21,2,10.98,0.0
2024-04-04 19:29:25,246,255,5.96,1,16.93,0.0
2024-04-10 02:40:01,116,232,1.18,1,6.27,0.0
2024-04-16 20:40:55,90,209,0.94,1,3.2,2.75
2024-04-21 10:48:11,42,21,0.61,1,4.44,2.75
2024-04-04 18:51:09,35,238,2.38,2,8.42,2.75
2024-04-22 03:06:13,41,261,1.66,4,4.16,2.75
2024-04-10 03:55:43,124,150,1.71,1,5.6,2.75
2024-04-02 04:42:35,57,152,14.55,2,47.27,2.75
2024-04-15 14:45:52,235,61,1.26,2,6.97,2.75
2024-04-27 09:52:11,96,136,2.65,2,8.25,2.75
2024-04-17 03:47:05,132,12,15.53,1,47.94,0.0
2024-04-18 00:28:05,176,14,0.61,1,4.83,0.0
2024-04-12 10:50:36,52,30,4.68,1,17.12,2.75
2024-04-16 03:09:31,38,220,2.12,4,10.21,0.0
2024-04-30 21:36:24,5,238,8.78,2,29.3,0.0
2024-04-11 14:44:00,213,27,9.0,1,30.68,0.0
2024-04-18 22:12:42,120,257,2.21,3,9.0,0.0
2024-04-27 02:04:42,209,142,1.38,4,7.64,2.75
2024-04-23 05:11:26,217,250,2.46,1,13.09,2.75
2024-04-08 13:53:31,24,74,12.26,1,42.42,0.0
2024-04-07 02:23:55,205,199,1.66,5,7.55,0.0
2024-04-08 12:02:23,226,14,14.43,1,43.45,0.0
2024-04-18 08:55:42,218,100,6.49,1,24.66,2.75
2024-04-01 18:15:25,211,91,1.59,1,3.0,2.75
2024-04-01 23:30:54,26,191,5.98,1,21.48,2.75
2024-04-12 00:47:57,252,106,0.68,1,5.51,0.0
2024-04-23 14:52:34,3,7,3.28,2,12.44,2.75
2024-04-28 23:09:42,2,81,2.05,1,9.44,2.75
2024-04-28 10:31:30,92,253,2.45,1,7.21,2.75
2024-04-29 02:33:08,2,140,2.74,2,8.62,2.75
2024-04-07 02:42:58,150,7,2.95,1,8.79,2.75
2024-04-30 22:30:44,71,152,4.24,5,12.91,2.75
2024-04-16 02:36:56,4,126,4.68,1,15.13,2.75
2024-04-30 18:00:06,38,74,13.51,2,42.68,2.75
2024-04-29 07:36:49,70,45,5.54,1,21.12,2.75
2024-04-17 23:08:09,201,17,4.57,1,20.12,2.75
2024-04-01 18:55:48,252,233,2.24,2,7.56,2.75
2024-04-22 03:07:45,154,164,0.94,1,5.17,0.0
2024-04-03 23:15:08,133,63,0.71,1,4.83,2.75
2024-04-10 07:13:11,74,93,2.77,1,9.03,0.0
2024-04-11 09:09:02,185,92,4.36,1,14.65,0.0
2024-04-26 12:08:02,5,42,4.18,1,18.42,0.0
2024-04-07 23:52:45,86,241,11.19,5,38.46,2.75
2024-04-22 15:42:08,214,255,2.19,1,11.71,2.75
2024-04-30 14:24:49,15,71,3.96,2,15.49,0.0
2024-04-21 12:36:55,51,216,8.16,1,28.68,2.75
2024-04-24 18:59:15,253,56,2.31,5,10.16,2.75
2024-04-10 07:51:29,45,79,2.77,1,14.01,2.75
2024-04-18 10:59:09,191,121,9.47,1,25.07,2.75
2024-04-27 16:23:33,122,202,3.3,1,10.21,2.75
2024-04-16 18:48:35,187,257,6.13,2,17.93,2.75
2024-04-15 03:00:05,214,130,10.1,1,31.44,2.75
2024-04-04 03:30:36,149,42,3.46,2,12.99,2.75
2024-04-25 06:05:05,170,74,0.9,2,4.91,0.0
2024-04-27 14:43:55,209,234,6.54,1,20.41,2.75
2024-04-03 06:39:29,82,9,6.46,2,22.22,2.75
2024-04-15 17:15:41,196,31,0.93,1,5.98,2.75
2024-04-13 02:46:37,246,96,3.28,1,13.4,2.75
2024-04-19 08:06:38,40,258,2.84,1,12.54,0.0
2024-04-30 22:03:51,168,229,7.07,2,22.46,2.75
2024-04-07 12:51:25,43,245,1.62,1,9.36,0.0
2024-04-17 05:28:27,211,198,2.44,1,9.68,2.75
2024-04-16 04:22:16,179,232,3.75,1,15.26,2.75
2024-04-12 15:48:13,23,51,3.05,3,10.39,2.75
2024-04-07 17:04:39,95,217,11.36,1,40.01,2.75
2024-04-01 06:27:27,160,174,11.82,1,38.97,0.0
2024-04-13 10:01:16,244,75,0.8,1,5.13,0.0
2024-04-16 07:28:25,17,99,1.74,1,5.29,2.75
2024-04-21 11:00:40,112,1,0.53,1,6.26,2.75
2024-04-30 06:37:47,103,124,2.39,1,7.5,2.75
2024-04-15 20:59:20,86,117,4.3,1,19.83,2.75
2024-04-19 15:28:28,35,195,2.73,1,12.16,2.75
2024-04-22 19:57:02,30,233,0.74,1,3.0,2.75
2024-04-12 07:52:12,192,129,1.26,3,6.71,0.0
2024-04-17 11:57:52,179,63,1.17,1,9.94,2.75
2024-04-01 13:36:24,104,236,3.0,1,11.47,2.75
2024-04-28 18:41:10,165,230,4.46,1,15.16,2.75
2024-04-28 08:04:24,122,190,1.83,5,8.61,2.75
2024-04-18 09:53:04,134,189,0.99,2,3.96,2.75
2024-04-24 12:54:03,224,168,6.11,1,23.5,0.0
2024-04-26 19:41:59,25,95,7.34,1,22.81,0.0
2024-04-21 06:42:06,13,157,1.63,1,8.25,2.75
2024-04-02 13:52:10,230,139,2.41,2,12.23,2.75
2024-04-30 20:05:06,102,191,0.8,1,5.01,0.0
2024-04-21 02:31:35,203,56,1.4,1,9.28,2.75
2024-04-25 10:25:38,222,7,5.6,1,18.92,2.75
2024-04-07 18:49:06,104,51,2.09,1,6.52,0.0
2024-04-25 10:03:38,111,39,3.75,1,15.23,2.75
2024-04-26 19:56:25,69,72,10.73,3,35.36,2.75
2024-04-04 08:16:38,258,256,5.0,1,15.58,0.0
2024-04-22 08:03:20,168,91,2.61,2,10.16,2.75
2024-04-13 11:45:11,49,149,2.1,1,6.85,0.0
2024-04-12 12:41:47,250,30,1.24,3,6.21,2.75
2024-04-05 01:34:39,75,123,5.44,1,23.38,0.0
2024-04-22 15:30:30,201,237,0.92,1,7.18,2.75
2024-04-06 15:59:30,34,125,0.72,1,5.91,2.75
2024-04-24 17:38:51,111,134,0.89,1,5.51,2.75
2024-04-16 07:08:05,237,6,1.47,1,9.01,0.0
2024-04-25 13:21:30,32,197,3.95,2,14.51,2.75
2024-04-27 14:33:36,209,190,7.41,1,21.14,2.75
2024-04-06 16:27:14,132,236,17.68,1,52.86,2.75
2024-04-23 13:11:00,106,79,5.1,2,16.7,2.75
2024-04-02 14:39:42,33,35,1.05,2,4.81,0.0
2024-04-18 14:31:41,43,72,1.64,1,7.47,2.75
2024-04-14 23:15:14,107,43,1.0,5,7.87,2.75
2024-04-03 03:07:44,226,133,0.93,1,6.07,0.0
2024-04-03 11:27:00,179,106,3.44,1,13.18,0.0
2024-04-23 20:03:10,222,159,8.8,1,26.69,2.75
2024-04-11 09:17:01,125,8,4.54,1,15.81,2.75
2024-04-20 14:41:30,167,262,6.14,1,19.68,2.75
2024-04-14 12:22:32,151,80,2.98,2,9.39,0.0
2024-04-27 19:22:01,41,44,2.76,1,4.64,2.75
2024-04-02 10:00:09,35,177,10.2,1,30.73,2.75
2024-04-24 08:11:56,231,64,4.98,2,20.93,2.75
2024-04-28 04:59:30,215,113,2.65,3,12.78,0.0
2024-04-09 21:46:38,101,208,1.92,1,6.55,2.75
2024-04-13 17:09:51,57,226,0.84,2,4.05,2.75
2024-04-11 02:52:51,215,3,6.52,5,27.09,2.75
2024-04-17 21:32:13,156,33,1.15,1,10.71,2.75
2024-04-14 08:40:54,64,214,3.03,1,12.02,0.0
2024-04-12 06:25:48,62,30,4.05,1,16.15,0.0
2024-04-15 01:04:35,62,25,5.27,1,18.91,0.0
2024-04-24 09:38:20,94,28,0.8,1,4.27,0.0
2024-04-12 13:33:58,26,97,0.54,3,4.67,2.75
2024-04-23 07:40:34,121,87,4.78,1,18.1,0.0
2024-04-05 09:33:09,50,26,2.62,1,12.47,0.0
2024-04-30 01:57:47,252,120,1.2,1,6.76,2.75
2024-04-01 12:06:25,36,201,14.57,3,46.84,2.75
2024-04-17 10:25:45,100,15,5.98,1,17.91,2.75
2024-04-26 00:19:56,136,254,3.52,1,11.41,2.75
2024-04-30 09:24:08,194,111,4.74,4,13.1,0.0
2024-04-02 06:25:56,221,8,1.09,1,6.72,2.75
2024-04-19 05:39:17,55,128,11.97,1,37.27,2.75
2024-04-24 20:31:23,110,186,20.16,1,62.58,2.75
2024-04-03 07:37:15,149,14,4.16,1,15.15,2.75
2024-04-25 13:44:51,162,230,4.36,2,16.18,0.0
2024-04-24 06:03:41,187,91,4.77,1,13.0,2.75
2024-04-14 21:44:42,129,4,4.34,1,16.29,2.75
2024-04-07 06:38:55,108,152,2.52,1,9.27,2.75
2024-04-01 21:02:46,68,219,3.22,1,13.92,2.75
2024-04-30 00:07:55,66,76,1.66,4,6.84,2.75
2024-04-29 18:06:53,144,216,2.57,1,8.99,0.0
2024-04-20 16:34:00,53,159,2.51,2,12.31,0.0
2024-04-12 09:25:46,128,251,1.69,1,5.64,2.75
2024-04-18 09:32:45,207,67,5.91,1,19.2,2.75
2024-04-26 20:50:00,216,222,2.34,1,7.67,2.75
2024-04-02 11:32:28,68,192,3.31,5,11.49,0.0
2024-04-19 20:11:20,62,219,1.09,1,9.13,2.75
2024-04-05 15:51:30,210,17,2.76,1,8.36,2.75
2024-04-06 18:37:26,52,107,5.52,1,18.55,2.75
2024-04-30 11:53:41,116,227,2.56,1,11.75,2.75
2024-04-01 06:05:59,65,81,3.36,1,12.13,2.75
2024-04-21 19:39:52,130,166,4.73,1,17.47,0.0
2024-04-23 14:48:29,177,234,2.22,1,8.09,2.75
2024-04-22 06:45:56,163,162,2.03,1,8.38,2.75
2024-04-03 15:29:36,152,175,0.81,2,4.42,2.75
2024-04-27 04:36:30,236,160,3.56,1,12.81,2.75
2024-04-17 00:30:50,158,185,4.8,1,19.25,2.75
2024-04-01 16:58:07,106,174,3.55,1,11.94,2.75
2024-04-12 17:29:03,255,238,1.67,1,8.13,2.75
2024-04-25 02:24:23,113,163,1.56,1,9.1,2.75
2024-04-26 15:26:43,30,238,1.11,3,6.93,0.0
2024-04-18 07:36:16,12,106,0.67,1,3.97,2.75
2024-04-22 19:53:33,177,118,2.45,1,12.55,0.0
2024-04-06 02:09:52,46,232,1.11,4,6.15,2.75
2024-04-01 10:55:53,171,76,4.61,1,18.07,2.75
2024-04-27 12:10:27,130,5,11.92,1,37.2,0.0
2024-04-01 18:08:38,245,218,0.77,1,5.98,2.75
2024-04-09 20:35:13,203,236,8.32,4,28.81,2.75
2024-04-18 17:21:06,226,32,4.25,1,13.72,2.75
2024-04-05 19:48:00,80,177,7.39,1,27.39,2.75
2024-04-09 22:05:46,35,119,1.09,1,8.03,2.75
2024-04-10 09:52:48,52,190,8.79,4,27.79,0.0
2024-04-03 14:34:41,161,102,11.58,1,34.41,2.75
2024-04-17 05:06:44,84,79,8.8,1,28.55,2.75
2024-04-18 03:13:35,26,139,5.89,1,19.97,2.75
2024-04-04 02:52:16,225,226,0.83,1,3.79,2.75
2024-04-28 22:49:36,154,224,1.37,1,5.67,2.75
2024-04-16 02:46:42,95,60,9.05,1,31.31,0.0
2024-04-03 01:23:09,225,48,1.41,4,9.93,0.0
2024-04-19 01:48:49,41,81,2.0,1,10.06,2.75
2024-04-10 16:34:51,133,8,0.68,4,7.04,2.75
2024-04-26 17:26:49,66,249,3.96,1,14.39,2.75
2024-04-15 20:35:43,210,244,3.4,1,9.63,2.75
2024-04-08 21:21:09,153,165,11.92,1,37.16,2.75
2024-04-13 22:50:43,172,187,8.3,1,25.95,2.75
2024-04-26 13:01:43,59,249,2.97,2,13.38,2.75
2024-04-17 13:07:06,184,127,3.79,1,9.67,2.75
2024-04-21 03:38:13,180,88,2.37,2,9.92,2.75
2024-04-30 14:37:11,12,45,1.0,1,5.19,2.75
2024-04-29 12:53:24,68,246,7.58,1,25.96,0.0
2024-04-24 08:36:03,202,218,3.29,1,10.46,2.75
2024-04-02 05:28:01,6,15,2.44,1,12.15,2.75
2024-04-20 05:38:29,15,256,0.75,1,5.1,0.0
2024-04-02 06:34:38,42,177,4.33,2,13.24,2.75
2024-04-23 04:07:11,31,215,2.29,2,7.41,0.0
2024-04-25 12:50:23,181,25,1.52,2,6.2,2.75
2024-04-17 23:29:36,262,117,7.83,1,27.06,2.75
2024-04-17 06:01:44,21,80,1.21,1,4.61,2.75
2024-04-24 05:49:47,182,175,3.03,1,12.8,2.75
2024-04-20 04:51:06,184,232,6.06,4,20.59,2.75
2024-04-25 20:53:35,244,40,7.12,4,26.83,2.75
2024-04-04 14:39:15,149,171,6.48,1,20.77,0.0
2024-04-26 13:48:19,256,117,8.44,4,27.71,2.75
2024-04-11 12:58:01,100,184,1.04,3,7.38,0.0
2024-04-19 14:33:38,55,81,10.37,1,31.93,0.0
2024-04-02 15:34:43,186,71,0.54,1,3.0,2.75
2024-04-24 12:49:10,86,140,1.53,1,4.77,2.75
2024-04-27 18:13:07,174,193,0.81,2,6.1,2.75
2024-04-05 15:38:16,22,171,10.69,1,31.68,0.0
2024-04-26 06:07:28,244,101,2.43,1,10.36,2.75
2024-04-06 12:31:35,60,70,1.83,1,6.59,2.75
2024-04-01 19:48:15,104,174,1.14,1,4.53,2.75
2024-04-09 14:39:34,139,189,1.09,1,3.0,2.75
2024-04-11 06:25:21,159,215,3.83,4,13.79,0.0
2024-04-13 05:32:11,232,25,0.67,1,3.02,2.75
2024-04-10 13:23:36,77,89,3.66,2,13.05,2.75
2024-04-05 08:05:05,18,131,5.72,1,19.25,0.0
2024-04-22 11:48:46,22,196,3.72,2,17.12,2.75
2024-04-20 04:47:25,184,225,6.63,1,20.56,2.75
2024-04-24 10:59:53,145,149,1.58,5,8.25,2.75
2024-04-07 10:03:14,38,71,0.78,1,4.15,2.75
2024-04-02 17:01:58,143,129,4.97,1,18.58,0.0
2024-04-08 11:14:23,13,87,6.66,3,22.11,2.75
2024-04-26 12:24:24,186,18,2.94,1,14.87,2.75
2024-04-02 16:57:23,97,43,6.51,1,21.91,2.75
2024-04-18 13:59:23,1,76,2.64,1,10.62,2.75
2024-04-05 07:46:56,27,41,1.27,1,8.69,2.75
2024-04-08 22:49:36,36,259,2.75,2,10.03,2.75
2024-04-17 08:54:07,160,24,1.35,1,8.61,0.0
2024-04-29 14:43:09,31,109,2.74,2,13.11,2.75
2024-04-02 08:43:16,127,27,1.06,5,4.57,2.75
2024-04-15 08:44:42,262,126,1.22,5,7.77,2.75
2024-04-12 11:03:18,210,170,8.01,1,24.61,2.75
2024-04-09 01:59:36,150,47,0.93,1,5.71,0.0
2024-04-28 09:24:56,31,181,1.39,1,5.36,2.75
2024-04-29 16:05:54,100,73,19.43,2,60.65,0.0
2024-04-09 01:53:22,219,122,3.5,1,14.37,2.75
2024-04-19 09:06:55,253,186,3.59,1,15.52,0.0
2024-04-19 06:39:19,171,82,7.02,1,18.89,2.75
2024-04-11 12:01:57,257,30,3.1,3,10.06,0.0
2024-04-29 18:22:47,57,121,1.38,1,9.35,2.75
2024-04-04 17:13:04,9,106,2.42,1,9.76,2.75
2024-04-22 09:06:31,5,130,5.42,1,18.7,0.0
2024-04-18 00:38:11,114,205,7.71,1,27.62,2.75
2024-04-08 17:37:14,173,53,1.62,1,3.0,0.0
2024-04-05 09:08:00,220,189,1.56,1,5.19,2.75
2024-04-25 15:37:43,205,215,1.89,1,10.15,2.75
2024-04-10 03:59:31,24,31,3.67,4,10.15,2.75
2024-04-06 19:12:37,170,258,1.64,1,7.49,2.75
2024-04-03 03:13:43,103,60,8.33,1,23.37,0.0
2024-04-21 06:44:50,60,78,13.86,5,43.0,2.75
2024-04-11 13:28:15,86,23,4.48,1,18.2,0.0
2024-04-21 16:05:54,255,185,12.81,1,37.21,0.0
2024-04-02 13:01:12,165,35,1.69,1,6.93,2.75
2024-04-09 21:17:16,167,1,6.41,2,23.5,2.75
2024-04-14 00:48:01,84,105,4.47,2,14.18,0.0
2024-04-25 07:20:21,202,176,1.57,1,7.87,0.0
2024-04-10 01:04:34,90,49,1.84,1,11.65,2.75
2024-04-30 12:45:03,89,168,2.85,3,12.5,0.0
2024-04-16 18:00:28,120,158,5.99,1,20.89,0.0
2024-04-08 03:47:47,156,21,7.7,2,28.81,2.75
2024-04-14 04:20:48,188,105,4.02,1,14.85,2.75
2024-04-25 17:13:39,188,121,4.98,1,17.17,2.75
2024-04-11 03:50:44,262,192,1.57,5,5.1,2.75
2024-04-06 13:20:47,52,229,5.23,1,19.89,2.75
2024-04-20 18:25:23,140,181,3.75,1,17.84,0.0
2024-04-13 19:37:27,19,225,1.38,1,3.0,0.0
2024-04-11 21:05:03,75,234,11.0,1,33.82,0.0
2024-04-02 11:39:51,230,218,3.02,4,11.39,2.75
2024-04-30 08:36:22,130,211,6.04,1,18.87,2.75
2024-04-12 18:30:26,55,99,3.11,1,13.43,2.75
2024-04-20 04:54:40,100,109,9.96,1,33.62,2.75
2024-04-23 01:14:39,69,253,1.03,2,6.4,0.0
2024-04-28 05:50:39,17,12,3.26,1,15.95,0.0
2024-04-02 05:50:50,116,118,0.59,1,4.92,2.75
2024-04-27 06:17:22,152,88,1.27,1,5.23,2.75
2024-04-30 08:24:53,116,209,1.65,1,5.15,2.75
2024-04-28 12:52:06,30,130,2.74,1,11.67,0.0
2024-04-23 22:58:29,51,183,6.51,3,19.79,0.0
2024-04-02 08:19:41,60,83,2.7,1,12.08,2.75
2024-04-18 14:41:41,229,254,3.38,1,11.68,0.0
2024-04-19 18:03:17,259,5,9.52,2,26.97,0.0
2024-04-26 19:54:20,5,24,5.44,1,20.85,2.75
2024-04-21 13:57:06,28,121,0.68,1,5.68,2.75
2024-04-23 02:53:41,254,95,1.18,2,7.64,2.75
2024-04-14 21:09:46,231,224,0.64,1,3.0,2.75
2024-04-24 07:34:44,200,239,0.75,3,7.41,2.75
2024-04-29 10:33:04,46,227,1.95,1,12.06,2.75
2024-04-17 09:56:15,28,142,5.06,1,15.73,0.0
2024-04-09 10:45:03,7,51,1.48,1,7.72,0.0
2024-04-25 19:14:26,232,145,2.24,2,8.44,0.0
2024-04-18 12:58:56,199,52,2.25,3,8.43,2.75
2024-04-21 09:00:27,94,12,3.62,1,13.91,2.75
2024-04-02 10:28:43,82,95,8.32,3,26.28,0.0
2024-04-11 20:01:33,88,129,14.81,4,46.59,2.75
2024-04-14 02:19:25,186,11,3.75,2,17.71,2.75
2024-04-03 01:31:14,243,92,2.96,2,8.81,2.75
2024-04-30 00:57:59,68,9,4.51,1,16.71,0.0
2024-04-23 08:36:00,187,123,4.36,1,20.17,2.75
2024-04-02 12:29:33,239,119,3.1,1,11.9,2.75
2024-04-02 08:01:34,218,190,5.17,1,19.45,0.0
2024-04-24 09:12:00,108,56,2.87,1,9.59,0.0
2024-04-08 12:05:07,38,196,20.25,3,61.5,2.75
2024-04-26 00:47:58,10,23,0.68,1,3.0,2.75
2024-04-02 15:19:24,26,245,2.55,1,10.33,0.0
2024-04-17 12:13:08,48,260,2.27,1,12.97,2.75
2024-04-24 22:15:59,14,231,5.65,5,20.72,2.75
2024-04-28 09:03:18,100,210,1.24,4,6.56,2.75
2024-04-26 15:19:27,187,162,2.49,1,9.14,2.75
2024-04-28 05:07:11,12,170,4.69,1,15.59,2.75
2024-04-08 23:39:04,167,227,3.74,1,12.05,0.0
2024-04-08 23:08:25,122,43,3.26,1,10.85,0.0
2024-04-24 00:32:53,95,195,2.5,1,11.02,0.0
2024-04-17 08:54:26,25,12,5.38,1,23.5,2.75
2024-04-06 03:38:21,17,62,4.14,1,16.65,2.75
2024-04-25 16:43:03,29,17,7.77,1,24.78,2.75
2024-04-13 04:23:10,72,26,5.12,1,16.33,2.75
2024-04-13 08:17:26,250,45,1.03,2,3.92,0.0
2024-04-22 15:39:45,144,145,3.88,1,18.72,0.0
2024-04-13 19:05:34,223,65,0.66,3,6.31,2.75
2024-04-19 07:53:13,75,68,2.21,4,9.95,0.0
2024-04-21 21:00:49,102,96,2.36,1,11.87,2.75
2024-04-15 04:11:05,20,60,7.26,1,25.69,0.0
2024-04-27 13:22:24,117,257,1.2,2,3.0,2.75
2024-04-02 20:07:03,174,19,4.11,1,12.76,0.0
2024-04-17 16:26:18,173,33,1.25,1,8.56,2.75
2024-04-06 18:34:23,4,91,10.89,1,39.52,2.75
2024-04-05 06:07:34,148,238,3.14,1,14.6,2.75
2024-04-27 23:55:14,114,24,4.81,1,16.85,2.75
2024-04-18 06:39:45,167,227,4.14,3,15.97,2.75
2024-04-10 05:24:39,118,6,1.77,1,5.92,2.75
2024-04-08 16:27:56,100,58,8.6,1,29.18,2.75
2024-04-27 19:38:35,175,100,3.95,1,14.88,0.0
2024-04-30 20:05:13,159,122,3.0,1,11.52,2.75
2024-04-16 00:21:26,227,157,3.13,2,13.25,0.0
2024-04-27 19:55:36,38,201,8.25,1,27.58,2.75
2024-04-23 01:15:24,198,225,0.71,1,3.0,2.75
2024-04-28 08:01:04,136,151,2.22,1,7.96,0.0
2024-04-15 21:15:25,104,257,6.95,1,22.0,2.75
2024-04-18 17:47:55,193,81,0.63,1,4.1,2.75
2024-04-06 04:43:02,250,100,4.07,1,15.34,2.75
2024-04-14 13:43:42,13,105,2.31,1,10.28,0.0
2024-04-29 23:29:31,55,252,1.3,4,5.98,2.75
2024-04-12 12:42:41,85,133,3.81,1,13.7,2.75
2024-04-08 17:05:26,109,99,6.72,1,17.96,2.75
2024-04-08 12:19:10,43,178,2.7,1,12.73,2.75
2024-04-02 09:00:34,71,132,1.06,1,6.03,2.75
2024-04-20 15:56:45,59,199,1.78,1,7.5,0.0
2024-04-21 07:17:16,44,193,14.44,1,45.22,2.75
2024-04-04 07:07:01,14,208,0.91,4,3.0,2.75
2024-04-01 15:26:49,112,57,1.11,2,9.78,2.75
2024-04-03 15:18:17,228,262,16.68,1,51.24,2.75
2024-04-12 06:36:05,169,230,7.98,2,23.26,0.0
2024-04-13 11:53:20,246,142,4.8,4,16.55,2.75
2024-04-12 20:55:15,243,63,1.07,1,5.78,2.75
2024-04-17 15:35:33,158,118,1.46,1,9.13,2.75
2024-04-27 09:40:30,18,245,1.2,1,5.81,0.0
2024-04-06 08:07:23,83,136,3.99,1,13.96,2.75
2024-04-24 19:54:12,231,96,2.28,1,7.81,0.0
2024-04-23 23:33:08,253,225,0.67,1,3.0,2.75
2024-04-03 21:50:51,167,8,1.71,1,4.98,2.75
2024-04-01 00:50:51,42,14,7.4,1,25.81,2.75
2024-04-21 06:51:23,249,24,6.06,1,21.59,2.75
2024-04-12 15:04:06,248,192,4.11,1,16.76,2.75
2024-04-20 05:08:19,20,241,0.81,1,4.59,2.75
2024-04-12 05:52:05,42,25,8.0,5,29.52,2.75
2024-04-03 04:36:47,87,129,3.18,1,10.19,2.75
2024-04-06 04:49:55,261,87,2.89,2,10.3,2.75
2024-04-11 23:46:37,240,233,10.02,1,32.35,0.0
2024-04-30 15:07:26,167,56,0.53,1,3.86,2.75
2024-04-15 14:06:26,219,190,3.34,1,10.87,2.75
2024-04-26 02:57:55,133,28,5.98,1,18.45,2.75
2024-04-14 05:30:52,207,29,0.73,3,3.0,2.75
2024-04-03 13:54:26,51,172,2.05,1,11.79,2.75
2024-04-14 03:20:48,106,38,13.78,1,43.87,0.0
2024-04-20 01:25:11,184,27,1.33,1,5.77,2.75
2024-04-17 03:04:30,201,136,3.15,2,10.36,2.75
2024-04-25 14:23:23,11,236,5.3,2,18.58,0.0
2024-04-17 11:21:26,254,245,2.23,1,8.87,2.75
2024-04-03 02:51:02,150,85,2.33,1,12.95,2.75
2024-04-29 20:05:18,96,13,0.73,2,3.72,2.75
2024-04-02 03:50:35,106,58,1.24,3,5.59,2.75
2024-04-29 15:40:48,143,259,7.94,2,27.85,2.75
2024-04-23 00:13:45,166,100,6.47,1,23.24,2.75
2024-04-09 16:23:21,1,104,1.77,2,5.4,0.0
2024-04-10 07:08:48,46,261,2.18,1,10.1,2.75
2024-04-13 01:47:13,242,66,2.53,1,12.51,2.75
2024-04-27 07:46:39,3,89,1.99,3,11.36,2.75
2024-04-20 19:29:01,142,88,4.21,1,12.67,0.0
2024-04-07 03:05:25,61,5,0.55,1,4.08,0.0
2024-04-13 08:50:32,225,144,7.93,5,24.11,2.75
2024-04-03 01:03:35,170,117,1.75,4,9.47,2.75
2024-04-03 04:07:08,134,205,7.71,2,25.94,2.75
2024-04-29 14:19:44,41,75,2.62,1,12.76,2.75
2024-04-05 16:58:36,231,80,5.74,2,20.79,2.75
2024-04-30 10:33:10,226,18,6.62,1,20.54,0.0
2024-04-07 06:20:52,139,217,1.75,1,7.91,2.75
2024-04-20 12:24:53,110,102,4.08,1,13.24,2.75
2024-04-28 04:45:16,57,132,3.77,1,11.66,0.0
2024-04-26 01:12:47,123,58,2.76,1,9.75,2.75
2024-04-23 00:54:10,240,112,2.72,1,11.04,2.75
2024-04-02 16:05:56,86,85,1.77,1,5.88,2.75
2024-04-03 08:37:41,176,116,1.8,1,8.15,2.75
2024-04-05 02:46:52,63,162,3.28,1,9.64,2.75
2024-04-01 02:37:15,39,206,0.61,1,3.0,2.75
2024-04-06 04:19:16,138,68,10.0,1,36.07,2.75
2024-04-21 05:33:34,241,248,4.17,2,14.19,2.75
2024-04-01 21:53:01,226,57,2.55,1,9.75,2.75
2024-04-27 11:43:47,206,165,0.72,3,3.93,2.75
2024-04-27 03:02:28,164,166,3.98,1,15.46,0.0
2024-04-27 21:27:39,27,4,0.56,1,4.5,2.75
2024-04-28 19:33:35,183,106,4.49,1,17.75,2.75
2024-04-09 20:15:21,198,108,0.76,1,5.34,2.75
2024-04-21 03:06:23,107,170,4.24,1,15.18,2.75
2024-04-14 12:55:48,189,54,2.32,2,11.48,2.75
2024-04-30 21:15:15,36,166,4.3,1,14.65,2.75
2024-04-18 09:55:44,85,254,1.02,1,5.45,2.75
2024-04-13 19:41:17,155,154,0.94,1,4.82,0.0
2024-04-18 21:02:28,169,128,1.49,1,9.71,2.75
2024-04-04 08:13:10,35,76,2.36,1,10.25,2.75
2024-04-11 07:23:37,184,221,1.52,1,7.19,0.0
2024-04-17 07:20:36,99,123,0.8,1,3.0,2.75
2024-04-19 23:54:09,237,25,1.88,1,8.86,2.75
2024-04-08 12:40:19,122,106,4.78,1,18.24,0.0
2024-04-30 06:55:26,23,106,3.56,1,15.01,2.75
2024-04-11 06:27:05,63,103,12.07,3,38.31,2.75
2024-04-04 03:32:47,150,14,2.5,1,11.3,0.0
2024-04-03 05:07:12,195,133,1.92,1,9.17,2.75
2024-04-16 15:44:55,80,22,4.64,1,12.36,2.75
2024-04-25 09:11:32,153,75,2.36,1,11.82,2.75
2024-04-19 09:27:08,17,244,3.87,3,13.78,2.75
2024-04-13 17:42:47,39,256,10.73,5,35.16,2.75
2024-04-27 10:58:23,202,146,2.92,5,10.01,0.0
2024-04-08 03:56:32,88,212,2.91,2,12.63,2.75
2024-04-01 13:38:35,70,249,5.72,1,20.39,2.75
2024-04-09 08:29:07,124,35,5.44,1,15.48,2.75
2024-04-14 20:41:59,80,253,3.04,1,10.25,2.75
2024-04-21 09:46:51,45,260,0.73,1,7.52,0.0
2024-04-24 14:14:09,233,181,14.33,2,47.09,2.75
2024-04-07 04:57:06,154,210,2.16,1,8.32,0.0
2024-04-29 08:49:36,180,110,1.83,1,7.35,2.75
2024-04-13 04:22:56,31,142,14.47,1,44.14,0.0
2024-04-17 06:05:30,85,164,7.7,1,23.94,2.75
2024-04-03 21:51:32,45,87,1.9,1,8.6,0.0
2024-04-18 22:01:38,243,140,1.79,1,11.15,2.75
2024-04-06 16:24:32,40,162,4.97,3,16.78,2.75
2024-04-13 13:54:40,182,26,1.92,1,8.32,2.75
2024-04-06 20:16:39,81,134,1.51,1,5.57,2.75
2024-04-04 20:06:33,38,115,14.13,4,44.7,2.75
2024-04-24 19:02:03,57,181,3.42,4,13.44,0.0
2024-04-27 00:43:08,30,147,5.53,2,22.88,2.75
2024-04-02 06:15:40,227,215,4.87,1,19.46,2.75
2024-04-10 13:08:46,54,77,5.43,1,21.14,2.75
2024-04-16 05:01:33,97,95,8.68,1,27.63,0.0
2024-04-05 11:09:37,4,218,2.93,2,9.46,2.75
2024-04-20 08:47:30,91,52,5.4,1,18.7,0.0
2024-04-23 07:55:05,89,175,6.08,1,19.52,0.0
2024-04-08 09:27:53,92,33,10.74,1,33.84,2.75
2024-04-01 18:19:13,150,132,4.87,2,17.66,0.0
2024-04-01 00:54:27,234,7,8.31,1,28.71,2.75
2024-04-26 05:31:37,59,227,0.85,2,7.46,2.75
2024-04-23 06:36:36,185,255,0.97,1,6.44,2.75
2024-04-02 19:39:24,44,236,1.1,1,6.1,2.75
2024-04-07 04:47:06,180,184,1.05,3,4.02,0.0
2024-04-26 19:03:56,76,199,0.82,1,7.38,0.0
2024-04-07 03:43:51,144,203,0.96,3,6.94,2.75
2024-04-06 23:32:51,101,136,19.75,1,60.9,2.75
2024-04-08 23:58:15,55,146,1.61,1,9.03,2.75
2024-04-10 15:35:27,189,207,2.78,1,11.06,0.0
2024-04-14 11:02:08,77,55,6.53,5,24.36,2.75
2024-04-11 01:31:14,219,250,0.94,4,4.84,2.75
2024-04-26 06:25:51,66,205,1.84,1,7.62,0.0
2024-04-01 19:37:20,136,192,1.11,1,3.0,2.75
2024-04-03 06:36:22,234,2,0.73,1,3.77,2.75
2024-04-24 03:49:51,199,185,11.83,2,41.32,0.0
2024-04-05 15:16:13,43,162,7.34,1,29.86,2.75
2024-04-18 01:31:11,228,49,7.9,1,27.09,2.75
2024-04-01 17:04:36,227,90,7.61,2,24.34,2.75
2024-04-16 16:32:11,63,251,1.09,3,5.22,2.75
2024-04-15 01:44:16,171,22,5.88,3,20.05,2.75
2024-04-08 19:38:30,250,212,5.06,1,17.02,2.75
2024-04-30 01:42:00,250,234,9.59,1,32.85,0.0
2024-04-11 09:32:00,238,172,1.37,1,3.86,2.75
2024-04-08 08:18:56,56,91,2.37,1,9.67,2.75
2024-04-19 08:54:21,171,163,1.72,1,11.32,2.75
2024-04-24 05:40:35,34,6,1.54,1,9.21,2.75
2024-04-15 04:43:27,130,244,4.2,1,19.19,0.0
2024-04-01 18:23:54,130,159,1.13,1,5.63,0.0
2024-04-19 16:00:18,151,123,2.69,1,9.29,2.75
2024-04-27 08:05:04,143,188,4.14,1,15.56,2.75
2024-04-05 17:53:15,118,14,0.99,1,3.94,2.75
2024-04-27 12:42:36,204,70,1.54,1,6.09,0.0
2024-04-06 09:29:12,235,139,12.48,1,39.52,0.0
2024-04-24 00:55:46,17,79,6.05,1,23.11,2.75
2024-04-24 04:23:39,82,80,4.45,1,17.73,2.75
2024-04-21 12:43:52,14,146,7.28,1,25.37,0.0
2024-04-01 14:25:34,81,225,0.55,3,4.36,2.75
2024-04-21 11:20:31,207,227,0.52,2,7.59,2.75
2024-04-05 22:12:03,204,180,1.09,2,6.65,2.75
2024-04-10 17:28:50,32,24,2.89,1,9.34,0.0
2024-04-01 01:31:26,23,99,3.45,1,13.2,2.75
2024-04-14 17:59:43,102,94,0.92,1,3.38,2.75
2024-04-11 02:35:32,162,147,0.76,1,3.74,0.0
2024-04-13 00:44:18,98,22,6.67,3,25.28,2.75
2024-04-27 19:42:16,144,2,2.69,1,11.19,2.75
2024-04-21 22:44:51,104,103,17.62,3,55.59,2.75
2024-04-29 00:11:02,171,36,1.41,1,7.27,0.0
2024-04-03 06:56:15,64,51,4.15,1,14.8,2.75
2024-04-28 14:54:48,244,143,6.21,1,16.91,2.75
2024-04-10 02:44:54,71,17,7.71,1,27.12,2.75
2024-04-20 04:15:40,125,77,1.78,1,9.19,2.75
2024-04-14 04:12:36,107,123,1.25,1,6.62,2.75
2024-04-14 21:39:53,148,174,1.4,2,5.32,2.75
2024-04-11 07:04:25,192,132,4.35,1,19.12,0.0
2024-04-07 04:13:56,226,263,3.09,1,10.82,2.75
2024-04-01 10:35:02,242,208,3.7,1,12.02,0.0
2024-04-01 20:41:00,163,226,0.57,1,4.42,2.75
2024-04-17 08:35:54,8,189,2.24,1,10.64,2.75
2024-04-21 13:23:23,152,144,1.8,1,8.9,2.75
2024-04-27 08:19:20,95,251,7.48,1,26.09,0.0
2024-04-03 11:25:45,214,245,5.74,1,22.1,2.75
2024-04-03 16:25:15,64,18,2.46,1,10.47,2.75
2024-04-27 16:21:16,65,203,3.98,1,17.13,2.75
2024-04-30 08:03:49,25,204,0.67,2,5.52,0.0
2024-04-07 02:03:50,100,2,4.05,1,14.49,0.0
2024-04-16 10:06:37,105,54,0.86,1,4.2,2.75
2024-04-25 17:23:53,131,166,4.88,1,19.93,2.75
2024-04-09 07:30:16,19,143,3.49,1,14.29,0.0
2024-04-29 09:13:21,225,92,1.75,1,7.1,2.75
2024-04-15 16:21:46,106,8,2.12,1,8.0,2.75
2024-04-10 07:44:57,54,252,0.83,1,3.0,2.75
2024-04-06 23:41:53,226,100,1.86,1,11.48,2.75
2024-04-15 14:51:48,15,39,12.42,2,40.73,2.75
2024-04-16 11:34:42,48,136,2.83,3,13.94,2.75
2024-04-13 11:07:51,139,50,2.75,1,14.97,2.75
2024-04-13 07:06:23,34,83,3.97,1,18.17,2.75
2024-04-27 02:17:36,210,254,2.82,3,10.16,2.75
2024-04-24 17:16:05,19,196,2.04,1,14.44,2.75
2024-04-15 21:24:03,196,27,1.03,1,7.14,0.0
2024-04-18 17:59:44,115,77,3.98,1,12.13,2.75
2024-04-24 05:19:02,75,255,5.34,1,19.04,2.75
2024-04-05 13:35:40,150,21,9.48,1,31.17,0.0
2024-04-23 07:04:35,36,218,0.51,1,4.91,2.75
2024-04-15 01:39:17,242,45,0.74,3,5.34,2.75
2024-04-09 14:51:39,151,182,8.54,1,29.39,0.0
2024-04-25 12:03:42,63,144,3.99,3,13.09,2.75
2024-04-12 00:28:02,154,52,11.59,2,37.93,0.0
2024-04-03 21:04:43,188,251,2.47,2,9.08,2.75
2024-04-01 07:26:30,223,106,2.39,1,10.09,2.75
2024-04-20 13:55:38,93,199,1.98,1,8.12,2.75
2024-04-06 04:32:25,5,148,1.04,1,4.82,0.0
2024-04-09 16:04:34,166,103,2.17,1,10.54,2.75
2024-04-22 18:04:50,25,2,0.55,1,5.18,2.75
2024-04-10 03:29:01,98,256,2.99,2,12.34,2.75
2024-04-30 11:49:27,150,60,7.08,2,22.88,2.75
2024-04-17 20:08:28,252,91,1.86,1,9.26,0.0
2024-04-27 02:01:34,84,101,0.85,1,5.0,2.75
2024-04-04 12:44:22,172,114,13.24,1,41.41,2.75
2024-04-19 15:49:22,221,262,0.98,1,7.46,2.75
2024-04-18 22:38:04,109,54,3.13,2,13.54,2.75
2024-04-11 00:44:11,27,188,6.3,1,15.4,2.75
2024-04-13 20:23:25,246,27,1.52,1,3.0,2.75
2024-04-09 17:46:35,55,240,6.95,1,26.49,2.75
2024-04-28 15:08:32,133,80,3.35,2,10.06,2.75
2024-04-22 15:03:19,52,190,1.91,1,5.61,0.0
2024-04-03 11:25:20,253,91,7.53,1,24.8,0.0
2024-04-17 11:59:01,79,35,3.91,2,14.76,2.75
2024-04-18 11:17:13,18,58,3.84,1,13.05,2.75
2024-04-22 15:50:03,258,189,2.95,1,5.25,0.0
2024-04-18 23:24:28,107,253,1.62,1,7.67,2.75
2024-04-08 13:39:43,47,36,1.77,1,11.41,2.75
2024-04-17 22:48:12,246,92,0.82,1,3.0,2.75
2024-04-10 12:04:12,89,56,1.48,1,10.24,2.75
2024-04-21 21:59:10,203,67,1.64,3,6.86,0.0
2024-04-26 18:08:20,240,169,0.71,1,8.2,2.75
2024-04-22 11:26:07,13,131,0.91,1,6.48,2.75
2024-04-18 18:20:37,137,166,1.6,1,6.21,2.75
2024-04-09 11:18:19,173,52,4.46,1,17.14,0.0
2024-04-28 13:23:48,230,152,1.21,2,8.75,2.75
2024-04-04 00:09:07,198,105,3.08,4,8.82,2.75
2024-04-08 03:00:50,243,92,2.98,1,11.66,2.75
2024-04-05 21:39:30,43,201,6.79,1,24.94,2.75
2024-04-28 11:12:19,79,219,3.79,4,13.18,0.0
2024-04-12 21:25:12,232,67,9.21,1,27.5,0.0
2024-04-10 22:22:38,101,169,3.96,2,18.48,2.75
2024-04-25 11:26:32,162,28,0.59,1,3.0,2.75
2024-04-01 14:35:28,144,32,2.18,3,8.41,2.75
2024-04-22 16:23:41,109,166,4.7,2,16.46,2.75
2024-04-28 06:32:46,233,136,2.76,1,14.97,2.75
2024-04-22 20:20:46,111,68,2.4,2,5.25,2.75
2024-04-17 09:37:57,232,154,4.4,3,15.67,2.75
2024-04-21 12:26:42,238,96,1.68,1,6.26,2.75
2024-04-27 01:45:28,197,197,8.89,1,27.88,2.75
2024-04-11 16:50:18,86,108,2.37,1,12.74,2.75
2024-04-11 17:54:39,41,46,3.99,3,12.53,2.75
2024-04-13 06:19:59,48,186,14.63,5,43.88,0.0
2024-04-29 18:19:55,77,83,5.89,1,17.82,2.75
2024-04-16 10:44:39,178,138,3.15,1,12.28,2.75
2024-04-01 18:23:23,257,237,7.37,1,24.56,2.75
2024-04-02 20:39:35,117,145,3.38,3,12.1,0.0
2024-04-19 02:14:59,19,100,2.54,2,9.05,0.0
2024-04-29 11:41:59,59,14,7.73,1,28.53,2.75
2024-04-16 13:20:27,196,262,0.6,1,3.0,2.75
2024-04-30 03:22:03,107,47,2.33,1,11.91,0.0
2024-04-10 03:47:47,34,225,1.97,1,5.61,0.0
2024-04-06 18:12:42,251,144,4.88,2,19.29,2.75
2024-04-05 10:38:54,126,196,0.54,1,5.74,2.75
2024-04-24 04:42:48,106,257,4.28,1,16.6,2.75
2024-04-04 16:10:28,180,8,1.99,1,8.29,2.75
2024-04-16 19:56:03,110,23,0.86,1,4.22,2.75
2024-04-13 01:41:32,228,84,14.25,1,45.63,0.0
2024-04-08 23:55:07,121,255,1.33,1,8.74,0.0
2024-04-23 08:40:15,107,24,2.0,3,7.86,0.0
2024-04-26 05:33:16,131,38,1.31,3,5.41,0.0
2024-04-19 12:33:16,23,221,4.3,1,15.31,0.0
2024-04-02 10:00:02,145,214,5.84,1,19.5,2.75
2024-04-14 12:03:08,154,85,7.4,3,24.37,2.75
2024-04-06 01:51:01,107,4,1.8,1,11.21,2.75
2024-04-29 21:21:21,146,195,3.1,1,10.26,0.0
2024-04-07 15:21:35,252,114,4.31,1,17.95,2.75
2024-04-06 08:45:56,70,215,3.98,1,16.29,2.75
2024-04-07 15:47:58,31,141,4.91,1,14.35,2.75
2024-04-12 11:52:56,93,167,5.64,2,17.99,2.75
2024-04-14 15:14:09,137,5,0.86,1,4.98,2.75
2024-04-06 12:46:47,163,127,1.15,2,5.83,2.75
2024-04-15 18:05:32,81,86,5.14,1,16.85,2.75
2024-04-07 01:55:03,76,86,2.77,1,12.84,2.75
2024-04-25 04:46:24,63,24,2.45,1,10.26,2.75
2024-04-13 20:26:29,100,45,2.63,5,10.53,2.75
2024-04-01 07:41:52,48,111,2.13,1,11.48,2.75
2024-04-02 07:20:16,74,185,3.63,1,11.94,0.0
2024-04-19 22:12:36,192,235,1.87,2,6.96,2.75
2024-04-28 13:58:49,30,157,4.04,1,13.84,2.75
2024-04-02 13:33:50,157,161,1.29,1,3.58,0.0
2024-04-21 10:43:36,256,200,5.46,3,18.84,2.75
2024-04-10 08:05:41,39,122,5.82,1,21.21,2.75
2024-04-04 02:45:14,55,224,3.52,1,10.53,0.0
2024-04-17 00:13:14,28,23,2.11,1,6.73,2.75
2024-04-22 18:39:08,118,197,0.55,1,4.23,2.75
2024-04-02 18:04:16,209,6,0.95,1,6.04,0.0
2024-04-04 03:14:06,75,89,0.79,1,4.37,0.0
2024-04-01 00:06:44,65,115,0.54,1,3.34,0.0
2024-04-09 03:21:26,100,124,4.98,1,20.14,2.75
2024-04-24 02:14:29,46,260,11.44,1,35.66,0.0
2024-04-16 07:38:03,156,169,0.54,1,7.15,0.0
2024-04-20 22:25:20,240,36,0.92,1,4.13,0.0
2024-04-09 06:44:20,259,229,7.4,1,25.74,2.75
2024-04-27 23:55:17,136,134,4.58,1,15.06,2.75
2024-04-04 23:13:06,198,244,2.32,1,8.6,0.0
2024-04-10 09:00:06,187,65,17.77,2,54.54,2.75
2024-04-22 12:15:32,116,237,3.48,1,14.4,2.75
2024-04-27 14:09:56,58,3,4.38,2,18.9,2.75
2024-04-22 08:45:24,70,37,4.21,1,15.34,2.75
2024-04-13 04:36:25,93,109,1.38,1,4.55,0.0
2024-04-02 21:21:13,229,250,2.84,4,12.28,0.0
2024-04-14 19:25:04,137,3,1.35,2,9.5,2.75
2024-04-18 08:09:49,105,235,2.99,1,13.21,2.75
2024-04-13 14:02:21,17,251,0.61,1,3.0,0.0
2024-04-24 03:48:16,54,143,2.18,1,7.82,0.0
2024-04-16 19:04:12,112,248,2.13,1,7.26,2.75
2024-04-10 18:18:43,172,56,1.71,1,7.75,2.75
2024-04-07 07:43:57,144,61,0.79,1,6.02,0.0
2024-04-15 11:08:48,85,68,5.66,1,21.71,0.0
2024-04-09 02:41:43,12,79,2.41,1,10.53,2.75
2024-04-02 01:36:33,252,196,6.39,3,24.7,0.0
2024-04-06 20:32:30,216,195,6.82,2,26.66,0.0
2024-04-14 17:41:27,126,23,1.34,1,9.39,2.75
2024-04-06 21:09:13,98,14,2.41,1,8.38,2.75
2024-04-16 17:57:22,28,9,4.97,1,18.81,2.75
2024-04-08 22:56:49,52,140,2.92,1,12.36,2.75
2024-04-08 09:47:33,143,242,7.26,4,28.07,0.0
2024-04-10 22:59:55,132,253,3.47,1,19.19,2.75
2024-04-20 10:35:48,207,227,3.98,4,13.69,2.75
2024-04-26 17:31:09,62,95,5.91,1,20.71,0.0
2024-04-09 01:56:08,132,179,0.96,2,5.68,2.75
2024-04-06 13:48:00,41,3,3.57,1,15.7,2.75
2024-04-12 05:49:35,201,184,0.81,3,4.79,2.75
2024-04-28 12:41:34,99,46,1.56,1,8.67,2.75
2024-04-23 23:37:18,47,141,1.34,4,6.71,0.0
2024-04-13 15:33:34,137,13,3.43,1,9.89,2.75
2024-04-25 06:53:24,130,186,7.0,1,23.58,2.75
2024-04-10 13:29:56,195,85,1.0,2,6.05,2.75
2024-04-18 18:07:06,117,43,5.62,2,20.04,0.0
2024-04-04 15:43:46,69,156,1.04,2,7.85,0.0
2024-04-04 18:55:59,28,184,1.24,1,5.56,2.75
2024-04-01 01:55:49,14,47,9.21,1,28.19,2.75
2024-04-04 16:12:17,46,206,0.53,3,7.12,2.75
2024-04-07 08:50:22,16,210,1.27,2,5.58,2.75
2024-04-10 00:52:02,209,83,1.35,1,7.12,0.0
2024-04-30 18:53:39,158,97,1.66,1,7.8,2.75
2024-04-29 09:35:52,227,179,2.08,1,5.89,2.75
2024-04-16 18:55:33,241,148,0.88,1,8.26,2.75
2024-04-23 08:44:07,58,72,2.71,1,11.42,2.75
2024-04-16 15:50:38,130,217,2.28,1,10.78,0.0
2024-04-03 21:41:15,217,209,3.93,2,17.03,0.0
2024-04-06 08:43:09,14,124,7.57,1,25.15,2.75
2024-04-01 19:33:10,243,156,1.74,1,9.13,2.75
2024-04-09 04:34:49,145,33,3.27,5,12.88,2.75
2024-04-03 22:24:50,103,216,2.12,2,10.68,2.75
2024-04-19 16:52:32,217,101,0.64,1,3.92,2.75
2024-04-16 00:08:36,64,180,6.52,1,25.45,2.75
2024-04-29 12:01:32,158,127,4.02,1,12.53,2.75
2024-04-30 06:49:39,162,169,0.51,1,7.03,2.75
2024-04-19 00:23:37,18,135,1.5,1,10.16,2.75
2024-04-15 15:24:00,216,93,1.79,1,8.74,2.75
2024-04-19 01:08:32,49,221,6.34,1,21.62,2.75
2024-04-22 11:16:11,56,155,5.51,1,22.01,2.75
2024-04-08 12:36:39,58,199,2.27,1,11.43,0.0
2024-04-27 20:42:09,155,241,1.1,2,4.37,2.75
2024-04-22 09:43:16,55,98,2.21,3,10.47,2.75
2024-04-08 06:41:01,19,250,6.32,1,21.2,2.75
2024-04-30 05:55:54,151,105,2.61,3,11.42,2.75
2024-04-28 06:14:02,108,261,0.93,1,6.73,0.0
2024-04-08 15:46:54,47,129,0.64,3,3.05,2.75
2024-04-08 20:46:14,207,259,1.92,1,5.68,0.0
2024-04-06 18:34:30,128,140,1.06,1,4.75,2.75
2024-04-27 14:53:18,185,15,5.28,1,21.07,0.0
2024-04-08 17:16:37,58,184,1.64,2,7.91,2.75
2024-04-20 23:32:31,143,16,7.85,1,28.83,2.75
2024-04-13 09:57:27,97,221,3.86,2,17.84,2.75
2024-04-19 21:05:07,47,63,2.25,1,9.75,2.75
2024-04-12 21:40:55,191,241,3.8,1,15.11,0.0
2024-04-11 13:24:19,140,257,1.72,3,9.58,0.0
2024-04-27 06:24:24,103,185,1.03,1,3.0,0.0
2024-04-16 02:43:14,231,76,12.15,2,37.89,0.0
2024-04-15 14:57:35,49,27,3.4,3,12.85,2.75
2024-04-17 08:18:10,112,25,0.53,1,6.51,2.75
2024-04-30 05:03:22,87,62,1.8,1,5.22,2.75
2024-04-29 02:43:40,252,146,1.11,1,7.57,2.75
2024-04-23 13:46:07,74,233,1.55,1,6.33,2.75
2024-04-23 02:45:05,47,84,0.7,2,5.92,2.75
2024-04-19 12:53:16,76,175,1.48,1,6.42,2.75
2024-04-11 18:00:18,96,170,4.52,1,15.77,0.0
2024-04-25 22:24:20,31,4,6.51,1,21.28,2.75
2024-04-18 16:48:17,22,50,1.99,2,7.96,2.75
2024-04-14 10:09:31,17,8,3.09,5,14.44,0.0
2024-04-13 13:27:24,212,69,0.65,1,3.0,2.75
2024-04-28 13:45:57,148,139,0.83,1,3.0,0.0
2024-04-26 18:48:32,235,248,3.31,1,10.28,2.75
2024-04-13 02:52:52,87,29,6.93,1,22.46,0.0
2024-04-26 23:38:51,38,183,0.82,1,4.94,2.75
2024-04-14 20:53:45,53,213,2.4,1,10.27,0.0
2024-04-01 14:22:25,28,19,12.82,1,40.95,2.75
2024-04-25 05:42:37,77,226,5.2,3,17.06,2.75
2024-04-02 01:31:05,200,230,1.27,3,10.46,2.75
2024-04-15 14:24:26,173,96,1.68,1,8.97,2.75
2024-04-13 09:50:00,50,115,10.84,2,33.71,2.75
2024-04-25 13:01:13,177,180,1.37,3,6.81,2.75
2024-04-29 22:40:56,227,78,2.54,1,12.5,0.0
2024-04-15 03:41:09,127,182,2.04,1,7.74,0.0
2024-04-27 10:24:29,21,95,2.86,2,10.86,2.75
2024-04-17 13:05:51,199,86,1.44,3,6.18,0.0
2024-04-27 09:37:00,189,95,4.36,1,18.08,0.0
2024-04-26 09:00:09,152,145,1.44,1,7.88,0.0
2024-04-07 19:29:39,160,248,3.73,1,12.6,0.0
2024-04-27 16:55:28,96,181,2.05,1,13.15,2.75
2024-04-27 11:27:03,75,19,1.51,1,5.26,2.75
2024-04-11 13:53:52,82,138,4.66,1,16.66,0.0
2024-04-30 17:54:42,128,44,12.26,1,41.91,2.75
2024-04-19 03:23:58,133,226,7.62,3,25.35,2.75
2024-04-23 18:13:02,139,37,0.82,1,4.53,0.0
2024-04-18 15:25:50,246,220,2.62,1,11.46,0.0
2024-04-11 14:52:39,112,128,4.65,1,17.0,2.75
2024-04-08 08:33:25,203,143,3.39,1,11.24,2.75
2024-04-05 12:13:13,170,183,5.04,2,19.26,2.75
2024-04-10 10:25:31,87,43,13.43,4,41.37,2.75
2024-04-01 18:47:41,119,210,1.97,1,5.87,2.75
2024-04-20 21:58:04,98,48,5.66,1,20.12,2.75
2024-04-28 08:38:37,240,220,0.85,1,3.57,2.75
2024-04-14 19:51:22,138,196,7.63,1,25.73,0.0
2024-04-25 01:13:27,82,172,5.77,1,20.86,2.75
2024-04-16 03:11:46,236,237,3.08,1,12.4,2.75
2024-04-23 19:33:26,136,175,6.52,1,28.6,2.75
2024-04-30 11:13:46,3,32,4.34,3,18.75,2.75
2024-04-10 21:04:59,59,224,3.31,1,13.85,2.75
2024-04-02 08:47:13,116,54,10.72,1,35.96,2.75
2024-04-08 07:04:25,131,186,0.99,1,7.41,2.75
2024-04-20 10:07:30,201,234,17.85,5,56.37,2.75
2024-04-15 01:38:22,98,231,1.09,1,5.92,0.0
2024-04-19 17:45:35,216,110,2.79,2,11.1,2.75
2024-04-05 23:55:34,124,100,1.42,1,6.15,0.0
2024-04-17 10:56:36,73,200,1.61,1,11.72,2.75
2024-04-27 20:10:49,130,211,4.0,2,12.82,0.0
2024-04-25 06:50:14,27,221,0.62,1,6.63,2.75
2024-04-26 09:03:34,165,150,10.39,1,35.64,0.0
2024-04-17 18:13:41,68,163,1.65,1,9.19,0.0
2024-04-18 08:16:25,14,143,1.61,1,7.8,2.75
2024-04-09 21:56:13,98,258,7.47,2,23.48,2.75
2024-04-08 15:02:36,247,245,5.57,1,20.48,2.75
2024-04-17 18:12:40,112,150,4.4,2,16.97,0.0
2024-04-20 10:56:03,207,112,1.05,2,10.74,2.75
2024-04-06 09:43:30,233,99,5.64,1,21.1,2.75
2024-04-20 03:43:36,61,103,2.07,1,9.67,2.75
2024-04-20 15:38:20,85,211,18.34,5,57.94,2.75
2024-04-05 11:16:33,183,12,4.39,2,15.27,2.75
2024-04-01 07:25:34,239,226,6.83,1,23.91,2.75
2024-04-11 16:37:55,250,148,5.13,1,19.52,0.0
2024-04-25 13:47:01,71,179,3.66,2,12.35,2.75
2024-04-07 05:13:18,228,7,4.91,1,16.68,2.75
2024-04-17 00:29:59,85,152,3.69,3,12.2,2.75
2024-04-30 17:21:43,236,70,0.68,1,5.89,0.0
2024-04-01 22:34:24,39,53,1.98,1,11.07,0.0
2024-04-01 06:27:55,206,162,1.83,2,3.0,0.0
2024-04-29 11:21:12,183,93,4.88,2,16.87,2.75
2024-04-27 11:37:08,187,151,3.5,1,16.97,2.75
2024-04-12 14:22:43,133,58,3.8,1,15.77,2.75
2024-04-21 08:28:09,30,196,7.07,1,24.87,0.0
2024-04-07 15:05:35,255,208,3.11,4,9.82,2.75
2024-04-24 03:43:29,143,62,1.36,1,8.71,0.0
2024-04-11 13:33:46,103,195,0.54,1,4.36,0.0
2024-04-10 23:35:22,74,55,1.11,1,7.73,2.75
2024-04-10 07:14:52,55,49,0.61,1,9.2,2.75
2024-04-14 10:32:37,236,106,1.45,1,4.6,2.75
2024-04-16 05:08:52,60,78,4.03,2,17.86,2.75
2024-04-05 21:00:40,24,57,1.07,1,5.49,2.75
2024-04-11 22:26:29,22,169,0.8,1,7.76,2.75
2024-04-26 14:52:53,32,207,12.87,2,40.29,2.75
2024-04-07 02:04:53,3,260,20.72,1,63.06,2.75
2024-04-26 02:37:35,70,163,4.05,1,16.52,0.0
2024-04-27 02:29:23,160,244,0.9,1,3.0,2.75
2024-04-12 12:17:33,88,250,6.53,2,20.91,2.75
2024-04-03 04:00:10,59,39,3.21,2,10.96,2.75
2024-04-10 23:35:57,252,121,1.2,2,5.1,2.75
2024-04-26 22:49:02,219,86,3.5,1,14.59,2.75
2024-04-14 23:18:14,201,99,0.64,1,5.82,0.0
2024-04-26 16:59:52,77,246,13.07,1,41.83,2.75
2024-04-08 17:40:06,255,208,6.62,1,21.15,2.75
2024-04-05 20:07:14,247,113,1.56,2,7.18,2.75
2024-04-12 23:00:55,139,83,2.4,1,7.45,0.0
2024-04-10 04:59:03,78,65,2.26,1,7.02,0.0
2024-04-07 06:11:17,80,1,7.42,1,23.61,0.0
2024-04-20 14:50:41,10,174,2.03,3,5.96,0.0
2024-04-21 01:18:02,124,250,0.67,4,5.05,0.0
2024-04-14 13:24:19,186,226,1.35,2,8.0,0.0
2024-04-21 17:43:42,34,84,1.35,1,6.83,2.75
2024-04-23 18:09:57,121,239,10.93,1,33.33,0.0
2024-04-05 11:45:52,80,28,9.52,1,30.4,0.0
2024-04-26 13:42:53,206,183,1.75,2,9.85,2.75
2024-04-12 22:08:37,53,135,0.51,1,6.63,2.75
2024-04-28 06:57:01,156,57,3.05,3,9.49,2.75
2024-04-07 01:52:14,135,115,6.09,1,21.91,2.75
2024-04-17 02:05:59,98,186,1.59,2,5.88,2.75
2024-04-03 19:59:21,241,1,2.52,1,12.68,0.0
2024-04-26 20:44:53,45,29,1.16,2,8.71,2.75
2024-04-11 23:13:29,199,232,1.89,1,3.44,2.75
2024-04-22 17:25:09,114,150,5.48,1,17.31,2.75
2024-04-01 17:52:03,241,190,2.46,1,10.97,0.0
2024-04-15 07:48:35,156,248,2.58,4,6.04,2.75
2024-04-12 01:08:00,44,195,5.95,4,23.54,2.75
2024-04-28 00:00:11,80,255,5.54,1,20.16,2.75
2024-04-29 18:47:10,138,79,1.23,2,3.32,2.75
2024-04-10 21:13:36,151,98,2.38,2,11.86,2.75
2024-04-14 08:18:33,242,150,7.11,2,26.07,0.0
2024-04-11 00:15:09,143,123,2.64,5,11.8,2.75
2024-04-28 01:45:35,50,98,4.29,3,16.46,0.0
2024-04-19 16:43:17,262,164,1.78,2,9.75,0.0
2024-04-10 02:57:40,161,46,0.71,1,3.0,2.75
2024-04-13 03:48:13,62,239,1.13,1,6.43,2.75
2024-04-04 06:32:42,55,230,2.3,1,7.94,0.0
2024-04-19 13:51:58,31,244,2.03,1,10.98,2.75
2024-04-17 09:20:12,169,18,8.41,3,27.8,2.75
2024-04-19 00:55:06,185,171,3.26,1,7.87,0.0
2024-04-07 14:47:30,3,157,3.95,2,11.41,2.75
2024-04-04 06:24:32,161,204,4.58,1,16.21,0.0
2024-04-05 11:12:05,260,146,3.15,1,10.87,0.0
2024-04-09 06:32:23,48,143,5.64,3,18.42,0.0
2024-04-05 15:58:01,254,187,5.85,1,18.55,2.75
2024-04-28 18:25:05,74,122,2.02,2,6.9,0.0
2024-04-05 09:14:52,166,100,0.81,1,5.68,2.75
2024-04-01 01:28:07,260,15,15.53,1,50.59,0.0
2024-04-16 02:50:41,4,43,4.1,2,15.33,2.75
2024-04-08 14:25:02,119,187,4.82,4,18.29,2.75
2024-04-23 23:28:16,226,8,5.45,1,18.98,2.75
2024-04-25 02:46:32,70,112,3.82,1,10.87,2.75
2024-04-26 08:23:42,182,33,2.73,1,13.68,2.75
2024-04-18 02:34:10,181,90,15.12,1,50.72,2.75
2024-04-12 16:54:53,5,149,5.05,2,18.9,0.0
2024-04-13 14:57:34,197,212,7.04,1,21.16,2.75
2024-04-08 00:50:12,47,116,2.53,1,7.14,2.75
2024-04-27 21:46:37,40,173,8.73,1,27.22,2.75
2024-04-10 02:31:07,122,20,5.11,2,22.13,2.75
2024-04-16 16:00:49,135,132,5.3,3,19.15,0.0
2024-04-14 14:38:05,140,237,0.82,1,5.0,0.0
2024-04-16 22:49:24,153,77,3.86,1,14.33,2.75
2024-04-20 19:41:43,28,223,1.93,1,7.51,2.75
2024-04-29 06:50:51,77,126,4.37,1,15.49,2.75
2024-04-17 00:33:38,175,39,3.44,3,13.01,0.0
2024-04-05 11:23:14,49,209,0.91,1,4.08,2.75
2024-04-13 15:28:21,27,106,3.14,2,9.5,2.75
2024-04-13 02:00:27,221,140,2.6,1,10.52,2.75
2024-04-02 14:03:43,122,249,5.74,2,18.18,0.0
2024-04-14 03:32:44,69,55,2.94,1,13.48,0.0
2024-04-07 03:51:35,71,118,2.8,2,11.88,0.0
2024-04-18 04:07:04,150,176,4.95,1,17.14,2.75
2024-04-25 22:49:08,187,213,4.37,2,14.18,2.75
2024-04-23 15:21:49,246,140,17.34,1,55.88,0.0
2024-04-29 08:02:37,196,22,2.02,1,10.0,2.75
2024-04-11 02:32:52,32,187,4.58,1,15.33,2.75
2024-04-07 01:04:04,109,207,1.14,1,6.63,2.75
2024-04-17 21:51:14,1,147,6.21,1,19.41,2.75
2024-04-08 20:41:30,182,154,5.9,1,20.53,2.75
2024-04-22 11:26:59,174,108,5.03,3,15.95,0.0
2024-04-13 07:10:36,169,151,0.94,4,4.34,0.0
2024-04-21 16:22:01,248,175,15.85,1,51.78,0.0
2024-04-19 03:18:41,108,55,10.5,1,36.36,2.75
2024-04-10 14:28:55,30,154,2.12,2,6.08,2.75
2024-04-13 14:18:07,225,190,3.51,2,12.72,2.75
2024-04-04 21:11:24,89,149,8.19,5,28.43,0.0
2024-04-30 15:47:49,234,8,2.89,4,9.08,2.75
2024-04-27 19:08:06,168,148,3.7,3,12.81,2.75
2024-04-14 07:52:30,231,173,3.74,1,14.81,2.75
2024-04-17 19:02:56,126,81,4.17,1,13.93,2.75
2024-04-08 23:29:36,61,79,3.5,1,10.34,0.0
2024-04-06 01:52:54,120,60,2.32,2,8.79,2.75
2024-04-30 00:52:29,190,95,3.21,1,11.71,2.75
2024-04-11 13:57:08,121,128,7.68,2,28.65,2.75
2024-04-12 00:59:19,48,122,7.49,3,29.68,2.75
2024-04-26 08:10:15,202,87,5.68,1,20.21,2.75
2024-04-11 15:58:42,59,81,2.37,2,9.8,2.75
2024-04-19 20:09:41,185,22,5.9,3,17.98,2.75
2024-04-04 23:54:26,223,252,2.22,1,6.37,0.0
2024-04-18 19:23:21,11,190,4.32,4,17.78,0.0
2024-04-30 20:04:15,189,86,3.43,1,9.85,2.75
2024-04-04 23:17:34,237,8,1.75,1,9.07,0.0
2024-04-16 05:35:28,34,230,2.61,1,15.1,2.75
2024-04-13 19:45:55,135,152,6.71,1,20.59,2.75
2024-04-13 10:13:49,62,15,9.04,1,25.79,2.75
2024-04-17 19:07:18,227,248,1.3,2,7.36,2.75
2024-04-26 09:57:55,93,255,2.63,1,12.96,2.75
2024-04-16 07:05:09,116,167,2.49,1,7.99,0.0
2024-04-23 08:52:08,133,81,2.85,3,12.97,2.75
2024-04-10 20:58:08,193,69,13.65,1,45.95,2.75
2024-04-22 23:38:12,30,183,3.06,1,12.44,2.75
2024-04-13 12:12:10,61,64,6.7,3,21.8,0.0
2024-04-28 08:00:32,28,86,4.32,2,17.07,0.0
2024-04-17 08:53:17,77,44,0.9,1,4.16,0.0
2024-04-23 00:33:07,121,149,4.66,1,16.39,0.0
2024-04-28 12:38:45,3,260,4.15,1,14.22,2.75
2024-04-10 18:53:53,37,59,5.47,1,19.47,2.75
2024-04-15 03:52:00,147,94,0.77,1,5.16,2.75
2024-04-19 17:44:21,92,5,1.47,1,6.86,0.0
2024-04-18 07:49:32,87,83,5.63,3,18.91,0.0
2024-04-14 22:15:58,40,37,2.12,2,10.05,2.75
2024-04-27 14:55:19,178,27,8.96,1,27.92,0.0
2024-04-22 23:37:23,42,13,3.05,1,10.03,2.75
2024-04-17 15:55:58,66,65,0.5,1,6.27,2.75
2024-04-21 21:31:08,124,203,4.7,1,18.46,0.0
2024-04-26 00:32:04,145,180,3.02,1,10.18,2.75
2024-04-02 11:01:48,120,15,1.83,4,6.48,2.75
2024-04-29 11:28:11,109,1,0.57,1,3.0,2.75
2024-04-20 18:21:32,92,48,1.28,1,3.0,0.0
2024-04-16 09:48:49,60,182,1.12,4,7.75,2.75
2024-04-25 01:49:14,227,183,3.56,1,13.9,0.0
2024-04-26 23:31:42,240,214,5.64,1,17.63,2.75
2024-04-30 06:47:14,212,27,1.44,2,8.24,2.75
2024-04-04 21:50:27,98,226,4.69,1,18.34,2.75
2024-04-18 20:01:29,14,158,8.55,1,28.05,2.75
2024-04-20 17:06:34,218,60,3.9,3,15.1,2.75
2024-04-05 11:52:29,170,66,5.73,2,20.55,2.75
2024-04-13 07:12:09,210,174,1.3,1,6.37,2.75
2024-04-20 02:06:29,256,52,0.77,1,4.87,2.75
2024-04-23 21:44:39,171,243,2.09,1,9.5,2.75
2024-04-05 13:27:10,73,244,4.82,1,17.37,0.0
2024-04-01 21:07:57,147,121,4.56,1,15.3,2.75
2024-04-02 13:05:15,106,42,11.36,1,35.48,2.75
2024-04-15 12:46:04,94,184,3.98,1,17.63,2.75
2024-04-23 02:05:27,63,45,2.35,3,8.8,0.0
2024-04-02 10:58:05,154,52,6.08,2,18.18,2.75
2024-04-11 08:56:49,255,151,1.08,1,8.1,0.0
2024-04-07 06:27:36,35,29,6.37,3,21.52,0.0
2024-04-08 18:18:08,253,57,2.09,1,8.62,0.0
2024-04-27 10:46:06,157,209,1.09,1,5.66,2.75
2024-04-26 08:01:43,134,8,1.12,1,8.37,2.75
2024-04-03 15:56:43,129,247,14.89,1,45.22,0.0
2024-04-10 10:02:18,252,195,3.92,1,16.46,0.0
2024-04-24 17:52:11,135,28,1.17,1,6.67,2.75
2024-04-18 23:35:31,11,235,1.59,1,9.11,0.0
2024-04-03 06:21:56,148,130,2.13,1,7.98,2.75
2024-04-28 22:05:24,80,76,0.7,1,9.97,2.75
2024-04-11 07:24:55,191,233,0.9,4,4.98,2.75
2024-04-01 00:02:06,30,230,5.52,1,18.94,2.75
2024-04-10 16:59:21,229,189,5.91,3,18.41,2.75
2024-04-06 18:58:35,84,2,16.05,2,50.39,0.0
2024-04-21 11:27:26,150,65,0.74,1,3.0,0.0
2024-04-14 09:48:41,189,52,8.2,1,31.43,2.75
2024-04-28 22:41:12,21,34,1.84,2,4.42,0.0
2024-04-16 00:57:25,37,240,1.89,3,3.53,2.75
2024-04-09 13:57:06,246,129,0.98,1,4.32,2.75
2024-04-06 18:31:56,102,243,15.52,4,49.79,2.75
2024-04-30 14:54:32,232,98,14.37,1,48.32,2.75
2024-04-27 08:15:06,245,76,7.5,1,25.27,2.75
2024-04-28 13:30:12,177,219,0.83,1,4.33,2.75
2024-04-24 04:12:04,213,101,6.95,2,23.36,2.75
2024-04-24 22:23:21,102,119,4.02,1,16.1,0.0
2024-04-02 12:51:57,22,140,0.98,1,3.1,2.75
2024-04-29 16:03:34,19,225,1.56,1,9.15,2.75
2024-04-06 17:23:12,147,255,4.59,1,12.54,0.0
2024-04-15 02:04:38,40,73,6.19,1,20.58,0.0
2024-04-23 14:58:47,167,156,7.1,1,23.6,2.75
2024-04-24 11:44:14,91,259,3.25,2,9.4,2.75
2024-04-29 02:19:00,72,64,3.18,1,12.11,0.0
2024-04-20 20:33:50,140,36,4.53,1,15.21,0.0
2024-04-04 16:26:48,239,248,5.76,3,20.27,2.75
2024-04-06 10:04:36,78,44,1.15,1,6.53,2.75
2024-04-12 17:55:20,199,119,5.21,1,18.87,0.0
2024-04-25 22:31:37,17,181,1.96,1,7.36,2.75
2024-04-06 22:03:31,218,70,2.19,4,9.37,2.75
2024-04-11 05:39:37,229,219,0.78,1,7.26,0.0
2024-04-25 10:12:56,138,190,3.61,1,14.92,2.75
2024-04-01 11:18:58,147,256,0.84,1,5.63,2.75
2024-04-22 23:25:39,210,187,9.05,1,27.72,0.0
2024-04-15 05:28:56,158,227,3.9,3,9.02,0.0
2024-04-12 18:37:13,153,61,16.72,4,48.68,2.75
2024-04-06 09:38:45,163,168,1.49,5,8.25,0.0
2024-04-14 14:18:57,101,132,4.48,1,14.33,2.75
2024-04-19 07:18:50,155,155,12.18,1,36.48,2.75
2024-04-10 18:29:53,10,210,1.74,3,6.41,0.0
2024-04-25 03:47:38,183,7,0.85,1,4.78,0.0
2024-04-04 10:55:12,134,11,4.02,1,14.73,2.75
2024-04-08 15:55:43,6,200,2.1,1,7.33,0.0
2024-04-15 11:15:55,258,251,1.62,1,9.19,2.75
2024-04-12 12:48:50,211,64,18.17,1,56.57,2.75
2024-04-09 22:14:13,51,180,5.41,1,18.23,2.75
2024-04-25 00:51:36,147,128,2.83,1,9.14,2.75
2024-04-16 22:50:46,128,262,0.68,1,8.44,2.75
2024-04-24 13:48:35,258,120,1.24,4,5.89,2.75
2024-04-05 10:25:52,51,48,1.74,2,8.81,2.75
2024-04-12 01:10:52,154,69,2.84,1,11.37,0.0
2024-04-26 08:43:42,70,262,2.91,1,13.72,2.75
2024-04-13 02:24:42,134,230,0.59,1,3.0,0.0
2024-04-22 07:02:45,220,252,10.55,1,35.2,0.0
2024-04-19 10:12:41,163,231,3.24,1,11.59,2.75
2024-04-20 20:12:11,136,224,0.57,1,4.59,2.75
2024-04-23 10:35:00,57,207,4.73,3,16.0,2.75
2024-04-27 02:38:40,177,28,0.76,2,8.61,2.75
2024-04-15 23:48:22,115,219,4.97,1,17.19,0.0
2024-04-07 14:27:31,149,101,4.73,2,13.58,2.75
2024-04-01 05:30:16,241,58,15.18,1,47.78,2.75
2024-04-12 04:42:24,123,24,1.97,1,8.68,2.75
2024-04-28 22:02:29,69,227,1.05,1,5.91,2.75
2024-04-14 22:36:05,63,169,0.84,1,3.0,0.0
2024-04-20 07:46:35,221,246,0.76,1,3.0,2.75
2024-04-13 00:34:56,16,212,6.32,1,25.18,2.75
2024-04-19 05:23:43,78,21,4.94,2,16.87,0.0
2024-04-02 13:05:54,122,124,13.54,1,42.88,2.75
2024-04-30 11:53:54,258,97,1.79,1,12.05,2.75
2024-04-04 01:23:43,217,138,6.19,1,22.67,2.75
2024-04-23 18:53:17,114,93,0.84,1,4.95,2.75
2024-04-13 19:50:52,146,95,8.7,3,29.07,0.0
2024-04-21 17:19:40,237,24,0.69,3,8.56,2.75
2024-04-20 06:01:01,86,136,5.93,3,19.02,2.75
2024-04-20 06:54:31,167,133,1.79,3,9.54,0.0
2024-04-27 19:42:10,129,54,1.2,1,7.46,2.75
2024-04-14 20:48:17,165,112,4.77,1,16.93,2.75
2024-04-05 22:32:32,257,131,8.42,2,26.67,2.75
2024-04-07 19:26:05,132,78,5.56,2,19.99,2.75
2024-04-10 13:04:50,58,263,1.81,1,7.92,0.0
2024-04-09 03:27:42,257,68,2.03,1,10.03,0.0
2024-04-16 02:39:45,141,62,1.23,1,3.0,0.0
2024-04-14 17:31:33,174,175,6.58,1,28.61,2.75
2024-04-17 13:21:31,175,236,0.9,1,6.39,0.0
2024-04-19 12:20:01,209,136,8.67,3,29.48,2.75
2024-04-04 11:31:49,204,224,3.72,1,17.77,2.75
2024-04-22 23:49:23,7,89,3.61,1,12.08,2.75
2024-04-15 07:00:16,51,107,6.87,3,21.72,0.0
2024-04-19 19:29:11,259,41,4.35,5,14.9,2.75
2024-04-23 17:49:16,178,186,1.77,2,12.15,2.75
2024-04-16 07:31:02,31,188,2.01,3,8.34,0.0
2024-04-16 17:38:10,154,9,1.17,1,11.53,2.75
2024-04-14 01:06:39,55,180,2.68,2,9.48,0.0
2024-04-12 18:34:49,156,186,0.91,1,3.0,2.75
2024-04-23 02:43:57,44,82,4.2,1,11.74,0.0
2024-04-11 12:03:45,81,177,1.15,1,7.13,2.75
2024-04-27 09:33:47,166,94,7.48,1,26.24,0.0
2024-04-21 16:05:10,30,116,4.72,1,17.39,2.75
2024-04-08 13:14:25,136,160,8.27,1,25.25,0.0
2024-04-15 12:56:22,14,245,0.82,1,3.0,0.0
2024-04-01 21:10:18,106,213,6.11,1,17.94,2.75
2024-04-09 21:54:04,75,152,7.94,1,25.69,0.0
2024-04-17 00:39:35,79,166,0.66,1,5.18,2.75
2024-04-30 11:25:41,194,143,24.95,1,79.92,2.75
2024-04-21 02:03:36,96,25,1.75,4,9.64,2.75
2024-04-06 12:54:06,40,200,1.33,1,6.85,2.75
2024-04-06 08:20:52,256,233,2.38,1,15.01,2.75
2024-04-21 00:01:36,107,4,0.53,1,4.2,0.0
2024-04-05 00:35:39,17,173,8.1,1,22.28,2.75
2024-04-06 11:12:07,15,184,1.59,1,4.61,2.75
2024-04-01 09:41:51,13,251,3.08,1,11.96,2.75
2024-04-23 05:55:35,247,112,3.92,2,11.59,0.0
2024-04-30 04:36:29,214,130,5.98,1,23.08,2.75
2024-04-12 07:40:39,151,187,1.51,1,7.5,0.0
2024-04-11 09:58:05,43,29,4.92,3,19.96,2.75
2024-04-08 01:05:46,114,158,0.94,2,5.88,2.75
2024-04-04 16:01:55,81,235,4.76,1,11.93,2.75
2024-04-06 18:51:16,141,102,9.31,1,33.46,2.75
2024-04-23 17:02:45,30,225,0.81,1,4.82,0.0
2024-04-08 01:46:53,30,232,0.93,1,5.28,2.75
2024-04-09 21:32:14,99,113,3.35,1,13.51,2.75
2024-04-01 13:04:17,94,139,0.67,1,4.24,2.75
2024-04-16 05:47:50,211,216,1.23,4,7.33,0.0
2024-04-22 06:57:13,37,184,1.24,1,6.7,0.0
2024-04-28 05:17:58,89,194,2.8,1,10.82,2.75
2024-04-28 11:48:48,255,72,1.5,1,4.14,2.75
2024-04-24 10:56:20,214,196,2.76,1,10.87,2.75
2024-04-09 04:52:34,14,240,3.08,1,11.51,0.0
2024-04-24 05:45:54,192,108,5.09,1,19.17,0.0
2024-04-02 16:15:31,182,100,10.72,1,36.26,2.75
2024-04-18 06:30:52,130,81,2.95,1,10.98,2.75
2024-04-27 03:40:43,224,17,2.03,5,7.98,0.0
2024-04-05 15:38:41,43,193,1.55,1,9.58,2.75
2024-04-24 06:02:40,181,212,4.02,1,16.02,0.0
2024-04-04 00:28:30,169,126,10.52,1,32.76,2.75
2024-04-02 00:25:55,96,126,5.56,1,16.06,2.75
2024-04-23 10:17:58,203,130,1.31,2,10.06,2.75
2024-04-03 09:46:30,68,145,8.33,1,29.13,0.0
2024-04-25 03:14:19,92,256,5.15,3,19.84,2.75
2024-04-29 15:38:59,178,23,0.98,1,3.19,0.0
2024-04-07 05:41:24,151,214,4.87,1,18.73,2.75
2024-04-24 03:27:32,47,129,1.7,1,5.66,2.75
2024-04-12 12:44:21,3,12,2.87,1,13.25,2.75
2024-04-20 17:40:15,103,141,1.75,3,7.5,0.0
2024-04-15 09:14:05,22,57,0.81,1,3.0,2.75
2024-04-23 12:41:44,116,86,5.62,3,19.74,0.0
2024-04-29 19:32:49,104,103,6.67,1,23.56,2.75
2024-04-26 20:55:07,259,143,1.42,1,7.98,2.75
2024-04-11 11:52:19,130,176,1.46,1,6.99,2.75
2024-04-23 23:04:11,48,133,2.47,1,5.86,0.0
2024-04-24 02:27:35,27,147,6.34,1,24.46,0.0
2024-04-16 02:34:49,15,12,0.78,1,6.08,2.75
2024-04-18 05:54:37,263,55,6.29,2,21.49,2.75
2024-04-07 06:55:51,134,230,9.46,1,33.45,2.75
2024-04-01 18:47:22,76,122,3.39,1,10.05,2.75
2024-04-02 01:01:33,30,233,0.72,2,3.94,2.75
2024-04-19 00:16:22,126,162,1.6,1,9.32,2.75
2024-04-03 12:20:15,84,82,0.91,1,9.58,0.0
2024-04-24 04:34:39,54,47,1.55,1,6.23,2.75
2024-04-21 07:44:16,263,160,6.35,1,18.0,0.0
2024-04-21 01:14:25,222,179,0.7,1,6.07,0.0
2024-04-01 09:59:14,2,208,1.67,1,10.27,0.0
2024-04-07 02:21:01,146,40,3.05,1,8.12,0.0
2024-04-24 15:53:44,18,214,7.75,1,25.47,0.0
2024-04-11 06:07:20,16,154,1.51,3,9.28,2.75
2024-04-04 17:41:58,159,166,5.77,1,22.77,2.75
2024-04-13 09:52:08,209,24,3.57,1,10.06,0.0
2024-04-26 23:51:49,205,115,4.45,1,15.35,0.0
2024-04-02 08:25:39,113,260,7.43,1,23.79,0.0
2024-04-22 21:16:09,178,226,0.59,4,3.0,2.75
2024-04-15 21:23:05,209,102,3.14,2,12.33,2.75
2024-04-10 00:45:16,124,131,5.31,4,19.1,2.75
2024-04-29 04:03:48,15,12,8.06,1,30.27,0.0
2024-04-16 19:40:53,45,181,1.0,1,3.0,2.75
2024-04-12 17:55:29,94,161,1.96,1,9.45,0.0
2024-04-19 03:14:07,107,114,0.79,1,3.28,2.75
2024-04-29 00:22:44,128,18,6.8,4,20.55,2.75
2024-04-30 21:22:49,38,104,7.32,1,23.92,2.75
2024-04-18 03:07:15,97,186,2.81,1,11.5,2.75
2024-04-03 04:20:56,198,93,0.57,1,3.04,2.75
2024-04-24 05:13:52,192,143,0.88,1,4.61,0.0
2024-04-03 15:28:24,7,143,3.93,1,14.27,2.75
2024-04-20 14:44:53,44,100,14.68,1,47.38,0.0
2024-04-24 15:54:51,7,62,6.89,2,25.45,2.75
2024-04-19 05:21:26,194,84,6.1,4,20.4,2.75
2024-04-07 15:10:44,1,167,2.39,2,9.87,2.75
2024-04-13 14:36:25,62,129,15.25,2,48.32,2.75
2024-04-19 09:33:09,89,67,6.6,2,25.76,2.75
2024-04-09 07:05:56,18,47,1.93,2,9.26,0.0
2024-04-01 14:13:46,108,148,5.33,2,19.26,2.75
2024-04-15 04:41:16,135,250,2.48,1,9.86,0.0
2024-04-07 14:56:52,67,137,4.28,1,15.39,2.75
2024-04-29 03:57:58,93,95,12.78,1,36.95,2.75
2024-04-03 14:15:37,138,238,1.49,1,6.12,2.75
2024-04-18 08:54:04,189,35,6.05,1,21.71,2.75
2024-04-11 18:06:08,59,258,3.62,1,13.38,2.75
2024-04-05 04:57:56,187,47,10.98,1,35.11,2.75
2024-04-17 04:58:03,235,94,1.01,1,8.38,0.0
2024-04-21 01:28:29,69,182,4.95,1,18.14,0.0
2024-04-19 01:06:01,98,190,0.63,1,3.0,0.0
2024-04-09 00:09:17,8,51,1.49,2,3.81,2.75
2024-04-05 12:31:59,134,206,1.85,5,9.95,0.0
2024-04-18 16:25:37,56,125,2.48,1,8.14,2.75
2024-04-14 07:25:47,114,212,12.26,1,39.83,2.75
2024-04-25 12:25:24,88,135,0.74,1,6.32,0.0
2024-04-24 18:24:50,138,214,1.15,1,6.49,2.75
2024-04-12 12:42:01,108,62,1.29,3,9.53,2.75
2024-04-09 04:46:02,23,54,2.43,1,9.46,2.75
2024-04-11 03:20:31,144,112,0.72,4,5.27,0.0
2024-04-24 14:13:55,144,107,12.28,1,38.5,0.0
2024-04-15 17:01:36,56,168,3.37,1,12.05,2.75
2024-04-13 06:20:22,108,74,6.37,3,23.21,2.75
2024-04-03 15:21:11,6,236,5.68,1,21.39,2.75
2024-04-05 09:02:45,30,92,4.28,1,12.23,2.75
2024-04-24 02:07:29,127,85,8.72,2,27.11,2.75
2024-04-09 04:51:02,121,75,8.64,1,28.84,2.75
2024-04-30 02:11:58,99,84,0.98,2,6.61,2.75
2024-04-16 05:26:13,166,245,8.63,1,25.94,0.0
2024-04-12 17:08:37,241,228,3.1,3,10.69,0.0
2024-04-08 11:13:08,50,83,1.59,2,8.35,2.75
2024-04-18 17:19:51,73,15,3.78,4,15.29,2.75
2024-04-05 19:16:48,52,181,1.65,1,8.24,0.0
2024-04-19 21:19:53,227,263,2.78,1,10.52,0.0
2024-04-28 02:33:55,193,78,6.43,2,19.79,0.0
2024-04-18 11:11:30,239,229,0.61,1,3.58,2.75
2024-04-14 13:06:05,10,233,1.21,1,8.16,2.75
2024-04-08 20:43:38,228,30,11.48,1,38.77,0.0
2024-04-09 02:39:40,52,155,2.56,4,8.46,0.0
2024-04-19 15:42:34,240,185,1.77,1,11.0,0.0
2024-04-13 21:36:33,99,255,9.49,5,29.44,2.75
2024-04-15 04:49:12,81,169,8.98,1,29.74,2.75
2024-04-21 02:27:37,13,81,0.66,1,3.0,0.0
2024-04-08 14:28:04,128,210,2.08,1,12.13,2.75
2024-04-19 14:21:12,11,259,9.04,2,31.32,2.75
2024-04-13 18:38:33,81,37,1.19,4,6.44,0.0
2024-04-16 07:47:50,261,54,3.52,1,12.21,2.75
2024-04-30 05:13:08,6,212,1.85,1,12.4,2.75
2024-04-20 04:49:47,222,100,5.17,1,19.05,2.75
2024-04-18 22:07:39,81,85,1.1,1,9.88,2.75
2024-04-19 10:37:25,3,213,3.67,1,13.81,0.0
2024-04-20 05:36:33,60,86,0.5,1,4.36,0.0
2024-04-28 13:45:47,221,63,1.52,3,8.73,2.75
2024-04-08 03:07:16,49,192,1.12,1,6.24,2.75
2024-04-16 23:25:46,228,93,1.32,1,7.0,2.75
2024-04-10 04:23:12,193,253,7.39,1,25.43,0.0
2024-04-05 23:09:48,257,138,9.12,1,31.61,2.75
2024-04-03 02:09:13,103,49,5.42,1,17.22,2.75
2024-04-07 11:44:56,146,121,3.62,1,13.43,0.0
2024-04-28 23:13:50,257,39,1.42,1,5.76,2.75
2024-04-09 02:26:23,189,34,1.62,1,8.66,0.0
2024-04-29 19:51:46,178,9,1.8,2,7.95,2.75
2024-04-14 19:05:02,16,188,5.75,2,18.65,2.75
2024-04-13 06:25:20,86,96,1.52,1,9.95,0.0
2024-04-29 20:15:18,248,133,13.19,1,44.44,2.75
2024-04-24 09:20:36,217,163,6.07,1,23.08,0.0
2024-04-26 11:49:35,42,139,29.1,1,92.42,2.75
2024-04-28 23:29:09,194,80,2.65,3,11.63,2.75
2024-04-06 08:54:31,163,91,3.61,1,14.68,0.0
2024-04-03 03:53:53,130,256,1.65,1,7.11,2.75
2024-04-09 07:25:12,263,148,3.74,1,16.41,0.0
2024-04-09 23:23:55,177,179,13.26,1,42.64,2.75
2024-04-26 04:03:26,27,257,0.61,2,3.21,0.0
2024-04-19 01:27:53,85,218,1.7,1,8.48,2.75
2024-04-19 02:38:38,196,79,1.66,3,6.77,2.75
2024-04-11 22:37:19,243,167,14.63,1,48.25,0.0
2024-04-25 16:59:53,177,104,1.0,2,7.05,0.0
2024-04-19 13:09:35,130,215,6.36,1,23.33,2.75
2024-04-23 01:15:50,145,75,1.62,2,4.55,0.0
2024-04-17 09:46:56,83,225,7.4,1,21.23,0.0
2024-04-08 02:02:01,88,70,2.84,1,11.44,2.75
2024-04-28 22:59:32,20,190,1.47,2,7.34,2.75
2024-04-28 12:47:17,230,106,4.83,1,19.66,0.0
2024-04-23 07:57:45,126,70,6.95,1,22.16,2.75
2024-04-18 15:21:42,51,10,2.72,1,8.76,2.75
2024-04-21 03:38:54,88,214,4.88,1,15.69,2.75
2024-04-08 16:29:40,170,5,1.2,1,3.98,0.0
2024-04-28 14:02:46,63,28,10.21,1,32.17,0.0
2024-04-24 13:30:48,89,241,0.85,1,3.0,2.75
2024-04-11 17:57:06,189,236,1.38,1,6.84,0.0
2024-04-29 05:44:15,190,92,1.69,1,7.65,0.0
2024-04-03 08:50:15,89,38,1.08,2,4.39,2.75
2024-04-18 15:40:33,26,219,2.33,1,7.54,0.0
2024-04-21 21:02:20,176,152,2.64,1,8.2,0.0
2024-04-29 21:38:25,42,192,3.06,1,6.94,2.75
2024-04-10 16:46:43,119,121,0.65,1,3.07,2.75
2024-04-04 06:12:50,169,171,1.37,3,5.69,2.75
2024-04-01 18:22:30,108,110,6.27,1,17.27,2.75
2024-04-29 04:10:06,147,144,6.32,2,24.26,0.0
2024-04-22 20:16:23,176,66,1.9,2,10.04,0.0
2024-04-26 16:22:58,189,197,2.66,2,10.14,2.75
2024-04-07 11:28:43,160,46,1.21,2,3.0,2.75
2024-04-23 08:30:51,74,149,6.54,1,24.37,2.75
2024-04-30 11:38:20,18,60,11.49,3,36.06,2.75
2024-04-12 13:39:14,140,138,1.71,2,4.49,0.0
2024-04-02 13:14:15,115,90,5.83,1,17.49,2.75
2024-04-30 22:46:49,225,212,2.02,1,7.51,0.0
2024-04-08 19:47:02,46,169,0.51,1,3.0,2.75
2024-04-10 08:59:02,38,113,3.7,1,12.3,2.75
2024-04-09 01:25:58,206,66,2.35,1,5.59,2.75
2024-04-14 05:24:07,9,118,5.47,3,21.77,2.75
2024-04-22 07:34:08,253,225,5.33,3,20.42,2.75
2024-04-16 16:27:47,108,151,10.72,1,33.13,0.0
2024-04-26 23:12:21,98,167,2.52,1,11.78,2.75
2024-04-20 13:01:12,71,95,2.81,1,9.99,2.75
2024-04-28 09:27:40,39,260,2.29,1,9.43,2.75
2024-04-12 17:02:07,90,259,1.73,2,5.29,0.0
2024-04-03 22:40:44,219,120,4.05,2,15.7,0.0
2024-04-27 17:23:09,107,74,6.66,1,24.1,2.75
2024-04-26 13:06:09,96,96,1.1,3,6.25,2.75
2024-04-02 10:20:18,32,177,14.53,1,45.03,2.75
2024-04-06 07:34:57,126,27,4.53,1,12.1,2.75
2024-04-12 19:22:34,147,211,5.8,1,21.62,2.75
2024-04-09 16:34:25,24,257,24.2,1,74.7,2.75
2024-04-30 09:15:11,209,205,2.95,1,9.79,2.75
2024-04-07 06:10:59,120,66,0.76,1,3.54,2.75
2024-04-30 03:59:57,140,150,5.97,1,20.97,2.75
2024-04-29 00:33:32,82,167,7.66,1,23.04,2.75
2024-04-25 05:29:33,208,220,1.12,2,6.71,2.75
2024-04-20 01:27:16,33,258,0.59,1,3.76,2.75
2024-04-15 08:57:15,24,203,1.01,4,4.1,2.75
2024-04-28 10:58:00,61,240,1.87,2,6.52,2.75
2024-04-11 01:42:03,189,229,9.53,3,31.79,0.0
2024-04-22 12:33:02,84,156,0.51,1,3.0,2.75
2024-04-23 19:05:10,225,218,6.2,1,19.82,2.75
2024-04-03 21:29:55,168,195,7.26,1,25.57,2.75
2024-04-14 19:12:04,186,16,6.33,3,21.28,0.0
2024-04-25 15:38:05,72,241,0.8,2,7.32,2.75
2024-04-21 17:06:56,74,252,4.48,1,16.21,2.75
2024-04-07 02:12:18,153,51,11.27,1,34.99,2.75
2024-04-26 13:05:48,96,28,0.95,1,4.87,0.0
2024-04-07 11:03:41,53,53,0.61,2,4.62,2.75
2024-04-07 08:33:59,174,116,7.74,1,24.1,2.75
2024-04-07 10:38:21,110,9,4.12,1,16.08,2.75
2024-04-15 01:20:49,51,11,4.14,1,18.56,2.75
2024-04-21 08:45:55,253,107,12.18,1,36.71,2.75
2024-04-11 09:43:25,73,258,5.64,1,20.67,2.75
2024-04-12 23:56:20,212,182,2.27,2,7.76,2.75
2024-04-06 00:30:16,212,170,2.5,1,8.63,2.75
2024-04-15 16:54:24,251,139,1.05,2,4.9,2.75
2024-04-10 02:08:52,168,111,1.77,2,6.62,0.0
2024-04-21 18:20:29,263,92,2.56,5,11.46,0.0
2024-04-09 21:19:10,230,220,1.56,1,7.28,0.0
2024-04-02 22:14:32,239,5,9.16,4,29.6,2.75
2024-04-05 14:28:30,143,20,0.54,2,4.83,2.75
2024-04-27 17:21:52,70,101,3.6,3,14.13,2.75
2024-04-02 10:05:44,174,157,5.67,1,19.47,2.75
2024-04-21 14:03:47,109,1,5.11,1,19.83,2.75
2024-04-24 21:11:39,203,212,4.11,1,15.03,2.75
2024-04-18 22:42:02,185,119,2.35,1,13.78,2.75
2024-04-07 20:20:52,92,260,9.27,3,28.48,2.75
2024-04-11 13:10:20,259,175,1.9,1,5.2,2.75
2024-04-10 14:57:40,206,134,5.35,1,18.93,0.0
2024-04-28 00:47:38,52,102,9.64,1,33.24,2.75
2024-04-30 06:12:21,181,62,0.98,1,4.76,2.75
2024-04-11 12:59:35,3,54,10.79,1,33.23,0.0
2024-04-21 09:02:54,84,7,5.74,1,19.73,0.0
2024-04-20 16:32:45,214,3,3.86,1,13.58,2.75
2024-04-11 13:32:07,34,149,2.14,2,8.54,0.0
2024-04-21 01:34:53,50,12,8.71,1,27.07,0.0
2024-04-07 11:15:24,259,104,0.66,1,3.45,0.0
2024-04-03 01:49:12,258,111,2.48,1,11.85,2.75
2024-04-10 09:11:34,182,263,5.45,1,21.4,0.0
2024-04-27 12:13:55,33,173,6.33,1,21.16,0.0
2024-04-12 06:05:46,40,95,1.29,1,4.19,2.75
2024-04-11 14:10:15,210,203,0.67,1,3.0,2.75
2024-04-18 08:19:31,136,45,6.18,1,18.52,2.75
2024-04-12 13:29:34,87,34,2.42,1,11.55,2.75
2024-04-05 23:50:13,60,211,1.04,1,5.96,2.75
2024-04-16 15:42:44,164,225,0.81,1,4.54,2.75
2024-04-29 01:20:50,3,226,4.08,1,16.52,2.75
2024-04-12 00:21:01,15,104,3.56,3,14.0,2.75
2024-04-10 23:52:41,102,221,7.23,2,19.31,2.75
2024-04-04 11:56:26,255,123,0.61,1,3.0,0.0
2024-04-15 23:46:00,225,222,7.6,1,25.21,0.0
2024-04-30 18:47:04,210,43,8.14,1,30.46,2.75
2024-04-12 21:09:13,23,210,2.57,1,13.5,2.75
2024-04-15 07:06:42,235,11,0.78,1,3.0,2.75
2024-04-02 16:21:11,131,216,10.76,1,32.24,2.75
2024-04-26 15:28:05,158,164,0.76,1,5.07,2.75
2024-04-12 05:00:52,173,225,3.63,2,14.65,0.0
2024-04-18 12:42:22,17,225,2.88,1,9.82,2.75
2024-04-26 00:56:54,185,246,6.81,1,23.97,2.75
2024-04-01 21:21:38,184,146,2.94,1,9.99,2.75
2024-04-30 13:07:31,143,191,2.72,2,9.48,2.75
2024-04-04 08:05:16,44,261,7.94,1,24.09,2.75
2024-04-24 06:02:34,12,16,12.14,1,36.18,2.75
2024-04-30 19:12:34,8,194,3.29,1,11.36,2.75
2024-04-22 04:12:33,80,9,2.62,1,12.62,2.75
2024-04-13 00:45:04,162,2,6.72,1,23.62,0.0
2024-04-29 14:42:31,216,84,6.72,4,23.2,2.75
2024-04-21 01:19:27,248,209,1.85,2,7.48,2.75
2024-04-25 08:44:18,29,58,3.5,4,13.85,0.0
2024-04-10 04:28:39,133,106,1.09,3,4.82,0.0
2024-04-09 06:38:00,5,136,4.03,1,12.99,0.0
2024-04-20 09:30:43,244,77,6.78,1,23.9,2.75
2024-04-01 09:38:21,30,210,1.23,1,5.05,2.75
2024-04-20 22:13:30,117,232,1.87,2,5.97,2.75
2024-04-26 05:45:12,178,125,2.59,1,11.13,2.75
2024-04-28 01:56:07,261,180,7.03,1,20.87,2.75
2024-04-25 18:39:54,235,214,5.1,4,18.58,2.75
2024-04-06 16:23:56,141,97,1.83,2,8.8,0.0
2024-04-04 18:55:04,50,249,1.47,3,4.34,0.0
2024-04-22 10:36:50,108,221,4.66,1,14.04,0.0
2024-04-29 12:03:36,46,13,2.79,1,13.48,2.75
2024-04-14 05:29:13,82,91,3.65,5,14.69,2.75
2024-04-04 18:48:36,126,193,4.16,1,15.95,2.75
2024-04-04 14:44:10,84,199,3.36,1,13.01,2.75
2024-04-08 00:10:09,71,260,3.82,1,15.39,2.75
2024-04-13 10:22:15,175,64,8.15,1,28.38,0.0
2024-04-10 21:48:21,91,232,7.59,1,23.66,0.0
2024-04-20 23:21:30,249,227,1.06,1,5.3,0.0
2024-04-19 16:32:17,132,167,3.59,1,12.39,2.75
2024-04-11 08:02:44,169,251,2.53,1,11.24,2.75
2024-04-23 16:47:55,60,186,1.68,1,7.88,2.75
2024-04-05 15:58:39,241,249,3.99,1,17.0,2.75
2024-04-14 03:26:04,190,138,3.0,1,12.06,2.75
2024-04-02 10:59:51,232,109,5.72,2,19.73,2.75
2024-04-05 15:52:12,15,44,0.84,1,6.65,2.75
2024-04-06 20:34:39,41,201,1.76,4,9.43,2.75
2024-04-23 13:40:13,208,104,0.59,1,6.72,0.0
2024-04-14 02:37:38,60,120,5.3,1,18.81,2.75
2024-04-23 23:26:49,240,28,9.02,1,33.67,2.75
2024-04-02 11:38:42,96,107,3.6,1,15.15,2.75
2024-04-08 14:29:11,160,28,3.86,1,18.27,2.75
2024-04-01 03:08:23,209,186,0.67,1,4.68,2.75
2024-04-15 00:10:09,133,195,2.95,3,15.89,0.0
2024-04-16 00:37:46,97,146,3.12,3,13.29,2.75
2024-04-12 16:26:52,219,260,0.64,1,3.0,2.75
2024-04-22 05:04:44,71,177,5.84,2,18.12,2.75
2024-04-26 10:12:48,134,128,1.64,2,6.83,2.75
2024-04-28 09:23:30,66,106,5.0,1,16.88,2.75
2024-04-13 08:43:19,127,211,2.3,1,10.08,0.0
2024-04-09 08:50:35,205,11,19.53,1,64.61,2.75
2024-04-06 16:07:22,117,17,1.33,3,7.14,2.75
2024-04-06 07:18:18,149,66,0.71,1,3.0,2.75
2024-04-13 02:55:43,194,113,14.18,3,45.92,2.75
2024-04-18 15:43:36,168,132,1.48,3,6.14,0.0
2024-04-02 05:13:48,179,71,4.03,1,13.89,0.0
2024-04-05 22:25:46,148,61,2.14,1,8.55,2.75
2024-04-21 07:41:32,57,244,4.07,1,13.98,2.75
2024-04-11 05:34:16,5,5,3.67,1,10.92,2.75
2024-04-21 00:37:08,14,21,4.8,4,17.09,0.0
2024-04-23 12:46:33,216,186,0.57,1,7.69,2.75
2024-04-19 03:52:03,175,209,6.83,1,24.59,0.0
2024-04-23 05:40:14,3,231,2.78,1,8.46,2.75
2024-04-20 23:34:30,137,14,3.06,2,6.62,2.75
2024-04-01 13:34:34,100,79,2.35,3,10.21,0.0
2024-04-19 18:42:52,83,182,16.41,2,52.89,2.75
2024-04-09 05:07:42,132,78,6.16,1,22.13,2.75
2024-04-14 01:00:25,1,51,1.81,3,8.16,2.75
2024-04-08 20:24:10,116,257,5.85,1,17.98,0.0
2024-04-06 10:40:52,202,18,2.51,1,13.36,0.0
2024-04-18 02:38:21,140,218,7.64,1,25.17,2.75
2024-04-25 18:21:26,146,100,0.61,1,3.29,0.0
2024-04-08 03:15:29,202,149,2.04,1,9.61,2.75
2024-04-30 00:59:15,152,155,2.47,1,8.9,0.0
2024-04-26 17:36:01,222,102,5.27,1,16.04,2.75
2024-04-06 02:47:41,79,115,1.2,1,5.13,2.75
2024-04-27 04:08:06,200,92,1.68,1,8.02,2.75
2024-04-06 15:49:32,250,21,5.0,1,20.12,2.75
2024-04-14 00:13:14,99,120,0.78,2,3.0,0.0
2024-04-14 14:53:28,213,19,1.29,1,7.22,2.75
2024-04-02 21:17:18,143,24,5.4,1,20.38,2.75
2024-04-11 18:28:11,190,26,7.79,1,26.68,2.75
2024-04-15 02:02:39,52,153,5.07,2,18.98,2.75
2024-04-16 21:49:32,112,202,3.12,1,14.69,2.75
2024-04-28 06:24:34,135,139,0.87,1,6.99,2.75
2024-04-26 19:13:51,112,24,6.65,1,21.66,2.75
2024-04-27 14:40:05,13,12,0.96,2,7.29,2.75
2024-04-07 22:48:50,233,135,2.2,1,9.42,0.0
2024-04-15 04:52:45,44,81,0.68,1,6.11,2.75
2024-04-13 11:23:53,73,70,4.83,1,14.49,0.0
2024-04-30 20:00:40,261,204,2.95,1,11.0,2.75
2024-04-06 00:57:03,231,79,8.84,1,30.23,2.75
2024-04-14 19:22:09,33,199,1.02,3,5.31,0.0
2024-04-04 17:49:50,68,156,6.49,1,23.04,0.0
2024-04-28 07:45:31,16,76,3.0,1,14.19,2.75
2024-04-20 06:17:01,150,219,2.1,2,8.25,2.75
2024-04-20 04:11:11,102,49,4.11,3,16.6,0.0
2024-04-18 05:08:51,186,98,5.97,4,18.35,2.75
2024-04-23 13:56:01,25,21,2.53,1,11.61,0.0
2024-04-02 14:29:23,72,23,1.43,1,3.53,2.75
2024-04-10 01:31:06,81,138,9.16,5,30.37,2.75
2024-04-18 23:50:23,61,230,1.81,1,8.26,2.75
2024-04-09 03:59:12,18,29,22.69,1,74.01,0.0
2024-04-24 16:27:55,242,21,5.6,4,18.33,2.75
2024-04-29 01:06:24,58,99,4.57,1,12.22,2.75
2024-04-07 22:04:57,57,63,0.54,1,5.17,2.75
2024-04-09 22:40:00,97,133,2.58,1,8.22,2.75
2024-04-16 01:49:09,215,15,2.94,1,11.44,2.75
2024-04-24 15:29:59,12,105,2.15,1,7.63,0.0
2024-04-23 00:34:57,11,111,1.07,3,5.3,2.75
2024-04-14 11:19:10,163,111,2.1,1,4.51,2.75
2024-04-07 08:32:28,217,4,0.77,1,3.0,0.0
2024-04-06 14:28:10,241,152,1.7,1,8.36,0.0
2024-04-11 02:41:38,45,42,0.81,1,4.64,2.75
2024-04-23 09:42:20,81,26,5.39,1,16.38,0.0
2024-04-09 14:13:26,255,194,4.39,1,14.57,2.75
2024-04-10 18:23:24,67,8,10.34,1,34.5,2.75
2024-04-12 03:06:08,102,73,2.17,3,8.45,0.0
2024-04-19 07:04:37,91,78,5.9,1,21.07,2.75
2024-04-18 23:48:30,42,148,3.6,1,11.55,2.75
2024-04-22 04:33:35,77,68,4.14,1,16.02,0.0
2024-04-28 14:52:58,234,183,3.28,1,11.86,2.75
2024-04-03 15:08:06,202,85,5.79,3,20.63,2.75
2024-04-30 08:08:57,221,79,0.65,1,5.03,2.75
2024-04-10 09:41:01,262,39,0.79,1,4.06,2.75
2024-04-03 16:38:52,39,20,0.85,1,4.34,2.75
2024-04-20 21:17:04,11,70,1.69,1,7.27,2.75
2024-04-11 16:40:44,112,156,3.63,1,14.76,2.75
2024-04-27 17:43:02,108,117,4.13,1,18.35,2.75
2024-04-17 01:10:52,94,28,4.86,1,15.5,2.75
2024-04-26 23:48:26,84,98,1.65,4,9.38,2.75
2024-04-04 07:19:15,58,151,4.18,1,14.51,2.75
2024-04-06 03:23:11,16,22,0.94,2,5.11,2.75
2024-04-18 09:18:57,93,261,0.54,1,4.69,2.75
2024-04-18 23:41:34,165,60,4.65,1,15.54,2.75
2024-04-28 21:53:23,215,163,4.9,1,16.48,0.0
2024-04-11 15:43:17,144,114,3.91,1,17.97,2.75
2024-04-24 15:35:38,138,196,1.55,1,7.32,0.0
2024-04-18 04:50:05,204,45,9.68,1,32.53,2.75
2024-04-03 14:24:55,210,113,7.8,3,29.54,2.75
2024-04-13 18:04:04,19,179,3.04,1,15.2,2.75
2024-04-18 03:23:26,162,56,16.33,1,51.14,2.75
2024-04-07 15:13:09,130,115,1.74,1,6.17,2.75
2024-04-17 07:51:46,44,167,2.86,2,8.93,2.75
2024-04-29 19:01:22,83,115,9.71,1,29.28,2.75
2024-04-22 07:17:14,124,80,2.67,1,9.66,0.0
2024-04-08 16:06:24,27,29,2.73,3,8.49,0.0
2024-04-22 09:17:45,7,42,0.79,1,4.74,2.75
2024-04-28 01:38:03,199,119,1.33,1,5.06,2.75
2024-04-23 23:41:02,112,62,1.1,1,5.13,0.0
2024-04-11 15:24:44,89,155,3.42,1,12.56,2.75
2024-04-09 03:27:30,128,189,1.84,1,7.38,2.75
2024-04-15 21:28:56,230,104,0.78,1,3.0,2.75
2024-04-04 23:47:35,18,57,3.0,1,12.21,2.75
2024-04-19 00:12:59,161,172,4.37,1,18.07,2.75
2024-04-13 10:36:01,166,156,5.17,2,20.42,2.75
2024-04-05 23:49:34,260,165,6.86,1,24.79,2.75
2024-04-28 12:32:15,190,69,2.8,2,10.36,2.75
2024-04-14 03:01:46,217,58,2.23,1,7.93,0.0
2024-04-21 21:04:07,207,207,4.53,1,17.5,2.75
2024-04-04 06:48:27,153,85,0.55,1,4.8,2.75
2024-04-29 15:29:28,181,101,4.01,1,15.94,2.75
2024-04-23 19:44:16,212,251,2.32,2,13.15,2.75
2024-04-18 02:37:16,203,220,2.61,1,10.29,2.75
2024-04-12 10:00:20,205,160,1.73,2,6.18,0.0
2024-04-17 18:55:03,153,187,0.98,1,4.38,2.75
2024-04-21 13:57:34,170,87,2.3,1,9.68,2.75
2024-04-29 06:24:26,241,155,1.79,3,6.73,0.0
2024-04-03 19:36:13,245,164,11.78,1,39.33,2.75
2024-04-05 00:34:57,80,68,10.56,1,35.58,2.75
2024-04-15 00:12:35,92,212,4.11,2,17.41,0.0
2024-04-15 02:32:38,149,120,8.69,1,31.16,2.75
2024-04-13 02:48:34,30,185,5.37,2,13.56,0.0
2024-04-20 03:55:43,123,216,1.99,1,6.9,2.75
2024-04-12 01:38:51,29,130,3.74,1,13.94,2.75
2024-04-15 21:27:16,259,78,1.37,1,4.37,2.75
2024-04-22 20:11:46,186,170,4.57,1,16.1,0.0
2024-04-10 02:35:58,75,38,0.66,3,3.0,2.75
2024-04-04 19:55:04,45,55,6.73,1,21.86,0.0
2024-04-13 16:33:33,69,46,3.56,1,16.53,2.75
2024-04-06 23:59:09,210,171,0.71,3,7.09,0.0
2024-04-10 05:39:28,239,130,7.69,2,25.63,0.0
2024-04-01 21:58:03,192,164,7.85,1,24.29,2.75
2024-04-24 08:18:27,103,70,7.21,1,24.82,2.75
2024-04-17 09:00:21,241,69,5.71,1,15.35,2.75
2024-04-20 01:40:08,253,105,4.47,2,17.27,2.75
2024-04-08 13:40:37,220,54,2.27,1,10.48,2.75
2024-04-22 19:24:36,217,248,1.01,1,3.21,2.75
2024-04-21 21:17:53,202,106,1.69,1,10.28,2.75
2024-04-08 01:26:36,29,97,1.99,1,7.32,2.75
2024-04-09 06:44:32,212,27,2.05,1,6.86,2.75
2024-04-10 00:15:13,154,72,3.42,1,13.15,2.75
2024-04-02 20:28:01,231,185,1.32,1,3.86,0.0
2024-04-23 04:51:57,102,134,1.24,2,4.53,2.75
2024-04-05 11:56:30,177,174,4.92,2,18.0,2.75
2024-04-21 10:33:02,181,98,0.53,2,3.23,0.0
2024-04-11 08:04:53,232,64,1.07,3,8.57,0.0
2024-04-12 02:26:32,12,113,2.5,1,6.93,0.0
2024-04-25 20:45:47,186,65,1.07,4,5.94,2.75
2024-04-28 13:04:37,249,216,11.75,1,39.79,0.0
2024-04-30 10:23:36,135,89,4.38,1,17.26,2.75
2024-04-28 15:43:03,245,247,2.48,1,8.59,0.0
2024-04-02 21:34:13,31,149,0.92,1,8.95,2.75
2024-04-07 20:53:06,259,240,2.2,1,5.39,2.75
2024-04-22 18:32:55,104,6,4.18,1,14.99,2.75
2024-04-21 14:14:00,1,237,12.64,5,42.29,0.0
2024-04-13 14:14:35,207,238,2.74,3,13.18,2.75
2024-04-17 15:02:16,135,139,4.63,3,14.61,2.75
2024-04-30 10:17:17,89,165,1.26,1,6.59,2.75
2024-04-20 07:40:11,195,185,3.92,3,15.87,2.75
2024-04-16 17:38:27,122,154,1.46,1,6.55,2.75
2024-04-16 13:56:48,116,106,1.27,3,3.93,2.75
2024-04-04 21:29:45,196,149,2.99,3,8.04,0.0
2024-04-21 14:03:19,36,185,1.33,1,5.19,0.0
2024-04-01 06:13:51,67,191,4.97,1,16.31,0.0
2024-04-15 09:18:51,133,163,10.19,1,31.56,2.75
2024-04-08 11:43:28,11,201,2.25,4,12.98,0.0
2024-04-07 15:17:21,218,106,1.86,1,9.2,2.75
2024-04-04 02:35:12,156,215,1.18,3,5.47,2.75
2024-04-03 00:54:36,240,220,2.23,1,8.75,2.75
2024-04-24 17:25:49,60,217,3.37,2,12.29,2.75
2024-04-15 16:18:20,138,29,2.13,1,10.08,2.75
2024-04-23 13:02:43,50,238,3.91,1,12.07,2.75
2024-04-19 20:44:09,167,64,4.3,1,13.49,0.0
2024-04-22 19:37:57,165,96,0.86,5,5.03,0.0
2024-04-08 20:32:38,189,154,4.69,1,11.05,2.75
2024-04-01 14:07:41,92,28,8.57,1,26.6,0.0
2024-04-08 12:56:46,75,176,0.59,1,6.06,2.75
2024-04-09 08:16:41,45,251,3.31,5,14.01,2.75
2024-04-25 09:03:50,53,194,3.74,1,10.5,0.0
2024-04-24 01:04:43,175,39,4.83,1,16.77,0.0
2024-04-04 18:15:12,161,69,2.21,3,6.48,2.75
2024-04-19 19:05:11,67,120,6.48,2,20.41,0.0
2024-04-10 18:28:12,124,86,3.22,2,10.9,2.75
2024-04-21 22:18:42,182,177,2.34,1,10.83,2.75
2024-04-17 17:01:57,182,94,4.95,1,19.22,2.75
2024-04-03 11:44:08,36,92,9.68,2,30.51,2.75
2024-04-20 13:38:16,212,81,6.35,1,18.52,0.0
2024-04-11 14:40:38,134,228,9.84,1,28.41,2.75
2024-04-14 22:54:23,178,88,1.58,5,9.5,0.0
2024-04-01 09:15:20,166,128,0.94,1,4.75,2.75
2024-04-04 18:50:25,46,190,3.18,1,11.6,0.0
2024-04-05 05:12:39,156,134,0.66,1,3.0,2.75
2024-04-11 22:09:53,236,136,4.43,1,17.61,2.75
2024-04-16 03:28:27,60,40,1.46,1,8.08,0.0
2024-04-11 21:59:47,5,138,2.62,1,9.48,2.75
2024-04-29 23:33:17,181,256,4.23,5,13.31,0.0
2024-04-19 11:48:10,145,85,2.81,1,11.28,0.0
2024-04-02 03:58:54,223,27,1.44,1,3.09,0.0
2024-04-02 19:48:22,237,230,7.93,1,27.25,2.75
2024-04-15 04:30:11,13,132,5.56,2,18.55,2.75
2024-04-14 06:38:07,16,91,3.72,1,14.01,2.75
2024-04-09 10:38:17,92,229,4.7,2,16.51,0.0
2024-04-22 15:04:30,248,27,2.38,1,11.33,0.0
2024-04-02 03:26:58,19,199,2.15,1,10.76,2.75
2024-04-02 18:19:20,103,154,1.11,4,7.91,0.0
2024-04-08 04:02:49,95,43,6.2,1,21.29,2.75
2024-04-07 11:52:45,213,110,2.18,1,8.88,0.0
2024-04-29 14:20:58,37,111,4.63,1,15.03,2.75
2024-04-11 19:06:57,61,1,1.75,1,6.58,2.75
2024-04-26 02:44:27,244,140,6.06,1,21.38,2.75
2024-04-02 15:16:38,6,178,0.89,5,5.2,2.75
2024-04-19 03:27:08,165,60,3.93,1,16.72,2.75
2024-04-26 05:38:58,13,183,6.27,1,20.84,2.75
2024-04-24 01:33:45,25,221,4.28,1,12.46,2.75
2024-04-14 21:14:30,224,227,4.67,1,16.8,2.75
2024-04-23 16:03:57,123,144,3.11,1,13.68,2.75
2024-04-07 21:10:04,129,224,3.37,1,13.63,2.75
2024-04-24 17:25:27,122,52,0.74,1,5.66,2.75
2024-04-04 01:28:20,35,81,1.51,2,9.05,2.75
2024-04-26 02:04:38,83,149,4.98,2,17.86,2.75
2024-04-08 09:34:42,182,27,10.68,1,31.25,2.75
2024-04-27 19:55:23,76,232,3.23,1,13.87,2.75
2024-04-18 13:31:49,104,111,5.03,4,18.15,2.75
2024-04-23 10:59:29,232,79,4.53,1,15.84,2.75
2024-04-15 02:04:20,43,127,26.37,1,79.16,2.75
2024-04-12 22:31:59,93,182,6.05,1,19.05,2.75
2024-04-25 04:21:11,144,119,3.96,1,10.69,0.0
2024-04-10 03:15:52,254,178,0.93,1,4.21,2.75
2024-04-06 14:33:30,78,201,2.08,1,7.53,2.75
2024-04-24 10:53:15,263,70,1.51,1,6.78,2.75
2024-04-17 02:11:21,70,158,7.23,1,27.31,2.75
2024-04-27 21:07:46,149,98,2.57,3,12.12,2.75
2024-04-22 10:15:17,214,205,3.18,1,12.11,2.75
2024-04-19 20:14:54,147,86,12.22,1,37.65,2.75
2024-04-23 12:47:10,25,85,6.84,1,20.72,2.75
2024-04-19 03:42:40,109,215,5.96,1,22.52,0.0
2024-04-06 09:22:37,181,133,1.04,5,3.05,2.75
2024-04-26 19:13:00,251,247,0.58,3,3.0,2.75
2024-04-27 22:49:59,203,141,0.97,1,10.54,2.75
2024-04-12 12:37:23,170,76,5.22,3,17.76,0.0
2024-04-08 05:54:05,175,98,2.35,1,13.7,2.75
2024-04-18 03:27:15,170,55,0.94,1,4.61,2.75
2024-04-04 11:40:07,2,259,5.2,1,20.59,2.75
2024-04-17 11:49:05,134,22,1.26,1,6.81,2.75
2024-04-17 02:32:18,127,35,3.61,2,11.93,0.0
2024-04-28 08:39:59,46,28,5.24,1,16.43,0.0
2024-04-09 08:08:08,194,170,3.78,1,9.39,2.75
2024-04-07 21:39:47,209,140,18.2,2,55.1,2.75
2024-04-05 20:24:25,58,129,2.49,1,11.34,0.0
2024-04-01 08:46:25,78,100,1.81,1,7.78,0.0
2024-04-17 22:36:47,202,247,1.29,1,5.23,0.0
2024-04-19 17:00:49,62,23,2.95,1,11.11,0.0
2024-04-04 08:18:22,126,113,7.2,1,26.0,2.75
2024-04-16 11:18:57,49,197,10.78,1,32.07,0.0
2024-04-23 21:31:21,88,164,13.02,1,42.24,2.75
2024-04-28 12:17:54,261,56,3.15,1,8.95,2.75
2024-04-13 15:00:05,179,10,3.75,1,8.17,2.75
2024-04-03 21:17:54,69,133,3.55,1,11.91,2.75
2024-04-04 00:15:16,60,152,2.7,1,9.62,0.0
2024-04-22 21:34:24,249,191,1.08,1,5.07,2.75
2024-04-01 05:32:55,169,243,0.74,3,4.5,2.75
2024-04-02 19:49:55,112,190,2.51,4,11.07,2.75
2024-04-15 13:25:49,100,115,1.22,5,4.66,0.0
2024-04-12 20:42:19,215,234,8.12,1,24.17,2.75
2024-04-16 13:17:42,113,81,5.52,1,21.2,2.75
2024-04-05 11:47:56,97,193,3.87,1,16.63,0.0
2024-04-08 23:48:13,118,258,0.67,4,4.9,2.75
2024-04-08 04:56:45,36,231,3.91,1,15.13,2.75
2024-04-09 09:31:35,124,14,3.9,1,16.17,2.75
2024-04-16 13:49:26,40,14,2.52,1,12.05,2.75
2024-04-26 10:43:31,141,44,4.25,1,12.82,2.75
2024-04-09 19:39:45,26,210,7.33,1,24.0,2.75
2024-04-27 14:12:54,142,40,5.47,1,15.56,2.75
2024-04-22 18:28:21,57,34,2.74,1,11.25,0.0
2024-04-23 16:40:26,150,235,1.56,2,8.36,2.75
2024-04-16 22:52:49,205,234,2.77,1,8.05,0.0
2024-04-29 01:19:30,76,229,10.71,1,35.93,2.75
2024-04-25 04:36:52,210,128,6.5,2,23.89,0.0
2024-04-12 23:55:48,258,209,0.6,1,7.28,2.75
2024-04-26 22:46:24,259,80,5.85,1,19.73,0.0
2024-04-02 18:29:59,184,176,1.15,1,6.9,0.0
2024-04-05 00:50:19,11,233,3.46,2,15.52,2.75
2024-04-01 17:02:47,160,118,6.25,2,18.88,0.0
2024-04-09 17:15:15,260,166,3.38,1,12.35,0.0
2024-04-05 16:43:24,88,142,2.31,5,6.85,2.75
2024-04-15 20:46:22,184,247,1.86,1,8.17,2.75
2024-04-13 15:41:54,16,177,1.77,1,7.35,0.0
2024-04-13 01:32:57,244,168,6.86,1,21.8,2.75
2024-04-27 14:44:44,86,25,6.6,1,23.53,2.75
2024-04-05 10:18:49,199,191,6.57,1,20.69,0.0
2024-04-23 03:00:27,10,15,1.66,1,6.68,2.75
2024-04-13 08:46:32,164,16,6.11,2,23.06,2.75
2024-04-12 02:35:44,24,127,0.63,3,8.43,2.75
2024-04-11 16:36:20,64,28,1.31,2,9.29,2.75
2024-04-17 23:01:31,238,263,3.03,2,12.12,2.75
2024-04-29 13:35:52,238,152,2.33,1,10.96,2.75
2024-04-03 11:19:27,22,68,0.92,1,5.85,2.75
2024-04-23 11:40:11,180,37,0.65,1,3.0,2.75
2024-04-27 18:35:36,47,35,3.81,3,10.69,0.0
2024-04-04 10:48:10,224,134,1.82,1,7.39,2.75
2024-04-04 16:09:08,218,161,0.56,1,8.02,0.0
2024-04-15 06:05:34,237,224,2.47,2,7.53,0.0
2024-04-16 08:24:43,204,110,1.78,1,9.3,0.0
2024-04-02 01:38:44,19,102,3.51,1,10.53,2.75
2024-04-27 20:38:08,180,182,9.8,1,33.72,2.75
2024-04-21 21:36:48,162,147,1.79,1,8.99,2.75
2024-04-16 06:49:27,61,216,21.0,1,62.97,2.75
2024-04-01 07:15:55,85,139,0.81,1,5.16,0.0
2024-04-04 22:56:55,35,188,0.82,1,6.27,2.75
2024-04-20 13:22:35,5,88,4.87,3,17.57,0.0
2024-04-06 07:54:54,76,247,5.33,1,20.88,2.75
2024-04-27 00:02:13,253,186,2.42,1,11.19,2.75
2024-04-30 09:41:16,7,88,1.68,1,11.24,2.75
2024-04-01 09:38:27,169,152,6.03,1,23.76,2.75
2024-04-11 20:30:41,130,200,11.45,1,37.85,2.75
2024-04-19 03:17:33,138,246,16.58,1,53.89,0.0
2024-04-23 04:22:25,91,216,4.02,1,14.14,2.75
2024-04-05 02:08:19,163,74,5.22,2,18.99,2.75
2024-04-14 23:17:48,253,160,6.55,1,23.49,2.75
2024-04-18 14:58:08,201,255,6.11,2,19.74,0.0
2024-04-02 23:15:02,20,17,18.07,3,59.77,2.75
2024-04-05 13:31:14,229,138,6.32,1,20.7,2.75
2024-04-03 12:21:25,163,6,4.3,1,16.01,0.0
2024-04-17 01:16:20,165,219,2.15,1,8.59,2.75
2024-04-14 23:34:12,232,1,3.69,2,16.51,2.75
2024-04-20 19:52:16,238,64,7.93,1,23.54,0.0
2024-04-28 16:48:13,120,209,1.78,1,5.28,2.75
2024-04-16 00:17:56,107,1,0.61,4,3.14,2.75
2024-04-21 03:03:13,250,189,1.89,1,7.42,2.75
2024-04-14 16:01:27,198,247,11.79,1,37.98,0.0
2024-04-21 22:06:50,220,257,6.03,1,18.03,2.75
2024-04-03 20:12:26,151,174,1.23,1,6.69,0.0
2024-04-23 06:33:21,220,109,0.54,1,3.0,2.75
2024-04-22 22:43:40,216,60,4.37,1,15.88,2.75
2024-04-02 16:41:10,156,43,3.53,5,15.47,2.75
2024-04-16 19:47:03,216,38,0.8,1,6.62,2.75
2024-04-13 05:05:46,114,258,12.33,1,38.79,2.75
2024-04-29 02:28:01,161,82,3.87,1,12.89,2.75
2024-04-01 21:59:01,98,221,4.19,5,20.21,2.75
2024-04-01 03:21:55,157,111,7.22,1,25.54,2.75
2024-04-16 13:07:56,162,136,1.94,1,9.63,2.75
2024-04-29 19:00:31,42,23,3.36,1,14.6,0.0
2024-04-19 05:27:13,180,59,3.5,3,14.14,2.75
2024-04-24 17:08:11,51,140,12.48,1,41.07,0.0
2024-04-29 21:00:38,252,116,0.99,1,6.18,2.75
2024-04-14 13:07:19,120,204,5.48,1,19.59,2.75
2024-04-10 05:17:37,75,158,3.5,1,12.45,2.75
2024-04-08 11:48:16,162,196,7.03,4,23.45,0.0
2024-04-18 22:21:42,149,212,6.74,1,25.78,2.75
2024-04-20 10:18:07,123,41,0.54,1,5.84,2.75
2024-04-10 06:15:01,141,7,1.54,1,5.5,0.0
2024-04-23 16:16:46,182,105,1.2,1,7.98,2.75
2024-04-20 11:39:01,257,45,2.67,1,10.38,2.75
2024-04-22 01:30:22,245,38,8.75,1,27.29,2.75
2024-04-13 02:04:17,86,164,0.52,1,4.91,2.75
2024-04-25 19:57:52,71,81,2.84,1,9.33,0.0
2024-04-12 04:01:58,180,58,8.06,3,24.89,2.75
2024-04-06 17:59:18,149,123,9.62,1,33.95,2.75
2024-04-14 20:00:25,6,195,4.25,1,12.83,2.75
2024-04-14 14:05:30,148,193,6.7,1,23.02,2.75
2024-04-06 04:37:05,168,104,1.87,2,9.89,0.0
2024-04-01 07:57:05,9,112,1.68,2,5.92,2.75
2024-04-18 10:47:10,178,132,0.68,2,6.77,2.75
2024-04-15 18:37:27,116,96,2.95,5,12.62,2.75
2024-04-06 15:33:31,96,83,2.63,1,17.3,0.0
2024-04-15 03:34:31,56,170,2.13,1,9.23,2.75
2024-04-30 06:06:16,207,49,0.92,1,9.05,0.0
2024-04-04 15:50:05,105,135,1.42,1,4.4,2.75
2024-04-02 04:09:36,35,199,1.3,1,4.87,2.75
2024-04-23 03:42:22,209,35,10.59,1,36.54,2.75
2024-04-16 09:30:28,147,204,12.38,2,38.59,2.75
2024-04-02 19:54:16,81,241,0.51,1,3.15,2.75
2024-04-08 08:14:17,50,43,1.15,2,9.77,2.75
2024-04-06 08:33:05,87,78,8.19,1,28.49,0.0
2024-04-20 09:37:53,191,36,0.64,1,5.57,2.75
2024-04-23 22:52:47,1,174,10.55,2,34.79,2.75
2024-04-18 22:03:49,138,135,2.17,2,9.85,2.75
2024-04-12 07:41:20,136,140,3.21,1,8.69,2.75
2024-04-09 14:14:48,154,55,5.55,1,19.54,0.0
2024-04-24 14:15:40,162,252,1.48,1,5.61,2.75
2024-04-08 21:36:08,19,180,0.87,1,7.21,2.75
2024-04-30 19:25:18,243,13,6.31,1,20.07,0.0
2024-04-09 08:23:04,129,204,15.11,1,46.78,2.75
2024-04-30 02:58:11,176,63,4.26,1,12.61,0.0
2024-04-07 00:22:57,84,74,6.6,1,23.62,2.75
2024-04-27 23:08:21,222,155,10.42,1,36.67,2.75
2024-04-30 21:15:17,145,7,1.41,1,4.99,0.0
2024-04-12 08:54:29,106,153,2.01,1,7.24,2.75
2024-04-01 10:05:21,11,44,1.37,1,8.65,2.75
2024-04-29 03:43:13,166,36,0.72,1,4.58,0.0
2024-04-02 19:28:18,196,97,5.11,5,18.3,2.75
2024-04-23 10:32:42,231,165,1.05,1,6.74,0.0
2024-04-05 13:36:23,147,234,0.84,1,4.57,2.75
2024-04-28 00:45:41,238,103,2.05,2,7.95,2.75
2024-04-13 17:41:40,13,7,0.72,3,3.0,2.75
2024-04-19 05:56:30,219,94,1.19,1,4.05,2.75
2024-04-17 04:51:12,257,121,0.75,1,3.0,2.75
2024-04-13 10:58:19,2,37,7.84,2,26.35,2.75
2024-04-23 16:59:37,210,21,5.8,3,20.23,0.0
2024-04-08 16:34:28,225,98,7.37,3,25.54,2.75
2024-04-27 16:32:18,194,21,7.6,1,27.07,2.75
2024-04-23 10:35:04,196,232,10.62,1,34.82,2.75
2024-04-12 21:40:00,260,72,1.22,2,3.38,2.75
2024-04-11 04:28:32,57,52,8.56,1,26.81,2.75
2024-04-05 03:38:10,113,222,3.11,1,9.85,0.0
2024-04-01 22:12:53,213,167,1.14,4,4.0,0.0
2024-04-08 08:08:42,244,205,4.23,5,16.32,0.0
2024-04-24 15:27:03,117,138,1.89,4,8.31,2.75
2024-04-13 03:09:33,87,36,0.67,1,3.0,2.75
2024-04-18 09:13:45,263,95,0.79,1,6.34,2.75
2024-04-28 14:27:13,113,16,2.43,1,9.38,2.75
2024-04-30 23:54:21,164,237,6.63,2,20.91,2.75
2024-04-23 03:16:24,4,164,1.8,1,8.73,2.75
2024-04-19 11:11:16,118,90,5.59,1,22.02,0.0
2024-04-03 14:30:49,23,108,0.7,1,3.33,2.75
2024-04-16 05:53:11,233,84,2.25,2,7.38,2.75
2024-04-27 04:50:55,90,255,0.98,2,6.34,2.75
2024-04-25 05:48:49,255,165,7.47,1,25.27,0.0
2024-04-09 15:36:59,92,200,12.54,2,39.26,0.0
2024-04-13 11:58:44,155,157,1.88,1,6.93,2.75
2024-04-15 09:39:40,115,31,16.24,3,51.52,2.75
2024-04-22 06:03:05,207,66,5.38,1,16.32,0.0
2024-04-26 20:16:24,81,89,0.5,1,3.18,2.75
2024-04-16 13:11:39,103,259,2.82,2,9.57,0.0
2024-04-28 13:22:12,80,253,6.79,1,21.04,2.75
2024-04-20 03:39:13,103,234,3.17,1,12.51,2.75
2024-04-13 18:08:47,240,107,3.29,4,16.08,2.75
2024-04-05 16:26:12,33,69,2.58,2,7.14,0.0
2024-04-20 20:31:39,35,201,2.26,5,11.01,2.75
2024-04-07 14:38:27,249,53,0.6,1,4.49,0.0
2024-04-25 00:30:06,50,241,3.9,1,6.31,0.0
2024-04-12 16:09:19,242,175,5.59,1,18.54,2.75
2024-04-30 03:15:34,152,42,5.97,1,27.27,0.0
2024-04-25 03:30:13,147,260,3.93,1,10.19,2.75
2024-04-18 09:08:01,39,210,1.96,1,10.75,2.75
2024-04-23 03:35:22,189,42,0.58,1,5.08,2.75
2024-04-07 08:28:04,25,170,8.41,1,25.92,0.0
2024-04-24 03:20:54,244,259,2.46,4,10.87,2.75
2024-04-10 20:15:38,223,204,3.72,2,14.51,2.75
2024-04-12 10:17:51,230,163,1.26,1,6.16,2.75
2024-04-01 16:26:22,153,105,1.04,1,5.0,2.75
2024-04-29 07:34:19,108,178,0.82,1,4.18,2.75
2024-04-28 18:16:46,33,191,6.11,1,21.43,0.0
2024-04-16 19:40:08,111,124,4.14,5,15.96,2.75
2024-04-20 16:41:07,121,198,3.9,1,16.16,2.75
2024-04-14 18:09:14,16,99,9.31,2,30.11,2.75
2024-04-10 12:42:26,227,6,1.1,1,6.52,2.75
2024-04-03 23:48:37,11,43,1.15,1,3.37,2.75
2024-04-12 01:19:14,203,141,1.24,2,3.0,2.75
2024-04-16 16:58:53,202,39,2.43,1,8.93,2.75
2024-04-26 20:37:16,98,162,7.76,1,23.46,0.0
2024-04-09 03:57:55,116,195,7.96,1,26.36,2.75
2024-04-09 15:46:53,232,104,3.63,4,14.22,0.0
2024-04-15 11:47:58,111,245,4.26,1,15.45,2.75
2024-04-02 16:08:59,12,65,8.48,1,26.91,2.75
2024-04-05 21:50:26,21,201,3.93,4,12.59,0.0
2024-04-17 10:08:17,127,242,1.41,1,8.15,0.0
2024-04-25 09:57:21,121,7,4.77,1,18.98,2.75
2024-04-09 02:32:16,124,219,5.64,2,19.44,2.75
2024-04-09 02:09:16,33,3,4.03,3,13.05,2.75
2024-04-24 00:34:11,170,22,1.62,3,8.86,0.0
2024-04-01 23:59:25,77,94,2.29,3,6.87,2.75
2024-04-25 02:58:18,63,71,2.73,2,8.56,2.75
2024-04-09 17:42:30,216,222,1.05,1,6.94,2.75
2024-04-23 13:23:42,190,13,2.61,1,7.12,2.75
2024-04-03 00:40:11,75,5,1.12,1,3.31,2.75
2024-04-01 17:40:46,174,22,2.92,2,13.67,0.0
2024-04-04 01:49:58,67,37,0.68,4,3.0,2.75
2024-04-18 17:13:34,93,31,10.88,1,34.49,2.75
2024-04-22 10:55:51,53,62,1.49,2,10.48,2.75
2024-04-22 19:09:36,94,221,2.7,1,11.79,2.75
2024-04-02 19:14:43,113,81,0.62,1,3.0,2.75
2024-04-08 07:37:39,229,233,1.25,2,6.96,0.0
2024-04-07 05:00:37,250,6,4.64,1,17.27,2.75
2024-04-17 07:53:42,209,105,0.91,3,3.03,0.0
2024-04-16 20:31:49,182,162,3.96,3,15.43,2.75
2024-04-21 23:17:20,155,52,0.51,3,6.68,0.0
2024-04-24 00:09:15,83,158,2.69,1,13.72,2.75
2024-04-23 01:27:19,186,13,4.97,2,18.31,2.75
2024-04-07 13:29:16,139,186,9.63,3,33.02,0.0
2024-04-17 20:17:45,55,222,2.88,5,9.34,2.75
2024-04-12 12:09:30,19,241,6.93,1,26.74,2.75
2024-04-03 10:50:30,142,148,6.18,1,19.28,2.75
2024-04-15 09:51:17,164,55,1.73,3,6.34,2.75
2024-04-27 04:24:52,252,59,7.77,2,24.97,2.75
2024-04-21 17:58:45,232,198,4.08,3,13.69,2.75
2024-04-27 21:05:12,60,98,0.89,1,3.0,0.0
2024-04-07 12:01:12,22,156,10.3,1,32.83,2.75
2024-04-07 00:59:58,126,250,1.18,3,9.1,2.75
2024-04-21 22:13:12,103,180,2.72,1,9.4,2.75
2024-04-01 20:56:28,221,74,2.7,1,9.43,2.75
2024-04-21 13:16:07,110,61,3.94,1,17.14,0.0
2024-04-27 23:09:13,58,45,4.33,1,11.51,0.0
2024-04-13 12:44:20,65,135,1.43,2,8.42,0.0
2024-04-16 01:07:15,58,210,2.02,1,8.13,2.75
2024-04-20 11:38:25,158,86,1.05,1,6.63,2.75
2024-04-26 11:44:23,76,225,0.97,3,6.02,2.75
2024-04-18 08:00:18,19,216,6.6,1,25.08,2.75
2024-04-30 05:53:39,190,231,5.36,2,16.31,0.0
2024-04-27 03:48:54,250,190,2.55,2,7.47,2.75
2024-04-28 17:22:17,79,142,0.85,1,5.77,2.75
2024-04-03 17:06:26,84,177,2.59,2,8.02,2.75
2024-04-15 09:52:09,172,51,1.72,1,9.29,2.75
2024-04-30 14:49:04,212,190,5.77,1,20.68,2.75
2024-04-06 19:12:54,149,5,0.86,1,5.76,2.75
2024-04-03 06:14:06,10,211,2.6,2,8.95,0.0
2024-04-28 02:56:34,30,195,3.63,4,13.32,2.75
2024-04-06 21:58:03,55,1,15.37,3,48.14,2.75
2024-04-25 11:26:25,127,104,0.83,1,8.39,2.75
2024-04-12 17:13:04,180,101,0.92,1,4.71,0.0
2024-04-11 00:49:24,232,128,15.99,1,49.14,2.75
2024-04-01 13:38:24,93,249,2.32,1,11.5,2.75
2024-04-10 23:54:23,8,38,5.27,5,16.42,0.0
2024-04-19 09:21:18,247,250,5.86,1,23.73,2.75
2024-04-07 12:51:18,196,221,1.82,1,4.78,2.75
2024-04-14 04:43:54,163,63,1.34,1,10.1,2.75
2024-04-25 22:39:05,40,253,1.63,1,7.41,2.75
2024-04-03 09:09:28,254,164,5.56,1,18.36,2.75
2024-04-14 23:14:21,85,23,6.92,1,26.75,0.0
2024-04-09 22:12:28,78,79,4.71,1,16.11,2.75
2024-04-09 14:11:36,213,118,2.54,5,8.05,0.0
2024-04-24 21:39:13,255,185,1.57,1,7.09,2.75
2024-04-07 06:33:35,91,59,2.44,3,11.08,2.75
2024-04-19 06:07:02,193,252,9.11,1,29.68,2.75
2024-04-03 23:34:41,253,89,7.46,1,24.3,2.75
2024-04-02 02:06:58,143,229,1.87,1,7.49,2.75
2024-04-17 14:39:37,244,238,1.89,1,9.33,0.0
2024-04-24 03:03:17,212,44,5.8,1,17.57,0.0
2024-04-24 18:46:20,195,80,2.45,1,10.75,0.0
2024-04-03 15:38:24,19,174,3.48,1,15.99,0.0
2024-04-10 17:56:26,40,141,2.42,1,12.6,2.75
2024-04-03 05:45:10,98,37,1.47,5,9.87,0.0
2024-04-14 09:47:03,4,14,1.23,2,4.46,2.75
2024-04-24 02:17:31,33,122,1.03,1,8.94,0.0
2024-04-18 06:48:13,165,238,0.54,3,3.83,2.75
2024-04-30 12:41:54,27,55,1.65,1,8.27,2.75
2024-04-16 13:30:13,173,22,1.16,1,6.01,2.75
2024-04-14 00:28:25,113,203,1.54,2,5.83,0.0
2024-04-13 11:53:03,95,15,0.78,1,5.16,2.75
2024-04-09 01:01:32,233,30,1.96,5,9.96,2.75
2024-04-16 19:09:33,134,29,3.07,1,12.85,2.75
2024-04-13 06:41:39,124,252,10.62,1,35.16,2.75
2024-04-03 08:47:31,116,160,1.99,2,6.84,2.75
2024-04-23 22:04:50,13,117,0.61,1,4.02,2.75
2024-04-07 10:20:55,165,158,2.07,1,9.23,2.75
2024-04-05 16:02:02,208,108,6.45,1,18.65,0.0
2024-04-26 01:26:00,85,115,1.96,1,9.59,2.75
2024-04-05 08:52:19,248,176,1.71,1,8.47,2.75
2024-04-02 08:21:32,56,231,9.3,1,33.27,2.75
2024-04-26 02:36:32,172,250,1.73,1,6.82,2.75
2024-04-12 10:05:53,141,56,12.8,1,40.77,0.0
2024-04-28 10:20:52,132,190,6.76,2,22.77,2.75
2024-04-30 14:39:39,201,21,4.53,1,17.46,2.75
2024-04-16 14:11:38,179,165,3.69,1,12.68,2.75
2024-04-26 20:07:59,29,68,1.39,1,9.16,0.0
2024-04-10 18:09:41,36,218,5.09,1,17.32,2.75
2024-04-02 21:59:35,109,96,1.99,5,8.93,2.75
2024-04-25 04:42:25,146,188,2.83,1,9.56,0.0
2024-04-23 02:13:22,146,208,0.88,2,3.0,2.75
2024-04-18 22:01:15,168,74,1.73,3,7.46,0.0
2024-04-06 17:12:28,257,162,3.14,4,10.21,0.0
2024-04-27 22:12:21,87,161,2.71,1,8.59,2.75
2024-04-29 21:13:37,154,60,1.97,1,8.34,2.75
2024-04-28 04:16:43,98,26,2.73,1,8.01,0.0
2024-04-09 06:18:56,211,25,5.28,1,17.7,2.75
2024-04-19 01:25:54,48,258,2.65,1,10.5,2.75
2024-04-10 00:50:41,194,3,2.97,3,13.55,0.0
2024-04-04 03:30:30,252,257,4.73,1,16.42,2.75
2024-04-18 23:43:25,262,248,6.95,2,24.13,2.75
2024-04-28 22:10:59,262,44,3.12,1,9.32,0.0
2024-04-29 10:27:19,31,33,10.86,1,32.58,0.0
2024-04-20 17:29:57,105,112,2.03,1,10.32,2.75
2024-04-30 12:42:11,169,43,1.52,1,5.65,2.75
2024-04-25 18:26:20,236,44,4.63,1,14.42,2.75
2024-04-10 15:57:16,230,87,1.18,1,4.02,2.75
2024-04-28 10:17:02,23,230,8.56,1,27.49,0.0
2024-04-28 15:24:38,164,83,2.21,1,10.41,2.75
2024-04-15 19:43:37,7,204,4.69,1,12.2,2.75
2024-04-09 17:31:36,210,130,3.46,1,18.14,2.75
2024-04-26 17:15:34,253,138,0.7,1,4.73,2.75
2024-04-16 02:38:07,133,83,4.82,1,15.22,2.75
2024-04-13 22:19:55,106,175,5.96,4,20.05,2.75
2024-04-04 13:43:43,232,136,14.65,1,44.51,2.75
2024-04-27 06:01:55,33,107,2.38,5,9.99,2.75
2024-04-14 18:40:02,79,151,2.95,2,9.74,0.0
2024-04-21 21:05:19,35,109,7.77,1,26.09,2.75
2024-04-14 06:38:36,110,222,1.6,4,6.33,2.75
2024-04-27 10:29:06,63,247,1.23,1,7.37,0.0
2024-04-04 14:12:55,178,37,1.0,1,8.94,2.75
2024-04-25 14:40:53,232,74,13.9,1,42.78,0.0
2024-04-15 17:08:20,104,115,1.6,1,7.2,0.0
2024-04-13 02:05:27,35,81,5.46,1,20.21,2.75
2024-04-03 05:49:43,194,193,2.59,1,12.71,0.0
2024-04-25 11:45:04,174,214,1.46,4,7.63,2.75
2024-04-12 18:03:36,102,15,9.06,1,28.18,2.75
2024-04-23 09:04:20,85,84,2.68,3,8.13,2.75
2024-04-08 17:45:55,201,154,3.42,5,13.3,0.0
2024-04-27 18:49:41,173,253,1.38,1,7.98,2.75
2024-04-11 12:07:49,29,132,1.87,1,9.15,2.75
2024-04-13 18:54:09,56,199,5.32,1,19.76,2.75
2024-04-20 06:25:42,16,83,1.97,1,5.86,2.75
2024-04-22 07:05:03,140,126,2.97,2,10.27,0.0
2024-04-05 08:57:24,66,214,0.93,1,4.97,2.75
2024-04-01 02:58:19,147,215,7.14,1,24.41,2.75
2024-04-07 04:20:03,158,238,5.18,1,18.59,2.75
2024-04-02 08:53:33,69,88,5.51,1,19.71,2.75
2024-04-23 22:37:23,23,113,1.19,1,3.0,0.0
2024-04-20 14:02:08,190,105,2.89,1,8.53,2.75
2024-04-21 17:48:33,248,63,0.6,1,4.4,0.0
2024-04-03 11:50:00,145,239,1.82,1,8.27,2.75
2024-04-22 14:14:50,177,26,2.0,1,8.19,2.75
2024-04-05 12:55:36,195,128,9.07,5,30.52,2.75
2024-04-05 12:19:14,13,1,17.76,1,57.1,0.0
2024-04-25 17:06:59,166,94,3.87,1,11.89,2.75
2024-04-21 05:10:21,150,12,3.05,1,8.2,0.0
2024-04-01 05:01:13,45,166,2.53,2,9.3,0.0
2024-04-01 10:00:35,174,67,0.56,1,5.51,0.0
2024-04-15 09:43:45,167,167,6.14,1,21.43,0.0
2024-04-03 16:56:22,197,254,4.4,5,15.13,2.75
2024-04-23 04:52:50,206,253,4.17,1,17.47,2.75
2024-04-08 02:46:45,82,246,6.29,1,25.62,2.75
2024-04-19 07:47:26,68,59,9.71,1,33.09,2.75
2024-04-09 09:45:31,97,144,2.23,1,12.34,2.75
2024-04-21 18:24:51,167,209,2.45,1,6.85,2.75
2024-04-25 23:44:41,77,226,13.43,1,43.04,0.0
2024-04-09 18:29:31,237,91,4.32,1,14.41,0.0
2024-04-08 17:28:09,196,111,7.17,1,25.4,0.0
2024-04-04 07:48:33,136,240,1.38,1,4.18,2.75
2024-04-02 00:17:48,36,80,1.83,1,7.92,2.75
2024-04-24 15:30:37,248,204,2.24,1,7.96,2.75
2024-04-03 05:15:03,254,238,1.83,1,9.6,0.0
2024-04-13 15:46:49,214,184,8.05,1,25.65,2.75
2024-04-13 23:47:17,252,212,3.01,2,8.42,0.0
2024-04-04 09:38:14,70,251,11.25,1,37.18,0.0
2024-04-19 16:08:45,234,227,1.86,1,9.8,0.0
2024-04-14 00:59:58,16,167,0.63,1,3.0,2.75
2024-04-22 12:27:14,174,31,1.02,2,6.9,2.75
2024-04-24 09:43:54,187,151,1.36,1,6.79,0.0
2024-04-20 17:09:37,225,162,4.08,1,14.94,2.75
2024-04-15 11:55:57,12,96,1.2,1,3.0,2.75
2024-04-02 04:56:51,219,24,2.18,1,11.34,2.75
2024-04-18 06:04:47,1,118,6.05,3,21.36,2.75
2024-04-06 15:28:09,111,87,0.97,1,5.96,0.0
2024-04-11 16:26:00,129,50,0.79,1,5.71,2.75
2024-04-13 11:36:00,93,112,3.22,1,12.65,2.75
2024-04-27 03:42:56,39,136,4.69,1,19.54,2.75
2024-04-09 00:30:45,159,3,8.97,1,31.62,2.75
2024-04-12 11:24:29,186,162,4.3,2,14.5,0.0
2024-04-02 16:29:48,256,77,10.73,1,40.17,2.75
2024-04-08 09:19:47,239,185,1.48,1,8.48,2.75
2024-04-12 05:03:36,104,58,1.96,1,12.28,2.75
2024-04-01 06:30:29,29,163,6.9,1,23.65,2.75
2024-04-15 11:29:16,89,21,6.33,1,21.73,2.75
2024-04-18 05:53:56,51,65,4.33,1,13.01,0.0
2024-04-21 22:36:17,147,66,2.97,1,7.86,2.75
2024-04-13 08:05:23,36,175,0.56,2,4.22,2.75
2024-04-20 22:00:56,101,165,1.65,1,6.77,2.75
2024-04-07 10:28:30,107,82,1.1,1,6.6,2.75
2024-04-12 03:49:23,105,146,0.68,1,3.17,2.75
2024-04-18 17:14:51,221,204,5.74,3,21.16,2.75
2024-04-01 02:12:47,76,164,0.99,1,7.28,0.0
2024-04-27 21:08:43,227,104,2.05,1,12.12,2.75
2024-04-15 13:11:40,84,130,13.77,1,48.55,2.75
2024-04-15 01:01:01,76,84,2.34,2,11.03,0.0
2024-04-07 09:27:47,249,120,1.03,1,9.63,2.75
2024-04-03 21:52:17,255,259,4.6,4,17.18,2.75
2024-04-21 07:48:44,50,104,6.31,2,21.99,0.0
2024-04-10 17:45:31,210,34,1.65,1,5.48,0.0
2024-04-11 00:10:45,158,174,6.3,1,21.58,2.75
2024-04-17 12:42:07,233,232,1.61,1,6.69,0.0
2024-04-11 19:56:12,77,185,4.63,2,14.49,2.75
2024-04-06 10:51:22,223,18,0.97,2,3.0,2.75
2024-04-23 05:41:17,121,231,2.45,1,9.81,2.75
2024-04-01 16:49:05,107,135,3.07,1,9.51,2.75
2024-04-27 20:44:06,241,45,5.02,2,17.27,2.75
2024-04-25 06:23:14,28,112,4.17,1,16.62,2.75
2024-04-19 16:49:37,192,83,7.22,1,22.38,0.0
2024-04-28 04:07:29,249,39,1.21,1,3.66,2.75
2024-04-12 06:19:41,213,254,4.29,1,12.71,0.0
2024-04-18 06:20:33,21,145,0.98,1,4.1,2.75
2024-04-09 02:54:52,155,51,2.78,1,9.59,2.75
2024-04-18 18:04:14,27,67,3.1,2,9.15,2.75
2024-04-24 20:42:54,77,24,0.6,1,6.19,2.75
2024-04-14 22:38:00,57,122,0.76,1,5.91,0.0
2024-04-21 10:25:24,119,49,6.9,1,20.15,0.0
2024-04-15 11:23:52,165,149,1.68,3,5.42,2.75
2024-04-24 08:06:51,64,185,1.99,1,10.16,2.75
2024-04-27 21:10:21,48,250,4.08,1,12.12,2.75
2024-04-23 20:39:14,150,145,1.37,1,4.7,0.0
2024-04-02 14:11:18,158,243,1.25,1,5.83,0.0
2024-04-11 12:41:51,156,149,2.42,1,8.23,0.0
2024-04-19 17:55:15,151,68,0.71,1,8.82,0.0
2024-04-30 23:31:50,225,224,9.21,3,31.04,2.75
2024-04-19 20:08:07,260,210,10.35,1,34.1,2.75
2024-04-25 13:01:04,256,192,2.58,1,10.15,2.75
2024-04-12 02:50:12,61,124,1.32,1,8.19,2.75
2024-04-05 22:43:07,260,50,2.73,1,11.25,2.75
2024-04-30 07:22:27,162,183,0.87,1,4.13,2.75
2024-04-23 09:08:51,31,247,2.28,2,6.06,2.75
2024-04-18 21:03:33,71,88,0.77,1,3.54,2.75
2024-04-16 00:27:18,2,138,4.79,1,16.2,0.0
2024-04-06 01:01:24,50,38,1.63,2,8.34,2.75
2024-04-25 22:22:54,135,49,3.07,1,13.57,0.0
2024-04-29 03:08:45,146,72,0.55,1,4.15,2.75
2024-04-15 05:54:04,179,258,3.1,1,11.97,2.75
2024-04-29 10:14:30,204,44,0.51,1,3.0,2.75
2024-04-06 16:00:26,187,116,9.57,1,29.49,2.75
2024-04-04 08:14:19,30,149,2.93,3,7.67,2.75
2024-04-10 10:07:17,59,218,0.87,1,3.88,2.75
2024-04-20 08:38:37,9,71,1.96,1,9.03,2.75
2024-04-07 10:17:42,167,161,0.67,1,5.83,0.0
2024-04-11 17:37:40,191,127,3.15,3,10.6,2.75
2024-04-18 21:30:36,242,170,0.96,1,7.51,0.0
2024-04-15 08:53:17,154,17,2.74,2,13.66,2.75
2024-04-27 12:21:10,160,239,1.78,1,9.57,0.0
2024-04-07 21:05:05,235,176,5.52,1,21.44,2.75
2024-04-01 17:30:37,199,210,2.8,1,9.06,0.0
2024-04-15 20:19:49,33,57,7.1,1,20.92,2.75
2024-04-03 08:46:06,89,189,10.43,2,35.62,2.75
2024-04-06 19:33:40,95,44,12.72,1,43.42,2.75
2024-04-27 01:23:21,221,122,1.55,1,10.48,2.75
2024-04-16 10:45:42,69,33,5.61,1,15.99,2.75
2024-04-20 10:26:01,237,28,2.52,5,10.16,2.75
2024-04-13 00:23:19,160,151,2.44,1,7.56,0.0
2024-04-08 15:35:02,42,63,7.59,1,24.92,0.0
2024-04-18 19:15:12,66,7,1.05,1,7.35,0.0
2024-04-13 20:03:24,21,111,2.77,1,11.56,2.75
2024-04-20 23:37:56,70,130,3.65,1,10.51,0.0
2024-04-16 20:34:33,261,132,0.74,1,4.35,2.75
2024-04-20 12:19:56,246,8,7.5,1,23.95,2.75
2024-04-15 07:23:00,235,29,1.82,1,9.8,2.75
2024-04-09 03:07:16,99,6,4.24,1,13.76,2.75
2024-04-30 10:36:28,35,112,9.71,2,31.95,2.75
2024-04-28 07:24:19,171,105,4.95,3,16.71,2.75
2024-04-16 15:35:44,110,207,8.1,1,30.35,0.0
2024-04-18 22:55:30,10,40,0.75,1,6.14,2.75
2024-04-12 05:47:28,202,46,2.88,2,10.9,0.0
2024-04-06 08:45:47,257,241,3.41,1,11.99,0.0
2024-04-29 22:43:22,262,155,4.59,2,16.26,0.0
2024-04-14 17:00:46,181,116,0.93,1,9.67,2.75
2024-04-16 10:19:00,66,37,4.24,1,16.4,0.0
2024-04-20 14:23:59,161,205,1.05,1,6.28,2.75
2024-04-22 04:38:14,67,249,0.75,1,6.13,2.75
2024-04-13 06:15:25,100,110,2.72,1,11.81,2.75
2024-04-21 00:17:37,77,80,3.71,1,14.96,2.75
2024-04-23 17:26:11,35,76,11.61,1,38.7,0.0
2024-04-16 14:30:07,45,98,4.7,5,14.64,2.75
2024-04-03 14:30:19,150,76,3.63,1,10.79,2.75
2024-04-18 01:45:53,68,81,1.35,5,7.94,0.0
2024-04-22 11:37:11,254,63,1.08,1,6.48,0.0
2024-04-07 21:53:38,17,33,3.77,1,12.72,2.75
2024-04-10 10:57:32,261,40,1.38,1,5.27,2.75
2024-04-23 23:39:17,213,174,4.79,1,17.9,2.75
2024-04-09 07:50:01,256,260,0.93,1,6.31,2.75
2024-04-25 00:23:40,216,224,1.95,5,5.35,0.0
2024-04-17 12:41:20,7,223,5.69,1,19.66,2.75
2024-04-13 18:05:28,199,155,6.72,1,22.41,0.0
2024-04-30 04:21:19,91,149,1.98,1,7.91,2.75
2024-04-25 07:25:43,147,225,1.31,1,4.26,2.75
2024-04-23 06:52:24,150,127,11.61,4,35.95,0.0
2024-04-15 09:38:09,52,5,5.51,2,18.4,0.0
2024-04-06 03:02:19,243,58,6.26,1,17.56,2.75
2024-04-13 04:16:47,219,72,1.38,2,8.75,0.0
2024-04-04 12:30:24,6,155,2.43,1,9.65,0.0
2024-04-03 13:09:29,109,168,0.75,1,3.59,0.0
2024-04-17 22:07:53,66,29,0.91,1,3.2,0.0
2024-04-07 09:35:59,10,82,1.37,1,7.11,0.0
2024-04-20 15:01:15,202,263,1.76,1,4.41,0.0
2024-04-27 20:12:04,214,106,21.05,1,67.1,0.0
2024-04-24 23:54:50,68,10,2.42,2,11.38,2.75
2024-04-17 15:34:14,247,62,4.69,4,15.25,2.75
2024-04-09 15:52:01,50,224,8.72,1,24.12,2.75
2024-04-30 03:42:50,17,136,1.49,1,5.77,2.75
2024-04-20 23:50:08,11,224,1.05,2,5.03,2.75
2024-04-13 05:14:35,124,114,1.48,1,6.68,2.75
2024-04-22 02:15:50,225,260,7.99,2,30.04,0.0
2024-04-12 04:06:28,244,157,4.33,1,16.17,2.75
2024-04-07 09:59:59,29,229,2.6,1,13.7,2.75
2024-04-26 00:18:08,59,100,6.51,1,23.62,0.0
2024-04-27 20:34:44,143,255,1.45,1,7.64,0.0
2024-04-06 15:25:10,226,179,1.46,2,7.13,0.0
2024-04-26 00:11:22,164,229,3.43,3,8.85,0.0
2024-04-19 12:42:26,84,31,5.96,1,16.25,2.75
2024-04-20 08:57:59,117,108,1.55,1,8.66,2.75
2024-04-21 14:39:12,204,109,1.33,1,6.34,2.75
2024-04-23 04:56:36,145,29,2.75,1,12.82,2.75
2024-04-11 02:59:32,27,17,1.0,2,3.0,0.0
2024-04-02 15:13:34,17,170,5.32,1,19.1,2.75
2024-04-19 18:20:19,63,175,3.51,5,13.95,2.75
2024-04-05 15:58:02,64,74,3.01,2,10.26,0.0
2024-04-03 07:52:19,39,240,7.7,2,23.47,2.75
2024-04-12 21:41:34,130,96,5.12,1,15.78,2.75
2024-04-12 19:41:58,115,2,1.07,1,4.3,2.75
2024-04-18 08:34:58,45,202,2.41,1,8.74,2.75
2024-04-14 23:29:46,216,37,1.86,5,6.85,2.75
2024-04-02 01:43:21,88,91,6.17,1,21.64,0.0
2024-04-08 06:44:45,177,233,4.94,1,17.02,2.75
2024-04-23 16:25:25,105,147,2.74,1,8.22,2.75
2024-04-18 13:41:27,171,253,6.57,1,23.31,0.0
2024-04-20 18:49:35,108,212,2.35,1,7.18,0.0
2024-04-24 07:15:21,161,64,6.2,1,20.4,2.75
2024-04-22 17:32:21,40,5,0.61,1,3.0,2.75
2024-04-30 03:37:18,26,146,1.01,2,4.15,2.75
2024-04-07 23:31:43,83,72,5.44,1,17.8,2.75
2024-04-01 10:54:39,173,105,0.93,2,4.37,2.75
2024-04-05 07:18:51,173,36,4.53,1,15.62,2.75
2024-04-24 00:46:08,70,147,5.0,1,17.42,2.75
2024-04-26 23:50:54,6,256,4.3,1,17.47,2.75
2024-04-13 20:13:59,195,228,6.47,1,19.84,2.75
2024-04-16 01:54:47,13,113,3.01,1,5.75,2.75
2024-04-21 03:04:40,63,11,8.46,1,25.71,0.0
2024-04-06 03:42:57,13,194,3.45,2,15.01,2.75
2024-04-18 19:21:50,249,224,2.98,3,12.71,2.75
2024-04-15 13:10:08,205,250,2.99,2,9.86,0.0
2024-04-27 09:06:43,253,249,9.01,2,28.78,2.75
2024-04-11 22:08:13,40,83,1.48,1,3.0,2.75
2024-04-18 09:02:32,165,29,4.66,1,14.72,2.75
2024-04-02 10:14:17,31,80,1.47,3,5.31,0.0
2024-04-16 06:00:30,17,95,0.84,1,6.52,2.75
2024-04-12 14:39:31,137,259,11.26,3,35.92,0.0
2024-04-24 18:26:47,165,122,0.99,1,3.27,0.0
2024-04-16 20:41:25,223,124,4.56,1,13.34,0.0
2024-04-20 10:57:56,122,23,2.43,1,11.45,0.0
2024-04-19 15:45:35,78,216,6.85,1,22.74,2.75
2024-04-02 07:23:10,88,92,5.69,1,17.6,0.0
2024-04-13 22:34:55,113,24,1.04,1,7.55,2.75
2024-04-13 05:54:39,100,107,2.71,1,12.08,2.75
2024-04-15 08:32:31,239,52,0.6,3,3.27,2.75
2024-04-12 08:44:43,111,199,2.46,1,7.44,2.75
2024-04-20 07:25:21,90,56,4.72,2,19.54,2.75
2024-04-09 06:07:06,139,194,1.42,1,7.97,0.0
2024-04-19 17:38:22,135,45,6.31,1,21.11,2.75
2024-04-23 16:30:08,12,239,0.69,1,3.0,2.75
2024-04-18 08:41:11,244,232,0.62,1,5.19,0.0
2024-04-01 07:26:46,182,239,0.6,1,3.0,2.75
2024-04-15 04:10:48,195,136,1.65,1,8.65,0.0
2024-04-05 19:23:04,122,13,2.7,1,11.58,2.75
2024-04-01 19:28:39,53,29,0.9,3,3.75,0.0
2024-04-22 16:28:42,173,178,20.54,1,65.11,2.75
2024-04-15 06:42:21,179,257,27.56,1,84.18,2.75
2024-04-30 17:16:33,59,108,3.07,1,13.69,2.75
2024-04-18 14:06:43,54,69,3.44,2,11.81,2.75
2024-04-23 18:49:01,257,176,9.65,1,32.81,0.0
2024-04-29 23:44:19,245,183,5.64,3,24.58,0.0
2024-04-21 06:19:00,149,242,1.14,4,4.28,2.75
2024-04-10 23:50:03,16,194,6.0,1,17.72,0.0
2024-04-11 04:25:03,176,22,1.42,1,6.86,2.75
2024-04-11 05:57:01,28,11,2.47,1,10.89,2.75
2024-04-01 23:21:20,129,259,3.16,3,10.21,2.75
2024-04-16 01:29:27,223,173,4.92,1,17.03,2.75
2024-04-12 07:53:56,244,205,1.07,1,4.09,2.75
2024-04-28 15:55:37,238,248,0.78,2,3.0,2.75
2024-04-26 17:06:39,232,259,7.54,2,25.59,0.0
2024-04-26 15:53:01,92,81,6.64,1,22.37,0.0
2024-04-03 01:57:10,3,188,3.09,4,9.58,0.0
2024-04-19 00:21:58,81,231,4.3,1,13.61,0.0
2024-04-04 13:01:34,44,28,4.95,1,16.56,0.0
2024-04-15 07:28:17,155,3,2.77,1,10.52,0.0
2024-04-17 08:00:20,24,237,1.54,2,4.19,2.75
2024-04-08 21:50:04,99,181,2.8,1,9.5,0.0
2024-04-18 21:47:41,171,4,11.04,1,37.83,2.75
2024-04-29 18:14:44,148,72,6.87,1,24.25,2.75
2024-04-11 00:36:23,123,182,2.69,1,9.83,2.75
2024-04-08 05:01:33,112,104,1.39,2,8.82,2.75
2024-04-10 17:52:45,130,87,8.21,2,26.7,2.75
2024-04-04 23:45:10,68,73,4.06,2,13.89,0.0
2024-04-08 07:42:23,217,91,2.32,2,9.93,2.75
2024-04-06 05:19:17,96,173,0.91,1,5.57,2.75
2024-04-13 19:23:01,145,187,5.38,1,21.33,0.0
2024-04-15 15:38:18,33,236,1.83,1,5.83,2.75
2024-04-25 13:02:19,5,162,3.76,1,15.15,2.75
2024-04-11 04:33:32,118,73,3.45,1,12.29,2.75
2024-04-21 06:54:04,140,225,4.71,1,13.98,0.0
2024-04-26 22:34:41,230,230,3.2,1,12.72,0.0
2024-04-20 14:01:50,160,254,3.98,1,13.54,0.0
2024-04-04 16:17:55,249,162,0.8,1,7.46,2.75
2024-04-21 00:13:14,186,250,4.33,2,13.79,2.75
2024-04-15 05:12:17,40,199,1.26,2,5.0,2.75
2024-04-06 14:40:14,224,240,2.24,1,9.42,2.75
2024-04-15 04:35:34,152,237,3.01,1,8.01,0.0
2024-04-30 04:01:47,140,76,4.56,5,18.16,2.75
2024-04-19 20:57:48,128,45,5.25,1,20.47,0.0
2024-04-17 10:19:01,147,179,4.77,1,18.14,2.75
2024-04-13 04:18:50,218,222,0.85,1,5.28,2.75
2024-04-19 12:25:08,220,17,2.21,1,10.33,2.75
2024-04-26 01:13:32,145,219,1.65,1,7.94,0.0
2024-04-13 21:51:28,242,84,2.28,1,11.03,2.75
2024-04-28 05:50:47,60,191,4.14,1,18.43,2.75
2024-04-23 23:08:37,98,132,1.25,1,6.01,2.75
2024-04-29 06:41:22,181,94,2.94,1,10.77,0.0
2024-04-11 01:12:54,114,95,8.07,1,26.32,2.75
2024-04-21 07:39:08,103,184,5.1,1,15.39,0.0
2024-04-01 08:15:25,57,132,5.02,1,17.74,0.0
2024-04-14 17:19:34,129,82,7.11,1,20.59,2.75
2024-04-02 05:02:35,86,112,2.28,1,11.73,2.75
2024-04-28 07:10:38,200,51,5.49,1,21.54,0.0
2024-04-10 05:05:28,71,189,0.71,4,3.0,2.75
2024-04-19 20:35:11,98,208,0.7,1,3.0,2.75
2024-04-11 06:40:36,176,149,1.91,1,9.99,0.0
2024-04-22 03:12:57,233,113,1.27,5,3.23,0.0
2024-04-27 23:17:35,75,36,3.06,1,9.85,0.0
2024-04-12 08:56:39,143,111,1.21,1,3.99,2.75
2024-04-30 02:03:44,23,171,13.49,1,43.68,0.0
2024-04-25 21:51:39,181,78,7.17,1,24.75,2.75
2024-04-30 09:33:54,45,28,14.67,2,46.89,0.0
2024-04-30 18:38:56,92,45,6.27,3,20.97,0.0
2024-04-28 18:08:03,34,142,11.06,4,36.85,0.0
2024-04-28 02:33:11,166,15,2.11,5,8.78,0.0
2024-04-30 13:15:14,70,128,2.91,1,14.13,0.0
2024-04-07 07:40:15,196,167,1.46,1,8.71,0.0
2024-04-14 05:40:57,133,153,4.04,1,12.91,2.75
2024-04-17 14:10:41,247,63,5.93,1,19.41,0.0
2024-04-19 23:48:40,168,59,2.92,1,10.68,2.75
2024-04-20 18:10:17,156,203,1.73,1,5.6,2.75
2024-04-08 23:32:36,23,157,2.98,1,13.46,0.0
2024-04-27 02:02:02,200,3,0.73,1,6.1,2.75
2024-04-20 02:15:29,50,39,4.97,3,16.69,2.75
2024-04-13 22:04:31,186,101,2.6,2,11.06,0.0
2024-04-30 06:17:48,20,169,8.5,1,26.96,2.75
2024-04-26 15:06:27,116,20,9.49,1,32.69,2.75
2024-04-18 05:44:53,92,141,0.97,3,4.91,0.0
2024-04-20 11:07:21,53,193,19.92,2,58.13,2.75
2024-04-13 08:33:29,123,152,12.75,1,38.04,2.75
2024-04-06 23:26:49,4,236,3.95,1,16.74,0.0
2024-04-08 17:02:45,169,208,6.61,1,21.83,2.75
2024-04-15 09:18:05,73,37,0.57,2,4.81,2.75
2024-04-17 12:14:05,137,78,12.82,2,40.5,0.0
2024-04-26 22:49:28,256,172,2.63,1,7.38,2.75
2024-04-04 06:20:17,141,45,8.92,2,26.94,2.75
2024-04-21 03:31:27,208,84,2.2,1,11.11,2.75
2024-04-23 09:31:30,260,93,5.93,1,22.22,2.75
2024-04-09 14:59:42,263,154,2.39,1,6.79,2.75
2024-04-30 10:51:49,38,106,2.08,1,11.0,2.75
2024-04-05 19:49:38,203,209,10.77,5,33.68,2.75
2024-04-12 23:01:56,224,204,4.7,2,16.88,0.0
2024-04-08 05:32:51,52,248,6.92,1,23.14,2.75
2024-04-19 07:34:20,81,226,3.24,3,13.4,2.75
2024-04-20 10:46:43,211,48,9.27,1,31.87,2.75
2024-04-07 06:43:21,7,246,5.21,1,17.28,0.0
2024-04-23 13:09:43,45,31,0.76,1,6.88,2.75
2024-04-21 11:48:05,259,183,5.6,1,21.98,2.75
2024-04-14 11:11:30,142,257,0.57,1,4.89,0.0
2024-04-07 08:13:13,258,126,6.68,1,20.4,2.75
2024-04-26 11:24:04,37,219,1.91,1,9.08,2.75
2024-04-16 04:39:03,45,245,3.69,1,12.53,2.75
2024-04-15 08:17:24,120,139,5.34,1,17.79,2.75
2024-04-23 07:20:05,46,227,4.05,1,12.78,2.75
2024-04-02 04:56:35,140,257,4.41,1,18.52,2.75
2024-04-13 12:40:24,53,255,8.31,3,27.22,2.75
2024-04-11 19:08:03,62,70,2.14,2,11.59,2.75
2024-04-16 11:48:06,54,66,3.27,1,13.74,0.0
2024-04-12 21:10:30,69,2,1.17,5,4.42,2.75
2024-04-26 01:27:31,242,129,2.71,1,9.08,2.75
2024-04-18 02:30:52,252,146,1.07,2,5.36,2.75
2024-04-20 21:47:03,71,113,4.01,1,14.44,0.0
2024-04-06 15:04:35,100,96,1.87,2,7.25,2.75
2024-04-04 11:01:11,61,8,7.36,1,26.76,0.0
2024-04-14 09:34:15,103,220,1.97,1,8.58,2.75
2024-04-15 23:42:09,119,213,1.68,3,8.08,2.75
2024-04-29 23:43:14,17,102,2.87,2,8.95,2.75
2024-04-15 09:21:34,191,166,1.17,1,3.0,2.75
2024-04-24 10:58:03,212,262,1.3,1,8.13,0.0
2024-04-11 09:06:56,78,2,5.85,1,18.05,2.75
2024-04-28 22:46:42,46,202,2.91,2,10.66,2.75
2024-04-06 03:03:51,93,183,1.31,1,6.26,2.75
2024-04-13 14:57:48,13,259,0.61,3,4.58,2.75
2024-04-27 01:00:41,228,228,2.7,2,9.6,2.75
2024-04-27 07:09:18,17,200,5.25,5,16.58,2.75
2024-04-21 15:58:36,62,26,2.01,1,7.48,2.75
2024-04-16 05:36:29,43,102,1.5,1,3.55,0.0
2024-04-04 08:49:58,68,136,2.27,3,10.13,0.0
2024-04-08 15:46:56,212,197,11.69,2,38.61,2.75
2024-04-22 03:47:02,203,30,2.43,1,10.61,2.75
2024-04-26 03:43:28,214,133,1.55,1,7.35,2.75
2024-04-17 07:37:34,109,256,3.45,1,15.0,2.75
2024-04-03 02:22:40,94,20,6.33,1,23.85,0.0
2024-04-29 06:53:46,225,21,0.58,3,6.3,2.75
2024-04-30 02:43:39,225,41,3.36,1,12.44,2.75
2024-04-16 11:41:46,239,152,6.83,3,22.71,2.75
2024-04-15 22:40:10,118,2,1.35,1,6.67,2.75
2024-04-11 19:21:28,91,44,9.41,2,29.4,0.0
2024-04-25 15:55:39,19,41,3.52,1,13.41,2.75
2024-04-18 09:06:24,175,263,3.05,1,11.76,2.75
2024-04-22 15:10:59,106,173,12.1,1,40.56,2.75
2024-04-04 14:39:15,248,9,0.99,1,8.22,2.75
2024-04-25 14:59:59,142,53,5.22,1,18.69,0.0
2024-04-26 18:06:38,193,128,6.47,3,23.25,0.0
2024-04-09 13:21:30,208,19,2.85,1,11.02,2.75
2024-04-19 02:44:30,248,132,0.52,1,5.59,2.75
2024-04-08 10:05:47,142,13,3.1,3,13.49,2.75
2024-04-03 04:21:30,222,220,1.08,1,8.55,2.75
2024-04-29 23:47:20,225,245,3.39,3,8.83,2.75
2024-04-06 20:06:49,184,258,5.2,1,19.25,2.75
2024-04-06 23:29:55,188,140,3.15,2,11.41,2.75
2024-04-08 16:21:29,113,247,3.99,1,15.41,2.75
2024-04-27 04:38:09,181,232,0.88,2,6.13,2.75
2024-04-13 16:17:06,199,56,0.86,1,3.49,2.75
2024-04-03 19:35:06,70,88,7.16,1,20.63,2.75
2024-04-27 22:08:53,86,254,0.68,1,5.2,2.75
2024-04-21 03:11:01,39,52,1.67,1,6.72,0.0
2024-04-25 21:17:04,131,247,10.22,2,34.53,2.75
2024-04-18 15:58:42,10,252,2.65,1,10.11,2.75
2024-04-13 09:44:20,3,125,4.43,2,17.26,2.75
2024-04-24 11:10:10,150,201,1.38,1,7.3,2.75
2024-04-26 05:42:01,67,132,1.6,2,4.46,2.75
2024-04-10 09:25:54,193,177,2.99,2,11.49,0.0
2024-04-07 19:05:00,97,52,4.06,1,14.68,2.75
2024-04-28 13:35:32,19,34,11.81,2,37.28,2.75
2024-04-22 17:39:31,98,22,3.49,2,14.08,2.75
2024-04-09 21:38:17,57,141,0.85,1,3.29,2.75
2024-04-28 04:35:16,107,168,2.1,1,11.88,2.75
2024-04-16 11:22:01,88,38,1.48,1,4.18,2.75
2024-04-27 00:25:39,141,246,1.53,1,4.28,0.0
2024-04-02 20:33:01,144,235,2.96,1,12.55,2.75
2024-04-20 21:30:14,52,55,1.83,2,12.29,2.75
2024-04-30 11:29:42,212,120,1.7,1,6.35,0.0
2024-04-19 06:19:29,41,66,12.55,1,41.07,2.75
2024-04-11 11:08:18,91,166,3.57,1,15.38,2.75
2024-04-17 06:26:08,39,210,1.56,1,6.73,0.0
2024-04-01 19:08:40,13,75,1.63,1,6.34,0.0
2024-04-10 14:34:11,96,134,6.33,2,24.07,2.75
2024-04-25 08:38:03,109,174,8.12,1,27.54,2.75
2024-04-30 06:03:39,104,243,4.48,1,17.04,2.75
2024-04-20 19:27:52,231,89,2.48,1,7.42,2.75
2024-04-20 19:27:26,43,250,5.56,1,20.07,0.0
2024-04-19 22:14:48,209,31,10.2,1,35.01,2.75
2024-04-28 20:01:39,88,38,1.14,1,6.9,2.75
2024-04-30 18:12:45,93,138,7.42,1,25.82,2.75
2024-04-26 19:20:55,174,76,7.11,1,27.07,0.0
2024-04-21 14:02:19,126,253,2.1,1,9.93,2.75
2024-04-08 16:41:57,109,79,1.71,1,10.01,2.75
2024-04-17 08:47:02,47,38,3.42,3,14.35,2.75
2024-04-12 00:30:46,214,163,1.61,2,6.21,2.75
2024-04-01 05:27:55,92,128,1.05,2,6.16,2.75
2024-04-01 20:33:17,181,158,11.21,1,37.29,2.75
2024-04-26 23:40:39,41,83,2.87,1,6.54,0.0
2024-04-12 04:46:01,259,217,2.74,2,11.1,2.75
2024-04-24 03:11:11,121,202,0.97,1,7.83,0.0
2024-04-06 15:13:19,77,152,2.96,1,9.54,0.0
2024-04-09 17:54:38,95,26,5.25,1,16.06,0.0
2024-04-26 21:40:57,18,254,1.5,4,7.68,0.0
2024-04-04 03:00:40,171,251,2.11,1,6.54,0.0
2024-04-18 01:39:24,162,167,1.19,1,8.34,0.0
2024-04-28 21:10:29,52,140,2.04,1,7.59,2.75
2024-04-07 13:14:48,36,229,7.41,2,26.09,2.75
2024-04-14 05:57:00,187,73,1.45,1,5.03,2.75
2024-04-28 08:50:43,248,236,0.6,1,8.34,0.0
2024-04-21 09:43:19,52,195,3.19,1,16.49,2.75
2024-04-30 22:23:38,19,88,3.53,1,15.34,2.75
2024-04-08 14:46:43,92,97,1.9,1,6.83,2.75
2024-04-28 18:41:21,139,166,4.09,1,14.63,2.75
2024-04-10 07:38:33,220,203,0.64,1,3.0,2.75
2024-04-24 08:01:46,99,187,1.96,3,10.99,2.75
2024-04-29 12:12:40,236,20,1.05,1,5.89,0.0
2024-04-11 19:16:36,207,73,1.41,1,6.55,0.0
2024-04-10 15:35:31,144,82,2.19,3,7.27,0.0
2024-04-19 13:25:46,199,27,2.88,1,13.11,2.75
2024-04-25 05:08:21,217,141,0.84,1,6.1,2.75
2024-04-21 20:13:50,189,47,0.87,1,5.2,2.75
2024-04-23 16:15:10,44,112,4.42,1,16.62,2.75
2024-04-17 20:28:01,189,235,2.31,2,13.29,0.0
2024-04-02 08:02:39,194,151,1.18,1,4.22,2.75
2024-04-24 07:33:30,260,126,1.44,2,4.3,0.0
2024-04-26 01:04:19,239,7,4.96,1,15.82,0.0
2024-04-03 21:49:11,112,50,0.69,1,6.97,0.0
2024-04-30 17:17:02,69,66,2.99,1,12.03,2.75
2024-04-15 21:31:27,49,167,2.06,1,7.14,2.75
2024-04-15 20:44:54,151,252,6.33,1,22.54,2.75
2024-04-25 20:35:53,239,263,5.96,1,19.39,2.75
2024-04-20 11:52:31,115,196,4.59,1,16.62,2.75
2024-04-20 23:36:45,75,183,2.2,3,10.05,2.75
2024-04-18 12:12:40,98,118,3.99,1,13.25,2.75
2024-04-17 22:13:56,111,132,4.07,1,11.08,2.75
2024-04-03 21:58:44,256,147,1.91,1,8.71,2.75
2024-04-22 13:33:56,117,29,7.92,1,25.87,0.0
2024-04-28 03:49:42,176,225,15.17,1,46.77,0.0
2024-04-19 12:23:12,228,139,1.82,1,8.45,0.0
2024-04-04 05:54:26,106,26,6.15,1,22.2,2.75
2024-04-06 05:15:30,239,97,2.93,2,6.93,0.0
2024-04-17 04:30:16,100,138,2.68,3,10.75,2.75
2024-04-07 09:42:23,176,96,2.21,1,8.89,2.75
2024-04-28 19:16:27,249,57,1.71,1,6.88,2.75
2024-04-20 19:08:44,76,123,9.32,1,31.76,2.75
2024-04-28 09:06:40,3,231,5.23,1,14.45,0.0
2024-04-14 23:49:08,81,86,2.53,1,4.21,2.75
2024-04-02 01:16:46,8,51,5.37,1,15.38,2.75
2024-04-02 11:55:50,87,228,4.94,1,18.74,2.75
2024-04-08 23:18:45,74,6,1.59,1,6.31,0.0
2024-04-10 03:06:08,123,2,1.18,4,5.55,0.0
2024-04-03 09:21:27,143,91,6.83,1,26.4,2.75
2024-04-26 09:43:24,158,262,6.34,1,22.39,2.75
2024-04-08 20:34:01,109,242,20.68,1,66.58,2.75
2024-04-28 12:29:30,195,246,0.57,1,4.08,2.75
2024-04-15 04:40:08,36,79,3.22,1,7.85,2.75
2024-04-01 12:33:52,90,58,4.73,3,16.24,2.75
2024-04-29 07:24:00,201,225,3.56,1,11.52,0.0
2024-04-30 14:25:37,46,202,4.84,2,15.41,2.75
2024-04-28 21:26:05,107,6,1.02,3,6.34,0.0
2024-04-15 13:21:09,170,30,0.51,1,3.0,2.75
2024-04-12 21:10:57,146,151,0.84,1,3.62,2.75
2024-04-16 23:18:24,178,36,2.17,1,8.13,2.75
2024-04-17 15:13:08,61,110,1.9,1,9.49,0.0
2024-04-20 04:05:21,3,121,7.75,1,29.91,2.75
2024-04-07 05:37:25,82,241,0.81,1,3.0,2.75
2024-04-19 04:39:11,263,259,2.55,1,10.35,0.0
2024-04-14 10:17:28,95,90,11.58,1,36.55,2.75
2024-04-04 19:53:37,64,30,2.95,1,11.85,2.75
2024-04-19 23:08:17,246,237,1.0,1,10.73,2.75
2024-04-11 00:11:30,77,170,1.7,3,4.79,2.75
2024-04-29 23:21:32,259,149,3.95,2,13.15,2.75
2024-04-13 22:31:02,93,88,0.54,4,6.67,2.75
2024-04-26 08:27:01,21,4,12.56,1,41.07,0.0
2024-04-28 06:23:07,62,252,3.43,1,14.38,2.75
2024-04-26 02:02:34,260,51,4.76,1,15.92,2.75
2024-04-13 16:49:13,237,24,2.92,1,13.2,2.75
2024-04-26 23:40:18,141,46,11.59,2,39.06,0.0
2024-04-10 21:08:15,167,116,3.61,1,14.04,2.75
2024-04-03 04:58:26,67,27,4.3,1,19.36,2.75
2024-04-08 05:27:26,58,95,7.4,2,25.24,0.0
2024-04-10 05:27:12,212,99,7.42,1,25.61,2.75
2024-04-10 12:57:35,130,116,0.6,2,3.42,2.75
2024-04-04 06:00:52,25,95,1.67,3,8.39,2.75
2024-04-07 19:22:38,11,199,1.49,1,7.55,0.0
2024-04-11 00:18:59,257,146,0.52,1,5.4,2.75
2024-04-19 06:30:38,81,155,7.83,1,26.74,2.75
2024-04-14 18:43:51,19,256,1.84,2,8.8,2.75
2024-04-23 08:29:02,110,45,1.99,1,7.63,2.75
2024-04-25 05:00:35,34,1,0.87,3,6.47,0.0
2024-04-23 22:16:59,255,147,16.52,1,52.43,0.0
2024-04-26 14:22:18,126,155,6.63,1,21.74,2.75
2024-04-18 08:14:52,209,56,3.47,1,11.34,0.0
2024-04-04 08:29:28,134,226,5.67,1,21.18,2.75
2024-04-27 06:03:05,86,7,5.75,1,21.41,2.75
2024-04-19 01:44:16,75,20,4.24,1,14.99,2.75
2024-04-20 23:29:59,135,159,1.17,1,3.45,2.75
2024-04-04 04:35:09,173,79,4.96,1,20.37,2.75
2024-04-03 00:20:23,213,1,3.45,1,15.5,2.75
2024-04-11 03:46:51,19,229,5.01,3,22.31,2.75
2024-04-06 03:19:05,119,213,3.24,1,8.47,2.75
2024-04-25 11:43:30,227,248,11.46,2,36.33,2.75
2024-04-01 05:54:13,212,119,3.95,2,12.88,2.75
2024-04-27 08:26:27,189,227,3.48,1,9.37,0.0
2024-04-27 02:16:54,151,24,6.98,1,23.56,2.75
2024-04-27 16:54:09,223,190,2.17,2,9.51,0.0
2024-04-11 23:56:02,128,57,1.83,5,7.84,2.75
2024-04-15 18:03:54,248,89,2.95,1,8.11,2.75
2024-04-10 22:26:19,51,109,3.57,1,14.44,2.75
2024-04-15 05:20:07,191,141,1.37,1,4.23,2.75
2024-04-02 10:06:15,237,244,4.51,1,18.12,0.0
2024-04-12 05:13:31,22,74,6.17,1,22.99,2.75
2024-04-23 02:49:07,110,262,3.51,1,13.81,0.0
2024-04-04 16:52:52,33,176,3.09,3,10.96,2.75
2024-04-04 02:40:54,127,230,1.72,1,7.95,2.75
2024-04-05 19:10:00,44,76,8.91,1,28.0,2.75
2024-04-23 23:58:38,7,183,5.42,1,20.02,2.75
2024-04-27 06:17:50,128,227,2.79,1,13.7,2.75
2024-04-03 12:50:55,91,165,4.27,1,17.91,0.0
2024-04-24 12:58:21,130,217,1.94,1,8.37,2.75
2024-04-17 18:26:03,17,190,0.72,1,7.48,2.75
2024-04-30 03:51:47,186,18,1.3,1,7.08,2.75
2024-04-11 02:11:17,110,232,0.79,1,3.0,0.0
2024-04-15 13:05:15,163,184,2.98,1,14.04,0.0
2024-04-01 22:17:37,75,106,3.91,3,14.6,2.75
2024-04-18 16:02:14,199,243,2.18,1,9.97,2.75
2024-04-10 12:55:43,182,53,3.14,1,11.13,2.75
2024-04-27 17:01:37,97,226,0.81,2,7.61,0.0
2024-04-07 02:47:03,51,202,5.64,1,17.94,2.75
2024-04-11 16:42:13,34,86,0.62,2,6.86,0.0
2024-04-05 07:13:36,21,50,4.02,1,12.59,2.75
2024-04-23 16:29:15,184,260,2.49,2,10.51,2.75
2024-04-09 23:19:18,64,195,1.21,1,8.89,2.75
2024-04-21 11:22:47,124,248,3.09,1,14.74,0.0
2024-04-22 14:59:48,101,56,5.81,1,21.64,2.75
2024-04-11 14:33:03,119,177,2.37,1,11.84,2.75
2024-04-04 05:33:35,78,150,2.1,1,10.65,0.0
2024-04-04 03:55:49,181,13,1.04,1,4.79,2.75
2024-04-23 16:21:09,199,64,3.66,1,14.52,0.0
2024-04-22 07:21:54,190,105,6.66,4,23.05,2.75
2024-04-29 20:29:19,103,239,3.38,1,14.83,2.75
2024-04-23 16:36:24,130,34,1.13,1,8.21,2.75
2024-04-24 11:44:10,241,39,4.29,2,15.48,2.75
2024-04-17 02:30:05,134,225,0.61,1,4.14,2.75
2024-04-17 10:46:14,157,129,6.87,3,25.21,0.0
2024-04-17 09:23:27,158,133,9.41,1,30.37,2.75
2024-04-07 16:44:48,190,40,3.68,2,15.83,2.75
2024-04-01 08:50:52,100,221,7.97,1,26.7,0.0
2024-04-19 01:46:28,52,94,0.81,2,3.84,0.0
2024-04-29 15:24:13,49,99,1.41,1,5.97,0.0
2024-04-01 09:21:31,100,60,1.84,2,3.0,2.75
2024-04-05 13:32:21,251,129,5.69,1,19.45,0.0
2024-04-15 10:18:33,54,132,2.82,1,12.24,2.75
2024-04-07 03:58:46,137,69,2.0,1,13.6,0.0
2024-04-17 18:43:16,162,14,1.1,1,4.57,0.0
2024-04-10 05:09:44,81,151,6.32,2,20.78,2.75
2024-04-13 18:40:02,220,174,0.57,4,3.0,2.75
2024-04-03 18:39:28,85,196,1.94,1,6.79,2.75
2024-04-04 08:16:03,83,32,1.47,1,8.07,0.0
2024-04-16 03:54:37,67,73,0.98,2,4.66,0.0
2024-04-07 00:12:45,234,194,1.16,1,4.53,2.75
2024-04-03 13:03:00,198,50,2.88,1,11.95,2.75
2024-04-30 09:29:44,259,57,2.44,1,10.92,2.75
2024-04-12 21:25:57,177,117,3.06,1,10.28,2.75
2024-04-20 17:29:41,129,192,5.05,1,19.83,2.75
2024-04-15 00:16:18,180,217,8.3,1,30.74,2.75
2024-04-24 02:29:30,207,111,0.94,1,6.74,2.75
2024-04-18 06:58:54,175,89,0.8,1,5.98,2.75
2024-04-15 22:47:07,29,157,1.85,1,3.47,2.75
2024-04-14 23:02:03,179,69,3.27,2,10.61,2.75
2024-04-30 01:00:56,41,225,0.87,2,3.0,2.75
2024-04-19 17:03:16,192,5,4.91,1,19.09,2.75
2024-04-21 15:59:19,237,243,3.34,1,14.48,2.75
2024-04-04 13:40:49,225,118,5.33,5,19.38,2.75
2024-04-07 04:13:54,114,172,2.05,1,8.15,0.0
2024-04-13 06:48:59,17,143,2.29,1,8.84,0.0
2024-04-03 04:50:37,86,257,6.27,1,29.02,2.75
2024-04-10 21:47:27,181,78,1.59,1,8.87,2.75
2024-04-05 23:15:32,145,57,2.18,1,8.85,2.75
2024-04-14 04:38:49,225,20,0.55,1,5.13,0.0
2024-04-03 13:29:33,54,14,3.34,1,9.96,2.75
2024-04-17 06:39:28,68,206,7.17,1,25.15,2.75
2024-04-10 18:51:14,107,237,0.6,4,3.8,0.0
2024-04-19 09:56:03,77,181,3.83,1,15.0,0.0
2024-04-05 07:07:13,27,189,7.04,3,21.72,2.75
2024-04-15 04:12:24,155,147,2.88,4,14.79,0.0
2024-04-21 13:18:42,72,42,1.81,1,6.16,0.0
2024-04-08 17:43:10,180,1,20.38,1,62.96,2.75
2024-04-25 15:56:58,47,104,0.73,1,3.0,2.75
2024-04-06 00:51:11,242,255,1.33,1,5.04,0.0
2024-04-27 10:28:59,105,209,8.08,1,26.46,2.75
2024-04-30 00:47:06,95,218,1.73,1,7.79,0.0
2024-04-30 07:04:46,219,78,6.5,3,21.52,2.75
2024-04-04 09:52:26,170,51,1.92,3,9.28,0.0
2024-04-18 13:14:10,128,100,6.35,1,26.26,2.75
2024-04-15 07:48:35,200,212,4.55,1,15.76,0.0
2024-04-02 20:03:08,35,237,2.71,1,9.63,2.75
2024-04-20 16:49:19,144,157,3.09,1,14.52,0.0
2024-04-24 04:30:26,66,14,1.18,1,4.14,2.75
2024-04-16 04:07:55,219,116,0.93,2,8.59,2.75
2024-04-02 10:25:50,56,139,4.92,3,13.59,0.0
2024-04-04 19:33:58,145,75,7.11,1,25.83,2.75
2024-04-07 22:48:37,213,24,4.98,4,15.55,2.75
2024-04-14 08:20:24,94,177,9.04,3,27.66,0.0
2024-04-01 10:42:27,106,55,8.23,1,27.98,0.0
2024-04-27 10:18:40,84,213,5.77,1,21.64,0.0
2024-04-07 07:35:35,136,163,8.49,1,29.36,2.75
2024-04-21 03:28:54,146,164,1.14,1,4.55,2.75
2024-04-16 02:26:06,249,89,5.1,2,19.53,0.0
2024-04-27 15:52:34,18,15,5.4,1,17.03,0.0
2024-04-09 17:28:25,125,122,1.09,1,5.26,2.75
2024-04-02 07:19:42,2,178,8.91,1,28.08,0.0
2024-04-08 06:13:40,200,105,0.53,1,3.79,0.0
2024-04-23 20:46:48,138,159,2.5,1,8.92,2.75
2024-04-12 16:55:16,203,5,0.58,3,4.6,2.75
2024-04-06 03:08:36,30,141,3.09,2,9.06,2.75
2024-04-23 20:24:19,56,169,2.36,1,10.76,0.0
2024-04-15 07:01:55,119,17,3.91,1,13.22,2.75
2024-04-06 12:06:35,132,32,5.59,1,17.16,2.75
2024-04-17 23:09:04,231,5,5.62,1,21.42,0.0
2024-04-22 20:40:06,152,137,4.98,1,21.16,0.0
2024-04-18 23:10:26,21,107,0.88,2,6.25,2.75
2024-04-25 20:41:31,68,162,2.39,1,10.15,0.0
2024-04-21 09:01:02,126,257,6.42,2,20.98,2.75
2024-04-26 21:51:13,43,168,4.22,1,12.5,2.75
2024-04-19 18:52:34,182,245,4.5,1,17.15,2.75
2024-04-11 02:31:33,100,113,1.4,3,3.57,2.75
2024-04-10 08:46:18,240,178,1.88,4,9.07,2.75
2024-04-07 17:58:18,200,190,11.42,2,33.3,2.75
2024-04-06 12:21:53,116,11,7.07,1,24.12,2.75
2024-04-30 15:50:05,115,23,1.13,2,8.46,2.75
2024-04-20 18:02:13,142,119,3.25,1,12.98,2.75
2024-04-09 08:17:17,119,69,2.86,1,13.29,2.75
2024-04-16 04:49:39,93,134,2.55,5,13.09,2.75
2024-04-26 17:40:50,9,253,2.73,1,10.77,2.75
2024-04-12 19:44:29,73,51,4.1,1,18.51,0.0
2024-04-30 15:40:46,26,43,12.46,1,39.32,2.75
2024-04-19 08:16:13,239,141,7.79,1,23.91,2.75
2024-04-28 13:28:26,145,25,7.78,1,23.86,2.75
2024-04-21 23:25:36,68,104,4.75,2,18.66,2.75
2024-04-02 14:45:44,188,153,0.56,1,3.69,2.75
2024-04-28 02:55:35,131,161,2.53,2,9.22,2.75
2024-04-06 08:36:41,221,45,3.0,1,12.98,0.0
2024-04-22 00:46:29,140,166,6.97,3,20.29,2.75
2024-04-25 21:31:01,54,207,9.47,1,36.16,2.75
2024-04-12 05:40:34,1,108,2.6,2,7.96,2.75
2024-04-06 23:14:53,128,65,1.75,1,8.98,2.75
2024-04-03 18:23:37,1,185,1.94,1,9.41,2.75
2024-04-05 19:16:34,173,224,3.53,1,12.8,2.75
2024-04-11 21:36:08,256,153,1.63,1,9.61,2.75
2024-04-30 12:20:43,174,186,8.96,4,31.03,0.0
2024-04-22 07:08:03,45,226,2.4,2,9.48,0.0
2024-04-18 13:35:40,141,200,16.64,1,53.67,2.75
2024-04-13 11:09:01,27,11,0.91,1,3.0,2.75
2024-04-06 09:26:22,233,3,1.23,1,5.39,0.0
2024-04-30 09:09:28,209,62,3.01,1,12.64,2.75
2024-04-04 03:52:26,50,5,7.6,4,23.98,2.75
2024-04-16 07:57:47,61,9,2.03,2,8.43,0.0
2024-04-15 13:41:10,243,58,6.86,1,22.71,0.0
2024-04-23 08:04:08,140,238,2.44,1,6.4,0.0
2024-04-14 11:33:15,157,127,7.21,1,25.95,2.75
2024-04-17 01:55:30,85,237,1.64,1,7.68,0.0
2024-04-14 16:55:41,84,219,2.73,1,8.33,2.75
2024-04-28 21:16:21,31,178,1.64,1,11.12,0.0
2024-04-07 11:08:36,8,149,1.35,1,6.93,0.0
2024-04-12 04:35:20,203,38,2.41,5,10.21,0.0
2024-04-01 21:26:15,33,118,1.93,3,8.1,2.75
2024-04-25 01:26:48,143,97,5.92,2,24.07,2.75
2024-04-16 17:04:13,37,17,5.32,2,20.32,2.75
2024-04-02 02:23:48,147,154,2.05,3,7.25,0.0
2024-04-19 00:50:42,228,94,17.52,3,50.91,0.0
2024-04-06 16:30:50,34,175,13.25,1,43.61,0.0
2024-04-02 10:45:49,237,29,9.25,1,30.0,2.75
2024-04-09 17:21:44,212,34,3.59,3,12.56,2.75
2024-04-15 11:30:11,140,10,2.36,1,9.28,2.75
2024-04-02 21:30:34,190,101,1.81,1,4.33,2.75
2024-04-28 09:39:15,96,141,0.55,1,4.42,2.75
2024-04-15 05:36:27,194,87,4.0,3,14.0,2.75
2024-04-16 08:12:49,152,128,3.32,1,11.57,2.75
2024-04-17 09:33:48,223,206,3.98,1,14.57,2.75
2024-04-23 06:38:37,196,89,3.5,1,16.12,2.75
2024-04-28 22:36:05,88,82,1.02,1,4.88,2.75
2024-04-10 22:09:02,17,212,4.66,1,18.98,0.0
2024-04-04 07:21:51,211,119,2.06,1,9.0,2.75
2024-04-13 13:04:28,232,136,3.04,1,14.3,2.75
2024-04-14 00:03:09,183,261,2.09,3,8.65,2.75
2024-04-07 15:58:39,162,208,0.58,1,3.0,2.75
2024-04-25 09:17:17,70,243,7.82,1,30.22,0.0
2024-04-24 10:42:19,60,100,1.06,1,7.71,2.75
2024-04-10 20:52:26,179,115,3.55,2,16.01,0.0
2024-04-16 22:10:07,77,16,8.01,4,27.74,2.75
2024-04-05 21:19:41,35,4,1.38,1,6.77,2.75
2024-04-12 07:13:53,16,48,2.36,1,11.56,2.75
2024-04-06 07:50:44,171,223,2.16,3,10.16,2.75
2024-04-09 04:04:20,32,204,0.83,1,3.93,2.75
2024-04-18 14:29:03,263,20,2.43,2,10.73,2.75
2024-04-16 20:22:43,215,194,2.79,1,10.19,2.75
2024-04-25 19:00:52,46,11,0.59,1,3.0,2.75
2024-04-18 04:25:38,189,20,2.84,3,10.9,2.75
2024-04-05 15:24:27,71,35,0.84,2,3.81,2.75
2024-04-13 23:27:48,88,232,8.3,1,31.61,2.75
2024-04-06 07:59:56,261,38,4.18,4,12.93,2.75
2024-04-23 05:27:24,182,83,0.7,1,3.73,0.0
2024-04-21 20:01:12,22,32,6.64,2,21.28,0.0
2024-04-13 16:09:39,74,54,2.07,1,10.28,2.75
2024-04-20 06:13:54,90,225,1.39,2,7.18,2.75
2024-04-10 05:00:00,166,107,1.53,1,10.91,2.75
2024-04-12 14:53:21,234,25,3.69,1,16.59,2.75
2024-04-04 14:40:23,129,45,0.8,1,5.11,2.75
2024-04-25 00:35:12,95,118,0.71,2,3.0,2.75
2024-04-06 16:37:42,28,125,3.96,1,15.13,2.75
2024-04-09 17:45:11,35,36,14.54,3,46.59,2.75
2024-04-27 20:38:35,231,167,2.81,1,7.95,2.75
2024-04-26 20:46:45,125,194,2.37,2,9.21,2.75
2024-04-02 06:35:55,79,124,10.79,2,35.27,2.75
2024-04-29 03:19:09,61,58,1.47,4,7.0,2.75
2024-04-22 23:30:54,217,59,1.46,1,4.92,2.75
2024-04-18 22:36:24,163,217,8.74,1,28.7,0.0
2024-04-02 00:37:48,57,69,4.14,1,14.69,0.0
2024-04-23 06:41:54,191,244,0.69,1,5.55,0.0
2024-04-25 03:01:48,132,103,4.42,1,13.94,0.0
2024-04-07 09:38:11,42,5,6.5,1,24.34,2.75
2024-04-19 00:19:56,173,241,1.62,1,8.35,2.75
2024-04-04 03:15:14,167,222,2.19,1,6.42,2.75
2024-04-17 16:33:05,250,229,1.27,2,6.85,2.75
2024-04-05 04:40:55,193,32,4.01,4,14.61,2.75
2024-04-04 05:41:53,238,24,4.32,1,15.29,2.75
2024-04-12 23:23:06,230,187,0.75,1,3.0,0.0
2024-04-22 08:49:58,165,128,4.46,3,15.24,0.0
2024-04-22 23:10:32,243,112,4.26,1,14.01,2.75
2024-04-21 05:11:28,90,149,0.63,1,3.49,2.75
2024-04-21 02:17:43,179,151,3.34,1,14.33,2.75
2024-04-16 15:46:30,58,174,3.83,1,12.65,2.75
2024-04-25 03:01:44,263,197,2.47,1,14.29,0.0
2024-04-27 02:18:56,136,255,8.61,3,33.28,2.75
2024-04-28 15:23:49,238,168,1.89,2,8.89,0.0
2024-04-08 15:15:38,243,82,0.74,1,3.0,0.0
2024-04-19 16:10:47,151,70,4.4,2,13.13,2.75
2024-04-29 14:29:38,247,13,3.75,1,14.7,2.75
2024-04-23 05:26:19,219,119,16.3,1,50.94,2.75
2024-04-14 10:06:48,9,212,1.42,1,5.31,2.75
2024-04-15 12:45:16,13,102,2.26,1,9.31,0.0
2024-04-16 15:55:24,263,196,2.66,3,7.88,0.0
2024-04-30 14:45:04,225,77,7.42,1,29.53,2.75
2024-04-23 08:08:02,231,205,2.37,1,10.76,2.75
2024-04-01 20:31:09,178,229,5.68,1,22.81,2.75
2024-04-22 07:13:38,247,189,1.1,1,7.73,2.75
2024-04-11 01:36:47,67,99,2.35,4,11.07,2.75
2024-04-21 08:53:00,157,218,1.09,1,3.99,2.75
2024-04-03 08:13:36,165,194,10.96,4,30.12,0.0
2024-04-16 20:21:17,184,43,1.19,2,8.15,2.75
2024-04-16 08:57:43,208,124,2.4,4,9.74,0.0
2024-04-30 06:09:46,16,20,0.8,1,9.31,0.0
2024-04-09 16:19:31,241,168,9.4,1,29.84,2.75
2024-04-04 01:52:52,230,46,3.92,4,14.31,0.0
2024-04-16 12:47:37,18,223,11.99,1,37.8,0.0
2024-04-26 20:28:26,147,79,0.65,1,7.12,2.75
2024-04-22 23:52:21,244,170,1.17,1,3.0,0.0
2024-04-06 14:55:57,51,246,2.17,1,9.8,2.75
2024-04-24 18:39:36,259,99,3.9,2,12.9,2.75
2024-04-27 09:06:16,238,141,1.9,1,8.35,0.0
2024-04-14 17:11:51,246,109,4.86,1,20.19,2.75
2024-04-09 21:12:04,49,137,1.13,1,3.75,2.75
2024-04-20 00:28:32,38,121,3.71,1,11.45,2.75
2024-04-28 16:41:59,32,99,2.28,1,13.11,0.0
2024-04-18 08:55:48,243,66,2.98,1,10.74,2.75
2024-04-25 16:26:26,41,144,3.45,2,11.79,2.75
2024-04-29 15:11:34,103,110,0.72,1,3.63,0.0
2024-04-28 21:03:50,107,130,9.52,1,27.79,2.75
2024-04-10 21:31:20,246,257,5.9,1,23.32,2.75
2024-04-19 11:01:58,87,210,2.54,1,13.01,2.75
2024-04-20 00:21:32,66,246,3.28,1,8.88,2.75
2024-04-06 11:37:46,138,154,0.62,1,3.68,0.0
2024-04-20 23:15:22,200,133,2.91,3,8.1,2.75
2024-04-16 18:45:01,93,21,2.44,1,11.44,0.0
2024-04-09 04:42:20,20,35,2.14,3,10.12,0.0
2024-04-03 05:28:32,90,224,6.41,1,19.74,0.0
2024-04-12 03:08:23,50,124,1.2,1,5.22,2.75
2024-04-19 07:11:14,10,240,1.18,4,8.75,2.75
2024-04-22 00:11:51,79,4,3.08,1,11.46,2.75
2024-04-20 02:39:03,37,123,4.57,1,14.97,2.75
2024-04-03 05:10:20,59,42,0.58,5,6.18,2.75
2024-04-09 05:24:04,88,169,3.26,2,12.44,2.75
2024-04-18 22:23:40,104,225,1.74,1,10.3,2.75
2024-04-25 00:38:35,104,185,5.45,1,20.77,0.0
2024-04-28 06:01:16,254,11,2.71,1,11.94,2.75
2024-04-30 06:09:11,230,173,6.79,1,21.11,2.75
2024-04-29 14:58:32,37,96,2.27,1,11.98,2.75
2024-04-08 11:49:01,142,139,6.64,1,22.44,0.0
2024-04-18 14:29:42,43,166,4.91,1,17.39,2.75
2024-04-25 03:49:02,116,187,6.67,1,19.51,0.0
2024-04-26 19:59:44,84,86,6.36,1,20.23,2.75
2024-04-14 21:50:38,259,231,2.83,1,9.15,2.75
2024-04-26 01:16:03,87,138,2.11,3,9.85,0.0
2024-04-04 07:18:41,96,19,5.57,1,21.02,0.0
2024-04-12 10:11:13,255,156,2.07,1,8.16,2.75
2024-04-13 13:53:07,136,95,0.83,1,5.28,2.75
2024-04-03 11:26:21,248,17,7.35,2,24.42,2.75
2024-04-28 08:24:00,92,261,2.27,2,12.84,2.75
2024-04-10 00:55:26,247,160,1.0,1,3.0,2.75
2024-04-28 14:18:11,258,81,4.14,1,12.75,2.75
2024-04-25 06:06:28,187,185,8.22,1,26.58,0.0
2024-04-01 02:57:31,124,213,7.41,3,25.37,0.0
2024-04-11 00:22:43,260,167,3.33,1,11.5,2.75
2024-04-06 01:33:45,169,206,0.82,1,3.0,2.75
2024-04-14 20:58:54,111,261,4.67,1,17.83,2.75
2024-04-16 21:07:50,87,236,3.79,1,17.25,2.75
2024-04-29 03:12:01,13,243,1.33,1,3.35,0.0
2024-04-30 05:56:44,263,220,8.58,1,29.03,0.0
2024-04-30 10:06:57,23,70,0.82,1,7.22,2.75
2024-04-18 02:06:42,200,213,2.13,4,9.8,0.0
2024-04-03 23:05:48,242,226,0.85,1,7.17,2.75
2024-04-19 04:07:37,239,249,9.0,2,28.75,0.0
2024-04-10 23:11:09,165,196,0.63,2,3.0,0.0
2024-04-18 14:10:25,226,30,2.44,1,12.44,2.75
2024-04-10 21:57:06,176,131,7.43,2,25.54,2.75
2024-04-10 23:49:09,29,12,1.51,1,7.42,2.75
2024-04-26 00:22:32,165,16,0.89,1,5.65,0.0
2024-04-14 08:40:24,23,117,0.98,1,3.0,2.75
2024-04-02 05:27:02,44,149,2.32,1,8.17,0.0
2024-04-17 21:55:31,261,109,2.46,3,10.24,2.75
2024-04-10 00:52:21,180,236,4.93,4,20.75,0.0
2024-04-22 22:24:26,139,5,1.45,1,4.7,2.75
2024-04-06 10:42:09,248,180,4.74,1,15.27,0.0
2024-04-02 20:50:45,241,1,24.59,1,77.44,2.75
2024-04-03 14:23:25,106,8,7.49,1,20.16,2.75
2024-04-27 14:56:39,173,144,4.03,1,14.19,2.75
2024-04-28 03:55:20,49,143,10.34,3,31.07,0.0
2024-04-08 22:00:29,123,153,17.03,1,57.89,2.75
2024-04-14 05:30:51,35,130,3.46,1,14.46,2.75
2024-04-06 21:46:10,106,121,1.62,1,5.51,2.75
2024-04-21 06:46:14,196,59,9.13,1,30.05,2.75
2024-04-03 13:22:52,109,217,7.01,1,21.59,2.75
2024-04-21 03:42:53,125,31,0.81,3,3.0,2.75
2024-04-03 10:02:24,37,244,10.14,1,30.35,0.0
2024-04-12 11:39:42,188,140,2.1,2,7.39,2.75
2024-04-20 13:57:50,23,213,1.86,1,8.86,2.75
2024-04-16 18:08:23,261,29,1.97,1,10.8,2.75
2024-04-01 02:04:21,194,164,1.85,3,5.91,2.75
2024-04-06 11:15:01,152,104,3.04,1,9.75,2.75
2024-04-14 20:32:42,18,63,3.53,1,17.6,0.0
2024-04-13 02:36:01,27,15,2.44,4,10.09,2.75
2024-04-29 17:02:27,24,179,2.36,1,8.98,2.75
2024-04-06 17:16:18,29,11,5.18,1,16.38,0.0
2024-04-24 04:12:28,139,13,0.51,1,3.0,0.0
2024-04-27 22:50:48,146,215,10.77,1,34.91,2.75
2024-04-21 14:21:25,123,226,4.89,3,19.47,0.0
2024-04-22 23:05:01,128,63,4.8,1,14.66,2.75
2024-04-07 11:38:35,117,255,2.42,1,9.27,0.0
2024-04-27 06:51:13,132,130,12.31,1,43.0,2.75
2024-04-23 09:32:15,206,263,0.5,1,3.0,0.0
2024-04-08 19:00:18,236,171,0.78,2,7.37,0.0
2024-04-07 23:34:51,42,190,6.2,1,25.3,2.75
2024-04-09 04:35:55,160,25,5.2,1,18.18,2.75
2024-04-28 22:26:48,252,160,1.61,1,9.96,2.75
2024-04-16 23:09:50,179,217,3.66,1,9.65,2.75
2024-04-12 23:17:42,125,176,3.16,1,11.44,2.75
2024-04-26 05:23:51,260,221,3.12,1,14.02,0.0
2024-04-01 04:17:14,213,81,3.67,1,10.63,2.75
2024-04-09 07:50:07,190,125,18.25,1,59.87,0.0
2024-04-30 09:02:23,58,170,15.79,4,54.92,2.75
2024-04-04 21:51:53,203,70,14.5,1,44.54,2.75
2024-04-25 06:29:12,80,78,3.28,1,13.83,2.75
2024-04-04 19:20:21,228,90,1.84,1,9.95,2.75
2024-04-26 05:45:07,95,111,3.37,1,15.82,0.0
2024-04-20 16:34:03,4,164,3.91,1,11.95,2.75
2024-04-21 23:26:15,165,128,1.81,1,6.62,2.75
2024-04-27 07:39:18,42,155,4.01,1,15.82,0.0
2024-04-30 07:02:51,229,194,3.9,1,14.38,2.75
2024-04-12 13:37:10,243,173,8.68,1,32.18,2.75
2024-04-01 19:06:43,212,21,1.45,1,6.24,2.75
2024-04-23 07:11:51,55,109,4.69,5,15.72,0.0
2024-04-10 08:22:24,173,129,2.6,1,11.04,2.75
2024-04-09 15:58:56,229,27,0.99,3,6.16,2.75
2024-04-18 15:58:38,30,92,1.83,1,7.75,2.75
2024-04-09 02:18:59,23,55,0.71,2,3.0,2.75
2024-04-03 20:10:04,5,196,1.85,1,8.33,0.0
2024-04-16 15:18:19,63,221,0.75,1,5.68,0.0
2024-04-01 04:48:17,221,156,9.59,2,29.57,2.75
2024-04-10 03:00:43,82,101,0.88,1,3.0,2.75
2024-04-07 13:51:42,242,236,6.45,5,22.59,0.0
2024-04-22 00:27:10,253,69,8.78,1,35.03,0.0
2024-04-23 07:55:41,52,138,2.71,1,13.16,2.75
2024-04-15 04:52:26,39,248,0.69,1,4.2,0.0
2024-04-19 00:51:49,259,103,3.67,1,13.1,2.75
2024-04-23 20:34:07,72,108,1.44,1,7.17,0.0
2024-04-16 10:26:12,70,200,1.18,1,4.88,2.75
2024-04-17 16:45:21,220,215,3.43,1,13.62,2.75
2024-04-06 22:06:43,4,155,2.04,1,5.7,2.75
2024-04-08 03:04:23,231,87,5.09,3,16.88,2.75
2024-04-06 20:56:05,80,209,3.63,1,16.14,0.0
2024-04-19 06:30:08,66,178,6.69,1,24.03,2.75
2024-04-18 04:16:49,136,74,0.71,3,6.04,0.0
2024-04-12 20:06:28,191,258,1.44,1,9.1,0.0
2024-04-10 14:13:11,59,24,3.43,1,12.15,2.75
2024-04-29 10:47:22,7,71,7.93,1,23.52,2.75
2024-04-08 11:13:14,202,83,6.38,2,22.07,2.75
2024-04-03 07:54:20,237,10,4.48,1,16.9,2.75
2024-04-21 18:16:35,79,43,3.49,1,16.46,2.75
2024-04-15 11:42:55,46,51,3.99,3,13.1,2.75
2024-04-05 08:39:54,243,207,1.34,1,6.03,0.0
2024-04-18 14:37:46,160,107,3.67,4,15.89,0.0
2024-04-29 16:57:32,115,259,2.88,1,12.95,0.0
2024-04-26 14:39:10,114,194,2.2,1,6.19,2.75
2024-04-28 04:00:52,126,235,8.15,2,29.29,2.75
2024-04-10 01:27:57,90,163,6.69,1,26.08,2.75
2024-04-09 04:48:41,61,69,0.78,1,3.84,2.75
2024-04-26 19:33:13,102,257,15.37,1,50.95,0.0
2024-04-14 21:48:20,114,185,1.41,3,8.1,2.75
2024-04-25 08:46:28,174,255,1.35,1,4.88,2.75
2024-04-19 13:44:02,92,116,10.58,4,31.68,2.75
2024-04-21 01:45:39,183,14,2.56,1,11.02,2.75
2024-04-27 14:51:39,205,215,6.23,1,23.44,0.0
2024-04-23 19:53:44,195,93,1.69,1,6.89,2.75
2024-04-16 11:08:12,25,234,7.73,1,23.36,0.0
2024-04-16 21:10:36,234,180,6.75,1,18.44,2.75
2024-04-22 11:25:46,16,54,3.07,2,11.99,0.0
2024-04-10 20:12:30,141,30,4.77,1,15.33,2.75
2024-04-11 19:01:17,108,12,12.14,5,37.28,0.0
2024-04-02 22:34:07,80,111,2.61,1,13.76,0.0
2024-04-28 00:14:39,76,112,2.89,3,12.72,2.75
2024-04-06 00:57:57,112,169,4.99,1,18.86,2.75
2024-04-20 11:38:43,75,104,2.21,1,9.03,2.75
2024-04-17 20:54:00,214,11,11.88,3,39.22,0.0
2024-04-01 00:39:12,34,14,0.64,1,5.05,2.75
2024-04-02 12:56:44,141,175,2.31,4,8.75,0.0
2024-04-19 07:17:00,166,158,4.88,5,17.11,0.0
2024-04-10 02:24:21,231,110,2.46,1,12.35,0.0
2024-04-01 13:54:58,28,152,1.55,1,7.86,0.0
2024-04-29 14:31:05,91,234,2.37,1,14.43,2.75
2024-04-28 03:12:31,115,141,7.97,1,29.0,0.0
2024-04-02 11:01:00,159,119,3.27,1,12.19,2.75
2024-04-15 07:28:50,258,9,1.93,2,8.73,0.0
2024-04-21 12:52:09,90,177,4.4,1,15.75,2.75
2024-04-02 12:15:44,245,49,3.81,2,16.77,0.0
2024-04-30 16:19:55,31,149,3.38,2,10.32,2.75
2024-04-05 13:19:34,228,157,2.24,3,8.98,2.75
2024-04-30 16:40:18,128,92,0.76,1,6.21,2.75
2024-04-11 02:10:08,209,152,3.89,3,15.27,0.0
2024-04-20 08:39:55,178,170,2.41,1,12.74,2.75
2024-04-27 02:08:23,191,84,2.46,3,9.09,2.75
2024-04-07 12:07:40,68,48,1.43,3,3.68,2.75
2024-04-13 19:30:54,128,217,1.5,1,8.04,2.75
2024-04-18 10:22:25,221,77,5.92,2,20.7,2.75
2024-04-14 19:22:11,242,43,2.78,2,11.79,2.75
2024-04-21 11:04:18,244,63,0.91,1,4.5,0.0
2024-04-09 00:59:40,19,245,0.66,1,5.75,2.75
2024-04-11 02:05:22,155,120,1.39,1,6.22,2.75
2024-04-22 11:20:27,229,262,2.84,1,12.41,2.75
2024-04-18 20:24:07,58,250,3.86,1,13.83,2.75
2024-04-03 01:25:12,45,52,1.04,1,8.81,2.75
2024-04-27 07:21:59,102,142,2.49,1,6.45,2.75
2024-04-28 00:10:33,48,251,0.76,1,3.0,2.75
2024-04-26 06:05:06,50,225,0.63,1,5.72,2.75
2024-04-07 23:17:56,81,153,7.47,1,21.98,2.75
2024-04-18 08:42:14,59,56,4.26,5,15.62,2.75
2024-04-27 00:12:55,161,9,5.82,4,19.0,2.75
2024-04-20 17:40:43,103,241,1.2,2,8.8,0.0
2024-04-01 22:19:48,183,164,1.86,1,8.2,2.75
2024-04-03 18:36:19,116,133,2.55,2,9.12,2.75
2024-04-11 11:20:50,164,81,4.26,2,18.65,2.75
2024-04-27 15:59:58,143,135,3.18,4,13.33,0.0
2024-04-09 00:52:15,94,134,3.31,1,10.19,0.0
2024-04-12 23:35:54,250,52,1.1,1,3.0,0.0
2024-04-14 15:59:48,240,202,2.75,1,13.4,2.75
2024-04-25 05:55:45,59,198,6.58,1,22.91,2.75
2024-04-24 01:02:02,15,106,2.99,1,13.2,2.75
2024-04-10 02:55:40,203,244,1.28,1,8.69,2.75
2024-04-23 19:08:30,237,233,2.37,2,10.81,0.0
2024-04-24 09:36:10,73,14,5.42,3,19.38,2.75
2024-04-25 13:47:18,214,225,1.01,1,5.31,0.0
2024-04-07 03:46:12,11,211,3.54,2,13.99,2.75
2024-04-14 04:34:24,225,201,12.27,1,38.66,2.75
2024-04-05 13:33:43,203,165,2.17,1,11.69,0.0
2024-04-19 17:42:43,231,49,0.66,5,5.89,0.0
2024-04-07 19:59:41,51,133,4.01,5,17.5,0.0
2024-04-14 23:55:37,57,70,0.67,1,5.18,2.75
2024-04-18 19:40:00,132,119,1.24,1,6.39,2.75
2024-04-11 07:04:57,225,139,0.67,1,4.34,2.75
2024-04-26 18:45:03,174,243,1.15,1,9.37,2.75
2024-04-01 10:43:55,247,181,7.26,1,21.92,2.75
2024-04-14 05:40:47,78,183,5.15,5,14.26,0.0
2024-04-17 09:35:53,135,50,1.96,2,8.0,2.75
2024-04-11 07:14:43,140,181,8.46,1,27.68,2.75
2024-04-05 21:01:20,253,125,4.33,1,17.71,0.0
2024-04-11 12:34:05,176,231,2.58,1,13.03,2.75
2024-04-04 22:46:47,60,3,0.75,1,4.51,2.75
2024-04-15 05:52:26,254,173,5.09,1,16.95,2.75
2024-04-27 12:12:58,8,81,2.15,1,4.16,2.75
2024-04-07 20:37:12,107,219,1.76,1,12.52,2.75
2024-04-07 11:48:01,171,140,1.69,1,8.84,2.75
2024-04-07 11:43:12,58,63,0.53,1,6.77,0.0
2024-04-18 00:56:18,84,27,5.25,3,20.47,0.0
2024-04-14 10:49:49,117,196,1.05,1,3.0,2.75
2024-04-18 18:41:21,200,152,3.07,1,10.73,2.75
2024-04-05 19:04:59,22,252,0.56,3,4.19,2.75
2024-04-19 10:00:18,219,248,3.96,1,14.06,2.75
2024-04-28 13:31:26,226,154,2.11,1,10.53,0.0
2024-04-30 03:39:26,102,210,3.99,1,11.79,2.75
2024-04-15 06:06:59,145,22,0.83,1,4.16,2.75
2024-04-14 21:05:51,147,70,1.58,1,7.24,0.0
2024-04-02 10:50:38,261,19,0.91,1,3.35,0.0
2024-04-23 04:30:43,14,101,4.14,1,16.82,0.0
2024-04-12 20:08:12,141,162,0.9,1,5.79,2.75
2024-04-28 08:01:20,31,139,3.86,1,16.52,0.0
2024-04-15 08:59:28,171,88,1.01,1,9.6,2.75
2024-04-29 23:57:20,205,37,10.55,1,33.8,2.75
2024-04-26 10:56:31,111,171,2.38,1,11.34,0.0
2024-04-08 08:35:19,68,260,0.97,1,3.0,2.75
2024-04-19 16:09:34,183,255,0.65,1,3.0,2.75
2024-04-10 08:30:58,196,140,1.9,1,8.84,2.75
2024-04-04 19:42:50,126,68,8.27,1,26.69,0.0
2024-04-26 16:20:20,175,68,1.04,1,8.85,2.75
2024-04-03 02:32:28,262,169,5.98,1,21.68,0.0
2024-04-30 21:26:54,155,105,2.39,1,6.81,2.75
2024-04-28 21:46:55,69,58,6.18,5,21.66,0.0
2024-04-14 23:12:31,108,187,7.76,1,24.88,2.75
2024-04-28 03:57:09,35,56,21.95,1,71.03,0.0
2024-04-12 00:54:52,44,4,0.75,3,4.34,0.0
2024-04-14 17:18:13,143,17,6.07,1,20.06,2.75
2024-04-03 12:29:30,211,237,0.75,1,3.0,2.75
2024-04-08 10:30:13,6,250,1.82,3,5.66,2.75
2024-04-29 05:00:45,218,24,4.14,1,13.34,2.75
2024-04-16 18:17:51,27,116,2.58,2,12.18,0.0
2024-04-23 23:01:31,227,238,3.42,1,16.17,0.0
2024-04-20 20:38:00,56,169,12.35,2,42.8,2.75
2024-04-22 20:24:55,105,241,6.48,1,22.89,0.0
2024-04-13 19:33:49,18,251,2.08,1,7.18,2.75
2024-04-21 17:13:28,205,165,3.71,1,11.17,0.0
2024-04-22 03:22:05,43,141,0.67,5,4.98,2.75
2024-04-04 16:32:46,89,120,2.61,3,8.32,0.0
2024-04-16 11:48:50,74,161,3.78,1,17.89,0.0
2024-04-23 15:40:33,157,105,4.89,1,18.71,0.0
2024-04-04 03:44:07,134,92,8.61,1,28.35,0.0
2024-04-26 06:05:13,89,204,1.66,1,7.97,2.75
2024-04-18 02:46:08,236,40,8.64,1,28.42,2.75
2024-04-19 02:46:53,132,54,4.29,2,17.56,2.75
2024-04-11 18:26:10,229,89,0.78,1,5.51,2.75
2024-04-29 01:52:00,34,135,2.18,1,7.76,0.0
2024-04-08 23:09:12,83,2,2.77,2,11.5,0.0
2024-04-05 15:56:20,132,97,2.02,1,8.11,2.75
2024-04-13 00:25:36,204,56,0.93,1,4.5,2.75
2024-04-14 12:42:12,258,124,3.31,2,11.77,2.75
2024-04-25 18:24:39,125,185,0.99,1,5.16,2.75
2024-04-29 05:09:27,151,125,9.13,1,24.11,2.75
2024-04-19 07:08:52,247,191,7.52,1,26.17,2.75
2024-04-17 18:31:27,175,215,2.76,1,12.13,2.75
2024-04-30 07:12:08,80,221,0.75,1,3.0,0.0
2024-04-25 09:42:22,107,199,3.31,1,9.31,2.75
2024-04-11 20:27:15,58,174,3.64,1,16.32,2.75
2024-04-17 01:11:29,91,217,8.18,1,31.35,0.0
2024-04-17 01:29:44,135,206,0.74,1,4.55,0.0
2024-04-25 12:27:13,169,67,4.62,1,18.62,0.0
2024-04-25 21:35:41,122,174,3.4,3,12.39,2.75
2024-04-04 00:48:13,236,78,1.17,4,6.42,2.75
2024-04-16 17:33:51,76,42,0.95,1,4.55,0.0
2024-04-05 04:41:02,23,64,4.64,3,17.93,2.75
2024-04-29 20:09:09,73,199,1.95,3,8.99,2.75
2024-04-24 12:38:34,88,90,34.51,1,108.85,0.0
2024-04-10 07:57:22,103,7,8.36,1,26.92,0.0
2024-04-16 00:33:11,94,263,3.42,1,13.68,2.75
2024-04-13 14:54:05,253,122,4.09,1,16.38,2.75
2024-04-21 23:56:28,58,164,1.11,1,6.76,0.0
2024-04-25 09:22:39,9,116,8.36,1,28.28,2.75
2024-04-03 12:40:01,13,13,2.65,5,13.37,0.0
2024-04-12 09:38:52,131,20,3.08,2,9.68,2.75
2024-04-02 20:14:52,222,201,7.73,1,26.88,0.0
2024-04-18 15:50:42,153,254,0.52,1,3.0,2.75
2024-04-06 17:59:22,71,86,2.89,4,9.45,2.75
2024-04-06 08:52:17,20,180,3.95,1,13.61,0.0
2024-04-14 19:08:17,81,237,1.11,1,6.56,0.0
2024-04-29 08:18:49,228,61,0.75,1,5.71,2.75
2024-04-03 04:09:31,19,215,3.18,2,11.58,2.75
2024-04-03 17:53:19,165,215,3.28,2,13.98,2.75
2024-04-21 22:39:55,107,90,1.9,1,9.99,2.75
2024-04-08 09:54:33,214,96,7.99,1,30.13,2.75
2024-04-27 07:45:16,239,61,1.75,1,6.94,2.75
2024-04-19 07:46:54,147,56,3.04,1,10.13,2.75
2024-04-09 16:45:18,181,220,1.22,1,6.39,0.0
2024-04-06 22:35:13,198,94,0.54,1,3.0,0.0
2024-04-26 23:50:46,53,40,2.44,1,14.26,0.0
2024-04-26 16:56:45,240,248,3.12,3,11.22,0.0
2024-04-27 23:50:14,188,217,5.56,2,17.59,2.75
2024-04-27 23:17:09,6,154,2.58,1,10.39,2.75
2024-04-11 06:31:56,263,62,1.64,4,7.62,0.0
2024-04-13 09:52:38,49,240,3.74,1,14.2,2.75
2024-04-22 13:37:42,200,190,2.18,4,9.96,0.0
2024-04-23 00:35:12,60,146,1.43,1,4.86,2.75
2024-04-08 13:43:44,33,10,8.94,2,30.03,2.75
2024-04-27 01:06:37,244,130,3.19,1,11.51,2.75
2024-04-24 03:21:24,172,60,1.28,1,5.47,2.75
2024-04-24 04:01:16,207,175,4.39,1,17.51,2.75
2024-04-20 11:55:32,22,73,6.19,1,17.88,2.75
2024-04-06 06:13:38,47,239,5.47,4,20.36,2.75
2024-04-18 17:19:52,158,179,3.7,1,17.18,2.75
2024-04-18 01:02:22,258,67,3.07,2,12.5,2.75
2024-04-04 05:25:10,143,81,5.76,3,23.81,0.0
2024-04-08 16:02:30,47,77,4.81,1,18.4,2.75
2024-04-07 12:17:01,27,248,3.47,1,12.35,2.75
2024-04-08 02:30:59,27,195,4.25,1,13.68,2.75
2024-04-25 04:42:27,145,68,1.15,5,5.71,0.0
2024-04-19 11:54:59,75,56,0.57,1,4.49,2.75
2024-04-01 00:02:39,187,99,9.86,3,31.51,2.75
2024-04-15 00:32:49,10,76,10.08,1,34.25,0.0
2024-04-05 05:56:43,121,66,5.93,3,17.64,0.0
2024-04-14 20:11:25,165,33,2.13,1,6.7,0.0
2024-04-14 09:08:03,161,30,1.07,1,6.14,2.75
2024-04-23 20:25:24,118,26,2.05,1,7.38,2.75
2024-04-13 07:21:59,263,210,5.03,3,17.26,2.75
2024-04-15 19:19:40,84,123,1.93,1,5.76,2.75
2024-04-04 21:35:07,146,33,6.06,1,20.06,0.0
2024-04-30 21:49:42,171,143,4.41,4,15.16,0.0
2024-04-21 22:18:06,14,145,3.98,1,13.18,0.0
2024-04-05 16:37:33,149,262,9.82,1,32.74,2.75
2024-04-08 18:23:29,251,5,8.34,1,25.41,2.75
2024-04-02 22:53:05,57,161,4.85,1,19.91,2.75
2024-04-27 15:21:27,133,144,1.28,1,6.91,2.75
2024-04-03 01:57:18,170,152,10.28,3,32.03,0.0
2024-04-04 02:46:00,102,5,1.4,1,3.0,2.75
2024-04-30 17:52:11,106,195,2.13,2,12.83,2.75
2024-04-06 02:45:04,171,125,6.64,1,23.5,2.75
2024-04-11 03:21:50,128,76,1.32,1,8.66,2.75
2024-04-11 09:34:48,250,169,4.06,2,15.99,2.75
2024-04-07 16:42:06,32,217,2.64,1,12.23,2.75
2024-04-28 23:38:24,216,183,3.92,2,14.81,0.0
2024-04-20 05:39:05,262,113,11.6,1,38.08,2.75
2024-04-10 16:36:33,244,178,6.28,1,21.72,0.0
2024-04-11 21:10:40,263,125,1.73,1,9.36,2.75
2024-04-10 10:13:42,85,199,0.71,1,6.39,2.75
2024-04-13 20:38:47,45,138,12.44,1,40.6,2.75
2024-04-24 10:17:21,200,218,3.58,1,15.05,2.75
2024-04-09 12:09:43,201,168,1.17,1,7.95,2.75
2024-04-27 04:43:49,168,134,3.95,1,13.21,0.0
2024-04-01 22:26:51,240,161,0.65,2,3.24,2.75
2024-04-12 02:25:31,190,248,1.23,1,7.89,0.0
2024-04-17 09:34:02,71,222,4.0,2,13.14,2.75
2024-04-27 23:34:16,145,172,2.3,3,10.27,0.0
2024-04-03 08:12:26,209,259,1.88,2,6.24,2.75
2024-04-27 09:46:48,208,256,4.23,1,14.74,2.75
2024-04-17 18:06:25,222,168,7.55,1,19.97,2.75
2024-04-26 20:29:55,163,120,4.47,1,14.73,0.0
2024-04-14 10:48:46,72,19,2.68,1,10.86,0.0
2024-04-30 21:01:38,240,247,4.26,1,13.77,2.75
2024-04-12 02:50:52,127,205,4.66,1,13.07,2.75
2024-04-26 07:52:50,85,67,5.72,2,18.09,2.75
2024-04-18 22:08:05,15,185,1.78,1,7.23,0.0
2024-04-19 03:22:23,248,108,0.93,2,6.3,2.75
2024-04-11 12:00:11,2,165,4.51,1,15.94,2.75
2024-04-17 16:07:14,74,121,0.95,1,3.47,0.0
2024-04-21 23:52:04,64,84,2.67,1,12.68,0.0
2024-04-25 15:33:13,261,261,1.42,2,10.23,2.75
2024-04-15 21:23:34,239,107,1.91,1,6.75,0.0
2024-04-09 17:53:32,201,123,2.73,5,14.29,2.75
2024-04-25 00:47:55,221,73,8.43,1,27.26,2.75
2024-04-25 18:58:32,162,154,4.49,1,16.9,2.75
2024-04-04 07:20:22,183,97,1.16,2,8.6,0.0
2024-04-23 17:14:49,132,254,7.9,1,28.7,2.75
2024-04-23 01:41:02,120,82,2.93,1,10.66,2.75
2024-04-17 03:53:56,219,17,1.3,1,8.93,2.75
2024-04-08 17:25:40,160,180,3.12,1,12.93,2.75
2024-04-26 09:54:50,109,216,1.24,1,5.95,2.75
2024-04-19 09:10:36,238,22,2.1,3,7.38,2.75
2024-04-10 10:43:48,67,236,6.23,1,20.81,0.0
2024-04-12 07:02:56,187,211,4.26,1,16.76,2.75
2024-04-06 22:05:11,36,207,2.77,1,10.05,2.75
2024-04-15 16:40:11,49,255,1.4,1,7.25,0.0
2024-04-29 16:51:28,256,11,1.66,1,6.45,2.75
2024-04-17 06:05:55,107,34,13.9,1,46.01,0.0
2024-04-20 11:44:46,8,121,1.97,1,6.69,2.75
2024-04-10 23:23:09,236,236,3.85,1,18.57,2.75
2024-04-21 13:08:24,178,183,2.92,1,11.74,0.0
2024-04-29 12:38:42,242,78,0.58,1,3.0,0.0
2024-04-28 08:58:58,41,123,10.63,1,33.37,2.75
2024-04-30 13:18:03,245,208,0.82,1,3.0,0.0
2024-04-23 00:17:40,113,186,4.26,1,17.35,2.75
2024-04-17 15:00:57,256,17,6.33,1,22.14,2.75
2024-04-16 16:51:28,166,254,5.33,1,19.14,2.75
2024-04-27 01:03:49,78,99,6.3,1,22.25,2.75
2024-04-18 14:55:34,207,147,5.21,3,16.7,2.75
2024-04-20 22:35:07,196,114,2.56,1,9.6,0.0
2024-04-30 02:52:47,64,97,8.43,1,24.11,2.75
2024-04-06 13:33:28,140,170,9.02,2,33.46,0.0
2024-04-19 23:29:38,42,199,2.51,1,7.31,0.0
2024-04-27 23:57:01,209,177,2.82,1,9.78,2.75
2024-04-14 13:28:02,73,124,2.83,1,10.57,2.75
2024-04-30 16:29:47,153,157,1.64,1,7.9,2.75
2024-04-28 18:00:38,135,95,0.93,1,5.47,2.75
2024-04-24 16:02:20,216,99,1.56,3,8.13,0.0
2024-04-25 07:10:09,209,235,7.0,3,27.52,0.0
2024-04-16 11:41:24,204,190,3.24,1,13.02,2.75
2024-04-04 23:26:07,110,18,7.14,5,21.76,2.75
2024-04-04 08:57:44,31,174,5.28,1,21.44,2.75
2024-04-07 07:24:56,12,120,2.0,3,11.4,2.75
2024-04-30 22:20:58,127,256,1.22,1,6.8,0.0
2024-04-02 08:56:21,194,96,3.43,1,13.95,2.75
2024-04-14 14:48:23,140,31,10.11,1,31.46,2.75
2024-04-13 12:55:49,27,97,6.9,1,25.28,0.0
2024-04-18 00:12:19,46,193,5.55,1,17.44,2.75
2024-04-04 22:02:20,135,233,5.56,1,17.84,0.0
2024-04-06 19:19:50,58,46,3.13,1,13.32,2.75
2024-04-17 10:00:12,13,236,1.15,1,7.96,0.0
2024-04-19 20:52:49,100,49,1.68,1,5.73,2.75
2024-04-11 02:18:48,49,162,3.52,4,12.27,2.75
2024-04-08 02:52:55,94,134,1.83,1,7.28,2.75
2024-04-14 13:11:34,95,257,5.82,2,22.08,0.0
2024-04-16 17:14:57,145,183,2.14,1,8.2,0.0
2024-04-10 19:48:43,72,27,0.92,1,4.63,2.75
2024-04-15 23:31:55,10,140,5.84,2,22.7,0.0
2024-04-22 21:54:51,162,260,4.69,1,13.73,2.75
2024-04-30 19:25:08,214,80,1.52,5,5.83,0.0
2024-04-28 12:03:39,4,180,14.39,1,40.66,2.75
2024-04-16 17:18:31,224,52,2.31,2,4.89,2.75
2024-04-19 22:12:05,29,84,4.49,1,14.74,0.0
2024-04-04 15:54:40,203,156,8.95,1,25.88,2.75
2024-04-29 03:56:19,77,104,1.09,1,3.3,2.75
2024-04-19 21:50:12,59,97,7.89,2,22.05,0.0
2024-04-15 22:11:07,196,125,4.76,2,16.13,2.75
2024-04-02 21:34:34,107,183,1.14,1,7.25,0.0
2024-04-30 18:01:06,9,54,4.32,2,15.35,2.75
2024-04-24 14:24:56,20,164,7.77,1,27.67,0.0
2024-04-04 08:13:36,149,149,6.12,3,18.24,2.75
2024-04-10 03:37:25,17,87,5.5,3,22.49,2.75
2024-04-12 18:38:01,12,162,1.12,1,5.66,2.75
2024-04-01 17:21:47,82,168,1.24,1,3.75,2.75
2024-04-13 19:08:30,67,135,3.28,2,12.14,0.0
2024-04-26 19:32:04,133,90,3.54,5,13.87,2.75
2024-04-28 01:32:57,53,81,10.56,1,35.77,0.0
2024-04-03 05:37:49,206,231,2.71,1,13.18,0.0
2024-04-10 08:02:44,233,89,1.76,3,7.98,0.0
2024-04-22 10:46:47,54,2,1.24,1,6.09,2.75
2024-04-19 15:04:33,68,222,0.69,1,5.26,0.0
2024-04-20 19:32:32,169,17,0.75,1,7.28,2.75
2024-04-18 03:32:51,161,196,3.49,1,11.5,0.0
2024-04-28 16:12:57,15,120,1.18,1,4.34,0.0
2024-04-09 12:59:14,191,242,7.18,1,23.85,0.0
2024-04-09 04:26:13,15,174,3.68,1,15.78,2.75
2024-04-21 03:19:17,10,32,7.51,1,23.98,0.0
2024-04-04 15:51:15,57,195,2.45,1,11.33,2.75
2024-04-08 20:44:07,199,4,3.67,1,14.35,2.75
2024-04-13 06:50:04,161,21,3.11,1,10.96,2.75
2024-04-12 07:58:34,263,238,15.61,1,48.14,2.75
2024-04-24 17:47:39,253,93,6.08,1,21.43,2.75
2024-04-10 06:40:25,119,89,3.67,1,11.18,0.0
2024-04-30 08:13:52,80,113,3.77,2,16.52,2.75
2024-04-17 22:08:19,124,221,1.5,1,10.03,0.0
2024-04-28 12:48:27,72,98,5.14,1,17.59,2.75
2024-04-23 21:27:10,168,142,14.73,1,50.59,0.0
2024-04-04 21:59:44,36,150,0.99,1,5.96,2.75
2024-04-22 06:29:13,175,48,4.05,1,13.64,2.75
2024-04-28 08:26:02,199,51,3.05,5,10.88,2.75
2024-04-08 23:00:05,116,208,7.15,3,23.55,0.0
2024-04-18 04:55:16,220,11,0.5,1,3.0,2.75
2024-04-11 14:11:53,66,263,1.01,1,3.88,2.75
2024-04-26 14:19:09,134,197,0.63,3,6.57,0.0
2024-04-28 03:35:04,119,186,1.12,1,5.45,2.75
2024-04-05 11:25:21,122,221,4.81,1,13.17,2.75
2024-04-05 21:35:32,87,81,1.03,1,10.49,2.75
2024-04-04 09:16:15,137,222,3.91,3,15.53,2.75
2024-04-17 21:28:20,53,170,7.59,1,21.53,2.75
2024-04-01 08:08:56,205,86,0.62,1,3.0,2.75
2024-04-20 00:13:45,51,44,0.6,2,3.0,2.75
2024-04-22 20:09:23,40,261,16.57,1,52.42,2.75
2024-04-13 20:16:56,250,104,4.42,1,16.66,0.0
2024-04-17 18:12:27,218,228,1.03,3,6.09,2.75
2024-04-19 17:51:11,179,188,1.78,1,6.84,2.75
2024-04-27 08:52:28,39,121,15.2,1,46.89,2.75
2024-04-28 22:02:46,183,149,1.4,1,7.03,2.75
2024-04-18 08:12:19,224,57,5.39,1,17.42,2.75
2024-04-19 22:42:54,164,189,1.47,1,7.0,0.0
2024-04-08 19:51:36,234,38,2.28,1,10.9,0.0
2024-04-05 09:17:19,193,201,7.94,2,25.05,2.75
2024-04-07 02:51:54,85,229,0.6,1,7.06,2.75
2024-04-06 02:30:48,243,131,1.78,1,5.12,2.75
2024-04-07 09:27:19,173,171,2.84,2,10.12,2.75
2024-04-04 03:57:32,37,35,3.94,4,14.33,0.0
2024-04-28 01:26:45,87,201,0.6,4,3.0,2.75
2024-04-10 00:21:23,129,168,2.35,1,9.87,0.0
2024-04-03 01:05:43,194,246,1.98,1,9.28,2.75
2024-04-14 04:21:22,43,224,0.6,1,3.0,2.75
2024-04-09 16:11:08,159,58,2.04,1,7.22,0.0
2024-04-26 08:18:41,105,25,9.89,1,30.83,0.0
2024-04-19 14:18:54,229,32,1.62,5,4.24,2.75
2024-04-08 06:23:55,217,110,3.58,1,13.72,0.0
2024-04-09 19:11:18,49,101,1.74,3,7.29,0.0
2024-04-12 07:08:09,123,150,0.89,1,3.33,2.75
2024-04-09 19:46:11,25,193,1.7,1,7.01,0.0
2024-04-17 23:26:00,131,109,2.73,2,10.63,2.75
2024-04-02 15:43:00,224,233,1.73,1,3.19,2.75
2024-04-24 01:28:23,99,21,3.93,5,14.17,0.0
2024-04-06 19:32:47,197,252,10.92,3,33.7,2.75
2024-04-29 04:06:43,109,14,0.75,1,3.0,2.75
2024-04-27 16:41:21,220,215,4.92,1,18.62,2.75
2024-04-03 23:29:14,208,24,0.5,1,3.0,0.0
2024-04-21 08:49:31,82,20,0.5,1,7.31,2.75
2024-04-28 21:05:25,25,202,1.0,1,5.61,2.75
2024-04-23 04:32:40,186,52,2.79,1,10.9,0.0
2024-04-03 01:14:01,8,186,0.67,1,5.56,2.75
2024-04-26 21:04:43,124,207,4.98,1,21.01,0.0
2024-04-30 12:36:22,149,95,0.6,2,3.1,2.75
2024-04-09 20:17:45,98,15,2.89,1,13.57,2.75
2024-04-29 04:48:56,216,175,4.45,2,15.08,2.75
2024-04-18 01:36:25,101,219,1.45,1,6.21,2.75
2024-04-26 14:07:20,218,10,3.53,1,12.85,0.0
2024-04-04 13:43:37,259,19,1.56,2,6.76,2.75
2024-04-09 14:52:28,11,68,1.34,1,5.9,2.75
2024-04-24 18:40:10,59,15,6.47,4,18.96,0.0
2024-04-11 08:09:48,250,114,1.92,1,8.12,2.75
2024-04-29 16:15:48,140,158,6.39,5,21.01,0.0
2024-04-11 13:32:23,38,104,1.36,1,8.74,2.75
2024-04-09 11:57:55,122,86,2.04,1,8.47,2.75
2024-04-24 09:12:14,65,94,0.88,3,3.0,2.75
2024-04-16 00:30:19,146,174,2.9,1,10.38,2.75
2024-04-12 23:16:26,125,242,2.18,1,10.13,2.75
2024-04-07 22:15:06,191,262,0.52,1,3.0,2.75
2024-04-15 09:49:52,263,147,2.69,1,6.4,2.75
2024-04-24 03:32:00,182,2,0.77,1,5.81,2.75
2024-04-07 10:38:38,159,68,6.85,5,24.93,2.75
2024-04-25 12:57:23,162,69,2.88,1,12.55,0.0
2024-04-22 04:19:49,263,47,4.6,4,18.34,0.0
2024-04-24 03:17:43,217,64,6.52,1,20.02,2.75
2024-04-19 11:34:13,181,80,0.68,2,5.05,0.0
2024-04-14 00:13:47,91,254,1.94,1,9.05,0.0
2024-04-25 11:49:02,17,237,0.59,1,6.55,2.75
2024-04-05 01:53:34,125,139,0.68,1,6.53,2.75
2024-04-28 04:08:13,260,154,0.63,1,5.82,2.75
2024-04-02 10:42:12,214,132,2.77,1,9.6,2.75
2024-04-13 00:52:35,239,226,2.6,3,6.65,2.75
2024-04-04 02:28:03,180,92,0.72,1,3.0,2.75
2024-04-21 06:31:38,172,118,1.57,1,8.29,2.75
2024-04-25 03:34:13,143,126,1.48,1,8.61,2.75
2024-04-30 23:32:48,244,227,1.73,1,6.23,0.0
2024-04-08 21:33:25,232,179,4.08,2,16.09,2.75
2024-04-19 00:53:46,172,85,4.68,1,17.57,0.0
2024-04-18 04:56:01,77,164,1.95,1,6.19,2.75
2024-04-20 16:37:01,49,230,5.93,1,22.54,2.75
2024-04-04 08:20:20,248,206,2.39,2,10.32,0.0
2024-04-15 09:40:53,32,104,3.09,1,7.73,2.75
2024-04-17 03:34:45,158,114,1.05,1,4.73,2.75
2024-04-06 13:48:45,18,188,1.43,1,8.79,0.0
2024-04-10 21:11:40,63,51,5.05,1,16.13,2.75
2024-04-30 08:03:42,128,222,13.71,1,45.72,0.0
2024-04-17 06:49:38,16,111,4.77,1,19.22,2.75
2024-04-12 09:22:36,163,55,0.7,3,3.06,0.0
2024-04-10 23:54:19,251,12,1.04,2,3.52,2.75
2024-04-11 14:59:56,137,190,2.57,1,11.5,2.75
2024-04-09 15:59:38,179,155,5.12,3,18.85,2.75
2024-04-26 21:23:55,229,104,1.14,1,7.06,0.0
2024-04-14 22:25:20,180,163,5.36,1,18.3,2.75
2024-04-09 15:44:12,72,141,3.34,3,15.38,0.0
2024-04-14 09:16:58,83,237,5.71,1,21.43,2.75
2024-04-13 18:18:06,136,44,3.35,1,11.67,0.0
2024-04-25 14:24:40,218,239,3.73,1,15.09,2.75
2024-04-13 19:43:30,109,97,1.5,2,7.29,0.0
2024-04-10 09:38:03,119,98,4.96,1,14.49,2.75
2024-04-22 01:56:07,18,53,7.0,1,20.47,0.0
2024-04-04 21:59:25,154,109,7.68,1,25.47,2.75
2024-04-11 03:11:52,11,257,0.6,1,3.16,2.75
2024-04-19 06:25:15,138,11,3.93,1,12.21,2.75
2024-04-24 11:39:04,62,178,16.46,2,51.06,2.75
2024-04-22 23:26:09,71,25,3.59,1,14.39,0.0
2024-04-16 14:53:10,61,126,1.16,2,6.58,2.75
2024-04-05 11:11:33,132,133,7.85,3,26.02,2.75
2024-04-14 13:39:01,61,42,1.57,1,3.94,2.75
2024-04-17 14:46:41,12,101,0.66,1,3.0,2.75
2024-04-26 18:12:21,35,139,2.47,1,12.57,2.75
2024-04-15 10:03:23,51,221,0.87,2,4.96,0.0
2024-04-30 23:19:14,43,69,0.93,1,6.92,2.75
2024-04-28 06:49:32,228,177,2.68,1,10.8,2.75
2024-04-18 00:16:33,111,197,3.82,1,12.47,2.75
2024-04-04 10:16:48,15,33,8.75,1,27.95,2.75
2024-04-09 16:23:06,177,228,4.78,4,19.17,0.0
2024-04-13 17:10:57,162,136,6.97,1,24.58,2.75
2024-04-24 13:49:42,39,134,2.36,1,8.03,2.75
2024-04-11 17:16:55,26,143,1.84,1,9.81,0.0
2024-04-27 18:35:56,112,245,3.64,1,11.9,2.75
2024-04-17 18:46:31,51,137,4.66,1,17.27,2.75
2024-04-28 17:24:47,98,61,3.44,1,9.53,0.0
2024-04-22 08:33:39,170,56,1.58,1,6.85,2.75
2024-04-14 10:07:42,56,133,2.12,1,9.37,2.75
2024-04-30 13:17:17,221,208,2.58,1,9.11,2.75
2024-04-12 06:37:30,146,126,0.55,1,5.7,2.75
2024-04-30 01:45:10,260,123,7.92,2,23.86,2.75
2024-04-05 21:55:28,129,231,3.01,1,13.04,2.75
2024-04-30 08:20:10,50,35,5.37,1,19.27,2.75
2024-04-11 06:46:43,20,91,1.16,1,4.43,2.75
2024-04-08 02:03:01,174,21,3.35,1,9.27,2.75
2024-04-27 02:38:35,26,140,9.62,1,34.52,2.75
2024-04-20 02:33:44,160,120,1.34,4,6.46,0.0
2024-04-23 05:09:56,10,221,1.99,1,7.38,2.75
2024-04-13 09:32:57,82,23,2.22,2,8.38,2.75
2024-04-12 23:43:31,256,39,2.19,1,7.11,2.75
2024-04-30 00:46:28,105,235,3.71,1,14.93,2.75
2024-04-02 14:40:27,140,241,2.25,1,9.51,0.0
2024-04-21 12:30:55,202,128,4.42,2,12.95,2.75
2024-04-12 13:22:35,24,22,2.82,1,11.06,2.75
2024-04-09 00:15:37,46,55,1.1,3,3.17,2.75
2024-04-04 06:17:34,217,47,10.89,1,36.75,0.0
2024-04-29 13:33:30,55,234,1.46,1,5.35,2.75
2024-04-08 20:51:32,78,27,3.39,1,15.0,2.75
2024-04-20 16:39:51,159,48,0.72,2,7.61,0.0
2024-04-23 23:18:01,148,167,9.28,1,29.56,2.75
2024-04-19 22:28:11,38,81,9.71,1,30.08,2.75
2024-04-08 15:25:27,111,118,2.09,1,5.81,2.75
2024-04-20 04:19:13,15,45,0.95,1,3.0,2.75
2024-04-02 17:58:14,78,181,5.64,1,16.42,2.75
2024-04-18 04:34:15,76,232,1.56,1,6.1,2.75
2024-04-21 21:51:24,197,86,4.72,1,11.86,0.0
2024-04-21 22:44:18,219,105,9.13,1,31.37,2.75
2024-04-06 13:04:43,63,243,3.62,1,14.31,2.75
2024-04-17 03:18:36,32,177,7.41,1,25.69,2.75
2024-04-23 00:15:40,233,234,1.39,1,9.01,2.75
2024-04-17 19:54:49,110,78,8.94,2,26.99,2.75
2024-04-01 18:58:43,165,126,1.4,2,4.49,0.0
2024-04-25 04:40:21,194,189,1.4,1,8.96,2.75
2024-04-19 16:12:39,7,60,7.92,1,25.13,0.0
2024-04-30 02:46:50,139,220,3.33,1,13.28,2.75
2024-04-05 12:30:42,56,76,6.12,1,16.55,2.75
2024-04-27 13:45:36,160,91,6.18,1,23.18,2.75
2024-04-02 05:44:56,149,116,4.14,2,15.63,2.75
2024-04-14 05:02:20,257,167,1.23,1,3.18,2.75
2024-04-06 04:06:30,139,126,4.62,4,19.29,2.75
2024-04-18 19:58:44,187,233,0.73,2,5.0,2.75
2024-04-20 10:56:29,184,114,1.28,4,10.21,0.0
2024-04-23 18:02:10,262,100,4.1,1,10.68,2.75
2024-04-05 06:17:06,145,151,8.84,1,29.73,0.0
2024-04-02 11:05:10,261,72,5.67,4,18.29,2.75
2024-04-08 19:41:13,2,167,1.91,5,7.63,2.75
2024-04-22 20:35:29,12,72,6.57,1,22.51,2.75
2024-04-13 15:58:36,261,11,12.4,1,36.1,2.75
2024-04-02 05:36:51,169,229,1.91,1,12.45,2.75
2024-04-29 21:08:44,148,126,1.22,3,9.63,0.0
2024-04-30 16:48:19,200,153,1.27,1,6.76,2.75
2024-04-30 18:43:00,70,162,2.29,1,6.73,0.0
2024-04-09 22:46:50,54,179,0.69,1,3.99,2.75
2024-04-29 01:52:17,259,144,2.84,1,11.49,0.0
2024-04-19 22:37:55,28,139,5.11,1,16.46,2.75
2024-04-30 10:15:28,120,206,3.15,1,13.67,2.75
2024-04-09 04:17:53,133,96,12.78,1,41.14,2.75
2024-04-10 06:44:09,90,214,2.67,1,10.36,2.75
2024-04-21 00:11:05,16,69,0.55,1,5.71,2.75
2024-04-14 10:31:08,230,19,2.72,2,7.21,2.75
2024-04-12 23:44:51,137,101,9.8,1,30.32,2.75
2024-04-09 17:18:14,227,81,0.85,1,4.83,0.0
2024-04-05 21:32:57,27,183,1.38,2,5.14,0.0
2024-04-08 10:32:42,117,18,4.9,1,14.36,2.75
2024-04-09 21:17:56,89,155,1.72,3,5.33,2.75
2024-04-14 04:38:24,107,129,5.57,2,19.2,0.0
2024-04-21 17:36:16,221,161,2.4,1,10.22,2.75
2024-04-28 19:24:17,223,119,6.06,1,25.28,0.0
2024-04-13 12:51:56,122,173,3.31,5,14.59,2.75
2024-04-14 23:03:04,33,153,0.8,1,3.0,2.75
2024-04-14 02:47:56,91,20,2.21,1,11.6,2.75
2024-04-29 05:10:28,184,34,1.92,1,8.36,2.75
2024-04-21 09:01:51,258,60,6.31,3,21.13,2.75
2024-04-05 12:16:10,13,158,3.93,1,12.93,2.75
2024-04-01 12:46:42,24,206,5.76,1,16.6,2.75
2024-04-05 19:30:42,34,93,2.13,1,8.91,2.75
2024-04-09 06:42:19,247,218,4.62,1,13.78,2.75
2024-04-14 09:32:02,19,89,0.74,1,4.13,0.0
2024-04-13 21:47:24,30,173,0.63,1,6.71,0.0
2024-04-26 10:02:35,49,40,1.69,1,9.63,2.75
2024-04-21 15:33:26,180,203,5.7,1,19.11,2.75
2024-04-27 19:46:54,226,221,3.17,2,14.01,2.75
2024-04-22 17:40:06,78,47,2.34,1,10.06,2.75
2024-04-09 07:46:14,207,243,8.44,5,30.82,0.0
2024-04-08 06:41:29,35,88,2.91,1,8.87,2.75
2024-04-28 09:31:48,250,157,3.83,3,13.74,0.0
2024-04-25 23:43:16,71,162,15.4,1,47.73,2.75
2024-04-21 12:47:09,152,20,3.09,5,12.58,0.0
2024-04-05 13:49:55,227,148,5.86,2,20.77,2.75
2024-04-11 17:09:39,243,201,2.37,1,9.59,2.75
2024-04-24 08:10:54,10,151,0.63,2,8.87,2.75
2024-04-28 20:39:13,48,100,6.8,3,20.58,2.75
2024-04-29 18:14:11,112,247,10.61,5,32.6,0.0
2024-04-18 20:41:16,204,113,2.49,1,11.9,2.75
2024-04-16 09:50:20,157,219,2.95,1,12.11,2.75
2024-04-22 04:33:11,26,25,2.43,1,8.07,2.75
2024-04-30 06:43:52,166,103,20.72,1,67.27,0.0
2024-04-26 08:28:02,249,79,8.68,1,28.63,2.75
2024-04-03 14:36:31,262,16,0.65,1,4.57,2.75
2024-04-27 17:52:38,17,59,5.78,2,18.65,2.75
2024-04-29 23:37:17,76,194,3.71,1,14.51,2.75
2024-04-03 05:09:47,254,125,0.59,1,3.0,2.75
2024-04-15 22:15:09,206,32,2.56,4,8.59,2.75
2024-04-05 19:02:50,34,178,1.07,1,7.46,2.75
2024-04-16 21:41:13,147,219,7.72,1,20.41,2.75
2024-04-18 15:19:42,228,100,0.54,1,3.0,0.0
2024-04-30 08:16:34,118,103,7.73,1,26.82,2.75
2024-04-05 04:48:36,165,118,10.4,1,36.59,2.75
2024-04-03 01:27:28,38,243,0.77,1,5.12,0.0
2024-04-12 13:14:42,137,119,4.95,2,18.99,0.0
2024-04-17 05:30:22,246,7,3.29,1,13.62,2.75
2024-04-17 11:44:23,198,10,11.3,1,35.0,0.0
2024-04-29 13:52:26,66,42,6.1,3,20.01,2.75
2024-04-08 22:37:48,80,47,4.65,1,16.65,0.0
2024-04-10 06:45:55,52,96,9.59,1,35.24,0.0
2024-04-13 20:36:49,129,246,1.11,2,6.6,2.75
2024-04-24 07:12:28,1,224,2.15,2,8.69,0.0
2024-04-04 03:48:39,167,114,6.98,1,20.76,2.75
2024-04-18 14:06:33,16,32,0.87,1,4.31,2.75
2024-04-29 06:58:11,145,153,10.09,1,32.0,0.0
2024-04-12 07:52:34,112,217,5.28,2,19.66,0.0
2024-04-02 17:02:25,102,246,2.53,2,8.9,0.0
2024-04-21 00:49:52,82,261,1.95,1,8.52,2.75
2024-04-02 14:14:46,99,7,1.06,1,6.06,2.75
2024-04-24 22:20:36,159,205,0.84,2,5.41,2.75
2024-04-13 05:19:51,40,202,2.43,4,8.5,2.75
2024-04-22 01:15:02,155,116,6.98,2,22.37,0.0
2024-04-18 04:41:16,36,212,3.16,1,12.62,2.75
2024-04-23 22:50:44,247,160,2.6,4,9.1,2.75
2024-04-12 01:20:30,4,129,1.84,1,4.58,2.75
2024-04-01 13:52:56,249,148,1.1,1,6.18,2.75
2024-04-30 04:43:40,12,78,16.65,1,48.54,2.75
2024-04-28 08:25:28,216,262,0.59,2,3.95,0.0
2024-04-03 10:45:09,82,52,1.81,3,5.79,2.75
2024-04-24 11:08:40,14,258,5.63,1,18.82,2.75
2024-04-21 23:21:45,56,221,3.07,1,15.12,2.75
2024-04-19 03:23:19,199,39,1.82,1,9.18,2.75
2024-04-27 19:31:18,166,248,17.74,1,54.55,0.0
2024-04-23 12:53:58,146,254,3.88,1,11.45,2.75
2024-04-25 05:56:53,78,116,1.72,1,3.87,2.75
2024-04-17 03:43:16,112,197,7.09,2,21.04,2.75
2024-04-12 12:17:00,23,214,1.07,1,3.86,2.75
2024-04-25 17:15:30,116,92,2.68,2,8.07,0.0
2024-04-08 02:45:41,142,32,6.91,1,24.04,2.75
2024-04-03 10:00:59,197,93,14.9,1,46.99,2.75
2024-04-26 13:29:47,28,232,2.19,1,12.2,2.75
2024-04-14 21:21:54,76,131,1.02,1,3.4,2.75
2024-04-01 12:37:55,18,223,3.43,1,12.05,2.75
2024-04-14 21:54:20,100,13,10.59,1,30.74,0.0
2024-04-13 17:26:17,124,21,4.33,1,15.57,0.0
2024-04-10 18:28:01,125,14,3.73,1,9.85,2.75
2024-04-27 11:53:01,7,107,1.8,1,5.6,2.75
2024-04-05 23:05:33,23,128,3.76,1,13.6,2.75
2024-04-19 13:16:10,162,32,8.06,2,20.6,2.75
2024-04-18 17:17:44,117,169,2.15,1,7.52,0.0
2024-04-03 12:26:23,21,81,1.47,1,5.85,2.75
2024-04-29 11:37:30,252,182,2.8,1,12.56,2.75
2024-04-26 20:57:18,84,190,2.15,5,10.0,2.75
2024-04-03 15:06:29,41,255,2.72,1,10.53,2.75
2024-04-24 17:56:51,203,166,0.85,1,3.43,0.0
2024-04-25 00:43:18,128,256,1.93,1,7.69,2.75
2024-04-18 00:01:59,142,198,6.63,3,23.71,0.0
2024-04-24 19:15:01,103,213,2.29,1,9.93,0.0
2024-04-10 07:33:27,107,45,12.54,1,42.84,2.75
2024-04-17 10:40:58,17,13,4.82,1,16.86,2.75
2024-04-21 05:49:42,25,52,2.1,2,9.16,2.75
2024-04-28 10:08:30,64,43,1.51,1,4.68,0.0
2024-04-17 17:24:25,237,7,4.55,2,15.57,2.75
2024-04-09 03:08:15,176,230,1.76,1,8.04,2.75
2024-04-17 08:39:22,156,44,9.66,1,31.24,2.75
2024-04-24 02:42:41,53,172,0.93,1,8.75,2.75
2024-04-18 19:26:54,73,102,0.6,3,3.0,0.0
2024-04-01 21:41:17,183,223,1.37,3,5.84,2.75
2024-04-15 12:25:52,189,68,3.77,1,16.95,2.75
2024-04-04 15:30:18,13,122,6.81,1,24.31,0.0
2024-04-26 01:43:59,47,77,1.15,1,6.29,0.0
2024-04-22 09:08:25,160,205,3.58,1,10.66,2.75
2024-04-21 23:40:05,53,171,1.04,1,5.96,2.75
2024-04-19 23:53:52,8,218,3.4,1,12.22,2.75
2024-04-17 02:01:18,72,193,0.56,4,6.34,2.75
2024-04-28 16:30:16,98,153,3.36,1,12.77,2.75
2024-04-03 21:51:54,87,41,3.08,1,14.87,2.75
2024-04-11 17:57:40,101,23,0.65,2,8.4,0.0
2024-04-26 22:02:12,237,186,4.59,1,16.89,2.75
2024-04-23 18:54:40,196,216,3.47,1,13.71,2.75
2024-04-10 01:49:52,97,43,3.92,1,13.97,2.75
2024-04-24 22:54:54,96,113,3.14,2,8.71,2.75
2024-04-06 01:05:28,261,231,4.98,1,14.31,2.75
2024-04-11 15:35:14,121,110,3.11,1,13.67,0.0
2024-04-07 23:11:31,52,138,9.44,1,33.62,2.75
2024-04-16 07:04:08,163,105,10.56,3,33.07,2.75
2024-04-29 09:46:38,190,140,5.04,1,17.02,2.75
2024-04-18 18:58:31,85,255,9.0,1,28.93,2.75
2024-04-26 06:22:06,194,75,9.48,3,29.33,0.0
2024-04-23 20:09:03,181,233,1.56,5,11.64,2.75
2024-04-29 18:27:50,21,212,18.37,1,56.87,0.0
2024-04-05 18:37:52,203,58,1.59,4,9.52,2.75
2024-04-13 21:35:18,202,38,0.57,2,3.0,2.75
2024-04-07 05:26:17,151,262,11.97,1,40.84,0.0
2024-04-24 03:16:54,159,212,1.39,1,10.84,0.0
2024-04-19 00:49:01,26,138,3.57,2,13.87,2.75
2024-04-30 01:17:21,66,58,12.85,2,42.5,2.75
2024-04-22 09:20:58,263,53,0.68,1,6.52,2.75
2024-04-07 20:01:44,167,206,1.6,1,8.42,2.75
2024-04-29 06:42:16,154,5,3.79,2,13.55,0.0
2024-04-25 23:46:13,206,107,5.53,1,17.5,2.75
2024-04-06 07:48:35,153,243,6.26,2,22.81,0.0
2024-04-01 11:44:51,184,148,8.03,1,24.18,0.0
2024-04-05 22:57:56,159,179,1.15,4,7.32,2.75
2024-04-05 13:39:14,194,174,2.12,2,6.83,2.75
2024-04-04 12:21:04,2,139,4.88,1,14.92,2.75
2024-04-25 13:40:27,215,175,4.9,1,13.09,0.0
2024-04-08 19:07:27,175,253,1.79,1,6.85,0.0
2024-04-28 07:24:30,75,250,1.77,2,9.95,2.75
2024-04-24 22:37:51,127,136,1.85,2,9.36,2.75
2024-04-09 04:51:12,49,22,8.29,2,26.46,0.0
2024-04-23 21:29:52,32,38,8.91,1,27.51,0.0
2024-04-04 21:42:49,158,27,0.55,1,7.47,2.75
2024-04-04 14:54:23,15,120,1.88,1,3.78,2.75
2024-04-26 18:37:19,243,253,2.24,1,9.18,0.0
2024-04-04 10:14:23,17,65,14.64,1,44.2,2.75
2024-04-17 00:24:35,22,74,10.6,1,34.62,2.75
2024-04-29 03:14:25,244,174,3.96,1,14.65,2.75
2024-04-22 17:12:16,81,260,0.66,3,6.43,2.75
2024-04-07 11:16:03,144,73,1.24,1,8.64,2.75
2024-04-18 20:46:26,8,79,2.49,3,6.09,2.75
2024-04-29 13:44:25,167,44,11.68,1,36.02,2.75
2024-04-27 08:57:49,186,233,0.85,2,5.22,2.75
2024-04-26 02:04:17,12,3,5.98,1,22.62,2.75
2024-04-09 00:28:44,83,79,1.24,2,7.39,2.75
2024-04-30 17:55:15,55,181,2.98,1,9.0,0.0
2024-04-20 05:34:15,131,139,5.6,1,19.73,2.75
2024-04-06 12:48:28,125,7,4.63,2,18.03,2.75
2024-04-07 21:13:41,51,213,5.73,1,17.91,0.0
2024-04-27 10:33:28,27,1,6.38,1,20.18,0.0
2024-04-06 12:15:28,165,184,1.78,3,6.71,0.0
2024-04-12 20:25:20,33,251,2.08,2,7.33,2.75
2024-04-12 23:07:48,62,215,6.42,1,21.32,0.0
2024-04-17 16:36:21,145,77,0.64,1,4.4,2.75
2024-04-17 07:40:23,171,43,3.03,1,11.57,0.0
2024-04-28 01:49:00,117,157,9.36,1,31.5,0.0
2024-04-29 14:59:59,4,18,8.07,4,26.03,2.75
2024-04-10 21:10:23,66,220,6.21,1,19.05,2.75
2024-04-28 00:30:53,60,73,0.58,1,3.0,0.0
2024-04-16 20:12:02,229,190,8.15,1,27.95,0.0
2024-04-04 10:41:15,100,262,8.99,1,27.95,2.75
2024-04-09 04:42:55,119,144,4.31,1,16.2,2.75
2024-04-22 14:41:46,69,129,1.74,1,8.67,2.75
2024-04-04 01:13:45,152,190,2.86,2,13.17,2.75
2024-04-10 18:07:20,221,151,5.53,2,17.25,0.0
2024-04-03 07:38:59,223,95,6.37,1,19.94,2.75
2024-04-20 14:46:54,165,38,1.97,1,10.14,0.0
2024-04-11 19:32:19,211,156,1.88,1,4.44,2.75
2024-04-02 10:49:15,63,42,5.16,1,19.22,0.0
2024-04-01 07:43:18,262,126,4.56,1,18.29,2.75
2024-04-08 03:05:37,6,77,3.02,2,7.91,2.75
2024-04-16 22:06:47,248,96,2.41,1,10.0,2.75
2024-04-01 05:24:37,229,263,4.25,1,14.25,2.75
2024-04-27 18:55:52,257,225,0.62,1,7.35,0.0
2024-04-29 18:51:51,63,111,0.78,3,8.25,2.75
2024-04-24 06:13:26,28,238,3.48,3,17.8,0.0
2024-04-19 01:15:57,53,205,1.33,1,9.47,2.75
2024-04-23 17:07:14,252,263,5.72,1,22.58,2.75
2024-04-05 16:31:45,38,76,5.68,1,24.84,0.0
2024-04-23 21:15:34,139,143,4.83,1,17.28,2.75
2024-04-04 03:59:46,53,85,8.69,1,29.83,2.75
2024-04-22 18:34:57,94,252,1.03,2,8.75,2.75
2024-04-22 20:39:15,94,232,1.55,1,6.97,0.0
2024-04-10 12:49:19,263,130,1.52,1,5.55,2.75
2024-04-04 21:02:51,137,29,5.84,1,18.81,0.0
2024-04-20 10:28:48,256,228,3.08,2,11.12,2.75
2024-04-02 12:26:24,37,7,1.52,1,6.98,0.0
2024-04-14 03:27:07,142,30,1.01,1,4.23,2.75
2024-04-27 00:23:25,147,215,8.32,1,24.09,2.75
2024-04-03 20:08:20,8,115,4.62,3,18.88,2.75
2024-04-07 18:13:30,251,215,3.13,2,16.48,2.75
2024-04-02 01:33:56,135,164,12.28,3,36.46,2.75
2024-04-21 20:24:58,59,170,7.13,1,21.45,2.75
2024-04-26 23:32:27,123,221,1.19,3,4.75,0.0
2024-04-10 21:03:12,263,260,2.98,1,8.94,2.75
2024-04-22 01:59:33,120,212,2.83,1,10.12,2.75
2024-04-04 06:14:56,259,261,7.01,1,23.52,2.75
2024-04-14 18:40:56,18,130,1.07,1,6.75,2.75
2024-04-03 17:23:39,92,105,2.6,1,9.62,2.75
2024-04-12 11:00:29,164,54,4.04,1,17.6,0.0
2024-04-02 18:58:12,144,108,10.67,1,32.56,2.75
2024-04-04 01:03:51,238,255,8.53,2,26.94,0.0
2024-04-28 16:11:38,174,47,3.17,2,16.69,2.75
2024-04-20 04:31:28,83,134,3.77,1,14.3,2.75
2024-04-30 22:18:37,157,24,7.2,1,25.03,2.75
2024-04-08 10:35:27,109,117,5.27,1,16.66,2.75
2024-04-23 14:34:16,178,239,7.9,1,26.58,2.75
2024-04-22 02:56:04,250,41,8.42,1,27.89,2.75
2024-04-17 01:41:49,253,250,6.76,1,23.0,2.75
2024-04-29 21:56:54,55,89,0.53,3,4.8,2.75
2024-04-06 14:22:59,155,92,1.8,1,10.49,0.0
2024-04-07 14:28:28,91,81,2.31,2,6.91,2.75
2024-04-29 20:48:53,126,130,4.47,1,17.09,2.75
2024-04-05 09:21:10,169,91,1.78,4,8.34,2.75
2024-04-23 04:21:34,139,100,1.87,1,9.5,0.0
2024-04-19 03:35:46,5,78,2.29,1,11.31,2.75
2024-04-06 14:17:35,66,43,11.38,1,36.22,2.75
2024-04-26 16:31:24,111,123,2.51,1,9.62,0.0
2024-04-07 08:00:19,184,23,1.03,1,6.87,2.75
2024-04-26 07:17:48,170,144,0.52,1,3.0,2.75
2024-04-03 21:54:31,244,258,1.44,1,6.52,2.75
2024-04-19 19:19:37,138,7,10.28,2,33.56,2.75
2024-04-06 22:51:05,28,186,11.35,1,38.64,2.75
2024-04-08 06:33:00,7,95,3.14,1,12.18,2.75
2024-04-27 22:18:49,51,25,4.14,1,15.3,2.75
2024-04-29 22:42:09,136,227,6.06,4,20.23,2.75
2024-04-02 02:32:36,178,173,0.7,1,5.2,2.75
2024-04-22 23:11:23,129,135,2.14,1,9.28,2.75
2024-04-14 22:52:45,197,69,4.1,1,13.5,2.75
2024-04-29 20:19:16,107,231,8.5,2,29.26,2.75
2024-04-19 00:05:37,48,258,5.04,5,14.97,2.75
2024-04-23 12:17:29,138,173,2.01,2,8.72,2.75
2024-04-08 13:19:15,103,32,8.93,1,32.85,2.75
2024-04-17 20:27:28,47,200,4.32,2,12.57,2.75
2024-04-09 14:24:48,153,80,6.71,1,20.68,0.0
2024-04-08 12:40:43,6,75,2.2,1,11.5,2.75
2024-04-01 16:36:18,11,85,0.51,1,5.66,0.0
2024-04-13 16:00:09,17,217,1.14,4,3.94,2.75
2024-04-10 08:44:17,143,121,9.67,1,29.11,2.75
2024-04-18 12:18:03,66,20,0.62,1,3.0,2.75
2024-04-26 03:45:13,256,149,3.67,1,9.92,2.75
2024-04-17 04:35:49,127,7,2.34,1,9.08,2.75
2024-04-20 05:58:49,131,86,2.46,3,12.24,2.75
2024-04-07 01:02:34,18,147,2.29,1,11.49,2.75
2024-04-12 17:05:30,207,187,0.74,1,6.3,0.0
2024-04-20 07:15:40,89,193,0.96,2,3.0,2.75
2024-04-13 11:52:05,243,188,0.73,1,7.47,2.75
2024-04-21 16:03:38,17,18,0.69,1,5.83,2.75
2024-04-14 10:15:17,223,149,0.81,3,3.0,0.0
2024-04-25 02:36:03,210,46,4.67,1,14.04,2.75
2024-04-21 11:15:55,99,12,0.92,1,6.88,2.75
2024-04-01 17:10:42,13,230,1.56,1,8.93,0.0
2024-04-30 22:06:11,187,113,4.24,1,14.43,2.75
2024-04-15 19:58:26,133,160,0.92,2,4.27,0.0
2024-04-04 08:18:54,14,227,8.94,1,30.29,2.75
2024-04-02 12:12:36,44,183,2.77,1,11.17,2.75
2024-04-23 23:28:33,104,55,12.04,1,39.84,2.75
2024-04-09 12:44:50,62,35,1.25,1,3.38,2.75
2024-04-11 14:02:45,53,80,0.61,1,4.3,2.75
2024-04-10 02:48:58,118,6,3.62,1,14.08,2.75
2024-04-13 04:20:25,131,127,1.9,2,8.59,0.0
2024-04-25 09:58:32,199,68,3.47,1,12.98,2.75
2024-04-29 14:12:48,36,190,2.75,1,9.27,2.75
2024-04-09 23:59:27,216,244,2.64,4,11.09,2.75
2024-04-28 07:09:57,74,9,7.17,1,20.47,2.75
2024-04-21 06:02:16,55,157,1.25,2,6.72,2.75
2024-04-19 04:10:34,12,71,2.92,1,14.2,0.0
2024-04-30 06:02:11,83,134,2.38,1,10.07,2.75
2024-04-25 21:38:02,32,249,4.42,1,13.92,2.75
2024-04-01 14:21:47,86,44,0.68,1,3.89,2.75
2024-04-04 06:00:33,232,116,3.14,2,10.28,2.75
2024-04-13 14:29:23,201,228,2.78,1,11.24,0.0
2024-04-23 02:30:24,51,57,13.22,5,42.21,0.0
2024-04-22 17:25:45,256,244,5.43,1,16.92,2.75
2024-04-27 10:23:05,241,57,1.09,1,7.93,2.75
2024-04-20 21:36:14,205,143,2.99,1,10.84,2.75
2024-04-10 15:54:34,196,192,5.86,4,20.94,2.75
2024-04-11 07:04:53,244,7,3.1,1,14.91,0.0
2024-04-29 20:36:02,1,134,2.04,2,6.16,2.75
2024-04-10 00:19:59,89,39,2.15,1,12.09,2.75
2024-04-25 01:40:10,139,193,2.1,1,7.58,2.75
2024-04-11 04:17:39,87,25,0.57,5,6.87,2.75
2024-04-26 05:58:53,2,102,5.09,1,20.16,2.75
2024-04-22 02:19:04,168,151,3.8,1,12.65,0.0
2024-04-27 12:25:36,119,217,1.6,3,7.08,2.75
2024-04-09 13:01:36,80,230,3.98,1,10.69,0.0
2024-04-03 22:18:11,111,162,1.79,1,7.19,0.0
2024-04-10 20:40:50,165,166,1.48,2,4.95,2.75
2024-04-28 07:53:36,219,247,5.23,1,16.71,0.0
2024-04-30 17:13:07,5,174,6.3,1,21.53,2.75
2024-04-07 22:59:20,215,9,3.94,1,15.17,0.0
2024-04-04 01:23:57,195,59,5.87,1,18.85,2.75
2024-04-04 04:24:09,6,85,2.09,1,8.84,2.75
2024-04-08 11:27:27,58,150,0.76,2,3.81,0.0
2024-04-30 02:31:59,102,60,3.75,1,14.65,0.0
2024-04-23 02:15:11,48,125,1.53,2,6.62,2.75
2024-04-17 10:25:20,163,41,5.76,1,17.59,2.75
2024-04-26 05:24:01,196,173,2.05,1,7.21,2.75
2024-04-21 07:27:47,132,260,4.39,1,15.13,0.0
2024-04-17 18:37:46,66,173,3.32,1,13.73,0.0
2024-04-16 18:07:16,83,186,6.45,1,24.88,2.75
2024-04-25 04:01:02,229,241,6.75,1,21.47,2.75
2024-04-28 06:37:12,219,94,0.75,1,3.0,2.75
2024-04-22 05:41:47,225,63,1.72,4,10.17,2.75
2024-04-02 13:04:58,113,221,7.66,1,26.61,2.75
2024-04-14 04:16:25,140,8,2.31,3,10.01,2.75
2024-04-09 09:04:18,185,213,3.03,3,8.94,0.0
2024-04-30 04:05:11,173,209,1.21,3,5.98,2.75
2024-04-01 12:26:56,11,209,3.32,1,13.87,0.0
2024-04-01 01:08:58,159,85,1.58,1,4.41,0.0
2024-04-10 05:21:23,205,207,6.69,2,24.4,0.0
2024-04-29 09:25:59,230,153,1.28,1,7.17,0.0
2024-04-03 13:32:32,26,161,2.06,3,11.13,2.75
2024-04-01 12:09:24,159,116,0.85,1,6.64,2.75
2024-04-26 16:43:02,148,251,3.6,1,8.88,2.75
2024-04-11 15:10:38,83,183,10.46,1,31.88,2.75
2024-04-22 23:12:31,26,164,1.17,1,7.37,0.0
2024-04-20 07:28:51,71,80,0.57,1,3.0,0.0
2024-04-04 15:54:22,37,7,2.42,5,8.2,2.75
2024-04-11 07:10:55,133,87,5.33,2,18.16,2.75
2024-04-17 08:58:38,126,8,13.43,1,41.79,0.0
2024-04-25 23:14:40,115,36,0.68,3,3.0,2.75
2024-04-27 19:24:40,92,251,5.9,1,21.09,2.75
2024-04-10 08:31:41,242,100,2.11,1,8.38,2.75
2024-04-15 20:08:36,200,79,1.08,1,6.23,2.75
2024-04-25 07:56:31,207,221,1.25,1,5.85,2.75
2024-04-02 18:19:13,117,196,9.51,2,26.48,0.0
2024-04-02 07:22:15,219,226,6.3,1,20.1,2.75
2024-04-19 07:48:26,243,87,1.81,3,6.09,2.75
2024-04-16 11:45:06,172,58,10.36,1,33.64,0.0
2024-04-25 21:16:45,76,170,0.89,1,6.5,2.75
2024-04-15 05:42:17,209,97,1.86,2,7.29,2.75
2024-04-21 16:24:00,105,146,4.2,5,16.36,0.0
2024-04-01 23:59:06,26,18,26.58,3,84.99,0.0
2024-04-04 19:27:11,79,184,2.69,1,11.74,2.75
2024-04-05 16:44:01,128,143,6.33,1,25.23,0.0
2024-04-07 11:11:25,137,62,9.16,5,27.63,0.0
2024-04-16 20:23:11,36,163,0.53,1,6.23,0.0
2024-04-02 08:16:54,59,40,1.69,1,6.61,2.75
2024-04-30 21:15:53,230,179,0.87,1,5.74,2.75
2024-04-10 21:02:09,124,235,5.74,1,16.69,0.0
2024-04-21 00:34:45,88,60,3.43,1,16.61,2.75
2024-04-24 10:48:30,141,228,0.85,2,3.61,2.75
2024-04-17 17:57:55,51,239,2.41,1,11.42,2.75
2024-04-05 15:20:26,55,56,3.03,2,15.2,0.0
2024-04-06 01:15:42,150,234,4.69,2,16.49,2.75
2024-04-16 08:14:04,153,84,5.79,2,22.4,2.75
2024-04-05 07:26:37,219,203,0.82,1,3.0,0.0
2024-04-29 11:13:13,219,41,2.84,1,12.8,2.75
2024-04-22 06:00:22,258,17,1.11,1,6.13,2.75
2024-04-18 15:25:14,45,105,5.4,1,18.26,2.75
2024-04-24 20:48:07,160,25,4.25,3,13.99,2.75
2024-04-05 22:31:14,55,93,4.99,1,14.61,2.75
2024-04-12 16:01:49,145,215,0.77,1,5.08,0.0
2024-04-01 22:53:29,235,184,3.0,3,10.67,2.75
2024-04-09 02:07:56,179,217,6.93,1,24.55,2.75
2024-04-24 02:12:21,208,151,4.87,4,17.7,2.75
2024-04-13 05:30:00,136,258,7.43,4,25.45,2.75
2024-04-30 18:36:22,183,119,1.31,1,7.68,2.75
2024-04-15 20:30:40,61,134,1.68,1,5.44,2.75
2024-04-15 03:50:51,63,207,2.54,1,7.14,2.75
2024-04-11 20:13:20,215,263,3.09,5,9.86,0.0
2024-04-23 07:28:36,139,190,1.52,2,6.45,2.75
2024-04-23 05:47:52,134,158,2.18,1,7.13,2.75
2024-04-14 19:15:03,34,76,4.57,1,13.72,0.0
2024-04-14 02:55:54,193,52,4.13,1,11.84,2.75
2024-04-13 02:56:20,87,226,0.91,1,4.9,2.75
2024-04-11 06:32:33,210,94,15.37,1,48.1,2.75
2024-04-19 02:45:16,81,178,3.4,1,12.66,2.75
2024-04-17 17:44:10,190,106,2.81,1,12.5,2.75
2024-04-13 20:56:26,233,76,12.47,1,39.91,2.75
2024-04-20 00:35:07,169,4,1.03,1,6.65,2.75
2024-04-21 07:09:27,251,187,3.25,1,13.49,2.75
2024-04-09 02:06:27,168,20,6.22,1,18.71,2.75
2024-04-27 08:03:39,231,136,2.28,1,13.39,2.75
2024-04-23 02:04:01,150,27,5.17,1,16.32,2.75
2024-04-27 01:44:01,152,136,8.53,1,27.87,2.75
2024-04-04 23:35:26,38,18,1.56,1,5.98,2.75
2024-04-20 10:23:17,105,138,1.47,1,6.66,2.75
2024-04-28 20:11:54,62,232,2.07,1,11.23,0.0
2024-04-11 13:38:01,16,257,2.4,1,11.94,2.75
2024-04-22 07:46:00,150,219,0.91,1,4.3,2.75
2024-04-14 03:56:51,142,132,1.42,1,3.93,2.75
2024-04-20 07:59:17,116,256,7.73,1,29.48,2.75
2024-04-21 04:43:50,65,96,3.43,1,15.68,2.75
2024-04-26 10:51:40,194,15,1.59,1,3.0,2.75
2024-04-18 12:55:31,161,179,10.56,4,34.55,0.0
2024-04-04 09:37:31,39,260,5.71,1,16.8,2.75
2024-04-04 10:46:26,169,88,2.08,1,8.35,2.75
2024-04-25 10:13:33,68,94,5.58,3,19.59,2.75
2024-04-29 12:58:32,7,28,3.67,2,14.6,2.75
2024-04-24 09:53:04,85,185,4.53,2,12.63,2.75
2024-04-10 21:06:45,199,75,1.86,2,11.24,0.0
2024-04-16 12:55:01,132,54,1.32,2,4.46,0.0
2024-04-28 11:09:08,76,47,1.52,2,6.0,2.75
2024-04-16 05:30:23,250,248,0.81,1,5.27,2.75
2024-04-09 22:04:52,209,234,2.73,1,9.58,2.75
2024-04-20 08:46:40,84,118,2.32,1,10.44,0.0
2024-04-05 23:05:45,223,260,0.51,1,4.8,2.75
2024-04-08 09:09:47,253,230,7.29,5,25.43,0.0
2024-04-08 19:10:12,31,241,4.51,2,16.63,0.0
2024-04-16 17:15:26,201,182,2.57,3,7.42,0.0
2024-04-29 00:52:35,52,101,12.44,1,40.75,0.0
2024-04-04 23:47:46,72,248,10.38,1,36.51,0.0
2024-04-09 23:18:27,21,113,0.85,1,3.79,0.0
2024-04-07 05:04:04,16,221,3.84,3,13.91,2.75
2024-04-08 13:13:36,16,148,6.44,1,23.8,2.75
2024-04-12 18:13:23,175,197,1.16,1,7.93,0.0
2024-04-18 18:11:03,78,69,0.98,2,4.0,2.75
2024-04-20 18:19:02,240,24,1.55,1,5.41,2.75
2024-04-22 21:43:48,37,186,1.65,1,7.47,2.75
2024-04-18 01:37:00,232,170,12.23,2,39.82,0.0
2024-04-14 14:20:46,213,32,5.81,1,21.5,2.75
2024-04-24 01:29:29,193,176,0.72,1,3.0,2.75
2024-04-22 09:43:15,60,177,5.9,3,19.73,2.75
2024-04-29 02:39:19,189,144,1.15,3,6.04,0.0
2024-04-12 10:48:56,126,11,2.05,1,5.33,2.75
2024-04-09 21:08:06,203,147,1.84,1,8.43,2.75
2024-04-12 22:05:33,32,195,1.61,2,5.87,2.75
2024-04-12 04:20:20,261,76,1.79,5,9.88,2.75
2024-04-29 08:49:39,94,160,5.41,2,18.06,0.0
2024-04-19 22:08:45,100,100,1.59,1,7.07,0.0
2024-04-24 12:40:16,25,116,6.15,1,18.42,2.75
2024-04-01 17:09:13,117,83,0.83,2,7.54,2.75
2024-04-17 19:34:39,199,63,3.67,1,15.39,2.75
2024-04-18 01:03:28,70,132,7.46,1,24.98,2.75
2024-04-13 09:46:24,79,248,0.79,1,4.37,0.0
2024-04-02 10:28:36,14,131,4.03,1,16.37,0.0
2024-04-12 20:06:20,29,158,3.01,2,12.92,2.75
2024-04-08 14:04:56,144,216,1.91,1,6.73,2.75
2024-04-25 11:22:45,10,34,0.87,5,3.48,2.75
2024-04-11 01:55:46,47,15,4.45,1,14.07,2.75
2024-04-13 18:55:34,260,115,1.8,1,7.74,2.75
2024-04-26 00:55:49,12,57,1.95,1,7.59,0.0
2024-04-06 17:13:12,226,142,4.93,1,19.64,2.75
2024-04-21 19:05:25,260,207,10.67,1,36.69,2.75
2024-04-27 20:37:24,84,140,1.92,1,8.02,2.75
2024-04-10 02:17:13,6,107,5.31,3,19.71,0.0
2024-04-30 04:53:42,247,78,11.48,4,38.92,0.0
2024-04-01 21:10:40,35,2,0.86,1,9.69,0.0
2024-04-03 17:26:35,175,35,3.14,1,13.48,2.75
2024-04-19 04:28:06,65,218,0.54,1,5.37,0.0
2024-04-16 08:37:22,147,67,6.6,1,17.54,2.75
2024-04-23 13:07:41,57,69,1.68,1,9.75,0.0
2024-04-28 15:00:14,193,224,1.92,1,8.5,0.0
2024-04-10 16:52:37,13,203,4.57,1,14.8,2.75
2024-04-03 05:02:00,18,81,5.95,1,18.78,0.0
2024-04-11 09:32:12,246,66,2.29,2,10.13,0.0
2024-04-11 04:24:14,163,261,4.33,1,12.73,0.0
2024-04-27 23:00:28,114,6,11.46,2,34.79,2.75
2024-04-13 09:42:55,233,132,8.13,1,28.45,2.75
2024-04-30 08:09:17,166,68,4.73,1,18.82,2.75
2024-04-02 21:19:47,26,126,10.53,2,37.04,2.75
2024-04-06 06:25:50,126,171,7.8,1,23.7,2.75
2024-04-06 21:32:31,139,29,5.07,2,16.26,0.0
2024-04-19 02:01:58,101,176,9.22,1,30.52,2.75
2024-04-13 04:48:16,11,105,6.45,1,23.83,2.75
2024-04-20 11:24:38,216,45,2.94,2,12.19,0.0
2024-04-02 22:32:07,30,101,2.94,1,11.74,2.75
2024-04-19 09:03:39,94,226,0.53,2,3.0,2.75
2024-04-15 03:54:57,116,104,0.61,2,3.0,2.75
2024-04-12 10:23:17,39,262,5.3,1,15.4,0.0
2024-04-18 14:19:33,24,253,3.33,1,11.75,2.75
2024-04-28 04:01:36,43,165,5.51,2,17.62,2.75
2024-04-26 00:34:37,170,212,10.96,3,34.19,2.75
2024-04-29 13:08:32,169,144,2.61,1,10.59,2.75
2024-04-07 21:09:17,26,236,0.82,1,5.9,2.75
2024-04-12 11:02:01,180,22,3.95,1,13.18,2.75
2024-04-17 04:49:17,150,69,0.87,1,5.76,2.75
2024-04-20 23:10:49,133,69,3.9,2,15.26,2.75
2024-04-06 14:17:22,143,246,3.13,1,10.85,2.75
2024-04-13 11:25:21,164,63,4.86,1,15.94,2.75
2024-04-17 10:40:27,101,237,2.01,2,8.7,0.0
2024-04-23 15:34:34,63,19,1.04,4,3.65,2.75
2024-04-12 16:31:09,93,231,1.44,1,12.07,0.0
2024-04-06 17:10:14,207,229,4.53,1,16.69,2.75
2024-04-29 02:34:22,72,127,2.78,3,8.61,2.75
2024-04-21 06:36:37,60,146,3.22,4,13.05,2.75
2024-04-02 03:03:26,29,114,1.87,1,7.18,2.75
2024-04-19 05:51:57,19,243,6.84,1,24.92,2.75
2024-04-05 10:49:43,73,145,26.8,1,83.51,2.75
2024-04-12 19:43:56,246,41,1.81,1,8.79,2.75
2024-04-12 14:27:09,87,161,4.94,1,11.9,2.75
2024-04-19 14:59:44,183,77,1.16,2,6.54,0.0
2024-04-14 07:12:02,197,168,5.25,1,21.39,2.75
2024-04-07 23:54:49,244,110,2.47,1,13.03,2.75
2024-04-27 22:47:56,118,195,3.75,1,17.96,2.75
2024-04-06 14:31:13,82,228,1.45,1,9.65,2.75
2024-04-21 01:39:45,247,167,7.18,2,23.96,2.75
2024-04-21 08:53:09,234,21,1.17,1,7.89,2.75
2024-04-11 15:23:44,153,165,9.74,1,31.65,0.0
2024-04-28 19:33:53,35,130,0.72,1,5.85,0.0
2024-04-14 19:04:15,213,262,1.69,3,9.48,0.0
2024-04-08 23:12:12,211,52,3.4,3,12.87,2.75
2024-04-17 19:29:51,139,261,7.34,1,26.4,0.0
2024-04-09 09:47:28,189,175,3.51,1,11.93,2.75
2024-04-30 03:48:04,252,96,1.35,2,7.92,2.75
2024-04-01 19:34:23,150,40,7.36,1,25.01,2.75
2024-04-26 08:30:52,219,209,3.67,1,12.53,2.75
2024-04-15 12:59:08,82,142,1.43,1,8.72,0.0
2024-04-14 02:46:23,190,258,3.39,2,9.83,2.75
2024-04-29 03:16:32,234,167,4.44,1,15.27,2.75
2024-04-10 19:32:22,176,191,4.49,1,15.99,0.0
2024-04-02 09:21:16,232,119,5.01,1,20.47,0.0
2024-04-13 19:34:28,63,146,8.41,4,27.49,2.75
2024-04-08 13:58:49,237,129,6.6,3,22.07,2.75
2024-04-09 07:11:44,33,145,3.78,3,16.05,0.0
2024-04-10 06:50:42,213,54,0.61,4,4.57,2.75
2024-04-11 16:17:10,60,122,5.35,2,16.98,0.0
2024-04-27 03:17:13,2,124,13.41,1,47.55,2.75
2024-04-14 10:18:14,57,167,1.78,1,9.68,2.75
2024-04-17 05:20:52,138,143,3.77,1,13.17,2.75
2024-04-07 01:41:20,214,22,5.62,1,19.1,2.75
2024-04-28 03:18:08,239,115,4.07,1,12.45,0.0
2024-04-01 10:06:53,31,168,9.45,2,31.37,2.75
2024-04-20 15:06:34,206,250,2.74,2,12.59,0.0
2024-04-07 12:47:10,11,255,3.16,2,8.38,2.75
2024-04-25 16:40:20,47,58,0.64,1,4.84,2.75
2024-04-11 23:23:22,3,5,8.57,1,25.33,2.75
2024-04-08 17:00:15,130,111,1.56,1,6.54,0.0
2024-04-18 00:51:07,72,249,13.93,1,44.61,2.75
2024-04-11 14:18:00,159,95,1.29,1,6.75,2.75
2024-04-01 11:40:56,130,185,1.52,1,11.83,2.75
2024-04-25 20:56:23,22,229,2.82,1,11.54,0.0
2024-04-09 22:59:12,135,262,4.28,1,14.21,2.75
2024-04-11 12:19:40,20,119,2.53,3,8.2,2.75
2024-04-05 22:28:08,220,234,2.02,1,7.44,0.0
2024-04-08 07:40:05,130,202,3.22,3,12.91,2.75
2024-04-28 11:26:07,32,262,11.62,1,33.84,2.75
2024-04-16 11:36:08,90,53,11.94,2,35.9,0.0
2024-04-22 12:56:11,259,161,1.89,3,8.76,0.0
2024-04-18 12:35:01,249,244,4.49,1,15.6,0.0
2024-04-27 23:19:04,173,94,4.98,1,18.38,2.75
2024-04-17 06:35:50,47,40,4.21,1,13.52,2.75
2024-04-07 01:50:05,197,92,0.92,1,4.07,0.0
2024-04-15 05:30:58,34,38,3.21,2,14.28,2.75
2024-04-24 22:50:41,254,243,5.54,1,20.43,2.75
2024-04-14 12:14:32,248,136,1.28,1,3.3,0.0
2024-04-25 07:55:46,42,64,2.0,1,5.0,2.75
2024-04-26 01:47:32,123,201,1.3,1,4.33,2.75
2024-04-28 19:34:05,27,262,8.13,1,25.71,2.75
2024-04-07 12:01:33,59,175,7.34,1,26.4,0.0
2024-04-16 13:46:32,147,177,1.15,1,3.46,2.75
2024-04-21 05:22:58,115,85,5.5,1,20.47,0.0
2024-04-18 06:52:31,199,160,2.08,4,7.99,2.75
2024-04-29 04:53:51,128,182,4.56,1,15.9,2.75
2024-04-20 18:01:57,153,36,2.88,1,10.26,0.0
2024-04-05 02:37:34,83,99,2.74,3,11.39,2.75
2024-04-15 12:48:35,23,226,7.96,1,28.36,2.75
2024-04-14 12:04:30,11,37,4.05,1,13.21,2.75
2024-04-08 21:04:27,187,186,1.44,1,9.03,2.75
2024-04-14 00:37:04,116,49,0.91,1,6.92,2.75
2024-04-15 01:56:33,162,94,9.98,1,31.87,2.75
2024-04-24 07:26:57,103,226,1.08,1,4.44,2.75
2024-04-06 03:36:12,243,5,5.14,1,20.72,2.75
2024-04-06 03:01:39,7,174,2.9,1,10.65,2.75
2024-04-06 13:40:15,172,183,1.03,1,5.19,0.0
2024-04-09 02:37:16,256,73,5.75,1,20.59,2.75
2024-04-24 03:24:42,247,145,8.72,1,30.2,2.75
2024-04-05 20:42:42,192,152,0.95,3,8.04,2.75
2024-04-20 03:02:42,114,56,0.74,1,5.77,2.75
2024-04-24 00:20:15,23,183,7.14,1,24.21,2.75
2024-04-01 12:31:35,136,122,2.93,1,11.76,0.0
2024-04-18 14:42:02,195,244,4.43,1,13.31,2.75
2024-04-29 19:27:50,258,204,2.54,1,9.51,0.0
2024-04-22 13:16:45,70,79,2.36,2,7.62,2.75
2024-04-23 17:10:27,36,16,1.75,1,9.4,2.75
2024-04-19 11:01:14,108,126,3.4,1,11.4,2.75
2024-04-17 23:11:55,24,87,1.11,1,8.11,2.75
2024-04-05 01:14:27,140,43,4.92,1,16.3,2.75
2024-04-20 18:07:06,22,79,3.29,1,11.03,0.0
2024-04-24 20:03:05,204,228,7.08,1,22.26,2.75
2024-04-17 16:20:46,224,125,9.38,1,27.79,0.0
2024-04-29 16:57:03,223,106,8.58,1,26.57,2.75
2024-04-28 09:35:22,81,230,3.72,2,12.18,2.75
2024-04-16 22:07:25,191,134,1.84,1,9.99,2.75
2024-04-16 13:26:25,147,81,2.05,1,8.07,0.0
2024-04-28 09:56:13,11,109,4.2,1,14.72,2.75
2024-04-27 06:41:03,56,175,4.86,1,16.27,2.75
2024-04-30 09:00:32,173,164,1.12,1,7.93,2.75
2024-04-10 15:47:20,204,125,22.16,1,69.32,2.75
2024-04-22 09:48:11,248,23,0.9,1,3.36,2.75
2024-04-08 14:13:50,22,62,3.77,1,11.19,2.75
2024-04-18 07:56:44,24,212,3.15,1,10.91,0.0
2024-04-09 02:24:55,194,252,3.63,2,15.81,2.75
2024-04-29 05:10:38,96,96,3.17,1,11.71,2.75
2024-04-03 20:05:44,263,209,0.71,2,6.96,2.75
2024-04-15 09:39:20,72,57,19.76,1,65.22,2.75
2024-04-09 23:41:45,243,234,14.42,1,49.66,2.75
2024-04-29 02:31:11,38,65,3.1,1,11.16,2.75
2024-04-30 12:12:45,89,17,1.32,1,4.77,2.75
2024-04-14 07:22:14,28,135,1.21,1,7.69,0.0
2024-04-22 08:56:25,92,130,0.71,1,3.0,2.75
2024-04-13 21:02:28,54,37,3.81,2,13.96,0.0
2024-04-11 11:47:30,159,250,2.78,1,9.05,2.75
2024-04-18 17:26:23,228,57,2.38,1,8.79,2.75
2024-04-18 03:53:15,41,10,3.11,2,11.63,2.75
2024-04-04 06:22:20,37,81,7.72,2,24.73,2.75
2024-04-19 14:53:15,125,90,0.76,4,6.26,2.75
2024-04-15 01:35:58,179,120,3.25,1,12.73,2.75
2024-04-07 11:16:21,37,102,4.73,1,14.74,2.75
2024-04-24 15:35:21,101,27,12.85,1,39.28,0.0
2024-04-02 06:15:44,31,261,5.21,1,16.83,2.75
2024-04-21 19:18:39,190,61,3.28,2,14.93,2.75
2024-04-24 15:25:54,146,136,5.6,1,20.76,0.0
2024-04-28 03:18:44,90,97,20.9,2,61.22,2.75
2024-04-23 16:04:51,6,149,8.19,1,27.67,2.75
2024-04-03 06:44:57,139,227,0.83,1,10.02,2.75
2024-04-28 14:36:05,95,228,3.49,1,13.6,2.75
2024-04-23 14:35:41,119,249,5.9,1,20.04,0.0
2024-04-12 06:28:57,120,258,4.4,1,14.43,2.75
2024-04-14 02:49:47,123,220,2.39,1,7.68,0.0
2024-04-15 08:04:57,179,236,1.86,3,8.61,2.75
2024-04-29 16:08:44,7,20,3.95,1,10.32,0.0
2024-04-22 14:50:29,127,138,2.36,1,8.23,0.0
2024-04-24 08:30:07,77,189,2.24,1,9.16,2.75
2024-04-06 06:09:11,234,105,6.84,1,25.23,0.0
2024-04-18 09:51:54,74,98,1.83,1,4.94,0.0
2024-04-15 09:36:39,120,153,4.12,1,13.98,2.75
2024-04-09 01:12:12,35,218,7.73,3,26.94,0.0
2024-04-04 10:11:06,207,21,3.9,3,13.81,2.75
2024-04-10 05:24:17,93,202,2.88,1,13.73,0.0
2024-04-03 07:03:57,177,160,0.63,1,5.48,2.75
2024-04-24 15:23:09,179,64,4.51,1,14.41,0.0
2024-04-12 02:53:31,129,84,21.51,1,67.08,0.0
2024-04-21 21:31:58,125,73,6.28,2,19.72,0.0
2024-04-16 10:09:19,27,60,4.02,1,14.4,2.75
2024-04-25 20:17:54,64,147,2.72,2,11.01,0.0
2024-04-27 22:29:45,60,47,1.39,3,8.01,2.75
2024-04-29 21:07:34,219,223,4.62,1,16.78,2.75
2024-04-17 10:59:29,217,158,1.18,1,3.68,2.75
2024-04-25 08:37:17,169,47,8.13,1,22.96,2.75
2024-04-18 01:14:07,149,210,2.03,1,9.63,2.75
2024-04-22 00:25:20,116,21,2.29,2,5.16,0.0
2024-04-23 22:47:27,245,231,1.35,1,6.88,2.75
2024-04-26 13:50:53,148,105,2.8,1,9.01,2.75
2024-04-03 09:35:52,92,126,4.49,3,15.9,0.0
2024-04-20 09:25:02,85,68,1.76,1,7.45,2.75
2024-04-03 03:15:14,87,26,4.74,1,17.3,0.0
2024-04-30 10:10:45,120,161,3.89,1,14.15,2.75
2024-04-10 05:50:58,24,108,2.13,1,10.21,2.75
2024-04-22 11:59:56,89,84,1.81,1,8.4,0.0
2024-04-15 13:37:04,37,41,7.41,4,26.92,0.0
2024-04-21 02:07:25,12,200,0.54,1,3.09,2.75
2024-04-25 16:49:31,95,36,4.9,4,15.0,2.75
2024-04-12 03:20:52,31,234,2.39,1,10.16,2.75
2024-04-16 03:54:33,233,242,4.93,1,17.07,2.75
2024-04-07 19:43:41,35,20,2.98,1,12.15,2.75
2024-04-21 11:46:34,21,152,0.81,2,4.77,2.75
2024-04-29 16:01:39,111,171,14.57,1,48.23,2.75
2024-04-27 02:35:50,145,216,0.81,1,5.84,2.75
2024-04-22 01:00:36,12,232,1.1,1,3.34,2.75
2024-04-25 04:32:14,244,16,2.41,3,8.89,2.75
2024-04-18 20:08:46,146,165,10.63,1,34.68,2.75
2024-04-30 02:26:39,239,179,1.71,2,6.79,0.0
2024-04-06 10:12:38,92,258,3.44,2,11.56,0.0
2024-04-12 01:20:05,115,76,3.08,1,14.27,2.75
2024-04-29 14:38:15,15,105,1.9,1,9.68,2.75
2024-04-25 13:44:51,22,87,4.67,1,15.01,2.75
2024-04-12 04:30:49,118,14,2.94,1,13.09,0.0
2024-04-10 02:30:35,95,247,3.52,1,14.63,2.75
2024-04-11 19:27:28,257,241,1.33,1,7.65,2.75
2024-04-22 13:47:51,262,9,9.64,1,28.35,2.75
2024-04-07 02:40:36,87,24,0.91,1,5.53,2.75
2024-04-17 12:39:49,58,112,4.6,2,14.32,2.75
2024-04-24 12:38:29,230,217,8.1,3,26.39,0.0
2024-04-11 00:53:16,108,228,0.81,1,7.18,2.75
2024-04-14 21:28:52,19,32,0.6,1,3.5,0.0
2024-04-12 13:31:14,141,170,1.92,1,7.94,2.75
2024-04-06 09:01:02,160,231,5.96,4,17.55,0.0
2024-04-08 19:23:39,100,70,4.92,1,17.53,2.75
2024-04-29 07:09:35,238,111,6.54,1,24.92,2.75
2024-04-14 14:53:12,238,89,2.27,1,13.46,2.75
2024-04-23 18:43:03,49,2,18.27,1,59.14,2.75
2024-04-22 00:30:50,165,56,2.1,3,7.95,2.75
2024-04-27 07:19:19,59,158,6.23,1,22.13,2.75
2024-04-05 17:41:59,183,32,2.01,3,7.59,0.0
2024-04-29 08:21:48,147,190,1.36,2,6.9,2.75
2024-04-04 04:15:35,96,210,1.94,1,9.36,2.75
2024-04-11 22:53:25,43,22,1.25,1,3.49,2.75
2024-04-29 16:53:37,257,14,0.98,1,6.97,0.0
2024-04-08 04:43:45,213,206,2.08,1,9.59,2.75
2024-04-11 14:51:12,189,34,1.06,1,4.19,2.75
2024-04-27 08:56:21,131,56,2.94,3,7.33,2.75
2024-04-24 04:48:37,137,240,0.63,1,4.8,2.75
2024-04-10 12:18:55,30,63,2.48,2,11.34,2.75
2024-04-24 20:52:42,146,80,11.6,1,36.64,0.0
2024-04-24 05:35:38,105,40,2.06,1,8.03,2.75
2024-04-07 19:29:34,191,256,1.02,1,6.68,2.75
2024-04-29 04:08:58,178,110,1.77,1,6.53,2.75
2024-04-02 05:08:47,239,48,5.98,1,21.81,0.0
2024-04-22 09:51:56,1,232,1.82,1,7.41,2.75
2024-04-30 21:29:45,110,82,2.19,1,9.53,2.75
2024-04-28 17:42:04,234,174,5.94,1,20.99,0.0
2024-04-01 06:29:46,64,113,1.56,2,10.3,2.75
2024-04-15 04:40:02,244,40,2.78,4,11.39,2.75
2024-04-16 11:57:02,53,30,0.73,1,3.0,2.75
2024-04-16 20:58:55,262,255,1.17,1,4.95,0.0
2024-04-03 22:02:36,17,240,1.32,5,5.39,0.0
2024-04-10 20:02:56,234,183,2.68,1,11.57,2.75
2024-04-12 00:45:22,73,184,6.52,2,21.94,2.75
2024-04-06 10:24:10,91,42,2.03,2,8.57,0.0
2024-04-04 17:47:38,6,127,2.18,1,11.42,2.75
2024-04-28 03:37:56,198,82,1.75,2,9.51,2.75
2024-04-27 14:25:54,196,233,1.85,1,7.48,2.75
2024-04-02 07:49:49,137,192,2.31,2,12.88,0.0
2024-04-14 19:39:42,116,1,8.54,1,32.63,2.75
2024-04-08 03:56:43,43,207,0.59,2,3.0,0.0
2024-04-03 05:50:39,231,197,3.93,2,13.22,0.0
2024-04-29 11:27:30,58,17,8.15,1,24.79,2.75
2024-04-06 20:40:53,206,169,2.39,1,12.49,0.0
2024-04-28 06:03:10,94,186,4.18,1,13.33,2.75
2024-04-30 05:07:35,36,122,3.58,2,12.24,0.0
2024-04-06 03:51:12,230,224,1.95,1,13.14,2.75
2024-04-30 00:35:43,227,127,1.02,1,7.47,2.75
2024-04-19 00:10:11,183,166,1.37,1,6.08,2.75
2024-04-11 05:14:54,262,122,0.71,1,4.57,2.75
2024-04-20 04:00:42,131,220,5.56,5,15.64,0.0
2024-04-24 00:47:53,65,148,3.16,3,11.85,0.0
2024-04-30 08:37:35,186,247,5.89,1,20.63,2.75
2024-04-09 17:18:12,117,188,1.7,1,5.45,0.0
2024-04-02 02:46:33,186,11,6.22,5,21.61,0.0
2024-04-23 02:38:52,151,45,1.79,1,11.97,0.0
2024-04-29 22:02:58,151,124,0.95,1,8.29,2.75
2024-04-18 02:34:41,36,247,3.17,1,15.17,0.0
2024-04-19 04:21:29,95,159,10.67,2,33.92,2.75
2024-04-28 18:25:46,134,78,2.37,1,8.83,2.75
2024-04-18 21:18:11,162,151,3.04,1,12.79,2.75
2024-04-08 09:13:19,44,151,2.6,1,9.23,2.75
2024-04-09 13:25:38,240,124,2.64,1,11.84,2.75
2024-04-13 06:21:10,52,228,1.34,1,8.47,2.75
2024-04-23 06:09:27,74,217,2.42,1,14.14,2.75
2024-04-12 00:08:42,238,147,2.9,2,8.57,2.75
2024-04-22 07:19:09,167,218,5.28,3,20.45,2.75
2024-04-20 11:54:09,140,96,1.03,1,4.63,2.75
2024-04-06 09:19:50,139,50,3.47,1,15.95,2.75
2024-04-19 01:04:27,235,43,4.3,4,16.14,2.75
2024-04-17 14:08:04,3,19,2.19,1,9.37,2.75
2024-04-13 22:22:54,256,113,3.29,2,14.29,2.75
2024-04-27 14:32:36,4,213,4.84,5,18.99,2.75
2024-04-26 13:08:02,212,18,2.69,3,9.84,2.75
2024-04-01 08:24:17,216,134,1.92,2,8.48,2.75
2024-04-05 17:10:27,16,14,6.59,1,21.09,2.75
2024-04-12 09:40:57,64,64,16.23,5,51.5,2.75
2024-04-13 17:54:27,239,163,1.35,1,8.44,0.0
2024-04-24 19:04:05,16,258,8.21,2,30.23,0.0
2024-04-20 03:03:52,52,6,3.26,1,8.63,2.75
2024-04-05 20:20:29,19,121,2.58,1,12.55,2.75
2024-04-07 07:04:58,93,153,8.33,1,29.02,2.75
2024-04-18 21:42:13,261,178,8.94,2,26.98,2.75
2024-04-04 18:22:09,17,63,1.61,1,4.17,2.75
2024-04-15 04:53:42,111,258,2.05,1,8.69,0.0
2024-04-13 01:18:02,94,65,7.19,1,23.93,2.75
2024-04-19 03:16:36,10,187,2.86,5,11.2,0.0
2024-04-18 20:50:12,212,227,1.69,3,10.64,2.75
2024-04-23 13:59:04,237,199,11.96,2,35.36,2.75
2024-04-11 00:20:56,254,251,1.36,1,4.35,0.0
2024-04-24 02:25:57,16,193,3.8,1,11.17,0.0
2024-04-01 00:15:17,144,119,2.45,1,12.19,2.75
2024-04-10 20:23:27,42,179,2.6,1,11.71,2.75
2024-04-04 05:32:23,3,52,0.89,3,5.5,2.75
2024-04-04 00:48:11,156,110,1.54,5,6.1,0.0
2024-04-18 09:40:37,173,224,1.14,4,5.52,0.0
2024-04-05 15:59:17,24,98,5.35,2,17.79,2.75
2024-04-23 12:28:12,75,48,4.69,1,17.82,2.75
2024-04-25 23:09:33,40,101,6.03,2,24.43,2.75
2024-04-03 21:14:25,40,240,4.71,2,14.44,2.75
2024-04-30 08:06:43,62,74,0.98,1,4.59,0.0
2024-04-28 10:44:48,238,38,13.95,2,43.89,0.0
2024-04-17 00:40:22,245,216,1.23,3,3.0,0.0
2024-04-27 15:09:46,18,136,2.01,2,10.29,2.75
2024-04-21 22:03:22,140,6,4.8,1,17.06,2.75
2024-04-23 13:38:22,82,247,1.03,1,6.38,0.0
2024-04-14 03:22:51,189,197,1.15,1,4.77,2.75
2024-04-04 19:20:21,108,111,7.82,1,26.76,2.75
2024-04-08 15:19:47,234,38,1.91,1,7.95,0.0
2024-04-03 19:44:37,104,115,4.33,1,15.63,2.75
2024-04-18 21:50:19,134,185,7.35,1,26.75,2.75
2024-04-11 15:45:59,33,212,13.17,3,42.75,2.75
2024-04-21 09:16:09,237,255,1.33,2,3.5,2.75
2024-04-26 20:23:57,178,113,0.96,1,5.2,2.75
2024-04-19 10:17:48,12,175,5.22,1,20.56,0.0
2024-04-26 14:54:57,229,19,1.23,1,5.79,2.75
2024-04-17 23:32:52,131,203,3.54,2,14.64,2.75
2024-04-21 08:02:43,249,126,3.16,1,15.06,0.0
2024-04-22 12:23:17,58,254,3.37,3,14.37,0.0
2024-04-10 02:19:05,4,255,4.17,1,16.03,2.75
2024-04-17 10:07:06,236,152,7.16,1,24.42,2.75
2024-04-04 07:37:43,173,199,1.61,1,6.88,2.75
2024-04-10 00:59:23,36,199,3.34,2,12.32,2.75
2024-04-22 11:57:27,237,175,1.94,1,11.1,2.75
2024-04-17 13:01:30,58,180,1.84,1,9.37,0.0
2024-04-12 12:14:13,18,218,0.57,2,3.91,0.0
2024-04-25 10:42:27,36,118,3.7,2,13.04,2.75
2024-04-25 13:05:11,129,23,13.08,1,41.91,2.75
2024-04-07 00:47:24,1,125,5.51,1,19.69,0.0
2024-04-25 00:56:07,64,84,1.47,1,6.2,0.0
2024-04-17 04:49:29,62,199,4.91,4,14.91,2.75
2024-04-29 21:09:49,146,187,1.73,1,8.76,2.75
2024-04-20 23:10:55,17,92,5.4,1,17.89,2.75
2024-04-06 03:32:35,98,182,7.26,3,23.06,2.75
2024-04-06 15:34:11,227,227,1.92,1,7.39,0.0
2024-04-10 13:23:02,243,199,0.51,3,3.0,0.0
2024-04-06 02:03:59,201,235,1.77,2,9.29,2.75
2024-04-13 10:21:33,179,44,1.31,1,8.33,2.75
2024-04-05 19:24:26,234,76,3.87,2,15.56,2.75
2024-04-15 15:08:54,112,141,1.7,1,8.06,0.0
2024-04-30 18:47:43,66,182,0.63,3,3.0,0.0
2024-04-30 21:03:54,245,119,3.15,1,12.98,0.0
2024-04-18 11:03:10,245,40,7.77,1,29.77,2.75
2024-04-19 02:53:35,72,260,2.6,1,9.93,2.75
2024-04-22 22:15:54,49,244,2.15,2,5.75,2.75
2024-04-07 00:49:56,190,129,1.19,2,7.53,2.75
2024-04-14 08:37:42,177,6,2.22,3,5.61,2.75
2024-04-20 05:23:35,161,66,1.91,1,6.33,0.0
2024-04-11 23:07:52,150,219,18.99,3,58.97,2.75
2024-04-09 07:56:18,70,146,0.61,1,6.55,2.75
2024-04-18 18:42:58,33,234,1.46,5,7.21,2.75
2024-04-21 05:12:04,260,29,0.75,1,3.56,2.75
2024-04-28 20:22:06,77,161,7.32,1,23.3,0.0
2024-04-25 21:06:38,110,131,2.39,1,7.5,2.75
2024-04-09 05:45:43,139,148,6.07,1,19.65,2.75
2024-04-18 01:56:30,35,82,4.62,1,15.93,2.75
2024-04-26 21:28:20,235,83,9.71,2,31.76,2.75
2024-04-01 08:38:05,200,73,0.58,1,5.48,2.75
2024-04-16 19:31:31,151,214,1.31,1,6.82,2.75
2024-04-23 13:22:19,34,26,4.74,1,14.35,2.75
2024-04-29 05:14:24,124,71,3.58,1,9.19,2.75
2024-04-19 01:25:36,32,177,4.65,1,15.19,2.75
2024-04-01 09:58:23,124,89,3.5,1,17.08,2.75
2024-04-15 11:48:57,78,177,3.54,3,12.46,2.75
2024-04-24 03:02:53,76,27,9.94,1,32.67,0.0
2024-04-20 06:11:40,60,63,9.4,1,27.89,0.0
2024-04-08 02:04:02,85,19,0.64,1,3.3,2.75
2024-04-06 22:21:33,80,67,2.37,3,10.87,2.75
2024-04-18 05:53:37,172,238,3.0,1,12.56,0.0
2024-04-11 01:30:46,258,137,2.05,2,8.69,0.0
2024-04-08 10:13:13,221,163,0.68,1,5.35,2.75
2024-04-17 23:32:10,46,28,2.74,3,13.32,0.0
2024-04-18 18:10:27,73,256,13.51,3,43.37,2.75
2024-04-27 14:18:25,54,112,0.76,2,8.09,2.75
2024-04-01 08:55:01,221,240,6.44,1,22.58,2.75
2024-04-01 00:46:15,9,243,1.26,1,5.0,2.75
2024-04-20 11:52:41,172,153,3.51,1,11.46,0.0
2024-04-30 22:45:51,84,52,2.21,1,8.45,2.75
2024-04-25 19:12:51,12,54,2.0,2,8.27,2.75
2024-04-30 01:11:47,32,133,7.65,1,27.4,2.75
2024-04-21 21:43:30,178,191,13.2,1,44.65,2.75
2024-04-26 00:38:21,114,124,2.21,4,8.68,2.75
2024-04-01 07:23:36,26,218,4.08,1,15.71,2.75
2024-04-09 15:14:15,237,71,3.35,1,13.0,0.0
2024-04-15 06:50:15,172,214,0.78,1,4.5,2.75
2024-04-03 09:28:23,233,33,0.65,1,5.25,0.0
2024-04-15 19:31:34,37,171,5.7,1,20.78,0.0
2024-04-22 22:53:27,13,237,2.26,3,13.46,2.75
2024-04-13 00:23:38,106,102,1.79,1,11.28,2.75
2024-04-05 01:52:45,126,10,15.34,1,51.13,0.0
2024-04-28 14:26:15,130,41,0.81,1,4.47,2.75
2024-04-05 04:21:49,256,126,1.6,1,5.13,2.75
2024-04-01 15:31:03,115,11,7.3,1,25.32,2.75
2024-04-23 04:39:37,124,195,2.38,3,6.08,0.0
2024-04-18 23:04:59,256,20,3.57,2,13.02,2.75
2024-04-10 00:00:35,139,235,0.67,1,5.49,0.0
2024-04-09 06:09:00,206,227,9.35,1,28.47,2.75
2024-04-04 05:21:35,47,227,1.02,1,6.16,2.75
2024-04-28 03:24:20,217,124,1.34,1,8.21,2.75
2024-04-10 14:54:17,123,195,1.1,1,5.65,2.75
2024-04-22 08:52:37,31,71,2.91,1,11.39,2.75
2024-04-22 18:01:02,55,232,6.44,2,23.31,2.75
2024-04-22 16:20:33,153,173,1.59,1,10.72,2.75
2024-04-16 07:32:53,36,203,1.04,4,6.09,0.0
2024-04-20 22:32:30,256,33,2.35,1,10.92,2.75
2024-04-20 22:23:19,178,211,14.49,1,45.39,2.75
2024-04-09 02:27:13,36,182,0.54,4,5.51,2.75
2024-04-11 13:43:58,254,241,2.95,1,12.8,2.75
2024-04-02 13:20:45,162,51,4.37,1,16.61,2.75
2024-04-05 16:05:51,21,29,6.25,5,24.71,2.75
2024-04-22 08:41:40,75,6,5.3,1,17.88,0.0
2024-04-15 01:08:25,207,133,0.77,1,4.89,2.75
2024-04-27 01:16:29,178,96,2.67,1,13.38,0.0
2024-04-09 06:30:47,37,82,0.79,1,4.29,2.75
2024-04-11 11:59:39,120,217,3.89,3,15.81,0.0
2024-04-11 02:05:35,118,131,0.78,1,8.55,0.0
2024-04-21 15:26:51,1,86,0.67,1,6.14,0.0
2024-04-27 07:52:29,209,93,1.78,1,8.75,2.75
2024-04-21 03:56:06,208,71,10.28,1,33.04,2.75
2024-04-12 23:36:48,154,191,4.83,2,19.34,2.75
2024-04-17 21:55:12,250,214,0.51,1,3.0,2.75
2024-04-30 19:26:46,171,47,1.67,3,4.65,2.75
2024-04-10 22:47:05,107,218,0.56,2,3.0,2.75
2024-04-06 17:54:00,143,89,1.72,1,7.75,2.75
2024-04-18 00:52:06,8,227,4.55,1,13.85,2.75
2024-04-17 19:22:17,94,217,5.49,3,23.45,2.75
2024-04-27 06:23:29,97,240,6.21,3,19.52,2.75
2024-04-22 01:23:20,7,170,8.93,1,31.13,2.75
2024-04-15 17:29:57,12,232,2.09,1,7.39,0.0
2024-04-20 17:17:00,2,108,7.45,1,24.84,0.0
2024-04-20 00:33:28,7,233,5.05,2,17.84,2.75
2024-04-04 10:06:39,12,170,3.2,1,9.97,0.0
2024-04-19 00:30:09,57,135,11.33,1,36.53,0.0
2024-04-11 22:38:42,78,131,10.83,1,37.88,2.75
2024-04-28 22:25:15,74,37,8.48,1,27.65,2.75
2024-04-07 22:05:04,233,259,1.29,1,6.88,2.75
2024-04-02 08:27:21,30,124,1.32,1,7.14,2.75
2024-04-20 19:57:02,95,263,8.59,1,29.06,2.75
2024-04-02 23:12:14,56,217,2.28,1,5.84,0.0
2024-04-19 21:15:34,10,170,6.09,1,22.35,2.75
2024-04-14 03:21:10,147,98,4.56,1,17.31,2.75
2024-04-03 17:51:08,87,186,5.53,1,19.23,0.0
2024-04-10 14:38:08,253,213,0.59,1,7.02,2.75
2024-04-26 10:42:39,187,232,2.47,1,12.13,2.75
2024-04-19 13:37:23,233,167,7.31,5,25.26,2.75
2024-04-10 20:26:01,253,161,2.86,3,10.17,2.75
2024-04-15 20:57:56,224,184,4.6,1,15.88,0.0
2024-04-07 16:44:01,4,25,5.44,1,18.64,2.75
2024-04-09 03:55:56,112,142,0.95,4,6.58,2.75
2024-04-22 09:37:19,193,183,1.09,1,5.76,2.75
2024-04-19 23:14:06,141,84,5.01,1,18.06,2.75
2024-04-01 10:11:23,140,231,0.7,1,3.0,2.75
2024-04-26 15:15:49,95,223,1.96,1,10.08,2.75
2024-04-17 21:23:30,41,158,9.26,2,32.74,2.75
2024-04-04 18:15:34,2,185,3.49,1,12.25,0.0
2024-04-21 20:41:06,150,183,8.95,1,28.48,0.0
2024-04-28 13:54:25,41,85,1.8,1,6.63,2.75
2024-04-10 05:33:03,116,65,4.04,3,18.43,0.0
2024-04-06 08:58:30,120,52,1.68,1,9.18,2.75
2024-04-15 08:07:02,237,3,0.91,2,5.17,2.75
2024-04-07 10:47:22,9,77,16.87,2,51.91,0.0
2024-04-09 21:23:43,239,135,1.18,4,4.0,0.0
2024-04-02 06:22:53,118,70,1.23,1,7.8,0.0
2024-04-07 11:16:28,10,162,6.96,1,22.86,2.75
2024-04-12 16:42:20,25,96,6.17,1,21.93,2.75
2024-04-14 13:38:24,173,16,13.83,2,46.78,0.0
2024-04-24 12:54:08,225,230,0.76,1,3.0,0.0
2024-04-20 00:38:29,11,6,0.85,2,3.79,2.75
2024-04-18 03:00:34,101,110,2.58,3,11.29,2.75
2024-04-11 14:00:24,83,143,3.64,1,13.01,2.75
2024-04-11 00:41:31,261,155,0.64,1,4.1,2.75
2024-04-19 05:25:45,221,207,1.1,1,7.47,2.75
2024-04-24 03:18:37,219,166,4.75,4,18.25,2.75
2024-04-11 15:18:54,89,260,4.36,1,14.9,2.75
2024-04-22 11:29:57,15,173,0.83,2,3.91,0.0
2024-04-17 15:06:43,246,121,9.89,1,32.04,2.75
2024-04-26 07:00:11,176,140,1.53,1,9.35,2.75
2024-04-06 02:48:56,4,168,8.14,2,23.67,2.75
2024-04-20 11:17:32,21,84,9.47,1,30.7,2.75
2024-04-27 13:37:35,208,194,2.86,1,12.35,2.75
2024-04-06 21:59:22,137,38,2.36,1,8.36,2.75
2024-04-30 18:05:25,216,242,1.64,5,4.67,0.0
2024-04-29 01:57:57,117,199,6.26,1,19.14,0.0
2024-04-11 12:03:03,179,5,1.27,1,7.01,2.75
2024-04-14 02:02:28,246,103,3.91,3,14.06,0.0
2024-04-17 01:03:25,128,138,3.43,1,9.01,2.75
2024-04-27 09:04:02,78,66,1.5,1,6.02,2.75
2024-04-11 23:10:36,229,67,14.77,1,49.36,2.75
2024-04-16 06:00:21,262,47,7.06,1,23.56,2.75
2024-04-26 15:10:25,82,180,0.57,1,5.37,2.75
2024-04-28 09:44:53,66,68,2.42,1,9.58,2.75
2024-04-17 16:05:51,96,115,2.06,2,10.31,2.75
2024-04-19 04:37:16,145,26,8.0,1,27.68,2.75
2024-04-22 23:28:37,65,47,1.58,3,7.28,2.75
2024-04-10 22:33:43,9,207,23.14,1,70.15,2.75
2024-04-09 13:26:14,186,73,1.28,1,7.22,0.0
2024-04-04 18:23:57,158,259,1.48,1,4.18,2.75
2024-04-22 00:39:20,31,30,4.34,2,16.51,0.0
2024-04-25 04:50:13,151,3,1.11,1,7.59,2.75
2024-04-27 02:07:09,242,9,8.19,1,26.08,2.75
2024-04-21 19:10:01,156,8,0.91,3,3.0,2.75
2024-04-11 02:27:14,59,9,14.83,1,48.97,0.0
2024-04-22 09:38:07,10,152,7.77,2,25.83,0.0
2024-04-06 03:04:26,124,142,6.91,3,22.89,2.75
2024-04-29 03:34:35,237,27,2.33,1,9.86,2.75
2024-04-08 04:08:16,17,71,3.02,1,10.63,0.0
2024-04-20 14:24:30,23,219,2.63,1,7.28,2.75
2024-04-02 09:21:02,9,256,15.82,5,48.84,0.0
2024-04-16 19:55:41,207,103,0.62,2,4.4,2.75
2024-04-12 22:48:19,45,147,2.18,1,9.09,2.75
2024-04-22 13:54:05,27,158,12.59,1,36.75,2.75
2024-04-27 23:35:48,188,140,2.11,3,8.3,2.75
2024-04-03 09:40:09,140,143,2.28,1,12.64,0.0
2024-04-24 07:05:55,9,109,3.99,1,14.56,2.75
2024-04-04 06:36:46,234,64,8.82,4,30.71,2.75
2024-04-28 10:36:05,92,186,1.72,1,8.82,2.75
2024-04-22 10:08:44,77,1,10.82,2,33.67,2.75
2024-04-28 10:22:54,244,7,1.66,1,6.25,0.0
2024-04-30 22:57:53,155,1,6.41,1,22.53,2.75
2024-04-19 16:21:39,218,261,1.63,4,6.3,0.0
2024-04-28 12:37:07,150,47,0.77,1,7.11,0.0
2024-04-14 05:04:12,88,2,6.36,4,20.97,0.0
2024-04-16 16:44:16,106,23,2.59,1,11.93,2.75
2024-04-15 05:53:16,95,84,2.23,1,9.96,2.75
2024-04-02 07:38:56,253,204,2.47,2,10.87,2.75
2024-04-01 04:31:19,39,227,3.81,1,12.71,2.75
2024-04-13 23:06:02,255,252,1.57,1,9.37,2.75
2024-04-01 23:55:24,54,151,1.45,1,11.52,2.75
2024-04-17 09:27:50,243,247,2.81,1,9.06,2.75
2024-04-23 03:14:53,110,17,0.63,2,6.27,2.75
2024-04-29 03:55:51,254,2,4.1,1,14.81,2.75
2024-04-26 08:04:23,112,197,6.56,1,20.57,0.0
2024-04-12 12:06:18,174,61,5.05,1,15.53,0.0
2024-04-06 04:14:04,189,97,2.72,1,8.94,2.75
2024-04-15 16:41:10,221,247,3.42,1,11.3,0.0
2024-04-29 14:59:48,249,35,0.59,1,3.0,2.75
2024-04-24 19:35:12,52,68,9.02,1,31.76,2.75
2024-04-03 18:02:03,162,189,3.36,1,12.56,0.0
2024-04-17 21:31:40,35,41,1.83,1,8.82,0.0
2024-04-10 17:02:07,37,96,1.72,1,5.36,2.75
2024-04-01 23:00:06,111,171,4.27,1,17.71,2.75
2024-04-15 19:11:13,177,67,3.57,1,12.15,0.0
2024-04-12 06:38:54,9,119,1.23,5,8.78,0.0
2024-04-12 11:35:44,121,171,2.35,1,10.45,2.75
2024-04-27 13:23:50,105,186,4.45,2,13.94,2.75
2024-04-30 21:56:28,156,70,1.74,1,8.45,2.75
2024-04-21 02:54:20,26,245,2.99,1,11.41,2.75
2024-04-06 16:01:49,25,159,1.53,1,5.15,2.75
2024-04-21 02:43:41,69,107,0.76,1,3.0,2.75
2024-04-06 01:33:05,151,36,2.22,1,10.8,2.75
2024-04-29 09:51:38,65,195,5.11,5,20.25,2.75
2024-04-10 10:58:28,150,76,1.34,1,4.43,2.75
2024-04-10 20:15:25,245,80,5.42,1,18.98,2.75
2024-04-18 05:45:56,58,98,4.37,1,12.66,2.75
2024-04-27 09:03:43,156,118,2.98,2,13.12,2.75
2024-04-29 05:25:10,112,223,12.95,2,41.51,2.75
2024-04-06 18:28:32,123,252,8.02,2,23.9,2.75
2024-04-09 21:10:42,203,80,3.4,1,11.8,0.0
2024-04-06 12:01:18,4,170,3.36,2,11.49,0.0
2024-04-23 08:14:00,129,157,1.64,1,5.7,2.75
2024-04-28 16:13:39,26,2,9.35,5,32.45,0.0
2024-04-05 09:26:33,27,203,8.42,1,26.08,2.75
2024-04-06 17:29:15,42,258,5.24,1,21.58,2.75
2024-04-15 20:49:34,71,251,0.98,1,7.17,2.75
2024-04-18 14:16:20,64,146,4.76,1,16.12,2.75
2024-04-22 18:56:22,25,19,1.52,4,11.63,0.0
2024-04-18 04:33:03,72,252,1.23,2,5.46,0.0
2024-04-08 11:27:25,95,50,5.48,2,16.17,2.75
2024-04-19 19:48:48,117,137,11.74,1,39.71,0.0
2024-04-23 00:26:32,164,226,0.9,1,3.48,2.75
2024-04-16 13:40:05,65,221,1.13,1,8.39,2.75
2024-04-16 03:20:14,260,113,1.37,1,3.84,2.75
2024-04-27 00:21:20,228,149,12.03,1,36.89,2.75
2024-04-06 10:00:11,200,48,4.67,3,15.44,2.75
2024-04-28 17:14:10,220,58,4.47,1,17.05,2.75
2024-04-09 15:26:00,180,197,2.96,1,10.42,0.0
2024-04-04 10:59:43,228,225,3.2,1,11.02,2.75
2024-04-14 04:00:13,252,137,1.7,3,8.92,2.75
2024-04-25 11:33:46,4,195,1.09,4,8.12,0.0
2024-04-16 12:24:43,141,206,5.8,1,19.31,0.0
2024-04-21 20:04:58,166,18,2.73,1,8.7,2.75
2024-04-25 11:00:13,254,215,1.54,2,10.03,0.0
2024-04-06 05:53:42,153,206,4.01,1,14.24,2.75
2024-04-25 04:10:18,67,124,1.32,2,7.3,2.75
2024-04-08 09:09:50,55,16,2.85,3,10.11,2.75
2024-04-16 10:25:20,96,165,1.24,1,5.45,2.75
2024-04-03 09:22:28,167,148,5.49,1,18.03,2.75
2024-04-18 11:47:32,62,233,1.85,1,9.72,2.75
2024-04-06 05:16:23,174,25,2.54,1,12.5,2.75
2024-04-22 13:31:02,253,71,5.42,5,17.73,2.75
2024-04-30 16:41:27,112,200,4.27,1,14.53,2.75
2024-04-30 20:46:28,215,47,2.29,1,11.83,0.0
2024-04-21 00:16:44,239,25,0.76,2,8.58,2.75
2024-04-23 06:53:38,227,213,9.41,2,31.87,2.75
2024-04-16 23:39:33,230,33,0.53,1,4.79,2.75
2024-04-29 13:29:20,233,214,5.14,1,21.77,2.75
2024-04-03 12:21:54,163,211,10.68,1,35.04,2.75
2024-04-18 18:08:10,126,29,1.78,1,8.34,0.0
2024-04-27 01:26:47,253,259,0.77,3,3.88,2.75
2024-04-09 15:58:12,199,39,1.5,1,8.4,2.75
2024-04-28 13:56:02,197,260,1.82,2,6.72,2.75
2024-04-25 00:52:55,122,165,2.6,2,9.46,2.75
2024-04-30 05:23:30,54,95,3.11,1,11.29,0.0
2024-04-19 16:31:34,135,220,5.02,1,18.72,2.75
2024-04-07 17:38:24,151,118,8.59,1,27.69,2.75
2024-04-04 03:22:45,100,66,2.69,1,12.36,0.0
2024-04-09 07:06:13,234,193,5.3,2,16.48,2.75
2024-04-23 12:25:37,32,35,0.98,1,4.77,2.75
2024-04-24 15:03:01,62,175,1.9,1,8.44,0.0
2024-04-01 21:41:56,196,112,0.94,1,5.7,2.75
2024-04-05 10:46:10,30,80,4.62,1,17.85,2.75
2024-04-24 09:50:43,243,111,8.84,5,27.23,2.75
2024-04-07 00:16:25,106,92,8.2,1,27.22,2.75
2024-04-19 04:42:18,133,186,1.88,1,6.22,2.75
2024-04-24 08:22:17,22,41,1.43,1,8.08,0.0
2024-04-27 21:28:44,156,87,1.62,4,6.46,0.0
2024-04-26 19:02:11,214,224,1.69,1,9.22,2.75
2024-04-19 20:42:33,226,51,0.8,1,4.94,2.75
2024-04-12 09:59:59,171,126,1.0,1,5.75,0.0
2024-04-03 14:50:56,42,146,1.34,1,11.83,2.75
2024-04-10 12:26:16,60,41,0.53,4,6.11,2.75
2024-04-11 06:06:27,77,24,0.67,1,5.89,2.75
2024-04-05 20:48:59,202,36,4.7,1,16.63,0.0
2024-04-27 14:53:06,220,184,3.88,1,13.45,0.0
2024-04-18 16:43:37,187,154,10.68,1,33.6,2.75
2024-04-07 08:50:42,96,182,2.3,1,12.19,2.75
2024-04-21 15:30:02,212,154,2.56,4,8.99,2.75
2024-04-16 05:28:32,262,150,0.75,1,5.9,0.0
2024-04-07 02:10:49,77,2,1.08,1,4.64,0.0
2024-04-25 02:47:11,31,54,4.62,1,14.66,0.0
2024-04-30 04:48:39,39,246,1.44,1,6.04,2.75
2024-04-24 09:37:15,214,46,5.69,2,21.03,0.0
2024-04-10 06:08:07,126,75,4.78,1,19.01,2.75
2024-04-26 20:13:11,165,149,5.31,4,18.93,0.0
2024-04-22 19:17:35,246,3,4.61,1,16.13,2.75
2024-04-13 08:56:05,109,9,4.8,1,18.09,0.0
2024-04-15 04:02:51,88,2,3.27,2,12.03,2.75
2024-04-29 00:27:52,200,238,4.47,3,15.21,2.75
2024-04-09 12:51:03,51,28,3.11,1,10.1,0.0
2024-04-25 04:08:43,198,181,1.31,2,8.67,2.75
2024-04-25 07:28:30,23,83,1.36,1,5.59,0.0
2024-04-05 01:24:39,153,253,2.32,1,7.61,0.0
2024-04-16 01:25:33,223,258,0.55,1,3.79,2.75
2024-04-27 16:12:28,221,48,8.2,1,28.93,2.75
2024-04-22 03:35:52,151,134,1.59,1,8.79,2.75
2024-04-08 07:04:30,73,199,0.69,3,4.26,0.0
2024-04-27 21:54:41,77,136,2.43,1,8.96,2.75
2024-04-29 01:55:05,32,83,6.42,2,26.26,2.75
2024-04-08 03:29:27,65,219,2.27,1,7.86,2.75
2024-04-13 18:46:21,18,19,1.57,1,7.31,2.75
2024-04-27 03:39:33,164,18,3.26,4,11.06,2.75
2024-04-24 08:05:28,54,179,3.49,1,14.78,2.75
2024-04-10 23:17:45,63,23,5.48,1,20.8,0.0
2024-04-03 18:14:43,257,244,6.13,1,18.91,2.75
2024-04-29 19:35:03,239,107,4.79,1,17.38,2.75
2024-04-22 14:36:02,9,131,0.52,2,3.0,2.75
2024-04-04 03:02:26,120,10,0.51,2,4.35,0.0
2024-04-16 23:28:23,90,199,13.77,1,38.38,0.0
2024-04-02 05:52:04,175,90,1.57,4,7.95,2.75
2024-04-27 19:10:58,3,144,1.66,1,6.95,0.0
2024-04-11 13:08:09,130,109,5.11,1,15.09,0.0
2024-04-07 07:07:06,54,204,3.55,1,14.29,2.75
2024-04-02 07:36:16,184,44,2.68,1,10.69,2.75
2024-04-03 02:08:14,224,8,0.93,2,3.51,0.0
2024-04-24 17:13:06,12,153,0.8,2,6.41,2.75
2024-04-27 12:08:43,195,17,4.76,1,16.67,2.75
2024-04-22 18:08:52,247,237,0.97,2,6.26,2.75
2024-04-22 14:41:47,154,56,2.5,1,9.4,0.0
2024-04-04 05:09:45,78,44,5.16,3,17.7,2.75
2024-04-17 02:10:54,140,241,9.48,1,34.09,0.0
2024-04-04 02:34:09,90,39,7.74,1,24.61,2.75
2024-04-17 01:49:37,144,130,7.48,2,25.54,0.0
2024-04-03 17:39:31,72,98,2.05,1,9.27,0.0
2024-04-08 11:31:15,177,80,9.67,2,29.22,2.75
2024-04-20 23:01:42,263,234,4.53,1,16.73,2.75
2024-04-02 10:36:31,105,169,8.12,1,23.69,2.75
2024-04-08 09:31:44,72,79,0.83,1,9.07,2.75
2024-04-09 22:55:20,74,71,0.64,3,7.27,2.75
2024-04-11 22:08:01,143,263,2.47,4,6.0,0.0
2024-04-04 02:08:29,62,200,6.66,1,24.74,2.75
2024-04-16 10:44:09,146,211,2.34,4,9.71,0.0
2024-04-14 23:41:08,46,18,8.06,1,23.74,2.75
2024-04-14 10:15:52,229,210,1.44,1,3.25,2.75
2024-04-12 09:14:27,105,117,0.64,1,4.34,0.0
2024-04-25 10:22:12,109,104,5.51,1,22.35,2.75
2024-04-28 09:11:25,121,77,3.94,1,19.05,2.75
2024-04-24 03:48:12,43,11,2.53,1,10.67,0.0
2024-04-11 04:28:16,99,51,7.03,1,21.59,2.75
2024-04-26 11:29:00,194,7,6.58,4,25.93,2.75
2024-04-07 19:54:33,214,37,1.87,1,6.25,2.75
2024-04-19 10:16:13,229,261,6.87,2,22.44,0.0
2024-04-19 19:57:39,185,62,1.98,1,9.8,2.75
2024-04-25 02:15:42,112,200,3.9,2,16.84,2.75
2024-04-13 10:27:57,102,90,1.25,1,3.97,2.75
2024-04-20 23:51:52,210,79,1.57,1,7.17,2.75
2024-04-18 01:15:00,227,55,2.58,4,11.55,2.75
2024-04-30 16:31:19,22,221,1.82,4,3.14,2.75
2024-04-19 11:58:48,248,92,0.98,3,3.0,0.0
2024-04-24 10:52:41,159,74,2.8,5,7.62,2.75
2024-04-04 10:39:44,229,56,3.01,1,12.06,0.0
2024-04-17 06:30:02,187,232,1.1,1,7.0,0.0
2024-04-11 07:46:55,143,179,1.17,4,8.42,0.0
2024-04-07 17:22:51,24,61,0.6,1,4.96,0.0
2024-04-29 17:51:42,141,117,0.61,3,9.06,2.75
2024-04-27 06:27:34,240,78,2.05,3,9.92,2.75
2024-04-23 18:41:07,82,236,1.06,1,8.36,0.0
2024-04-19 00:22:50,48,33,9.3,3,32.31,2.75
2024-04-20 02:42:28,171,55,1.28,1,6.89,0.0
2024-04-10 21:25:41,262,243,0.74,1,7.94,0.0
2024-04-24 10:06:55,68,74,2.31,2,10.77,0.0
2024-04-06 04:56:17,14,21,1.25,1,5.08,0.0
2024-04-02 15:17:29,30,201,0.72,1,5.06,2.75
2024-04-14 17:43:15,110,154,5.39,5,18.02,2.75
2024-04-04 10:12:00,212,254,3.35,1,11.0,0.0
2024-04-19 20:24:22,202,207,0.71,1,3.26,2.75
2024-04-02 13:36:10,84,149,2.71,3,11.89,2.75
2024-04-10 21:57:16,53,183,0.64,2,3.0,2.75
2024-04-06 04:32:57,256,261,2.03,1,9.14,0.0
2024-04-24 03:42:44,74,44,2.08,1,7.71,2.75
2024-04-06 16:37:10,220,144,6.56,1,20.17,0.0
2024-04-11 14:26:44,143,244,5.15,3,17.77,2.75
2024-04-28 02:15:19,100,5,8.45,2,28.14,2.75
2024-04-19 10:43:06,129,62,1.03,3,9.67,0.0
2024-04-05 22:40:44,219,26,3.17,2,9.95,2.75
2024-04-06 20:11:17,22,184,0.57,1,4.82,0.0
2024-04-10 10:51:38,178,36,6.61,1,23.26,2.75
2024-04-07 00:08:15,48,30,2.1,2,8.61,2.75
2024-04-15 18:16:33,117,69,0.75,1,7.63,2.75
2024-04-30 02:26:08,179,232,1.87,1,8.62,2.75
2024-04-25 04:21:59,179,176,1.68,3,9.3,2.75
2024-04-11 18:45:15,49,33,5.58,1,17.98,2.75
2024-04-26 13:50:21,255,69,0.97,2,3.0,2.75
2024-04-10 04:05:30,30,255,3.34,2,12.14,0.0
2024-04-04 05:55:39,85,50,6.03,1,20.18,0.0
2024-04-21 04:09:15,34,23,5.21,1,17.42,2.75
2024-04-04 01:55:50,98,254,10.12,2,33.42,0.0
2024-04-22 08:46:04,76,164,0.5,1,3.08,2.75
2024-04-30 09:40:10,175,181,2.03,1,7.72,2.75
2024-04-06 15:56:55,249,250,2.11,1,11.73,2.75
2024-04-23 19:49:18,134,237,0.62,1,3.0,0.0
2024-04-08 11:26:52,178,232,6.45,2,24.52,0.0
2024-04-19 22:22:45,228,122,4.59,1,17.98,2.75
2024-04-09 09:20:57,63,242,3.13,1,14.17,2.75
2024-04-30 22:06:21,258,134,2.32,1,11.74,0.0
2024-04-27 06:29:58,144,71,8.4,1,27.47,2.75
2024-04-29 07:48:36,52,219,1.58,1,5.88,2.75
2024-04-28 02:01:26,99,185,1.93,1,7.67,2.75
2024-04-24 05:05:34,45,217,11.17,1,36.0,0.0
2024-04-02 12:50:59,42,125,0.73,1,3.0,0.0
2024-04-08 09:44:32,57,179,5.81,5,20.75,0.0
2024-04-25 04:20:37,33,35,4.93,1,16.46,0.0
2024-04-09 15:31:48,114,70,8.63,1,28.75,2.75
2024-04-11 20:05:20,114,178,0.83,3,4.61,2.75
2024-04-10 10:37:44,56,49,12.83,1,42.84,2.75
2024-04-25 00:37:18,44,68,0.6,3,5.37,0.0
2024-04-15 05:11:05,212,7,1.94,2,7.09,2.75
2024-04-15 01:11:05,34,94,0.81,1,5.1,2.75
2024-04-16 09:53:24,196,81,0.68,1,3.0,2.75
2024-04-04 02:19:58,125,250,12.21,2,38.24,2.75
2024-04-20 01:43:44,79,38,4.95,2,17.89,2.75
2024-04-14 07:43:17,255,45,2.97,1,9.49,0.0
2024-04-19 17:01:22,145,137,0.9,3,6.73,2.75
2024-04-12 14:10:52,83,229,3.11,1,9.24,0.0
2024-04-13 16:21:27,230,183,1.85,1,8.66,2.75
2024-04-06 00:13:49,137,204,1.61,1,7.02,2.75
2024-04-03 12:12:30,27,111,3.87,1,16.29,2.75
2024-04-02 09:29:52,177,68,5.98,1,19.33,2.75
2024-04-03 17:00:00,207,38,2.55,1,9.79,2.75
2024-04-04 17:28:57,213,198,2.88,1,13.8,0.0
2024-04-05 09:27:33,37,92,4.19,1,17.76,2.75
2024-04-13 20:22:58,179,243,0.97,1,3.0,2.75
2024-04-27 14:57:49,160,116,6.67,2,19.56,2.75
2024-04-03 17:51:09,12,95,6.85,1,25.86,2.75
2024-04-07 13:21:50,169,213,3.23,1,14.52,2.75
2024-04-15 22:34:54,80,246,1.23,1,7.81,2.75
2024-04-19 23:03:17,14,173,2.93,1,11.08,2.75
2024-04-09 04:41:32,54,79,0.89,1,5.12,2.75
2024-04-13 16:59:56,254,149,5.54,1,16.19,2.75
2024-04-07 22:36:32,65,226,1.8,1,7.03,2.75
2024-04-19 05:35:26,58,118,1.8,1,9.69,2.75
2024-04-28 09:59:16,96,73,10.65,1,34.22,2.75
2024-04-08 05:13:27,21,6,2.42,1,11.61,0.0
2024-04-08 16:37:15,260,22,5.96,2,22.49,2.75
2024-04-24 20:18:13,73,179,4.05,3,16.57,2.75
2024-04-25 06:27:16,248,196,1.83,1,8.89,2.75
2024-04-08 17:43:49,127,109,0.96,1,4.84,0.0
2024-04-20 16:54:17,46,185,6.09,2,21.24,2.75
2024-04-14 13:20:48,128,55,5.53,1,17.11,0.0
2024-04-17 00:20:40,30,229,1.15,1,3.0,0.0
2024-04-06 22:45:53,94,19,1.5,1,7.4,2.75
2024-04-22 11:59:21,224,216,5.59,4,18.08,2.75
2024-04-30 02:32:14,100,48,14.89,1,45.8,2.75
2024-04-01 12:13:56,71,160,6.99,2,23.14,2.75
2024-04-14 20:30:17,81,96,4.53,5,17.85,2.75
2024-04-26 22:13:39,108,30,9.15,2,32.29,2.75
2024-04-05 06:35:49,102,121,1.68,1,5.67,2.75
2024-04-08 22:25:03,91,190,0.53,1,8.02,2.75
2024-04-05 21:24:01,16,152,1.85,1,8.86,0.0
2024-04-23 06:13:37,110,255,13.01,1,42.63,2.75
2024-04-04 21:41:23,263,191,7.98,1,24.48,2.75
2024-04-19 06:23:52,160,142,0.68,1,4.44,2.75
2024-04-07 17:58:37,253,246,2.94,1,11.12,2.75
2024-04-05 12:39:40,89,34,0.79,1,3.0,2.75
2024-04-18 09:14:46,95,187,5.95,2,20.27,0.0
2024-04-08 08:01:58,247,86,2.13,1,10.49,2.75
2024-04-29 21:52:14,206,161,9.0,1,28.44,0.0
2024-04-25 09:57:38,248,118,0.7,1,3.09,2.75
2024-04-07 16:35:10,67,111,5.13,2,20.02,2.75
2024-04-01 06:40:42,46,58,2.28,1,9.73,2.75
2024-04-05 17:25:02,43,18,1.59,1,7.14,2.75
2024-04-09 15:36:50,229,140,3.05,1,11.98,0.0
2024-04-02 17:29:55,234,194,2.83,1,12.13,2.75
2024-04-11 19:56:23,199,130,2.0,1,10.24,2.75
2024-04-16 17:08:39,32,212,4.16,2,16.98,0.0
2024-04-25 23:58:52,113,120,4.29,1,16.23,0.0
2024-04-21 10:25:20,146,42,0.78,2,7.43,2.75
2024-04-23 13:06:50,6,3,3.67,3,9.87,2.75
2024-04-18 06:26:57,108,229,4.84,3,19.21,2.75
2024-04-21 03:51:28,260,229,0.78,1,4.43,2.75
2024-04-21 03:46:39,71,141,4.27,1,13.0,2.75
2024-04-02 09:53:39,162,57,6.2,3,23.21,0.0
2024-04-05 07:17:32,100,216,6.74,1,22.82,2.75
2024-04-21 10:21:57,33,131,0.65,1,6.33,2.75
2024-04-03 01:43:21,143,114,4.68,1,16.06,0.0
2024-04-08 22:08:14,244,191,6.08,2,21.47,2.75
2024-04-07 20:55:31,224,243,2.27,1,9.01,0.0
2024-04-28 23:20:26,214,28,3.24,3,12.28,2.75
2024-04-08 15:23:07,120,26,1.58,3,6.11,0.0
2024-04-02 02:42:23,168,84,1.8,1,5.54,2.75
2024-04-02 16:12:51,217,202,2.94,2,9.28,2.75
2024-04-12 19:25:32,217,61,1.07,1,6.18,2.75
2024-04-19 00:01:29,54,185,2.12,1,7.77,2.75
2024-04-12 16:15:23,208,246,1.76,2,8.88,0.0
2024-04-22 01:48:28,80,1,1.45,1,6.59,2.75
2024-04-08 15:31:13,151,243,2.82,1,10.02,0.0
2024-04-20 21:05:34,55,32,6.89,1,26.67,0.0
2024-04-02 06:56:02,5,235,1.47,1,5.69,2.75
2024-04-16 12:05:27,35,17,4.27,1,15.67,2.75
2024-04-24 13:41:43,119,89,1.53,1,10.57,2.75
2024-04-03 00:58:18,197,52,1.04,1,7.49,2.75
2024-04-06 11:28:08,54,164,10.55,3,34.78,2.75
2024-04-28 08:20:54,259,32,4.01,3,13.16,2.75
2024-04-28 21:16:49,262,198,0.89,1,3.0,2.75
2024-04-22 20:26:47,2,201,4.0,1,9.31,2.75
2024-04-21 08:50:14,82,107,1.18,1,5.27,2.75
2024-04-21 03:05:22,5,28,8.16,1,30.43,0.0
2024-04-09 23:21:32,174,119,1.5,1,5.46,2.75
2024-04-28 00:14:07,139,31,6.25,1,19.22,2.75
2024-04-28 12:42:05,193,154,1.28,5,5.86,2.75
2024-04-23 02:36:57,138,260,3.36,1,12.85,0.0
2024-04-19 12:39:01,116,107,9.02,1,30.12,2.75
2024-04-03 04:31:13,44,251,1.73,2,10.01,2.75
2024-04-05 03:48:01,219,107,0.8,1,3.15,2.75
2024-04-03 13:01:47,56,117,3.31,1,14.97,2.75
2024-04-28 01:33:21,242,245,1.16,1,7.28,2.75
2024-04-13 13:33:30,258,79,5.06,1,16.49,2.75
2024-04-02 23:36:29,1,229,3.63,1,11.56,2.75
2024-04-13 06:12:45,103,23,1.99,4,5.82,2.75
2024-04-13 19:09:57,149,197,4.78,1,19.17,2.75
2024-04-10 13:26:03,84,188,1.45,1,6.23,2.75
2024-04-07 16:08:35,26,217,9.21,3,29.51,2.75
2024-04-28 08:14:20,175,247,1.99,1,8.96,2.75
2024-04-02 01:51:18,223,154,5.54,1,16.9,2.75
2024-04-24 17:27:33,129,195,1.55,1,10.19,2.75
2024-04-10 13:54:39,142,116,4.89,1,17.83,2.75
2024-04-09 18:56:41,135,196,0.61,1,4.93,2.75
2024-04-23 23:34:41,55,55,1.73,2,7.5,0.0
2024-04-24 20:14:06,56,175,0.84,2,3.0,2.75
2024-04-30 15:38:33,76,144,2.6,1,12.42,2.75
2024-04-22 01:20:31,132,217,2.5,1,14.54,2.75
2024-04-11 17:28:41,42,257,2.06,4,6.98,2.75
2024-04-18 22:21:57,110,127,14.4,1,43.85,2.75
2024-04-01 18:56:47,70,173,1.48,1,5.24,2.75
2024-04-29 03:22:31,126,94,5.98,1,18.98,2.75
2024-04-11 06:51:38,179,219,2.58,1,13.16,2.75
2024-04-26 13:29:38,197,52,1.93,1,6.26,2.75
2024-04-19 01:14:17,261,19,1.3,1,11.12,0.0
2024-04-26 19:59:06,101,237,4.01,3,18.27,2.75
2024-04-21 04:26:07,61,171,1.92,1,9.87,0.0
2024-04-07 07:35:26,183,160,6.37,1,22.81,0.0
2024-04-25 18:43:28,9,240,12.6,1,42.06,2.75
2024-04-06 02:50:44,206,65,1.4,1,5.63,2.75
2024-04-10 16:18:29,54,217,0.98,1,3.16,2.75
2024-04-06 16:23:19,180,47,1.83,1,8.26,2.75
2024-04-08 03:36:02,104,74,2.7,1,7.91,2.75
2024-04-24 05:22:29,126,164,1.75,1,6.29,2.75
2024-04-29 06:27:12,34,198,12.83,1,42.56,0.0
2024-04-21 16:40:53,165,148,5.79,1,20.72,0.0
2024-04-05 17:10:07,118,86,12.35,1,42.38,2.75
2024-04-11 01:59:18,92,9,2.14,1,8.36,2.75
2024-04-16 02:01:46,100,253,1.77,1,11.37,2.75
2024-04-15 23:48:28,87,232,2.33,2,8.19,2.75
2024-04-05 20:50:02,234,247,3.09,1,13.61,2.75
2024-04-19 20:07:30,124,1,5.24,1,18.57,2.75
2024-04-28 11:10:00,203,105,7.95,1,28.58,2.75
2024-04-01 15:43:55,32,234,2.68,4,9.1,2.75
2024-04-17 05:17:10,39,257,1.69,1,9.36,2.75
2024-04-28 02:52:16,94,81,1.84,1,8.99,2.75
2024-04-16 21:35:13,10,123,4.68,1,14.85,2.75
2024-04-14 10:35:28,215,172,3.43,1,17.34,2.75
2024-04-03 15:29:44,100,247,2.83,1,10.78,2.75
2024-04-26 19:27:18,244,194,1.29,1,8.11,2.75
2024-04-14 01:05:13,58,112,7.79,1,27.15,2.75
2024-04-20 21:54:04,19,23,5.82,2,17.55,2.75
2024-04-01 23:39:26,117,202,1.03,1,7.59,2.75
2024-04-29 14:56:46,136,106,2.1,1,6.46,2.75
2024-04-28 20:13:51,13,94,3.23,2,11.4,2.75
2024-04-11 00:04:45,101,25,2.62,1,11.08,2.75
2024-04-04 10:44:43,155,145,2.28,1,9.49,0.0
2024-04-02 21:17:32,82,19,4.94,1,18.62,2.75
2024-04-09 18:01:19,88,210,0.7,1,3.0,2.75
2024-04-23 05:20:24,105,82,2.73,1,7.89,2.75
2024-04-17 16:56:41,130,46,1.56,1,8.58,2.75
2024-04-26 00:56:45,14,35,0.81,3,4.64,2.75
2024-04-30 19:30:49,128,202,2.69,2,11.34,2.75
2024-04-08 02:56:56,60,23,1.16,1,6.9,2.75
2024-04-27 03:17:13,227,187,1.55,2,5.25,0.0
2024-04-14 17:33:50,17,190,2.98,2,8.91,2.75
2024-04-30 02:58:21,45,240,13.23,1,43.81,2.75
2024-04-23 03:09:22,38,127,4.53,1,14.76,0.0
2024-04-21 14:23:30,124,111,1.65,3,7.99,2.75
2024-04-14 10:25:14,64,43,2.19,1,8.95,2.75
2024-04-04 14:55:16,253,134,2.32,1,7.31,0.0
2024-04-01 11:09:09,262,13,1.08,1,4.86,0.0
2024-04-05 00:54:04,112,11,1.11,1,7.99,0.0
2024-04-02 11:40:47,102,102,1.06,1,6.18,0.0
2024-04-30 14:47:25,49,197,3.08,2,11.21,0.0
2024-04-13 04:51:11,227,55,4.43,1,16.73,2.75
2024-04-19 15:47:13,23,183,3.63,1,16.29,2.75
2024-04-08 21:08:33,185,19,13.82,1,44.07,2.75
2024-04-17 08:54:34,64,262,0.97,1,9.8,0.0
2024-04-05 02:03:59,157,9,15.56,1,49.98,2.75
2024-04-16 18:10:25,149,148,2.7,3,10.16,2.75
2024-04-27 12:09:06,169,25,1.36,1,7.48,2.75
2024-04-17 12:13:40,133,72,10.54,1,38.81,0.0
2024-04-13 03:47:37,132,57,2.71,2,13.54,2.75
2024-04-24 05:07:27,197,22,1.99,1,5.8,2.75
2024-04-28 20:31:01,135,36,1.34,1,3.67,0.0
2024-04-19 04:02:00,35,179,1.59,1,6.86,0.0
2024-04-14 01:16:27,220,68,14.06,1,49.25,2.75
2024-04-12 10:20:26,185,1,1.77,1,8.28,2.75
2024-04-11 21:12:15,5,48,13.83,2,42.7,2.75
2024-04-23 09:40:57,71,152,1.9,1,12.41,2.75
2024-04-23 22:42:19,241,197,1.42,1,8.9,2.75
2024-04-12 02:37:00,193,58,1.21,3,5.63,2.75
2024-04-09 07:57:26,168,48,2.36,1,8.49,2.75
2024-04-20 18:56:53,236,234,1.45,2,8.95,2.75
2024-04-13 14:15:29,248,188,4.68,3,14.72,2.75
2024-04-19 00:12:09,165,114,1.46,1,5.96,2.75
2024-04-11 12:33:30,71,90,6.81,1,23.29,2.75
2024-04-23 14:13:46,231,169,6.79,1,21.97,2.75
2024-04-01 09:06:06,55,177,1.68,1,5.81,2.75
2024-04-24 16:20:23,182,192,5.4,1,19.51,2.75
2024-04-07 10:21:50,22,133,7.32,1,24.85,2.75
2024-04-25 05:56:06,105,172,3.62,1,13.91,2.75
2024-04-04 04:12:29,175,18,2.1,1,4.86,2.75
2024-04-06 13:16:46,39,251,2.54,1,12.4,2.75
2024-04-22 00:16:59,60,112,5.9,1,16.44,0.0
2024-04-17 21:37:15,212,40,1.72,1,8.32,0.0
2024-04-17 21:05:16,155,102,1.93,1,12.9,0.0
2024-04-17 12:26:37,173,174,1.11,1,7.69,2.75
2024-04-13 11:06:18,23,196,2.28,1,8.8,2.75
2024-04-06 02:02:38,240,72,0.82,3,3.97,2.75
2024-04-09 12:55:44,209,182,1.86,1,7.89,2.75
2024-04-25 12:20:07,122,241,2.14,1,11.27,2.75
2024-04-30 19:01:55,253,113,1.53,1,8.34,2.75
2024-04-04 14:29:45,141,163,0.87,2,5.2,2.75
2024-04-27 20:30:20,153,39,3.08,2,13.83,2.75
2024-04-24 21:12:14,214,235,7.51,2,22.47,0.0
2024-04-29 09:32:59,48,71,1.93,1,7.14,0.0
2024-04-11 19:17:56,17,219,1.45,3,5.87,2.75
2024-04-26 16:55:57,69,5,1.67,3,9.77,0.0
2024-04-23 07:47:34,85,241,7.43,2,25.34,2.75
2024-04-10 08:49:19,208,165,3.13,2,16.85,2.75
2024-04-26 14:40:09,40,1,0.99,2,7.14,0.0
2024-04-26 11:33:00,96,184,4.82,1,15.58,2.75
2024-04-26 16:26:27,250,8,1.09,4,7.72,2.75
2024-04-18 07:02:19,136,108,0.72,1,3.29,2.75
2024-04-15 19:22:36,73,185,1.53,1,6.27,0.0
2024-04-21 17:15:46,169,154,1.14,1,5.76,2.75
2024-04-01 19:18:38,198,34,3.75,1,14.41,2.75
2024-04-03 00:59:15,106,22,2.82,2,11.4,2.75
2024-04-23 04:18:54,101,148,5.01,1,17.97,0.0
2024-04-02 09:24:03,235,151,3.01,1,9.58,0.0
2024-04-12 15:49:38,106,67,2.4,1,9.69,0.0
2024-04-22 09:15:56,35,78,3.11,1,12.45,2.75
2024-04-29 20:37:40,157,232,2.5,1,11.73,2.75
2024-04-25 12:50:44,240,39,0.63,1,3.46,2.75
2024-04-20 15:36:58,207,165,4.5,1,10.5,0.0
2024-04-29 19:28:51,245,99,11.96,1,40.62,2.75
2024-04-27 20:03:40,93,129,2.42,1,10.9,2.75
2024-04-26 04:48:24,109,19,2.43,1,7.12,2.75
2024-04-30 15:20:37,114,1,0.66,1,3.0,0.0
2024-04-25 07:38:41,24,180,8.24,2,28.54,2.75
2024-04-13 13:11:49,252,256,9.76,1,31.18,0.0
2024-04-29 02:45:51,209,174,6.37,1,18.77,2.75
2024-04-01 11:35:43,55,50,0.89,3,3.04,0.0
2024-04-20 17:04:17,27,20,8.57,1,27.93,0.0
2024-04-02 23:29:08,2,105,0.58,5,3.0,2.75
2024-04-11 08:17:57,68,190,2.56,1,9.18,2.75
2024-04-25 12:11:15,148,239,2.93,1,11.44,0.0
2024-04-16 08:39:08,130,43,6.79,1,24.96,0.0
2024-04-06 19:23:13,83,5,5.36,4,19.73,0.0
2024-04-04 18:38:04,42,248,6.08,1,21.19,2.75
2024-04-22 04:25:14,156,66,7.58,1,28.07,2.75
2024-04-23 05:00:37,157,251,2.76,1,8.9,0.0
2024-04-04 02:35:08,107,128,5.8,2,19.78,0.0
2024-04-05 12:36:51,188,185,0.75,1,3.54,2.75
2024-04-18 02:19:01,105,188,2.56,1,9.91,0.0
2024-04-20 17:30:27,112,183,0.61,1,4.24,2.75
2024-04-10 01:17:39,133,71,9.14,1,28.64,2.75
2024-04-20 07:27:42,110,66,11.63,1,36.64,2.75
2024-04-21 11:46:43,73,250,0.81,3,6.27,2.75
2024-04-03 01:09:28,143,155,3.16,1,11.76,2.75
2024-04-25 22:23:34,260,79,1.88,1,3.0,2.75
2024-04-09 12:12:02,245,19,1.97,1,9.8,2.75
2024-04-15 18:34:45,155,45,2.6,1,11.39,2.75
2024-04-06 20:49:55,149,262,0.97,4,3.0,2.75
2024-04-26 07:04:14,60,222,1.2,1,9.14,2.75
2024-04-24 22:23:10,86,129,3.51,5,12.53,2.75
2024-04-24 23:45:23,192,106,0.57,3,6.23,0.0
2024-04-12 23:00:24,182,251,3.71,5,13.71,0.0
2024-04-07 13:07:15,255,121,1.84,4,7.05,2.75
2024-04-07 02:30:09,7,230,6.75,3,23.53,2.75
2024-04-26 05:49:05,126,227,3.71,2,12.58,2.75
2024-04-19 12:43:48,83,138,4.81,2,16.62,0.0
2024-04-04 07:53:55,28,173,0.93,4,3.0,0.0
2024-04-07 18:05:10,251,215,1.58,5,6.63,2.75
2024-04-07 02:40:36,188,228,20.47,4,61.44,2.75
2024-04-19 12:16:57,69,107,2.49,1,9.96,2.75
2024-04-07 18:24:28,99,159,2.06,3,9.69,2.75
2024-04-25 18:51:23,193,136,7.75,1,25.86,2.75
2024-04-09 16:43:13,227,251,0.62,1,6.22,0.0
2024-04-20 14:24:41,182,30,3.18,2,16.0,2.75
2024-04-10 13:26:32,93,98,1.33,2,6.27,2.75
2024-04-07 22:43:18,143,97,2.11,2,8.98,2.75
2024-04-05 14:31:31,203,257,1.28,2,5.03,2.75
2024-04-06 18:56:41,132,11,0.63,1,3.0,2.75
2024-04-13 01:19:26,134,168,2.39,1,9.94,2.75
2024-04-13 02:14:23,179,211,5.95,1,21.71,2.75
2024-04-13 06:04:04,186,172,11.12,1,35.9,0.0
2024-04-11 06:26:38,18,120,3.92,4,12.62,2.75
2024-04-19 17:48:02,97,185,2.22,2,7.22,2.75
2024-04-22 05:48:15,34,39,5.64,1,16.89,2.75
2024-04-13 09:28:33,187,257,2.96,1,11.17,2.75
2024-04-03 20:47:47,111,230,2.1,1,6.8,2.75
2024-04-08 14:22:01,247,115,1.19,1,8.39,0.0
2024-04-11 06:24:59,71,91,6.07,1,22.22,2.75
2024-04-17 05:06:31,212,61,2.93,1,13.39,2.75
2024-04-17 09:40:31,108,103,12.12,1,41.41,2.75
2024-04-18 17:19:41,177,215,6.17,1,20.25,2.75
2024-04-05 17:19:34,228,102,2.41,1,11.4,0.0
2024-04-02 13:00:48,19,143,5.23,2,17.68,2.75
2024-04-14 07:58:02,248,90,2.61,2,9.84,0.0
2024-04-27 04:17:58,209,118,0.79,3,4.47,2.75
2024-04-11 22:15:31,216,139,3.04,2,9.98,0.0
2024-04-29 14:28:41,201,240,7.53,1,24.81,2.75
2024-04-09 02:31:10,257,136,7.27,1,24.06,2.75
2024-04-02 01:06:57,106,5,3.49,5,14.31,0.0
2024-04-05 23:03:58,121,209,2.17,3,8.57,0.0
2024-04-13 06:36:00,245,87,0.54,1,3.03,0.0
2024-04-14 04:04:48,66,121,1.81,1,9.31,0.0
2024-04-03 05:27:38,228,245,16.55,1,50.34,2.75
2024-04-07 01:43:28,137,90,5.04,1,17.35,2.75
2024-04-18 18:39:23,194,140,4.93,1,18.61,0.0
2024-04-23 06:23:02,194,112,5.51,1,20.68,2.75
2024-04-05 19:18:25,146,240,3.89,3,16.8,2.75
2024-04-17 07:19:51,145,143,3.59,5,14.07,2.75
2024-04-16 02:07:39,72,207,2.62,1,10.59,2.75
2024-04-23 21:07:30,192,119,2.55,1,13.33,2.75
2024-04-25 18:08:49,44,84,7.66,1,23.82,0.0
2024-04-01 12:50:50,157,251,2.25,1,10.82,0.0
2024-04-11 07:36:12,16,163,6.92,1,23.52,2.75
2024-04-16 15:14:10,78,142,6.86,1,18.77,2.75
2024-04-06 11:59:07,52,31,5.66,2,22.68,2.75
2024-04-21 07:01:22,2,91,0.63,1,3.0,2.75
2024-04-25 10:46:08,232,128,1.06,3,11.38,2.75
2024-04-29 06:44:05,61,36,1.82,2,8.27,2.75
2024-04-11 03:25:36,132,213,7.08,1,21.83,2.75
2024-04-26 22:53:53,52,233,7.73,1,27.29,0.0
2024-04-09 03:30:03,180,228,0.65,1,3.68,2.75
2024-04-19 09:04:53,31,237,1.87,2,8.24,2.75
2024-04-18 11:16:45,155,21,7.15,2,25.06,2.75
2024-04-09 12:06:43,121,96,1.51,1,7.25,0.0
2024-04-27 10:47:01,51,51,13.55,1,43.18,2.75
2024-04-02 07:47:36,95,62,2.85,1,10.05,2.75
2024-04-10 22:00:41,176,153,10.19,1,28.76,2.75
2024-04-29 16:50:40,11,224,2.46,2,10.66,0.0
2024-04-17 09:54:20,12,142,1.87,2,9.24,2.75
2024-04-01 09:23:03,45,41,2.08,5,12.85,0.0
2024-04-01 09:29:12,205,166,8.05,1,28.32,2.75
2024-04-06 03:31:58,219,190,1.91,1,6.19,2.75
2024-04-19 12:59:16,256,45,4.37,3,11.52,2.75
2024-04-02 17:18:45,248,208,2.72,1,6.0,2.75
2024-04-06 16:26:55,21,96,10.45,1,33.95,2.75
2024-04-21 20:58:20,41,235,1.11,1,7.08,0.0
2024-04-27 06:11:33,195,207,2.46,1,10.73,2.75
2024-04-11 12:13:37,71,26,0.97,1,6.07,0.0
2024-04-04 17:24:58,73,207,3.52,1,15.83,2.75
2024-04-08 22:22:18,199,141,2.3,1,10.18,2.75
2024-04-25 18:32:01,76,87,0.72,1,3.0,0.0
2024-04-01 15:12:25,146,98,7.14,1,22.8,2.75
2024-04-20 11:30:32,13,23,2.15,1,9.87,2.75
2024-04-08 09:17:53,129,250,2.88,3,11.56,0.0
2024-04-13 00:25:47,230,250,2.33,1,9.41,2.75
2024-04-21 08:58:48,85,148,2.85,1,10.12,2.75
2024-04-25 12:23:39,162,54,0.56,1,3.0,2.75
2024-04-25 20:43:05,51,39,6.41,5,25.1,2.75
2024-04-01 12:34:16,215,218,1.91,1,6.39,2.75
2024-04-28 01:03:27,1,237,5.01,1,16.36,0.0
2024-04-06 19:31:04,123,225,0.73,1,4.8,0.0
2024-04-11 21:01:35,200,144,3.1,1,12.54,0.0
2024-04-26 06:39:15,183,211,8.88,2,29.62,2.75
2024-04-15 11:53:10,216,154,2.28,1,6.14,2.75
2024-04-26 15:33:15,240,259,1.27,1,7.06,2.75
2024-04-06 13:16:49,68,227,0.87,1,7.35,0.0
2024-04-15 14:19:39,82,82,7.36,1,25.13,2.75
2024-04-21 10:56:53,142,88,1.46,3,11.02,2.75
2024-04-02 16:04:42,41,4,13.42,1,45.62,0.0
2024-04-30 18:54:57,239,173,1.5,1,6.34,2.75
2024-04-23 19:34:37,3,32,2.8,1,9.86,2.75
2024-04-22 00:56:33,94,234,2.64,1,8.41,2.75
2024-04-16 15:36:46,59,226,0.72,1,4.77,0.0
2024-04-11 22:25:40,228,206,3.16,5,12.69,2.75
2024-04-23 00:31:56,18,102,4.41,1,18.11,2.75
2024-04-14 10:13:58,239,58,5.24,4,18.21,0.0
2024-04-14 20:18:31,74,150,3.09,1,10.26,2.75
2024-04-23 07:34:44,169,252,6.36,1,23.85,2.75
2024-04-03 21:22:17,160,44,5.38,1,16.32,0.0
2024-04-02 15:29:17,169,30,1.25,3,7.18,2.75
2024-04-17 05:01:05,206,12,2.3,2,9.85,2.75
2024-04-27 11:21:59,9,14,1.04,3,5.87,0.0
2024-04-07 20:56:45,115,45,1.0,1,4.97,0.0
2024-04-20 23:11:29,152,200,4.86,1,19.51,0.0
2024-04-14 17:08:15,87,24,3.15,1,12.66,2.75
2024-04-17 22:16:43,95,251,3.72,1,14.55,0.0
2024-04-15 18:10:29,231,119,5.11,2,19.25,2.75
2024-04-02 13:57:25,186,78,1.64,1,4.63,2.75
2024-04-13 01:28:12,114,242,2.3,1,7.32,0.0
2024-04-20 02:55:31,29,203,3.77,2,12.28,2.75
2024-04-14 17:40:37,203,237,0.86,4,5.25,2.75
2024-04-04 23:03:41,2,87,6.77,3,21.15,2.75
2024-04-30 07:53:34,78,210,1.97,1,6.86,0.0
2024-04-29 04:38:39,231,97,4.26,1,14.87,2.75
2024-04-14 15:39:40,98,2,19.46,4,62.84,2.75
2024-04-01 14:54:47,117,229,2.76,1,12.7,2.75
2024-04-10 21:25:44,110,243,1.35,1,7.84,2.75
2024-04-14 09:09:51,167,258,1.35,1,7.73,0.0
2024-04-29 19:44:32,87,42,0.72,1,4.67,0.0
2024-04-12 07:58:11,22,213,5.6,1,19.86,2.75
2024-04-07 23:54:13,210,3,1.72,1,7.72,2.75
2024-04-07 17:41:51,139,16,1.16,1,6.24,2.75
2024-04-24 14:34:20,232,102,4.88,2,17.63,0.0
2024-04-24 08:57:30,233,77,1.79,1,7.3,2.75
2024-04-06 20:42:34,80,202,3.71,3,9.71,0.0
2024-04-23 19:32:20,55,55,2.39,1,11.11,2.75
2024-04-24 17:56:29,34,209,1.92,1,8.49,2.75
2024-04-14 01:05:09,252,81,2.85,5,7.87,2.75
2024-04-03 18:40:11,125,244,1.82,1,9.42,2.75
2024-04-15 07:51:43,11,235,7.66,1,26.22,0.0
2024-04-18 23:35:44,122,114,0.77,3,3.0,2.75
2024-04-01 20:11:24,35,67,0.61,3,7.85,2.75
2024-04-18 08:18:30,69,40,2.33,1,9.38,0.0
2024-04-21 16:43:40,139,221,1.16,1,10.59,0.0
2024-04-15 15:26:37,12,103,5.27,1,20.62,0.0
2024-04-22 04:24:48,125,53,2.03,1,11.81,2.75
2024-04-24 01:08:56,147,52,1.56,2,7.29,2.75
2024-04-22 07:34:06,77,37,2.06,2,9.1,2.75
2024-04-19 14:10:41,68,67,1.37,1,7.94,2.75
2024-04-19 11:24:06,206,162,1.75,1,8.4,2.75
2024-04-22 01:20:39,236,206,3.44,1,14.18,0.0
2024-04-09 05:37:03,59,52,7.48,3,24.8,0.0
2024-04-27 01:10:18,258,209,2.12,1,5.43,2.75
2024-04-03 17:05:18,254,2,1.85,2,7.18,2.75
2024-04-29 14:05:30,243,129,5.83,2,20.92,0.0
2024-04-02 12:38:56,220,178,0.58,3,5.01,2.75
2024-04-12 02:02:06,225,164,1.76,5,11.78,2.75
2024-04-23 21:55:46,101,22,2.61,5,9.63,2.75
2024-04-08 11:59:12,122,227,3.71,1,14.42,2.75
2024-04-29 14:06:10,218,82,1.09,1,7.17,2.75
2024-04-11 01:11:17,75,164,2.48,2,10.91,0.0
2024-04-16 00:09:33,237,3,3.42,2,11.19,2.75
2024-04-13 22:36:06,240,172,3.0,2,12.39,0.0
2024-04-29 01:49:27,165,118,3.49,1,11.01,0.0
2024-04-30 20:18:02,157,144,4.3,1,14.53,2.75
2024-04-19 02:32:51,211,252,2.17,1,8.68,0.0
2024-04-16 16:06:58,216,170,0.73,1,4.34,0.0
2024-04-18 10:01:40,218,213,0.7,1,3.0,2.75
2024-04-19 18:29:48,233,227,7.35,2,24.48,2.75
2024-04-05 17:52:05,12,262,4.46,1,16.14,2.75
2024-04-03 05:18:16,83,255,5.56,1,19.65,0.0
2024-04-13 14:31:58,113,8,9.75,2,31.24,2.75
2024-04-05 18:51:01,195,41,5.36,3,22.53,2.75
2024-04-13 12:55:29,141,257,4.63,2,16.76,2.75
2024-04-28 13:16:52,124,131,4.23,1,14.34,2.75
2024-04-03 16:59:39,141,52,1.55,1,7.78,2.75
2024-04-08 01:09:46,208,102,11.54,2,35.85,2.75
2024-04-04 05:15:04,115,219,3.23,2,14.12,2.75
2024-04-13 11:49:27,206,244,1.38,1,7.66,0.0
2024-04-12 20:47:50,149,70,1.32,1,9.69,2.75
2024-04-28 14:21:52,210,47,6.41,1,23.73,0.0
2024-04-24 03:09:07,112,117,1.51,1,10.03,2.75
2024-04-16 21:59:07,142,78,0.65,1,3.0,0.0
2024-04-07 21:59:38,24,5,2.46,1,7.84,2.75
2024-04-02 13:32:30,49,254,6.45,1,23.26,0.0
2024-04-12 12:38:13,11,107,2.37,1,8.45,2.75
2024-04-22 06:50:50,188,244,6.2,1,24.17,0.0
2024-04-29 10:00:57,68,173,6.64,1,21.94,2.75
2024-04-19 23:49:35,90,36,7.32,1,26.71,2.75
2024-04-23 10:54:26,110,173,3.61,2,14.3,2.75
2024-04-04 23:19:10,164,180,4.71,1,16.46,2.75
2024-04-18 21:27:44,206,255,1.56,2,5.79,0.0
2024-04-10 00:24:51,32,73,0.87,1,5.76,2.75
2024-04-28 09:26:29,74,57,3.16,1,11.64,0.0
2024-04-26 01:53:11,251,66,0.54,2,3.0,2.75
2024-04-16 19:11:43,21,132,2.69,2,7.74,2.75
2024-04-20 18:08:50,73,260,0.88,1,5.33,2.75
2024-04-21 12:33:36,41,124,0.9,2,7.18,2.75
2024-04-28 20:28:50,94,92,7.66,1,26.06,2.75
2024-04-12 03:59:55,132,141,4.08,1,16.19,0.0
2024-04-20 16:38:58,99,232,4.13,1,14.64,2.75
2024-04-30 21:33:56,53,70,2.31,1,7.85,2.75
2024-04-19 06:27:38,229,175,2.37,1,11.12,2.75
2024-04-21 22:42:51,128,86,1.76,1,7.31,2.75
2024-04-04 02:51:55,212,253,2.49,1,10.07,0.0
2024-04-19 18:02:59,159,30,3.6,1,14.78,2.75
2024-04-21 16:31:40,233,155,1.22,1,7.67,2.75
2024-04-27 23:07:52,71,200,1.56,1,7.39,2.75
2024-04-20 02:59:50,205,156,2.89,3,12.93,2.75
2024-04-08 18:39:46,189,245,2.2,3,10.18,2.75
2024-04-28 00:28:02,151,20,6.49,2,23.09,2.75
2024-04-02 14:18:20,8,203,6.53,2,24.79,2.75
2024-04-04 16:47:38,100,152,1.93,1,9.47,2.75
2024-04-06 18:59:24,16,77,2.6,1,13.96,0.0
2024-04-15 20:44:43,154,172,13.64,2,40.73,2.75
2024-04-18 23:31:33,157,250,6.65,1,20.64,2.75
2024-04-18 09:31:01,93,186,1.35,2,5.59,2.75
2024-04-06 22:31:06,262,128,1.65,1,5.32,2.75
2024-04-23 05:36:07,37,11,0.81,1,8.56,2.75
2024-04-28 07:55:31,161,242,4.46,2,19.07,2.75
2024-04-14 09:45:43,174,181,1.83,1,9.48,2.75
2024-04-30 07:05:13,18,195,3.19,1,12.79,0.0
2024-04-07 06:25:29,16,246,5.62,1,17.3,0.0
2024-04-02 18:50:26,68,100,6.83,1,23.94,2.75
2024-04-12 03:20:54,30,52,1.88,1,8.42,2.75
2024-04-30 23:09:30,225,75,1.45,1,8.57,2.75
2024-04-25 22:12:28,164,133,7.11,1,22.95,2.75
2024-04-18 20:03:39,14,256,2.18,1,10.19,0.0
2024-04-02 09:02:00,156,209,6.54,1,24.15,2.75
2024-04-05 16:55:47,122,143,1.07,1,7.55,0.0
2024-04-27 12:42:31,263,68,9.0,3,29.81,2.75
2024-04-20 04:51:30,170,54,2.81,2,13.66,0.0
2024-04-20 04:26:23,10,242,1.15,1,4.21,2.75
2024-04-01 17:30:14,172,47,3.18,1,12.6,2.75
2024-04-27 10:05:02,13,115,7.64,2,26.58,2.75
2024-04-20 20:43:10,213,196,2.23,1,9.19,0.0
2024-04-15 07:09:42,161,130,1.19,2,7.6,2.75
2024-04-18 00:26:53,232,45,3.51,1,15.1,2.75
2024-04-12 23:13:14,160,155,6.8,1,19.32,2.75
2024-04-04 22:03:05,127,82,0.95,1,8.45,2.75
2024-04-29 00:04:53,48,157,0.65,1,3.42,2.75
2024-04-05 03:06:18,261,25,0.7,3,6.96,2.75
2024-04-16 00:28:02,61,182,1.42,1,5.43,2.75
2024-04-18 20:03:57,122,174,0.53,1,5.09,2.75
2024-04-08 15:23:17,90,41,2.46,1,10.94,2.75
2024-04-18 17:30:17,255,49,4.69,1,16.27,2.75
2024-04-30 18:52:11,90,262,4.84,1,16.13,2.75
2024-04-24 13:55:12,3,244,4.04,3,20.42,2.75
2024-04-24 07:44:34,117,57,1.73,4,6.7,0.0
2024-04-18 14:27:51,98,6,5.16,1,21.0,2.75
2024-04-07 02:02:34,162,47,3.51,1,18.79,0.0
2024-04-05 00:07:10,82,63,7.41,1,24.07,2.75
2024-04-29 01:40:07,148,67,2.78,2,7.69,2.75
2024-04-21 20:41:42,6,183,1.2,1,6.13,2.75
2024-04-17 22:15:38,185,162,4.02,1,13.66,2.75
2024-04-26 07:06:14,252,105,1.07,1,7.1,2.75
2024-04-18 23:01:16,25,263,12.05,3,37.77,2.75
2024-04-24 11:00:19,41,57,4.75,1,16.39,2.75
2024-04-25 00:15:20,169,16,5.44,1,18.75,2.75
2024-04-12 18:08:11,3,59,4.48,5,13.57,2.75
2024-04-29 03:44:25,171,166,0.86,2,4.71,2.75
2024-04-20 07:49:31,57,250,2.69,1,10.44,2.75
2024-04-12 02:12:58,83,34,4.19,1,13.7,0.0
2024-04-09 11:32:02,179,46,1.41,4,7.44,0.0
2024-04-11 06:13:08,133,47,4.48,2,18.25,2.75
2024-04-21 17:36:36,86,252,6.5,1,21.54,2.75
2024-04-22 04:35:57,94,166,1.63,2,7.37,0.0
2024-04-18 01:45:59,250,132,1.28,1,5.84,2.75
2024-04-14 21:34:07,198,70,8.01,1,30.13,0.0
2024-04-12 23:15:04,79,60,0.52,3,3.0,2.75
2024-04-29 08:45:00,166,205,1.53,1,5.78,2.75
2024-04-10 18:29:16,39,238,2.33,1,8.44,0.0
2024-04-15 01:47:33,214,106,4.4,2,18.27,2.75
2024-04-15 18:58:00,131,184,20.91,1,67.97,2.75
2024-04-10 10:29:23,157,7,2.12,1,7.21,2.75
2024-04-22 08:18:18,159,31,10.9,1,36.84,0.0
2024-04-20 14:33:20,227,216,2.1,1,8.04,2.75
2024-04-17 02:16:38,45,126,4.66,1,13.77,0.0
2024-04-05 01:57:01,201,51,1.13,1,3.18,0.0
2024-04-30 17:50:49,22,190,2.66,1,10.21,2.75
2024-04-09 11:14:18,242,51,7.68,1,27.27,2.75
2024-04-08 22:24:53,229,232,1.85,1,8.14,0.0
2024-04-17 09:53:26,238,178,0.89,2,5.48,2.75
2024-04-30 19:30:57,149,158,3.09,1,8.25,2.75
2024-04-28 18:36:11,67,147,2.53,2,9.44,2.75
2024-04-29 10:11:58,7,251,1.41,1,6.26,2.75
2024-04-17 21:18:16,233,132,8.76,2,28.05,0.0
2024-04-26 12:25:25,256,237,3.72,2,11.71,2.75
2024-04-22 18:39:14,67,12,1.99,1,12.37,0.0
2024-04-28 09:18:24,250,143,19.94,3,63.55,2.75
2024-04-04 14:13:55,77,118,1.02,4,7.32,2.75
2024-04-02 20:01:17,87,61,7.09,2,24.04,2.75
2024-04-28 17:28:02,252,181,1.42,5,9.51,2.75
2024-04-14 21:27:55,222,29,1.46,1,5.07,2.75
2024-04-29 05:10:39,72,263,2.91,1,13.03,2.75
2024-04-12 17:59:57,202,200,4.3,3,13.11,2.75
2024-04-16 14:04:12,59,105,4.6,1,16.49,2.75
2024-04-30 01:38:52,221,79,0.58,1,4.34,2.75
2024-04-23 22:06:47,157,144,1.68,1,7.82,0.0
2024-04-23 13:21:28,181,199,4.28,1,15.45,0.0
2024-04-10 06:32:05,213,106,8.22,1,22.89,0.0
2024-04-28 14:55:37,129,89,4.38,1,14.92,0.0
2024-04-26 09:09:02,243,251,1.58,1,7.18,0.0
2024-04-11 19:10:44,172,152,2.98,1,10.52,2.75
2024-04-21 11:18:13,163,196,4.15,1,11.9,2.75
2024-04-24 01:06:01,24,126,1.01,2,4.9,2.75
2024-04-16 03:53:35,193,43,3.26,1,13.6,0.0
2024-04-13 06:25:26,129,173,2.73,1,13.77,0.0
2024-04-04 16:35:53,41,54,1.94,1,8.11,2.75
2024-04-02 04:18:14,31,253,3.92,1,13.86,0.0
2024-04-17 07:11:17,36,196,4.04,1,13.14,2.75
2024-04-30 07:40:00,253,217,12.95,1,44.52,0.0
2024-04-24 02:00:49,215,169,2.46,1,8.49,2.75
2024-04-19 13:43:12,256,222,3.15,1,11.34,2.75
2024-04-04 05:42:00,186,128,1.1,1,6.75,2.75
2024-04-13 03:22:46,61,16,3.28,1,14.29,2.75
2024-04-05 16:50:45,262,37,0.63,1,3.41,0.0
2024-04-01 06:14:50,111,225,1.07,1,5.35,2.75
2024-04-10 15:11:47,141,114,1.16,3,5.55,0.0
2024-04-25 04:27:12,233,22,4.0,4,11.82,2.75
2024-04-22 07:21:15,23,62,3.43,2,13.69,2.75
2024-04-08 00:05:08,79,182,6.1,1,19.61,2.75
2024-04-28 09:53:37,31,16,2.69,4,9.71,0.0
2024-04-01 00:25:39,4,137,2.75,1,11.43,2.75
2024-04-04 14:49:39,118,127,1.12,1,6.05,2.75
2024-04-26 00:18:37,66,86,5.25,1,21.8,2.75
2024-04-19 02:23:45,176,207,0.51,1,7.57,0.0
2024-04-14 06:26:15,123,151,2.44,1,12.74,0.0
2024-04-18 15:30:31,231,51,1.23,1,10.22,0.0
2024-04-14 19:04:50,43,231,5.66,1,22.7,0.0
2024-04-28 03:27:31,4,80,4.42,4,12.48,2.75
2024-04-12 22:07:45,190,131,4.79,5,17.98,2.75
2024-04-09 21:13:30,250,136,1.06,1,6.32,2.75
2024-04-21 22:07:22,144,170,4.37,1,16.16,2.75
2024-04-11 11:46:35,158,163,4.61,1,15.37,2.75
2024-04-22 05:51:55,65,199,0.51,3,3.0,2.75
2024-04-04 21:27:10,75,227,1.84,1,6.92,2.75
2024-04-08 16:05:14,29,48,0.82,1,3.61,2.75
2024-04-23 12:10:06,238,253,4.5,2,17.39,2.75
2024-04-08 01:38:44,153,103,1.33,1,5.92,2.75
2024-04-27 17:00:00,94,36,1.58,3,9.72,2.75
2024-04-12 05:31:18,237,6,0.79,1,8.43,2.75
2024-04-06 17:45:19,115,199,2.81,1,9.29,2.75
2024-04-13 11:13:29,219,12,0.62,2,3.0,0.0
2024-04-10 09:15:27,246,103,7.04,1,24.6,2.75
2024-04-27 17:33:28,32,187,0.59,1,5.48,2.75
2024-04-16 14:13:23,20,178,0.72,1,4.88,2.75
2024-04-29 14:47:57,53,171,4.08,1,12.42,2.75
2024-04-06 09:36:29,206,177,9.21,1,30.81,2.75
2024-04-28 16:49:25,219,89,8.29,1,26.94,2.75
2024-04-14 17:43:38,195,204,0.81,2,6.33,2.75
2024-04-20 14:12:17,195,211,1.69,1,7.12,2.75
2024-04-11 10:54:35,82,213,3.08,2,13.4,0.0
2024-04-27 05:49:17,1,21,0.59,1,5.94,2.75
2024-04-21 19:59:31,167,88,3.13,1,10.72,2.75
2024-04-14 05:52:17,183,13,2.58,1,11.72,2.75
2024-04-17 11:41:13,157,120,3.61,1,14.38,2.75
2024-04-23 09:26:30,201,178,9.35,1,30.22,2.75
2024-04-17 00:38:24,192,129,1.62,1,9.75,2.75
2024-04-07 15:24:41,76,51,4.07,3,12.16,0.0
2024-04-23 02:43:37,140,42,2.47,1,9.05,2.75
2024-04-12 18:54:14,196,95,2.5,1,12.33,2.75
2024-04-25 07:59:21,61,242,4.15,2,15.31,2.75
2024-04-20 16:06:04,83,61,11.08,1,35.47,2.75
2024-04-29 21:35:01,5,228,7.46,1,24.34,2.75
2024-04-20 04:57:41,219,18,4.07,1,13.12,0.0
2024-04-13 06:01:43,254,244,2.67,1,13.28,2.75
2024-04-08 10:13:41,88,47,2.43,2,10.16,2.75
2024-04-29 04:34:38,209,18,5.91,2,20.3,2.75
2024-04-26 21:09:17,180,201,1.36,1,8.78,0.0
2024-04-20 09:44:04,208,253,3.6,2,15.53,2.75
2024-04-19 16:12:40,65,192,2.96,1,11.84,2.75
2024-04-27 13:07:53,21,49,4.17,1,19.95,2.75
2024-04-06 04:56:04,177,94,1.23,1,3.43,2.75
2024-04-17 18:39:49,22,237,4.66,2,19.79,2.75
2024-04-29 22:05:14,36,222,3.95,1,15.32,2.75
2024-04-03 12:08:06,250,167,1.2,1,7.62,0.0
2024-04-05 22:34:48,149,254,2.59,1,7.82,2.75
2024-04-10 16:13:08,73,57,4.47,2,13.92,2.75
2024-04-11 12:49:15,91,6,8.62,1,28.15,0.0
2024-04-07 08:53:48,176,238,0.96,4,6.05,0.0
2024-04-04 01:08:48,126,221,0.53,1,4.74,2.75
2024-04-25 04:28:26,204,224,1.13,1,5.57,0.0
2024-04-18 02:04:45,246,78,16.37,1,50.35,0.0
2024-04-21 00:13:02,99,20,5.62,1,19.63,2.75
2024-04-02 06:56:01,44,204,3.84,1,10.4,2.75
2024-04-20 23:28:51,222,142,1.0,1,9.8,2.75
2024-04-05 14:19:32,97,80,2.38,5,9.33,2.75
2024-04-13 07:52:11,36,210,4.9,1,15.62,2.75
2024-04-08 02:44:33,168,256,8.42,2,26.32,0.0
2024-04-03 23:00:58,30,40,2.18,1,6.8,2.75
2024-04-18 06:04:01,85,202,28.77,1,90.89,2.75
2024-04-21 00:38:03,121,86,1.03,1,6.62,2.75
2024-04-09 17:28:05,248,43,2.21,1,8.89,2.75
2024-04-26 11:23:16,184,236,7.79,1,25.58,0.0
2024-04-14 04:38:17,253,70,4.17,3,14.21,2.75
2024-04-10 16:04:48,209,131,6.33,1,17.44,2.75
2024-04-21 11:03:07,24,132,8.84,1,30.58,2.75
2024-04-26 09:49:46,122,248,2.98,2,11.45,0.0
2024-04-30 18:24:30,225,155,1.44,1,8.02,2.75
2024-04-09 16:53:13,123,230,4.64,4,18.23,2.75
2024-04-09 09:32:51,173,89,3.4,1,14.8,2.75
2024-04-10 14:04:42,143,229,5.68,2,19.84,2.75
2024-04-06 11:02:41,169,27,3.01,1,11.81,0.0
2024-04-29 00:40:16,57,238,6.33,2,23.73,2.75
2024-04-20 22:16:33,42,175,8.63,1,28.18,2.75
2024-04-30 19:07:49,119,61,5.35,1,21.18,2.75
2024-04-15 17:06:49,121,170,5.26,1,20.45,2.75
2024-04-12 05:22:32,251,263,3.6,1,12.23,2.75
2024-04-04 16:19:02,182,116,2.73,1,9.32,0.0
2024-04-04 21:44:22,165,175,13.09,2,39.54,2.75
2024-04-17 09:01:46,210,221,4.13,2,16.68,2.75
2024-04-05 01:14:06,11,128,6.92,1,17.9,2.75
2024-04-05 21:09:33,182,5,2.96,1,6.06,0.0
2024-04-29 03:10:30,251,186,3.33,2,13.24,0.0
2024-04-30 16:38:51,138,172,4.31,2,12.42,2.75
2024-04-05 06:27:43,218,199,5.06,1,15.58,2.75
2024-04-16 20:05:28,239,231,2.58,2,10.6,2.75
2024-04-26 12:23:21,87,115,2.04,1,5.59,2.75
2024-04-14 07:50:04,92,11,1.46,5,4.19,2.75
2024-04-14 14:26:29,208,104,2.43,1,12.96,2.75
2024-04-01 20:01:35,204,175,1.33,2,7.28,2.75
2024-04-02 00:19:53,186,120,2.39,2,11.54,2.75
2024-04-09 00:00:52,85,237,7.77,1,24.62,2.75
2024-04-17 01:32:42,152,236,13.71,1,47.07,2.75
2024-04-11 10:41:13,156,38,3.51,1,6.87,2.75
2024-04-02 11:03:22,21,251,1.05,1,3.0,2.75
2024-04-26 04:05:58,161,27,2.45,1,6.4,2.75
2024-04-02 08:55:42,156,123,3.73,1,11.85,2.75
2024-04-17 09:39:18,143,156,2.12,1,11.22,0.0
2024-04-22 05:58:52,257,217,1.3,1,10.33,2.75
2024-04-14 23:02:06,107,194,1.4,1,6.98,0.0
2024-04-20 00:38:26,50,161,2.75,1,11.87,2.75
2024-04-06 06:30:33,35,128,1.35,1,3.0,0.0
2024-04-08 05:36:27,224,178,1.5,2,8.02,2.75
2024-04-02 01:02:20,156,126,7.72,1,24.33,0.0
2024-04-18 12:59:14,191,174,5.78,1,17.67,0.0
2024-04-19 08:10:45,184,35,0.7,1,3.74,2.75
2024-04-17 18:01:47,237,239,1.85,1,7.71,2.75
2024-04-17 12:41:18,58,41,3.16,1,14.55,2.75
2024-04-16 14:07:33,39,186,0.72,1,3.0,2.75
2024-04-14 06:23:24,241,183,4.52,1,13.99,0.0
2024-04-06 13:49:59,25,261,2.2,2,11.51,0.0
2024-04-14 21:21:58,117,34,2.27,4,6.81,0.0
2024-04-25 18:23:46,240,187,1.58,1,3.49,2.75
2024-04-26 17:58:44,175,137,1.92,1,12.97,2.75
2024-04-21 19:36:34,228,202,7.42,2,22.51,2.75
2024-04-28 15:38:47,253,143,5.94,1,19.99,0.0
2024-04-30 06:23:08,111,109,10.11,1,32.38,2.75
2024-04-22 22:33:38,241,157,4.7,1,19.37,0.0
2024-04-06 03:52:15,224,255,3.52,1,13.22,2.75
2024-04-13 18:00:27,52,181,1.55,1,7.78,2.75
2024-04-15 11:41:01,221,219,4.35,4,17.03,2.75
2024-04-13 21:28:20,152,28,8.78,1,30.52,2.75
2024-04-28 09:09:26,118,151,0.75,1,6.62,2.75
2024-04-18 11:16:30,135,100,2.55,1,12.89,2.75
2024-04-24 05:44:38,209,3,1.07,1,4.35,2.75
2024-04-06 23:48:53,127,33,6.32,1,19.55,2.75
2024-04-04 15:40:17,7,199,3.83,1,13.05,2.75
2024-04-21 21:07:33,222,69,7.91,1,24.71,0.0
2024-04-13 15:36:55,77,90,0.73,1,6.28,2.75
2024-04-25 03:43:44,227,17,8.77,3,24.69,0.0
2024-04-04 04:47:32,117,34,0.74,4,7.33,0.0
2024-04-02 01:26:03,157,60,1.69,1,8.52,0.0
2024-04-16 13:50:01,60,184,1.09,1,3.0,2.75
2024-04-18 06:29:35,184,199,1.05,2,5.72,0.0
2024-04-19 07:38:21,144,241,1.16,1,6.65,2.75
2024-04-09 18:58:15,161,232,2.79,1,12.65,2.75
2024-04-20 13:43:12,89,211,5.87,1,20.0,2.75
2024-04-02 22:38:16,16,52,8.5,5,28.0,2.75
2024-04-21 02:30:09,249,119,3.43,1,12.54,2.75
2024-04-30 03:04:27,98,215,1.1,1,8.07,2.75
2024-04-12 18:38:17,104,149,0.79,1,8.64,0.0
2024-04-01 08:21:03,235,176,2.89,1,11.77,2.75
2024-04-03 22:39:31,261,5,5.57,1,18.03,2.75
2024-04-26 10:55:18,239,116,3.89,1,14.93,2.75
2024-04-13 07:18:02,262,203,3.56,1,16.94,2.75
2024-04-15 17:53:09,115,37,0.67,4,4.53,2.75
2024-04-14 10:49:40,12,54,2.36,1,8.17,2.75
2024-04-05 20:54:48,73,86,3.3,3,15.6,2.75
2024-04-16 18:38:53,178,45,3.69,1,14.04,2.75
2024-04-16 02:08:12,260,70,0.52,4,4.27,2.75
2024-04-16 22:09:46,259,42,1.28,1,3.38,2.75
2024-04-03 04:51:25,120,141,10.97,1,35.64,2.75
2024-04-30 03:20:49,169,59,2.99,1,13.22,0.0
2024-04-26 14:12:10,68,240,4.76,1,15.78,2.75
2024-04-14 23:28:59,59,47,1.79,4,7.41,2.75
2024-04-26 11:23:36,130,167,3.58,2,13.32,2.75
2024-04-11 20:01:54,75,110,2.04,1,8.77,2.75
2024-04-05 13:31:35,90,126,1.73,1,8.1,0.0
2024-04-18 05:29:03,154,109,2.36,1,13.08,0.0
2024-04-20 04:49:50,218,165,2.66,1,9.53,0.0
2024-04-30 11:10:00,28,259,1.91,2,6.91,2.75
2024-04-21 01:54:47,130,76,1.54,1,5.49,0.0
2024-04-29 05:06:27,66,7,3.92,2,13.62,2.75
2024-04-26 17:26:51,144,186,2.18,1,6.87,2.75
2024-04-21 09:56:48,103,79,1.29,1,5.93,2.75
2024-04-17 03:04:13,37,65,5.47,1,20.52,2.75
2024-04-13 20:41:28,249,115,5.0,2,19.52,2.75
2024-04-21 12:05:03,156,202,8.13,1,24.79,2.75
2024-04-02 10:57:29,132,142,3.33,3,11.75,0.0
2024-04-03 22:58:13,47,98,1.65,3,8.52,0.0
2024-04-07 23:48:31,195,217,7.48,2,23.74,2.75
2024-04-14 08:13:11,103,74,1.65,1,9.35,0.0
2024-04-25 15:29:42,171,134,4.23,1,14.84,2.75
2024-04-29 06:51:09,89,262,1.24,1,3.0,2.75
2024-04-09 15:45:48,246,102,3.97,1,15.15,0.0
2024-04-30 14:54:04,58,206,6.93,1,24.86,0.0
2024-04-28 18:39:00,105,141,3.22,3,10.42,2.75
2024-04-15 05:11:52,180,13,2.73,1,9.66,2.75
2024-04-10 15:00:35,69,249,18.11,1,55.6,2.75
2024-04-16 22:36:37,153,123,0.58,1,4.86,0.0
2024-04-17 23:33:37,25,10,1.91,1,6.61,2.75
2024-04-03 16:16:54,35,80,9.28,2,29.99,2.75
2024-04-03 23:20:12,15,167,4.1,1,12.68,2.75
2024-04-24 21:15:29,106,99,3.23,1,11.76,2.75
2024-04-28 19:15:10,218,207,4.05,1,14.54,2.75
2024-04-20 00:24:43,74,151,1.86,1,7.1,2.75
2024-04-24 07:55:26,38,37,0.76,1,3.0,2.75
2024-04-27 06:01:48,197,5,1.63,3,11.28,0.0
2024-04-17 06:34:25,174,226,1.94,1,9.08,2.75
2024-04-17 07:53:28,44,27,2.79,1,9.62,0.0
2024-04-10 21:42:34,154,124,2.25,1,9.95,0.0
2024-04-01 06:00:50,153,35,3.08,1,13.33,0.0
2024-04-17 06:16:02,142,237,1.26,5,7.22,2.75
2024-04-22 16:20:04,256,102,1.21,1,7.55,2.75
2024-04-15 02:41:49,134,77,2.02,1,10.63,2.75
2024-04-28 01:46:29,32,82,2.75,1,9.13,2.75
2024-04-03 09:17:31,26,146,1.96,1,7.74,0.0
2024-04-25 12:23:14,255,193,3.51,3,13.19,2.75
2024-04-22 03:08:26,223,224,1.8,1,8.71,2.75
2024-04-12 07:49:42,56,53,1.18,1,6.66,2.75
2024-04-04 16:35:03,125,85,7.45,1,20.63,2.75
2024-04-17 09:31:33,230,129,1.28,3,12.03,2.75
2024-04-22 18:01:54,53,211,12.4,4,43.04,0.0
2024-04-11 08:33:21,101,183,15.81,1,48.82,0.0
2024-04-20 23:07:34,2,227,4.68,1,17.89,2.75
2024-04-10 10:20:11,22,12,2.94,2,9.92,2.75
2024-04-05 10:20:11,66,93,6.05,1,18.61,0.0
2024-04-06 19:21:31,212,190,7.73,1,23.91,2.75
2024-04-12 16:05:14,236,86,4.83,1,16.04,2.75
2024-04-03 11:31:44,17,261,0.88,1,6.04,0.0
2024-04-29 20:35:30,14,198,0.51,1,5.03,2.75
2024-04-20 21:09:47,7,10,1.25,1,5.83,0.0
2024-04-23 14:23:54,222,88,1.23,1,3.0,2.75
2024-04-30 08:28:35,104,37,1.21,1,7.02,2.75
2024-04-11 13:13:32,1,223,3.0,1,14.29,2.75
2024-04-28 21:54:05,247,175,3.07,1,11.27,0.0
2024-04-03 08:05:04,91,209,4.99,1,17.34,0.0
2024-04-09 05:41:56,214,49,1.29,1,10.56,2.75
2024-04-25 08:08:02,43,24,0.84,1,6.77,2.75
2024-04-17 20:21:53,74,106,4.34,1,13.64,2.75
2024-04-20 16:07:40,242,263,2.82,1,8.74,2.75
2024-04-23 04:22:21,49,206,4.34,1,13.06,0.0
2024-04-04 23:57:10,222,169,2.18,2,9.8,0.0
2024-04-10 14:06:51,144,158,5.36,1,21.79,2.75
2024-04-22 12:04:05,209,241,4.52,1,17.2,2.75
2024-04-29 23:56:05,99,123,4.18,1,13.12,2.75
2024-04-23 10:53:03,188,20,0.6,1,6.01,2.75
2024-04-19 03:53:06,114,56,7.33,1,22.9,2.75
2024-04-25 12:21:15,175,108,2.15,4,13.94,0.0
2024-04-10 19:23:25,63,140,1.01,2,4.41,2.75
2024-04-17 17:17:59,225,91,5.43,1,16.65,2.75
2024-04-27 12:39:07,161,210,2.83,1,11.6,0.0
2024-04-03 16:51:02,36,176,0.61,3,6.11,0.0
2024-04-25 20:49:25,141,61,5.83,1,20.72,2.75
2024-04-23 18:55:21,196,3,2.5,1,10.65,2.75
2024-04-16 23:58:16,151,164,5.42,2,20.11,0.0
2024-04-16 06:57:04,40,9,5.43,1,18.96,0.0
2024-04-05 17:57:06,238,12,0.87,1,5.92,2.75
2024-04-14 14:33:35,222,74,3.82,1,15.56,2.75
2024-04-21 10:11:34,225,238,2.06,1,6.23,0.0
2024-04-21 02:06:34,154,108,3.27,3,11.81,2.75
2024-04-27 08:33:46,39,13,0.82,2,6.4,0.0
2024-04-21 22:00:54,217,234,3.61,1,10.29,2.75
2024-04-08 14:25:35,244,245,5.76,1,20.48,0.0
2024-04-20 08:32:29,109,92,15.65,1,48.48,2.75
2024-04-10 08:35:24,61,198,1.85,2,7.55,2.75
2024-04-02 12:32:42,198,116,1.09,3,5.83,2.75
2024-04-13 04:18:25,172,131,2.09,1,5.62,2.75
2024-04-20 18:58:30,42,153,0.57,1,3.08,2.75
2024-04-17 03:45:36,189,121,2.34,1,12.15,2.75
2024-04-03 23:46:00,260,108,9.11,1,25.91,0.0
2024-04-29 10:16:06,152,16,1.26,3,9.51,2.75
2024-04-28 16:59:06,131,56,2.77,1,9.66,0.0
2024-04-08 06:29:37,114,103,3.48,1,11.77,2.75
2024-04-05 04:05:06,222,208,1.19,2,6.26,0.0
2024-04-18 09:55:58,54,151,1.9,5,11.08,2.75
2024-04-17 21:14:17,42,262,8.98,4,26.75,2.75
2024-04-19 10:55:02,93,43,1.73,1,6.63,0.0
2024-04-18 05:25:03,260,118,4.03,5,16.06,2.75
2024-04-21 16:44:03,192,144,1.02,2,7.11,2.75
2024-04-07 00:01:30,125,228,4.38,2,19.25,2.75
2024-04-21 21:22:13,35,204,1.65,1,5.28,0.0
2024-04-25 00:05:46,47,229,1.42,1,4.4,2.75
2024-04-30 15:10:44,153,137,0.96,1,7.04,2.75
2024-04-01 09:42:04,238,240,0.67,1,3.19,2.75
2024-04-15 14:22:48,5,186,12.53,1,40.98,2.75
2024-04-18 03:48:46,125,151,2.37,2,11.03,0.0
2024-04-23 00:38:44,87,110,5.76,3,16.5,2.75
2024-04-24 20:23:03,3,40,9.34,3,34.19,2.75
2024-04-06 10:36:32,165,142,1.3,1,7.11,2.75
2024-04-19 08:59:02,223,13,7.64,1,24.26,0.0
2024-04-30 08:52:52,25,53,4.81,2,17.14,0.0
2024-04-08 15:55:32,39,80,3.52,2,13.47,0.0
2024-04-19 23:33:47,105,233,6.3,1,21.91,2.75
2024-04-02 18:55:36,5,39,0.91,1,6.98,2.75
2024-04-07 15:50:25,136,227,1.57,2,6.08,2.75
2024-04-05 21:37:28,4,121,0.99,1,5.8,2.75
2024-04-24 14:41:44,169,65,8.42,1,27.15,0.0
2024-04-08 05:32:53,78,205,0.86,1,5.78,2.75
2024-04-24 08:25:28,19,135,14.18,1,45.36,0.0
2024-04-20 10:12:12,205,45,0.91,1,3.0,0.0
2024-04-12 14:20:21,33,135,4.29,1,14.05,2.75
2024-04-25 06:47:33,150,52,4.28,1,11.74,2.75
2024-04-26 06:58:52,193,229,9.87,1,35.67,0.0
2024-04-17 09:58:34,139,68,1.87,1,9.96,0.0
2024-04-10 03:15:13,196,198,1.91,1,5.71,2.75
2024-04-04 09:06:47,127,67,7.05,2,25.33,0.0
2024-04-29 21:19:50,231,3,13.95,1,43.45,2.75
2024-04-18 15:36:00,44,58,0.61,2,4.68,0.0
2024-04-30 21:50:15,230,256,4.03,1,10.54,2.75
2024-04-28 04:29:51,216,16,1.48,1,7.76,2.75
2024-04-16 20:32:51,244,102,5.06,1,18.51,2.75
2024-04-07 21:47:40,9,222,5.69,1,15.98,2.75
2024-04-19 15:48:39,250,21,5.53,4,21.66,2.75
2024-04-05 11:42:53,200,21,2.5,3,12.31,0.0
2024-04-25 02:33:36,79,92,1.1,1,6.18,0.0
2024-04-01 06:14:59,245,133,3.58,1,12.45,0.0
2024-04-08 06:07:20,190,175,5.95,1,19.76,2.75
2024-04-06 03:34:04,86,213,9.01,3,32.82,2.75
2024-04-19 21:57:04,262,148,2.61,1,13.98,2.75
2024-04-17 17:46:35,1,232,1.49,1,5.87,2.75
2024-04-30 21:41:17,20,165,0.94,1,3.0,0.0
2024-04-11 02:11:45,130,145,6.09,1,20.49,0.0
2024-04-02 15:55:04,258,223,3.18,2,14.6,0.0
2024-04-14 04:47:29,131,62,4.42,1,14.45,2.75
2024-04-01 18:15:56,7,96,1.11,3,3.75,2.75
2024-04-30 08:49:22,241,112,0.52,1,7.85,0.0
2024-04-16 19:44:24,192,87,12.5,1,37.08,0.0
2024-04-14 13:07:53,115,255,6.33,1,24.3,0.0
2024-04-07 00:28:02,102,113,2.29,1,9.44,0.0
2024-04-28 17:44:00,1,254,2.64,5,10.29,2.75
2024-04-13 01:49:21,25,32,9.76,1,32.66,2.75
2024-04-26 05:49:03,209,64,1.31,1,6.24,2.75
2024-04-21 00:03:55,143,154,6.18,1,20.89,2.75
2024-04-23 06:51:04,197,5,0.56,1,3.0,2.75
2024-04-23 04:26:36,145,210,7.8,1,25.18,2.75
2024-04-15 21:16:28,149,92,3.61,1,14.7,0.0
2024-04-06 00:29:57,181,222,2.77,4,8.42,2.75
2024-04-10 06:23:27,55,190,4.79,1,18.62,2.75
2024-04-25 03:56:24,138,60,0.75,1,4.38,2.75
2024-04-26 20:40:15,209,205,1.26,1,3.88,2.75
2024-04-29 06:32:10,185,212,2.33,3,9.24,0.0
2024-04-21 15:34:54,65,258,3.87,5,14.95,0.0
2024-04-11 10:35:53,37,89,1.05,1,4.08,2.75
2024-04-25 19:46:37,112,236,2.17,2,11.83,2.75
2024-04-03 18:33:28,263,196,1.56,1,9.0,0.0
2024-04-07 08:06:11,76,183,4.13,3,16.16,0.0
2024-04-05 00:58:35,178,251,9.31,1,29.94,2.75
2024-04-02 04:33:00,254,224,1.14,1,7.61,2.75
2024-04-18 00:50:16,1,171,1.23,1,8.5,0.0
2024-04-18 06:17:02,148,198,3.71,2,12.42,0.0
2024-04-10 10:59:26,159,249,2.62,1,10.34,2.75
2024-04-10 20:59:19,150,181,4.93,4,16.97,2.75
2024-04-11 08:46:36,129,161,1.69,1,7.16,2.75
2024-04-29 03:18:49,126,248,3.25,4,15.06,2.75
2024-04-07 17:57:23,1,188,2.21,1,11.52,0.0
2024-04-19 12:38:40,117,19,1.66,2,9.54,2.75
2024-04-24 00:50:42,149,244,5.07,1,18.91,0.0
2024-04-22 07:56:35,189,113,6.06,1,20.78,2.75
2024-04-26 09:20:54,141,51,1.9,1,7.87,2.75
2024-04-23 19:03:32,105,123,3.91,1,15.12,2.75
2024-04-07 20:03:31,252,238,1.19,1,3.0,2.75
2024-04-06 00:03:26,101,62,5.98,1,22.23,2.75
2024-04-09 12:58:22,163,74,1.66,1,9.41,2.75
2024-04-18 16:19:13,203,245,1.16,1,4.14,2.75
2024-04-05 23:02:36,100,32,10.34,1,30.82,0.0
2024-04-20 10:08:03,257,153,2.42,1,10.86,2.75
2024-04-29 03:43:40,94,144,4.11,1,11.77,0.0
2024-04-22 10:04:57,227,15,6.3,1,22.0,2.75
2024-04-20 11:23:40,150,245,4.56,1,14.64,2.75
2024-04-06 13:25:50,62,55,3.41,1,9.9,2.75
2024-04-06 17:50:32,129,42,2.13,1,10.35,2.75
2024-04-20 12:37:03,187,52,9.28,2,33.16,2.75
2024-04-21 05:53:02,68,11,1.0,2,4.72,0.0
2024-04-24 16:31:59,30,88,8.04,1,28.29,0.0
2024-04-17 12:15:48,127,227,4.83,1,15.47,2.75
2024-04-22 08:59:40,213,114,3.47,1,14.7,0.0
2024-04-11 03:16:57,134,25,1.87,1,7.14,2.75
2024-04-24 10:23:31,219,92,1.05,1,8.52,2.75
2024-04-03 21:30:31,157,87,2.55,1,5.66,2.75
2024-04-13 06:51:56,188,81,5.86,1,19.04,2.75
2024-04-05 09:36:11,162,250,5.29,4,17.65,2.75
2024-04-07 06:20:20,129,250,4.13,1,11.75,2.75
2024-04-30 11:33:15,89,210,17.62,4,56.78,2.75
2024-04-12 07:55:35,162,9,13.09,1,41.68,2.75
2024-04-13 10:07:04,36,99,2.29,2,10.93,2.75
2024-04-12 22:14:11,227,36,1.25,5,4.77,2.75
2024-04-25 15:41:58,151,57,2.68,3,8.34,2.75
2024-04-05 20:56:33,81,63,7.02,1,22.46,0.0
2024-04-27 03:59:51,47,213,2.65,1,8.04,0.0
2024-04-03 20:25:31,204,20,1.93,1,7.63,2.75
2024-04-13 15:06:14,148,247,5.23,1,20.87,2.75
2024-04-03 04:51:11,231,6,4.18,1,15.59,2.75
2024-04-05 17:03:34,27,73,12.62,4,41.69,2.75
2024-04-10 19:25:16,189,107,3.29,2,11.48,2.75
2024-04-28 03:25:56,165,93,12.49,1,38.1,2.75
2024-04-12 14:45:10,212,219,1.7,5,7.98,2.75
2024-04-01 04:45:18,75,49,7.5,5,25.1,2.75
2024-04-13 09:33:12,92,177,2.01,1,10.71,2.75
2024-04-26 19:10:22,62,108,6.31,2,23.96,2.75
2024-04-22 12:46:11,66,65,9.61,1,33.24,0.0
2024-04-01 00:46:35,80,54,3.92,1,18.44,2.75
2024-04-19 04:31:20,140,30,5.06,3,17.8,0.0
2024-04-23 08:21:13,130,246,11.65,1,38.72,2.75
2024-04-10 02:39:23,254,210,2.15,1,11.39,2.75
2024-04-27 02:44:06,29,221,3.01,2,13.2,2.75
2024-04-28 07:48:21,202,170,8.5,1,30.0,2.75
2024-04-27 03:55:54,237,214,4.41,1,15.87,0.0
2024-04-05 20:23:27,87,69,7.74,1,25.59,2.75
2024-04-17 05:12:36,96,234,3.87,1,13.52,2.75
2024-04-03 13:57:14,252,15,5.21,2,17.74,2.75
2024-04-20 08:35:58,180,134,0.55,1,4.24,0.0
2024-04-10 03:37:51,100,206,1.95,1,7.01,2.75
2024-04-28 13:09:19,73,24,5.65,1,17.22,2.75
2024-04-04 15:05:59,131,85,2.31,1,7.13,2.75
2024-04-01 19:09:28,182,142,2.08,1,11.3,0.0
2024-04-06 17:11:31,194,140,11.1,1,34.95,2.75
2024-04-07 18:25:18,18,122,3.31,1,13.63,2.75
2024-04-16 00:44:08,126,179,1.25,1,5.95,2.75
2024-04-25 06:57:47,211,208,2.74,1,13.37,2.75
2024-04-26 09:32:38,7,166,3.06,1,9.17,2.75
2024-04-28 02:40:34,114,41,16.2,1,50.75,2.75
2024-04-21 22:22:46,84,122,4.93,2,16.26,2.75
2024-04-29 23:49:33,102,44,3.06,1,11.67,2.75
2024-04-10 18:04:32,93,75,2.48,1,11.76,2.75
2024-04-25 08:05:38,102,166,9.15,4,29.75,2.75
2024-04-12 18:58:45,251,250,4.13,1,13.69,2.75
2024-04-09 21:46:05,24,86,2.04,2,8.61,0.0
2024-04-19 13:34:10,167,137,2.69,1,9.94,0.0
2024-04-25 12:06:31,140,39,1.64,1,8.35,0.0
2024-04-19 15:03:45,94,87,11.8,2,32.8,0.0
2024-04-27 15:55:07,181,155,4.74,2,16.02,2.75
2024-04-18 19:41:03,64,160,2.24,1,9.33,2.75
2024-04-12 13:28:19,4,64,1.21,1,7.7,0.0
2024-04-15 16:18:26,94,223,1.18,1,7.84,0.0
2024-04-25 06:58:49,132,146,2.77,1,9.46,2.75
2024-04-02 05:56:32,72,204,2.71,1,9.79,0.0
2024-04-22 01:47:24,81,67,2.39,2,6.3,2.75
2024-04-15 21:31:56,174,5,7.18,1,24.27,0.0
2024-04-12 00:15:02,52,59,14.05,1,49.63,2.75
2024-04-01 02:59:45,237,76,2.03,2,8.97,0.0
2024-04-13 23:20:03,44,260,1.72,2,6.28,0.0
2024-04-11 11:25:12,254,248,5.65,1,19.79,2.75
2024-04-02 17:50:53,134,16,2.59,1,6.17,2.75
2024-04-28 22:41:28,56,75,1.36,4,8.09,2.75
2024-04-04 01:13:26,14,176,1.2,1,8.73,2.75
2024-04-29 19:09:04,178,136,1.65,1,7.03,0.0
2024-04-21 11:08:29,101,168,0.5,1,3.0,0.0
2024-04-11 19:10:15,180,30,10.43,1,32.92,2.75
2024-04-21 05:39:10,257,1,2.47,1,9.16,0.0
2024-04-20 01:03:57,37,171,0.8,2,5.92,2.75
2024-04-27 20:58:09,204,129,1.13,1,6.42,2.75
2024-04-11 08:23:55,259,168,1.87,1,7.92,2.75
2024-04-19 08:37:30,155,61,3.31,1,12.43,0.0
2024-04-05 11:16:53,238,117,4.76,1,15.48,2.75
2024-04-13 18:23:56,100,123,1.79,2,9.09,2.75
2024-04-29 21:29:49,113,260,11.56,1,37.21,2.75
2024-04-05 19:44:50,110,226,5.5,3,15.87,2.75
2024-04-12 20:19:37,143,186,6.62,5,23.82,0.0
2024-04-14 11:19:11,167,85,1.87,1,7.52,0.0
2024-04-02 18:15:17,260,218,2.18,1,8.22,2.75
2024-04-11 03:49:11,145,143,3.2,5,15.74,2.75
2024-04-14 11:39:18,230,90,2.6,1,11.14,2.75
2024-04-11 16:13:46,32,76,1.55,1,8.49,2.75
2024-04-22 00:24:39,219,69,21.16,1,64.8,2.75
2024-04-08 20:21:06,177,160,7.1,1,22.62,0.0
2024-04-22 17:36:19,104,8,1.45,1,9.7,2.75
2024-04-19 19:26:39,236,219,8.3,1,32.34,2.75
2024-04-21 20:32:31,93,88,3.59,5,15.16,2.75
2024-04-01 14:42:29,201,141,0.54,2,3.0,2.75
2024-04-06 08:52:10,231,29,1.99,1,6.97,2.75
2024-04-26 09:05:10,255,13,0.59,1,4.15,0.0
2024-04-12 16:21:00,85,63,0.82,1,4.65,2.75
2024-04-10 03:12:28,35,175,1.19,1,5.76,2.75
2024-04-18 12:58:29,117,216,2.82,3,8.11,2.75
2024-04-18 23:24:51,176,235,2.18,5,12.89,2.75
2024-04-26 02:31:08,85,87,1.06,3,6.8,0.0
2024-04-16 03:22:46,117,74,2.26,1,7.75,2.75
2024-04-25 05:58:24,204,69,1.77,1,6.65,2.75
2024-04-24 03:00:53,146,69,2.35,1,10.76,2.75
2024-04-14 00:01:10,215,223,1.16,1,5.47,0.0
2024-04-30 01:30:19,105,122,3.79,1,14.13,2.75
2024-04-10 21:32:06,69,263,0.66,1,5.33,2.75
2024-04-16 09:38:48,255,221,2.22,1,8.14,0.0
2024-04-12 21:54:02,231,164,8.38,1,31.1,0.0
2024-04-26 02:07:06,203,263,2.4,1,5.0,2.75
2024-04-05 01:14:28,248,92,2.54,1,8.57,2.75
2024-04-16 04:03:44,249,74,0.75,1,6.38,2.75
2024-04-22 04:10:38,144,90,3.75,1,12.38,0.0
2024-04-19 11:09:28,241,129,10.14,1,32.6,2.75
2024-04-13 18:32:26,229,49,1.71,1,10.12,2.75
2024-04-05 16:28:31,31,86,2.25,2,10.2,2.75
2024-04-30 00:42:44,109,144,3.6,3,13.54,0.0
2024-04-23 22:10:39,27,135,0.84,3,7.36,2.75
2024-04-21 02:31:15,160,115,11.0,1,34.36,2.75
2024-04-14 12:44:30,17,66,2.71,1,11.5,2.75
2024-04-02 23:34:37,129,187,0.93,1,6.32,2.75
2024-04-06 16:39:26,220,201,1.93,1,5.96,2.75
2024-04-28 16:50:55,82,138,2.14,1,7.22,0.0
2024-04-16 18:06:52,49,52,1.98,1,5.02,2.75
2024-04-20 12:30:22,41,213,4.64,2,16.96,2.75
2024-04-19 13:22:24,20,158,1.98,3,10.92,2.75
2024-04-27 09:25:15,37,206,1.87,1,6.51,0.0
2024-04-29 13:58:11,39,136,1.86,1,3.37,0.0
2024-04-15 04:56:54,109,75,5.77,1,19.71,0.0
2024-04-28 09:56:01,64,69,1.79,1,10.27,2.75
2024-04-16 23:48:30,175,49,0.55,1,3.44,0.0
2024-04-30 23:57:02,32,202,2.09,1,9.82,2.75
2024-04-24 19:36:37,209,62,1.64,1,3.0,2.75
2024-04-10 06:43:38,19,167,8.89,1,30.31,2.75
2024-04-23 10:48:46,106,205,2.77,1,13.87,2.75
2024-04-10 12:50:57,206,149,1.44,5,10.52,2.75
2024-04-26 16:19:47,247,121,14.48,1,47.93,2.75
2024-04-03 13:22:15,167,97,1.49,1,12.08,2.75
2024-04-11 02:37:00,89,53,5.54,1,20.86,0.0
2024-04-21 22:08:40,11,9,4.17,2,14.82,2.75
2024-04-23 11:15:45,49,251,2.67,2,9.58,2.75
2024-04-06 16:48:23,61,124,2.32,1,6.18,2.75
2024-04-03 12:43:19,171,122,7.71,2,24.35,2.75
2024-04-28 00:37:51,143,199,2.76,1,8.58,2.75
2024-04-30 16:43:40,207,95,2.15,2,10.54,2.75
2024-04-29 22:35:11,201,30,2.03,1,6.24,0.0
2024-04-18 17:53:03,5,92,1.63,1,5.33,2.75
2024-04-19 23:38:27,211,84,2.34,2,11.44,2.75
2024-04-16 12:15:44,29,15,0.95,1,4.28,2.75
2024-04-10 14:06:56,190,143,0.74,1,6.42,2.75
2024-04-25 18:04:17,188,209,3.23,1,15.71,2.75
2024-04-11 22:21:01,255,23,2.62,2,8.51,0.0
2024-04-17 23:34:16,150,144,1.17,1,6.64,0.0
2024-04-02 18:58:41,13,87,0.9,1,11.04,0.0
2024-04-24 05:49:05,157,193,1.04,1,6.94,2.75
2024-04-12 16:36:05,80,173,1.83,4,9.86,2.75
2024-04-02 13:57:48,148,263,2.6,1,10.06,2.75
2024-04-04 05:21:58,206,50,1.25,1,6.62,2.75
2024-04-16 18:59:19,114,48,5.43,5,20.36,0.0
2024-04-14 10:56:26,6,49,1.25,1,3.9,2.75
2024-04-19 13:32:49,232,168,0.96,1,3.0,0.0
2024-04-07 01:24:32,137,167,18.75,1,59.56,0.0
2024-04-05 17:01:24,160,82,2.58,2,9.77,2.75
2024-04-03 23:57:01,205,63,1.15,1,3.31,2.75
2024-04-02 16:50:32,158,228,8.37,1,24.51,0.0
2024-04-06 07:10:20,106,214,1.42,1,8.83,2.75
2024-04-11 06:59:31,82,130,9.59,1,31.2,2.75
2024-04-16 18:28:36,49,154,0.94,1,4.47,2.75
2024-04-28 11:45:00,206,242,6.95,1,23.31,2.75
2024-04-12 23:00:37,218,96,1.21,1,6.2,2.75
2024-04-20 21:22:42,164,232,10.25,2,32.83,2.75
2024-04-27 02:45:56,231,238,3.49,1,9.68,2.75
2024-04-16 09:23:05,199,18,1.24,1,6.99,0.0
2024-04-02 05:11:12,214,246,7.02,1,21.59,2.75
2024-04-02 00:49:20,185,60,2.23,3,8.38,2.75
2024-04-25 23:50:39,210,130,5.12,1,18.76,2.75
2024-04-09 04:24:22,121,49,4.11,1,16.38,0.0
2024-04-09 00:19:13,216,166,4.88,1,17.78,2.75
2024-04-08 22:53:55,97,168,1.97,3,8.65,0.0
2024-04-09 22:04:04,119,253,10.28,1,35.14,0.0
2024-04-27 22:40:33,106,64,3.37,1,13.47,0.0
2024-04-14 09:05:33,142,33,0.78,4,3.0,2.75
2024-04-18 05:58:29,167,58,0.74,1,6.5,0.0
2024-04-03 09:37:20,160,64,5.19,1,19.72,2.75
2024-04-15 10:18:55,231,125,7.14,1,24.26,0.0
2024-04-22 19:02:10,14,61,4.66,1,17.74,2.75
2024-04-03 05:55:52,193,249,1.64,1,7.91,0.0
2024-04-23 07:39:16,155,138,1.4,2,3.0,2.75
2024-04-07 23:40:23,101,66,3.42,1,11.96,0.0
2024-04-10 09:45:44,60,179,1.27,1,5.99,0.0
2024-04-12 06:51:52,43,171,2.17,1,8.63,0.0
2024-04-06 14:12:58,193,243,3.97,2,13.42,0.0
2024-04-15 02:52:05,109,120,1.67,1,7.45,0.0
2024-04-07 10:23:59,93,192,2.15,1,10.49,2.75
2024-04-08 02:35:01,216,187,2.06,1,9.17,2.75
2024-04-06 04:56:53,163,227,2.66,1,10.13,2.75
2024-04-13 05:56:53,234,192,4.43,1,11.93,2.75
2024-04-22 17:44:26,167,240,5.84,3,22.15,2.75
2024-04-12 00:46:37,148,94,4.33,1,14.55,2.75
2024-04-11 17:35:28,28,126,0.59,1,7.73,0.0
2024-04-20 16:53:37,259,99,8.45,4,26.1,2.75
2024-04-07 09:07:18,86,243,3.55,2,14.58,2.75
2024-04-05 19:45:04,108,20,9.35,1,30.29,2.75
2024-04-20 16:25:34,117,117,12.12,1,36.5,2.75
2024-04-25 02:08:00,15,99,2.71,4,12.51,2.75
2024-04-01 00:03:35,211,155,9.18,1,26.81,2.75
2024-04-05 06:09:07,31,185,2.09,1,9.11,2.75
2024-04-10 21:32:01,185,3,1.56,1,7.42,0.0
2024-04-12 18:36:15,66,157,0.77,1,3.35,0.0
2024-04-04 03:42:24,63,175,2.6,1,12.7,2.75
2024-04-07 04:30:33,228,69,4.58,1,16.7,2.75
2024-04-13 12:41:12,101,21,13.68,1,47.04,2.75
2024-04-18 16:13:42,139,118,3.08,4,12.29,0.0
2024-04-22 13:45:07,119,130,5.14,1,19.01,0.0
2024-04-10 10:17:41,57,206,8.43,3,23.52,2.75
2024-04-16 05:38:23,131,197,3.24,1,13.61,2.75
2024-04-11 16:13:21,37,135,1.14,1,6.82,0.0
2024-04-06 22:40:22,111,203,7.1,1,22.79,2.75
2024-04-13 23:08:33,153,35,3.49,1,11.51,2.75
2024-04-21 23:42:33,250,30,5.47,3,18.47,2.75
2024-04-05 14:29:43,242,257,4.26,1,17.01,2.75
2024-04-11 09:44:44,208,182,0.72,1,3.0,2.75
2024-04-06 10:40:55,170,208,1.15,3,3.36,0.0
2024-04-03 16:28:37,257,129,1.68,1,9.15,2.75
2024-04-22 02:00:44,113,63,1.67,1,6.7,2.75
2024-04-06 05:16:25,175,77,6.9,1,22.91,2.75
2024-04-25 19:19:44,89,15,3.69,1,13.32,0.0
2024-04-06 20:15:10,135,59,0.8,1,5.55,0.0
2024-04-08 05:04:50,206,151,2.21,2,11.63,0.0
2024-04-24 11:42:21,73,108,3.34,1,10.39,2.75
2024-04-30 05:55:15,259,107,1.51,1,7.89,0.0
2024-04-28 19:15:14,148,139,0.64,1,4.37,0.0
2024-04-23 09:37:10,225,72,2.17,1,9.63,2.75
2024-04-21 11:33:37,105,111,2.66,1,14.95,2.75
2024-04-29 05:26:01,44,226,8.73,1,26.23,2.75
2024-04-08 09:05:09,26,106,8.86,5,30.3,2.75
2024-04-28 17:43:49,261,159,2.93,3,13.49,0.0
2024-04-14 14:23:53,59,150,2.73,1,8.69,0.0
2024-04-16 08:41:36,61,14,4.08,2,14.25,2.75
2024-04-11 04:33:52,70,5,1.55,1,6.12,0.0
2024-04-06 09:43:15,257,127,1.68,1,10.35,0.0
2024-04-24 12:50:36,125,211,0.51,1,4.04,2.75
2024-04-16 18:33:56,19,217,0.79,3,3.0,2.75
2024-04-24 22:08:25,119,79,1.19,2,10.62,0.0
2024-04-19 01:04:08,66,93,4.08,1,18.07,0.0
2024-04-08 06:34:34,245,238,1.34,5,8.39,2.75
2024-04-08 23:39:55,57,234,0.96,1,4.96,2.75
2024-04-19 20:40:18,44,177,3.85,2,11.85,2.75
2024-04-26 08:20:02,12,255,4.19,1,14.57,2.75
2024-04-21 16:57:35,236,132,0.72,5,6.52,0.0
2024-04-19 15:42:15,24,179,5.69,1,19.19,2.75
2024-04-15 09:08:42,257,146,3.76,1,12.66,2.75
2024-04-30 17:21:41,251,143,2.27,1,6.36,0.0
2024-04-11 00:56:32,94,20,14.8,1,45.06,2.75
2024-04-12 04:25:25,22,58,0.54,1,3.0,0.0
2024-04-16 00:29:36,157,66,3.25,1,12.49,2.75
2024-04-09 09:32:07,89,13,1.11,2,7.45,0.0
2024-04-24 15:00:15,202,62,1.9,2,5.65,2.75
2024-04-18 09:32:54,197,46,1.0,1,3.0,2.75
2024-04-30 20:49:22,45,93,4.36,1,15.6,2.75
2024-04-21 22:01:57,79,223,2.3,1,8.94,2.75
2024-04-18 04:08:22,39,23,15.52,3,49.74,2.75
2024-04-15 12:06:19,155,67,4.21,3,12.13,2.75
2024-04-21 00:18:42,149,114,9.23,1,32.46,2.75
2024-04-09 11:56:12,52,206,1.46,2,7.71,2.75
2024-04-02 06:29:39,251,66,1.84,3,10.28,2.75
2024-04-13 08:25:33,147,50,2.08,2,7.81,2.75
2024-04-06 05:34:42,258,141,6.88,1,25.17,2.75
2024-04-04 20:50:48,125,258,1.33,1,5.36,0.0
2024-04-18 15:59:29,204,34,10.76,1,36.73,2.75
2024-04-08 15:44:00,256,253,0.66,1,3.41,2.75
2024-04-14 19:31:42,131,69,8.22,3,23.34,0.0
2024-04-23 15:37:01,21,189,2.6,1,11.98,2.75
2024-04-11 16:04:32,78,153,3.11,1,10.6,0.0
2024-04-09 17:43:01,51,203,21.33,3,68.39,2.75
2024-04-05 09:55:25,116,77,7.64,1,22.17,2.75
2024-04-10 09:58:46,55,191,8.7,1,25.05,2.75
2024-04-12 03:39:04,51,28,3.58,1,12.42,2.75
2024-04-29 01:54:22,254,213,11.46,1,36.91,0.0
2024-04-22 06:05:09,61,56,4.57,5,12.73,0.0
2024-04-08 21:59:30,225,112,6.49,1,20.75,2.75
2024-04-08 00:15:51,103,243,4.97,1,15.12,2.75
2024-04-21 02:56:54,48,154,5.81,2,20.11,2.75
2024-04-06 11:34:16,225,155,4.06,5,19.14,0.0
2024-04-12 02:12:59,233,50,5.04,1,16.74,2.75
2024-04-13 10:30:57,70,68,2.5,1,8.72,0.0
2024-04-13 10:02:10,47,132,4.79,1,17.12,0.0
2024-04-08 03:33:05,228,158,1.63,1,11.31,2.75
2024-04-20 14:42:28,10,170,4.03,1,12.37,2.75
2024-04-25 16:24:37,185,220,3.1,4,11.89,2.75
2024-04-01 01:47:44,80,40,8.51,1,33.02,0.0
2024-04-19 09:30:26,13,79,4.41,1,14.35,0.0
2024-04-29 14:52:04,84,239,3.68,1,12.51,2.75
2024-04-14 10:32:20,86,60,1.81,1,9.79,0.0
2024-04-17 10:06:07,157,237,7.45,1,28.46,2.75
2024-04-22 05:44:28,144,76,0.69,1,8.45,0.0
2024-04-22 08:17:57,63,39,8.55,1,27.85,0.0
2024-04-27 12:29:27,43,199,4.2,1,13.21,0.0
2024-04-19 11:18:49,158,105,1.24,1,4.97,2.75
2024-04-04 01:37:19,185,70,8.67,3,26.32,2.75
2024-04-17 02:32:59,24,58,1.88,3,8.29,0.0
2024-04-25 00:44:19,205,179,1.14,1,7.25,0.0
2024-04-12 04:40:41,224,222,1.85,2,8.44,2.75
2024-04-26 11:27:59,101,144,11.86,1,37.1,2.75
2024-04-02 02:47:06,204,27,5.39,1,20.56,2.75
2024-04-15 08:42:32,8,161,9.2,1,31.17,0.0
2024-04-13 06:35:38,172,151,1.74,1,8.69,2.75
2024-04-25 15:47:34,208,173,0.8,1,6.5,2.75
2024-04-17 03:48:22,96,211,3.4,4,13.34,2.75
2024-04-01 01:06:51,162,22,2.81,1,10.7,2.75
2024-04-23 17:45:24,96,33,4.96,3,14.95,2.75
2024-04-01 05:29:42,145,109,3.24,1,11.62,2.75
2024-04-25 04:01:37,258,47,2.27,1,7.76,2.75
2024-04-06 00:15:41,102,96,0.52,1,7.58,0.0
2024-04-19 07:27:40,177,125,2.71,3,13.95,2.75
2024-04-07 23:32:31,110,25,0.95,1,8.22,2.75
2024-04-22 02:28:47,198,82,9.43,2,29.98,2.75
2024-04-29 13:13:45,129,58,9.42,1,30.52,2.75
2024-04-21 15:38:12,137,26,6.2,3,19.82,2.75
2024-04-27 22:46:29,27,44,1.1,1,3.4,2.75
2024-04-22 07:11:17,137,85,1.06,1,7.35,0.0
2024-04-11 12:14:23,164,22,3.4,2,11.23,2.75
2024-04-04 13:00:24,131,226,5.05,1,17.11,0.0
2024-04-02 07:40:03,151,37,8.72,1,27.92,2.75
2024-04-14 17:59:28,246,101,8.36,1,31.37,0.0
2024-04-25 20:19:01,110,142,1.09,1,5.87,2.75
2024-04-03 21:36:46,73,4,19.39,2,62.38,0.0
2024-04-09 11:13:56,67,24,1.1,1,5.09,2.75
2024-04-07 11:36:25,50,191,6.92,1,21.9,0.0
2024-04-27 11:13:09,3,27,3.59,1,14.07,2.75
2024-04-08 22:38:10,226,81,4.47,2,17.99,2.75
2024-04-21 09:12:49,66,121,3.74,1,12.68,0.0
2024-04-22 09:43:08,155,69,7.63,1,26.73,0.0
2024-04-21 14:40:32,111,72,4.05,1,14.11,2.75
2024-04-28 08:53:45,256,246,7.11,2,20.45,2.75
2024-04-29 09:38:14,155,246,1.09,1,4.2,0.0
2024-04-09 18:26:22,139,253,7.55,1,25.09,0.0
2024-04-26 05:35:39,167,73,17.84,1,56.5,2.75
2024-04-17 13:57:52,19,16,4.29,2,16.6,2.75
2024-04-07 12:42:54,223,179,13.61,3,46.31,0.0
2024-04-19 18:42:43,57,40,1.37,1,6.61,2.75
2024-04-20 02:07:40,133,39,6.69,1,19.69,2.75
2024-04-20 06:05:42,205,56,1.15,2,6.38,2.75
2024-04-30 06:21:14,119,233,3.04,3,10.75,2.75
2024-04-26 13:18:48,253,54,4.32,3,13.35,2.75
2024-04-29 12:53:16,85,172,4.28,2,15.45,2.75
2024-04-03 10:33:29,185,189,4.39,1,17.05,2.75
2024-04-15 02:56:32,225,43,1.85,1,9.26,0.0
2024-04-17 08:46:07,148,4,13.24,1,40.48,2.75
2024-04-07 04:08:05,227,261,0.52,1,6.45,2.75
2024-04-11 02:15:43,181,58,3.9,1,15.34,0.0
2024-04-20 11:29:38,109,37,7.54,1,28.39,2.75
2024-04-23 09:42:52,135,235,8.26,2,31.43,2.75
2024-04-26 12:16:33,103,15,4.96,1,18.6,2.75
2024-04-05 07:59:28,201,88,3.49,1,15.37,2.75
2024-04-29 01:02:32,117,99,2.64,1,11.46,2.75
2024-04-30 20:23:34,29,105,2.59,3,7.18,2.75
2024-04-22 13:07:43,27,217,2.44,5,5.13,2.75
2024-04-14 12:54:54,13,191,4.71,1,15.53,0.0
2024-04-13 04:08:10,42,215,5.1,1,18.61,0.0
2024-04-01 13:49:28,224,198,3.03,1,8.6,2.75
2024-04-17 22:03:40,21,105,5.23,3,18.17,0.0
2024-04-12 06:17:49,136,27,3.13,1,13.52,2.75
2024-04-26 05:37:55,221,182,0.86,1,3.0,2.75
2024-04-27 04:45:57,145,83,7.18,1,26.02,2.75
2024-04-25 07:25:26,10,159,7.65,3,25.98,2.75
2024-04-02 08:42:49,225,230,1.58,2,7.22,0.0
2024-04-04 10:39:02,141,235,5.9,3,17.67,2.75
2024-04-30 05:44:57,106,18,3.01,1,12.9,2.75
2024-04-17 14:24:29,194,71,0.96,1,5.7,2.75
2024-04-09 21:01:08,128,215,2.28,1,5.09,0.0
2024-04-15 07:04:29,213,117,0.78,1,5.28,2.75
2024-04-22 12:19:28,151,100,5.9,1,18.29,0.0
2024-04-11 18:01:04,180,88,1.26,4,4.88,2.75
2024-04-20 20:10:49,26,153,1.13,3,6.09,2.75
2024-04-09 21:06:06,15,177,1.32,1,7.37,0.0
2024-04-27 18:50:22,22,132,1.4,1,8.83,2.75
2024-04-05 14:50:17,65,122,4.42,1,14.05,2.75
2024-04-11 18:49:35,251,211,4.06,2,14.75,2.75
2024-04-17 20:57:47,21,68,0.98,1,3.0,0.0
2024-04-18 20:57:27,233,57,5.01,3,18.31,0.0
2024-04-29 13:08:31,16,13,2.0,1,7.71,0.0
2024-04-10 19:22:54,205,193,2.64,1,11.48,2.75
2024-04-26 22:31:25,160,63,0.97,1,5.04,2.75
2024-04-15 10:52:29,41,153,4.82,1,15.88,0.0
2024-04-08 19:52:17,108,23,2.15,1,8.42,2.75
2024-04-24 10:05:53,125,30,4.0,3,10.11,0.0
2024-04-15 15:45:02,152,189,2.45,1,11.32,0.0
2024-04-25 06:20:19,13,109,0.68,3,6.15,0.0
2024-04-02 01:36:12,203,60,4.75,1,18.41,2.75
2024-04-08 18:23:10,79,66,3.31,1,12.22,0.0
2024-04-07 07:12:24,42,166,2.49,1,12.25,2.75
2024-04-14 17:43:50,169,141,1.29,4,4.95,2.75
2024-04-13 18:45:15,249,52,3.93,1,12.31,0.0
2024-04-01 13:30:39,121,180,1.63,1,8.82,2.75
2024-04-30 12:23:26,209,32,2.46,2,8.77,0.0
2024-04-30 08:33:29,158,214,0.7,2,7.89,2.75
2024-04-07 21:44:42,121,17,5.75,1,22.1,0.0
2024-04-04 19:36:41,227,126,0.83,4,5.08,2.75
2024-04-22 18:16:04,24,82,8.25,3,24.86,0.0
2024-04-03 02:40:47,230,40,7.58,1,23.85,0.0
2024-04-29 07:22:18,26,104,12.9,1,40.82,2.75
2024-04-08 19:28:52,58,219,8.87,1,34.4,2.75
2024-04-05 09:34:29,126,182,12.94,1,41.8,2.75
2024-04-01 01:08:56,28,156,8.14,2,28.33,2.75
2024-04-25 23:43:40,128,178,0.92,1,3.59,2.75
2024-04-29 06:12:39,94,18,2.51,1,10.21,2.75
2024-04-02 06:49:17,191,141,0.78,1,3.3,2.75
2024-04-07 05:56:07,5,161,3.26,1,11.12,0.0
2024-04-02 09:09:52,157,214,3.14,1,8.35,0.0
2024-04-08 15:23:03,52,222,9.44,1,31.44,0.0
2024-04-15 11:15:04,243,262,12.74,1,42.16,0.0
2024-04-10 07:53:37,151,45,1.55,1,4.19,0.0
2024-04-23 22:55:52,262,187,3.56,2,10.81,0.0
2024-04-22 13:07:07,80,241,2.69,1,7.66,2.75
2024-04-10 23:18:21,183,225,3.27,5,12.33,2.75
2024-04-04 01:51:04,107,48,3.16,4,11.85,0.0
2024-04-04 06:10:11,154,111,9.09,1,31.49,2.75
2024-04-14 20:02:24,205,83,8.43,3,25.48,2.75
2024-04-08 22:22:08,116,104,0.96,1,4.63,2.75
2024-04-28 22:11:00,17,74,1.98,1,6.91,0.0
2024-04-05 19:42:41,156,55,5.39,1,19.97,2.75
2024-04-01 14:19:27,25,2,4.53,1,16.05,2.75
2024-04-26 07:53:01,126,242,3.99,1,13.34,0.0
2024-04-18 15:44:10,178,258,18.3,1,55.8,2.75
2024-04-21 11:29:21,47,10,1.94,1,9.04,0.0
2024-04-08 00:38:52,200,76,3.03,1,13.79,2.75
2024-04-15 00:49:27,51,258,14.05,1,45.32,2.75
2024-04-19 20:47:40,197,121,4.66,1,15.79,2.75
2024-04-08 05:35:13,21,215,4.16,3,12.2,0.0
2024-04-18 14:33:13,143,245,1.09,1,8.34,2.75
2024-04-11 14:59:59,248,180,1.49,1,6.96,2.75
2024-04-24 12:56:04,1,73,2.16,1,10.44,2.75
2024-04-05 13:39:28,241,209,2.69,1,12.04,2.75
2024-04-01 14:14:32,58,241,2.91,1,13.25,0.0
2024-04-30 05:43:41,126,173,8.63,1,31.47,2.75
2024-04-03 21:14:24,52,5,0.9,1,3.0,2.75
2024-04-03 17:42:18,223,217,1.5,1,7.32,2.75
2024-04-06 23:10:47,96,214,1.04,4,7.97,2.75
2024-04-02 18:41:46,61,38,5.15,1,18.04,2.75
2024-04-29 04:45:00,181,61,12.84,1,41.56,2.75
2024-04-12 06:31:42,133,95,8.35,1,27.63,0.0
2024-04-09 17:23:38,89,233,5.0,1,17.13,2.75
2024-04-10 13:45:50,173,36,0.58,2,3.0,2.75
2024-04-21 16:20:52,5,1,1.99,1,7.41,2.75
2024-04-28 14:49:26,204,150,7.47,1,22.55,2.75
2024-04-10 16:54:49,162,215,4.21,5,16.24,2.75
2024-04-14 01:26:11,61,46,1.32,1,7.45,0.0
2024-04-04 23:09:13,190,65,2.7,3,10.48,2.75
2024-04-01 11:42:17,63,6,0.82,1,3.0,0.0
2024-04-17 16:32:25,44,81,3.07,1,10.99,2.75
2024-04-02 14:35:25,239,189,8.6,1,25.99,2.75
2024-04-11 19:14:56,28,151,0.64,1,3.0,0.0
2024-04-26 16:12:01,198,148,3.83,1,14.46,2.75
2024-04-15 02:20:15,171,28,1.43,1,8.57,0.0
2024-04-05 08:13:53,30,165,16.76,1,55.46,2.75
2024-04-12 08:29:20,154,135,0.74,1,5.38,2.75
2024-04-19 07:58:33,209,254,3.86,1,16.96,2.75
2024-04-30 15:11:12,63,212,1.54,1,4.51,2.75
2024-04-21 01:50:35,57,80,7.99,1,24.74,2.75
2024-04-23 15:49:52,208,15,0.96,5,5.21,2.75
2024-04-10 15:42:03,63,87,2.46,1,11.18,2.75
2024-04-15 01:58:08,248,223,1.22,1,7.14,2.75
2024-04-03 14:14:22,141,91,6.12,2,22.37,2.75
2024-04-25 22:38:58,93,106,2.02,1,8.91,0.0
2024-04-05 23:59:38,107,253,1.22,1,6.28,2.75
2024-04-20 23:52:16,88,199,5.03,1,20.87,0.0
2024-04-21 17:07:19,108,56,6.45,3,22.77,0.0
2024-04-14 08:31:31,46,239,2.67,1,10.8,2.75
2024-04-28 23:15:00,77,218,2.17,2,9.14,0.0
2024-04-09 03:03:34,217,212,4.0,1,12.98,2.75
2024-04-18 13:16:29,169,189,4.19,1,16.55,2.75
2024-04-21 16:43:25,129,102,4.28,1,13.1,2.75
2024-04-21 08:55:43,201,143,1.63,1,3.79,2.75
2024-04-03 14:41:27,196,70,10.42,2,37.27,2.75
2024-04-16 13:31:40,88,65,1.34,1,9.47,2.75
2024-04-26 22:52:45,253,198,2.14,1,9.81,0.0
2024-04-24 23:18:08,238,16,1.67,1,8.23,2.75
2024-04-25 10:57:28,73,263,9.86,1,31.59,2.75
2024-04-26 07:21:45,161,60,6.67,1,21.62,2.75
2024-04-01 08:16:53,58,10,6.34,1,17.87,0.0
2024-04-08 17:00:41,66,8,0.52,1,3.0,2.75
2024-04-21 13:33:59,26,90,4.55,1,14.27,2.75
2024-04-17 17:46:14,77,37,1.42,1,6.88,2.75
2024-04-27 16:48:27,36,84,12.52,3,43.54,0.0
2024-04-04 03:59:01,19,234,3.15,1,8.88,2.75
2024-04-29 09:15:50,19,250,3.41,1,13.95,2.75
2024-04-18 04:47:36,140,240,2.04,1,10.01,2.75
2024-04-19 16:39:41,67,104,3.19,1,8.71,2.75
2024-04-27 18:27:37,18,211,5.35,3,15.65,2.75
2024-04-16 15:13:36,261,225,3.39,1,13.16,0.0
2024-04-28 22:18:01,112,166,4.09,2,15.36,2.75
2024-04-25 21:04:56,115,46,2.74,1,13.2,2.75
2024-04-09 21:59:08,166,2,4.91,2,18.16,2.75
2024-04-30 18:43:31,67,176,8.54,2,25.73,2.75
2024-04-11 11:53:34,255,118,0.68,1,4.56,0.0
2024-04-24 13:52:51,70,173,0.9,3,3.76,2.75
2024-04-06 07:26:59,203,152,4.55,1,12.02,2.75
2024-04-14 23:34:20,127,193,2.16,1,10.42,2.75
2024-04-14 09:57:45,80,92,1.66,2,8.65,2.75
2024-04-06 03:34:34,176,161,1.19,1,5.74,2.75
2024-04-18 06:15:41,113,106,3.48,1,16.33,2.75
2024-04-25 09:45:01,111,229,1.99,2,5.96,2.75
2024-04-25 13:41:31,137,103,2.98,3,13.45,2.75
2024-04-10 08:20:41,133,132,11.64,2,35.94,2.75
2024-04-24 18:34:08,189,257,5.47,2,19.87,0.0
2024-04-13 07:28:12,225,101,6.06,1,22.6,2.75
2024-04-07 07:12:13,103,21,0.96,1,3.69,0.0
2024-04-11 22:10:31,107,249,1.88,1,6.92,2.75
2024-04-01 09:55:09,63,192,0.89,3,5.92,0.0
2024-04-22 17:50:25,245,73,12.6,1,38.22,0.0
2024-04-21 00:47:21,173,168,4.51,1,17.28,0.0
2024-04-12 08:40:52,210,62,0.57,2,4.36,0.0
2024-04-03 15:39:27,191,171,2.76,2,11.48,2.75
2024-04-04 12:44:23,158,121,1.57,1,5.71,2.75
2024-04-11 01:39:13,225,216,3.22,1,10.56,2.75
2024-04-30 21:34:33,172,174,1.19,1,3.26,2.75
2024-04-27 19:26:14,36,24,0.7,2,5.14,2.75
2024-04-09 06:16:46,134,138,1.87,3,5.69,2.75
2024-04-12 04:09:58,37,99,1.73,1,7.04,0.0
2024-04-12 13:24:13,93,57,4.92,1,18.8,2.75
2024-04-26 19:18:43,75,247,2.75,1,14.48,2.75
2024-04-29 16:50:02,244,172,1.71,1,8.31,2.75
2024-04-12 20:01:49,183,201,3.46,2,13.07,2.75
2024-04-09 16:32:54,205,107,0.76,1,3.0,2.75
2024-04-11 16:56:33,187,48,4.3,1,14.45,0.0
2024-04-05 02:16:31,166,46,1.06,2,4.82,2.75
2024-04-17 00:35:25,115,120,1.65,1,8.24,2.75
2024-04-16 23:04:47,207,60,1.66,1,6.82,0.0
2024-04-10 23:56:27,245,147,2.69,5,14.71,2.75
2024-04-02 08:17:00,161,104,11.21,1,37.13,0.0
2024-04-03 13:30:21,13,68,1.87,1,9.58,2.75
2024-04-05 01:01:57,236,162,1.66,1,8.48,2.75
2024-04-10 03:00:28,114,215,1.15,1,3.96,0.0
2024-04-12 22:47:49,152,118,2.24,1,8.09,2.75
2024-04-16 09:49:39,26,237,1.2,1,5.13,2.75
2024-04-16 16:38:18,168,218,1.02,1,7.94,2.75
2024-04-05 00:26:26,32,124,7.32,1,26.47,0.0
2024-04-17 09:39:51,221,117,0.69,1,5.21,2.75
2024-04-03 17:51:43,206,263,4.84,2,17.48,2.75
2024-04-08 23:38:45,98,170,1.29,2,7.72,0.0
2024-04-26 07:19:54,91,196,0.54,1,3.0,0.0
2024-04-13 02:52:26,214,150,6.05,2,20.92,2.75
2024-04-14 22:02:12,188,246,4.74,1,13.73,0.0
2024-04-22 10:30:07,57,191,1.92,2,7.76,2.75
2024-04-09 19:12:10,107,174,0.79,1,6.68,2.75
2024-04-27 04:26:42,195,81,2.07,2,6.79,2.75
2024-04-23 21:39:05,22,172,1.2,1,8.74,2.75
2024-04-28 07:30:30,186,164,9.93,2,33.76,2.75
2024-04-10 12:29:24,85,111,3.14,3,12.02,0.0
2024-04-28 17:23:26,80,207,12.12,2,38.84,2.75
2024-04-10 20:06:52,77,70,2.01,1,6.58,0.0
2024-04-17 22:44:21,177,98,3.35,5,10.24,2.75
2024-04-25 19:23:05,174,5,1.24,1,4.44,2.75
2024-04-24 22:41:24,82,185,6.28,1,20.19,2.75
2024-04-30 11:56:40,21,204,0.65,1,5.16,0.0
2024-04-09 16:00:10,179,12,4.66,1,14.61,2.75
2024-04-12 14:52:21,225,239,2.24,1,8.42,0.0
2024-04-26 12:04:23,251,115,3.52,1,14.65,2.75
2024-04-23 23:30:04,223,210,3.64,1,10.68,2.75
2024-04-22 12:24:22,75,133,4.84,1,14.37,2.75
2024-04-25 14:47:41,151,223,1.3,3,6.01,0.0
2024-04-24 17:55:23,105,181,3.15,1,12.11,2.75
2024-04-25 05:54:45,42,28,2.45,1,9.85,2.75
2024-04-13 03:22:19,176,193,1.66,1,9.93,2.75
2024-04-06 17:27:09,245,256,2.9,5,9.44,2.75
2024-04-05 14:07:36,253,111,11.13,2,33.36,2.75
2024-04-18 12:33:13,92,194,10.91,1,31.33,0.0
2024-04-25 19:14:01,11,124,1.64,1,6.87,2.75
2024-04-11 09:38:24,152,91,8.05,1,27.35,2.75
2024-04-03 00:37:17,189,136,7.83,1,26.79,2.75
2024-04-03 09:56:46,164,229,1.5,3,6.62,2.75
2024-04-13 03:30:58,126,145,3.7,1,12.84,0.0
2024-04-12 21:58:36,211,242,7.64,1,25.77,0.0
2024-04-20 15:16:49,97,31,3.03,1,12.01,2.75
2024-04-01 08:01:25,47,261,2.12,4,6.88,2.75
2024-04-05 14:06:59,224,60,4.18,1,16.22,2.75
2024-04-05 13:51:00,57,89,1.16,3,7.19,0.0
2024-04-05 04:07:46,75,101,1.12,1,3.0,0.0
2024-04-16 23:08:59,254,121,6.76,2,21.8,0.0
2024-04-25 12:32:16,151,243,0.65,1,3.0,2.75
2024-04-22 08:05:29,59,77,6.2,1,20.76,2.75
2024-04-10 11:46:13,86,58,1.7,1,6.24,2.75
2024-04-13 22:47:24,170,247,2.81,1,11.28,2.75
2024-04-17 12:55:26,146,96,3.24,1,9.92,2.75
2024-04-18 10:32:24,33,45,5.6,1,20.08,2.75
2024-04-27 05:59:36,3,258,8.04,1,31.27,0.0
2024-04-17 17:12:39,257,259,6.21,2,21.72,2.75
2024-04-17 20:58:33,126,246,3.47,2,15.44,0.0
2024-04-23 18:35:54,113,240,2.0,1,8.09,2.75
2024-04-24 12:32:35,48,128,3.12,2,9.77,2.75
2024-04-15 10:18:49,195,202,0.61,1,3.57,0.0
2024-04-25 04:53:39,225,207,1.48,1,8.02,0.0
2024-04-12 10:29:27,213,40,2.1,1,8.72,2.75
2024-04-01 06:28:51,138,56,1.85,1,7.33,2.75
2024-04-01 06:23:24,70,160,0.85,1,6.5,2.75
2024-04-06 04:26:53,70,96,0.68,2,4.33,0.0
2024-04-27 11:05:19,208,116,2.41,1,6.48,2.75
2024-04-11 18:40:53,200,212,0.77,1,5.98,0.0
2024-04-20 05:38:28,59,87,1.68,1,7.96,0.0
2024-04-22 08:14:13,259,44,2.75,1,12.97,2.75
2024-04-28 12:56:52,165,83,1.32,5,7.21,2.75
2024-04-07 06:49:15,245,211,0.79,1,3.63,0.0
2024-04-17 00:56:17,84,9,2.48,1,10.55,2.75
2024-04-20 01:31:09,114,157,2.58,5,9.97,0.0
2024-04-13 10:51:18,234,189,9.15,1,30.31,2.75
2024-04-07 21:47:02,262,131,0.98,1,7.53,2.75
2024-04-21 19:31:18,172,215,3.84,2,13.2,0.0
2024-04-05 07:39:05,18,115,1.85,1,7.46,2.75
2024-04-24 18:23:33,235,123,0.96,5,3.0,0.0
2024-04-29 20:07:17,157,192,2.25,2,12.58,2.75
2024-04-10 04:38:20,211,148,2.45,5,9.82,2.75
2024-04-08 22:26:51,196,28,2.08,3,7.5,0.0
2024-04-29 05:00:05,115,124,5.58,1,21.12,0.0
2024-04-20 04:23:07,160,77,6.9,2,25.75,2.75
2024-04-15 03:09:45,155,75,1.06,1,3.0,2.75
2024-04-05 00:02:24,51,186,1.14,1,4.74,0.0
2024-04-24 11:29:54,73,39,2.41,1,10.26,2.75
2024-04-22 08:04:01,110,234,1.85,1,5.82,2.75
2024-04-20 09:47:30,221,248,6.49,2,20.8,2.75
2024-04-22 23:26:01,9,131,20.62,1,61.8,2.75
2024-04-18 12:56:52,82,5,1.2,2,6.16,2.75
2024-04-22 11:45:59,22,259,5.53,1,17.1,0.0
2024-04-06 00:03:04,99,245,3.77,3,18.71,0.0
2024-04-15 00:02:05,170,78,4.12,1,18.28,2.75
2024-04-28 01:06:46,190,115,1.57,1,5.0,2.75
2024-04-05 22:53:11,106,4,0.86,3,3.0,0.0
2024-04-22 19:12:58,168,131,3.24,1,9.26,0.0
2024-04-08 14:48:59,113,227,3.83,2,13.01,2.75
2024-04-28 18:15:59,148,128,12.04,1,38.95,2.75
2024-04-28 22:39:43,220,9,4.44,2,13.14,2.75
2024-04-24 09:22:17,33,118,2.55,1,9.56,0.0
2024-04-02 10:09:49,220,188,18.41,1,57.24,0.0
2024-04-10 13:35:47,185,139,2.14,1,6.47,0.0
2024-04-04 04:46:33,193,125,1.12,2,8.62,2.75
2024-04-22 00:45:19,180,223,3.87,1,14.73,2.75
2024-04-22 12:33:28,6,259,1.58,1,8.14,2.75
2024-04-04 11:17:30,9,67,9.44,1,35.67,2.75
2024-04-17 07:36:01,61,85,2.45,4,7.65,0.0
2024-04-01 11:25:39,163,62,1.07,1,7.55,0.0
2024-04-08 09:33:27,99,14,1.03,1,8.93,2.75
2024-04-09 22:26:05,148,122,4.17,1,18.04,2.75
2024-04-04 12:17:26,58,123,2.09,1,10.06,2.75
2024-04-17 04:29:18,215,77,2.08,1,5.22,2.75
2024-04-12 09:47:43,182,146,3.82,4,14.63,2.75
2024-04-20 21:04:39,35,56,1.38,1,5.5,2.75
2024-04-21 19:33:52,46,218,1.05,3,6.1,2.75
2024-04-13 02:28:36,87,173,4.25,1,17.31,2.75
2024-04-25 22:38:11,4,40,0.52,1,4.74,2.75
2024-04-23 05:44:18,107,159,8.83,2,26.72,0.0
2024-04-24 02:20:33,75,32,1.21,1,3.35,2.75
2024-04-25 13:05:00,40,248,2.58,1,8.67,2.75
2024-04-30 13:19:49,127,129,1.33,1,6.29,0.0
2024-04-24 04:29:05,183,36,1.36,1,9.32,2.75
2024-04-20 15:46:53,119,66,6.81,1,23.46,2.75
2024-04-30 07:04:29,73,157,3.58,1,12.99,2.75
2024-04-06 03:28:23,40,43,1.81,1,7.52,2.75
2024-04-02 14:16:39,204,121,1.51,4,6.65,2.75
2024-04-09 20:43:40,96,192,1.34,1,8.21,0.0
2024-04-03 02:29:49,143,31,3.33,1,10.38,2.75
2024-04-30 04:46:35,115,19,5.09,2,20.05,0.0
2024-04-06 00:39:12,133,73,1.52,1,8.55,2.75
2024-04-23 13:37:14,168,76,1.91,1,7.7,2.75
2024-04-20 12:49:05,245,188,4.96,3,22.85,2.75
2024-04-18 07:03:21,259,179,5.18,2,20.09,2.75
2024-04-10 06:46:49,46,137,1.31,1,6.06,0.0
2024-04-02 07:02:56,237,162,2.19,1,10.6,0.0
2024-04-11 06:01:18,53,47,7.64,2,24.81,2.75
2024-04-21 21:54:20,148,24,5.22,1,16.67,0.0
2024-04-03 11:06:43,187,174,1.12,1,4.88,2.75
2024-04-27 02:38:33,21,262,2.21,1,9.12,2.75
2024-04-29 09:44:04,90,230,13.18,4,38.66,2.75
2024-04-01 05:55:41,233,191,3.11,2,9.02,2.75
2024-04-29 10:27:30,215,118,4.95,3,18.15,2.75
2024-04-15 12:25:29,51,53,0.84,1,4.24,2.75
2024-04-28 20:13:46,153,192,6.75,1,26.71,2.75
2024-04-10 11:42:25,116,60,3.75,1,15.09,2.75
2024-04-28 20:23:16,214,11,1.18,2,6.92,2.75
2024-04-01 21:54:00,137,260,2.17,1,9.97,0.0
2024-04-15 01:19:03,71,141,0.8,1,4.54,0.0
2024-04-02 20:48:17,245,143,5.75,1,21.2,2.75
2024-04-23 08:29:35,38,113,5.28,1,18.23,0.0
2024-04-01 13:39:16,216,11,2.86,1,11.75,0.0
2024-04-27 16:23:53,127,99,2.61,1,9.87,2.75
2024-04-26 06:50:05,72,23,2.68,1,12.92,2.75
2024-04-21 01:02:45,226,239,0.63,1,3.0,0.0
2024-04-01 07:12:18,246,109,2.11,1,4.66,2.75
2024-04-25 22:58:36,71,263,0.98,1,4.46,2.75
2024-04-30 10:54:58,195,160,1.22,1,9.21,2.75
2024-04-25 03:43:21,38,220,11.96,1,40.05,2.75
2024-04-05 15:51:21,117,172,1.56,4,9.55,0.0
2024-04-21 00:58:50,238,94,2.81,1,11.2,2.75
2024-04-14 11:26:35,204,122,8.16,1,27.26,2.75
2024-04-30 20:23:45,5,197,2.37,1,8.38,0.0
2024-04-02 15:25:00,157,51,3.13,1,10.76,2.75
2024-04-16 17:18:28,107,20,1.15,1,6.01,2.75
2024-04-29 22:52:59,228,30,1.67,3,7.55,0.0
2024-04-25 17:03:32,142,86,2.97,1,11.21,2.75
2024-04-27 14:49:42,172,230,2.09,2,9.37,0.0
2024-04-19 04:36:41,146,157,0.64,1,3.56,2.75
2024-04-24 08:39:51,7,181,2.29,1,10.17,2.75
2024-04-08 17:47:55,16,112,6.41,3,24.35,2.75
2024-04-07 21:33:03,37,139,0.93,1,9.34,0.0
2024-04-03 22:17:58,153,10,0.57,1,3.0,0.0
2024-04-05 06:28:13,183,238,0.94,3,7.76,2.75
2024-04-14 22:35:52,156,132,4.56,4,17.77,0.0
2024-04-09 06:41:35,137,185,6.04,1,23.05,2.75
2024-04-22 17:53:18,90,208,0.67,1,8.53,2.75
2024-04-12 11:44:12,218,250,8.15,1,29.99,0.0
2024-04-13 04:50:12,186,89,3.95,1,11.89,2.75
2024-04-28 07:12:10,209,36,3.06,3,11.85,2.75
2024-04-25 01:56:03,51,4,1.52,3,5.47,2.75
2024-04-23 18:56:12,88,234,2.13,3,9.4,0.0
2024-04-04 06:50:16,136,70,10.78,2,38.98,2.75
2024-04-22 07:20:20,158,7,8.99,3,30.9,2.75
2024-04-07 00:49:53,155,156,3.94,2,14.55,2.75
2024-04-13 03:27:10,220,74,3.53,2,11.61,2.75
2024-04-02 10:57:31,167,12,1.33,1,5.87,2.75
2024-04-08 17:16:18,179,112,11.22,1,38.43,2.75
2024-04-10 04:47:58,50,30,5.43,1,17.18,0.0
2024-04-24 18:21:02,87,36,2.19,1,12.14,2.75
2024-04-23 10:05:35,33,230,6.42,1,23.42,2.75
2024-04-28 20:56:03,141,106,1.33,3,4.19,0.0
2024-04-30 09:56:36,206,250,1.34,5,9.47,2.75
2024-04-27 02:30:24,224,63,5.98,1,17.8,2.75
2024-04-03 14:49:39,113,44,3.37,1,9.39,0.0
2024-04-11 02:55:06,5,149,3.34,4,13.82,2.75
2024-04-24 23:36:11,212,46,3.48,1,14.87,2.75
2024-04-21 10:23:21,256,175,0.97,2,4.81,0.0
2024-04-15 15:41:24,30,154,2.01,1,7.02,2.75
2024-04-20 13:48:06,82,261,3.48,1,12.55,2.75
2024-04-05 01:13:56,236,133,1.5,3,7.63,0.0
2024-04-29 16:42:20,253,156,2.95,1,11.59,2.75
2024-04-25 17:25:00,118,241,3.35,1,11.14,2.75
2024-04-23 04:45:36,30,127,10.52,1,31.59,2.75
2024-04-14 21:25:46,111,193,1.49,3,6.24,2.75
2024-04-30 07:33:58,254,122,2.53,1,8.1,0.0
2024-04-06 14:48:07,199,146,14.47,4,46.8,2.75
2024-04-24 09:06:30,244,152,1.22,1,8.46,2.75
2024-04-21 08:59:59,221,157,5.8,1,18.74,2.75
2024-04-04 10:11:41,156,156,1.18,1,7.9,2.75
2024-04-26 04:12:44,236,102,7.14,5,27.11,2.75
2024-04-23 11:22:38,19,252,2.84,1,9.61,2.75
2024-04-25 22:07:48,215,59,13.03,3,42.3,2.75
2024-04-26 22:36:25,114,105,1.15,1,5.99,2.75
2024-04-13 12:12:08,200,47,4.58,1,13.98,2.75
2024-04-26 12:05:31,25,88,4.66,1,16.48,2.75
2024-04-15 18:18:01,121,171,4.94,1,16.43,2.75
2024-04-13 09:03:32,230,152,0.87,4,4.02,2.75
2024-04-03 13:30:39,99,176,1.69,2,7.08,2.75
2024-04-24 12:37:03,3,145,1.94,1,7.28,0.0
2024-04-15 07:08:16,261,222,1.87,1,10.76,2.75
2024-04-24 23:34:32,254,15,4.43,1,11.64,0.0
2024-04-14 18:40:11,20,138,0.7,1,3.0,0.0
2024-04-08 03:29:57,204,250,5.08,3,17.58,2.75
2024-04-14 19:00:05,128,150,3.12,1,10.18,2.75
2024-04-05 14:26:35,174,81,1.16,1,7.35,2.75
2024-04-24 01:53:59,221,65,1.4,1,7.26,2.75
2024-04-21 00:50:41,37,142,0.86,2,4.8,2.75
2024-04-21 06:44:49,149,247,2.65,2,10.63,2.75
2024-04-23 04:59:56,92,193,3.66,1,13.37,2.75
2024-04-28 23:26:49,70,254,3.54,1,11.04,2.75
2024-04-07 02:22:05,84,173,11.98,2,39.7,2.75
2024-04-30 15:59:06,205,186,1.73,1,5.3,0.0
2024-04-09 18:09:07,88,224,5.53,1,19.29,0.0
2024-04-29 11:00:04,252,62,4.99,1,17.93,2.75
2024-04-08 00:32:32,211,84,0.72,2,3.76,2.75
2024-04-16 12:04:22,31,27,9.81,4,30.83,2.75
2024-04-26 14:08:40,61,131,9.87,5,31.02,0.0
2024-04-23 06:16:18,67,127,2.27,1,6.0,2.75
2024-04-12 03:51:06,226,11,2.39,1,13.28,2.75
2024-04-08 06:45:12,67,197,6.49,1,23.37,2.75
2024-04-12 18:21:02,128,225,2.89,1,11.54,2.75
2024-04-14 03:55:17,111,68,6.12,1,19.46,2.75
2024-04-16 19:22:44,34,233,0.63,1,4.17,2.75
2024-04-26 01:45:54,212,99,1.51,1,6.11,2.75
2024-04-04 11:06:29,125,222,0.83,1,8.27,0.0
2024-04-27 18:55:46,103,124,2.62,2,6.63,2.75
2024-04-19 01:04:09,206,102,7.24,2,21.35,2.75
2024-04-23 11:35:17,120,230,3.45,1,9.63,2.75
2024-04-27 02:20:51,170,123,3.07,3,13.25,0.0
2024-04-28 11:34:54,35,227,2.1,1,7.39,0.0
2024-04-10 21:45:53,246,228,0.73,1,5.7,2.75
2024-04-06 20:10:55,58,153,5.59,5,19.21,2.75
2024-04-03 17:47:04,141,149,3.46,1,14.86,2.75
2024-04-13 08:39:39,111,9,9.86,1,33.89,0.0
2024-04-05 02:14:59,163,224,2.48,3,10.29,2.75
2024-04-20 12:55:24,111,23,2.3,1,11.21,2.75
2024-04-21 21:44:02,152,192,13.32,3,40.22,0.0
2024-04-29 21:19:57,65,227,1.03,1,3.0,0.0
2024-04-02 01:54:06,106,54,1.52,1,7.89,2.75
2024-04-14 05:54:00,216,92,2.84,1,10.9,2.75
2024-04-03 10:01:26,91,15,3.09,1,10.18,0.0
2024-04-28 09:41:53,26,179,3.28,1,11.87,2.75
2024-04-17 13:06:48,157,4,1.33,1,3.0,2.75
2024-04-15 01:20:13,72,101,9.65,2,30.05,2.75
2024-04-10 23:08:51,44,130,4.76,2,19.55,2.75
2024-04-27 10:39:58,90,7,1.55,1,8.8,2.75
2024-04-12 19:25:32,133,184,1.72,1,9.41,2.75
2024-04-18 17:38:57,161,35,7.93,1,25.6,2.75
2024-04-10 01:39:26,232,232,2.18,1,10.27,2.75
2024-04-24 22:23:11,261,154,3.34,1,15.48,2.75
2024-04-07 04:47:00,111,64,0.95,1,7.35,2.75
2024-04-10 00:25:05,164,247,1.51,1,8.54,2.75
2024-04-11 14:43:12,77,56,2.39,1,4.85,2.75
2024-04-03 13:12:06,209,229,4.24,3,16.5,0.0
2024-04-16 04:00:25,13,253,1.65,1,6.95,2.75
2024-04-04 16:40:48,58,52,11.04,2,33.65,0.0
2024-04-29 06:47:11,36,15,1.37,1,7.89,2.75
2024-04-17 17:52:23,25,180,5.78,1,19.98,2.75
2024-04-15 21:14:10,34,77,2.09,1,9.7,2.75
2024-04-04 08:41:17,140,215,6.77,1,21.57,2.75
2024-04-28 13:22:49,222,223,9.48,1,28.15,2.75
2024-04-11 10:14:13,37,154,1.22,1,10.1,2.75
2024-04-19 16:15:34,129,45,2.87,1,8.86,2.75
2024-04-03 22:16:57,218,21,1.09,2,4.61,2.75
2024-04-08 13:03:44,248,81,4.78,1,18.6,2.75
2024-04-04 20:34:05,111,53,6.75,1,25.53,0.0
2024-04-20 08:32:21,220,157,2.23,1,9.64,2.75
2024-04-17 15:06:43,196,147,2.27,4,11.12,2.75
2024-04-05 08:07:22,147,182,1.3,1,7.43,0.0
2024-04-29 14:20:56,40,78,1.78,2,5.98,2.75
2024-04-17 16:43:47,134,119,1.87,1,5.82,2.75
2024-04-28 12:32:22,191,105,1.09,1,7.78,2.75
2024-04-26 16:55:29,163,2,1.8,1,9.17,2.75
2024-04-20 02:23:44,61,115,8.82,1,34.49,0.0
2024-04-16 14:27:35,5,32,1.88,1,6.49,0.0
2024-04-10 21:43:03,37,62,1.62,1,7.41,2.75
2024-04-11 10:22:46,217,97,2.2,1,9.32,2.75
2024-04-26 19:37:33,225,135,11.79,3,35.08,2.75
2024-04-16 15:44:30,216,98,5.56,1,18.1,2.75
2024-04-07 18:29:02,139,215,1.29,3,7.38,0.0
2024-04-05 06:39:26,106,84,5.39,1,19.66,2.75
2024-04-17 10:37:34,99,157,5.59,1,17.99,2.75
2024-04-26 15:52:07,168,107,10.99,1,35.16,2.75
2024-04-09 08:58:23,87,131,8.26,2,31.19,2.75
2024-04-20 09:19:50,84,22,0.85,1,4.97,0.0
2024-04-05 00:54:08,224,84,2.62,1,9.07,2.75
2024-04-24 02:46:19,11,89,4.75,2,20.92,2.75
2024-04-18 03:26:17,186,226,13.19,1,42.72,2.75
2024-04-02 22:23:11,231,106,0.81,1,3.22,2.75
2024-04-02 02:55:52,141,101,2.11,2,10.93,2.75
2024-04-29 03:06:52,106,148,2.87,1,9.01,0.0
2024-04-06 09:23:26,253,230,2.37,1,7.82,2.75
2024-04-11 03:20:58,49,87,2.63,2,9.36,0.0
2024-04-20 21:42:39,263,11,2.11,1,7.07,2.75
2024-04-25 19:19:27,205,136,12.85,1,39.5,0.0
2024-04-02 04:34:37,51,93,6.19,1,18.86,0.0
2024-04-16 08:20:59,175,153,5.17,1,18.21,2.75
2024-04-05 13:25:22,225,96,2.35,2,7.07,0.0
2024-04-11 16:48:21,261,62,7.97,1,23.71,2.75
2024-04-18 21:15:29,222,87,0.84,2,5.94,0.0
2024-04-05 12:47:50,223,211,1.04,2,5.17,2.75
2024-04-05 23:55:39,74,83,11.28,3,36.34,2.75
2024-04-20 14:41:52,114,227,3.43,1,12.27,0.0
2024-04-08 01:56:36,219,12,1.11,1,10.27,0.0
2024-04-09 13:18:47,54,153,10.93,1,35.33,2.75
2024-04-16 15:05:39,200,5,13.39,1,42.3,2.75
2024-04-01 11:17:13,131,76,7.96,2,27.13,2.75
2024-04-15 13:15:02,192,4,1.45,1,7.5,2.75
2024-04-13 04:11:33,179,83,1.64,1,9.35,2.75
2024-04-04 13:18:44,240,35,2.33,2,9.83,0.0
2024-04-22 17:42:46,245,242,3.53,1,13.93,0.0
2024-04-09 05:35:23,117,144,17.48,1,56.48,0.0
2024-04-17 09:21:24,208,80,11.44,2,38.98,2.75
2024-04-30 03:10:28,212,75,9.39,1,29.77,0.0
2024-04-22 16:03:24,259,215,0.83,2,3.0,2.75
2024-04-23 00:02:26,163,246,5.45,1,15.53,0.0
2024-04-11 17:15:09,226,238,7.83,4,27.01,2.75
2024-04-15 14:15:45,64,19,1.92,1,8.68,0.0
2024-04-09 04:51:09,246,74,1.37,2,3.96,2.75
2024-04-25 14:03:15,18,55,5.33,1,18.49,2.75
2024-04-01 09:20:35,34,83,0.83,2,4.12,2.75
2024-04-27 16:58:59,181,164,10.4,1,32.13,2.75
2024-04-12 15:41:31,194,167,1.09,1,3.0,2.75
2024-04-09 10:04:27,192,116,2.64,1,9.65,2.75
2024-04-06 06:36:36,67,188,14.72,1,47.38,2.75
2024-04-24 10:12:49,209,255,16.04,1,54.21,2.75
2024-04-12 12:57:37,167,19,5.74,3,17.01,2.75
2024-04-13 14:10:12,246,4,6.9,2,22.32,2.75
2024-04-16 05:14:30,245,190,12.46,1,43.12,0.0
2024-04-07 09:58:00,166,63,9.68,1,33.5,2.75
2024-04-23 12:25:48,211,254,3.91,1,15.85,2.75
2024-04-26 14:31:32,133,115,5.14,1,17.92,2.75
2024-04-03 00:53:13,197,260,3.65,1,15.1,2.75
2024-04-20 14:34:49,49,2,2.97,1,9.79,2.75
2024-04-17 00:33:30,64,67,7.95,2,24.43,2.75
2024-04-16 13:35:55,112,132,5.19,1,14.89,0.0
2024-04-27 16:53:19,185,48,7.38,2,24.53,2.75
2024-04-19 10:13:06,104,43,0.85,3,6.35,2.75
2024-04-04 07:28:20,213,93,3.51,1,13.79,2.75
2024-04-01 17:44:39,5,141,1.9,1,11.63,2.75
2024-04-24 17:08:00,119,47,3.02,1,10.04,2.75
2024-04-29 14:00:06,249,231,3.82,1,16.15,0.0
2024-04-09 09:07:25,167,224,7.04,1,23.89,2.75
2024-04-13 02:25:33,242,37,0.61,1,6.41,0.0
2024-04-15 21:10:44,238,28,1.13,1,5.8,2.75
2024-04-06 13:08:00,205,158,9.4,1,30.66,2.75
2024-04-19 00:17:12,1,222,12.47,1,40.43,0.0
2024-04-10 02:46:40,171,9,0.7,1,4.66,2.75
2024-04-04 13:21:08,167,70,1.91,1,11.12,2.75
2024-04-16 18:45:17,258,66,0.53,1,3.0,2.75
2024-04-18 04:40:19,63,95,5.46,1,17.56,2.75
2024-04-22 06:42:04,37,181,4.51,1,14.78,2.75
2024-04-14 21:09:59,16,70,3.41,1,14.63,0.0
2024-04-02 09:53:46,254,234,4.62,1,15.39,0.0
2024-04-11 17:44:50,27,261,3.2,1,12.01,2.75
2024-04-15 19:58:27,111,20,1.46,1,6.15,2.75
2024-04-21 11:19:13,233,186,5.41,3,20.11,2.75
2024-04-09 12:10:53,64,64,5.85,1,19.8,2.75
2024-04-07 12:09:27,97,178,7.24,2,25.94,0.0
2024-04-04 14:35:41,232,235,11.28,1,38.31,2.75
2024-04-12 01:43:56,48,250,5.32,1,22.37,0.0
2024-04-01 01:00:26,210,40,0.7,1,6.34,2.75
2024-04-20 04:46:40,76,259,0.57,1,5.18,0.0
2024-04-18 20:52:51,247,240,5.21,2,21.78,0.0
2024-04-21 22:08:57,68,72,0.7,1,6.87,0.0
2024-04-27 16:21:29,64,30,1.83,1,8.17,2.75
2024-04-19 19:56:48,182,29,1.01,1,4.93,2.75
2024-04-02 16:07:34,80,87,12.65,1,42.88,2.75
2024-04-06 01:14:02,203,108,1.83,1,7.22,0.0
2024-04-03 22:34:03,182,30,0.7,2,5.44,2.75
2024-04-08 10:39:58,214,46,10.96,3,32.26,2.75
2024-04-30 15:07:59,120,137,3.78,1,13.48,2.75
2024-04-08 04:19:03,241,263,0.63,1,7.27,0.0
2024-04-17 15:08:29,202,63,6.77,5,20.73,0.0
2024-04-09 10:47:50,54,44,1.08,1,7.28,2.75
2024-04-22 08:42:13,145,251,6.18,1,16.69,2.75
2024-04-19 14:12:05,86,207,3.73,2,16.22,0.0
2024-04-02 06:34:44,22,59,1.18,1,4.46,2.75
2024-04-12 17:46:31,236,206,5.39,1,17.98,2.75
2024-04-29 06:37:08,29,84,2.62,1,13.19,0.0
2024-04-06 11:23:26,183,13,4.06,2,13.93,2.75
2024-04-17 02:11:17,160,237,7.63,1,27.26,0.0
2024-04-21 01:17:06,18,158,1.56,1,8.59,0.0
2024-04-01 20:26:08,38,104,2.09,2,11.23,2.75
2024-04-14 20:37:22,101,43,21.16,1,67.95,2.75
2024-04-14 21:12:09,173,179,2.98,5,11.22,2.75
2024-04-21 17:17:08,67,243,3.36,1,14.94,2.75
2024-04-27 21:19:36,191,37,1.68,2,8.04,0.0
2024-04-15 05:29:11,43,250,2.38,1,10.12,2.75
2024-04-12 03:10:58,123,120,2.94,4,14.76,2.75
2024-04-26 07:54:00,196,192,1.55,1,7.84,0.0
2024-04-06 11:01:18,125,62,1.45,1,6.59,0.0
2024-04-17 13:09:00,96,210,3.71,4,16.97,2.75
2024-04-22 02:18:20,157,52,1.21,1,6.22,0.0
2024-04-01 03:59:50,40,210,3.32,1,10.28,2.75
2024-04-06 18:13:39,173,202,4.79,1,13.75,2.75
2024-04-03 12:42:27,173,139,1.27,2,6.07,2.75
2024-04-07 09:13:15,120,19,5.29,1,17.41,2.75
2024-04-03 15:10:36,261,95,2.06,2,10.76,2.75
2024-04-27 21:04:33,124,130,17.63,1,54.29,2.75
2024-04-25 03:07:00,93,105,14.03,1,42.02,0.0
2024-04-28 04:16:55,35,197,6.11,1,20.84,0.0
2024-04-19 11:09:10,128,260,1.97,1,5.22,2.75
2024-04-17 11:08:53,20,39,10.19,1,33.18,2.75
2024-04-27 21:57:32,261,131,23.98,1,74.5,2.75
2024-04-26 11:24:32,167,154,2.67,1,9.81,0.0
2024-04-21 15:57:10,236,41,3.84,4,11.47,0.0
2024-04-12 18:47:36,32,122,0.52,3,3.0,2.75
2024-04-17 03:04:48,231,244,0.66,1,4.12,2.75
2024-04-11 17:50:52,191,245,2.93,2,8.75,2.75
2024-04-07 19:04:33,145,144,3.79,1,14.61,2.75
2024-04-07 22:45:38,101,186,1.81,2,8.99,2.75
2024-04-07 07:57:06,79,35,0.87,1,5.28,2.75
2024-04-01 20:37:11,160,211,5.84,1,18.48,2.75
2024-04-26 02:59:18,255,33,2.4,5,9.2,2.75
2024-04-16 15:39:42,188,159,4.16,1,17.95,0.0
2024-04-22 09:55:31,210,192,4.18,3,16.2,2.75
2024-04-06 17:11:36,241,163,3.27,3,11.98,0.0
2024-04-27 02:04:00,56,252,1.19,1,7.45,2.75
2024-04-27 03:39:15,137,39,3.85,1,9.67,2.75
2024-04-13 12:02:12,106,131,1.86,1,13.11,2.75
2024-04-16 03:04:06,69,96,6.48,1,19.51,0.0
2024-04-20 23:23:32,190,141,1.25,1,6.8,2.75
2024-04-07 16:04:10,192,169,1.7,3,5.78,0.0
2024-04-20 05:55:18,32,99,2.53,1,7.91,2.75
2024-04-06 23:40:00,175,61,5.21,5,20.21,0.0
2024-04-19 11:36:03,258,217,4.96,1,17.13,0.0
2024-04-15 20:48:39,123,77,1.94,1,8.65,2.75
2024-04-11 18:23:40,85,208,3.0,4,12.11,0.0
2024-04-03 03:01:23,216,45,1.43,1,7.99,2.75
2024-04-16 18:51:04,216,202,5.65,1,20.5,2.75
2024-04-07 03:48:45,14,210,1.27,1,8.05,0.0
2024-04-15 05:23:23,37,135,6.49,1,18.28,0.0
2024-04-15 04:49:07,27,22,10.17,1,31.44,2.75
2024-04-23 16:30:20,152,60,17.24,1,52.41,2.75
2024-04-09 22:31:31,64,59,7.31,1,26.53,2.75
2024-04-12 23:11:19,70,231,1.38,2,8.15,2.75
2024-04-25 20:42:44,154,183,2.39,1,10.99,2.75
2024-04-26 18:42:25,253,101,0.83,2,3.14,2.75
2024-04-03 12:36:08,29,114,1.13,1,3.49,0.0
2024-04-02 17:09:38,74,42,0.68,2,3.0,0.0
2024-04-01 16:08:43,59,29,4.09,2,15.46,2.75
2024-04-26 13:36:17,243,97,3.17,3,8.95,2.75
2024-04-15 02:08:29,149,191,9.21,4,31.62,2.75
2024-04-27 21:00:18,10,38,2.68,3,9.16,2.75
2024-04-11 20:43:44,132,207,4.1,1,13.77,2.75
2024-04-14 21:10:38,62,194,2.3,2,8.8,2.75
2024-04-09 06:36:43,262,140,6.69,2,20.06,0.0
2024-04-20 06:51:52,218,257,9.63,1,33.2,2.75
2024-04-27 08:06:38,232,225,2.48,2,7.67,2.75
2024-04-09 01:57:47,72,28,0.8,1,4.35,2.75
2024-04-04 10:29:16,16,190,1.13,2,7.91,2.75
2024-04-10 16:13:22,38,245,4.96,2,13.51,2.75
2024-04-16 18:13:41,177,49,1.88,1,5.43,0.0
2024-04-14 13:10:42,83,204,5.89,1,19.13,2.75
2024-04-05 12:28:28,17,115,5.35,1,18.44,2.75
2024-04-21 07:16:27,156,20,4.65,1,17.56,2.75
2024-04-21 11:25:07,172,85,6.39,1,21.9,2.75
2024-04-01 10:02:40,70,253,5.45,3,19.75,2.75
2024-04-01 05:19:16,71,52,4.0,1,15.21,0.0
2024-04-30 17:59:08,255,148,0.51,1,5.11,0.0
2024-04-30 15:51:28,131,186,3.04,1,8.89,0.0
2024-04-06 07:43:42,49,173,3.67,1,12.47,2.75
2024-04-15 19:30:02,21,114,11.82,3,37.65,0.0
2024-04-22 00:03:50,220,2,4.18,3,15.39,2.75
2024-04-18 11:31:07,187,34,3.5,1,12.39,2.75
2024-04-09 07:55:01,32,161,3.23,1,11.69,2.75
2024-04-11 04:56:49,203,170,0.88,1,4.14,2.75
2024-04-04 12:43:27,242,94,2.45,1,9.78,0.0
2024-04-09 12:46:37,16,248,1.0,3,10.04,2.75
2024-04-26 00:43:11,173,8,0.69,1,4.7,0.0
2024-04-08 11:20:49,137,110,1.9,1,5.95,2.75
2024-04-03 11:09:46,179,32,4.13,3,16.8,2.75
2024-04-23 08:26:24,61,51,7.56,1,21.63,2.75
2024-04-01 08:16:17,104,168,6.32,1,22.0,0.0
2024-04-05 20:51:01,195,66,1.72,1,7.7,2.75
2024-04-03 07:01:50,256,31,0.66,1,7.65,2.75
2024-04-12 23:13:01,76,12,2.3,2,9.88,2.75
2024-04-05 19:10:27,181,23,1.82,1,10.95,2.75
2024-04-28 11:46:03,132,161,2.12,1,8.9,2.75
2024-04-08 23:49:28,151,190,3.37,1,13.4,2.75
2024-04-20 14:40:08,155,241,0.61,1,3.1,2.75
2024-04-20 19:21:43,235,80,2.12,1,8.08,0.0
2024-04-07 11:27:30,248,104,3.36,1,13.81,0.0
2024-04-28 04:06:41,165,78,2.47,2,12.33,0.0
2024-04-28 21:41:24,205,12,4.35,1,12.03,2.75
2024-04-15 02:18:53,165,111,1.22,2,10.31,0.0
2024-04-20 16:05:47,213,260,1.08,2,6.64,2.75
2024-04-03 09:10:27,254,196,1.79,2,7.19,2.75
2024-04-27 14:54:30,157,184,0.88,5,6.08,2.75
2024-04-04 23:07:04,177,146,1.44,1,5.72,2.75
2024-04-17 22:00:59,75,175,0.82,1,6.46,2.75
2024-04-24 17:30:41,178,200,2.3,1,10.78,2.75
2024-04-09 13:34:05,133,188,4.85,4,17.31,2.75
2024-04-14 09:10:45,125,106,1.68,1,5.72,2.75
2024-04-09 11:25:18,127,73,0.51,1,4.08,2.75
2024-04-02 20:09:58,225,214,3.35,1,12.94,2.75
2024-04-20 09:34:39,17,186,4.62,1,18.16,2.75
2024-04-08 05:03:15,246,140,2.24,1,8.1,2.75
2024-04-24 04:23:31,137,167,1.73,5,6.99,2.75
2024-04-24 00:48:14,217,143,2.86,2,13.64,2.75
2024-04-28 02:49:59,196,72,0.87,2,8.51,2.75
2024-04-15 18:28:40,201,147,4.11,1,14.93,0.0
2024-04-12 07:06:46,207,101,5.13,2,20.36,2.75
2024-04-11 02:49:28,16,85,4.77,1,16.8,0.0
2024-04-04 02:20:14,13,143,1.89,3,5.83,0.0
2024-04-14 19:50:01,78,195,6.97,2,22.15,2.75
2024-04-21 22:21:56,214,184,10.77,1,33.41,2.75
2024-04-12 01:33:31,119,67,1.73,1,6.94,2.75
2024-04-10 04:15:55,181,222,1.57,1,6.5,2.75
2024-04-15 15:49:31,137,262,4.76,3,21.03,2.75
2024-04-21 09:12:06,179,22,4.81,1,15.52,2.75
2024-04-04 09:28:33,208,166,3.0,2,9.48,2.75
2024-04-19 17:35:05,54,102,9.49,1,33.38,0.0
2024-04-02 18:47:42,79,110,1.05,2,3.0,2.75
2024-04-19 13:08:45,118,179,2.77,1,11.36,2.75
2024-04-20 21:02:35,106,167,0.63,3,4.34,2.75
2024-04-10 21:13:52,105,134,0.69,1,3.85,0.0
2024-04-20 09:41:23,118,30,0.69,1,3.0,0.0
2024-04-09 04:06:54,229,86,2.87,1,8.98,0.0
2024-04-17 18:12:02,148,9,3.61,1,14.56,0.0
2024-04-02 12:58:34,150,136,0.51,1,6.25,2.75
2024-04-06 16:33:58,256,136,4.0,1,13.19,2.75
2024-04-22 20:21:57,82,140,2.85,1,10.69,2.75
2024-04-08 22:01:16,16,43,1.39,1,4.4,2.75
2024-04-17 01:47:37,193,105,0.55,2,4.32,2.75
2024-04-02 14:38:53,211,31,1.09,1,4.61,0.0
2024-04-04 23:52:45,74,170,3.71,4,14.04,0.0
2024-04-17 22:16:37,61,161,4.26,1,15.06,2.75
2024-04-04 03:00:01,24,253,4.15,1,12.44,2.75
2024-04-20 20:32:36,23,219,1.08,2,5.96,2.75
2024-04-19 07:10:41,258,113,8.98,1,29.31,2.75
2024-04-05 21:35:27,198,220,2.35,1,8.33,0.0
2024-04-17 04:41:38,53,183,5.61,1,21.02,0.0
2024-04-20 05:53:25,139,260,1.14,1,5.71,2.75
2024-04-10 01:20:09,201,12,2.73,1,11.48,2.75
2024-04-20 21:10:26,164,246,3.08,1,15.28,2.75
2024-04-29 06:15:24,92,250,5.65,1,23.23,2.75
2024-04-08 12:38:52,23,58,3.9,1,11.71,2.75
2024-04-09 06:09:51,88,1,2.28,3,10.8,2.75
2024-04-19 01:40:32,182,203,1.66,1,7.12,2.75
2024-04-06 20:22:30,21,44,13.14,1,42.58,2.75
2024-04-04 21:39:24,49,95,1.67,3,9.84,2.75
2024-04-26 20:49:27,190,9,0.99,1,6.91,2.75
2024-04-24 09:21:20,205,262,1.75,1,7.52,0.0
2024-04-28 23:12:18,44,253,1.89,2,10.21,0.0
2024-04-01 13:44:36,128,96,0.98,1,4.49,2.75
2024-04-28 15:17:28,189,130,4.81,1,17.42,2.75
2024-04-18 05:12:44,170,36,3.88,1,15.57,0.0
2024-04-24 06:16:50,201,105,1.83,1,9.55,2.75
2024-04-15 12:52:39,125,199,17.87,1,52.72,0.0
2024-04-01 19:11:33,16,30,4.22,1,13.54,2.75
2024-04-25 11:08:07,20,93,4.75,1,15.22,2.75
2024-04-29 01:49:46,19,236,3.35,1,12.1,0.0
2024-04-19 17:50:26,13,195,3.31,1,13.84,2.75
2024-04-17 13:09:22,17,256,0.57,2,4.68,2.75
2024-04-03 23:12:03,206,31,5.66,2,21.23,2.75
2024-04-23 06:28:08,30,25,8.96,1,32.97,2.75
2024-04-28 06:27:48,43,1,0.96,1,5.42,0.0
2024-04-25 18:00:21,93,118,6.06,1,21.17,2.75
2024-04-14 01:40:50,66,165,3.17,1,14.62,2.75
2024-04-10 14:14:54,119,113,1.68,1,5.57,2.75
2024-04-11 15:43:51,72,195,9.38,1,31.59,2.75
2024-04-04 07:14:51,162,140,0.56,5,4.22,2.75
2024-04-30 08:24:56,218,20,1.62,1,4.42,2.75
2024-04-20 02:19:19,254,231,8.11,1,28.78,2.75
2024-04-26 07:47:57,59,79,2.8,1,13.47,2.75
2024-04-07 20:04:29,32,128,3.7,1,15.47,2.75
2024-04-15 22:35:06,120,85,5.35,2,17.06,2.75
2024-04-13 07:05:07,2,64,1.06,1,10.08,2.75
2024-04-17 14:42:47,118,253,1.35,1,8.56,2.75
2024-04-18 19:54:10,37,94,23.57,1,74.62,0.0
2024-04-20 13:19:36,97,150,1.45,2,8.72,2.75
2024-04-04 01:52:56,257,157,3.21,1,13.31,2.75
2024-04-19 13:53:16,128,216,1.74,1,7.2,0.0
2024-04-01 03:27:47,156,260,7.17,1,24.95,2.75
2024-04-13 14:40:01,145,100,11.92,1,39.59,2.75
2024-04-14 19:19:15,57,122,1.03,1,5.78,0.0
2024-04-13 02:30:51,70,132,3.71,1,12.17,0.0
2024-04-01 21:39:54,44,5,6.34,1,21.94,0.0
2024-04-02 02:10:02,212,233,6.56,1,24.13,2.75
2024-04-20 01:46:22,175,167,2.53,1,10.09,2.75
2024-04-17 14:32:10,141,57,1.39,1,8.9,2.75
2024-04-06 03:34:14,76,31,2.21,1,8.57,0.0
2024-04-02 20:29:45,158,7,5.37,1,18.56,2.75
2024-04-26 05:58:35,85,12,18.28,1,53.88,2.75
2024-04-23 16:03:35,18,10,3.33,2,13.34,0.0
2024-04-29 00:52:20,42,157,1.26,1,3.0,2.75
2024-04-27 17:09:39,134,213,0.65,1,4.6,2.75
2024-04-12 07:48:54,102,141,10.57,1,34.89,2.75
2024-04-04 04:05:58,137,127,2.81,1,11.0,2.75
2024-04-28 10:08:40,222,198,4.91,4,14.62,2.75
2024-04-11 08:47:48,229,137,4.28,3,17.01,2.75
2024-04-16 06:09:15,119,179,8.25,2,30.43,2.75
2024-04-12 09:29:48,99,88,1.58,1,11.35,0.0
2024-04-03 22:51:35,159,164,2.54,2,10.17,0.0
2024-04-06 13:47:12,239,249,9.07,3,29.25,0.0
2024-04-16 03:49:12,189,1,3.58,3,10.79,0.0
2024-04-28 03:54:29,249,172,0.76,3,5.75,2.75
2024-04-13 12:25:16,26,262,1.26,1,9.34,0.0
2024-04-07 03:12:34,189,142,1.45,1,6.61,2.75
2024-04-11 12:43:54,140,93,18.28,1,59.1,2.75
2024-04-27 15:57:49,181,129,1.39,1,3.0,2.75
2024-04-17 08:11:50,21,136,7.63,2,23.46,2.75
2024-04-17 07:59:48,163,111,0.78,1,5.97,2.75
2024-04-01 07:21:45,71,44,1.2,1,3.07,0.0
2024-04-30 10:52:35,82,211,7.7,1,24.01,2.75
2024-04-10 14:26:41,155,247,8.52,1,26.66,0.0
2024-04-15 12:02:10,47,232,1.18,1,7.13,2.75
2024-04-20 02:26:15,194,170,1.41,1,7.03,2.75
2024-04-22 16:58:50,224,234,3.15,1,10.86,2.75
2024-04-03 10:56:44,237,8,0.69,1,3.55,2.75
2024-04-28 03:56:28,10,100,10.67,3,32.43,2.75
2024-04-07 02:42:48,152,253,2.07,4,8.82,0.0
2024-04-30 07:50:22,104,188,2.85,1,12.04,2.75
2024-04-12 06:20:15,124,123,0.89,1,6.8,0.0
2024-04-07 13:43:47,185,132,0.62,5,7.79,2.75
2024-04-28 01:13:28,41,236,2.71,1,11.77,2.75
2024-04-15 16:07:13,11,221,0.95,2,3.3,0.0
2024-04-06 21:03:20,218,62,3.98,1,15.54,2.75
2024-04-14 08:23:39,1,178,6.04,3,17.81,2.75
2024-04-24 10:49:42,171,220,0.61,1,4.02,0.0
2024-04-06 03:19:02,53,171,3.82,1,14.17,2.75
2024-04-01 13:33:04,125,82,6.42,1,23.33,2.75
2024-04-26 13:56:26,175,14,2.53,1,11.57,2.75
2024-04-24 06:10:13,199,54,11.74,1,37.33,2.75
2024-04-30 07:06:36,256,131,0.91,1,5.25,2.75
2024-04-21 12:37:42,172,98,1.87,1,9.96,2.75
2024-04-01 14:59:57,59,201,1.42,1,4.51,2.75
2024-04-25 04:34:13,106,261,20.0,1,64.82,2.75
2024-04-03 02:23:33,125,221,1.72,1,8.62,2.75
2024-04-17 21:47:45,16,5,2.22,1,5.44,0.0
2024-04-17 08:31:59,38,117,7.08,1,24.36,2.75
2024-04-10 06:29:41,243,192,9.81,2,34.14,0.0
2024-04-24 17:24:35,210,116,10.22,1,37.2,2.75
2024-04-09 13:44:46,168,236,3.36,1,11.57,2.75
2024-04-18 13:28:27,98,51,4.31,1,16.53,0.0
2024-04-17 22:08:28,134,13,2.0,5,9.69,0.0
2024-04-27 02:13:27,181,218,3.77,1,14.99,2.75
2024-04-11 04:31:32,222,68,1.76,1,7.43,0.0
2024-04-07 08:28:32,149,231,5.3,1,18.33,0.0
2024-04-18 16:19:33,244,92,1.78,1,7.19,2.75
2024-04-07 14:36:33,76,104,7.9,3,26.75,2.75
2024-04-20 05:43:10,262,78,1.04,4,6.76,2.75
2024-04-10 19:13:42,231,102,3.47,2,11.28,2.75
2024-04-26 01:32:01,191,261,3.07,1,12.68,0.0
2024-04-15 11:21:09,134,226,1.57,1,8.12,2.75
2024-04-16 06:45:09,252,175,0.6,1,4.46,0.0
2024-04-20 12:17:56,245,88,1.06,1,4.39,2.75
2024-04-23 02:03:09,4,118,12.54,1,37.96,2.75
2024-04-09 02:29:06,37,141,10.42,1,30.59,2.75
2024-04-26 03:46:17,71,113,0.94,2,3.0,0.0
2024-04-24 02:32:46,262,249,2.14,1,6.29,0.0
2024-04-19 09:20:58,237,89,2.69,1,11.83,0.0
2024-04-12 18:55:43,178,220,2.78,1,5.77,2.75
2024-04-02 07:05:15,96,51,1.74,1,8.01,2.75
2024-04-05 10:58:25,227,175,9.04,1,27.09,2.75
2024-04-30 20:49:26,11,209,8.87,1,30.53,2.75
2024-04-14 08:20:48,189,117,0.57,2,7.5,0.0
2024-04-04 16:33:41,209,86,4.17,1,15.74,2.75
2024-04-01 09:08:50,13,135,0.77,1,6.57,2.75
2024-04-13 23:38:09,162,220,3.69,1,14.59,2.75
2024-04-09 16:06:51,60,186,7.56,1,22.4,2.75
2024-04-24 01:43:04,5,163,4.17,1,16.55,0.0
2024-04-27 23:14:23,202,127,2.71,1,11.62,0.0
2024-04-14 05:57:14,12,117,11.59,1,38.23,0.0
2024-04-26 06:57:08,240,137,5.3,1,18.63,0.0
2024-04-08 01:20:54,225,256,1.5,1,5.9,2.75
2024-04-07 05:21:31,182,222,2.21,1,9.68,2.75
2024-04-09 22:40:38,178,150,5.49,2,21.18,2.75
2024-04-04 00:37:00,118,236,0.57,1,3.0,2.75
2024-04-06 12:44:03,76,168,0.73,3,4.42,2.75
2024-04-04 21:13:59,46,69,7.37,1,23.97,0.0
2024-04-27 03:49:16,227,209,0.65,1,4.8,2.75
2024-04-05 03:30:34,240,52,4.47,3,17.43,2.75
2024-04-16 14:17:01,141,150,1.84,3,8.38,2.75
2024-04-05 14:10:01,204,13,6.62,3,25.26,2.75
2024-04-22 03:01:00,150,100,7.08,1,22.87,2.75
2024-04-24 21:41:46,130,173,11.23,5,37.53,0.0
2024-04-07 17:32:09,137,237,0.85,4,4.26,2.75
2024-04-26 00:36:22,116,75,2.42,3,7.74,0.0
2024-04-15 00:56:20,161,250,3.49,1,15.91,2.75
2024-04-15 12:52:53,155,78,9.17,1,29.59,0.0
2024-04-30 19:47:34,173,242,1.58,1,5.71,0.0
2024-04-02 05:13:05,130,216,0.76,1,3.87,2.75
2024-04-01 15:19:42,79,220,1.29,3,8.17,2.75
2024-04-20 09:57:45,57,21,2.9,1,13.66,2.75
2024-04-09 03:17:03,57,92,4.5,1,18.89,2.75
2024-04-10 20:45:18,134,100,4.61,1,15.55,0.0
2024-04-29 06:39:04,14,168,0.77,2,4.51,2.75
2024-04-22 16:08:28,147,58,5.52,1,19.49,0.0
2024-04-08 01:00:34,127,89,4.28,2,13.06,2.75
2024-04-12 15:37:10,260,173,2.33,2,10.0,0.0
2024-04-30 22:09:07,218,145,3.46,2,12.55,2.75
2024-04-07 14:58:05,233,121,5.61,1,22.66,0.0
2024-04-02 16:06:15,168,245,1.56,1,6.34,2.75
2024-04-18 14:07:24,143,62,10.35,1,33.49,2.75
2024-04-01 09:46:27,260,89,1.02,1,9.03,2.75
2024-04-12 10:48:00,218,72,8.64,1,27.04,2.75
2024-04-08 14:34:13,146,170,5.23,1,18.57,2.75
2024-04-20 21:08:09,99,173,4.28,1,16.73,0.0
2024-04-18 13:49:20,182,76,0.8,2,3.92,0.0
2024-04-22 22:13:40,169,158,9.3,1,32.15,0.0
2024-04-07 06:29:57,233,213,1.73,1,7.23,2.75
2024-04-01 19:04:13,93,9,5.29,1,18.28,2.75
2024-04-09 00:18:09,117,3,8.06,1,23.13,2.75
2024-04-28 08:28:58,4,170,1.48,1,7.27,0.0
2024-04-15 09:03:42,85,147,9.11,1,28.3,0.0
2024-04-21 18:56:58,167,6,3.81,1,12.14,2.75
2024-04-28 14:18:38,7,171,4.27,1,16.89,2.75
2024-04-21 21:21:38,232,80,9.11,1,30.73,0.0
2024-04-07 09:23:46,251,224,3.12,1,9.74,0.0
2024-04-11 11:16:43,85,43,2.53,4,7.46,2.75
2024-04-04 00:25:10,193,245,4.01,5,10.7,2.75
2024-04-15 19:48:16,123,50,3.33,3,14.95,2.75
2024-04-24 14:46:43,89,130,0.72,2,3.0,2.75
2024-04-17 19:52:33,95,252,1.2,1,6.77,0.0
2024-04-11 20:36:33,45,165,0.55,1,3.0,0.0
2024-04-17 06:23:39,253,101,0.9,1,7.22,2.75
2024-04-18 20:38:23,51,69,5.08,1,19.58,2.75
2024-04-21 13:57:24,65,44,0.52,1,3.0,2.75
2024-04-07 19:20:33,54,150,1.77,1,6.64,2.75
2024-04-14 16:00:59,222,135,2.59,3,10.05,2.75
2024-04-05 13:17:25,72,218,10.22,3,31.93,2.75
2024-04-30 09:15:10,168,148,1.89,2,10.06,0.0
2024-04-23 22:07:05,186,126,5.85,1,20.09,2.75
2024-04-07 10:28:27,143,249,2.34,1,11.42,0.0
2024-04-25 19:48:51,19,54,0.86,1,4.68,2.75
2024-04-17 22:02:22,10,223,0.86,5,7.99,2.75
2024-04-29 15:19:30,171,209,2.48,3,6.87,2.75
2024-04-17 07:39:53,16,144,0.71,1,3.76,0.0
2024-04-25 01:28:57,80,138,3.47,3,14.25,2.75
2024-04-26 22:55:16,190,225,2.88,2,9.52,2.75
2024-04-07 02:29:00,148,102,4.74,1,14.4,0.0
2024-04-16 16:24:57,163,99,1.22,1,3.0,0.0
2024-04-24 18:56:37,138,91,3.65,1,14.07,0.0
2024-04-15 10:31:26,30,204,1.17,1,7.86,2.75
2024-04-29 02:11:55,168,238,4.98,1,16.74,2.75
2024-04-23 13:18:17,91,97,1.78,1,9.02,2.75
2024-04-12 20:53:27,91,121,3.84,3,17.87,2.75
2024-04-14 20:01:08,211,117,8.0,1,28.36,2.75
2024-04-13 11:43:57,174,66,2.84,1,12.66,2.75
2024-04-12 18:12:10,134,131,1.25,1,5.37,2.75
2024-04-10 21:41:35,24,92,8.1,1,26.01,2.75
2024-04-02 07:07:16,201,77,2.05,1,9.37,2.75
2024-04-03 04:24:34,219,238,5.09,1,17.72,2.75
2024-04-28 14:26:59,7,252,1.85,1,8.99,2.75
2024-04-11 07:08:14,6,227,1.74,1,3.0,2.75
2024-04-07 19:59:08,118,141,4.1,1,13.62,2.75
2024-04-16 20:57:26,161,54,1.09,1,7.97,0.0
2024-04-11 12:32:01,85,140,7.56,1,21.46,2.75
2024-04-25 18:31:54,248,146,2.22,1,7.63,0.0
2024-04-04 03:58:17,166,145,0.57,1,3.73,0.0
2024-04-26 13:44:25,145,167,1.78,2,4.19,0.0
2024-04-25 14:27:09,31,86,5.88,1,21.31,0.0
2024-04-21 00:08:26,220,141,7.37,1,25.39,2.75
2024-04-26 06:32:05,133,45,3.44,2,8.85,2.75
2024-04-09 00:37:44,64,128,1.72,2,7.0,0.0
2024-04-09 07:38:50,76,117,3.13,1,11.38,0.0
2024-04-19 06:10:15,131,147,6.84,1,24.31,0.0
2024-04-01 18:59:19,38,147,1.83,1,9.46,0.0
2024-04-06 11:38:39,54,21,2.2,1,10.72,2.75
2024-04-16 17:19:16,130,24,3.22,1,14.27,2.75
2024-04-18 13:01:59,218,158,8.14,1,27.34,0.0
2024-04-10 10:41:57,2,48,3.55,2,16.16,0.0
2024-04-10 16:39:26,246,110,1.31,1,7.6,2.75
2024-04-29 08:03:32,140,59,0.83,1,4.91,0.0
2024-04-14 09:15:43,258,17,0.85,3,8.53,2.75
2024-04-02 02:14:15,105,55,11.0,2,34.0,2.75
2024-04-18 11:20:39,185,137,6.55,1,22.36,2.75
2024-04-15 03:59:41,244,77,5.58,1,19.67,0.0
2024-04-28 01:06:38,164,180,2.9,1,12.24,2.75
2024-04-03 04:45:37,132,85,4.41,2,14.81,2.75
2024-04-30 17:44:24,203,139,0.98,1,4.19,2.75
2024-04-29 17:29:19,210,170,3.89,2,16.46,2.75
2024-04-25 23:32:24,101,242,6.33,1,19.2,2.75
2024-04-27 11:48:30,49,64,0.72,1,7.1,2.75
2024-04-10 15:59:25,239,240,1.73,1,7.52,2.75
2024-04-10 09:40:25,215,95,0.91,1,5.73,2.75
2024-04-21 01:47:08,77,146,1.55,3,6.15,2.75
2024-04-04 07:31:27,151,49,5.68,1,19.12,0.0
2024-04-24 15:41:23,157,145,1.91,1,10.25,2.75
2024-04-18 23:35:49,198,259,4.6,1,15.39,0.0
2024-04-27 08:50:14,24,159,5.69,1,16.04,2.75
2024-04-06 06:41:44,9,217,6.44,1,21.92,2.75
2024-04-26 01:48:23,132,17,7.73,1,24.2,2.75
2024-04-03 17:01:25,77,81,3.69,1,11.71,2.75
2024-04-09 18:36:11,226,184,1.65,1,6.13,2.75
2024-04-06 18:21:35,131,71,1.07,1,10.01,2.75
2024-04-26 02:04:21,90,90,2.95,1,10.98,2.75
2024-04-08 22:34:53,117,197,0.88,1,4.17,0.0
2024-04-14 12:22:12,110,130,8.96,2,31.07,0.0
2024-04-29 04:28:16,227,80,2.54,1,11.21,2.75
2024-04-18 06:00:24,244,203,7.72,1,27.98,2.75
2024-04-01 05:59:36,55,231,4.82,1,19.87,2.75
2024-04-12 23:44:25,37,87,7.31,1,29.34,2.75
2024-04-16 09:04:28,55,227,8.04,1,25.14,2.75
2024-04-26 07:16:43,12,6,0.69,1,6.53,2.75
2024-04-24 12:32:22,185,225,5.02,1,16.13,0.0
2024-04-21 18:41:32,237,146,1.4,1,6.33,0.0
2024-04-22 04:24:36,204,55,16.38,5,52.7,2.75
2024-04-27 15:00:57,211,67,5.77,1,19.96,0.0
2024-04-30 13:38:48,226,185,0.51,1,4.74,2.75
2024-04-07 15:22:02,7,147,9.68,1,31.18,2.75
2024-04-26 01:02:49,220,74,1.71,1,5.83,2.75
2024-04-08 10:17:37,28,139,2.39,3,11.22,2.75
2024-04-21 14:30:48,212,224,3.82,1,11.6,2.75
2024-04-23 08:46:00,189,232,9.18,1,32.91,2.75
2024-04-11 00:36:04,75,183,9.68,1,31.45,0.0
2024-04-14 01:54:30,242,96,3.4,1,14.74,2.75
2024-04-21 18:00:41,114,248,1.83,1,11.88,0.0
2024-04-07 23:05:13,167,132,1.65,2,7.85,2.75
2024-04-26 05:33:39,106,13,2.09,1,6.68,2.75
2024-04-27 05:22:32,151,70,1.2,1,8.48,2.75
2024-04-10 00:39:17,84,256,4.38,1,15.16,2.75
2024-04-23 03:39:40,212,188,3.13,2,9.53,2.75
2024-04-18 10:43:14,177,89,5.7,1,21.5,2.75
2024-04-03 22:37:45,182,154,0.85,1,6.28,0.0
2024-04-07 00:18:13,159,150,2.29,1,9.72,2.75
2024-04-27 04:12:36,189,132,1.46,1,5.25,2.75
2024-04-11 13:01:53,186,144,3.18,1,14.52,2.75
2024-04-24 19:23:37,246,247,2.71,2,12.74,2.75
2024-04-08 13:36:57,42,63,2.59,1,10.22,0.0
2024-04-12 12:47:13,181,170,1.83,1,11.21,0.0
2024-04-24 13:21:26,182,236,5.04,1,19.58,0.0
2024-04-30 21:05:05,218,123,2.8,2,9.52,2.75
2024-04-28 07:59:07,163,8,1.29,1,5.43,0.0
2024-04-23 09:15:16,46,218,3.27,1,13.02,0.0
2024-04-08 21:33:07,92,174,3.68,5,13.21,2.75
2024-04-14 06:19:18,105,126,0.58,1,4.71,2.75
2024-04-06 13:16:07,207,49,1.3,3,4.38,0.0
2024-04-01 02:39:43,139,236,1.47,3,5.53,2.75
2024-04-07 15:37:55,29,256,1.5,1,7.15,0.0
2024-04-18 08:04:10,251,116,1.46,2,7.39,0.0
2024-04-11 23:00:03,191,85,1.61,1,7.76,0.0
2024-04-25 06:06:38,47,120,1.57,1,4.65,0.0
2024-04-16 05:14:21,251,50,8.04,1,26.94,2.75
2024-04-08 20:31:50,263,164,1.85,1,10.05,2.75
2024-04-06 10:04:58,64,148,2.01,1,7.72,2.75
2024-04-02 13:49:09,12,43,1.58,1,5.84,2.75
2024-04-07 14:25:03,29,136,12.5,1,39.12,2.75
2024-04-12 10:37:31,139,246,3.18,1,11.4,2.75
2024-04-12 07:18:04,85,218,3.8,3,16.26,0.0
2024-04-09 18:09:16,74,234,5.15,2,15.42,0.0
2024-04-13 04:49:13,251,263,1.92,1,6.26,2.75
2024-04-10 08:00:34,224,115,12.63,1,36.2,2.75
2024-04-25 20:37:43,47,189,1.08,1,8.1,0.0
2024-04-30 23:29:39,81,197,2.64,1,11.03,0.0
2024-04-05 21:11:03,121,38,1.05,1,3.17,0.0
2024-04-07 11:18:39,43,12,5.97,1,19.97,0.0
2024-04-21 21:10:40,146,124,0.9,1,6.1,2.75
2024-04-23 08:31:46,74,44,3.33,1,13.67,0.0
2024-04-23 17:32:37,53,14,0.89,1,7.2,2.75
2024-04-28 02:34:54,233,52,2.61,1,7.09,2.75
2024-04-26 08:57:51,200,245,1.65,2,9.57,0.0
2024-04-10 12:41:05,162,180,8.68,2,25.15,0.0
2024-04-13 01:28:57,37,130,0.69,4,6.51,2.75
2024-04-25 20:38:27,97,100,4.17,3,16.73,0.0
2024-04-14 21:53:08,49,111,4.66,1,21.26,2.75
2024-04-10 20:30:26,10,92,8.19,1,26.27,2.75
2024-04-19 22:39:08,40,76,7.86,2,24.6,0.0
2024-04-19 09:45:46,153,205,13.71,2,44.22,0.0
2024-04-13 18:20:01,106,22,1.53,1,7.42,2.75
2024-04-27 11:17:53,41,170,1.62,5,11.79,2.75
2024-04-03 18:50:17,164,157,2.27,1,6.49,2.75
2024-04-08 00:09:58,258,222,3.2,1,10.66,2.75
2024-04-02 07:33:26,211,68,2.1,1,6.69,2.75
2024-04-19 08:58:34,202,161,5.22,1,19.03,0.0
2024-04-13 11:18:26,195,174,0.53,1,3.17,2.75
2024-04-09 13:51:07,53,38,0.56,1,5.05,2.75
2024-04-04 00:15:02,147,26,4.91,2,18.52,0.0
2024-04-16 07:22:01,243,254,8.01,1,27.63,2.75
2024-04-19 19:10:24,51,247,5.74,3,19.6,2.75
2024-04-02 17:00:31,114,11,0.94,2,6.73,2.75
2024-04-16 13:04:14,120,238,10.07,1,33.08,2.75
2024-04-28 00:14:57,189,107,3.08,1,10.84,2.75
2024-04-20 23:32:14,46,1,5.25,3,17.25,0.0
2024-04-22 09:06:39,243,11,1.29,2,5.84,2.75
2024-04-28 12:22:27,50,158,3.29,1,15.33,2.75
2024-04-19 23:00:04,11,88,1.9,1,8.27,0.0
2024-04-21 00:19:47,48,242,13.38,1,42.85,0.0
2024-04-04 02:14:51,56,132,2.75,4,10.59,2.75
2024-04-19 18:56:12,8,86,5.43,1,16.77,2.75
2024-04-16 09:32:43,14,110,3.74,1,10.44,2.75
2024-04-02 04:45:35,215,111,0.85,2,5.76,0.0
2024-04-13 03:04:21,245,208,3.24,1,10.42,0.0
2024-04-16 13:45:28,54,74,3.22,1,13.08,2.75
2024-04-19 01:36:54,131,249,4.9,3,17.19,2.75
2024-04-09 08:44:08,9,108,1.86,1,10.16,2.75
2024-04-07 18:00:47,212,4,7.4,3,26.29,2.75
2024-04-05 13:44:25,122,215,3.91,1,15.51,0.0
2024-04-29 02:17:54,114,179,0.64,1,3.0,2.75
2024-04-22 18:06:13,20,155,4.79,3,12.67,0.0
2024-04-11 20:28:07,21,225,8.81,3,31.44,0.0
2024-04-13 03:35:08,208,105,4.52,1,16.22,2.75
2024-04-09 16:52:52,33,84,2.17,1,8.79,2.75
2024-04-04 00:03:47,133,77,3.63,5,12.91,2.75
2024-04-26 21:59:15,191,203,1.16,1,7.06,2.75
2024-04-10 01:21:56,26,241,3.72,5,16.04,2.75
2024-04-28 06:54:41,89,195,2.93,1,10.18,2.75
2024-04-30 09:50:07,92,205,0.59,1,3.0,2.75
2024-04-28 04:59:20,33,214,1.86,1,11.64,0.0
2024-04-09 06:24:21,238,19,1.24,1,7.0,0.0
2024-04-19 05:11:48,18,159,2.23,1,10.09,2.75
2024-04-27 07:55:15,27,212,1.47,1,3.0,0.0
2024-04-03 16:23:27,108,53,6.79,1,23.42,2.75
2024-04-01 06:46:03,226,88,4.69,1,12.61,2.75
2024-04-05 13:39:58,19,160,5.22,5,17.56,2.75
2024-04-24 16:19:50,223,9,2.07,1,10.1,0.0
2024-04-12 09:25:48,104,179,0.51,5,4.67,2.75
2024-04-17 00:44:09,37,83,1.37,1,8.02,2.75
2024-04-25 06:59:32,244,151,5.43,1,17.71,0.0
2024-04-16 21:22:24,43,25,3.73,1,11.86,2.75
2024-04-18 08:14:07,126,225,3.21,1,11.44,2.75
2024-04-09 00:28:14,9,194,1.65,1,7.4,0.0
2024-04-18 21:14:48,14,118,0.78,1,3.69,2.75
2024-04-21 13:12:45,131,248,5.88,1,19.94,0.0
2024-04-27 08:37:56,184,78,0.64,1,4.45,2.75
2024-04-19 11:05:23,53,152,0.71,1,5.15,2.75
2024-04-01 05:44:15,41,56,1.72,1,11.97,0.0
2024-04-24 03:18:05,21,259,3.48,2,11.0,0.0
2024-04-11 23:38:53,208,23,17.5,1,56.4,2.75
2024-04-24 00:41:30,151,162,0.83,1,5.05,2.75
2024-04-06 05:06:40,69,82,2.74,4,14.37,2.75
2024-04-13 09:16:18,27,59,3.72,1,11.93,2.75
2024-04-08 17:07:50,116,66,6.56,3,21.73,0.0
2024-04-23 09:44:14,142,115,4.59,3,15.54,0.0
2024-04-17 02:32:18,41,242,6.27,4,17.2,2.75
2024-04-30 00:31:46,106,109,3.09,1,11.78,0.0
2024-04-22 04:04:34,74,32,2.49,1,10.21,2.75
2024-04-02 23:33:56,60,213,3.87,1,12.84,2.75
2024-04-02 00:55:43,122,88,8.59,5,24.09,2.75
2024-04-06 04:24:35,203,62,3.3,2,14.18,2.75
2024-04-23 15:06:46,11,3,3.76,2,17.21,2.75
2024-04-14 04:13:42,147,262,1.94,1,10.82,0.0
2024-04-09 18:46:35,216,112,3.67,1,13.58,2.75
2024-04-10 10:14:28,14,12,3.96,1,14.1,0.0
2024-04-21 10:11:28,67,53,5.4,1,21.17,0.0
2024-04-03 18:34:07,180,148,3.47,1,15.35,2.75
2024-04-16 23:10:01,242,134,1.27,1,6.7,2.75
2024-04-04 08:32:42,160,84,3.55,2,13.3,0.0
2024-04-04 16:50:49,10,184,1.74,1,9.03,0.0
2024-04-07 07:13:12,124,169,0.82,1,5.35,2.75
2024-04-05 11:21:20,241,49,6.61,1,25.02,2.75
2024-04-23 01:03:31,143,108,0.74,2,5.86,2.75
2024-04-21 20:03:20,167,193,4.0,2,15.92,2.75
2024-04-05 21:57:12,57,214,16.13,3,52.23,2.75
2024-04-19 04:52:12,138,95,0.82,1,4.78,2.75
2024-04-23 11:03:13,17,31,1.37,1,10.22,2.75
2024-04-18 11:23:57,3,156,5.51,1,18.86,2.75
2024-04-16 17:29:50,243,12,0.86,2,4.73,2.75
2024-04-15 11:41:57,108,225,6.76,1,22.28,0.0
2024-04-18 06:20:25,51,163,0.5,2,7.59,2.75
2024-04-16 23:23:08,174,44,8.22,1,23.82,2.75
2024-04-30 06:24:56,116,226,0.74,1,3.5,2.75
2024-04-16 11:26:58,183,253,9.43,1,32.23,0.0
2024-04-20 07:49:05,154,233,7.5,1,25.71,2.75
2024-04-17 22:12:13,247,259,3.21,2,12.63,2.75
2024-04-07 14:23:37,76,180,5.77,1,20.7,2.75
2024-04-02 10:13:19,244,223,0.77,2,7.12,2.75
2024-04-15 19:35:01,81,116,1.01,2,6.0,2.75
2024-04-16 11:19:08,229,5,2.11,1,9.22,2.75
2024-04-25 14:44:57,72,261,3.2,4,14.78,2.75
2024-04-20 03:00:33,218,66,7.59,1,25.75,2.75
2024-04-25 15:20:25,243,15,3.24,1,13.69,2.75
2024-04-05 21:49:50,78,149,4.33,5,10.32,0.0
2024-04-30 12:07:47,158,101,4.49,1,15.11,2.75
2024-04-17 22:54:49,48,218,7.85,3,24.67,2.75
2024-04-11 06:55:43,24,42,5.75,3,18.3,0.0
2024-04-17 05:57:44,110,66,13.71,1,42.94,0.0
2024-04-25 13:04:37,52,120,0.57,1,3.46,2.75
2024-04-26 23:07:47,259,245,1.32,1,8.24,2.75
2024-04-09 18:26:40,139,48,9.83,1,30.49,0.0
2024-04-24 08:05:07,44,255,6.0,1,22.41,2.75
2024-04-25 08:33:37,259,155,1.59,1,8.82,2.75
2024-04-10 08:46:35,113,261,13.31,1,40.33,2.75
2024-04-15 12:41:40,227,17,7.64,1,22.53,2.75
2024-04-01 04:22:13,65,203,0.73,5,4.11,2.75
2024-04-11 09:37:08,163,166,6.34,2,23.84,0.0
2024-04-28 17:45:16,164,48,5.87,1,20.73,2.75
2024-04-25 03:52:40,166,229,1.37,1,10.25,2.75
2024-04-12 21:04:41,39,213,4.37,5,12.78,2.75
2024-04-30 13:51:57,153,216,12.8,1,38.37,2.75
2024-04-13 09:07:14,75,169,4.44,1,13.57,2.75
2024-04-28 02:57:33,257,22,6.38,1,23.06,0.0
2024-04-16 13:47:29,200,113,0.87,1,6.48,2.75
2024-04-12 14:14:35,98,203,5.05,1,18.66,2.75
2024-04-24 19:27:24,104,33,1.3,1,6.98,2.75
2024-04-27 03:39:46,164,89,0.76,1,7.75,0.0
2024-04-20 04:25:28,113,134,3.31,1,12.38,2.75
2024-04-26 04:05:49,103,11,5.36,3,20.87,2.75
2024-04-22 07:24:09,37,27,3.27,1,16.87,2.75
2024-04-01 21:43:29,106,31,9.89,1,30.86,2.75
2024-04-08 05:22:32,187,91,4.66,1,15.56,2.75
2024-04-26 23:49:32,21,169,0.94,1,3.0,2.75
2024-04-02 22:16:02,148,47,10.04,1,34.01,0.0
2024-04-27 16:05:10,129,79,1.08,1,5.1,0.0
2024-04-12 07:11:04,187,2,5.47,1,18.76,0.0
2024-04-04 07:34:13,199,20,1.06,1,9.72,2.75
2024-04-13 23:20:31,235,106,23.45,1,74.11,2.75
2024-04-19 12:53:02,108,90,1.91,1,6.55,2.75
2024-04-03 14:36:49,9,138,2.9,1,10.44,2.75
2024-04-28 01:11:59,226,168,2.7,1,9.17,2.75
2024-04-12 11:17:32,209,141,0.88,1,5.93,2.75
2024-04-09 13:15:25,245,213,2.88,1,11.52,2.75
2024-04-29 12:57:29,66,32,1.07,1,8.35,0.0
2024-04-29 14:52:27,153,30,6.17,1,21.73,2.75
2024-04-22 05:56:15,191,44,11.62,1,36.89,2.75
2024-04-17 17:34:47,218,35,6.28,1,21.93,2.75
2024-04-07 17:45:14,154,45,2.47,3,7.82,2.75
2024-04-23 14:32:30,82,138,0.51,1,3.2,2.75
2024-04-30 00:01:40,221,47,0.63,1,4.6,2.75
2024-04-02 16:28:13,111,185,2.89,1,14.3,0.0
2024-04-20 02:15:34,92,18,4.48,1,17.71,2.75
2024-04-11 12:59:49,12,185,6.49,1,22.49,0.0
2024-04-11 06:00:21,139,72,3.7,2,14.63,0.0
2024-04-04 11:00:18,155,123,13.91,2,46.58,0.0
2024-04-07 11:59:08,23,171,2.88,1,11.04,2.75
2024-04-12 02:40:02,220,77,3.71,1,15.53,0.0
2024-04-09 03:47:04,237,9,1.42,1,5.98,2.75
2024-04-27 12:59:03,253,201,1.95,1,9.01,2.75
2024-04-22 05:01:40,183,243,4.52,5,18.26,2.75
2024-04-03 03:32:21,198,69,3.72,5,15.71,0.0
2024-04-25 11:19:06,170,239,2.12,1,5.37,2.75
2024-04-20 17:15:28,123,11,0.92,1,5.76,2.75
2024-04-07 13:46:51,34,38,1.97,2,9.9,2.75
2024-04-06 10:07:31,3,10,0.66,1,3.58,2.75
2024-04-07 18:05:26,6,16,3.54,1,15.08,2.75
2024-04-04 00:03:45,102,243,1.87,2,6.08,2.75
2024-04-20 10:11:37,192,247,2.17,1,7.28,2.75
2024-04-06 21:50:09,13,42,3.5,1,7.41,2.75
2024-04-24 21:42:11,36,234,3.55,1,12.43,2.75
2024-04-04 11:29:49,70,44,3.61,2,9.04,2.75
2024-04-09 04:59:23,105,164,2.87,3,13.51,2.75
2024-04-25 05:28:53,204,150,2.84,1,14.93,2.75
2024-04-08 07:07:38,55,204,6.53,1,20.24,2.75
2024-04-23 18:41:33,107,231,2.71,4,10.26,2.75
2024-04-29 07:08:33,141,22,3.19,1,12.28,2.75
2024-04-27 17:50:34,225,175,16.05,1,48.95,0.0
2024-04-10 05:05:11,36,242,1.2,1,6.92,2.75
2024-04-07 22:34:09,133,66,5.04,4,17.28,2.75
2024-04-20 23:14:00,25,94,2.74,1,8.01,2.75
2024-04-05 23:08:30,37,213,6.71,4,23.45,2.75
2024-04-01 22:32:51,19,241,2.31,1,10.47,2.75
2024-04-29 15:04:07,35,110,1.76,2,3.68,0.0
2024-04-26 06:30:48,6,47,1.32,1,6.43,2.75
2024-04-14 18:18:58,199,156,7.7,1,24.75,0.0
2024-04-27 00:51:16,34,80,4.93,2,17.84,2.75
2024-04-28 01:38:07,56,45,0.78,1,7.5,0.0
2024-04-16 23:31:19,256,195,4.87,2,19.44,2.75
2024-04-17 19:24:02,211,237,0.62,1,6.42,0.0
2024-04-10 01:34:18,97,211,1.2,1,6.39,2.75
2024-04-22 22:56:39,241,83,3.64,2,12.89,2.75
2024-04-15 03:02:55,170,113,2.68,1,6.44,2.75
2024-04-16 17:56:13,227,131,6.92,1,24.87,0.0
2024-04-22 17:38:07,127,56,3.78,1,15.76,2.75
2024-04-21 09:13:21,21,238,12.23,2,35.85,0.0
2024-04-28 01:13:00,246,26,7.26,1,25.2,0.0
2024-04-17 05:01:47,90,245,1.96,2,10.43,2.75
2024-04-15 15:37:12,6,209,6.79,1,21.12,2.75
2024-04-01 11:18:56,97,183,7.64,1,27.01,2.75
2024-04-16 10:54:10,150,207,12.74,1,38.41,2.75
2024-04-03 10:05:24,80,204,0.54,2,3.2,0.0
2024-04-30 16:21:02,17,208,7.77,2,23.47,0.0
2024-04-05 11:59:02,138,72,0.75,1,6.38,2.75
2024-04-27 20:59:05,140,147,3.13,1,13.51,2.75
2024-04-08 10:35:11,40,204,2.37,1,8.55,2.75
2024-04-08 20:02:15,168,133,9.33,1,27.99,0.0
2024-04-20 12:05:24,74,78,2.32,1,14.74,2.75
2024-04-06 00:14:19,74,97,3.67,1,13.66,2.75
2024-04-05 15:24:32,50,163,4.62,1,16.26,2.75
2024-04-30 06:22:17,10,196,0.57,3,3.0,0.0
2024-04-25 06:07:17,103,116,3.63,1,11.44,2.75
2024-04-17 01:19:28,104,161,3.05,1,12.72,2.75
2024-04-12 01:33:30,142,255,3.65,1,14.16,2.75
2024-04-09 14:27:44,170,70,0.78,1,3.8,2.75
2024-04-30 14:27:54,13,202,0.7,1,6.27,2.75
2024-04-08 16:48:49,157,36,1.18,1,5.61,2.75
2024-04-04 04:15:48,174,218,7.63,4,26.66,2.75
2024-04-30 13:54:33,162,197,2.04,1,9.41,2.75
2024-04-18 02:29:35,132,192,2.49,1,9.66,2.75
2024-04-27 05:54:46,28,86,2.23,1,10.69,2.75
2024-04-28 12:44:16,83,22,4.89,1,19.37,2.75
2024-04-05 20:31:43,251,134,1.55,2,9.19,0.0
2024-04-27 13:08:16,106,161,0.75,5,3.0,0.0
2024-04-21 23:35:01,261,43,2.16,1,11.17,2.75
2024-04-02 19:57:33,14,41,5.05,1,18.65,2.75
2024-04-08 18:02:25,80,183,9.13,3,31.12,0.0
2024-04-20 04:58:57,160,252,0.68,3,3.0,2.75
2024-04-15 19:31:38,178,40,6.32,1,18.53,0.0
2024-04-28 08:54:00,155,87,0.74,3,4.23,0.0
2024-04-09 22:12:23,35,225,1.91,1,4.62,2.75
2024-04-29 23:27:23,259,138,0.58,5,7.68,2.75
2024-04-04 10:24:54,260,138,8.99,1,27.76,2.75
2024-04-17 21:57:13,135,64,4.79,2,14.51,2.75
2024-04-23 03:57:09,131,117,2.11,1,8.02,2.75
2024-04-16 08:25:25,81,98,2.16,2,8.54,0.0
2024-04-06 17:53:09,59,146,4.07,4,15.22,2.75
2024-04-25 20:37:45,74,85,0.83,1,3.0,0.0
2024-04-17 01:02:03,239,51,1.05,1,3.0,2.75
2024-04-19 06:00:45,129,95,7.08,1,22.59,2.75
2024-04-12 10:38:42,138,9,1.29,1,7.49,0.0
2024-04-24 13:56:38,103,89,5.04,1,17.12,2.75
2024-04-23 13:50:39,9,89,1.4,1,7.04,2.75
2024-04-02 02:28:55,232,219,0.82,1,7.19,2.75
2024-04-26 12:23:13,99,161,8.56,1,28.02,0.0
2024-04-13 07:59:20,218,43,8.62,1,29.31,2.75
2024-04-30 02:05:28,237,246,3.75,1,13.57,2.75
2024-04-02 01:27:36,222,258,2.67,1,13.15,2.75
2024-04-26 00:46:06,168,159,3.32,1,13.81,2.75
2024-04-27 04:55:15,62,132,2.34,1,3.98,2.75
2024-04-05 02:05:53,10,47,5.45,1,19.63,2.75
2024-04-30 06:50:00,234,89,5.42,1,22.64,2.75
2024-04-23 21:50:42,87,45,6.48,1,24.39,2.75
2024-04-12 10:25:38,204,194,3.09,1,10.8,0.0
2024-04-11 20:01:06,241,6,6.16,2,22.54,2.75
2024-04-12 08:46:54,56,263,1.09,1,4.0,2.75
2024-04-10 23:40:39,110,196,0.61,1,3.94,2.75
2024-04-20 11:17:25,49,18,4.15,1,13.52,2.75
2024-04-18 18:18:30,243,107,0.89,1,5.44,2.75
2024-04-13 07:39:27,16,69,3.3,1,16.55,2.75
2024-04-13 19:23:43,73,25,4.97,1,14.07,2.75
2024-04-03 17:14:58,202,56,2.33,1,10.93,2.75
2024-04-06 08:05:22,93,1,0.66,1,3.06,2.75
2024-04-08 19:30:25,137,183,8.14,2,25.16,2.75
2024-04-01 19:30:46,33,54,0.65,1,5.32,0.0
2024-04-15 20:32:11,88,81,8.73,1,28.75,2.75
2024-04-29 07:17:24,203,160,0.69,1,5.25,2.75
2024-04-17 18:23:06,39,226,5.15,2,17.85,2.75
2024-04-19 14:02:32,114,109,9.56,1,30.87,0.0
2024-04-07 14:33:39,247,44,8.81,1,29.12,2.75
2024-04-23 13:51:00,208,201,8.33,3,27.3,2.75
2024-04-10 08:10:40,211,147,8.01,2,26.06,0.0
2024-04-29 05:51:22,59,199,3.0,1,11.62,0.0
2024-04-13 00:18:06,156,234,3.36,1,11.58,2.75
2024-04-29 06:41:32,122,184,3.88,3,17.1,0.0
2024-04-25 22:33:48,120,35,8.42,2,24.53,0.0
2024-04-19 08:07:04,62,209,6.87,3,20.25,0.0
2024-04-13 17:17:24,158,63,5.85,2,23.22,0.0
2024-04-12 23:03:08,40,82,4.44,1,17.25,2.75
2024-04-06 05:33:09,242,263,3.87,1,11.61,2.75
2024-04-10 11:39:15,40,255,9.45,1,32.28,2.75
2024-04-08 16:44:38,190,39,1.25,1,4.79,2.75
2024-04-09 07:26:37,234,23,1.25,1,7.08,2.75
2024-04-25 19:45:51,15,84,14.65,2,46.4,2.75
2024-04-02 17:14:29,124,206,3.32,2,13.42,0.0
2024-04-28 01:17:02,228,95,2.81,1,11.25,2.75
2024-04-13 22:02:16,48,63,7.15,1,22.26,2.75
2024-04-06 23:26:34,189,137,7.13,1,22.87,2.75
2024-04-25 04:47:05,47,151,1.18,1,6.21,2.75
2024-04-07 00:28:32,184,117,1.17,1,3.19,0.0
2024-04-13 18:31:59,105,191,6.05,1,19.43,0.0
2024-04-16 00:34:31,247,202,5.89,1,19.73,2.75
2024-04-13 17:16:06,206,250,1.39,1,6.71,2.75
2024-04-28 23:54:13,18,87,6.95,1,22.1,2.75
2024-04-13 03:48:02,251,74,2.79,1,12.37,2.75
2024-04-07 03:50:49,238,37,2.72,1,7.58,2.75
2024-04-25 04:36:18,66,125,15.36,1,48.62,2.75
2024-04-03 04:42:53,150,166,3.06,2,12.87,2.75
2024-04-04 23:13:28,193,1,1.02,2,11.63,2.75
2024-04-14 01:49:35,147,71,1.65,1,4.78,0.0
2024-04-26 10:15:16,183,108,1.92,1,4.29,0.0
2024-04-24 16:41:38,106,86,11.63,1,39.35,2.75
2024-04-14 13:15:33,236,181,1.57,1,8.09,2.75
2024-04-17 02:30:49,126,25,2.47,4,10.61,2.75
2024-04-30 03:42:09,179,151,5.35,3,14.61,0.0
2024-04-28 21:24:24,13,203,1.62,1,6.89,2.75
2024-04-10 22:48:54,231,51,4.73,1,17.19,2.75
2024-04-12 17:21:24,28,220,1.31,1,3.7,0.0
2024-04-20 07:17:12,261,57,1.47,1,3.98,2.75
2024-04-27 03:08:48,100,82,15.52,2,47.73,0.0
2024-04-22 16:02:34,188,164,2.11,1,7.15,2.75
2024-04-11 13:46:45,119,183,5.08,3,19.02,0.0
2024-04-18 11:33:19,46,180,6.92,4,22.23,0.0
2024-04-01 04:42:19,68,86,1.99,1,6.43,2.75
2024-04-24 19:15:47,171,111,2.05,1,12.9,2.75
2024-04-30 09:51:23,196,158,5.69,2,20.74,2.75
2024-04-04 13:10:04,20,45,3.77,1,14.65,0.0
2024-04-24 12:37:36,111,38,2.07,1,6.77,0.0
2024-04-27 13:54:06,146,20,5.35,5,16.4,2.75
2024-04-25 23:47:51,192,97,7.48,1,24.3,0.0
2024-04-17 21:04:11,229,59,1.44,1,9.45,2.75
2024-04-12 14:49:10,12,224,0.59,1,3.0,2.75
2024-04-15 16:03:23,217,189,1.62,1,3.5,0.0
2024-04-16 05:29:37,79,59,4.43,2,12.49,0.0
2024-04-02 17:36:45,36,8,9.14,1,26.19,2.75
2024-04-22 11:02:45,28,102,7.46,1,23.44,2.75
2024-04-22 15:27:18,86,21,1.38,1,9.05,2.75
2024-04-27 00:23:57,188,216,7.95,3,22.45,2.75
2024-04-20 11:04:36,254,231,6.33,3,21.31,2.75
2024-04-05 08:47:04,80,236,5.14,2,16.56,0.0
2024-04-23 04:47:16,186,151,4.58,2,15.86,2.75
2024-04-06 13:11:38,5,68,6.26,4,20.03,2.75
2024-04-14 17:07:16,46,46,7.42,1,20.36,2.75
2024-04-03 18:09:38,102,222,6.48,2,20.94,2.75
2024-04-04 00:03:38,2,240,0.95,1,7.22,2.75
2024-04-25 14:47:12,217,156,4.98,2,17.8,2.75
2024-04-03 17:07:13,25,95,6.94,1,22.76,2.75
2024-04-24 10:49:59,257,97,1.22,1,7.61,2.75
2024-04-05 05:14:06,223,83,1.34,1,6.09,2.75
2024-04-30 16:26:08,69,245,5.9,1,18.72,2.75
2024-04-06 04:42:14,197,63,1.98,5,6.79,0.0
2024-04-13 03:02:05,182,10,2.29,1,8.85,2.75
2024-04-19 06:31:00,18,89,2.16,1,11.8,2.75
2024-04-22 18:50:26,107,165,1.34,1,4.4,0.0
2024-04-21 04:11:07,17,215,10.28,2,31.26,0.0
2024-04-17 18:45:15,125,72,6.24,3,23.05,2.75
2024-04-25 01:13:58,82,208,1.51,1,7.39,2.75
2024-04-18 00:46:57,4,139,0.89,1,8.13,2.75
2024-04-10 12:41:11,115,246,2.13,1,11.82,0.0
2024-04-23 11:28:40,137,129,2.38,3,11.31,2.75
2024-04-20 11:29:24,228,100,0.52,1,5.65,2.75
2024-04-30 02:59:16,16,11,8.14,1,27.08,0.0
2024-04-10 12:18:59,212,176,7.17,1,20.38,2.75
2024-04-02 03:34:04,246,150,7.14,1,22.17,2.75
2024-04-29 18:18:04,177,75,6.24,1,19.68,2.75
2024-04-17 21:13:55,31,99,5.12,5,19.99,2.75
2024-04-29 22:28:40,50,243,4.02,1,18.08,2.75
2024-04-15 10:50:41,143,83,11.79,1,37.88,0.0
2024-04-25 21:01:19,52,70,4.85,5,17.53,2.75
2024-04-12 11:38:01,233,228,3.98,1,13.23,0.0
2024-04-10 23:24:24,166,172,5.94,2,19.8,0.0
2024-04-20 12:37:20,38,131,1.49,4,6.1,2.75
2024-04-26 10:04:34,20,10,12.45,2,43.33,0.0
2024-04-29 02:55:00,99,56,0.57,4,7.35,0.0
2024-04-17 02:50:52,215,33,4.16,1,12.31,2.75
2024-04-08 04:37:38,44,244,0.78,1,5.08,2.75
2024-04-18 17:23:59,111,226,7.22,4,23.62,2.75
2024-04-22 01:50:42,89,228,12.51,1,32.6,0.0
2024-04-25 00:04:50,118,245,2.34,2,12.14,0.0
2024-04-14 09:11:40,239,103,7.31,1,29.38,0.0
2024-04-05 14:33:28,72,197,1.93,2,10.28,2.75
2024-04-16 07:45:57,163,209,1.11,1,5.09,0.0
2024-04-22 20:03:14,251,192,1.63,1,9.96,0.0
2024-04-12 13:34:51,195,127,1.76,3,8.73,0.0
2024-04-22 11:04:20,60,10,3.99,1,18.45,2.75
2024-04-24 20:19:16,98,66,6.07,1,21.41,2.75
2024-04-28 03:18:13,73,158,1.3,3,6.4,0.0
2024-04-12 22:28:48,222,256,0.82,5,4.86,2.75
2024-04-19 14:38:15,119,35,1.38,1,6.08,2.75
2024-04-03 00:20:01,182,167,1.73,1,8.8,0.0
2024-04-16 22:21:07,218,22,1.65,3,10.45,0.0
2024-04-18 08:34:03,256,67,1.37,1,4.44,0.0
2024-04-28 22:43:27,88,198,2.7,1,12.28,2.75
2024-04-01 18:17:47,26,100,7.28,2,30.46,0.0
2024-04-02 00:39:40,121,195,0.87,2,3.14,0.0
2024-04-11 02:47:52,30,100,7.43,2,26.66,0.0
2024-04-28 11:24:47,202,75,2.91,2,11.03,0.0
2024-04-01 00:12:07,36,17,4.28,1,12.48,2.75
2024-04-12 19:04:11,125,147,6.41,1,18.28,2.75
2024-04-17 08:48:39,223,250,1.77,1,9.24,2.75
2024-04-14 10:24:49,235,255,11.29,1,33.83,0.0
2024-04-15 16:16:22,124,188,0.81,2,6.64,0.0
2024-04-29 19:35:27,171,240,3.13,2,12.09,0.0
2024-04-05 12:32:12,181,176,1.53,1,10.9,2.75
2024-04-30 18:05:46,215,32,2.33,1,7.67,2.75
2024-04-27 01:29:03,118,122,2.59,1,8.24,2.75
2024-04-24 03:39:58,227,28,9.11,1,32.17,2.75
2024-04-15 12:22:59,37,189,2.54,1,9.55,2.75
2024-04-27 08:15:58,96,140,4.69,1,18.38,0.0
2024-04-17 10:52:05,120,186,11.11,1,38.44,0.0
2024-04-23 14:31:37,12,110,2.89,2,14.26,2.75
2024-04-25 10:13:37,122,255,2.34,1,6.98,2.75
2024-04-17 22:13:37,35,35,13.14,4,41.29,2.75
2024-04-20 03:01:26,251,222,6.65,1,18.98,2.75
2024-04-29 00:33:08,67,110,10.33,1,36.07,0.0
2024-04-08 19:44:59,38,261,2.27,3,9.03,2.75
2024-04-04 16:32:54,230,2,4.67,1,11.76,2.75
2024-04-06 15:10:26,168,234,1.51,2,9.37,2.75
2024-04-08 14:01:53,246,99,7.53,1,26.89,2.75
2024-04-08 01:57:48,79,119,9.96,5,30.39,2.75
2024-04-04 22:20:06,114,10,1.59,2,6.89,2.75
2024-04-17 07:02:37,217,73,0.89,1,6.43,2.75
2024-04-14 05:44:46,200,209,1.28,3,8.51,2.75
2024-04-14 22:37:36,242,124,4.01,1,13.3,2.75
2024-04-09 13:07:36,13,38,1.61,1,9.35,2.75
2024-04-14 04:14:12,207,94,4.06,1,14.21,2.75
2024-04-08 21:43:06,262,233,2.01,1,9.35,0.0
2024-04-05 04:06:40,97,163,9.2,1,30.73,2.75
2024-04-17 08:00:57,71,140,2.61,3,6.69,2.75
2024-04-27 11:33:33,230,242,2.91,1,9.8,2.75
2024-04-21 10:59:41,32,170,2.0,1,6.07,2.75
2024-04-28 04:26:58,250,98,0.77,1,3.19,2.75
2024-04-08 06:29:11,254,67,2.88,1,11.76,2.75
2024-04-12 01:50:04,259,104,5.71,1,18.07,0.0
2024-04-04 21:11:50,182,141,11.2,1,36.76,2.75
2024-04-06 05:38:53,166,203,0.78,1,3.0,2.75
2024-04-24 16:44:23,4,137,6.09,1,20.11,0.0
2024-04-10 22:13:37,145,263,1.59,3,10.23,2.75
2024-04-01 13:57:28,165,106,6.56,2,20.55,2.75
2024-04-15 12:25:04,105,130,1.96,1,9.93,2.75
2024-04-24 15:09:41,36,261,0.93,2,3.0,2.75
2024-04-26 04:44:00,169,113,3.81,5,15.6,2.75
2024-04-03 18:45:46,8,116,8.35,1,25.79,2.75
2024-04-08 03:53:41,86,138,1.2,3,4.67,2.75
2024-04-01 11:39:14,97,161,0.58,1,6.32,2.75
2024-04-05 01:44:23,30,108,8.03,2,21.8,2.75
2024-04-08 16:29:24,101,248,4.69,1,16.2,2.75
2024-04-21 19:04:01,67,134,6.29,2,23.25,2.75
2024-04-04 00:58:59,63,14,0.72,3,3.0,0.0
2024-04-19 16:11:47,32,78,8.24,1,26.91,2.75
2024-04-29 00:46:01,87,225,2.4,1,7.25,2.75
2024-04-04 02:28:36,211,121,8.48,1,26.55,2.75
2024-04-21 11:45:30,51,223,0.73,1,4.89,2.75
2024-04-06 08:57:51,63,209,8.06,4,27.65,2.75
2024-04-05 05:19:25,80,240,4.42,1,16.7,2.75
2024-04-23 05:26:22,232,21,3.33,1,14.88,2.75
2024-04-25 19:01:04,101,93,0.72,1,4.18,2.75
2024-04-01 03:34:39,129,255,4.58,3,15.01,2.75
2024-04-07 11:01:26,19,162,3.69,3,14.38,2.75
2024-04-18 17:26:58,94,252,5.03,1,19.78,0.0
2024-04-09 02:50:33,81,188,4.91,1,15.82,2.75
2024-04-17 01:08:31,103,112,2.55,1,10.7,0.0
2024-04-06 15:32:27,154,30,1.3,2,7.29,0.0
2024-04-02 20:17:52,118,168,9.3,1,30.46,2.75
2024-04-25 04:50:28,225,96,9.59,1,31.99,2.75
2024-04-20 15:40:19,137,135,1.33,1,7.88,2.75
2024-04-21 14:17:52,226,38,3.99,1,14.96,2.75
2024-04-16 01:28:08,229,69,1.29,1,6.33,0.0
2024-04-23 04:13:57,108,234,7.41,4,24.48,0.0
2024-04-28 17:57:46,7,67,0.86,1,7.13,2.75
2024-04-27 22:09:28,128,56,16.69,1,53.3,0.0
2024-04-23 09:29:44,173,192,3.8,1,16.16,2.75
2024-04-16 11:56:11,214,120,0.58,1,4.47,2.75
2024-04-13 16:36:53,247,11,7.98,4,27.73,2.75
2024-04-02 01:35:15,106,146,4.54,1,17.22,0.0
2024-04-24 14:01:41,83,14,4.68,1,15.38,2.75
2024-04-06 14:07:50,203,34,1.63,1,3.0,2.75
2024-04-13 22:49:36,41,204,1.94,1,5.04,0.0
2024-04-05 04:55:08,205,86,9.1,1,31.48,2.75
2024-04-21 19:10:38,49,154,4.03,1,15.7,0.0
2024-04-26 21:55:26,143,170,0.56,5,4.19,2.75
2024-04-01 04:16:25,141,167,1.89,1,8.66,0.0
2024-04-19 14:54:45,53,185,3.69,1,12.24,0.0
2024-04-02 08:36:09,107,113,1.06,1,4.23,2.75
2024-04-09 14:56:30,33,144,0.86,1,4.51,2.75
2024-04-26 07:22:34,200,211,0.71,1,6.24,2.75
2024-04-28 05:01:16,119,191,3.99,2,16.55,2.75
2024-04-26 19:55:37,229,182,1.85,2,8.71,0.0
2024-04-21 05:34:36,118,155,2.14,1,9.12,0.0
2024-04-14 08:11:42,176,192,0.72,2,4.55,2.75
2024-04-20 02:28:42,185,81,5.19,1,17.29,2.75
2024-04-15 01:21:28,215,49,5.59,2,15.31,2.75
2024-04-13 03:02:18,221,55,6.69,4,24.31,2.75
2024-04-22 14:20:15,130,67,4.19,1,16.46,2.75
2024-04-24 09:57:07,246,115,5.69,1,20.16,2.75
2024-04-14 12:13:33,123,112,3.51,1,14.27,0.0
2024-04-11 11:59:13,8,159,2.87,1,14.64,2.75
2024-04-13 10:36:09,67,107,1.55,2,6.13,0.0
2024-04-19 20:52:24,115,26,0.69,2,5.19,2.75
2024-04-23 06:14:58,105,110,1.71,1,5.15,2.75
2024-04-20 19:50:43,25,66,4.53,2,19.57,2.75
2024-04-07 00:49:57,53,205,9.65,1,31.61,2.75
2024-04-10 04:07:05,247,101,1.54,1,3.09,2.75
2024-04-14 05:17:06,33,206,4.38,1,14.9,0.0
2024-04-19 03:12:52,36,1,2.78,1,13.44,0.0
2024-04-01 14:27:46,239,224,3.96,1,15.83,2.75
2024-04-29 14:25:46,217,70,0.51,2,7.34,2.75
2024-04-22 17:39:10,177,150,0.96,2,5.16,2.75
2024-04-13 07:45:14,44,215,1.36,3,8.24,2.75
2024-04-26 15:28:30,158,142,8.34,1,28.27,2.75
2024-04-03 23:48:00,171,14,0.64,1,5.12,2.75
2024-04-30 08:08:15,221,199,3.45,1,10.9,0.0
2024-04-16 06:38:30,230,19,9.74,1,25.59,2.75
2024-04-14 01:03:18,91,150,4.2,1,14.99,0.0
2024-04-12 16:53:34,131,262,2.82,4,6.77,0.0
2024-04-25 14:37:18,226,74,2.21,2,10.33,0.0
2024-04-26 17:25:56,225,145,3.93,1,13.45,2.75
2024-04-23 09:43:42,143,133,2.79,1,9.2,2.75
2024-04-14 12:25:00,66,148,4.78,3,15.11,2.75
2024-04-30 18:58:57,28,79,3.87,1,14.27,2.75
2024-04-17 15:54:01,125,215,3.43,1,14.71,0.0
2024-04-01 00:57:15,212,33,11.5,2,36.41,2.75
2024-04-23 09:55:13,80,194,6.82,1,21.45,0.0
2024-04-22 20:32:19,238,178,3.79,3,12.38,2.75
2024-04-18 00:34:11,132,201,3.21,2,15.37,2.75
2024-04-09 06:01:57,119,3,5.01,1,17.44,0.0
2024-04-29 14:52:33,46,53,6.2,1,15.63,2.75
2024-04-04 09:14:01,84,258,1.72,1,6.88,0.0
2024-04-28 13:16:58,13,121,4.35,1,12.68,2.75
2024-04-17 19:11:51,125,150,1.01,4,4.3,2.75
2024-04-01 02:18:34,172,153,2.47,5,7.56,2.75
2024-04-08 03:41:59,234,217,10.26,1,37.09,2.75
2024-04-08 10:11:02,181,135,1.88,2,8.78,2.75
2024-04-26 23:13:01,51,256,1.09,5,7.9,0.0
2024-04-27 22:24:49,169,62,1.05,1,9.43,2.75
2024-04-07 07:17:33,207,63,2.25,1,9.83,0.0
2024-04-04 11:39:33,148,68,1.39,1,11.77,0.0
2024-04-16 04:34:17,37,225,2.45,1,6.79,0.0
2024-04-05 13:13:06,161,137,4.94,4,20.14,2.75
2024-04-21 14:02:48,106,46,8.17,1,27.4,2.75
2024-04-04 22:32:42,22,95,0.91,1,6.97,2.75
2024-04-09 20:36:27,233,247,5.62,2,19.07,2.75
2024-04-28 01:37:06,122,214,0.88,2,6.45,0.0
2024-04-26 18:17:24,129,256,2.17,1,9.86,0.0
2024-04-09 19:53:10,217,48,20.34,1,63.33,0.0
2024-04-21 06:08:13,148,93,0.75,1,5.04,2.75
2024-04-24 09:45:27,58,6,0.58,1,7.75,2.75
2024-04-15 03:04:42,237,193,1.92,1,6.8,0.0
2024-04-13 03:21:10,70,103,11.06,2,38.76,2.75
2024-04-10 09:17:08,189,74,0.57,3,3.0,0.0
2024-04-26 09:48:57,242,74,1.38,1,7.97,2.75
2024-04-25 22:45:34,63,113,3.73,1,13.58,2.75
2024-04-16 14:40:18,241,152,1.43,1,8.05,2.75
2024-04-08 00:41:57,185,263,0.69,3,5.18,2.75
2024-04-16 16:55:48,259,86,0.69,1,5.61,2.75
2024-04-25 07:35:23,229,58,3.37,1,13.88,0.0
2024-04-17 00:40:19,223,149,3.39,3,13.06,0.0
2024-04-20 14:27:55,99,214,4.79,4,19.37,2.75
2024-04-12 06:38:23,247,95,0.99,1,6.52,0.0
2024-04-22 10:36:06,45,208,2.92,3,14.77,0.0
2024-04-12 18:29:32,5,143,3.72,2,13.22,2.75
2024-04-04 17:03:00,11,83,1.38,1,5.17,2.75
2024-04-08 12:19:39,39,52,3.27,1,13.23,0.0
2024-04-10 00:19:20,42,17,4.81,1,14.07,2.75
2024-04-12 23:57:38,203,218,16.93,1,55.47,2.75
2024-04-06 13:31:14,94,228,3.68,1,12.84,2.75
2024-04-14 00:55:00,5,201,7.41,1,26.57,2.75
2024-04-07 09:47:00,52,82,6.78,2,23.57,2.75
2024-04-29 19:44:57,150,128,10.36,1,33.5,2.75
2024-04-05 13:10:56,205,80,4.99,1,18.12,2.75
2024-04-02 00:43:51,187,189,1.34,1,3.66,0.0
2024-04-03 02:50:24,153,156,1.74,1,6.9,2.75
2024-04-13 10:54:08,116,160,5.87,1,21.72,2.75
2024-04-25 23:11:38,149,242,3.07,1,9.05,2.75
2024-04-18 21:49:18,220,82,1.51,4,8.21,0.0
2024-04-11 22:19:13,192,44,4.24,1,16.95,2.75
2024-04-13 04:02:21,233,162,8.8,1,27.61,2.75
2024-04-04 12:46:58,221,221,2.05,4,11.31,2.75
2024-04-29 11:54:51,47,149,3.67,1,15.13,2.75
2024-04-20 09:04:11,127,124,3.55,1,15.91,2.75
2024-04-22 02:39:40,215,1,0.98,1,6.18,0.0
2024-04-30 23:35:29,7,183,0.83,2,4.17,2.75
2024-04-23 18:20:49,184,208,8.21,4,29.47,2.75
2024-04-20 22:15:42,116,97,9.99,1,32.49,2.75
2024-04-08 19:06:56,52,21,8.71,1,30.51,2.75
2024-04-05 05:40:47,46,223,2.27,1,8.41,2.75
2024-04-07 00:06:30,23,48,1.69,4,6.48,2.75
2024-04-20 09:40:43,131,32,10.48,2,32.46,0.0
2024-04-25 17:28:11,127,130,8.0,4,29.33,0.0
2024-04-04 12:35:43,196,245,6.5,1,23.31,0.0
2024-04-17 20:34:58,48,52,1.92,1,5.3,2.75
2024-04-07 00:09:53,82,209,4.06,5,14.06,2.75
2024-04-09 06:02:12,109,230,5.36,1,19.03,0.0
2024-04-18 16:21:11,263,186,3.5,1,16.03,2.75
2024-04-12 08:34:31,31,162,3.72,1,13.09,0.0
2024-04-26 19:18:57,56,199,5.45,1,20.97,0.0
2024-04-12 11:36:46,189,33,5.6,4,22.69,2.75
2024-04-26 21:42:34,5,19,1.46,2,4.4,0.0
2024-04-01 00:54:45,145,121,2.23,1,9.32,2.75
2024-04-29 17:42:13,196,69,5.82,3,18.67,0.0
2024-04-14 20:19:12,27,215,1.56,1,10.1,0.0
2024-04-20 17:28:11,127,123,9.15,1,31.1,2.75
2024-04-16 23:48:08,135,54,6.89,1,22.3,0.0
2024-04-13 18:14:51,23,21,8.4,1,25.75,2.75
2024-04-29 13:47:19,117,97,1.73,1,6.44,0.0
2024-04-08 16:59:39,8,138,0.89,1,3.28,2.75
2024-04-15 11:47:18,101,42,0.87,1,4.0,0.0
2024-04-10 01:51:18,261,246,3.34,5,11.28,2.75
2024-04-23 11:51:48,199,28,1.78,1,8.92,2.75
2024-04-06 20:59:13,86,58,1.57,1,5.63,2.75
2024-04-12 07:19:38,228,127,1.38,1,7.65,2.75
2024-04-29 14:16:02,179,263,3.39,2,11.32,0.0
2024-04-30 09:01:16,240,144,3.28,1,9.99,0.0
2024-04-15 12:50:02,12,93,2.42,1,9.26,2.75
2024-04-15 20:02:25,234,35,1.02,1,4.3,2.75
2024-04-07 03:41:01,183,92,9.75,2,29.45,0.0
2024-04-23 00:34:31,190,263,2.45,1,8.62,2.75
2024-04-08 04:50:15,215,14,0.96,1,8.55,2.75
2024-04-21 23:04:09,258,202,0.63,1,3.57,2.75
2024-04-05 00:10:29,26,144,1.08,1,6.32,0.0
2024-04-14 12:02:52,82,245,1.73,1,6.33,2.75
2024-04-07 12:31:48,185,12,3.98,4,16.01,2.75
2024-04-29 19:36:39,62,71,12.88,1,38.51,2.75
2024-04-19 02:35:47,30,184,1.61,1,9.63,2.75
2024-04-07 03:45:30,31,104,5.96,1,22.21,2.75
2024-04-01 22:12:51,173,11,8.98,1,29.2,2.75
2024-04-19 20:20:20,102,208,2.24,3,12.45,2.75
2024-04-18 01:52:32,128,225,1.52,3,8.66,0.0
2024-04-22 16:20:00,86,54,2.86,1,15.78,2.75
2024-04-19 03:00:49,28,173,8.45,2,29.4,2.75
2024-04-05 14:26:37,122,247,0.54,1,3.0,2.75
2024-04-17 21:55:50,251,153,2.83,1,9.71,0.0
2024-04-16 12:38:22,61,106,5.46,1,20.72,2.75
2024-04-16 05:25:02,171,159,3.72,1,10.68,0.0
2024-04-03 03:36:24,113,106,2.91,1,11.1,0.0
2024-04-15 21:03:32,194,193,3.32,2,6.47,0.0
2024-04-30 22:08:33,19,73,3.88,4,16.02,0.0
2024-04-14 21:05:10,93,43,4.51,1,15.81,2.75
2024-04-10 19:07:42,217,194,2.04,3,7.76,2.75
2024-04-09 09:04:39,179,129,3.05,1,11.49,0.0
2024-04-26 09:37:01,191,108,1.62,1,5.94,0.0
2024-04-19 17:56:54,163,103,14.97,1,45.22,2.75
2024-04-17 17:11:55,100,133,1.23,2,6.28,2.75
2024-04-18 09:25:18,187,250,1.07,1,4.88,2.75
2024-04-14 18:22:05,67,103,1.6,1,5.32,2.75
2024-04-14 19:52:17,73,238,9.34,1,34.33,0.0
2024-04-29 23:04:35,232,108,4.26,1,15.09,2.75
2024-04-05 14:47:05,189,137,2.63,1,9.54,2.75
2024-04-21 07:31:29,50,25,9.58,1,31.16,2.75
2024-04-22 19:45:47,124,118,8.56,1,27.99,2.75
2024-04-30 08:01:51,157,230,2.3,1,8.98,0.0
2024-04-13 09:38:32,261,256,3.4,3,9.85,2.75
2024-04-22 19:39:50,195,9,8.75,1,31.4,2.75
2024-04-06 19:17:57,256,119,1.85,1,6.41,2.75
2024-04-11 09:21:31,200,119,2.33,1,12.66,2.75
2024-04-03 16:03:16,68,91,6.01,1,18.18,2.75
2024-04-20 07:18:26,80,172,4.7,1,18.44,2.75
2024-04-10 06:06:35,233,211,0.67,1,6.58,2.75
2024-04-20 20:47:53,186,116,0.94,1,5.47,0.0
2024-04-19 11:08:03,105,22,7.05,1,20.09,2.75
2024-04-17 14:11:22,142,55,0.61,2,4.55,2.75
2024-04-27 15:40:23,124,108,9.34,1,33.14,2.75
2024-04-04 09:45:58,223,77,1.61,1,4.58,0.0
2024-04-21 19:07:50,174,61,3.69,1,12.8,2.75
2024-04-07 02:18:21,191,122,3.41,1,10.87,2.75
2024-04-19 07:32:49,140,92,2.27,1,10.38,2.75
2024-04-09 23:34:01,119,222,0.61,1,7.61,2.75
2024-04-14 16:15:53,76,130,1.25,1,6.24,2.75
2024-04-15 10:35:52,109,248,3.84,1,12.56,2.75
2024-04-05 12:27:27,119,121,2.57,2,13.99,0.0
2024-04-06 19:07:30,258,201,2.37,1,10.07,2.75
2024-04-14 11:11:13,20,161,0.86,1,5.02,2.75
2024-04-13 19:29:44,119,250,1.99,3,8.06,0.0
2024-04-02 08:28:28,137,218,3.12,2,9.64,0.0
2024-04-28 02:52:25,255,63,0.78,1,6.22,2.75
2024-04-20 03:03:15,167,217,0.74,1,6.53,0.0
2024-04-10 20:32:43,165,64,2.87,2,10.58,2.75
2024-04-10 20:18:32,29,212,3.38,1,14.04,2.75
2024-04-14 11:59:34,35,120,1.54,1,3.0,2.75
2024-04-08 10:05:42,237,69,1.88,5,7.61,2.75
2024-04-03 18:05:02,90,124,6.08,1,19.5,0.0
2024-04-28 23:39:59,203,145,7.62,2,25.74,0.0
2024-04-30 18:23:22,228,129,1.88,1,5.91,2.75
2024-04-26 00:03:51,68,13,2.04,2,5.23,2.75
2024-04-19 10:54:01,131,68,6.71,1,22.05,2.75
2024-04-04 14:10:58,111,133,13.25,3,42.09,2.75
2024-04-06 14:00:50,12,62,1.85,1,10.46,2.75
2024-04-22 23:17:18,175,161,5.94,1,21.39,2.75
2024-04-21 02:28:36,154,26,2.79,4,12.29,2.75
2024-04-13 21:56:10,43,247,1.57,1,3.36,0.0
2024-04-18 14:06:38,205,189,4.51,3,18.21,2.75
2024-04-26 13:44:45,172,220,2.67,2,12.46,2.75
2024-04-01 12:43:27,52,249,1.59,1,8.24,0.0
2024-04-19 03:01:29,115,91,0.9,1,3.0,0.0
2024-04-17 14:53:06,19,36,7.56,1,25.39,0.0
2024-04-08 15:28:21,35,7,7.88,1,24.95,0.0
2024-04-19 00:51:14,48,202,0.77,1,4.08,0.0
2024-04-08 06:36:20,233,41,4.31,1,13.89,2.75
2024-04-08 11:47:52,219,32,1.12,2,6.57,2.75
2024-04-07 05:27:45,110,142,4.14,1,12.53,0.0
2024-04-04 14:06:03,254,256,8.84,2,29.23,2.75
2024-04-14 16:44:53,188,161,1.55,5,9.74,2.75
2024-04-07 08:06:18,31,30,2.0,5,7.43,2.75
2024-04-17 11:21:11,259,262,6.05,3,19.83,0.0
2024-04-05 21:45:15,163,10,5.15,3,15.43,2.75
2024-04-27 07:14:36,71,203,2.34,2,11.14,2.75
2024-04-23 09:08:10,56,124,7.11,1,21.95,2.75
2024-04-20 18:13:49,99,118,9.37,1,29.27,0.0
2024-04-18 23:02:06,21,76,2.61,1,11.83,2.75
2024-04-10 18:18:41,108,14,0.64,1,5.28,2.75
2024-04-30 00:22:56,53,106,2.99,1,8.14,0.0
2024-04-29 19:06:49,6,176,5.21,1,19.21,2.75
2024-04-03 06:49:05,231,182,1.37,4,6.09,2.75
2024-04-20 02:34:30,82,36,0.87,1,4.9,0.0
2024-04-16 08:11:39,217,55,1.68,1,10.45,2.75
2024-04-18 06:40:32,47,2,0.54,3,5.83,2.75
2024-04-10 08:27:42,241,256,4.9,1,19.63,2.75
2024-04-08 09:42:04,178,2,1.05,1,3.73,2.75
2024-04-08 17:25:38,82,61,5.0,1,20.45,2.75
2024-04-05 18:45:51,192,107,1.44,1,5.24,0.0
2024-04-24 07:15:38,143,134,17.43,1,53.35,2.75
2024-04-08 20:26:27,41,23,3.16,1,11.79,2.75
2024-04-24 20:57:04,87,73,0.65,2,5.54,2.75
2024-04-06 05:17:49,3,28,5.68,1,22.05,2.75
2024-04-23 12:52:55,211,25,2.35,1,9.45,2.75
2024-04-01 18:42:39,1,65,3.77,1,17.31,2.75
2024-04-27 15:03:32,75,194,11.07,1,39.84,2.75
2024-04-24 15:25:49,231,207,3.05,1,9.3,2.75
2024-04-16 08:17:11,76,40,6.21,1,23.83,0.0
2024-04-10 01:58:01,260,23,1.76,1,8.03,0.0
2024-04-04 07:31:45,25,177,4.89,1,19.21,2.75
2024-04-11 11:29:12,200,128,0.87,1,3.0,2.75
2024-04-11 07:34:15,94,263,8.33,1,29.96,2.75
2024-04-23 16:27:02,108,35,1.28,3,5.26,0.0
2024-04-29 02:03:29,95,101,1.76,1,10.0,2.75
2024-04-27 08:56:38,91,225,11.61,2,37.24,2.75
2024-04-05 19:53:50,44,229,1.09,1,5.51,0.0
2024-04-20 03:12:52,23,99,1.53,1,7.09,2.75
2024-04-22 18:36:37,190,82,3.54,1,14.62,2.75
2024-04-05 18:16:17,23,196,14.32,1,45.46,2.75
2024-04-20 10:51:04,234,68,4.62,1,17.57,2.75
2024-04-29 16:34:03,186,141,0.92,1,5.27,2.75
2024-04-09 19:49:17,63,185,5.33,1,16.06,2.75
2024-04-13 10:04:38,103,154,2.44,2,10.47,2.75
2024-04-01 09:55:57,189,189,17.55,1,55.98,0.0
2024-04-07 17:55:33,189,62,3.97,1,11.58,2.75
2024-04-04 17:13:19,69,19,3.16,2,11.33,2.75
2024-04-14 12:33:11,114,81,3.35,1,13.97,0.0
2024-04-11 17:21:42,104,30,4.09,1,15.04,2.75
2024-04-17 08:09:06,108,127,5.11,2,18.66,2.75
2024-04-29 02:51:28,21,218,0.79,1,4.05,2.75
2024-04-27 08:58:21,209,13,0.99,1,4.14,2.75
2024-04-27 05:12:05,170,177,1.75,4,8.41,2.75
2024-04-09 15:23:51,194,121,2.78,1,4.77,2.75
2024-04-01 08:04:52,123,179,1.8,1,8.89,0.0
2024-04-11 15:12:26,177,111,1.34,1,8.59,2.75
2024-04-08 14:33:11,4,9,9.57,2,32.64,2.75
2024-04-28 21:26:57,188,222,0.62,1,4.38,2.75
2024-04-28 15:16:47,29,110,10.27,1,35.53,2.75
2024-04-26 02:45:34,86,136,8.82,1,31.15,2.75
2024-04-11 05:23:55,47,108,4.53,2,13.1,2.75
2024-04-22 21:09:36,77,204,0.62,2,3.58,2.75
2024-04-23 10:41:49,191,15,1.39,1,6.87,0.0
2024-04-03 09:39:40,31,162,14.04,2,44.97,2.75
2024-04-09 21:37:12,169,195,8.77,1,29.89,2.75
2024-04-20 08:43:12,36,261,12.19,1,40.1,2.75
2024-04-07 08:12:32,245,9,19.93,1,62.62,2.75
2024-04-22 02:39:08,188,216,0.73,1,5.97,0.0
2024-04-02 21:37:24,15,261,3.46,1,12.53,2.75
2024-04-06 12:27:37,216,113,6.79,1,25.64,2.75
2024-04-13 21:08:36,158,117,1.85,3,11.74,2.75
2024-04-20 05:08:20,155,47,2.5,1,12.54,2.75
2024-04-01 03:03:37,241,98,1.67,1,8.97,2.75
2024-04-22 15:53:41,45,93,0.64,1,5.14,2.75
2024-04-28 09:59:47,175,252,0.76,3,4.7,2.75
2024-04-03 10:15:20,56,163,0.58,1,5.59,2.75
2024-04-26 16:10:22,54,158,3.12,2,12.38,0.0
2024-04-21 20:08:13,239,67,3.87,2,16.29,2.75
2024-04-28 07:27:44,108,138,1.79,1,7.0,0.0
2024-04-25 16:16:02,198,65,6.62,1,24.61,2.75
2024-04-20 15:00:25,214,262,8.16,1,27.77,0.0
2024-04-10 00:22:08,246,198,1.03,3,6.76,0.0
2024-04-23 17:02:40,38,171,0.69,1,4.08,2.75
2024-04-21 01:54:32,173,16,1.85,2,7.95,2.75
2024-04-20 02:48:42,105,191,4.87,1,18.72,0.0
2024-04-01 10:24:53,40,25,2.98,1,14.28,2.75
2024-04-14 07:31:51,130,250,2.84,1,7.26,2.75
2024-04-19 11:16:16,181,27,1.08,1,5.7,2.75
2024-04-24 22:35:35,194,170,2.02,1,5.7,2.75
2024-04-08 07:26:21,59,117,11.67,1,36.97,0.0
2024-04-20 12:28:39,26,55,1.96,1,9.97,0.0
2024-04-08 04:42:27,103,26,3.63,1,14.86,0.0
2024-04-29 21:18:22,21,108,0.71,1,7.45,2.75
2024-04-15 19:54:18,80,90,0.73,1,5.14,2.75
2024-04-05 23:08:06,199,122,2.43,1,6.4,0.0
2024-04-03 15:39:31,37,243,3.74,1,14.08,2.75
2024-04-02 22:32:38,14,252,2.13,3,11.19,2.75
2024-04-12 09:04:21,221,75,1.19,1,8.1,2.75
2024-04-04 10:20:12,166,112,5.16,4,19.43,0.0
2024-04-26 12:21:30,173,151,1.03,3,5.05,2.75
2024-04-30 18:21:43,150,98,4.36,1,18.21,2.75
2024-04-28 14:40:32,172,255,11.49,3,37.24,2.75
2024-04-16 13:14:39,81,168,2.73,1,8.0,0.0
2024-04-26 22:38:50,225,250,1.28,1,5.25,2.75
2024-04-27 07:46:46,35,246,6.96,3,24.18,2.75
2024-04-18 08:08:38,188,213,2.96,2,9.19,2.75
2024-04-21 20:13:51,224,46,9.48,1,29.83,2.75
2024-04-19 10:52:42,131,18,4.96,1,15.55,0.0
2024-04-24 22:38:30,9,246,2.47,1,10.65,0.0
2024-04-25 14:05:49,69,220,3.86,2,12.76,2.75
2024-04-12 15:55:05,28,176,1.15,1,7.22,2.75
2024-04-26 12:45:27,234,234,2.21,1,9.2,2.75
2024-04-10 19:00:56,31,149,3.65,1,9.26,2.75
2024-04-04 15:59:50,232,98,3.62,1,13.26,2.75
2024-04-23 04:16:35,54,5,3.6,3,11.41,2.75
2024-04-01 12:41:52,175,159,5.26,5,19.4,2.75
2024-04-29 21:30:41,86,87,0.89,2,4.26,2.75
2024-04-04 20:46:04,65,231,0.77,3,6.72,2.75
2024-04-26 17:21:34,89,120,1.06,1,8.18,2.75
2024-04-20 06:14:52,54,172,6.0,3,19.08,0.0
2024-04-04 21:28:17,118,64,0.73,3,6.63,2.75
2024-04-06 15:28:27,229,94,1.39,1,4.97,0.0
2024-04-02 01:34:51,22,170,1.53,1,6.9,2.75
2024-04-17 03:57:14,247,235,4.15,2,14.55,2.75
2024-04-15 05:47:58,20,121,2.3,1,8.39,2.75
2024-04-11 08:05:50,184,100,1.28,2,7.07,2.75
2024-04-30 00:31:35,50,135,2.59,1,12.67,2.75
2024-04-27 18:08:32,90,69,4.55,1,17.08,0.0
2024-04-07 04:50:27,104,198,5.9,3,20.05,2.75
2024-04-11 18:56:36,194,206,0.96,4,3.0,2.75
2024-04-24 17:22:16,74,11,4.89,5,12.15,2.75
2024-04-16 07:47:34,15,130,0.52,4,3.43,2.75
2024-04-05 21:09:03,198,223,5.01,1,14.25,2.75
2024-04-19 02:18:02,195,110,4.29,1,13.11,2.75
2024-04-19 21:01:12,36,27,2.71,3,11.09,2.75
2024-04-18 15:37:48,205,194,1.02,1,3.34,2.75
2024-04-17 07:40:38,139,16,5.56,1,17.82,0.0
2024-04-05 20:38:44,57,73,0.76,1,5.28,2.75
2024-04-20 20:19:56,110,116,8.41,1,28.25,0.0
2024-04-23 22:58:38,174,201,5.7,1,18.83,2.75
2024-04-26 01:14:12,206,133,5.23,1,15.13,2.75
2024-04-05 12:43:27,225,164,5.41,1,17.9,2.75
2024-04-10 08:14:34,64,7,0.74,3,5.0,2.75
2024-04-25 17:18:16,252,61,16.6,1,52.36,2.75
2024-04-05 09:03:46,93,120,7.35,2,26.61,2.75
2024-04-28 23:18:58,183,31,2.98,5,10.4,2.75
2024-04-23 17:34:38,214,48,4.95,1,14.61,2.75
2024-04-23 15:31:18,142,91,5.2,1,17.46,2.75
2024-04-29 13:03:33,83,6,6.7,1,21.86,2.75
2024-04-27 23:48:47,99,84,1.53,2,7.32,2.75
2024-04-23 07:04:12,102,139,2.13,1,11.57,2.75
2024-04-25 00:11:18,71,133,6.13,1,18.7,2.75
2024-04-24 08:47:32,130,103,5.63,3,20.06,2.75
2024-04-10 03:20:22,60,95,3.09,2,12.61,0.0
2024-04-25 19:54:25,119,18,2.27,2,8.87,2.75
2024-04-02 14:51:01,263,21,12.6,1,40.42,2.75
2024-04-13 12:11:41,21,6,2.38,1,9.55,2.75
2024-04-15 19:05:43,97,24,5.55,2,19.22,0.0
2024-04-29 19:28:16,1,225,2.36,2,13.81,2.75
2024-04-08 23:52:58,203,60,1.8,1,8.93,2.75
2024-04-03 01:29:17,128,220,4.09,1,12.83,2.75
2024-04-21 07:11:37,132,46,6.27,1,21.47,2.75
2024-04-29 05:53:15,34,142,14.44,2,50.88,2.75
2024-04-28 05:02:39,87,78,1.06,1,5.34,2.75
2024-04-08 01:55:09,32,199,7.81,4,19.7,2.75
2024-04-21 10:16:58,259,115,3.1,2,10.38,2.75
2024-04-22 07:38:23,33,36,0.9,1,4.77,0.0
2024-04-15 05:39:19,49,60,6.04,4,20.26,2.75
2024-04-09 14:54:14,82,245,1.91,4,11.28,2.75
2024-04-26 02:16:09,144,79,7.59,1,26.22,0.0
2024-04-20 06:00:29,92,191,1.1,1,4.74,2.75
2024-04-20 04:38:52,224,97,4.85,1,17.87,2.75
2024-04-03 23:25:37,217,150,1.75,1,7.22,2.75
2024-04-16 14:54:11,156,43,1.54,2,6.63,0.0
2024-04-13 18:46:39,8,218,0.68,3,7.38,2.75
2024-04-10 13:01:04,36,207,2.8,1,14.22,0.0
2024-04-09 22:14:39,124,146,2.24,1,10.3,2.75
2024-04-13 08:29:43,9,259,0.72,2,3.45,0.0
2024-04-08 16:17:11,40,54,1.4,3,10.02,2.75
2024-04-07 16:28:21,179,119,2.84,2,11.94,2.75
2024-04-19 09:13:24,129,243,6.28,1,21.74,0.0
2024-04-21 21:25:48,68,142,9.78,1,30.46,2.75
2024-04-13 22:47:04,154,127,3.04,1,11.32,2.75
2024-04-03 22:08:35,3,225,2.31,1,14.01,2.75
2024-04-14 09:57:50,4,229,11.33,1,32.66,2.75
2024-04-08 01:22:03,262,241,12.03,2,44.24,2.75
2024-04-07 07:07:55,85,257,1.24,5,9.58,2.75
2024-04-04 06:38:46,35,245,3.15,1,14.9,2.75
2024-04-28 04:12:00,114,176,6.52,2,22.9,0.0
2024-04-23 20:57:10,59,10,6.55,1,21.21,2.75
2024-04-09 22:39:43,38,83,4.54,1,15.11,0.0
2024-04-26 13:42:55,33,139,2.73,3,8.13,2.75
2024-04-19 17:56:40,203,119,2.31,1,8.85,0.0
2024-04-11 17:14:57,202,127,6.25,1,20.84,2.75
2024-04-23 22:57:18,100,99,1.4,1,7.7,0.0
2024-04-12 13:40:47,118,66,2.46,5,7.3,0.0
2024-04-05 10:33:29,243,259,3.43,1,10.84,0.0
2024-04-22 13:31:22,29,143,6.74,1,20.18,2.75
2024-04-30 01:29:23,227,59,2.14,1,9.6,0.0
2024-04-21 07:01:53,213,244,3.28,1,13.68,2.75
2024-04-28 14:49:09,187,192,1.65,2,10.08,2.75
2024-04-27 00:41:25,113,130,6.85,1,21.41,2.75
2024-04-19 04:41:28,161,158,5.89,1,19.71,2.75
2024-04-15 21:19:13,19,166,6.5,1,20.13,2.75
2024-04-27 05:05:19,159,261,0.71,1,3.0,2.75
2024-04-13 07:04:39,11,133,2.84,1,11.95,2.75
2024-04-12 05:36:24,8,12,1.01,1,10.87,2.75
2024-04-11 11:05:23,153,132,4.42,1,14.7,2.75
2024-04-20 05:29:02,113,153,1.81,1,4.58,0.0
2024-04-10 11:39:53,148,55,5.71,1,23.5,2.75
2024-04-29 15:06:32,38,256,0.74,1,3.0,2.75
2024-04-28 00:46:03,135,126,3.02,1,10.87,2.75
2024-04-17 19:11:48,235,46,0.96,1,5.46,2.75
2024-04-12 20:36:43,255,174,3.36,1,14.54,0.0
2024-04-25 01:36:08,74,21,3.77,1,16.58,2.75
2024-04-16 23:14:01,209,255,2.67,1,10.01,2.75
2024-04-09 00:11:38,144,165,1.65,1,11.29,2.75
2024-04-08 05:34:20,42,101,0.62,1,3.92,0.0
2024-04-12 18:26:23,224,149,4.3,4,12.74,2.75
2024-04-16 06:05:33,52,141,7.65,1,25.32,0.0
2024-04-27 07:14:07,137,33,5.13,1,17.36,2.75
2024-04-23 07:11:03,195,236,8.32,1,26.54,2.75
2024-04-10 02:16:26,95,198,9.78,1,33.78,0.0
2024-04-29 02:21:07,258,235,2.59,1,7.21,0.0
2024-04-13 22:14:10,25,120,4.69,1,17.74,0.0
2024-04-28 08:30:30,232,158,2.27,1,9.44,0.0
2024-04-23 07:07:16,94,37,9.32,2,28.23,2.75
2024-04-07 12:38:09,221,144,3.4,1,13.01,2.75
2024-04-23 02:14:57,203,45,5.39,1,21.72,2.75
2024-04-04 05:10:34,81,199,0.55,1,5.4,2.75
2024-04-16 04:37:09,205,238,3.5,1,11.86,0.0
2024-04-17 02:19:12,77,129,5.24,1,19.91,2.75
2024-04-07 04:59:10,38,181,1.54,2,4.53,2.75
2024-04-04 21:45:30,195,28,0.55,3,5.07,2.75
2024-04-21 02:57:47,42,67,5.26,1,21.58,2.75
2024-04-14 17:06:41,182,242,1.94,1,5.8,2.75
2024-04-08 06:39:18,245,244,2.46,5,11.86,2.75
2024-04-21 01:09:01,195,167,3.39,2,10.57,2.75
2024-04-02 00:41:27,78,51,0.91,1,5.14,2.75
2024-04-10 16:05:44,125,109,0.88,1,3.0,2.75
2024-04-26 21:59:24,141,134,11.84,1,40.34,2.75
2024-04-22 22:06:58,27,167,1.95,1,6.09,2.75
2024-04-04 07:37:09,242,80,1.53,2,6.57,2.75
2024-04-23 11:03:12,236,99,0.67,1,7.01,2.75
2024-04-29 20:03:55,203,153,1.17,1,7.11,2.75
2024-04-28 01:20:43,142,83,2.47,3,11.74,2.75
2024-04-19 22:01:01,94,102,1.97,2,10.46,2.75
2024-04-28 06:09:20,152,231,2.43,2,10.6,0.0
2024-04-24 07:36:41,253,252,4.76,2,20.66,2.75
2024-04-22 00:33:38,67,25,4.09,1,15.89,2.75
2024-04-09 18:37:51,176,57,2.88,3,10.83,0.0
2024-04-21 05:16:28,103,100,6.4,1,21.1,2.75
2024-04-02 17:50:35,91,119,7.32,3,23.81,2.75
2024-04-09 03:11:22,193,151,3.63,3,13.27,0.0
2024-04-12 19:25:46,166,80,0.94,2,7.19,2.75
2024-04-22 20:02:02,90,150,2.32,2,6.79,0.0
2024-04-16 09:15:28,51,126,4.02,1,10.74,2.75
2024-04-03 22:12:53,166,41,0.73,1,3.0,2.75
2024-04-28 12:08:37,174,190,0.57,1,3.0,0.0
2024-04-10 15:55:38,227,63,10.87,1,35.18,2.75
2024-04-10 08:16:40,9,205,5.08,1,20.5,2.75
2024-04-05 12:17:01,87,204,1.08,3,5.76,2.75
2024-04-27 17:53:50,94,179,2.56,1,10.71,2.75
2024-04-27 08:42:12,52,105,1.25,1,7.39,2.75
2024-04-03 00:01:43,179,86,0.54,1,5.6,2.75
2024-04-30 08:54:35,239,251,2.24,3,11.88,2.75
2024-04-02 04:35:51,73,4,4.16,1,14.07,2.75
2024-04-04 12:55:45,72,184,11.29,1,35.57,0.0
2024-04-21 14:24:52,68,181,5.64,1,18.49,2.75
2024-04-26 02:35:30,5,16,1.42,2,9.72,0.0
2024-04-27 18:38:55,238,94,1.93,1,9.96,0.0
2024-04-14 23:40:02,121,156,3.07,2,12.0,2.75
2024-04-26 01:57:25,211,16,1.24,1,10.67,0.0
2024-04-05 00:55:43,262,41,6.76,1,22.1,2.75
2024-04-06 22:33:43,58,137,1.14,4,3.98,2.75
2024-04-16 07:45:21,43,258,1.7,1,4.87,2.75
2024-04-11 15:37:23,197,43,3.52,3,14.1,2.75
2024-04-28 00:53:58,72,66,0.96,4,3.0,2.75
2024-04-30 07:34:23,91,208,3.93,1,15.61,0.0
2024-04-30 04:49:52,37,245,10.6,1,33.72,2.75
2024-04-14 18:38:03,237,243,4.62,1,15.04,2.75
2024-04-19 07:40:28,154,77,6.36,2,23.23,2.75
2024-04-05 20:56:41,170,219,2.52,1,8.85,0.0
2024-04-01 03:25:36,110,223,2.09,1,7.29,2.75
2024-04-10 23:58:27,151,21,1.89,3,8.11,2.75
2024-04-18 00:06:44,131,147,4.28,1,14.17,2.75
2024-04-10 19:36:22,23,77,3.06,1,13.28,0.0
2024-04-23 06:54:16,139,35,2.74,1,13.55,0.0
2024-04-05 23:04:30,239,126,0.87,1,9.74,2.75
2024-04-10 19:51:44,192,232,4.42,1,14.88,0.0
2024-04-04 08:22:52,127,87,5.02,1,16.27,2.75
2024-04-01 04:00:29,29,188,1.26,1,3.45,2.75
2024-04-14 02:41:10,121,45,5.49,1,19.74,0.0
2024-04-15 06:24:23,198,72,7.9,3,28.72,2.75
2024-04-11 02:55:06,174,216,1.17,2,3.47,2.75
2024-04-10 18:23:30,144,98,2.61,1,7.4,0.0
2024-04-01 10:21:50,179,91,7.81,1,31.71,2.75
2024-04-03 07:31:39,11,142,2.84,1,8.41,0.0
2024-04-05 23:01:12,139,117,6.41,1,20.33,2.75
2024-04-03 09:38:20,253,2,1.35,2,3.0,0.0
2024-04-02 03:44:22,19,43,0.73,1,3.0,2.75
2024-04-12 19:28:18,160,71,0.71,1,4.21,2.75
2024-04-28 18:09:45,122,144,13.06,1,44.27,2.75
2024-04-16 18:22:28,72,246,1.13,1,5.86,2.75
2024-04-29 14:03:18,55,214,7.51,1,20.8,0.0
2024-04-30 06:06:15,169,107,1.83,1,7.86,2.75
2024-04-05 06:12:48,99,263,0.64,1,3.0,2.75
2024-04-10 03:57:21,70,176,1.47,1,4.81,0.0
2024-04-13 15:03:34,149,107,2.96,5,11.54,2.75
2024-04-03 19:04:42,117,86,0.9,1,4.89,0.0
2024-04-10 02:09:32,26,227,9.44,3,31.3,2.75
2024-04-24 20:37:19,248,82,8.56,1,30.28,2.75
2024-04-30 23:53:48,209,241,1.07,1,5.62,2.75
2024-04-09 05:50:22,227,2,5.18,2,16.49,2.75
2024-04-30 20:11:45,114,251,2.66,1,11.61,0.0
2024-04-22 12:56:06,194,42,14.59,1,42.9,2.75
2024-04-15 12:52:30,10,81,0.7,1,4.7,0.0
2024-04-21 20:04:26,95,262,2.73,1,13.27,2.75
2024-04-04 21:49:26,121,197,1.68,4,6.15,2.75
2024-04-18 22:42:11,126,248,5.04,2,16.41,0.0
2024-04-01 22:45:48,37,36,0.91,5,8.94,2.75
2024-04-28 05:16:49,69,103,3.96,1,14.84,0.0
2024-04-20 01:57:35,174,98,10.85,1,35.26,2.75
2024-04-19 16:41:10,45,145,2.62,1,10.91,0.0
2024-04-13 14:31:40,123,127,2.62,1,8.49,2.75
2024-04-27 01:25:56,27,67,2.9,1,13.5,2.75
2024-04-26 13:08:32,193,147,2.38,3,12.75,2.75
2024-04-14 20:03:32,136,81,2.58,1,9.67,2.75
2024-04-21 00:58:19,195,253,2.68,1,11.36,2.75
2024-04-06 13:34:51,49,242,22.37,2,71.54,2.75
2024-04-15 01:46:58,96,65,0.93,2,7.31,2.75
2024-04-07 14:02:13,121,71,1.68,1,9.84,2.75
2024-04-05 10:55:03,249,36,1.33,4,3.54,2.75
2024-04-10 01:06:48,217,67,3.25,1,13.61,2.75
2024-04-14 03:01:17,114,83,0.51,1,7.09,2.75
2024-04-14 11:53:46,14,170,9.39,1,31.85,2.75
2024-04-21 11:13:27,62,67,3.15,1,15.04,2.75
2024-04-16 08:47:56,43,98,8.42,1,27.75,2.75
2024-04-11 18:43:18,240,250,1.98,1,9.2,0.0
2024-04-25 00:51:04,96,208,1.07,1,5.64,2.75
2024-04-18 19:58:30,27,63,1.25,1,7.32,0.0
2024-04-19 09:32:53,242,78,2.73,1,12.28,0.0
2024-04-29 16:15:24,240,30,0.64,1,3.0,2.75
2024-04-27 05:41:38,67,251,5.83,2,20.14,2.75
2024-04-19 03:17:23,192,115,5.97,3,20.47,2.75
2024-04-02 03:47:05,119,219,4.74,1,15.63,0.0
2024-04-14 21:15:28,152,154,8.43,1,28.43,0.0
2024-04-18 20:53:12,231,221,3.29,1,10.61,2.75
2024-04-27 09:47:16,249,23,2.78,1,9.07,2.75
2024-04-23 16:18:04,59,214,3.14,1,10.63,2.75
2024-04-03 04:47:23,17,148,1.2,2,3.62,0.0
2024-04-24 05:09:49,171,208,3.01,1,10.11,2.75
2024-04-09 21:05:28,132,159,3.23,1,15.83,2.75
2024-04-04 15:31:44,136,167,5.56,3,16.96,0.0
2024-04-27 23:42:54,42,63,2.0,5,6.69,2.75
2024-04-06 00:39:28,6,23,0.84,1,5.28,2.75
2024-04-23 05:32:53,170,224,3.68,1,11.44,2.75
2024-04-22 19:05:45,215,201,5.93,2,18.49,2.75
2024-04-14 12:18:18,69,215,12.72,1,38.23,0.0
2024-04-06 23:29:36,27,229,0.83,1,5.02,2.75
2024-04-18 05:23:24,225,227,5.3,3,17.93,0.0
2024-04-16 16:16:36,234,230,3.67,1,14.41,2.75
2024-04-14 02:43:29,51,215,0.55,1,4.56,2.75
2024-04-26 03:00:56,149,157,4.93,1,19.61,2.75
2024-04-07 03:32:29,75,13,0.59,2,3.2,2.75
2024-04-03 18:12:46,92,197,5.88,1,17.8,0.0
2024-04-04 18:00:58,68,111,4.97,1,15.71,2.75
2024-04-13 21:01:04,235,103,4.58,1,19.85,2.75
2024-04-11 00:28:38,144,103,0.95,2,3.0,0.0
2024-04-03 11:19:56,76,170,9.3,1,32.62,0.0
2024-04-01 19:01:55,86,109,8.52,1,30.27,0.0
2024-04-05 19:45:40,227,126,8.57,2,28.74,2.75
2024-04-28 09:19:21,56,235,2.06,1,6.86,0.0
2024-04-15 00:56:53,80,148,2.87,1,12.16,2.75
2024-04-22 22:04:44,24,171,0.93,1,3.64,2.75
2024-04-11 21:26:48,227,1,0.68,1,3.56,2.75
2024-04-03 04:28:49,28,40,0.71,3,5.08,0.0
2024-04-28 01:38:12,121,237,3.44,1,11.81,2.75
2024-04-24 20:13:55,93,7,1.86,1,5.88,0.0
2024-04-20 06:13:25,112,163,3.53,1,12.7,2.75
2024-04-24 18:29:40,31,157,3.64,3,14.42,2.75
2024-04-28 03:00:28,143,114,8.82,4,31.25,2.75
2024-04-17 08:31:50,227,112,7.99,3,27.8,2.75
2024-04-17 06:59:36,250,257,4.94,1,20.42,2.75
2024-04-23 00:06:49,50,73,6.47,2,22.41,2.75
2024-04-30 04:51:02,214,193,0.51,2,3.66,2.75
2024-04-01 06:23:15,195,224,0.55,1,7.71,0.0
2024-04-11 04:05:52,254,94,2.65,1,9.69,2.75
2024-04-20 03:10:05,79,207,4.21,1,16.88,2.75
2024-04-24 17:11:19,244,170,6.03,3,23.1,2.75
2024-04-20 19:39:15,91,156,2.58,1,5.54,2.75
2024-04-06 02:32:48,6,244,10.36,1,33.67,0.0
2024-04-08 23:26:37,150,3,6.41,5,19.53,2.75
2024-04-21 06:53:33,191,220,0.88,1,3.0,2.75
2024-04-06 18:44:31,73,5,2.53,1,8.42,2.75
2024-04-22 18:24:55,68,194,18.96,2,55.76,2.75
2024-04-09 17:43:47,63,54,2.35,2,11.18,2.75
2024-04-13 13:37:32,134,209,2.21,1,8.58,0.0
2024-04-19 14:29:47,223,76,1.72,1,9.82,2.75
2024-04-28 22:31:51,126,218,2.83,1,11.56,0.0
2024-04-06 16:04:18,7,118,5.08,1,17.64,0.0
2024-04-01 02:55:14,206,80,0.67,3,3.0,2.75
2024-04-25 19:43:28,179,187,6.82,1,22.22,2.75
2024-04-25 08:33:05,183,8,9.24,2,31.03,2.75
2024-04-16 04:23:42,228,91,5.82,4,19.38,2.75
2024-04-11 09:09:37,236,210,9.15,2,28.74,2.75
2024-04-08 06:32:53,146,258,0.85,1,5.04,2.75
2024-04-08 07:56:29,58,41,2.59,1,12.62,0.0
2024-04-14 09:27:40,241,215,0.76,1,5.11,2.75
2024-04-16 22:05:20,163,184,6.85,1,25.19,2.75
2024-04-24 14:09:30,26,241,11.17,1,31.66,0.0
2024-04-23 17:30:53,106,106,1.74,1,7.96,0.0
2024-04-12 10:24:46,240,22,3.18,1,11.79,2.75
2024-04-02 11:26:42,42,245,1.74,1,5.87,2.75
2024-04-23 16:48:48,133,79,2.17,2,9.36,2.75
2024-04-16 15:01:33,44,23,2.77,1,12.44,2.75
2024-04-03 05:48:11,35,111,5.98,1,20.62,2.75
2024-04-28 11:48:59,1,130,1.06,1,3.19,2.75
2024-04-27 23:05:14,226,260,1.1,1,6.73,2.75
2024-04-27 13:16:00,236,154,1.29,1,8.69,2.75
2024-04-04 06:09:43,33,19,0.69,4,4.88,2.75
2024-04-14 18:34:24,95,49,4.11,1,14.71,2.75
2024-04-07 08:24:54,205,74,1.24,1,4.86,2.75
2024-04-19 01:37:03,109,214,2.51,4,10.79,2.75
2024-04-24 04:25:46,30,53,4.55,1,15.42,2.75
2024-04-06 13:19:29,23,190,2.59,1,17.7,2.75
2024-04-27 16:37:29,97,129,8.78,1,31.1,0.0
2024-04-29 20:08:41,39,144,5.63,1,19.91,0.0
2024-04-08 21:32:26,173,248,1.62,1,8.31,2.75
2024-04-12 15:00:11,248,180,0.99,1,5.19,2.75
2024-04-10 06:32:03,162,7,8.37,2,28.54,2.75
2024-04-03 07:48:39,180,206,2.27,1,10.5,2.75
2024-04-03 07:25:42,103,68,2.19,3,7.49,2.75
2024-04-20 21:52:22,209,143,6.31,1,20.93,2.75
2024-04-22 01:30:33,22,108,0.53,2,4.73,0.0
2024-04-23 13:48:20,5,185,2.6,1,11.13,2.75
2024-04-11 08:04:21,139,240,4.89,1,16.65,0.0
2024-04-15 03:44:05,214,151,7.11,1,23.02,0.0
2024-04-08 11:53:21,160,211,8.08,2,27.9,2.75
2024-04-23 10:03:03,139,78,2.69,1,11.68,2.75
2024-04-17 06:09:28,145,228,7.09,1,22.88,2.75
2024-04-09 19:22:36,160,247,0.63,1,3.0,0.0
2024-04-02 21:25:43,83,102,1.78,1,9.02,0.0
2024-04-05 07:12:37,155,214,0.54,1,5.87,2.75
2024-04-06 18:52:44,64,139,1.13,1,7.1,2.75
2024-04-25 21:36:05,192,186,5.02,1,21.07,2.75
2024-04-10 06:04:18,156,168,0.52,1,5.69,2.75
2024-04-29 07:01:20,91,58,3.09,2,12.29,2.75
2024-04-01 01:30:35,142,119,2.37,1,7.78,2.75
2024-04-02 14:46:05,42,88,0.96,1,5.24,2.75
2024-04-11 15:37:47,249,122,4.55,2,15.74,2.75
2024-04-25 15:17:30,258,244,4.63,1,16.86,0.0
2024-04-11 06:39:37,1,67,5.04,1,15.12,2.75
2024-04-07 11:35:13,109,130,5.57,1,20.33,2.75
2024-04-16 08:47:34,125,40,1.82,1,6.77,0.0
2024-04-21 03:55:15,64,212,18.48,1,58.6,2.75
2024-04-25 18:25:34,206,56,0.77,1,3.83,2.75
2024-04-06 04:20:28,244,200,4.15,1,14.69,2.75
2024-04-13 20:05:37,78,107,12.86,2,39.26,2.75
2024-04-30 17:13:12,111,195,1.39,1,4.97,2.75
2024-04-06 09:02:15,142,122,1.64,1,8.42,2.75
2024-04-18 20:00:08,216,95,3.5,5,14.85,0.0
2024-04-16 14:41:34,16,125,5.82,1,19.85,0.0
2024-04-23 15:48:06,54,126,1.9,1,10.7,0.0
2024-04-01 15:42:52,141,36,6.84,1,25.05,2.75
2024-04-22 22:47:04,79,217,1.47,2,7.39,2.75
2024-04-30 02:13:15,149,3,7.76,1,23.8,2.75
2024-04-25 16:33:41,127,30,1.52,2,7.56,2.75
2024-04-09 12:52:30,158,255,3.86,1,14.78,2.75
2024-04-10 09:46:42,38,45,2.05,1,9.72,2.75
2024-04-21 19:42:34,157,177,1.86,1,7.36,2.75
2024-04-23 16:32:30,112,222,2.03,1,7.17,0.0
2024-04-10 01:22:13,190,113,2.92,2,7.97,0.0
2024-04-11 18:04:50,106,122,7.03,2,23.82,2.75
2024-04-05 11:45:02,91,232,5.48,4,18.75,2.75
2024-04-23 19:36:42,49,249,2.59,1,12.69,2.75
2024-04-22 23:51:42,161,103,1.66,1,5.51,2.75
2024-04-20 02:58:52,4,176,7.24,5,24.15,2.75
2024-04-08 22:10:59,198,236,7.65,1,23.27,2.75
2024-04-06 02:08:37,254,245,2.62,1,13.63,2.75
2024-04-09 05:54:54,90,133,4.67,1,15.79,2.75
2024-04-29 22:29:05,20,159,2.11,1,6.07,0.0
2024-04-14 18:48:17,77,22,1.07,2,5.81,0.0
2024-04-26 22:31:45,220,102,1.86,3,8.44,2.75
2024-04-16 06:45:07,162,150,4.51,1,14.75,2.75
2024-04-27 21:00:24,115,57,5.63,2,19.35,2.75
2024-04-30 16:24:55,94,158,7.18,1,22.01,2.75
2024-04-11 08:10:41,133,195,0.56,1,3.07,2.75
2024-04-06 13:38:47,172,167,2.83,1,9.87,2.75
2024-04-30 20:15:15,114,194,1.62,1,12.74,2.75
2024-04-11 17:02:17,9,260,4.53,1,18.32,2.75
2024-04-19 01:09:26,260,200,1.49,1,6.97,2.75
2024-04-13 16:19:49,170,5,3.42,3,12.43,2.75
2024-04-08 10:13:49,98,91,4.86,1,19.52,2.75
2024-04-11 13:56:57,169,24,5.64,3,21.74,2.75
2024-04-14 20:03:22,218,236,1.6,1,6.61,2.75
2024-04-08 07:31:12,44,235,0.82,1,9.63,0.0
2024-04-01 21:41:53,261,226,1.36,1,5.89,2.75
2024-04-30 22:36:39,126,28,3.7,1,13.05,0.0
2024-04-23 05:49:52,260,152,0.64,1,5.55,2.75
2024-04-02 22:36:49,214,246,1.11,1,6.11,2.75
2024-04-19 01:16:04,200,5,19.39,1,59.63,2.75
2024-04-18 19:33:39,236,13,2.19,1,8.49,0.0
2024-04-04 07:31:08,136,55,2.9,2,9.96,2.75
2024-04-05 13:50:12,116,102,0.54,1,4.27,2.75
2024-04-29 19:34:27,155,214,3.64,1,13.08,2.75
2024-04-02 02:50:51,18,113,1.88,3,9.04,2.75
2024-04-15 23:45:25,4,90,3.14,1,12.44,2.75
2024-04-01 23:43:15,165,247,3.11,1,10.08,2.75
2024-04-22 15:11:25,127,30,12.49,4,39.0,2.75
2024-04-05 05:37:17,213,28,1.59,1,9.47,2.75
2024-04-14 02:57:39,48,68,3.46,1,12.67,0.0
2024-04-13 15:37:40,46,143,2.18,1,7.02,2.75
2024-04-28 17:17:47,46,34,2.42,2,9.22,0.0
2024-04-03 04:25:26,48,227,0.7,2,4.59,2.75
2024-04-18 05:25:32,187,203,4.58,1,20.57,2.75
2024-04-03 11:30:23,120,61,1.26,1,5.53,2.75
2024-04-14 11:52:55,132,191,2.71,1,9.97,2.75
2024-04-23 10:51:33,19,2,2.49,1,10.41,2.75
2024-04-24 02:17:37,232,118,2.71,1,11.95,0.0
2024-04-12 17:24:31,42,52,2.15,1,12.93,2.75
2024-04-15 05:27:01,92,15,1.47,1,6.42,2.75
2024-04-09 01:54:53,261,96,2.58,2,9.84,2.75
2024-04-20 12:21:30,48,98,0.67,1,3.0,0.0
2024-04-08 05:12:18,74,55,1.47,1,4.38,2.75
2024-04-04 07:58:26,216,245,5.88,2,20.2,0.0
2024-04-21 02:51:08,221,38,6.98,1,21.68,0.0
2024-04-14 17:03:12,109,120,4.9,2,14.1,2.75
2024-04-25 20:06:17,135,258,4.0,1,13.02,2.75
2024-04-25 10:23:49,238,140,6.34,3,19.07,2.75
2024-04-30 04:05:58,155,183,0.98,1,5.31,2.75
2024-04-26 18:23:37,56,213,3.11,1,9.3,2.75
2024-04-08 07:45:31,198,126,0.93,1,4.52,2.75
2024-04-05 04:29:16,38,140,5.77,1,20.76,2.75
2024-04-26 15:13:46,217,109,3.07,2,11.27,2.75
2024-04-24 09:29:23,231,9,6.31,1,21.25,2.75
2024-04-06 23:40:57,257,32,6.12,5,18.5,2.75
2024-04-05 14:07:54,209,235,2.7,1,11.84,2.75
2024-04-16 01:14:17,201,73,2.9,1,11.68,2.75
2024-04-01 08:47:09,137,136,0.6,1,4.05,2.75
2024-04-12 01:18:03,128,254,3.09,1,12.18,2.75
2024-04-14 22:03:26,53,116,4.46,1,15.55,2.75
2024-04-18 03:27:37,84,156,1.43,1,7.65,2.75
2024-04-24 17:58:53,209,82,15.57,1,50.64,2.75
2024-04-18 13:46:07,36,107,13.39,1,41.9,2.75
2024-04-24 09:01:52,215,229,1.66,1,6.57,0.0
2024-04-04 00:49:59,27,117,4.87,4,15.98,2.75
2024-04-14 03:54:33,146,213,0.61,1,3.0,2.75
2024-04-23 03:26:47,18,167,4.34,2,13.74,2.75
2024-04-14 22:42:46,118,49,3.92,4,14.16,2.75
2024-04-01 09:22:14,137,221,6.54,3,21.49,2.75
2024-04-03 11:14:59,67,179,1.77,1,7.72,0.0
2024-04-02 15:38:48,30,171,7.86,1,26.9,0.0
2024-04-08 18:27:33,73,4,7.33,1,25.08,0.0
2024-04-18 23:26:25,123,195,4.38,1,18.23,0.0
2024-04-29 20:46:40,228,258,2.74,1,10.8,2.75
2024-04-12 15:29:12,246,45,3.87,3,13.63,2.75
2024-04-29 00:31:15,39,208,5.08,1,17.89,2.75
2024-04-09 00:43:32,170,115,13.45,2,44.14,2.75
2024-04-20 21:00:02,102,130,0.95,1,9.42,2.75
2024-04-17 13:45:07,243,160,1.81,1,8.6,0.0
2024-04-19 09:36:44,157,1,5.81,1,20.3,2.75
2024-04-08 13:09:28,257,160,2.34,1,11.62,0.0
2024-04-10 12:07:27,123,248,4.41,2,14.79,0.0
2024-04-25 20:14:09,47,24,1.0,1,5.31,0.0
2024-04-25 23:14:19,10,156,4.82,1,17.57,2.75
2024-04-29 06:21:29,144,93,4.42,1,14.16,2.75
2024-04-30 00:24:10,152,12,3.59,1,10.56,0.0
2024-04-04 09:15:52,136,238,5.57,4,20.45,2.75
2024-04-24 11:58:10,75,121,7.92,1,24.3,0.0
2024-04-14 19:57:35,26,90,6.69,1,24.52,2.75
2024-04-14 23:49:17,7,75,0.98,1,4.7,0.0
2024-04-24 14:06:38,79,31,5.27,1,17.98,0.0
2024-04-14 05:09:26,15,195,2.59,1,6.73,2.75
2024-04-09 23:44:04,207,89,1.92,1,9.1,2.75
2024-04-24 21:39:27,89,98,7.91,2,27.22,0.0
2024-04-07 01:44:18,97,129,3.37,1,13.66,2.75
2024-04-17 11:48:52,216,95,2.93,2,12.88,2.75
2024-04-10 02:35:18,259,164,5.87,1,16.59,2.75
2024-04-22 12:19:30,75,230,3.32,3,9.94,2.75
2024-04-01 00:53:16,242,140,7.33,1,21.84,2.75
2024-04-18 22:27:28,17,109,0.88,1,4.34,0.0
2024-04-23 09:39:33,177,14,5.74,1,17.96,2.75
2024-04-23 02:55:57,259,161,1.13,3,6.57,2.75
2024-04-18 00:20:17,123,132,1.39,1,6.63,2.75
2024-04-24 07:51:10,111,113,1.19,1,6.94,2.75
2024-04-10 22:33:31,256,94,1.45,1,7.86,0.0
2024-04-14 11:30:50,234,89,5.11,1,13.82,0.0
2024-04-20 07:05:08,40,134,4.23,1,16.91,0.0
2024-04-21 14:48:56,122,261,1.41,1,5.94,0.0
2024-04-08 05:29:48,215,206,1.6,1,9.15,0.0
2024-04-25 22:25:27,7,34,0.87,2,3.0,2.75
2024-04-14 07:28:47,92,169,2.37,1,10.76,2.75
2024-04-10 07:43:28,123,146,2.17,1,9.17,2.75
2024-04-29 19:38:33,96,20,1.05,1,8.72,0.0
2024-04-26 15:15:04,1,107,6.8,3,23.22,2.75
2024-04-28 04:58:36,91,136,7.2,1,25.95,2.75
2024-04-04 09:27:37,7,26,0.9,1,3.0,2.75
2024-04-22 01:24:16,120,246,1.58,1,7.27,2.75
2024-04-19 09:11:05,129,155,5.16,1,16.41,2.75
2024-04-23 21:42:44,179,42,7.64,1,24.71,2.75
2024-04-15 15:06:48,98,178,0.76,1,4.6,2.75
2024-04-27 04:30:38,43,81,8.64,5,26.86,0.0
2024-04-16 23:56:52,183,177,0.72,2,5.89,2.75
2024-04-15 13:45:12,185,193,4.02,1,16.36,0.0
2024-04-14 00:34:29,53,191,0.58,3,3.0,2.75
2024-04-30 15:50:00,228,246,9.72,1,32.13,0.0
2024-04-22 13:27:50,161,100,2.03,2,4.85,2.75
2024-04-26 20:23:34,235,35,4.16,1,16.89,0.0
2024-04-20 00:24:23,200,42,1.21,1,6.28,2.75
2024-04-23 10:59:34,1,170,1.86,3,7.88,0.0
2024-04-01 01:12:11,14,57,5.31,1,21.71,2.75
2024-04-19 02:59:36,213,54,13.14,1,42.54,2.75
2024-04-03 11:07:34,34,188,17.42,1,60.27,0.0
2024-04-07 08:47:29,168,86,6.31,1,19.25,2.75
2024-04-10 03:21:34,170,64,7.08,1,21.77,0.0
2024-04-18 23:30:16,82,81,12.7,2,42.26,2.75
2024-04-10 00:41:20,137,185,0.64,2,3.9,0.0
2024-04-27 09:48:16,233,26,1.15,1,8.22,2.75
2024-04-29 07:45:54,115,238,0.69,1,3.0,2.75
2024-04-14 02:47:23,252,225,2.93,5,13.69,2.75
2024-04-01 01:17:57,49,90,11.64,1,37.29,2.75
2024-04-03 08:49:40,4,17,3.56,1,13.24,2.75
2024-04-02 12:12:14,176,88,3.34,1,10.03,2.75
2024-04-05 04:59:41,26,24,6.63,1,24.72,2.75
2024-04-25 00:39:56,70,223,9.76,4,32.7,2.75
2024-04-12 04:55:21,234,58,4.7,3,17.78,2.75
2024-04-24 18:01:49,231,189,8.4,2,24.93,2.75
2024-04-30 00:56:03,263,222,1.17,1,5.58,0.0
2024-04-19 21:36:52,74,51,2.95,2,11.25,0.0
2024-04-22 18:45:34,121,88,2.09,1,6.14,0.0
2024-04-07 11:12:25,6,222,1.91,1,9.64,0.0
2024-04-07 13:26:59,24,167,1.34,2,8.38,2.75
2024-04-27 15:18:07,194,194,8.35,1,24.65,2.75
2024-04-30 16:07:48,168,101,2.59,1,10.21,2.75
2024-04-03 05:57:23,210,202,3.14,1,13.67,0.0
2024-04-19 01:37:01,133,13,1.63,3,10.85,2.75
2024-04-03 23:27:11,174,147,12.02,1,40.21,2.75
2024-04-08 03:30:23,151,262,3.81,1,11.92,0.0
2024-04-07 20:04:02,88,146,0.5,1,3.0,0.0
2024-04-08 08:57:11,70,9,1.59,2,7.82,2.75
2024-04-24 04:29:29,205,81,26.17,1,82.43,2.75
2024-04-19 14:19:16,32,68,13.38,1,42.64,2.75
2024-04-15 11:27:24,43,126,3.25,1,11.33,2.75
2024-04-11 14:28:14,118,50,3.41,1,14.34,2.75
2024-04-02 02:24:17,15,70,8.62,1,30.48,2.75
2024-04-13 13:56:25,115,139,4.82,1,16.34,2.75
2024-04-03 20:34:49,20,170,9.92,1,32.26,2.75
2024-04-30 05:20:38,178,90,2.78,2,12.17,0.0
2024-04-27 00:03:29,262,139,13.54,1,42.35,0.0
2024-04-17 22:58:08,79,72,3.21,1,13.94,2.75
2024-04-23 14:39:34,120,245,4.12,2,13.96,2.75
2024-04-29 00:30:12,26,67,0.8,1,6.89,2.75
2024-04-11 03:13:04,22,130,3.81,3,12.57,2.75
2024-04-13 10:35:58,201,210,5.61,2,24.02,0.0
2024-04-26 03:50:27,64,194,2.53,1,9.98,2.75
2024-04-01 22:33:58,214,26,2.94,3,12.61,2.75
2024-04-13 01:35:36,78,218,2.25,1,11.84,2.75
2024-04-21 04:13:47,216,36,12.66,1,40.33,2.75
2024-04-28 10:48:13,224,16,2.77,1,11.5,2.75
2024-04-07 18:54:30,28,78,0.97,1,5.66,0.0
2024-04-03 01:13:36,201,21,0.6,1,8.61,0.0
2024-04-06 06:23:08,67,135,5.68,1,22.97,2.75
2024-04-26 04:35:12,126,245,3.28,2,11.02,2.75
2024-04-30 08:26:55,195,184,0.51,1,3.0,0.0
2024-04-02 10:21:02,174,172,2.19,1,10.22,2.75
2024-04-22 01:05:52,87,54,9.09,1,30.1,2.75
2024-04-08 08:47:18,154,93,10.83,1,38.28,2.75
2024-04-18 03:09:35,210,176,0.69,1,5.47,2.75
2024-04-22 04:11:24,13,190,0.96,2,5.48,2.75
2024-04-20 07:14:50,164,246,0.52,1,3.0,0.0
2024-04-30 18:25:20,255,192,7.61,3,24.43,2.75
2024-04-23 08:50:56,64,104,0.76,1,3.46,2.75
2024-04-03 14:32:01,76,68,0.9,4,4.52,2.75
2024-04-23 18:57:16,22,155,1.4,2,6.02,0.0
2024-04-10 12:35:22,60,226,9.22,1,29.45,0.0
2024-04-25 00:18:42,56,233,4.58,1,16.34,2.75
2024-04-13 18:43:08,168,104,3.86,1,15.26,2.75
2024-04-16 14:07:59,205,240,5.87,1,22.12,2.75
2024-04-11 18:41:50,259,212,4.64,1,18.02,2.75
2024-04-27 16:42:49,191,126,5.3,1,15.59,2.75
2024-04-03 10:44:23,55,123,0.77,1,3.0,2.75
2024-04-20 07:16:28,259,36,3.62,1,12.68,2.75
2024-04-04 02:36:42,89,238,5.4,2,16.5,0.0
2024-04-28 17:13:40,222,242,3.42,2,13.65,0.0
2024-04-08 15:56:53,89,133,0.54,1,4.09,0.0
2024-04-16 15:19:57,59,227,1.33,1,6.76,0.0
2024-04-07 06:43:28,152,90,12.03,1,41.19,0.0
2024-04-26 08:41:46,28,255,4.77,1,16.14,2.75
2024-04-30 00:35:20,225,83,4.58,3,14.02,0.0
2024-04-02 01:57:56,51,139,4.28,3,14.96,2.75
2024-04-02 07:49:20,263,20,0.98,1,3.0,2.75
2024-04-11 15:45:07,46,84,0.51,1,3.74,2.75
2024-04-16 14:59:47,106,27,2.53,2,5.15,0.0
2024-04-11 01:27:21,24,58,2.56,1,10.26,0.0
2024-04-07 08:40:56,7,217,6.35,1,23.8,0.0
2024-04-18 07:07:55,3,125,1.2,4,7.2,0.0
2024-04-25 06:45:53,258,200,1.63,1,8.04,2.75
2024-04-22 03:23:49,263,214,0.79,2,5.9,2.75
2024-04-28 17:21:05,121,156,2.29,1,7.92,0.0
2024-04-18 15:21:01,208,18,1.53,1,3.0,0.0
2024-04-02 01:27:59,21,105,1.57,1,4.78,2.75
2024-04-21 10:03:59,140,159,1.53,2,8.32,2.75
2024-04-16 11:58:03,206,41,1.42,1,8.74,2.75
2024-04-15 00:12:48,43,7,1.85,1,10.71,2.75
2024-04-21 03:21:21,118,5,3.19,1,9.49,2.75
2024-04-08 02:03:56,5,21,2.52,1,12.48,0.0
2024-04-28 11:29:11,207,134,0.73,1,3.0,2.75
2024-04-30 05:48:57,123,120,2.44,1,10.67,2.75
2024-04-03 01:17:56,142,242,7.05,1,24.81,2.75
2024-04-14 21:06:57,232,106,0.87,1,3.77,2.75
2024-04-22 05:09:02,164,131,10.61,1,35.95,0.0
2024-04-27 02:06:02,35,38,1.79,1,3.5,2.75
2024-04-11 16:44:36,11,87,0.55,1,3.0,0.0
2024-04-13 08:45:07,75,113,1.52,1,5.5,2.75
2024-04-27 09:58:41,198,251,0.75,2,6.07,0.0
2024-04-23 08:30:41,224,71,3.42,3,14.02,2.75
2024-04-04 01:37:13,122,69,1.83,1,8.43,0.0
2024-04-07 04:17:37,74,255,6.26,1,21.7,2.75
2024-04-23 05:56:41,28,86,5.12,1,20.42,2.75
2024-04-14 02:56:08,171,218,2.71,2,9.9,2.75
2024-04-14 03:28:50,216,50,3.38,2,11.75,2.75
2024-04-27 16:28:14,101,134,3.78,2,13.53,0.0
2024-04-14 09:17:29,246,230,1.6,1,5.32,2.75
2024-04-15 16:21:10,93,61,1.03,1,6.83,0.0
2024-04-19 19:15:08,63,252,2.15,1,6.49,2.75
2024-04-23 04:25:49,206,230,0.85,2,4.69,2.75
2024-04-30 03:21:39,80,58,1.82,1,9.78,2.75
2024-04-10 17:58:49,37,185,3.32,3,11.95,2.75
2024-04-14 19:33:02,11,203,3.22,1,10.07,2.75
2024-04-18 17:54:46,115,32,0.95,2,6.02,0.0
2024-04-11 06:56:16,90,145,0.53,1,5.54,2.75
2024-04-19 10:06:10,232,169,0.83,2,5.93,2.75
2024-04-03 00:29:48,19,22,0.63,1,5.42,2.75
2024-04-18 17:05:32,52,79,2.29,1,7.96,0.0
2024-04-02 10:39:06,94,136,2.23,1,13.57,2.75
2024-04-07 07:18:39,32,176,1.47,2,8.98,0.0
2024-04-21 05:34:31,151,77,1.35,2,5.2,2.75
2024-04-12 23:01:30,140,30,2.27,1,9.76,2.75
2024-04-05 23:47:11,58,153,0.82,1,5.4,2.75
2024-04-09 17:49:58,21,213,1.34,1,6.84,0.0
2024-04-29 02:51:35,149,179,2.32,1,10.33,0.0
2024-04-06 13:43:58,221,83,0.85,1,5.05,2.75
2024-04-29 00:51:37,221,200,6.93,1,24.48,0.0
2024-04-27 01:36:41,242,129,4.44,1,17.57,2.75
2024-04-07 15:28:40,219,191,2.19,1,9.87,2.75
2024-04-22 17:05:39,29,52,1.07,1,4.47,0.0
2024-04-15 13:35:42,47,83,1.26,2,8.63,2.75
2024-04-13 23:19:40,58,188,0.95,2,5.25,2.75
2024-04-25 19:15:36,140,13,1.11,1,6.24,2.75
2024-04-16 02:15:40,23,219,2.42,1,8.93,0.0
2024-04-08 02:29:54,63,17,1.49,1,9.56,2.75
2024-04-21 16:51:42,52,242,8.06,1,25.52,0.0
2024-04-19 10:08:31,167,158,11.85,1,37.83,0.0
2024-04-19 20:27:33,151,166,4.61,2,21.36,2.75
2024-04-24 19:52:01,11,139,6.29,1,17.77,2.75
2024-04-23 16:33:11,95,28,1.53,1,5.38,0.0
2024-04-06 08:39:04,72,161,4.33,1,17.66,2.75
2024-04-23 16:58:41,48,182,0.71,1,4.87,2.75
2024-04-14 21:03:49,95,155,11.79,1,39.03,2.75
2024-04-11 09:55:51,233,214,4.38,2,13.01,2.75
2024-04-04 16:16:57,48,69,1.83,2,7.61,2.75
2024-04-25 12:55:00,208,209,5.69,1,19.33,2.75
2024-04-01 16:24:32,227,157,0.56,1,4.21,0.0
2024-04-20 18:00:22,77,75,2.15,2,9.12,0.0
2024-04-26 01:04:03,219,231,8.41,1,23.49,0.0
2024-04-01 01:58:06,81,65,1.57,1,6.93,2.75
2024-04-05 12:19:22,37,83,4.36,2,18.57,0.0
2024-04-07 20:29:01,102,74,2.06,1,8.13,2.75
2024-04-10 06:41:20,191,90,2.24,1,7.37,2.75
2024-04-22 12:27:14,29,2,5.3,1,17.21,0.0
2024-04-11 21:48:49,253,176,8.94,2,31.7,0.0
2024-04-09 20:00:10,251,125,1.14,1,3.0,0.0
2024-04-19 08:52:18,226,215,1.63,1,8.67,2.75
2024-04-25 03:29:32,94,67,2.84,1,11.77,0.0
2024-04-16 19:14:25,86,178,3.83,1,12.38,2.75
2024-04-02 08:13:01,110,5,2.71,1,16.67,0.0
2024-04-27 04:44:17,217,202,6.23,2,23.09,2.75
2024-04-01 04:31:44,196,117,5.61,1,19.7,2.75
2024-04-16 07:13:34,44,232,2.32,1,11.8,0.0
2024-04-04 08:09:29,90,84,0.65,1,5.66,2.75
2024-04-09 09:07:51,155,89,1.26,1,7.05,0.0
2024-04-05 15:50:41,109,227,2.84,1,11.42,2.75
2024-04-08 03:35:52,59,111,9.69,1,30.52,0.0
2024-04-12 03:21:34,110,12,3.43,2,14.89,2.75
2024-04-18 12:58:58,106,27,3.15,1,11.74,0.0
2024-04-23 00:41:43,221,105,5.01,1,19.85,0.0
2024-04-08 14:02:42,263,86,1.08,1,8.02,2.75
2024-04-30 07:08:46,82,156,1.06,1,7.61,2.75
2024-04-26 09:07:28,49,199,1.98,1,7.61,0.0
2024-04-08 18:16:48,32,137,18.94,1,57.62,2.75
2024-04-20 00:42:53,89,31,7.8,1,25.83,0.0
2024-04-12 05:13:44,19,164,4.49,1,15.98,2.75
2024-04-01 18:43:41,3,113,2.24,2,8.45,2.75
2024-04-03 17:40:36,60,258,3.33,2,14.54,2.75
2024-04-18 15:14:19,242,201,1.77,1,9.65,2.75
2024-04-16 15:22:12,29,1,4.43,2,17.32,0.0
2024-04-30 20:13:19,75,211,2.4,1,12.57,2.75
2024-04-19 08:38:34,70,188,0.95,1,5.83,2.75
2024-04-13 05:54:27,83,241,1.35,1,4.4,2.75
2024-04-26 15:02:58,173,193,3.78,3,16.63,0.0
2024-04-01 20:46:44,197,110,4.65,3,17.42,0.0
2024-04-09 19:53:23,147,111,0.85,3,7.3,2.75
2024-04-23 20:01:11,35,65,6.28,3,22.27,0.0
2024-04-23 11:01:23,113,65,6.59,2,21.11,2.75
2024-04-06 15:22:15,206,235,4.99,3,15.1,2.75
2024-04-12 22:57:41,158,95,4.53,3,18.03,2.75
2024-04-15 14:23:22,253,197,1.42,1,5.98,0.0
2024-04-16 16:05:40,122,196,9.32,2,32.57,2.75
2024-04-23 19:30:27,48,38,1.59,1,3.28,2.75
2024-04-16 19:40:51,185,39,1.21,1,7.47,2.75
2024-04-30 20:24:42,101,149,4.06,1,15.85,0.0
2024-04-25 14:33:48,15,164,2.08,3,11.98,2.75
2024-04-20 22:51:47,128,220,9.96,1,31.59,2.75
2024-04-27 22:12:24,210,43,2.66,1,10.43,2.75
2024-04-16 02:02:23,112,238,1.13,2,9.08,0.0
2024-04-23 02:25:03,142,163,11.56,1,39.97,0.0
2024-04-28 04:37:45,173,107,3.04,1,10.55,2.75
2024-04-13 11:07:17,166,105,3.06,1,9.65,2.75
2024-04-18 15:06:03,119,69,2.21,3,9.4,2.75
2024-04-18 19:09:06,203,109,6.83,1,25.05,2.75
2024-04-19 20:30:40,11,180,1.69,1,8.97,0.0
2024-04-28 21:53:16,249,132,0.55,1,3.94,2.75
2024-04-26 22:06:04,248,7,2.91,1,15.63,2.75
2024-04-18 13:22:05,154,149,9.61,3,30.76,2.75
2024-04-24 01:13:57,25,185,1.62,2,8.22,2.75
2024-04-23 02:04:41,221,156,1.58,2,4.95,0.0
2024-04-11 09:39:20,110,245,5.19,1,16.77,2.75
2024-04-29 12:58:53,90,38,5.73,3,19.76,2.75
2024-04-08 18:50:36,40,115,2.5,3,11.11,2.75
2024-04-05 10:41:23,263,119,6.78,2,18.54,2.75
2024-04-07 03:39:58,158,132,1.16,2,4.44,0.0
2024-04-17 08:41:04,118,56,2.1,3,4.47,2.75
2024-04-30 19:20:48,256,120,2.31,1,6.15,2.75
2024-04-20 20:12:07,196,50,1.81,4,11.03,0.0
2024-04-27 09:00:45,14,82,1.36,1,5.28,2.75
2024-04-08 17:04:12,118,49,1.94,3,12.84,2.75
2024-04-30 08:27:27,217,48,0.56,1,3.0,2.75
2024-04-27 06:30:39,205,134,4.75,1,18.4,2.75
2024-04-07 23:35:59,77,238,4.53,1,16.6,0.0
2024-04-09 01:26:02,172,173,2.59,4,10.38,2.75
2024-04-25 00:21:27,26,145,1.86,1,5.31,2.75
2024-04-17 14:08:51,128,187,2.49,1,9.2,0.0
2024-04-13 22:53:54,142,120,10.15,1,32.97,0.0
2024-04-19 07:38:36,24,184,3.74,1,13.07,2.75
2024-04-04 02:18:51,232,79,5.1,1,18.69,2.75
2024-04-23 08:45:03,177,163,1.41,1,5.79,2.75
2024-04-28 18:28:10,235,8,0.85,1,4.11,2.75
2024-04-27 23:40:36,26,99,0.8,2,4.9,2.75
2024-04-24 22:01:34,117,27,2.74,1,12.62,2.75
2024-04-05 22:35:41,58,204,4.91,1,21.34,0.0
2024-04-08 14:12:00,122,160,5.71,1,18.21,2.75
2024-04-05 11:19:14,159,178,4.96,1,12.91,2.75
2024-04-16 04:27:12,178,192,9.04,1,31.28,2.75
2024-04-11 19:55:09,144,40,0.69,1,7.2,2.75
2024-04-29 18:19:38,89,236,7.27,1,21.86,2.75
2024-04-23 21:21:15,239,33,4.28,1,17.94,2.75
2024-04-26 06:51:58,38,29,1.18,1,7.29,2.75
2024-04-28 13:17:05,79,33,4.51,1,13.68,2.75
2024-04-15 20:28:46,252,100,3.01,3,6.23,2.75
2024-04-25 05:49:49,149,145,2.06,1,7.32,2.75
2024-04-25 03:17:49,16,65,1.5,1,9.19,0.0
2024-04-16 13:59:25,118,122,2.68,1,9.47,2.75
2024-04-14 03:34:38,192,43,1.46,3,7.06,2.75
2024-04-06 15:09:58,194,209,0.8,2,3.0,2.75
2024-04-05 01:04:14,250,230,7.05,1,25.33,2.75
2024-04-22 15:02:01,231,127,3.64,1,12.73,0.0
2024-04-07 04:03:57,3,186,2.08,1,10.68,2.75
2024-04-07 18:28:53,174,237,2.57,1,7.94,0.0
2024-04-03 11:25:33,240,91,7.5,2,21.54,2.75
2024-04-13 18:02:31,104,43,1.85,1,9.84,0.0
2024-04-12 14:15:20,244,46,2.17,2,10.56,2.75
2024-04-26 23:45:47,120,25,5.58,1,17.99,2.75
2024-04-25 20:38:34,259,195,1.28,1,11.21,0.0
2024-04-24 18:38:20,70,99,4.27,4,15.77,2.75
2024-04-05 22:48:29,183,256,2.49,1,9.77,2.75
2024-04-03 22:58:59,247,246,2.93,1,12.21,0.0
2024-04-21 06:21:06,118,166,5.91,1,21.22,2.75
2024-04-24 14:20:03,31,257,17.93,1,58.53,2.75
2024-04-21 20:37:52,149,189,6.73,1,21.49,2.75
2024-04-13 12:19:19,16,186,1.11,1,6.08,2.75
2024-04-08 13:24:40,102,182,1.39,1,6.42,2.75
2024-04-26 04:44:56,72,227,2.35,1,9.93,2.75
2024-04-24 13:17:10,193,34,4.95,3,20.63,2.75
2024-04-23 13:54:12,111,207,2.99,1,11.12,2.75
2024-04-13 01:00:44,106,44,8.62,3,28.01,2.75
2024-04-01 03:22:00,37,245,0.67,1,4.53,2.75
2024-04-08 05:22:15,181,254,1.55,1,6.91,2.75
2024-04-08 05:01:03,143,109,1.37,1,6.25,2.75
2024-04-07 07:19:08,114,114,5.27,3,19.07,0.0
2024-04-23 03:08:44,238,237,2.69,3,10.73,2.75
2024-04-24 18:31:42,94,29,0.55,1,4.59,0.0
2024-04-07 09:13:36,260,222,5.7,1,20.84,0.0
2024-04-26 16:59:46,107,242,2.07,1,10.46,0.0
2024-04-19 10:54:29,244,97,1.56,1,9.18,2.75
2024-04-23 12:31:49,23,263,1.21,1,8.06,0.0
2024-04-10 15:40:30,140,7,10.72,1,35.82,2.75
2024-04-03 05:17:28,82,205,10.47,1,31.61,2.75
2024-04-28 05:10:41,156,184,0.78,3,3.52,0.0
2024-04-23 01:47:46,19,58,1.43,2,5.96,2.75
2024-04-27 05:36:38,69,111,4.14,1,14.64,0.0
2024-04-21 13:23:58,132,186,4.38,1,14.26,0.0
2024-04-01 17:26:24,256,131,2.39,3,8.05,2.75
2024-04-11 19:17:12,209,89,3.44,1,10.07,2.75
2024-04-13 09:10:50,10,118,4.74,2,16.02,0.0
2024-04-20 17:00:58,140,257,11.02,1,35.76,2.75
2024-04-10 12:00:48,135,110,5.02,1,17.02,2.75
2024-04-27 18:52:52,255,67,0.91,1,4.61,2.75
2024-04-09 06:59:18,258,148,4.93,1,17.74,2.75
2024-04-29 11:15:30,94,220,0.75,1,5.88,2.75
2024-04-03 19:42:48,241,214,2.94,1,11.77,2.75
2024-04-24 02:12:07,237,62,3.12,1,12.58,2.75
2024-04-21 03:37:50,165,56,5.77,1,21.27,2.75
2024-04-18 11:07:14,148,96,0.54,2,3.11,2.75
2024-04-12 23:31:48,218,146,7.77,1,28.02,0.0
2024-04-02 15:50:35,108,48,4.32,2,14.43,2.75
2024-04-06 12:52:45,231,203,0.61,1,3.63,2.75
2024-04-12 03:14:27,70,199,1.11,3,3.0,0.0
2024-04-25 00:10:42,221,124,0.64,1,3.35,0.0
2024-04-13 00:27:37,74,200,5.58,1,16.59,2.75
2024-04-19 17:45:10,179,75,1.16,1,8.32,2.75
2024-04-11 17:57:45,80,157,0.66,1,6.2,2.75
2024-04-06 17:16:49,159,134,1.02,2,4.34,2.75
2024-04-08 02:23:18,169,120,3.37,2,11.71,2.75
2024-04-18 18:10:30,161,12,2.89,1,8.23,2.75
2024-04-28 08:08:26,32,235,1.49,3,5.29,0.0
2024-04-21 09:56:36,121,108,10.52,1,35.1,0.0
2024-04-15 13:07:27,215,33,7.25,1,26.7,0.0
2024-04-07 21:32:56,3,120,1.82,4,7.73,2.75
2024-04-10 20:39:40,228,256,2.75,1,10.89,0.0
2024-04-21 10:38:19,48,83,3.05,1,11.85,2.75
2024-04-04 03:55:06,167,181,5.44,2,17.75,2.75
2024-04-29 21:46:27,11,228,2.45,1,10.36,2.75
2024-04-20 05:50:56,238,186,3.27,1,11.71,0.0
2024-04-09 02:23:13,241,211,2.36,1,10.82,0.0
2024-04-18 13:50:42,192,249,5.54,5,18.99,2.75
2024-04-13 21:39:24,12,43,3.34,1,9.56,2.75
2024-04-15 06:56:39,53,73,6.66,1,23.45,0.0
2024-04-23 04:25:26,55,19,0.69,1,4.81,0.0
2024-04-09 19:47:56,21,165,8.71,1,27.69,0.0
2024-04-07 11:47:26,19,128,6.49,1,21.88,2.75
2024-04-02 11:48:58,59,142,6.47,1,20.01,2.75
2024-04-14 20:01:47,151,34,1.03,2,3.44,2.75
2024-04-10 21:40:56,259,98,1.57,1,6.42,2.75
2024-04-06 09:34:01,58,210,14.24,1,45.82,2.75
2024-04-20 11:03:25,216,198,11.0,1,36.31,2.75
2024-04-06 14:38:36,62,256,1.4,2,4.4,0.0
2024-04-21 17:52:43,146,42,2.49,1,9.94,2.75
2024-04-08 09:28:42,239,104,1.09,3,3.57,2.75
2024-04-10 00:04:27,182,189,1.57,1,7.35,2.75
2024-04-16 20:07:45,95,62,1.21,1,5.74,2.75
2024-04-20 09:46:19,78,143,0.8,1,5.21,2.75
2024-04-19 02:03:27,142,222,3.53,1,11.64,2.75
2024-04-29 23:14:44,105,20,1.46,1,9.41,0.0
2024-04-27 18:47:47,261,248,17.51,1,58.89,2.75
2024-04-20 16:53:44,95,116,3.04,2,11.11,2.75
2024-04-14 17:19:20,223,255,2.06,2,7.21,2.75
2024-04-27 19:13:03,190,13,9.05,3,27.43,0.0
2024-04-21 09:09:28,129,46,3.89,1,11.58,2.75
2024-04-11 22:51:41,195,242,0.98,2,7.44,2.75
2024-04-08 15:50:09,20,71,2.91,5,10.2,2.75
2024-04-02 12:53:17,240,59,2.54,1,7.41,2.75
2024-04-11 01:03:58,235,204,5.57,3,16.87,2.75
2024-04-13 05:51:20,85,51,4.64,4,13.9,2.75
2024-04-02 10:52:35,94,16,2.12,1,11.4,2.75
2024-04-19 04:37:33,42,51,2.72,1,13.5,2.75
2024-04-06 10:03:44,74,224,3.06,1,11.21,2.75
2024-04-16 03:04:26,115,128,2.42,4,9.04,0.0
2024-04-17 01:05:11,190,170,0.9,1,3.0,0.0
2024-04-17 06:29:24,125,68,8.76,1,25.89,2.75
2024-04-10 02:18:10,6,121,4.41,1,13.9,0.0
2024-04-20 19:23:02,42,180,2.72,1,11.82,2.75
2024-04-17 13:13:44,58,226,3.45,1,17.6,2.75
2024-04-11 16:10:29,10,191,1.34,1,7.99,2.75
2024-04-08 02:08:15,89,251,3.15,1,11.61,0.0
2024-04-03 07:00:17,111,6,5.3,1,18.68,0.0
2024-04-13 07:49:01,39,262,3.17,1,12.21,0.0
2024-04-10 20:43:44,167,91,2.79,4,10.18,2.75
2024-04-08 18:24:24,11,194,2.67,1,10.16,2.75
2024-04-27 03:15:26,110,64,5.52,2,15.58,0.0
2024-04-27 23:05:18,16,226,5.4,1,17.19,0.0
2024-04-17 16:49:47,33,63,5.35,1,17.7,2.75
2024-04-03 21:31:59,233,71,1.49,4,4.71,0.0
2024-04-10 17:19:09,188,20,3.87,3,14.49,2.75
2024-04-01 09:26:52,224,245,5.78,1,20.88,2.75
2024-04-08 17:12:55,59,64,3.39,1,15.23,0.0
2024-04-19 10:55:50,51,225,5.78,1,18.97,0.0
2024-04-06 21:02:10,43,162,7.24,1,20.4,2.75
2024-04-21 01:17:59,27,45,1.17,1,9.18,2.75
2024-04-25 15:28:33,56,25,1.78,5,5.84,2.75
2024-04-06 06:15:29,121,225,3.72,1,17.74,2.75
2024-04-28 03:10:18,113,74,1.7,2,10.64,2.75
2024-04-16 04:45:22,115,116,10.43,1,33.08,2.75
2024-04-13 20:49:26,109,152,1.26,3,5.64,2.75
2024-04-07 05:46:43,175,69,2.05,1,6.16,2.75
2024-04-16 04:20:29,112,202,18.59,1,53.63,2.75
2024-04-11 10:09:02,100,91,1.23,1,7.21,2.75
2024-04-01 09:28:32,8,50,2.58,1,9.88,0.0
2024-04-14 03:19:26,135,92,1.82,1,10.18,0.0
2024-04-20 13:32:16,251,235,6.31,2,23.95,2.75
2024-04-04 09:52:48,240,29,1.77,2,4.2,2.75
2024-04-01 17:01:04,222,172,1.12,1,5.94,2.75
2024-04-11 10:03:18,145,173,9.97,2,36.65,2.75
2024-04-23 18:36:15,4,236,1.84,1,5.97,2.75
2024-04-29 11:11:47,197,42,5.24,2,20.5,0.0
2024-04-08 10:49:50,128,149,1.7,2,8.28,2.75
2024-04-06 03:05:48,261,213,1.19,1,6.63,2.75
2024-04-15 02:24:44,91,175,6.18,1,20.87,2.75
2024-04-21 22:22:50,259,99,0.7,1,3.0,2.75
2024-04-14 18:14:38,94,120,1.91,1,4.96,2.75
2024-04-23 13:07:38,257,17,5.8,1,18.57,2.75
2024-04-06 17:22:03,136,29,3.01,1,9.23,2.75
2024-04-27 21:16:56,13,48,4.59,1,17.25,0.0
2024-04-19 12:01:55,198,128,0.74,1,8.87,2.75
2024-04-08 04:50:07,178,68,5.35,1,21.53,0.0
2024-04-09 05:33:52,112,39,1.16,1,4.94,2.75
2024-04-08 10:21:04,79,133,6.29,1,23.67,2.75
2024-04-11 00:27:10,256,119,3.41,4,14.39,2.75
2024-04-14 19:29:47,74,52,5.2,1,18.52,2.75
2024-04-02 12:18:17,161,136,1.34,4,9.88,2.75
2024-04-23 23:31:40,201,247,2.26,1,5.61,2.75
2024-04-16 03:53:09,33,169,6.17,1,19.64,0.0
2024-04-02 22:51:18,73,70,8.96,2,30.95,2.75
2024-04-05 23:57:36,198,36,1.4,1,7.32,0.0
2024-04-19 17:09:59,240,5,6.02,4,19.22,0.0
2024-04-13 13:34:03,74,148,0.9,1,3.0,0.0
2024-04-12 07:05:24,31,237,2.44,1,6.8,2.75
2024-04-10 07:16:29,14,68,10.27,2,33.01,2.75
2024-04-02 23:28:43,205,231,10.66,1,35.88,2.75
2024-04-04 11:26:46,68,150,1.73,1,10.28,2.75
2024-04-06 23:52:41,128,221,1.25,1,4.14,2.75
2024-04-12 23:39:58,26,261,1.07,2,5.14,0.0
2024-04-30 01:45:02,184,114,2.79,1,8.97,2.75
2024-04-02 21:32:24,137,165,0.84,1,5.89,0.0
2024-04-18 17:08:43,106,56,2.04,1,9.78,0.0
2024-04-07 12:01:40,24,250,0.56,2,3.0,2.75
2024-04-16 17:20:54,194,243,1.55,1,4.46,2.75
2024-04-13 09:26:44,169,2,8.57,1,31.72,2.75
2024-04-26 16:02:59,36,143,2.57,1,10.29,0.0
2024-04-29 05:00:20,101,169,0.77,1,5.0,0.0
2024-04-25 08:20:27,34,63,4.14,1,12.53,0.0
2024-04-20 21:24:24,39,154,11.4,1,36.36,0.0
2024-04-03 19:03:02,211,255,2.68,1,9.13,0.0
2024-04-10 10:39:37,230,66,3.93,2,13.1,2.75
2024-04-12 18:17:34,80,188,9.31,1,28.51,2.75
2024-04-21 20:39:08,238,193,2.4,1,11.98,2.75
2024-04-21 10:28:12,172,11,4.32,1,14.04,0.0
2024-04-05 23:27:17,59,180,2.53,1,11.8,0.0
2024-04-28 15:51:51,22,90,11.96,1,35.93,2.75
2024-04-20 23:38:01,238,223,2.95,1,14.14,0.0
2024-04-28 07:42:21,94,226,8.09,2,27.07,2.75
2024-04-02 08:36:48,244,103,2.98,1,12.76,2.75
2024-04-08 08:47:11,11,232,4.36,3,12.2,2.75
2024-04-24 01:02:13,117,190,2.21,4,10.39,2.75
2024-04-10 06:01:28,12,48,9.23,1,34.56,0.0
2024-04-15 07:29:01,154,55,4.14,1,15.25,0.0
2024-04-24 13:45:21,38,119,0.57,1,9.31,2.75
2024-04-19 23:48:33,131,2,0.56,1,3.0,2.75
2024-04-22 21:53:10,225,224,4.45,1,13.91,0.0
2024-04-23 18:54:41,143,236,0.92,1,6.1,2.75
2024-04-21 15:22:47,54,203,4.91,1,15.29,2.75
2024-04-21 04:21:25,24,144,1.86,1,12.39,2.75
2024-04-04 16:16:38,121,11,3.21,1,9.99,2.75
2024-04-15 11:33:42,119,259,1.17,5,7.5,2.75
2024-04-06 16:19:43,161,157,1.49,4,5.56,2.75
2024-04-10 17:50:13,74,197,2.51,1,6.1,2.75
2024-04-13 19:32:57,185,92,4.33,1,15.2,0.0
2024-04-10 02:33:16,192,153,1.09,1,5.07,2.75
2024-04-15 01:16:56,220,134,1.66,1,8.28,2.75
2024-04-06 09:05:10,121,116,1.31,1,8.11,2.75
2024-04-16 06:09:16,209,67,7.45,1,23.39,2.75
2024-04-24 01:33:54,164,150,4.15,1,16.67,2.75
2024-04-13 20:51:11,3,256,2.71,1,10.72,2.75
2024-04-17 20:00:30,50,41,10.78,1,33.14,2.75
2024-04-09 08:17:55,211,181,5.16,1,16.59,0.0
2024-04-26 01:49:21,16,188,9.92,1,32.31,2.75
2024-04-12 13:56:50,168,39,3.69,5,14.46,2.75
2024-04-07 00:59:58,185,217,1.02,1,5.32,2.75
2024-04-29 14:57:35,138,130,4.44,1,15.35,2.75
2024-04-16 08:51:17,125,114,1.29,4,4.81,2.75
2024-04-27 10:31:59,58,63,1.99,1,8.59,2.75
2024-04-22 23:45:55,66,97,2.99,1,11.92,2.75
2024-04-18 16:41:54,202,18,1.1,1,9.67,2.75
2024-04-23 01:24:48,9,205,0.57,1,3.0,2.75
2024-04-01 01:15:07,105,213,1.89,2,10.73,2.75
2024-04-23 10:22:22,89,97,6.59,1,23.73,2.75
2024-04-13 15:29:24,89,236,0.55,1,3.88,2.75
2024-04-29 10:41:57,6,168,0.91,3,8.99,2.75
2024-04-08 18:43:45,158,60,6.26,1,21.05,2.75
2024-04-17 16:05:34,103,85,1.78,1,8.34,2.75
2024-04-25 14:06:05,223,261,10.24,1,32.46,0.0
2024-04-05 14:28:13,171,166,2.17,1,10.33,0.0
2024-04-23 19:56:53,33,228,6.08,1,20.73,2.75
2024-04-20 17:33:21,181,60,1.55,2,5.34,0.0
2024-04-15 02:15:45,184,164,0.72,3,5.45,2.75
2024-04-16 13:21:31,87,230,7.97,1,29.58,0.0
2024-04-27 23:51:24,69,82,9.67,1,30.29,2.75
2024-04-05 16:21:10,26,157,4.81,2,18.67,2.75
2024-04-02 13:31:30,6,191,5.64,2,18.21,2.75
2024-04-10 03:53:44,256,244,0.53,1,4.88,2.75
2024-04-11 08:29:46,182,242,5.41,1,19.81,2.75
2024-04-09 09:11:16,260,222,2.74,3,13.2,2.75
2024-04-19 12:46:47,234,168,2.61,1,8.71,2.75
2024-04-10 21:42:18,207,121,3.22,1,11.74,2.75
2024-04-13 04:53:25,77,2,1.61,3,6.23,2.75
2024-04-19 14:27:25,168,118,4.67,1,17.94,0.0
2024-04-27 17:28:25,56,136,1.73,1,8.98,2.75
2024-04-28 12:25:59,81,127,3.36,2,12.96,2.75
2024-04-30 10:33:48,167,241,1.02,1,5.41,0.0
2024-04-24 06:09:46,176,108,4.43,2,17.56,2.75
2024-04-06 14:33:47,149,112,1.24,1,3.71,2.75
2024-04-28 23:35:14,256,163,1.15,1,6.23,2.75
2024-04-21 18:33:54,206,19,0.59,1,6.32,2.75
2024-04-07 01:40:36,30,233,0.95,1,3.0,2.75
2024-04-07 21:53:22,218,20,1.43,1,5.96,2.75
2024-04-18 23:34:47,231,241,1.38,1,5.74,2.75
2024-04-24 09:38:33,162,260,1.89,1,7.37,2.75
2024-04-24 14:56:27,217,49,0.7,1,8.15,0.0
2024-04-13 20:07:09,228,154,10.08,1,28.52,2.75
2024-04-03 05:29:53,221,3,0.94,3,4.42,2.75
2024-04-29 05:06:51,234,169,4.74,1,17.8,2.75
2024-04-16 12:43:15,73,198,3.18,2,13.65,0.0
2024-04-24 02:39:37,95,179,3.32,1,14.58,2.75
2024-04-25 04:31:24,95,103,0.89,1,3.0,0.0
2024-04-12 06:00:48,243,219,1.48,4,9.33,0.0
2024-04-01 02:43:15,263,16,5.8,1,22.11,2.75
2024-04-19 22:50:19,124,47,2.68,1,8.98,2.75
2024-04-18 11:52:26,109,46,2.64,1,8.6,2.75
2024-04-08 06:16:35,48,100,3.26,1,9.87,0.0
2024-04-28 21:40:25,95,183,2.49,1,5.5,2.75
2024-04-23 21:22:32,33,216,6.24,3,25.2,2.75
2024-04-18 07:33:50,118,134,5.33,3,18.6,2.75
2024-04-01 03:03:29,132,9,1.83,1,4.41,2.75
2024-04-03 01:29:28,251,213,6.35,1,17.02,2.75
2024-04-20 22:44:40,122,139,3.06,1,9.68,0.0
2024-04-29 18:51:05,218,222,3.96,4,13.45,2.75
2024-04-24 01:09:27,53,91,7.54,3,26.53,2.75
2024-04-16 22:02:10,126,112,2.76,1,12.83,2.75
2024-04-04 19:45:28,159,113,5.44,2,19.37,0.0
2024-04-30 06:54:09,159,198,3.96,2,14.5,2.75
2024-04-03 11:38:29,89,263,2.45,3,10.41,2.75
2024-04-10 22:42:55,176,162,5.95,1,22.82,2.75
2024-04-12 13:51:34,159,84,0.89,2,5.32,2.75
2024-04-17 22:40:03,249,45,3.55,1,14.12,2.75
2024-04-11 23:03:04,122,45,0.67,1,3.0,2.75
2024-04-27 10:49:22,237,210,1.09,1,6.15,2.75
2024-04-22 21:48:21,125,174,3.7,2,12.58,0.0
2024-04-03 01:14:25,92,247,1.79,1,8.62,0.0
2024-04-10 19:29:50,105,174,1.57,1,6.49,2.75
2024-04-16 03:19:41,42,36,11.42,4,37.49,2.75
2024-04-03 04:48:48,129,158,2.09,1,7.19,0.0
2024-04-20 13:39:52,53,139,3.41,2,10.69,2.75
2024-04-19 21:12:50,168,33,3.17,1,10.35,0.0
2024-04-23 20:45:56,90,251,0.72,2,3.11,2.75
2024-04-07 16:54:54,247,171,4.43,1,16.38,0.0
2024-04-20 05:08:22,174,110,3.02,1,13.08,2.75
2024-04-28 03:26:10,87,167,2.18,1,9.31,2.75
2024-04-18 11:55:10,150,125,0.74,1,4.95,2.75
2024-04-21 10:51:31,249,214,1.71,1,7.86,0.0
2024-04-10 15:10:30,115,181,8.04,3,28.78,2.75
2024-04-14 00:44:07,180,83,1.17,1,3.89,2.75
2024-04-10 10:50:09,120,25,1.37,1,7.09,2.75
2024-04-05 12:22:46,28,246,1.3,1,6.73,2.75
2024-04-17 02:55:35,117,41,8.25,1,29.01,2.75
2024-04-20 03:51:04,191,59,4.71,1,15.04,2.75
2024-04-17 06:46:59,145,177,7.98,2,29.61,2.75
2024-04-16 18:56:10,262,30,9.08,2,29.52,2.75
2024-04-29 17:25:36,142,45,9.71,2,29.19,0.0
2024-04-11 04:07:15,114,154,2.83,2,9.96,2.75
2024-04-30 08:22:30,38,40,2.76,1,12.19,2.75
2024-04-08 05:12:58,197,140,6.68,1,22.14,0.0
2024-04-29 13:58:05,13,257,1.91,1,6.8,2.75
2024-04-11 08:19:24,112,70,0.58,1,6.98,2.75
2024-04-26 19:03:08,137,136,1.91,1,9.35,0.0
2024-04-10 18:15:53,172,236,4.91,1,16.76,2.75
2024-04-28 12:51:33,127,112,0.96,4,5.86,2.75
2024-04-15 21:12:59,19,33,5.88,1,21.94,0.0
2024-04-19 13:56:39,208,196,6.41,1,24.09,2.75
2024-04-04 13:40:44,158,178,0.87,1,3.96,0.0
2024-04-25 11:00:57,160,134,0.86,1,6.58,2.75
2024-04-07 23:42:40,240,191,1.28,1,10.14,0.0
2024-04-09 01:43:09,79,6,2.04,4,7.39,2.75
2024-04-20 21:43:19,197,179,3.16,1,12.79,0.0
2024-04-26 04:14:09,120,106,2.83,1,11.94,2.75
2024-04-04 00:41:14,248,246,7.21,3,23.82,2.75
2024-04-26 21:51:11,139,231,1.04,1,3.86,2.75
2024-04-01 13:02:20,226,215,4.69,1,14.8,2.75
2024-04-09 11:41:47,83,105,3.29,3,11.96,0.0
2024-04-26 06:09:13,26,23,5.17,1,16.37,2.75
2024-04-13 05:28:24,128,161,1.96,2,5.57,2.75
2024-04-29 06:55:49,223,194,2.73,1,8.21,2.75
2024-04-26 15:11:09,44,83,0.6,1,3.26,2.75
2024-04-23 14:58:22,84,168,0.93,1,4.93,0.0
2024-04-17 20:11:45,25,143,2.14,1,7.75,2.75
2024-04-05 13:39:35,220,43,2.8,1,9.1,0.0
2024-04-13 17:24:29,204,12,0.81,3,6.91,0.0
2024-04-16 08:18:07,193,22,6.6,1,20.11,2.75
2024-04-14 17:46:11,2,18,10.72,1,34.7,2.75
2024-04-05 21:07:35,202,62,3.68,1,15.92,0.0
2024-04-17 12:24:58,32,189,0.69,1,4.84,2.75
2024-04-14 01:47:16,89,79,5.2,1,22.6,0.0
2024-04-10 06:08:37,202,167,1.36,2,7.57,0.0
2024-04-17 19:32:45,178,150,5.13,2,17.41,2.75
2024-04-29 17:31:06,193,223,2.49,2,9.02,2.75
2024-04-24 04:04:14,160,105,0.69,1,5.96,2.75
2024-04-11 16:03:26,204,254,1.64,1,8.63,0.0
2024-04-09 22:12:16,241,7,2.45,1,10.86,2.75
2024-04-10 03:44:03,115,163,5.16,2,16.64,0.0
2024-04-14 19:35:28,210,195,1.0,1,4.91,2.75
2024-04-11 00:50:50,222,130,1.68,1,4.75,0.0
2024-04-25 12:20:26,182,109,0.81,1,4.73,2.75
2024-04-18 09:52:09,259,219,3.85,1,14.76,2.75
2024-04-21 13:50:50,40,130,2.75,1,9.41,0.0
2024-04-29 20:12:45,60,244,9.76,1,31.02,2.75
2024-04-07 04:51:28,11,85,5.22,1,17.55,2.75
2024-04-30 17:35:21,120,255,5.77,1,20.49,0.0
2024-04-09 13:31:00,42,237,1.13,2,3.55,2.75
2024-04-08 03:50:36,190,1,1.59,1,6.13,2.75
2024-04-26 11:54:48,123,194,3.02,1,8.97,2.75
2024-04-22 12:35:22,189,122,0.55,3,3.56,2.75
2024-04-30 01:00:58,252,4,7.64,1,26.06,2.75
2024-04-30 12:56:32,92,149,5.76,1,20.81,2.75
2024-04-02 13:43:17,213,61,0.71,1,5.84,0.0
2024-04-30 07:46:13,202,117,7.12,2,22.92,2.75
2024-04-20 23:03:40,155,172,0.52,1,6.1,2.75
2024-04-30 21:17:09,195,238,0.92,1,8.96,0.0
2024-04-12 06:56:55,28,138,0.7,2,4.11,2.75
2024-04-08 08:37:41,194,218,2.78,1,11.02,2.75
2024-04-28 10:59:48,223,82,5.86,1,19.56,0.0
2024-04-05 03:27:42,107,219,1.19,3,5.34,2.75
2024-04-25 13:36:49,149,202,5.67,1,18.21,2.75
2024-04-25 01:07:25,135,75,1.22,1,7.16,2.75
2024-04-17 05:17:51,95,47,16.81,1,55.22,2.75
2024-04-26 00:00:46,126,236,7.22,1,21.54,2.75
2024-04-07 18:39:53,12,151,5.18,1,19.21,0.0
2024-04-20 20:49:08,4,123,3.64,2,11.75,2.75
2024-04-09 18:36:41,168,246,1.47,1,7.67,2.75
2024-04-03 10:14:59,8,254,0.94,4,6.0,2.75
2024-04-12 18:49:03,124,54,2.66,1,11.45,2.75
2024-04-22 20:12:25,185,187,2.3,2,9.98,2.75
2024-04-25 06:41:51,35,67,4.43,2,15.18,2.75
2024-04-23 00:07:37,73,141,1.15,4,5.61,2.75
2024-04-01 10:22:41,13,21,3.39,1,15.39,2.75
2024-04-29 10:44:16,39,22,4.64,1,16.64,2.75
2024-04-21 09:24:16,84,175,1.74,1,8.94,2.75
2024-04-28 02:18:22,21,191,5.8,1,19.34,2.75
2024-04-01 00:00:37,253,261,2.48,1,9.87,2.75
2024-04-04 12:19:24,258,157,1.12,1,7.95,2.75
2024-04-08 04:38:51,30,261,1.26,3,4.42,2.75
2024-04-24 19:33:52,128,39,1.64,1,7.45,2.75
2024-04-08 13:34:28,40,30,1.1,3,5.47,2.75
2024-04-09 03:27:25,97,258,3.4,1,15.11,2.75
2024-04-09 07:16:08,224,51,10.93,1,38.6,0.0
2024-04-16 02:45:27,92,234,8.42,1,29.21,2.75
2024-04-10 02:17:18,170,26,1.87,1,10.98,0.0
2024-04-07 20:59:35,222,11,7.5,1,23.0,2.75
2024-04-10 22:26:19,117,24,11.28,1,30.91,2.75
2024-04-27 09:59:33,248,216,1.72,1,8.5,2.75
2024-04-30 12:29:12,89,138,8.75,5,30.34,2.75
2024-04-10 20:43:44,78,225,21.37,4,65.88,2.75
2024-04-28 16:38:55,74,110,6.09,1,19.61,0.0
2024-04-15 04:05:22,14,206,2.23,1,9.86,2.75
2024-04-16 18:19:28,45,71,3.78,1,16.62,0.0
2024-04-09 02:38:51,38,210,2.08,1,9.39,2.75
2024-04-21 20:36:58,245,185,19.79,2,63.75,2.75
2024-04-21 03:40:33,62,90,0.75,1,6.51,2.75
2024-04-07 11:17:11,96,247,8.32,1,28.54,2.75
2024-04-27 14:02:56,252,233,0.77,4,7.19,0.0
2024-04-15 11:08:19,61,33,0.65,1,3.23,0.0
2024-04-25 12:40:28,119,147,10.34,3,32.34,0.0
2024-04-03 19:03:44,87,170,7.57,2,24.08,0.0
2024-04-03 09:19:44,83,214,2.07,1,9.25,2.75
2024-04-28 04:10:51,80,228,11.56,1,39.82,0.0
2024-04-02 16:15:38,228,146,7.43,1,26.17,2.75
2024-04-27 03:55:29,111,146,8.63,1,23.32,2.75
2024-04-12 08:11:47,71,22,3.66,1,19.53,2.75
2024-04-03 11:26:08,25,89,11.62,1,38.33,2.75
2024-04-05 11:53:08,202,180,6.3,3,23.95,0.0
2024-04-04 09:55:57,225,50,10.34,1,34.52,2.75
2024-04-23 00:15:37,117,230,1.66,1,4.9,2.75
2024-04-12 07:43:10,67,61,3.16,1,13.19,0.0
2024-04-10 03:42:24,47,19,7.58,1,23.0,0.0
2024-04-28 04:10:55,241,25,3.53,1,13.92,0.0
2024-04-17 22:47:38,178,207,6.15,4,22.07,2.75
2024-04-14 20:17:58,8,75,13.15,1,44.09,2.75
2024-04-26 15:17:39,183,141,6.21,1,20.49,2.75
2024-04-27 15:39:03,77,91,1.83,4,3.32,2.75
2024-04-05 13:24:12,67,75,0.94,2,5.0,2.75
2024-04-12 09:44:21,148,64,1.61,3,8.78,0.0
2024-04-19 22:50:55,173,82,4.3,1,15.63,0.0
2024-04-18 13:16:48,35,250,0.54,3,4.18,2.75
2024-04-21 21:47:03,77,138,1.24,1,5.6,2.75
2024-04-23 13:46:48,185,97,1.89,2,9.88,2.75
2024-04-08 06:25:15,55,100,7.78,1,28.97,2.75
2024-04-14 14:55:57,94,241,0.68,4,4.36,2.75
2024-04-17 06:40:27,144,5,0.68,1,6.27,0.0
2024-04-22 08:43:06,247,215,3.31,1,14.49,2.75
2024-04-23 18:43:08,200,67,1.19,2,4.63,0.0
2024-04-01 10:06:22,236,155,1.47,5,5.3,2.75
2024-04-10 23:30:19,220,29,1.21,1,8.46,2.75
2024-04-13 09:45:17,216,9,3.55,1,11.81,0.0
2024-04-20 21:18:23,49,200,0.7,1,4.21,2.75
2024-04-15 18:07:36,118,230,10.35,2,34.46,2.75
2024-04-29 23:06:10,82,163,0.96,1,3.66,0.0
2024-04-30 00:07:48,263,75,11.1,4,35.61,2.75
2024-04-19 22:16:47,77,183,5.77,2,20.63,0.0
2024-04-06 14:11:15,211,109,6.66,1,18.85,0.0
2024-04-21 13:41:50,122,200,1.16,1,6.29,0.0
2024-04-04 18:56:10,90,181,4.38,2,13.0,2.75
2024-04-15 13:17:07,258,28,6.45,1,21.02,0.0
2024-04-30 12:48:53,161,53,3.36,3,12.36,2.75
2024-04-26 01:15:33,176,248,3.3,1,8.28,2.75
2024-04-10 15:25:42,89,40,1.11,2,5.16,2.75
2024-04-04 05:28:30,127,222,2.37,1,6.78,2.75
2024-04-02 04:26:56,260,166,1.07,5,3.0,0.0
2024-04-13 16:43:54,244,29,13.12,2,41.85,2.75
2024-04-10 18:04:13,111,189,4.54,1,18.2,0.0
2024-04-22 06:08:37,24,202,0.67,1,6.09,0.0
2024-04-05 01:40:37,50,130,2.77,1,9.48,0.0
2024-04-30 05:18:34,37,48,4.06,1,12.41,2.75
2024-04-11 10:54:42,181,257,0.85,1,4.69,2.75
2024-04-03 01:25:46,253,88,4.33,1,17.06,2.75
2024-04-11 22:07:32,25,258,1.18,1,6.98,0.0
2024-04-13 12:01:49,125,59,2.33,1,7.49,2.75
2024-04-11 08:29:36,31,49,3.94,1,13.47,2.75
2024-04-11 00:14:59,237,216,2.09,4,7.25,2.75
2024-04-04 01:11:43,227,76,2.18,5,3.55,2.75
2024-04-26 15:37:51,38,34,6.99,2,25.66,2.75
2024-04-27 19:58:12,58,248,1.79,1,8.99,2.75
2024-04-24 10:53:13,236,23,4.23,1,18.22,2.75
2024-04-04 20:12:02,181,19,7.12,1,26.61,0.0
2024-04-28 13:04:57,114,96,1.08,2,6.1,2.75
2024-04-15 23:33:36,132,251,0.66,2,6.54,2.75
2024-04-23 23:26:36,180,241,6.61,1,21.83,2.75
2024-04-19 01:22:01,78,45,3.3,1,13.06,0.0
2024-04-20 11:45:59,220,76,6.65,1,21.4,2.75
2024-04-06 03:03:55,142,107,1.34,1,6.56,2.75
2024-04-24 13:18:35,43,60,6.76,1,23.97,0.0
2024-04-29 10:20:19,118,132,0.85,4,6.36,2.75
2024-04-22 18:04:26,59,157,8.02,1,21.97,2.75
2024-04-11 12:57:37,61,55,6.55,1,23.87,2.75
2024-04-12 15:30:47,41,186,3.43,1,10.39,2.75
2024-04-08 23:28:37,188,175,3.78,1,12.8,2.75
2024-04-05 03:32:12,187,31,1.99,1,4.96,2.75
2024-04-09 16:40:40,228,155,1.29,4,5.08,2.75
2024-04-02 09:41:32,164,245,2.63,2,13.18,2.75
2024-04-02 01:09:30,102,30,4.25,1,16.01,0.0
2024-04-30 21:08:12,124,49,23.18,1,72.32,2.75
2024-04-12 12:36:31,153,170,6.45,1,25.73,2.75
2024-04-26 16:55:43,179,75,2.49,1,8.56,2.75
2024-04-18 20:05:21,66,206,5.26,1,18.76,2.75
2024-04-23 16:31:39,99,161,0.9,1,7.59,2.75
2024-04-11 05:46:47,24,149,2.38,1,11.47,2.75
2024-04-25 04:02:20,249,88,2.44,1,11.13,0.0
2024-04-17 10:20:00,165,168,24.11,2,77.09,2.75
2024-04-29 11:13:42,94,189,2.24,1,11.02,0.0
2024-04-26 23:20:55,124,114,0.8,3,6.2,2.75
2024-04-23 23:43:25,156,13,0.74,2,3.0,2.75
2024-04-22 23:04:19,249,166,4.7,1,16.74,0.0
2024-04-01 12:41:48,58,157,1.69,1,9.72,2.75
2024-04-18 15:30:16,195,181,7.61,1,23.96,2.75
2024-04-15 01:37:22,201,104,2.81,1,9.56,2.75
2024-04-16 20:34:52,72,111,1.9,5,8.33,2.75
2024-04-30 20:45:09,247,261,5.48,1,21.09,0.0
2024-04-26 19:40:44,98,148,2.39,1,8.04,2.75
2024-04-30 23:48:38,81,139,5.18,4,16.6,2.75
2024-04-12 02:00:42,65,169,4.88,1,13.44,2.75
2024-04-01 14:43:44,5,158,5.0,3,15.91,2.75
2024-04-17 19:11:09,81,56,7.31,1,26.0,2.75
2024-04-15 03:55:59,87,73,7.1,2,22.2,0.0
2024-04-07 06:35:12,197,248,4.32,1,13.36,2.75
2024-04-07 00:02:14,252,180,11.51,1,36.32,2.75
2024-04-23 08:42:39,83,91,0.57,1,3.45,2.75
2024-04-01 13:35:26,27,194,9.83,1,33.6,2.75
2024-04-15 01:55:08,182,195,1.06,1,3.22,2.75
2024-04-28 10:57:51,135,248,1.33,1,3.32,2.75
2024-04-21 19:20:13,90,229,6.45,1,24.09,2.75
2024-04-23 03:21:18,206,163,2.29,1,10.35,0.0
2024-04-22 01:05:17,27,91,2.44,1,7.41,0.0
2024-04-05 04:51:54,59,211,1.56,1,9.47,2.75
2024-04-06 14:23:11,72,127,1.39,1,3.0,0.0
2024-04-20 08:08:50,227,71,0.89,1,7.01,2.75
2024-04-25 23:38:34,91,91,1.27,1,8.56,2.75
2024-04-24 17:29:41,68,94,3.43,3,15.83,2.75
2024-04-10 05:11:06,260,76,4.79,1,14.48,2.75
2024-04-09 12:06:09,146,104,5.2,1,18.04,0.0
2024-04-01 08:46:08,63,197,2.12,1,5.9,0.0
2024-04-10 05:27:58,180,184,9.43,4,33.63,2.75
2024-04-08 15:40:59,111,77,1.9,1,9.54,0.0
2024-04-08 01:32:06,191,34,0.91,1,5.4,0.0
2024-04-15 10:02:29,246,122,10.67,2,32.95,2.75
2024-04-12 01:37:57,123,203,3.22,1,11.72,2.75
2024-04-26 18:35:41,57,129,12.94,1,41.38,0.0
2024-04-17 09:56:20,160,213,2.25,1,11.66,2.75
2024-04-06 19:26:34,127,138,5.46,2,20.31,2.75
2024-04-01 20:45:23,225,261,0.91,2,4.56,2.75
2024-04-24 14:20:42,95,172,7.24,1,22.65,2.75
2024-04-29 12:18:10,6,147,1.16,2,6.89,2.75
2024-04-22 17:17:04,234,149,0.75,1,6.44,2.75
2024-04-18 17:50:17,16,29,0.86,1,7.22,0.0
2024-04-10 04:08:35,140,102,3.35,1,10.82,2.75
2024-04-20 20:48:54,195,254,1.71,1,6.95,2.75
2024-04-17 02:59:56,186,49,11.85,4,39.43,0.0
2024-04-12 23:33:31,125,189,7.2,2,22.87,0.0
2024-04-26 08:12:48,17,65,6.19,2,21.63,2.75
2024-04-08 11:45:22,26,164,6.31,1,21.68,0.0
2024-04-21 09:15:31,213,224,8.25,1,25.97,2.75
2024-04-22 17:28:49,1,7,7.51,2,27.79,2.75
2024-04-04 15:35:15,38,61,9.72,1,31.59,2.75
2024-04-02 17:49:54,233,192,10.03,1,31.16,0.0
2024-04-09 08:14:52,260,88,1.74,3,9.6,2.75
2024-04-30 21:15:28,261,158,1.37,1,9.88,2.75
2024-04-13 12:35:21,238,145,4.11,1,14.99,2.75
2024-04-03 03:25:51,106,163,0.96,3,3.75,2.75
2024-04-25 16:29:02,247,174,1.33,4,3.78,2.75
2024-04-26 15:16:19,38,108,5.69,1,19.43,0.0
2024-04-03 06:30:11,46,144,4.17,4,19.93,0.0
2024-04-22 06:01:22,210,58,4.18,1,16.08,0.0
2024-04-30 07:37:24,93,188,11.03,1,34.21,2.75
2024-04-26 21:34:59,220,20,4.36,1,15.18,2.75
2024-04-02 16:36:32,256,212,2.47,2,8.26,2.75
2024-04-04 01:22:10,137,24,1.65,1,8.04,0.0
2024-04-21 23:37:45,231,91,1.95,1,5.23,0.0
2024-04-09 19:54:17,202,216,1.64,1,8.16,2.75
2024-04-05 13:09:37,66,52,0.62,1,4.38,0.0
2024-04-16 04:41:36,38,138,1.56,1,10.34,0.0
2024-04-08 01:02:26,155,153,6.81,1,23.97,2.75
2024-04-05 08:48:52,105,220,5.06,2,19.65,0.0
2024-04-01 23:22:33,255,173,3.9,1,15.68,2.75
2024-04-21 10:30:54,16,1,8.64,1,28.84,0.0
2024-04-10 01:45:30,79,25,1.57,1,8.38,2.75
2024-04-30 03:18:03,13,204,3.52,1,13.51,2.75
2024-04-09 18:37:52,102,201,0.61,1,3.0,0.0
2024-04-14 00:46:58,152,191,8.29,1,28.48,2.75
2024-04-23 19:58:10,178,232,2.58,1,9.84,2.75
2024-04-28 21:10:48,87,220,1.19,1,9.38,0.0
2024-04-16 03:21:04,88,66,1.46,5,5.29,0.0
2024-04-01 21:55:47,29,24,7.1,1,21.08,0.0
2024-04-23 14:46:20,100,82,0.9,1,6.83,2.75
2024-04-30 09:06:01,115,91,9.58,1,26.47,2.75
2024-04-26 09:20:48,210,172,2.14,1,10.8,2.75
2024-04-21 13:09:33,74,35,1.51,1,8.96,2.75
2024-04-12 05:00:10,135,34,1.91,1,7.56,0.0
2024-04-28 21:41:52,78,262,2.34,1,8.99,0.0
2024-04-29 13:21:26,125,177,3.28,3,10.22,2.75
2024-04-09 01:02:14,38,144,3.59,1,11.78,0.0
2024-04-13 01:07:15,106,215,2.58,2,10.68,0.0
2024-04-22 17:44:52,44,141,2.57,1,11.39,2.75
2024-04-29 03:37:08,225,139,1.68,1,6.83,2.75
2024-04-04 02:51:22,242,47,2.19,2,8.17,2.75
2024-04-14 19:09:08,153,60,2.7,1,11.0,0.0
2024-04-02 15:36:57,24,49,3.69,1,15.09,2.75
2024-04-15 16:29:22,124,52,0.99,3,5.65,0.0
2024-04-11 21:12:05,261,61,5.55,1,19.99,2.75
2024-04-25 07:50:47,146,214,4.49,2,15.56,0.0
2024-04-09 11:27:06,191,95,1.74,1,4.0,2.75
2024-04-12 22:08:40,165,120,2.65,1,12.18,0.0
2024-04-12 23:26:20,71,219,10.78,1,30.2,2.75
2024-04-17 22:42:03,201,40,0.57,5,3.0,2.75
2024-04-17 13:46:42,12,232,6.34,3,21.86,2.75
2024-04-21 07:56:48,52,211,3.01,1,10.2,0.0
2024-04-30 17:07:08,256,38,3.88,3,14.27,2.75
2024-04-09 16:04:05,9,211,4.54,1,18.84,2.75
2024-04-13 22:22:10,140,83,2.63,1,7.2,2.75
2024-04-11 02:15:09,100,118,1.25,2,6.68,2.75
2024-04-05 11:36:45,137,27,8.91,1,25.91,2.75
2024-04-05 06:04:42,22,209,5.22,1,17.6,2.75
2024-04-07 12:46:05,145,125,3.37,1,11.17,0.0
2024-04-04 23:00:59,161,72,2.58,1,7.25,2.75
2024-04-20 18:29:35,249,58,2.92,1,13.87,2.75
2024-04-16 12:19:49,175,119,6.57,1,22.78,2.75
2024-04-23 02:35:55,88,62,0.54,2,6.85,2.75
2024-04-20 18:28:06,33,87,7.52,5,23.44,2.75
2024-04-08 21:16:16,226,99,0.67,1,6.65,0.0
2024-04-20 20:37:52,112,124,3.85,2,14.99,2.75
2024-04-26 22:01:00,82,7,1.92,2,5.62,2.75
2024-04-12 01:45:40,213,134,4.47,1,13.78,0.0
2024-04-14 19:34:29,8,2,0.81,1,3.0,2.75
2024-04-26 14:07:26,134,160,3.34,3,13.05,0.0
2024-04-03 17:07:36,118,157,7.26,1,24.75,2.75
2024-04-27 17:27:11,84,226,2.89,1,14.17,0.0
2024-04-30 09:39:44,258,143,0.81,5,3.03,2.75
2024-04-05 19:41:00,243,37,0.63,3,5.34,2.75
2024-04-18 10:00:19,237,73,3.9,1,14.63,2.75
2024-04-22 01:04:09,150,16,0.75,1,3.2,0.0
2024-04-26 16:48:23,21,83,0.76,1,6.29,2.75
2024-04-04 11:38:49,134,174,2.44,2,9.17,2.75
2024-04-12 19:44:40,96,76,1.32,1,6.75,2.75
2024-04-23 18:33:02,13,51,1.3,1,6.66,2.75
2024-04-10 17:24:28,1,186,2.8,1,9.66,2.75
2024-04-23 09:25:22,150,5,1.65,1,8.24,2.75
2024-04-19 05:57:14,117,262,1.37,2,7.76,0.0
2024-04-10 14:21:37,152,179,3.03,5,13.79,2.75
2024-04-25 21:29:23,64,142,1.7,2,6.93,2.75
2024-04-28 08:28:17,150,114,0.79,1,4.46,0.0
2024-04-01 14:37:15,12,180,4.52,3,13.7,2.75
2024-04-01 05:49:06,90,68,3.58,2,12.18,2.75
2024-04-12 09:13:58,83,107,1.33,2,4.94,0.0
2024-04-17 05:23:43,250,59,3.56,1,13.67,2.75
2024-04-30 21:20:12,33,31,11.4,1,38.18,2.75
2024-04-24 20:44:52,149,35,11.47,1,38.96,2.75
2024-04-18 02:21:50,128,260,3.16,1,14.3,2.75
2024-04-02 02:52:28,100,9,0.86,1,6.29,2.75
2024-04-17 18:23:18,212,109,2.64,1,10.35,2.75
2024-04-08 06:43:41,74,143,0.6,4,3.0,2.75
2024-04-12 02:13:15,96,42,2.38,1,10.55,2.75
2024-04-11 14:22:47,92,187,8.91,1,27.37,0.0
2024-04-04 11:42:44,175,85,2.71,2,10.13,2.75
2024-04-16 08:51:18,225,201,3.3,1,12.14,2.75
2024-04-27 01:40:12,175,261,1.1,1,3.98,2.75
2024-04-28 23:42:06,56,159,0.56,1,3.0,2.75
2024-04-25 09:59:31,35,153,18.06,1,56.79,2.75
2024-04-05 10:04:16,119,184,1.95,1,7.97,2.75
2024-04-20 19:31:49,56,257,1.65,1,6.99,2.75
2024-04-09 20:02:41,105,67,3.46,2,11.4,2.75
2024-04-05 10:53:13,176,213,5.29,1,20.31,0.0
2024-04-13 03:07:05,106,220,1.51,1,3.9,0.0
2024-04-20 05:25:27,80,224,3.1,4,15.86,2.75
2024-04-01 16:25:55,163,94,1.92,1,8.24,2.75
2024-04-19 05:09:40,51,59,2.8,3,9.55,2.75
2024-04-06 08:25:26,75,178,1.12,1,3.0,2.75
2024-04-28 12:18:06,127,112,3.0,1,9.14,0.0
2024-04-06 12:19:37,246,182,0.67,5,4.88,0.0
2024-04-05 14:40:22,234,224,6.91,2,22.34,2.75
2024-04-02 09:52:17,155,160,3.96,1,11.68,2.75
2024-04-14 02:53:49,73,163,10.43,1,31.2,2.75
2024-04-05 09:05:55,137,3,3.7,1,12.27,2.75
2024-04-22 21:22:49,44,81,1.2,1,5.17,2.75
2024-04-16 14:33:36,247,179,2.82,5,12.44,0.0
2024-04-20 09:20:59,149,94,4.32,1,14.34,2.75
2024-04-13 00:44:34,56,217,2.14,1,13.95,2.75
2024-04-23 16:12:09,176,22,3.32,1,12.87,2.75
2024-04-28 22:44:57,257,126,1.12,1,7.2,2.75
2024-04-07 08:36:31,63,143,5.75,2,22.07,2.75
2024-04-05 22:44:39,63,103,8.91,1,26.42,0.0
2024-04-22 04:30:41,29,56,1.82,1,6.74,0.0
2024-04-18 13:46:53,40,227,6.02,1,20.02,0.0
2024-04-16 17:59:24,147,106,0.84,1,7.31,2.75
2024-04-19 20:56:34,88,144,1.49,1,6.88,2.75
2024-04-21 14:29:52,56,33,2.67,1,10.7,2.75
2024-04-14 00:43:52,193,117,2.21,1,10.89,0.0
2024-04-19 11:27:16,100,171,3.88,1,15.86,2.75
2024-04-07 12:20:34,215,18,3.4,2,15.8,0.0
2024-04-10 17:29:57,141,236,0.82,1,3.0,2.75
2024-04-10 20:08:42,49,168,0.99,1,4.29,2.75
2024-04-06 04:08:00,115,155,0.69,1,3.78,0.0
2024-04-30 18:38:23,229,240,11.17,1,34.37,0.0
2024-04-09 10:55:59,252,118,4.13,2,15.7,0.0
2024-04-07 00:55:27,75,81,7.27,1,25.66,2.75
2024-04-25 16:48:20,191,168,3.23,1,8.6,2.75
2024-04-22 13:13:35,199,173,1.25,1,7.53,2.75
2024-04-20 08:54:43,163,218,3.95,2,12.97,2.75
2024-04-29 08:41:43,139,228,2.96,1,11.43,2.75
2024-04-18 17:45:13,49,191,2.34,1,7.69,2.75
2024-04-07 07:45:12,115,226,2.13,1,10.47,2.75
2024-04-22 00:32:24,168,168,4.18,5,13.22,2.75
2024-04-24 05:04:24,47,189,3.87,1,14.02,2.75
2024-04-15 20:12:02,259,193,1.08,1,6.9,2.75
2024-04-05 18:16:13,216,1,6.43,1,22.41,2.75
2024-04-18 20:51:52,230,9,4.04,1,12.95,2.75
2024-04-20 17:48:12,127,75,3.19,1,11.89,2.75
2024-04-12 16:08:27,225,143,5.34,2,18.36,2.75
2024-04-08 06:06:16,150,194,1.08,2,7.05,2.75
2024-04-21 09:26:27,46,10,9.33,1,30.07,0.0
2024-04-27 22:55:25,14,139,1.6,1,6.77,2.75
2024-04-12 08:48:19,121,30,1.57,1,6.64,2.75
2024-04-18 22:44:02,191,42,6.4,5,18.87,0.0
2024-04-21 17:43:45,166,228,1.92,1,10.06,2.75
2024-04-29 21:01:43,117,201,6.72,1,25.0,2.75
2024-04-06 23:20:31,124,210,1.89,2,11.27,2.75
2024-04-01 13:09:27,54,178,3.3,1,13.27,2.75
2024-04-21 23:10:08,199,86,1.42,1,4.34,2.75
2024-04-18 09:06:44,216,48,5.1,5,13.9,0.0
2024-04-19 21:32:28,113,206,1.14,1,6.53,2.75
2024-04-08 17:44:00,16,191,8.54,1,26.72,2.75
2024-04-29 23:51:54,216,16,2.13,2,8.16,2.75
2024-04-05 05:18:36,135,128,2.73,2,10.29,2.75
2024-04-14 02:49:57,43,185,0.59,2,4.84,2.75
2024-04-20 04:07:27,252,130,13.52,1,42.04,2.75
2024-04-03 19:58:17,98,165,6.37,1,23.07,2.75
2024-04-13 06:06:23,60,93,2.57,1,8.74,0.0
2024-04-09 09:48:07,230,213,9.35,1,30.01,2.75
2024-04-13 10:58:53,131,141,9.86,1,33.46,2.75
2024-04-06 06:17:03,159,115,3.17,1,11.34,0.0
2024-04-16 04:04:06,84,7,1.43,1,9.55,2.75
2024-04-01 11:29:00,208,56,2.84,4,9.55,0.0
2024-04-28 02:01:47,174,192,1.87,1,10.18,2.75
2024-04-12 05:22:18,81,22,2.58,2,7.76,0.0
2024-04-11 07:59:03,18,80,8.98,1,28.5,2.75
2024-04-24 07:39:11,196,103,1.66,1,9.04,2.75
2024-04-20 01:49:44,254,217,6.89,1,26.63,0.0
2024-04-17 08:34:45,142,142,10.08,1,33.77,0.0
2024-04-30 05:32:05,165,85,6.22,2,22.69,0.0
2024-04-16 09:37:37,5,77,3.12,1,12.94,2.75
2024-04-12 03:50:11,251,258,3.41,1,12.36,2.75
2024-04-16 07:12:19,150,228,6.49,1,17.26,2.75
2024-04-13 05:52:55,28,78,0.66,1,3.0,2.75
2024-04-11 22:32:41,237,162,5.16,1,16.76,2.75
2024-04-10 08:01:19,132,82,3.13,2,9.99,0.0
2024-04-27 22:52:47,163,216,2.27,1,6.28,2.75
2024-04-08 05:40:19,227,51,5.6,2,22.59,2.75
2024-04-26 20:50:04,130,164,1.58,1,5.96,0.0
2024-04-29 02:26:02,58,251,8.41,1,25.01,2.75
2024-04-21 19:19:15,146,213,4.58,4,22.02,2.75
2024-04-01 14:43:30,122,211,3.8,1,15.91,2.75
2024-04-19 15:30:29,192,163,3.09,1,9.89,2.75
2024-04-16 07:17:28,245,85,1.34,2,4.84,2.75
2024-04-11 12:01:12,103,3,3.86,1,11.44,0.0
2024-04-03 02:11:20,250,5,5.02,1,14.62,2.75
2024-04-29 21:24:42,22,235,0.54,1,3.0,0.0
2024-04-19 15:13:20,60,20,2.1,2,9.82,2.75
2024-04-17 03:58:48,238,195,6.75,1,25.5,0.0
2024-04-07 04:59:24,134,149,4.0,1,16.87,0.0
2024-04-23 16:08:39,262,116,3.84,1,16.52,0.0
2024-04-21 00:11:59,42,4,1.41,2,6.48,2.75
2024-04-11 10:50:57,74,22,4.0,2,15.72,2.75
2024-04-21 06:17:32,22,190,5.9,1,20.96,2.75
2024-04-19 18:52:42,220,12,2.3,1,9.48,0.0
2024-04-01 19:23:55,79,189,1.2,1,8.48,2.75
2024-04-08 16:17:58,235,27,0.78,1,6.24,0.0
2024-04-16 01:56:10,157,142,2.97,1,11.82,2.75
2024-04-28 23:10:07,114,7,4.53,5,14.54,2.75
2024-04-12 11:16:33,96,10,1.12,2,8.49,0.0
2024-04-26 11:10:40,130,179,2.42,1,7.22,2.75
2024-04-19 09:07:29,109,3,3.44,2,9.97,0.0
2024-04-12 02:28:16,75,103,1.09,1,3.0,0.0
2024-04-21 23:52:28,20,54,1.6,2,7.14,0.0
2024-04-15 01:06:15,161,162,3.78,1,14.6,2.75
2024-04-04 00:55:30,209,230,5.02,1,15.06,2.75
2024-04-18 12:42:00,94,211,4.04,3,14.58,0.0
2024-04-24 15:19:21,82,70,4.88,4,19.34,0.0
2024-04-03 12:29:27,104,68,3.55,2,14.39,0.0
2024-04-13 20:19:30,237,154,6.82,2,21.85,2.75
2024-04-20 12:57:21,260,224,6.64,2,24.04,2.75
2024-04-08 11:26:44,160,189,6.07,1,22.78,2.75
2024-04-03 04:04:46,61,41,3.5,1,15.18,2.75
2024-04-19 20:26:22,38,173,18.48,1,59.29,2.75
2024-04-17 12:12:40,118,238,0.64,1,3.0,2.75
2024-04-21 01:29:51,168,165,1.26,1,9.41,0.0
2024-04-05 05:49:50,69,130,6.29,2,21.87,2.75
2024-04-02 02:18:22,83,5,6.63,1,21.46,2.75
2024-04-26 11:51:01,235,130,6.48,1,23.9,2.75
2024-04-05 02:49:12,42,176,7.71,1,25.14,2.75
2024-04-14 11:01:26,99,22,2.42,1,4.12,2.75
2024-04-07 11:15:10,130,41,9.9,4,34.44,2.75
2024-04-26 13:04:47,28,153,1.32,2,5.35,0.0
2024-04-28 06:53:12,233,46,10.17,1,32.66,0.0
2024-04-12 02:08:21,229,9,3.35,1,12.56,2.75
2024-04-09 01:25:14,117,101,1.13,1,5.28,2.75
2024-04-01 19:18:39,107,47,5.16,2,18.35,0.0
2024-04-09 05:37:55,160,207,1.73,2,9.43,0.0
2024-04-12 02:50:55,4,241,1.37,1,7.63,2.75
2024-04-14 20:24:48,149,3,1.16,1,3.92,2.75
2024-04-25 18:58:44,234,36,0.6,2,3.0,0.0
2024-04-26 16:33:03,254,243,5.56,2,18.4,2.75
2024-04-27 12:40:56,248,238,2.83,1,9.41,0.0
2024-04-02 20:09:48,70,219,13.98,3,42.83,2.75
2024-04-22 13:03:00,203,201,2.52,1,8.39,2.75
2024-04-24 11:16:27,148,27,6.99,1,26.11,0.0
2024-04-01 10:51:20,221,89,12.56,1,41.2,2.75
2024-04-02 05:30:42,186,124,0.58,3,3.6,2.75
2024-04-10 14:19:14,48,255,0.89,1,5.4,2.75
2024-04-20 04:34:29,263,2,2.0,2,9.33,2.75
2024-04-11 17:34:41,172,123,7.64,4,24.01,2.75
2024-04-02 22:30:03,31,236,6.87,1,23.26,2.75
2024-04-03 23:13:12,170,77,2.1,2,4.27,2.75
2024-04-01 05:49:28,44,78,1.28,3,6.44,2.75
2024-04-19 08:02:36,43,163,6.17,1,22.28,2.75
2024-04-17 02:09:39,134,150,3.68,1,14.67,2.75
2024-04-20 04:17:37,219,48,0.61,4,4.5,2.75
2024-04-10 21:14:42,86,114,6.21,1,18.59,2.75
2024-04-18 20:16:13,251,64,11.51,1,37.71,2.75
2024-04-09 15:21:10,11,150,0.65,1,6.42,2.75
2024-04-23 08:54:53,80,73,1.68,1,9.44,2.75
2024-04-02 18:35:29,109,47,6.49,5,21.88,2.75
2024-04-14 07:12:44,118,181,3.58,1,13.79,2.75
2024-04-19 04:52:42,252,259,16.4,2,51.22,2.75
2024-04-23 04:55:17,18,95,9.15,1,31.17,0.0
2024-04-21 18:40:09,256,101,1.19,1,5.16,2.75
2024-04-19 01:38:48,245,83,4.42,2,14.72,0.0
2024-04-16 04:16:54,153,82,4.21,1,14.95,2.75
2024-04-01 04:19:48,97,121,0.91,1,5.02,2.75
2024-04-06 07:01:41,186,3,0.83,4,3.0,2.75
2024-04-28 02:43:28,30,13,3.45,3,12.59,2.75
2024-04-07 03:29:52,115,164,2.31,2,7.03,2.75
2024-04-13 14:25:12,241,105,3.26,1,12.17,2.75
2024-04-01 13:09:21,257,166,1.46,1,11.63,2.75
2024-04-26 22:07:45,113,75,3.35,2,13.96,0.0
2024-04-01 04:04:37,29,60,2.19,2,6.95,2.75
2024-04-20 04:07:35,226,233,8.15,1,27.08,2.75
2024-04-23 16:09:30,244,73,1.78,1,8.9,2.75
2024-04-16 22:46:24,19,149,7.66,1,23.09,2.75
2024-04-20 01:13:52,112,123,2.23,1,9.95,2.75
2024-04-20 20:39:39,212,4,3.52,1,12.95,2.75
2024-04-26 02:31:31,233,237,1.68,1,7.35,2.75
2024-04-22 21:04:12,159,208,6.3,1,20.07,2.75
2024-04-30 00:54:54,60,172,6.99,5,23.45,0.0
2024-04-22 08:19:08,93,207,6.3,1,23.99,2.75
2024-04-09 19:04:08,248,150,4.07,1,13.88,2.75
2024-04-17 07:27:57,158,224,1.77,1,9.73,2.75
2024-04-14 16:49:10,141,59,4.04,2,14.62,0.0
2024-04-19 10:13:43,220,151,11.72,2,38.2,2.75
2024-04-02 09:59:26,89,161,4.16,4,17.82,2.75
2024-04-27 13:01:56,155,113,11.46,1,36.7,0.0
2024-04-10 04:10:44,233,232,1.77,4,7.94,2.75
2024-04-18 19:32:32,193,186,7.05,1,24.93,2.75
2024-04-10 12:50:37,99,239,4.94,1,15.41,2.75
2024-04-05 13:06:16,113,247,6.49,1,23.9,0.0
2024-04-17 01:29:41,107,140,4.84,1,16.39,2.75
2024-04-05 03:00:40,24,112,2.79,4,10.03,0.0
2024-04-10 17:46:58,204,195,4.56,1,13.58,0.0
2024-04-12 03:09:03,11,125,9.91,1,30.16,2.75
2024-04-21 19:08:49,205,239,2.39,3,10.4,2.75
2024-04-07 04:33:40,25,1,11.11,2,38.01,2.75
2024-04-27 16:54:38,140,121,0.68,2,3.0,0.0
2024-04-12 10:51:56,123,89,0.55,1,5.33,0.0
2024-04-12 23:35:40,11,20,2.88,1,10.71,2.75
2024-04-02 04:37:01,81,177,7.11,1,21.08,2.75
2024-04-24 06:46:02,109,114,1.5,1,6.08,0.0
2024-04-01 00:03:29,208,27,4.64,1,17.74,2.75
2024-04-03 13:41:11,244,188,3.27,2,10.26,2.75
2024-04-15 12:16:30,261,87,1.7,1,4.99,0.0
2024-04-14 09:48:16,63,80,1.68,1,6.23,2.75
2024-04-29 11:01:24,184,180,0.77,1,3.41,2.75
2024-04-16 23:10:04,32,55,3.19,1,15.53,0.0
2024-04-15 19:12:00,7,247,2.59,5,10.61,0.0
2024-04-03 12:03:14,174,233,1.7,1,9.97,2.75
2024-04-29 09:41:22,146,109,12.82,3,40.8,0.0
2024-04-29 18:28:22,252,238,6.47,1,22.5,2.75
2024-04-27 09:22:43,166,155,3.11,2,13.61,2.75
2024-04-01 02:03:19,103,168,3.08,1,9.06,0.0
2024-04-19 02:06:58,193,68,1.25,1,4.24,2.75
2024-04-11 21:50:21,17,235,4.17,1,16.08,2.75
2024-04-26 09:56:54,90,39,11.25,2,36.43,0.0
2024-04-08 16:07:38,86,143,8.5,5,29.06,0.0
2024-04-23 10:17:14,103,18,0.81,2,3.26,2.75
2024-04-09 22:36:32,82,52,0.69,1,4.3,0.0
2024-04-29 14:12:53,126,222,11.88,1,40.92,0.0
2024-04-12 23:13:43,38,80,1.28,1,5.17,2.75
2024-04-10 05:07:40,213,181,3.3,1,14.14,0.0
2024-04-05 13:19:05,225,140,0.77,1,5.58,2.75
2024-04-04 11:32:43,222,209,6.99,1,21.89,2.75
2024-04-13 05:13:28,247,122,0.94,1,7.66,2.75
2024-04-11 12:05:55,136,211,4.11,1,17.32,0.0
2024-04-19 02:34:18,231,135,0.7,1,3.0,2.75
2024-04-23 05:39:26,9,177,1.1,1,7.35,2.75
2024-04-20 07:03:04,225,39,3.01,1,10.73,2.75
2024-04-01 13:17:30,107,75,0.66,1,4.22,0.0
2024-04-19 06:13:06,187,49,1.26,1,3.0,0.0
2024-04-04 05:45:16,221,217,1.01,2,4.79,2.75
2024-04-05 00:44:09,95,246,0.64,1,3.0,2.75
2024-04-06 00:48:15,195,231,12.89,4,40.94,2.75
2024-04-12 09:57:55,242,255,2.59,1,8.25,2.75
2024-04-01 01:16:16,230,203,7.35,1,22.7,2.75
2024-04-17 07:42:04,5,144,2.05,1,6.77,2.75
2024-04-30 07:20:00,4,7,0.65,1,6.73,2.75
2024-04-19 16:25:40,253,101,4.66,1,16.13,2.75
2024-04-18 00:54:37,163,228,0.64,2,5.32,2.75
2024-04-10 09:09:46,141,103,3.32,2,13.07,2.75
2024-04-25 10:33:11,19,92,1.02,1,4.13,0.0
2024-04-17 12:55:31,82,187,4.39,1,16.39,2.75
2024-04-19 12:23:46,4,146,8.31,1,27.55,2.75
2024-04-24 09:06:54,128,119,11.41,4,35.16,2.75
2024-04-16 14:34:43,187,203,3.13,4,11.58,0.0
2024-04-02 08:16:29,146,59,3.16,2,15.48,2.75
2024-04-14 09:54:26,152,153,0.64,1,3.0,0.0
2024-04-12 08:39:58,93,186,5.64,4,18.43,2.75
2024-04-10 07:51:36,31,115,11.45,1,37.77,0.0
2024-04-12 02:32:20,28,236,2.52,1,7.12,0.0
2024-04-26 16:58:52,137,66,6.02,1,19.99,2.75
2024-04-27 21:36:13,90,263,6.09,1,22.91,2.75
2024-04-09 13:52:45,49,51,5.89,1,19.19,0.0
2024-04-01 08:45:41,258,232,5.48,1,20.94,2.75
2024-04-06 12:09:19,6,13,1.35,3,4.58,0.0
2024-04-02 11:53:08,29,20,5.37,1,21.33,0.0
2024-04-03 09:49:10,156,213,1.05,1,10.0,0.0
2024-04-30 18:48:58,263,40,4.86,1,13.46,0.0
2024-04-22 12:19:37,34,135,0.51,1,6.92,2.75
2024-04-27 19:23:45,237,262,9.29,1,29.99,2.75
2024-04-06 13:30:20,138,181,6.65,1,21.66,2.75
2024-04-07 07:14:04,57,227,4.52,1,14.05,2.75
2024-04-09 13:53:16,175,106,0.85,4,3.0,2.75
2024-04-18 06:31:13,214,96,6.6,4,23.73,2.75
2024-04-08 17:46:35,27,123,7.78,1,25.0,2.75
2024-04-09 09:23:30,119,37,4.58,1,12.3,2.75
2024-04-24 04:10:15,147,198,13.54,1,44.84,2.75
2024-04-13 23:43:27,258,255,0.84,1,5.4,2.75
2024-04-10 12:59:01,189,15,4.82,1,15.9,2.75
2024-04-30 21:29:37,231,85,3.1,1,14.09,0.0
2024-04-04 14:03:19,198,92,1.05,1,6.89,0.0
2024-04-05 22:45:57,239,100,4.26,1,16.28,2.75
2024-04-22 00:19:59,70,174,6.12,1,17.11,2.75
2024-04-26 01:30:56,252,215,1.13,2,6.3,2.75
2024-04-05 05:35:50,193,86,6.02,1,21.95,0.0
2024-04-20 14:30:02,25,82,0.84,1,3.68,2.75
2024-04-06 14:28:23,70,117,3.63,1,12.33,2.75
2024-04-25 21:50:59,156,167,6.11,1,16.61,2.75
2024-04-20 17:38:16,146,242,1.05,1,3.0,0.0
2024-04-29 07:46:33,219,134,3.47,1,14.56,2.75
2024-04-29 22:46:54,49,180,2.44,1,9.1,0.0
2024-04-04 00:28:53,194,165,3.77,1,12.09,2.75
2024-04-20 09:50:44,40,212,2.43,2,8.75,0.0
2024-04-28 12:53:40,85,6,1.51,1,9.06,2.75
2024-04-21 15:36:50,4,73,1.52,5,10.44,2.75
2024-04-12 14:54:19,247,77,7.5,2,26.73,0.0
2024-04-29 12:18:21,5,215,1.1,2,5.62,2.75
2024-04-21 04:41:59,226,165,0.96,2,8.87,2.75
2024-04-12 21:45:19,150,174,0.86,1,3.43,2.75
2024-04-19 08:49:47,238,98,0.77,2,3.0,2.75
2024-04-30 22:12:41,148,25,0.55,1,5.6,2.75
2024-04-10 15:01:50,103,151,1.11,1,7.34,2.75
2024-04-23 08:55:19,175,220,1.25,1,6.81,0.0
2024-04-24 19:12:50,236,154,1.6,1,8.01,2.75
2024-04-25 20:59:11,34,76,0.96,1,3.0,2.75
2024-04-22 14:22:41,172,231,0.85,1,5.23,0.0
2024-04-21 21:01:53,6,3,3.23,1,9.45,2.75
2024-04-19 15:22:00,225,73,4.94,1,17.72,2.75
2024-04-27 14:32:19,53,111,3.98,2,16.92,2.75
2024-04-22 05:17:31,257,72,3.35,1,13.31,2.75
2024-04-04 01:09:16,59,255,2.53,2,8.68,2.75
2024-04-26 21:27:05,246,218,4.02,3,14.66,0.0
2024-04-14 01:09:20,7,208,8.63,1,27.91,0.0
2024-04-04 23:21:28,214,249,3.96,1,13.61,2.75
2024-04-24 04:15:07,78,65,0.72,1,4.0,2.75
2024-04-13 20:15:36,189,4,3.46,1,10.47,2.75
2024-04-28 10:20:11,216,196,3.1,1,12.34,2.75
2024-04-07 17:57:52,61,119,2.61,4,10.04,2.75
2024-04-29 19:14:49,61,190,3.44,1,15.35,2.75
2024-04-17 07:46:04,215,166,4.41,1,16.64,2.75
2024-04-16 17:18:13,45,232,0.63,1,7.62,2.75
2024-04-23 02:52:08,172,130,2.79,2,13.8,0.0
2024-04-07 12:09:53,221,92,6.45,1,19.12,2.75
2024-04-11 20:51:17,95,125,3.15,1,10.73,0.0
2024-04-08 13:38:59,44,207,0.75,1,3.0,0.0
2024-04-29 01:42:38,228,114,5.72,1,17.71,2.75
2024-04-02 03:39:56,62,101,10.43,1,32.38,2.75
2024-04-22 10:19:39,219,32,7.18,2,27.53,0.0
2024-04-24 21:09:16,89,131,2.08,1,11.78,0.0
2024-04-13 02:34:32,112,17,3.18,1,12.6,2.75
2024-04-08 19:21:42,207,248,3.63,1,12.34,2.75
2024-04-25 08:56:17,203,64,4.9,1,13.99,2.75
2024-04-16 14:58:39,33,78,4.34,1,14.18,0.0
2024-04-05 17:39:02,215,200,1.28,2,6.4,2.75
2024-04-28 16:01:54,12,41,6.98,1,21.79,0.0
2024-04-21 05:40:08,2,258,7.12,2,25.94,0.0
2024-04-29 08:53:32,149,181,2.31,1,13.03,2.75
2024-04-14 13:29:18,142,125,0.99,2,3.85,2.75
2024-04-13 12:29:41,207,112,3.78,1,13.54,0.0
2024-04-25 14:47:49,192,235,2.05,3,7.97,0.0
2024-04-11 21:50:39,252,202,5.23,1,17.43,2.75
2024-04-12 11:33:13,204,40,1.83,2,6.42,2.75
2024-04-16 14:48:02,46,199,1.57,2,5.86,2.75
2024-04-18 11:41:42,261,126,7.58,1,22.79,2.75
2024-04-25 12:08:41,66,74,3.85,2,15.03,0.0
2024-04-12 07:29:22,150,179,0.81,1,5.99,2.75
2024-04-29 08:16:06,70,5,4.59,1,18.93,2.75
2024-04-29 15:11:41,2,118,5.39,1,16.19,0.0
2024-04-02 04:28:57,29,232,1.44,1,4.06,2.75
2024-04-22 01:20:01,256,149,12.51,2,36.94,2.75
2024-04-28 09:35:03,61,201,2.13,2,6.84,2.75
2024-04-11 10:22:27,100,31,10.38,1,36.75,2.75
2024-04-15 19:38:00,144,237,1.72,1,5.66,0.0
2024-04-16 15:41:47,192,155,3.79,1,14.13,0.0
2024-04-21 14:05:27,204,198,3.05,2,14.98,0.0
2024-04-10 04:03:34,245,107,17.47,1,55.44,2.75
2024-04-07 20:10:58,31,159,2.34,1,8.72,2.75
2024-04-20 09:39:33,52,169,1.19,1,3.0,2.75
2024-04-15 19:22:52,243,258,6.77,5,22.32,2.75
2024-04-10 10:33:56,263,62,0.65,1,5.27,2.75
2024-04-19 09:40:16,174,149,8.07,3,26.3,2.75
2024-04-19 04:52:10,100,162,0.91,1,4.85,2.75
2024-04-06 04:33:22,61,86,3.47,3,10.45,2.75
2024-04-29 08:30:51,188,13,4.87,1,20.84,2.75
2024-04-27 18:34:08,7,124,1.93,1,7.48,2.75
2024-04-09 18:33:39,189,104,7.02,1,25.04,0.0
2024-04-04 06:17:13,83,49,3.65,1,13.39,2.75
2024-04-18 18:37:14,124,3,2.26,1,8.49,0.0
2024-04-29 06:29:07,157,250,1.88,1,7.47,2.75
2024-04-15 07:36:08,87,253,0.92,1,7.47,2.75
2024-04-21 08:53:47,148,211,4.08,3,13.6,2.75
2024-04-17 09:41:25,70,71,2.08,1,9.53,0.0
2024-04-18 14:31:33,76,38,1.85,1,8.63,2.75
2024-04-24 00:13:42,114,153,10.98,2,33.83,2.75
2024-04-13 14:01:28,3,215,1.61,4,5.5,2.75
2024-04-10 01:07:55,234,10,7.82,1,26.8,0.0
2024-04-03 17:41:42,167,100,13.4,1,46.31,0.0
2024-04-01 06:15:51,99,234,6.56,2,19.39,0.0
2024-04-02 02:00:08,124,199,0.57,2,3.12,2.75
2024-04-04 07:35:39,45,174,7.6,1,25.33,2.75
2024-04-19 10:07:00,106,217,1.34,1,6.72,0.0
2024-04-28 03:20:04,134,40,2.03,1,8.29,2.75
2024-04-24 18:29:50,8,186,17.22,4,59.03,2.75
2024-04-28 04:19:39,28,69,2.32,3,8.95,2.75
2024-04-04 19:14:37,223,249,4.22,1,12.09,2.75
2024-04-30 16:15:13,8,85,1.8,1,10.78,0.0
2024-04-06 18:49:15,134,168,2.11,2,6.57,2.75
2024-04-20 23:14:42,29,29,3.69,1,13.37,0.0
2024-04-22 13:30:32,115,37,10.87,1,33.6,0.0
2024-04-09 16:25:10,34,20,1.66,4,5.87,0.0
2024-04-26 17:52:24,7,146,1.49,4,4.34,0.0
2024-04-22 04:27:35,40,260,0.59,2,5.61,0.0
2024-04-11 04:37:50,62,139,1.29,1,8.33,0.0
2024-04-16 22:49:08,86,255,1.57,2,8.26,2.75
2024-04-29 00:57:31,213,86,0.73,2,7.66,0.0
2024-04-18 08:40:33,116,52,3.4,1,11.13,2.75
2024-04-06 08:22:56,65,142,0.97,1,4.8,2.75
2024-04-03 18:20:26,170,122,3.0,1,10.09,2.75
2024-04-20 21:02:34,116,151,1.23,2,7.12,0.0
2024-04-09 16:33:02,116,148,10.11,1,33.23,0.0
2024-04-06 13:50:09,221,83,1.78,1,4.75,0.0
2024-04-15 07:00:32,50,149,0.84,1,7.65,2.75
2024-04-22 01:03:02,79,170,6.83,3,21.14,2.75
2024-04-03 00:01:45,20,228,2.3,1,6.23,2.75
2024-04-05 13:23:01,37,5,6.5,1,19.37,2.75
2024-04-24 05:17:40,259,152,1.81,3,10.26,0.0
2024-04-13 08:22:58,93,221,2.93,1,14.5,2.75
2024-04-15 03:34:53,187,157,2.56,1,9.81,2.75
2024-04-01 10:19:40,201,258,3.36,2,14.16,2.75
2024-04-17 17:34:35,48,6,2.3,2,7.48,0.0
2024-04-08 08:06:16,253,204,2.9,2,12.28,2.75
2024-04-17 09:40:40,46,134,4.48,1,16.71,0.0
2024-04-14 14:35:11,231,77,2.37,4,7.06,2.75
2024-04-27 01:22:27,95,116,4.54,1,16.03,2.75
2024-04-19 21:09:05,218,201,4.88,1,17.16,0.0
2024-04-07 22:02:06,40,87,5.34,1,16.79,2.75
2024-04-08 08:36:19,203,68,2.73,1,12.15,2.75
2024-04-30 00:39:01,116,101,0.51,1,3.0,0.0
2024-04-05 03:10:54,91,162,5.4,1,20.3,2.75
2024-04-29 23:10:56,58,71,8.89,3,32.6,0.0
2024-04-22 18:46:26,10,173,4.2,1,16.12,2.75
2024-04-12 10:58:44,256,169,3.1,1,13.53,2.75
2024-04-29 16:05:41,249,103,3.37,2,14.31,0.0
2024-04-23 18:00:29,6,228,4.08,1,16.49,2.75
2024-04-13 18:27:28,188,133,23.32,1,71.71,2.75
2024-04-19 22:04:45,235,60,0.72,1,5.54,2.75
2024-04-01 19:13:44,183,145,0.57,1,5.0,2.75
2024-04-12 22:05:22,123,211,12.15,1,36.08,2.75
2024-04-03 17:12:25,158,109,2.53,5,9.13,2.75
2024-04-25 21:45:48,13,193,3.82,2,12.33,0.0
2024-04-28 08:28:39,54,183,5.4,1,17.6,0.0
2024-04-22 01:03:42,43,9,5.24,1,20.3,0.0
2024-04-15 01:53:03,109,132,4.15,2,13.97,2.75
2024-04-07 12:31:46,166,74,2.73,1,9.66,2.75
2024-04-11 18:15:17,106,96,3.5,1,13.09,2.75
2024-04-06 23:15:29,51,129,5.08,1,17.17,2.75
2024-04-15 19:05:42,204,222,7.16,2,22.2,2.75
2024-04-10 20:25:12,43,128,0.98,1,5.71,0.0
2024-04-25 02:50:05,85,7,1.64,1,7.39,2.75
2024-04-13 11:53:13,217,225,2.27,1,8.01,2.75
2024-04-05 02:23:02,158,116,4.33,1,15.9,2.75
2024-04-11 23:28:14,127,103,2.26,2,8.44,2.75
2024-04-29 21:53:22,191,226,1.46,1,8.53,2.75
2024-04-27 16:20:58,60,53,0.62,1,3.0,0.0
2024-04-24 15:22:12,62,3,6.97,1,22.31,0.0
2024-04-11 23:01:21,126,32,2.4,1,9.95,2.75
2024-04-19 05:17:35,172,258,1.9,1,7.52,2.75
2024-04-16 15:48:55,63,80,3.15,2,9.09,2.75
2024-04-04 08:20:58,260,124,0.96,2,9.27,0.0
2024-04-20 20:36:58,16,260,2.27,4,9.34,2.75
2024-04-11 09:52:54,179,210,5.38,1,16.17,0.0
2024-04-21 11:20:28,101,45,5.16,1,19.54,2.75
2024-04-16 04:12:27,176,227,5.67,1,18.76,2.75
2024-04-25 06:45:51,193,113,2.71,1,12.76,2.75
2024-04-16 19:32:59,261,30,2.11,2,8.03,0.0
2024-04-18 18:43:21,175,214,6.73,1,24.35,0.0
2024-04-19 06:51:29,234,87,1.17,1,6.06,0.0
2024-04-07 05:39:29,216,22,5.02,1,17.6,2.75
2024-04-04 07:52:35,247,21,8.16,1,25.67,0.0
2024-04-21 20:13:50,21,176,1.68,1,6.68,0.0
2024-04-05 17:22:57,243,261,1.27,1,6.98,2.75
2024-04-17 22:32:39,244,168,3.01,1,10.98,2.75
2024-04-06 22:48:31,163,221,1.35,1,4.63,2.75
2024-04-07 16:19:18,146,82,7.66,1,23.95,2.75
2024-04-24 12:03:14,67,79,1.48,2,7.98,0.0
2024-04-26 06:41:20,103,159,1.82,2,9.35,0.0
2024-04-19 04:14:57,125,143,8.18,1,28.98,0.0
2024-04-09 11:55:58,117,45,1.31,3,5.76,2.75
2024-04-23 17:57:05,251,236,8.06,1,30.2,2.75
2024-04-10 07:40:31,226,170,1.32,3,8.43,2.75
2024-04-17 11:12:51,188,225,9.0,1,29.42,2.75
2024-04-17 17:40:53,187,91,1.84,1,8.1,0.0
2024-04-29 16:38:49,76,147,1.49,1,8.27,2.75
2024-04-10 21:37:14,149,70,2.77,1,9.26,2.75
2024-04-04 13:44:57,195,49,2.11,3,5.96,0.0
2024-04-07 01:56:43,44,17,1.29,1,6.69,2.75
2024-04-09 08:58:06,170,149,1.95,2,8.56,2.75
2024-04-01 20:15:08,94,43,4.87,3,15.51,2.75
2024-04-20 00:06:13,224,212,6.74,1,21.38,2.75
2024-04-22 06:33:06,38,204,6.52,3,23.93,2.75
2024-04-05 07:04:47,235,205,5.45,2,19.07,2.75
2024-04-01 02:37:02,111,63,0.52,1,3.0,0.0
2024-04-27 07:04:10,168,24,2.45,1,4.72,0.0
2024-04-10 18:03:26,54,33,1.15,1,3.0,2.75
2024-04-18 19:15:48,127,209,0.77,1,7.92,2.75
2024-04-06 05:06:55,42,176,5.16,1,16.68,0.0
2024-04-17 16:16:48,41,44,6.02,4,20.05,2.75
2024-04-01 08:00:34,50,153,6.4,3,26.52,0.0
2024-04-07 08:25:23,159,188,8.24,2,25.29,2.75
2024-04-19 20:24:21,182,12,3.62,3,15.15,2.75
2024-04-30 07:52:02,181,137,22.49,2,69.46,2.75
2024-04-07 16:47:23,166,86,2.81,1,12.65,0.0
2024-04-01 23:42:30,232,53,8.02,1,27.53,2.75
2024-04-01 04:05:16,206,61,0.92,1,3.0,2.75
2024-04-13 20:00:37,50,113,1.06,1,3.82,2.75
2024-04-11 22:30:32,146,108,3.62,1,11.52,2.75
2024-04-20 21:09:40,145,67,0.96,1,5.83,2.75
2024-04-09 00:13:39,16,122,0.77,3,3.57,0.0
2024-04-17 16:05:52,85,254,1.26,1,6.8,2.75
2024-04-23 02:17:22,216,5,5.92,3,21.41,2.75
2024-04-22 17:28:50,52,235,9.68,1,34.97,2.75
2024-04-29 02:08:54,36,39,1.92,3,9.36,2.75
2024-04-11 06:36:06,107,200,13.38,1,42.5,2.75
2024-04-20 19:41:00,219,170,6.3,1,21.8,2.75
2024-04-07 10:12:14,254,21,1.4,1,3.3,0.0
2024-04-10 22:54:35,68,175,3.59,3,12.17,2.75
2024-04-24 07:23:03,187,74,14.52,1,44.08,2.75
2024-04-16 10:51:59,124,149,7.11,1,26.01,0.0
2024-04-09 10:55:20,30,113,2.08,3,10.23,0.0
2024-04-27 20:41:26,185,86,1.78,1,4.15,2.75
2024-04-13 03:11:18,53,102,6.49,1,23.27,0.0
2024-04-02 10:13:02,177,19,3.29,1,14.14,2.75
2024-04-01 13:29:51,133,63,1.12,1,4.35,2.75
2024-04-12 20:21:11,77,116,1.89,1,9.81,2.75
2024-04-01 23:21:46,60,180,4.29,1,15.71,2.75
2024-04-20 02:34:42,91,38,1.08,1,3.18,0.0
2024-04-29 11:05:50,199,92,4.7,5,13.78,0.0
2024-04-24 10:33:36,118,173,4.83,1,22.08,2.75
2024-04-02 21:41:26,183,205,1.61,1,6.87,2.75
2024-04-20 14:28:16,55,9,2.28,5,10.06,2.75
2024-04-22 03:38:48,5,9,10.09,1,29.76,2.75
2024-04-24 21:35:21,101,21,5.34,1,21.94,2.75
2024-04-09 12:11:02,53,24,5.93,1,21.94,2.75
2024-04-09 10:04:28,218,95,3.04,1,11.93,2.75
2024-04-24 21:30:18,240,192,1.34,2,9.92,2.75
2024-04-02 01:41:48,214,180,3.63,1,10.4,2.75
2024-04-19 16:42:08,104,131,5.68,2,18.17,2.75
2024-04-08 20:24:43,222,21,0.51,1,4.1,2.75
2024-04-14 11:30:38,189,8,0.92,2,4.06,2.75
2024-04-23 00:27:33,99,201,2.75,1,12.35,2.75
2024-04-25 04:31:15,97,14,2.51,2,11.06,2.75
2024-04-29 14:02:30,73,36,14.62,1,48.77,2.75
2024-04-17 11:37:21,256,164,0.84,1,5.37,2.75
2024-04-11 10:46:50,231,45,1.87,1,6.11,2.75
2024-04-04 01:33:34,170,144,6.41,2,21.12,2.75
2024-04-16 14:13:59,157,11,3.82,1,15.12,2.75
2024-04-12 06:55:15,222,212,3.39,1,12.02,2.75
2024-04-26 11:18:37,99,113,5.23,2,18.42,2.75
2024-04-03 03:39:24,220,11,0.64,1,3.52,2.75
2024-04-15 07:34:15,244,166,10.81,1,35.95,0.0
2024-04-13 02:34:54,259,258,1.24,1,7.29,2.75
2024-04-15 21:50:20,194,54,0.8,1,9.69,2.75
2024-04-09 17:28:28,150,93,1.95,2,5.09,2.75
2024-04-09 11:34:38,155,263,4.74,1,17.36,2.75
2024-04-24 12:07:51,22,45,1.42,1,10.92,2.75
2024-04-12 14:13:42,116,217,0.68,1,6.93,2.75
2024-04-19 22:36:57,113,189,0.71,3,8.43,2.75
2024-04-18 23:07:33,211,107,1.54,1,4.99,2.75
2024-04-28 08:28:24,24,8,1.01,2,5.64,2.75
2024-04-29 13:11:44,56,32,2.13,1,6.11,2.75
2024-04-28 07:29:52,54,168,1.17,1,4.3,2.75
2024-04-05 04:31:51,108,37,1.98,5,11.25,2.75
2024-04-13 02:37:31,202,231,2.56,2,7.85,2.75
2024-04-04 07:15:56,202,183,5.25,1,17.63,2.75
2024-04-18 15:23:25,218,246,1.4,1,4.84,2.75
2024-04-14 12:38:14,243,10,2.76,3,11.36,0.0
2024-04-21 16:28:02,178,70,6.41,1,18.77,2.75
2024-04-28 10:06:20,61,237,15.54,1,49.13,0.0
2024-04-02 08:21:21,36,118,3.35,1,14.37,2.75
2024-04-01 18:57:39,46,217,2.48,1,9.23,2.75
2024-04-25 20:22:42,95,191,3.99,2,17.16,2.75
2024-04-24 14:27:26,44,239,2.83,1,12.0,2.75
2024-04-25 11:05:27,226,206,1.13,1,5.2,2.75
2024-04-28 00:41:09,146,222,2.65,1,9.03,2.75
2024-04-11 21:52:02,13,146,14.04,1,46.65,0.0
2024-04-15 00:10:13,25,189,4.08,2,14.11,2.75
2024-04-26 11:03:26,261,238,1.67,1,7.27,2.75
2024-04-21 00:50:09,128,223,10.79,1,39.08,2.75
2024-04-03 07:46:38,39,246,2.22,1,11.22,0.0
2024-04-26 19:28:27,157,247,2.23,4,7.61,0.0
2024-04-26 03:14:01,185,38,3.86,1,14.27,0.0
2024-04-26 22:46:59,174,207,3.45,1,14.83,2.75
2024-04-24 20:47:24,186,187,1.7,5,6.3,0.0
2024-04-26 00:02:31,74,92,2.7,2,13.45,2.75
2024-04-04 14:40:51,16,6,1.91,1,9.12,0.0
2024-04-23 20:48:38,188,133,5.19,1,22.65,2.75
2024-04-22 17:33:51,172,92,0.96,1,4.83,2.75
2024-04-30 03:06:19,186,1,5.36,1,19.74,2.75
2024-04-24 22:34:04,32,83,1.12,1,4.42,2.75
2024-04-29 11:59:25,63,179,1.78,5,7.66,2.75
2024-04-21 13:20:25,189,147,1.92,2,7.08,2.75
2024-04-14 08:37:38,26,102,16.77,1,54.87,2.75
2024-04-29 06:35:05,39,31,3.62,1,10.09,2.75
2024-04-12 11:02:50,193,154,5.76,1,14.13,2.75
2024-04-21 01:29:01,163,48,3.34,1,13.1,0.0
2024-04-17 08:16:50,53,41,14.79,1,47.01,2.75
2024-04-22 04:33:56,174,153,1.18,3,4.5,0.0
2024-04-26 02:21:17,196,182,3.75,2,13.96,0.0
2024-04-19 12:56:34,211,232,6.09,2,16.86,2.75
2024-04-29 15:08:42,188,121,3.97,1,17.55,0.0
2024-04-22 07:49:16,214,185,8.45,1,26.28,2.75
2024-04-23 13:44:16,29,120,3.71,1,15.71,0.0
2024-04-13 22:08:41,171,226,6.63,1,20.09,2.75
2024-04-01 16:39:40,122,112,1.18,2,3.34,2.75
2024-04-10 18:13:34,159,195,1.56,1,5.3,2.75
2024-04-02 21:55:01,86,26,2.55,1,10.23,2.75
2024-04-08 04:24:30,4,194,7.18,1,25.85,2.75
2024-04-13 18:07:00,2,19,2.45,1,13.0,0.0
2024-04-04 10:33:00,133,25,3.96,1,16.53,2.75
2024-04-08 21:35:27,79,47,2.26,1,6.46,2.75
2024-04-10 16:48:19,147,199,6.23,1,20.8,0.0
2024-04-20 07:09:51,166,3,1.28,1,5.35,0.0
2024-04-06 03:58:20,238,239,3.65,1,13.29,2.75
2024-04-07 19:10:26,204,22,3.52,1,13.82,2.75
2024-04-10 19:55:33,53,30,2.31,1,7.89,0.0
2024-04-30 00:40:39,107,47,4.77,1,20.75,2.75
2024-04-14 02:20:14,55,152,0.6,1,3.45,2.75
2024-04-24 19:19:04,246,226,6.95,1,24.85,2.75
2024-04-18 01:17:17,164,248,2.0,1,5.58,2.75
2024-04-11 15:02:44,15,171,6.01,1,24.49,2.75
2024-04-29 13:08:27,1,237,1.77,1,9.15,2.75
2024-04-10 04:22:34,137,236,1.23,3,5.59,0.0
2024-04-20 06:56:01,151,259,2.23,2,9.9,2.75
2024-04-15 04:06:09,180,148,6.09,3,21.63,2.75
2024-04-30 11:40:24,232,109,4.76,1,17.17,2.75
2024-04-09 23:39:45,188,143,2.29,3,8.82,0.0
2024-04-23 01:01:54,18,71,10.22,4,30.64,2.75
2024-04-27 14:06:07,225,126,2.34,4,12.68,2.75
2024-04-13 11:00:19,105,82,2.01,1,8.91,0.0
2024-04-20 19:49:42,206,41,1.05,2,4.12,0.0
2024-04-12 15:40:40,186,259,0.76,1,4.23,2.75
2024-04-12 08:38:09,65,144,2.01,1,10.87,2.75
2024-04-05 05:26:48,207,171,0.84,1,7.48,0.0
2024-04-27 21:52:29,229,143,2.67,2,9.94,0.0
2024-04-03 12:55:56,69,127,7.38,3,23.54,2.75
2024-04-20 09:20:55,142,58,2.76,4,9.81,2.75
2024-04-06 14:36:40,206,168,2.79,2,12.95,2.75
2024-04-18 07:21:58,174,118,1.52,1,9.66,0.0
2024-04-23 02:02:31,197,166,1.14,1,5.41,2.75
2024-04-27 07:44:44,197,82,1.38,1,7.92,2.75
2024-04-28 06:56:01,228,134,3.44,3,12.17,2.75
2024-04-08 11:30:31,199,46,3.64,1,10.7,0.0
2024-04-09 21:50:22,15,262,1.37,3,7.82,2.75
2024-04-27 21:15:36,216,123,2.28,5,9.02,2.75
2024-04-01 04:08:45,35,222,3.44,1,12.54,2.75
2024-04-14 02:22:40,69,92,5.5,1,20.6,0.0
2024-04-20 02:09:39,212,19,1.85,1,5.38,2.75
2024-04-27 13:54:42,46,65,1.61,1,3.08,2.75
2024-04-16 16:53:09,248,219,5.09,2,18.5,2.75
2024-04-09 16:14:55,85,157,3.02,2,14.94,2.75
2024-04-28 16:26:41,48,153,7.3,2,26.33,2.75
2024-04-27 07:08:53,231,247,1.33,3,4.96,0.0
2024-04-27 19:33:50,67,199,5.66,1,20.04,2.75
2024-04-26 18:14:13,89,231,1.12,1,6.89,2.75
2024-04-14 11:35:37,219,16,3.58,1,14.38,2.75
2024-04-15 06:36:27,52,108,1.67,3,6.32,2.75
2024-04-27 16:17:24,22,184,0.87,2,3.9,2.75
2024-04-08 01:52:41,99,184,3.86,1,9.43,2.75
2024-04-01 14:06:58,131,69,2.97,1,11.86,2.75
2024-04-27 00:45:19,88,250,2.83,3,12.52,2.75
2024-04-29 09:00:03,136,218,3.64,1,15.36,2.75
2024-04-15 09:00:57,39,88,2.13,1,6.68,2.75
2024-04-18 07:51:56,18,217,4.38,1,15.51,2.75
2024-04-16 22:40:40,105,180,0.99,1,5.29,2.75
2024-04-30 10:38:43,146,125,4.89,2,15.45,2.75
2024-04-02 08:57:22,224,183,3.53,3,15.16,2.75
2024-04-03 06:17:08,117,200,2.83,1,10.98,2.75
2024-04-05 15:31:08,1,184,0.98,1,4.43,2.75
2024-04-10 11:01:16,117,224,1.64,2,9.69,2.75
2024-04-02 02:34:47,26,89,1.72,1,8.9,2.75
2024-04-18 21:48:54,12,225,1.43,1,5.43,2.75
2024-04-22 12:12:53,169,118,11.29,1,32.88,2.75
2024-04-28 15:16:59,53,156,9.15,1,28.4,2.75
2024-04-14 18:35:30,248,159,3.26,5,12.49,2.75
2024-04-26 13:40:57,128,183,1.31,3,5.4,2.75
2024-04-20 10:37:12,76,202,8.97,1,27.04,2.75
2024-04-22 19:38:38,146,66,5.34,2,18.02,0.0
2024-04-21 18:29:40,48,46,0.64,2,3.0,2.75
2024-04-17 16:38:05,199,260,2.86,4,12.18,2.75
2024-04-25 17:35:19,71,244,3.75,1,17.93,2.75
2024-04-19 04:53:57,92,156,0.74,1,5.91,2.75
2024-04-14 16:30:18,209,249,0.68,2,7.12,2.75
2024-04-20 08:12:59,48,95,2.68,2,9.21,2.75
2024-04-02 02:31:34,29,255,0.51,2,3.3,0.0
2024-04-13 00:53:36,176,201,0.67,1,3.0,2.75
2024-04-09 03:42:17,19,134,1.13,2,7.06,2.75
2024-04-09 07:07:41,47,153,8.93,2,31.35,2.75
2024-04-07 09:39:48,60,255,5.59,1,18.0,2.75
2024-04-25 10:27:58,176,260,2.6,1,10.7,2.75
2024-04-04 22:50:47,255,240,2.78,1,7.85,2.75
2024-04-03 12:10:51,229,152,4.55,1,15.8,2.75
2024-04-29 01:59:17,147,91,2.75,2,9.04,2.75
2024-04-18 20:00:56,239,240,0.73,1,4.94,2.75
2024-04-25 11:15:30,188,183,5.2,1,19.28,2.75
2024-04-16 04:22:55,209,259,0.71,3,3.0,0.0
2024-04-26 03:32:14,75,76,2.83,2,8.28,2.75
2024-04-08 00:11:42,183,183,7.42,1,24.57,2.75
2024-04-30 08:14:04,87,59,0.94,2,5.18,0.0
2024-04-19 01:22:35,180,40,4.79,1,16.62,2.75
2024-04-09 15:38:40,245,45,0.67,5,3.0,0.0
2024-04-19 15:39:49,7,15,17.9,1,53.69,2.75
2024-04-29 21:13:43,13,220,4.51,3,16.5,0.0
2024-04-06 10:02:43,226,187,12.66,5,36.84,0.0
2024-04-10 17:16:52,242,25,4.36,1,13.12,2.75
2024-04-09 21:53:28,180,192,1.47,2,10.32,2.75
2024-04-04 12:36:43,180,179,9.63,3,30.26,2.75
2024-04-28 17:24:19,126,61,3.95,4,11.42,2.75
2024-04-15 01:06:59,190,131,3.5,2,10.39,2.75
2024-04-21 11:24:45,16,249,2.46,1,12.27,0.0
2024-04-13 02:10:54,21,164,1.67,1,6.06,0.0
2024-04-28 12:46:12,16,207,3.14,1,11.51,2.75
2024-04-11 07:46:48,33,238,2.1,1,7.82,2.75
2024-04-05 00:52:17,182,192,7.24,1,21.21,2.75
2024-04-18 21:31:28,69,28,0.6,1,3.0,2.75
2024-04-17 18:34:59,52,107,3.14,2,12.73,2.75
2024-04-18 12:03:05,65,223,6.84,1,20.56,2.75
2024-04-03 02:26:41,228,84,0.6,1,8.73,2.75
2024-04-01 19:04:42,222,237,1.66,2,4.43,2.75
2024-04-30 10:49:04,18,149,0.69,2,3.0,0.0
2024-04-15 23:45:29,218,100,3.66,1,14.38,2.75
2024-04-17 08:59:40,173,35,1.83,2,8.24,2.75
2024-04-08 15:16:14,56,97,11.74,2,40.29,2.75
2024-04-14 02:20:06,9,233,3.85,1,14.95,0.0
2024-04-14 12:42:16,22,13,3.39,1,14.94,2.75
2024-04-24 11:23:37,72,246,9.22,4,33.36,2.75
2024-04-08 15:08:17,172,262,1.39,1,6.04,2.75
2024-04-12 14:59:26,123,223,3.39,2,8.85,2.75
2024-04-30 16:27:58,91,74,3.24,2,15.13,0.0
2024-04-18 23:47:53,224,184,0.8,4,6.77,2.75
2024-04-14 11:02:16,252,56,9.91,4,33.27,0.0
2024-04-16 04:34:30,256,57,4.72,1,19.59,0.0
2024-04-07 19:41:46,13,61,8.17,1,26.85,2.75
2024-04-13 01:42:40,118,173,14.67,1,45.31,0.0
2024-04-17 17:36:59,178,110,2.79,4,13.05,0.0
2024-04-26 20:32:49,161,146,6.2,2,21.63,2.75
2024-04-03 05:33:23,95,14,3.52,3,12.61,0.0
2024-04-20 05:04:08,168,183,13.72,1,46.7,2.75
2024-04-23 11:43:11,87,147,1.49,1,9.64,2.75
2024-04-29 09:23:59,3,232,0.55,1,3.02,2.75
2024-04-10 22:18:26,16,140,1.22,1,3.24,0.0
2024-04-21 10:24:32,130,148,0.98,2,3.5,2.75
2024-04-10 06:10:38,23,36,2.51,3,8.85,2.75
2024-04-15 07:37:45,98,56,0.78,3,3.86,2.75
2024-04-11 10:41:19,158,41,1.37,1,7.15,0.0
2024-04-23 16:09:39,239,169,0.85,1,11.15,2.75
2024-04-23 10:22:45,10,171,2.83,1,13.02,2.75
2024-04-19 09:59:49,22,106,1.59,1,9.71,2.75
2024-04-27 14:01:48,184,227,2.73,1,10.63,0.0
2024-04-23 20:45:16,217,86,0.83,1,5.45,2.75
2024-04-25 11:27:01,214,146,3.05,1,12.68,2.75
2024-04-04 20:49:14,158,247,0.99,1,7.89,2.75
2024-04-03 09:43:56,210,148,0.87,5,7.06,2.75
2024-04-18 20:01:06,133,222,1.8,5,9.31,0.0
2024-04-02 12:55:15,53,146,7.76,2,24.5,0.0
2024-04-03 06:38:01,229,108,5.94,1,16.91,2.75
2024-04-10 06:54:51,183,215,11.69,1,39.96,2.75
2024-04-17 04:03:09,23,245,2.66,1,11.94,2.75
2024-04-09 23:52:30,106,130,1.81,1,6.67,2.75
2024-04-25 13:35:47,91,64,12.88,1,45.62,0.0
2024-04-15 19:04:43,119,224,2.18,1,7.35,0.0
2024-04-09 22:17:49,138,65,0.53,3,4.02,2.75
2024-04-21 13:36:24,120,65,6.5,1,21.51,0.0
2024-04-27 20:59:51,161,182,1.15,1,4.59,0.0
2024-04-15 16:20:58,208,108,4.93,3,16.26,2.75
2024-04-20 09:34:59,155,111,0.55,1,3.0,2.75
2024-04-25 04:44:11,263,76,0.91,2,3.78,2.75
2024-04-20 05:20:09,155,250,2.81,1,12.04,0.0
2024-04-15 22:42:58,259,241,0.75,1,6.46,0.0
2024-04-09 23:07:36,157,226,8.18,1,25.77,2.75
2024-04-11 08:05:55,14,164,5.35,1,17.55,2.75
2024-04-07 02:26:09,77,263,1.89,1,8.93,2.75
2024-04-11 02:00:17,220,15,3.69,1,14.05,2.75
2024-04-30 13:50:05,232,153,4.9,1,17.46,0.0
2024-04-22 23:04:25,142,38,5.43,1,19.19,0.0
2024-04-27 04:46:07,251,37,2.26,2,10.5,2.75
2024-04-18 09:49:41,140,122,8.52,1,30.27,2.75
2024-04-06 10:57:46,142,257,10.45,2,32.75,2.75
2024-04-24 23:09:29,129,175,1.26,2,6.96,0.0
2024-04-14 18:05:04,18,142,8.98,4,28.47,2.75
2024-04-16 05:41:01,243,162,4.87,5,13.14,2.75
2024-04-02 17:02:13,164,23,8.17,1,25.22,2.75
2024-04-10 10:25:22,96,66,2.44,2,13.4,2.75
2024-04-04 09:56:17,28,58,4.29,2,17.42,2.75
2024-04-13 23:03:36,230,29,1.44,1,3.0,2.75
2024-04-12 06:44:05,25,83,5.37,2,17.23,0.0
2024-04-27 16:40:56,175,129,3.55,2,12.81,0.0
2024-04-05 02:48:54,161,133,2.8,1,10.97,2.75
2024-04-23 05:47:00,30,115,4.63,1,15.27,2.75
2024-04-29 14:22:30,165,34,3.31,1,14.0,2.75
2024-04-26 15:37:39,208,125,5.57,4,22.26,0.0
2024-04-05 15:26:16,102,78,7.34,1,26.78,0.0
2024-04-13 09:30:38,106,168,6.14,1,19.83,0.0
2024-04-13 01:50:23,69,81,1.79,1,5.13,2.75
2024-04-22 10:40:29,8,95,13.57,1,44.42,2.75
2024-04-30 03:20:26,123,209,4.17,2,12.03,2.75
2024-04-02 01:48:09,101,72,1.87,1,9.58,2.75
2024-04-02 00:42:32,1,145,0.65,1,7.3,0.0
2024-04-09 07:24:44,7,38,16.01,1,51.56,2.75
2024-04-05 19:22:11,111,171,3.7,1,11.44,2.75
2024-04-11 11:14:58,186,40,1.4,1,4.74,2.75
2024-04-03 13:32:56,216,173,2.86,1,11.21,0.0
2024-04-09 14:34:41,123,199,2.27,1,12.86,2.75
2024-04-11 00:29:56,201,222,11.08,1,36.02,2.75
2024-04-28 18:39:00,8,90,2.88,1,8.9,0.0
2024-04-29 00:45:39,64,163,2.82,1,10.74,0.0
2024-04-03 22:34:44,136,133,6.04,1,24.84,2.75
2024-04-02 11:57:46,186,152,2.24,1,6.27,0.0
2024-04-25 10:35:40,127,45,1.27,5,9.02,2.75
2024-04-26 22:23:24,49,261,5.62,2,18.69,2.75
2024-04-19 10:56:15,166,219,8.93,1,30.26,0.0
2024-04-08 15:27:37,127,108,0.66,1,6.34,2.75
2024-04-23 14:02:36,177,47,7.38,1,23.15,0.0
2024-04-21 01:12:09,203,133,2.52,1,12.41,0.0
2024-04-22 11:51:24,157,261,1.69,1,8.56,0.0
2024-04-17 03:29:54,219,176,0.64,1,7.18,0.0
2024-04-04 16:49:13,28,121,1.31,5,7.24,2.75
2024-04-18 21:35:57,83,190,1.92,1,12.1,2.75
2024-04-09 23:09:57,112,260,0.76,3,3.0,2.75
2024-04-01 15:24:46,154,177,1.23,4,7.59,2.75
2024-04-09 12:04:07,29,65,5.17,1,18.58,2.75
2024-04-01 08:18:02,213,220,4.56,1,14.05,0.0
2024-04-15 21:34:16,102,148,5.64,1,22.03,2.75
2024-04-20 11:06:34,214,100,1.13,1,3.69,0.0
2024-04-03 00:34:58,155,119,0.65,2,5.88,0.0
2024-04-17 04:31:45,200,109,2.71,1,9.85,2.75
2024-04-28 19:35:24,168,82,1.97,1,12.98,0.0
2024-04-24 08:23:31,238,13,5.75,2,21.02,0.0
2024-04-08 05:07:06,159,92,3.21,1,13.45,2.75
2024-04-07 10:40:31,193,238,9.87,1,35.43,2.75
2024-04-08 12:09:27,167,184,0.72,1,4.72,2.75
2024-04-25 14:41:54,226,178,2.08,1,9.8,0.0
2024-04-30 03:21:23,251,210,2.32,1,6.86,0.0
2024-04-27 02:39:30,221,36,0.97,2,5.52,2.75
2024-04-05 16:01:13,23,70,3.56,1,13.37,2.75
2024-04-10 14:22:27,189,116,0.64,2,3.0,0.0
2024-04-11 20:42:45,27,1,4.87,1,18.05,2.75
2024-04-08 23:31:57,210,81,0.63,1,7.17,0.0
2024-04-05 07:45:19,35,35,7.74,2,27.49,0.0
2024-04-30 17:23:30,198,195,0.74,1,7.32,2.75
2024-04-10 18:13:44,174,184,2.63,4,11.79,2.75
2024-04-15 18:39:44,218,46,1.09,1,5.9,2.75
2024-04-24 12:08:08,56,148,1.0,2,3.0,2.75
2024-04-13 00:18:24,152,93,4.97,1,15.67,2.75
2024-04-17 15:58:38,38,114,5.71,1,19.84,2.75
2024-04-22 10:37:17,198,103,5.2,1,17.01,2.75
2024-04-26 09:28:22,9,202,2.31,3,7.6,2.75
2024-04-03 00:35:42,178,62,16.9,3,58.63,0.0
2024-04-19 07:50:52,176,94,1.95,1,11.23,0.0
2024-04-23 18:15:22,261,228,1.48,1,11.32,2.75
2024-04-11 07:41:52,84,68,20.3,1,62.35,2.75
2024-04-24 15:36:59,139,165,13.75,1,43.58,2.75
2024-04-04 03:45:43,242,101,3.64,1,12.64,2.75
2024-04-04 20:58:58,155,243,1.32,1,3.0,0.0
2024-04-30 18:45:10,221,90,1.45,2,7.71,2.75
2024-04-09 11:33:10,135,88,3.08,2,10.81,0.0
2024-04-20 18:07:55,188,127,5.74,1,18.7,2.75
2024-04-28 04:46:48,178,107,0.78,1,3.29,2.75
2024-04-04 06:58:13,67,244,4.57,1,16.09,2.75
2024-04-03 06:46:10,69,185,0.88,1,6.7,2.75
2024-04-17 10:22:34,77,101,7.01,1,21.65,0.0
2024-04-15 05:25:40,12,253,3.16,1,11.29,2.75
2024-04-03 01:59:52,246,142,16.51,2,51.52,0.0
2024-04-07 14:37:34,237,253,5.39,1,18.4,0.0
2024-04-30 19:09:44,252,73,2.91,2,9.56,2.75
2024-04-10 05:02:20,207,214,1.03,1,6.67,2.75
2024-04-30 16:38:33,108,172,3.24,1,12.25,0.0
2024-04-06 04:11:35,209,230,0.93,1,4.74,2.75
2024-04-29 18:25:00,113,237,8.74,1,29.53,0.0
2024-04-12 09:52:59,15,230,1.42,3,6.51,2.75
2024-04-28 20:26:49,83,7,7.52,1,23.41,0.0
2024-04-10 16:02:38,65,195,1.77,1,8.37,0.0
2024-04-18 03:06:35,3,256,1.38,2,6.9,2.75
2024-04-21 18:00:37,236,171,1.77,1,3.93,2.75
2024-04-23 19:37:52,129,40,4.8,1,18.89,2.75
2024-04-03 08:49:40,247,228,3.11,2,9.34,2.75
2024-04-07 15:37:53,235,234,0.9,1,5.2,0.0
2024-04-13 11:47:09,30,183,1.02,1,4.77,2.75
2024-04-14 04:47:21,71,211,2.16,1,9.32,2.75
2024-04-08 12:35:01,148,229,1.95,2,7.33,2.75
2024-04-14 19:47:27,93,255,7.18,1,24.62,2.75
2024-04-28 03:34:47,217,77,3.47,1,15.52,2.75
2024-04-19 09:05:16,238,232,1.22,1,5.16,0.0
2024-04-26 20:37:48,227,137,0.6,3,3.52,0.0
2024-04-27 00:28:15,219,64,0.88,1,3.74,2.75
2024-04-03 13:12:55,31,245,4.72,3,17.29,2.75
2024-04-23 23:45:14,114,91,7.07,2,23.19,2.75
2024-04-09 21:12:02,102,233,5.84,1,20.26,0.0
2024-04-12 15:15:44,93,94,5.96,1,18.04,2.75
2024-04-22 04:01:21,207,203,1.56,1,7.3,2.75
2024-04-29 06:26:44,229,174,16.31,1,47.86,2.75
2024-04-15 20:33:16,71,124,0.82,1,5.98,2.75
2024-04-01 13:51:32,136,70,6.52,3,20.75,2.75
2024-04-27 08:59:05,17,103,0.86,2,4.28,2.75
2024-04-11 03:52:13,215,233,1.59,4,7.52,2.75
2024-04-04 23:58:55,244,64,2.89,2,9.05,0.0
2024-04-28 12:20:16,95,95,0.69,1,3.0,2.75
2024-04-22 14:19:53,121,163,2.25,4,14.04,2.75
2024-04-14 23:32:15,6,173,2.01,1,8.5,2.75
2024-04-10 01:30:59,87,6,4.15,4,16.81,2.75
2024-04-26 17:27:34,189,101,4.93,1,15.98,0.0
2024-04-01 20:25:27,103,131,0.83,1,4.63,0.0
2024-04-11 14:11:48,104,20,0.64,1,3.0,2.75
2024-04-10 14:11:07,67,211,5.73,1,22.46,2.75
2024-04-08 21:43:39,106,253,3.13,1,12.41,2.75
2024-04-28 14:17:52,248,44,3.18,3,11.31,0.0
2024-04-17 09:59:11,207,75,14.32,3,46.52,2.75
2024-04-09 09:01:06,205,53,2.52,2,8.72,2.75
2024-04-07 21:11:10,83,66,1.26,1,3.65,0.0
2024-04-10 07:04:43,82,38,4.5,1,18.28,2.75
2024-04-03 02:01:56,37,254,6.42,1,21.29,0.0
2024-04-01 04:03:53,213,199,2.94,1,12.07,0.0
2024-04-01 21:59:24,133,236,4.62,1,15.81,2.75
2024-04-10 02:36:41,115,55,3.02,3,12.36,2.75
2024-04-30 12:24:28,211,116,2.33,1,5.6,2.75
2024-04-10 21:12:21,132,85,0.62,2,3.0,2.75
2024-04-02 10:17:05,154,142,1.17,1,3.0,2.75
2024-04-09 23:08:28,182,96,2.79,1,14.2,0.0
2024-04-17 15:30:42,147,49,2.27,3,9.61,2.75
2024-04-04 09:59:42,222,205,6.98,4,22.78,2.75
2024-04-15 05:18:56,127,195,0.9,1,3.51,2.75
2024-04-15 12:00:25,203,250,0.68,3,6.8,0.0
2024-04-27 15:38:10,118,258,0.82,1,8.51,0.0
2024-04-30 15:49:44,61,59,4.47,1,16.57,2.75
2024-04-09 08:35:53,231,221,3.66,3,13.95,2.75
2024-04-24 02:07:17,150,60,4.0,4,15.05,0.0
2024-04-27 14:30:18,145,22,1.1,1,4.76,2.75
2024-04-30 17:43:15,111,53,3.04,1,11.31,2.75
2024-04-20 11:47:18,167,49,5.61,2,15.69,2.75
2024-04-04 14:30:16,189,17,4.53,2,14.05,0.0
2024-04-02 14:19:40,49,127,2.52,1,10.81,2.75
2024-04-29 22:46:52,107,155,0.88,5,4.65,2.75
2024-04-12 19:31:09,93,235,7.66,2,27.88,0.0
2024-04-19 23:55:11,124,78,3.11,1,9.43,2.75
2024-04-09 10:44:47,140,174,8.21,1,29.29,0.0
2024-04-17 01:30:28,11,106,2.52,1,8.88,0.0
2024-04-30 07:43:54,171,32,1.45,2,5.61,2.75
2024-04-03 14:51:41,36,10,1.79,1,6.63,2.75
2024-04-10 13:06:05,130,102,2.4,2,8.21,2.75
2024-04-11 12:07:31,61,118,3.83,1,15.24,0.0
2024-04-17 03:09:09,49,157,5.63,1,18.28,2.75
2024-04-16 15:06:57,186,245,1.47,3,3.19,2.75
2024-04-22 10:37:22,221,79,1.23,1,6.8,2.75
2024-04-11 13:19:12,6,160,1.29,2,7.07,0.0
2024-04-30 00:46:41,175,91,10.04,1,32.38,2.75
2024-04-12 11:06:31,204,129,1.13,1,5.99,0.0
2024-04-01 15:17:43,96,14,1.98,1,8.36,2.75
2024-04-07 19:04:29,135,159,2.83,1,12.38,2.75
2024-04-24 04:51:16,33,129,3.34,1,15.42,2.75
2024-04-27 19:05:38,82,174,7.33,1,22.15,0.0
2024-04-16 16:24:04,148,174,0.92,1,9.03,2.75
2024-04-03 13:34:28,95,43,0.9,1,7.98,2.75
2024-04-28 16:25:38,170,109,1.83,5,7.42,2.75
2024-04-06 23:11:58,211,242,2.37,1,10.21,2.75
2024-04-07 08:41:06,191,55,2.14,1,11.53,2.75
2024-04-28 19:16:11,7,55,2.24,2,10.57,0.0
2024-04-14 12:05:47,34,216,7.17,1,25.18,2.75
2024-04-17 07:53:01,51,107,6.84,2,25.24,2.75
2024-04-07 19:31:05,120,184,6.23,1,18.17,2.75
2024-04-07 16:49:39,138,130,5.43,1,17.0,2.75
2024-04-24 20:03:37,106,124,0.64,1,4.13,2.75
2024-04-28 20:59:19,32,49,1.07,2,7.81,0.0
2024-04-08 03:07:50,124,253,5.11,1,21.39,2.75
2024-04-22 05:06:00,170,69,3.66,1,14.84,0.0
2024-04-26 04:18:15,12,52,4.42,1,14.74,2.75
2024-04-29 06:26:07,168,33,4.92,3,17.13,2.75
2024-04-11 16:23:16,78,20,8.98,1,27.99,2.75
2024-04-22 14:42:02,34,229,4.03,5,13.47,2.75
2024-04-30 09:17:45,209,187,1.63,1,5.93,2.75
2024-04-07 21:09:31,8,188,0.8,1,6.01,0.0
2024-04-25 23:05:19,225,191,2.48,1,10.79,2.75
2024-04-28 20:25:02,227,112,4.83,1,19.11,2.75
2024-04-24 10:48:11,175,184,1.66,1,7.95,2.75
2024-04-28 00:35:30,81,227,0.95,5,4.57,2.75
2024-04-14 18:38:54,57,137,23.87,1,75.1,2.75
2024-04-16 09:20:11,135,86,2.4,1,12.12,2.75
2024-04-09 06:54:39,238,171,1.35,1,7.81,2.75
2024-04-12 17:22:48,217,252,1.13,1,8.59,0.0
2024-04-12 01:03:47,227,8,7.45,1,25.39,2.75
2024-04-03 21:17:45,26,74,6.49,3,19.12,2.75
2024-04-27 20:55:41,187,151,3.83,2,15.69,2.75
2024-04-16 09:45:42,118,93,3.27,1,13.93,2.75
2024-04-04 10:07:05,197,96,11.09,2,39.18,2.75
2024-04-08 08:01:12,116,142,1.41,1,5.17,2.75
2024-04-01 16:07:11,102,80,2.38,2,10.12,2.75
2024-04-23 20:30:01,163,240,0.59,1,4.65,0.0
2024-04-23 04:48:55,178,20,2.4,1,9.24,0.0
2024-04-29 08:59:10,212,12,2.2,1,6.26,2.75
2024-04-25 02:12:32,54,124,10.95,1,34.66,0.0
2024-04-20 20:39:08,67,122,2.05,4,8.16,0.0
2024-04-04 23:06:08,32,229,6.8,3,22.06,2.75
2024-04-30 02:17:05,251,85,5.59,2,20.08,2.75
2024-04-30 15:22:20,8,29,1.06,1,8.84,2.75
2024-04-09 19:19:51,215,135,12.01,1,40.03,0.0
2024-04-22 14:02:48,46,40,3.99,1,12.82,2.75
2024-04-26 06:54:07,80,101,3.68,1,15.58,0.0
2024-04-14 15:24:02,35,134,0.54,2,6.39,2.75
2024-04-14 17:52:38,189,181,4.7,1,17.79,0.0
2024-04-19 21:02:49,89,200,0.7,1,7.88,2.75
2024-04-21 01:47:21,136,209,1.22,1,5.84,0.0
2024-04-15 12:01:16,34,88,0.86,2,9.46,2.75
2024-04-04 08:44:59,113,125,2.16,1,9.55,0.0
2024-04-22 10:42:27,172,22,6.06,1,16.07,2.75
2024-04-18 17:42:59,43,50,4.8,1,21.35,2.75
2024-04-27 01:39:35,13,239,0.89,5,3.0,2.75
2024-04-19 04:55:00,174,214,6.11,4,20.63,2.75
2024-04-23 04:58:35,125,48,2.66,1,9.62,2.75
2024-04-06 16:31:53,207,66,0.62,2,3.81,0.0
2024-04-26 04:58:10,104,130,1.39,1,6.66,2.75
2024-04-04 21:15:40,130,239,5.88,1,22.08,2.75
2024-04-02 12:16:53,40,26,5.13,1,18.81,2.75
2024-04-01 20:26:41,23,191,1.23,2,6.18,2.75
2024-04-21 03:29:44,252,49,0.64,1,3.52,2.75
2024-04-10 09:48:22,202,21,1.72,1,7.31,2.75
2024-04-13 05:35:04,155,79,6.05,1,22.9,0.0
2024-04-02 14:10:05,55,80,10.25,1,33.78,2.75
2024-04-02 09:39:33,106,9,3.48,2,11.49,0.0
2024-04-01 12:57:18,260,149,0.83,1,6.14,2.75
2024-04-15 11:17:31,200,55,2.94,1,14.79,0.0
2024-04-14 10:54:56,217,6,24.01,1,72.89,2.75
2024-04-30 00:30:13,47,257,10.27,1,29.66,2.75
2024-04-25 08:43:59,117,192,17.97,1,56.5,2.75
2024-04-24 21:33:18,212,229,4.71,1,17.84,0.0
2024-04-13 10:11:34,155,247,2.44,2,12.96,2.75
2024-04-10 12:18:49,263,257,8.33,5,25.94,2.75
2024-04-29 09:20:58,151,257,8.39,1,27.25,2.75
2024-04-09 06:59:29,212,93,1.05,2,4.8,2.75
2024-04-16 07:24:09,192,214,5.73,1,21.12,2.75
2024-04-24 11:17:22,243,41,9.31,1,28.26,2.75
2024-04-12 18:46:17,98,156,8.51,3,30.86,2.75
2024-04-09 12:00:59,29,133,4.79,1,18.0,0.0
2024-04-28 15:17:22,189,86,3.2,2,9.62,2.75
2024-04-27 16:44:08,172,84,5.75,1,19.19,2.75
2024-04-18 02:01:15,197,248,3.04,1,11.94,0.0
2024-04-04 13:45:10,155,35,1.86,1,6.63,0.0
2024-04-05 00:33:28,140,249,1.55,1,5.71,0.0
2024-04-14 14:54:15,256,125,3.22,1,10.81,0.0
2024-04-01 22:46:31,164,52,2.63,4,8.99,2.75
2024-04-29 09:06:16,134,221,3.1,1,7.53,2.75
2024-04-28 05:23:41,29,61,1.56,1,8.99,0.0
2024-04-06 14:55:14,139,15,3.63,2,15.95,2.75
2024-04-08 19:55:03,85,181,4.3,1,11.93,2.75
2024-04-02 10:06:12,249,200,6.25,1,21.51,0.0
2024-04-15 18:59:51,233,75,3.62,4,12.7,0.0
2024-04-12 07:31:09,61,244,5.44,1,18.12,2.75
2024-04-19 01:50:53,219,21,1.15,2,4.15,0.0
2024-04-16 03:13:09,249,36,0.95,1,4.59,0.0
2024-04-17 23:09:01,72,198,1.19,2,10.56,2.75
2024-04-09 04:13:32,198,153,7.05,1,25.15,2.75
2024-04-27 23:32:14,80,44,3.34,1,12.35,2.75
2024-04-21 16:25:39,137,129,2.63,2,7.58,2.75
2024-04-27 15:35:35,213,42,5.53,4,18.12,2.75
2024-04-04 09:03:19,107,33,0.96,1,5.32,2.75
2024-04-03 04:27:54,207,115,0.52,3,3.0,2.75
2024-04-19 18:08:16,152,203,1.8,1,8.32,2.75
2024-04-27 17:13:56,133,64,1.5,1,6.72,2.75
2024-04-30 07:46:33,166,223,1.79,1,9.48,2.75
2024-04-15 08:20:58,180,210,13.22,1,40.59,2.75
2024-04-27 17:55:59,121,86,3.44,1,13.79,2.75
2024-04-06 11:36:58,174,227,3.61,1,14.48,2.75
2024-04-16 09:20:15,68,185,4.23,1,15.74,2.75
2024-04-15 20:47:48,187,173,2.27,1,8.82,2.75
2024-04-03 19:25:18,138,216,14.02,1,45.88,2.75
2024-04-09 07:12:47,238,83,13.18,1,40.84,0.0
2024-04-30 18:33:15,18,78,5.63,1,15.65,2.75
2024-04-05 06:37:58,76,72,1.33,1,5.72,0.0
2024-04-20 23:07:13,151,141,7.93,1,26.35,2.75
2024-04-07 19:09:31,108,208,0.87,1,3.46,2.75
2024-04-20 08:00:15,153,33,3.98,4,14.24,2.75
2024-04-23 03:31:54,37,109,2.64,1,6.75,0.0
2024-04-08 16:04:03,146,162,0.64,1,5.65,2.75
2024-04-23 04:21:29,126,16,8.7,1,29.78,0.0
2024-04-28 07:25:51,108,14,11.86,5,38.03,2.75
2024-04-03 09:40:27,240,231,8.83,2,31.53,2.75
2024-04-19 09:12:31,102,246,1.25,2,4.41,0.0
2024-04-19 10:16:50,220,46,1.92,2,9.84,2.75
2024-04-28 09:47:20,7,113,11.41,1,37.51,2.75
2024-04-30 02:38:44,216,43,0.89,1,4.3,2.75
2024-04-24 01:07:06,169,48,3.56,1,12.86,2.75
2024-04-17 13:19:20,74,192,2.83,1,10.83,0.0
2024-04-10 14:18:39,27,202,1.08,1,6.28,2.75
2024-04-27 07:45:27,43,142,8.12,1,27.12,2.75
2024-04-22 23:11:11,93,189,1.0,1,3.0,2.75
2024-04-29 19:55:59,71,219,3.64,1,15.06,2.75
2024-04-13 05:00:53,109,252,1.84,2,9.83,2.75
2024-04-10 19:38:12,181,116,2.39,1,9.94,2.75
2024-04-26 19:34:44,215,2,1.33,1,8.44,0.0
2024-04-21 11:36:59,114,13,3.93,1,12.57,2.75
2024-04-04 07:41:25,185,252,16.18,1,54.33,2.75
2024-04-05 10:04:24,125,228,6.78,2,21.12,2.75
2024-04-10 01:25:33,105,146,4.52,2,18.06,2.75
2024-04-30 07:18:30,237,217,5.44,1,19.21,2.75
2024-04-18 18:30:10,141,237,6.9,5,23.97,0.0
2024-04-05 01:09:20,158,256,2.74,1,13.25,0.0
2024-04-24 12:06:52,117,166,3.43,1,14.04,0.0
2024-04-26 08:47:47,62,143,8.4,1,26.18,2.75
2024-04-21 03:12:29,24,238,4.67,1,17.59,2.75
2024-04-15 07:31:04,60,97,1.01,1,9.77,2.75
2024-04-19 21:36:14,180,192,5.79,1,23.63,0.0
2024-04-03 13:00:01,232,43,0.58,1,6.28,2.75
2024-04-04 10:16:17,143,209,7.08,1,24.68,2.75
2024-04-22 18:17:01,245,25,5.93,2,18.73,2.75
2024-04-01 03:35:38,81,88,6.72,1,23.52,2.75
2024-04-14 15:36:58,126,120,0.58,1,4.09,0.0
2024-04-12 12:09:59,137,225,13.07,2,40.63,2.75
2024-04-16 04:43:14,56,136,3.83,2,13.63,2.75
2024-04-23 05:09:58,213,251,6.13,2,19.4,2.75
2024-04-30 04:36:23,94,211,3.43,1,17.47,0.0
2024-04-14 20:56:49,128,11,1.95,1,7.59,2.75
2024-04-11 20:57:59,217,10,1.73,1,9.31,2.75
2024-04-14 17:20:22,199,65,0.75,4,4.77,0.0
2024-04-29 04:36:00,20,80,3.24,1,9.67,2.75
2024-04-07 07:31:41,55,92,1.04,4,5.45,2.75
2024-04-16 01:50:19,246,133,3.43,3,12.94,2.75
2024-04-12 15:05:35,251,112,3.93,2,17.33,2.75
2024-04-24 06:57:16,60,195,2.54,1,9.92,2.75
2024-04-16 21:31:04,163,87,1.09,1,3.73,2.75
2024-04-18 11:53:22,202,162,2.48,1,7.68,0.0
2024-04-10 12:11:25,227,1,7.88,1,28.22,2.75
2024-04-28 03:41:58,129,119,2.64,1,9.15,2.75
2024-04-06 03:41:32,45,254,1.97,1,8.6,2.75
2024-04-13 11:31:30,197,191,3.98,1,11.02,2.75
2024-04-08 23:35:46,166,116,3.88,1,17.51,2.75
2024-04-04 16:06:32,247,199,0.83,1,3.09,2.75
2024-04-05 02:43:59,226,235,1.44,1,8.65,0.0
2024-04-01 03:20:26,260,230,2.89,2,13.36,0.0
2024-04-26 12:01:39,197,226,2.1,1,13.06,2.75
2024-04-20 10:57:43,107,196,1.85,1,6.01,0.0
2024-04-04 08:16:28,232,157,2.57,1,10.35,2.75
2024-04-29 08:28:31,101,173,1.7,1,13.51,2.75
2024-04-01 15:11:48,160,21,1.99,1,7.29,0.0
2024-04-30 13:31:33,95,188,5.7,1,19.46,2.75
2024-04-19 19:13:58,207,167,3.0,1,13.05,2.75
2024-04-17 03:51:08,235,190,7.72,1,27.58,2.75
2024-04-30 00:59:40,154,90,10.89,1,39.04,2.75
2024-04-15 19:49:45,100,73,9.43,1,29.75,2.75
2024-04-19 22:44:54,238,82,1.52,1,6.06,2.75
2024-04-24 05:41:48,107,11,2.74,2,11.05,2.75
2024-04-16 01:57:07,130,249,3.18,1,15.45,2.75
2024-04-10 13:43:33,43,160,7.19,1,22.88,2.75
2024-04-06 02:10:44,63,107,3.37,2,12.0,0.0
2024-04-15 16:17:56,73,91,1.52,1,5.98,2.75
2024-04-04 07:47:29,186,241,3.28,1,11.95,2.75
2024-04-04 20:01:41,117,204,0.66,1,3.49,2.75
2024-04-13 01:57:20,5,149,6.79,4,23.66,2.75
2024-04-17 04:19:15,76,262,3.42,1,12.28,2.75
2024-04-09 22:06:42,83,166,4.19,3,17.15,2.75
2024-04-04 01:28:11,60,116,1.29,1,6.39,2.75
2024-04-02 17:09:42,107,8,3.36,1,8.97,0.0
2024-04-27 12:13:14,117,229,3.15,2,15.1,0.0
2024-04-09 04:26:01,82,70,3.88,1,15.79,2.75
2024-04-06 06:39:47,141,191,7.08,1,26.13,0.0
2024-04-02 10:42:06,222,162,5.56,1,18.63,2.75
2024-04-01 22:32:27,70,177,3.27,1,16.44,2.75
2024-04-19 10:14:23,12,40,8.34,1,29.04,0.0
2024-04-23 07:21:38,105,29,2.05,1,10.17,2.75
2024-04-18 02:39:27,207,9,2.87,2,6.79,2.75
2024-04-27 19:53:40,65,72,4.17,1,14.67,0.0
2024-04-26 16:05:39,63,183,2.53,1,11.38,2.75
2024-04-26 14:19:39,178,10,2.07,1,9.33,2.75
2024-04-26 23:40:15,8,177,0.92,1,4.15,0.0
2024-04-08 01:56:21,159,87,4.04,1,9.13,2.75
2024-04-23 18:18:34,11,84,1.25,1,6.63,2.75
2024-04-06 15:43:53,95,86,1.02,1,6.22,2.75
2024-04-26 04:43:48,155,207,1.2,2,9.03,2.75
2024-04-30 23:14:20,206,109,4.58,3,17.53,2.75
2024-04-02 22:24:31,115,32,1.02,1,5.96,2.75
2024-04-21 13:17:03,87,13,13.59,1,43.53,0.0
2024-04-22 22:17:36,197,213,5.47,4,19.26,0.0
2024-04-06 06:38:04,98,118,2.25,2,8.35,2.75
2024-04-18 21:12:20,19,106,3.65,1,12.6,0.0
2024-04-29 04:24:39,16,15,0.53,1,4.5,0.0
2024-04-07 10:25:43,45,213,7.01,2,26.08,2.75
2024-04-07 13:35:27,155,188,1.61,1,8.93,2.75
2024-04-28 22:42:31,231,234,0.76,3,5.82,2.75
2024-04-01 20:03:39,157,223,5.47,2,16.02,0.0
2024-04-22 08:50:52,113,213,1.9,4,10.14,2.75
2024-04-09 07:36:30,44,145,3.43,1,13.59,2.75
2024-04-05 05:40:42,110,5,7.0,1,28.5,2.75
2024-04-16 11:58:11,111,141,5.74,1,19.91,2.75
2024-04-27 02:58:22,223,21,1.94,1,9.79,0.0
2024-04-27 04:59:41,212,117,7.61,1,26.35,0.0
2024-04-13 04:54:50,258,115,2.22,1,9.13,2.75
2024-04-16 11:38:20,247,44,2.93,1,11.35,2.75
2024-04-11 00:17:28,55,204,3.82,2,13.06,2.75
2024-04-15 18:28:57,72,126,0.76,1,6.05,2.75
2024-04-30 03:22:08,213,120,3.68,1,11.06,2.75
2024-04-29 23:30:21,171,214,3.51,1,18.72,0.0
2024-04-14 14:26:15,246,130,7.74,4,25.57,2.75
2024-04-08 20:21:03,141,94,2.03,1,7.64,2.75
2024-04-15 08:04:29,104,65,1.47,1,6.61,0.0
2024-04-26 08:52:31,105,205,2.77,1,12.82,2.75
2024-04-08 04:57:53,240,187,4.57,3,17.72,2.75
2024-04-24 16:39:12,22,212,3.39,2,12.7,0.0
2024-04-25 02:22:54,78,191,1.02,1,4.82,2.75
2024-04-11 16:55:14,195,261,2.0,1,6.5,2.75
2024-04-08 00:15:50,21,90,0.73,1,4.69,2.75
2024-04-03 01:49:00,160,245,5.21,2,18.96,2.75
2024-04-01 11:40:39,232,150,8.01,1,22.3,2.75
2024-04-13 16:32:56,44,140,0.66,1,6.5,2.75
2024-04-28 18:40:57,180,119,3.11,1,12.98,0.0
2024-04-08 03:55:14,101,247,3.42,1,12.24,2.75
2024-04-30 19:41:11,115,98,2.52,1,10.22,2.75
2024-04-14 12:19:34,213,170,2.95,1,9.73,2.75
2024-04-03 19:02:04,18,67,4.84,1,17.36,0.0
2024-04-06 21:34:22,27,56,2.81,1,6.93,2.75
2024-04-05 23:03:03,149,46,9.32,1,32.55,2.75
2024-04-23 19:44:53,137,5,3.22,2,11.85,0.0
2024-04-03 16:47:09,189,56,0.76,1,3.0,2.75
2024-04-25 05:01:46,190,151,11.23,1,38.43,0.0
2024-04-10 16:44:36,199,141,1.06,1,4.88,2.75
2024-04-25 23:41:40,102,6,5.87,1,19.13,2.75
2024-04-13 14:42:46,91,189,3.12,1,11.12,2.75
2024-04-13 14:28:14,224,219,5.23,1,17.2,0.0
2024-04-02 10:27:58,5,173,3.02,1,12.86,0.0
2024-04-01 11:02:39,15,93,0.71,1,4.45,2.75
2024-04-10 07:02:10,5,12,2.14,2,8.16,2.75
2024-04-21 00:25:04,230,163,3.89,1,13.62,2.75
2024-04-05 09:19:39,114,5,3.97,1,16.97,2.75
2024-04-05 06:02:55,4,66,13.15,1,40.71,0.0
2024-04-12 22:43:23,184,203,3.76,2,13.7,2.75
2024-04-11 03:25:32,213,193,1.68,1,5.63,0.0
2024-04-30 07:03:27,247,66,0.66,1,7.06,0.0
2024-04-11 07:31:51,34,169,5.94,1,19.1,2.75
2024-04-28 13:52:58,196,155,8.2,1,30.25,2.75
2024-04-18 07:50:53,127,76,3.83,1,18.95,2.75
2024-04-12 21:47:05,142,261,2.8,1,12.39,2.75
2024-04-06 13:28:53,136,133,7.41,1,23.48,2.75
2024-04-17 17:03:48,128,141,1.46,1,5.04,2.75
2024-04-19 14:51:18,174,137,2.28,1,11.8,2.75
2024-04-09 06:37:34,218,176,2.98,2,12.09,2.75
2024-04-17 21:11:56,114,36,0.68,1,4.6,2.75
2024-04-05 12:47:17,12,143,4.58,5,17.36,2.75
2024-04-03 21:07:07,244,137,1.23,1,4.39,2.75
2024-04-03 20:07:36,52,16,1.92,3,7.9,0.0
2024-04-29 06:07:19,186,250,2.37,1,7.78,2.75
2024-04-25 12:31:10,233,6,4.06,3,15.49,2.75
2024-04-05 17:57:55,2,72,0.74,1,6.14,0.0
2024-04-22 04:06:50,1,161,1.96,1,10.7,2.75
2024-04-07 21:01:31,239,224,1.62,1,6.18,2.75
2024-04-01 19:52:04,55,36,0.51,2,6.17,2.75
2024-04-19 03:23:51,220,34,4.62,1,12.98,2.75
2024-04-11 03:20:04,104,13,1.44,1,4.72,0.0
2024-04-23 20:32:40,10,202,1.14,1,7.28,2.75
2024-04-07 20:15:09,104,57,6.1,1,21.98,2.75
2024-04-28 12:55:39,198,7,0.64,1,5.32,2.75
2024-04-25 05:09:55,14,111,8.57,1,25.11,0.0
2024-04-21 09:07:08,168,116,4.56,3,18.38,0.0
2024-04-14 13:06:47,30,259,1.16,2,6.69,0.0
2024-04-09 21:36:16,14,155,2.01,1,8.99,2.75
2024-04-06 01:18:20,238,206,10.98,1,37.0,2.75
2024-04-15 09:25:17,62,94,3.88,4,13.36,0.0
2024-04-15 04:14:18,110,192,3.78,1,16.36,2.75
2024-04-22 21:43:28,160,48,4.21,1,15.77,2.75
2024-04-23 14:04:35,55,55,2.67,5,11.38,2.75
2024-04-04 22:37:21,249,17,1.14,1,7.58,2.75
2024-04-08 07:48:19,256,62,1.07,1,3.0,0.0
2024-04-11 23:30:14,22,125,4.57,2,15.41,2.75
2024-04-21 18:25:54,103,237,8.04,1,25.96,2.75
2024-04-17 03:09:18,236,61,1.75,1,6.49,2.75
2024-04-19 00:03:01,233,44,2.95,2,11.98,2.75
2024-04-12 11:11:11,168,128,17.5,1,54.32,2.75
2024-04-28 08:11:53,233,259,1.54,5,8.9,2.75
2024-04-05 00:46:45,5,201,2.23,1,9.79,0.0
2024-04-03 05:06:36,45,112,2.08,1,7.4,2.75
2024-04-22 01:38:02,46,143,0.62,1,4.9,2.75
2024-04-21 09:30:04,164,207,2.99,1,9.48,0.0
2024-04-07 20:03:28,169,140,1.32,1,4.12,2.75
2024-04-24 20:07:16,164,227,0.98,3,4.97,2.75
2024-04-22 14:22:15,256,136,4.84,2,18.17,2.75
2024-04-04 21:40:32,66,200,5.58,1,20.49,0.0
2024-04-15 05:29:22,260,140,8.19,1,28.39,0.0
2024-04-16 12:57:21,88,150,10.02,1,31.51,2.75
2024-04-27 08:56:09,240,91,7.62,1,24.25,0.0
2024-04-28 01:23:50,59,186,0.96,1,3.0,2.75
2024-04-04 23:21:15,170,82,1.39,1,3.84,0.0
2024-04-13 09:23:59,258,19,0.96,1,8.83,2.75
2024-04-23 06:25:21,46,133,2.03,1,8.78,2.75
2024-04-15 04:26:59,2,169,0.96,1,4.52,2.75
2024-04-02 13:24:30,129,19,4.21,1,16.87,2.75
2024-04-25 09:28:36,17,253,4.91,1,18.2,2.75
2024-04-09 16:49:54,187,193,1.11,1,6.52,0.0
2024-04-28 21:10:21,116,145,3.9,1,13.42,0.0
2024-04-26 11:58:12,259,35,0.58,1,4.1,2.75
2024-04-12 07:30:44,249,167,2.49,2,11.29,2.75
2024-04-19 09:52:06,198,244,1.68,1,9.62,2.75
2024-04-16 06:56:25,227,73,23.25,1,72.04,2.75
2024-04-14 18:22:33,177,133,9.46,1,32.19,2.75
2024-04-03 03:45:51,243,73,1.06,3,3.0,2.75
2024-04-19 22:15:35,35,115,9.23,1,28.66,0.0
2024-04-30 17:56:42,135,110,2.4,1,9.04,2.75
2024-04-06 06:43:15,10,168,3.51,1,10.89,2.75
2024-04-04 16:19:32,183,216,3.17,1,11.09,0.0
2024-04-18 19:46:38,202,97,5.03,3,22.88,2.75
2024-04-20 10:54:31,19,80,1.93,3,12.02,2.75
2024-04-19 16:16:38,23,217,0.75,1,3.0,2.75
2024-04-10 00:21:34,95,186,2.39,3,9.19,0.0
2024-04-23 13:30:28,64,64,3.25,1,11.57,2.75
2024-04-19 06:35:14,220,67,3.33,1,11.21,0.0
2024-04-21 05:31:28,96,96,6.01,1,17.86,2.75
2024-04-18 16:32:42,157,34,0.66,1,4.23,0.0
2024-04-12 21:42:00,207,234,16.01,1,48.92,2.75
2024-04-16 21:29:28,246,163,16.82,1,50.36,0.0
2024-04-26 06:31:24,199,157,0.86,1,3.74,2.75
2024-04-11 04:43:57,83,28,1.98,1,10.76,2.75
2024-04-03 22:42:27,133,69,3.62,1,12.33,2.75
2024-04-10 05:19:07,105,230,2.14,3,7.85,2.75
2024-04-28 20:41:04,237,137,2.84,2,11.06,0.0
2024-04-28 09:53:23,69,112,1.88,1,10.29,2.75
2024-04-19 02:15:32,184,25,4.86,3,14.25,0.0
2024-04-28 08:26:05,118,94,2.08,1,9.95,2.75
2024-04-06 06:38:31,180,66,2.47,2,10.3,0.0
2024-04-30 12:33:10,90,17,3.5,2,14.76,0.0
2024-04-19 07:07:15,88,109,12.68,1,41.77,2.75
2024-04-22 03:43:11,83,10,4.09,1,18.57,2.75
2024-04-16 11:12:51,20,141,0.86,1,3.92,0.0
2024-04-30 23:54:21,107,28,1.84,5,6.26,2.75
2024-04-01 06:30:46,98,100,2.4,1,8.39,2.75
2024-04-22 04:24:43,232,187,5.22,3,18.71,2.75
2024-04-15 02:15:56,57,208,2.57,1,12.52,0.0
2024-04-26 22:41:18,149,261,4.27,1,18.17,0.0
2024-04-11 17:42:04,235,69,6.9,2,22.01,2.75
2024-04-03 08:59:22,137,38,0.89,3,8.71,2.75
2024-04-24 01:58:08,229,66,5.58,1,19.73,2.75
2024-04-06 09:29:56,202,235,5.29,1,18.25,0.0
2024-04-04 03:44:14,232,64,6.5,1,21.88,0.0
2024-04-18 04:43:57,19,235,11.44,1,39.51,2.75
2024-04-26 11:58:07,16,153,1.8,5,6.09,0.0
2024-04-09 18:33:13,56,180,2.46,1,10.62,2.75
2024-04-06 19:17:23,114,166,1.57,1,7.55,2.75
2024-04-28 05:05:30,68,99,1.89,1,5.52,0.0
2024-04-08 17:52:22,78,25,1.9,3,3.0,2.75
2024-04-05 08:42:04,30,73,7.63,1,25.6,2.75
2024-04-05 11:41:28,7,35,0.73,1,3.0,0.0
2024-04-22 23:56:35,152,143,1.29,2,5.82,2.75
2024-04-29 04:23:36,22,214,3.8,3,13.8,2.75
2024-04-13 09:24:08,30,205,5.57,1,15.83,0.0
2024-04-01 22:30:15,167,217,4.68,2,16.17,0.0
2024-04-03 14:31:15,148,232,0.67,3,3.42,0.0
2024-04-03 01:06:14,49,86,2.62,2,9.25,2.75
2024-04-05 05:13:24,262,169,1.21,2,5.14,2.75
2024-04-05 14:54:33,181,125,16.02,1,49.77,2.75
2024-04-26 18:10:11,122,236,24.32,2,73.33,0.0
2024-04-25 15:07:48,124,145,0.68,1,12.37,0.0
2024-04-07 09:12:36,28,105,4.36,1,12.16,2.75
2024-04-25 13:00:11,259,134,6.37,1,22.43,2.75
2024-04-30 10:39:11,77,9,1.87,1,7.47,2.75
2024-04-04 10:20:37,194,15,4.64,1,14.83,2.75
2024-04-21 07:19:26,35,64,1.23,1,7.36,2.75
2024-04-02 05:43:29,114,178,0.98,5,7.56,2.75
2024-04-22 16:31:41,62,124,9.58,1,31.56,2.75
2024-04-15 13:21:53,52,11,4.1,5,15.09,2.75
2024-04-27 03:31:32,116,95,6.44,1,22.25,0.0
2024-04-22 13:01:57,47,120,3.16,1,11.52,2.75
2024-04-08 09:05:47,101,246,1.09,4,7.19,0.0
2024-04-01 19:10:00,107,77,2.15,1,6.57,0.0
2024-04-01 23:22:59,35,94,7.97,5,23.88,2.75
2024-04-22 23:47:37,2,153,0.56,3,6.39,2.75
2024-04-22 13:51:13,239,240,1.31,3,3.0,2.75
2024-04-10 01:55:14,144,140,1.52,1,6.52,2.75
2024-04-13 09:54:16,92,85,1.57,1,4.64,2.75
2024-04-23 05:13:07,221,216,0.86,1,4.7,2.75
2024-04-05 13:38:38,54,241,7.1,1,22.63,0.0
2024-04-30 16:50:06,228,23,1.11,1,7.69,2.75
2024-04-10 22:09:58,33,45,6.7,2,26.07,0.0
2024-04-27 06:26:30,214,74,2.04,1,6.37,2.75
2024-04-30 03:23:13,136,102,2.64,1,8.72,0.0
2024-04-06 03:45:44,248,72,2.68,1,9.52,2.75
2024-04-19 23:37:40,53,41,4.87,3,16.7,0.0
2024-04-06 13:11:30,64,212,5.1,1,19.54,2.75
2024-04-25 22:18:03,37,160,4.08,2,12.71,0.0
2024-04-24 17:03:33,212,87,5.7,2,19.06,2.75
2024-04-28 03:44:03,12,7,0.53,1,3.61,2.75
2024-04-01 19:48:46,84,183,2.96,1,10.48,0.0
2024-04-09 22:46:04,94,14,3.1,1,12.99,2.75
2024-04-04 21:50:50,207,100,1.46,2,6.39,2.75
2024-04-18 06:45:56,38,244,3.34,1,9.24,0.0
2024-04-06 15:49:28,203,169,2.7,1,7.89,2.75
2024-04-30 13:48:00,75,232,2.74,3,10.48,2.75
2024-04-01 15:10:45,128,111,0.94,1,8.96,2.75
2024-04-19 06:54:56,152,102,2.5,1,11.05,2.75
2024-04-06 10:57:06,10,217,5.59,1,21.2,2.75
2024-04-19 20:07:10,38,240,2.35,1,9.47,2.75
2024-04-20 14:24:25,105,240,2.84,4,11.05,2.75
2024-04-01 22:39:48,165,221,12.5,1,40.49,2.75
2024-04-15 05:09:50,32,28,7.69,3,25.69,2.75
2024-04-02 07:34:53,212,54,9.74,1,32.11,0.0
2024-04-20 06:51:53,14,213,0.78,1,7.02,2.75
2024-04-25 09:28:39,230,120,3.87,1,14.28,2.75
2024-04-19 15:34:03,132,75,1.38,2,6.46,2.75
2024-04-21 14:08:24,152,70,2.31,1,12.66,2.75
2024-04-21 18:52:42,96,233,4.49,1,16.98,0.0
2024-04-30 22:47:20,10,132,3.53,1,9.53,0.0
2024-04-26 19:02:33,16,98,2.97,1,9.76,2.75
2024-04-27 15:36:51,167,102,6.4,1,19.07,2.75
2024-04-25 23:29:44,96,167,4.52,1,17.13,2.75
2024-04-09 02:17:18,18,105,6.52,1,24.69,2.75
2024-04-11 03:04:54,7,86,9.91,4,33.81,2.75
2024-04-18 06:38:57,184,37,4.86,1,16.8,2.75
2024-04-27 11:46:26,245,160,2.26,1,12.78,0.0
2024-04-10 04:02:15,82,123,1.34,2,7.12,2.75
2024-04-16 21:37:15,131,132,1.61,2,9.15,2.75
2024-04-12 21:07:37,129,261,2.27,1,10.1,0.0
2024-04-03 12:52:42,74,189,5.22,2,15.97,2.75
2024-04-18 09:38:22,59,31,0.64,1,3.63,0.0
2024-04-24 10:49:17,72,132,6.39,1,22.67,2.75
2024-04-16 12:22:02,160,176,5.47,5,19.6,2.75
2024-04-17 05:10:51,87,49,2.92,1,10.95,2.75
2024-04-30 13:14:32,17,172,2.29,1,8.54,2.75
2024-04-07 07:46:03,89,6,0.92,1,6.45,2.75
2024-04-02 12:04:11,149,76,1.7,1,9.59,2.75
2024-04-13 19:49:58,6,204,0.91,1,5.77,2.75
2024-04-12 13:07:30,84,210,6.48,1,25.14,2.75
2024-04-23 02:16:21,84,36,2.99,2,13.85,2.75
2024-04-20 11:05:18,250,177,1.49,2,6.07,2.75
2024-04-04 07:29:32,154,55,0.56,2,5.75,0.0
2024-04-28 14:56:37,72,169,3.1,1,17.49,0.0
2024-04-04 11:22:39,109,48,5.38,1,17.04,0.0
2024-04-07 11:52:13,112,104,5.59,2,20.49,2.75
2024-04-23 05:50:26,172,3,1.34,1,3.14,2.75
2024-04-20 02:07:38,187,85,19.09,1,61.25,2.75
2024-04-03 00:40:31,18,173,3.44,1,14.66,2.75
2024-04-28 19:30:10,168,233,1.91,4,8.11,2.75
2024-04-04 07:49:34,82,164,2.25,3,8.68,0.0
2024-04-20 06:36:58,75,60,0.97,1,5.41,0.0
2024-04-01 11:35:22,249,78,2.88,2,8.76,2.75
2024-04-10 19:53:48,131,18,5.4,2,18.04,0.0
2024-04-09 01:11:59,201,97,2.34,1,9.31,2.75
2024-04-03 18:52:20,68,66,7.56,1,26.78,2.75
2024-04-20 05:05:16,20,31,2.77,2,6.25,2.75
2024-04-03 22:56:56,93,238,8.58,1,28.6,0.0
2024-04-16 04:05:04,133,148,4.75,1,15.06,2.75
2024-04-17 17:57:11,135,148,0.7,1,4.69,0.0
2024-04-23 07:15:59,33,47,0.74,2,8.76,2.75
2024-04-16 18:13:26,32,244,6.13,2,19.87,2.75
2024-04-26 11:37:29,43,257,2.04,5,5.92,2.75
2024-04-20 07:39:23,108,83,1.23,1,3.0,2.75
2024-04-12 21:28:11,96,142,7.52,2,25.33,2.75
2024-04-27 03:12:43,66,129,14.82,1,49.44,2.75
2024-04-19 08:56:01,9,10,6.29,1,18.05,0.0
2024-04-17 17:00:08,230,177,5.02,1,18.99,2.75
2024-04-23 14:45:23,221,210,0.5,1,3.0,2.75
2024-04-03 23:31:11,99,42,0.89,2,5.12,0.0
2024-04-26 08:06:11,263,124,4.39,1,18.36,2.75
2024-04-21 09:46:30,164,187,2.34,1,8.9,0.0
2024-04-14 09:33:13,16,25,0.57,2,5.17,2.75
2024-04-24 18:29:35,169,164,5.23,1,16.96,2.75
2024-04-10 21:43:37,21,35,2.4,1,9.13,2.75
2024-04-27 19:09:32,28,253,4.26,1,15.13,2.75
2024-04-07 11:01:54,83,247,2.71,5,10.14,2.75
2024-04-08 08:12:02,36,10,0.59,1,3.0,2.75
2024-04-20 04:18:26,233,105,4.04,1,14.83,0.0
2024-04-23 15:54:34,104,220,5.93,4,21.47,0.0
2024-04-19 18:49:24,6,255,1.09,5,6.05,2.75
2024-04-23 16:29:38,23,134,8.26,1,29.04,0.0
2024-04-23 19:20:39,170,206,1.2,1,6.71,2.75
2024-04-05 03:32:29,152,124,2.42,2,6.98,2.75
2024-04-13 06:49:45,244,216,3.12,1,11.04,0.0
2024-04-19 22:48:34,241,64,1.82,1,6.01,2.75
2024-04-23 01:56:38,261,38,2.93,4,6.07,2.75
2024-04-14 10:08:22,46,248,4.93,1,19.35,0.0
2024-04-05 01:54:25,75,153,4.89,1,22.93,0.0
2024-04-10 03:02:05,196,222,9.44,1,29.47,2.75
2024-04-07 13:59:46,23,258,7.43,1,25.19,2.75
2024-04-19 16:17:29,87,24,15.22,3,46.33,2.75
2024-04-10 11:20:41,121,67,3.67,2,13.95,2.75
2024-04-29 19:03:31,149,249,2.29,1,11.82,2.75
2024-04-01 04:55:18,150,235,1.46,1,7.89,2.75
2024-04-16 08:43:45,65,90,1.48,1,8.95,0.0
2024-04-05 01:09:22,160,94,1.07,3,8.67,2.75
2024-04-25 23:55:50,82,189,5.04,1,21.08,2.75
2024-04-23 03:21:26,7,137,4.22,1,15.79,0.0
2024-04-16 07:29:19,182,173,1.71,2,5.93,2.75
2024-04-07 14:35:53,14,16,8.29,1,26.08,2.75
2024-04-10 11:25:06,183,232,3.31,1,12.13,0.0
2024-04-26 23:07:07,44,174,0.75,1,4.2,2.75
2024-04-21 01:53:22,174,101,0.72,3,3.0,2.75
2024-04-14 21:47:16,14,186,1.04,1,5.58,2.75
2024-04-06 04:45:10,73,30,1.33,1,6.75,0.0
2024-04-23 11:52:51,223,78,8.14,2,25.12,0.0
2024-04-27 20:04:28,2,23,5.77,5,19.69,2.75
2024-04-21 12:54:34,210,17,1.29,1,4.03,0.0
2024-04-07 09:42:40,261,122,1.5,1,7.49,2.75
2024-04-01 09:21:57,90,228,4.04,1,12.97,2.75
2024-04-03 12:40:17,252,175,7.68,1,26.19,0.0
2024-04-27 02:21:15,47,41,1.83,1,9.2,2.75
2024-04-29 15:54:58,163,15,3.11,2,13.44,2.75
2024-04-12 03:09:55,116,214,8.24,1,30.76,2.75
2024-04-05 10:48:53,79,91,5.65,1,20.39,2.75
2024-04-02 06:25:25,8,52,8.27,1,27.23,0.0
2024-04-15 14:27:48,23,57,1.64,1,9.28,0.0
2024-04-28 18:23:29,31,149,4.61,3,13.17,2.75
2024-04-16 22:57:36,170,20,0.92,1,4.4,2.75
2024-04-15 03:59:39,130,101,3.85,2,13.09,0.0
2024-04-04 06:58:49,157,188,1.77,5,6.25,0.0
2024-04-05 00:13:27,22,33,4.73,1,16.26,2.75
2024-04-07 16:06:35,126,31,1.04,3,9.8,2.75
2024-04-09 21:39:13,169,162,4.33,1,15.04,2.75
2024-04-18 10:59:06,166,5,4.81,1,17.95,2.75
2024-04-10 07:19:55,157,169,7.31,1,22.78,2.75
2024-04-20 00:33:13,22,173,4.57,1,14.69,2.75
2024-04-04 05:10:45,263,215,3.09,1,9.92,2.75
2024-04-15 10:52:00,212,117,5.87,1,18.63,2.75
2024-04-12 04:15:21,164,255,1.67,5,10.51,2.75
2024-04-22 03:04:39,136,252,4.46,2,15.1,0.0
2024-04-24 08:03:31,252,206,5.01,1,16.01,2.75
2024-04-08 22:12:50,205,209,2.24,1,10.14,2.75
2024-04-26 10:07:12,242,163,16.27,1,51.52,2.75
2024-04-09 06:21:15,61,140,2.04,3,12.02,2.75
2024-04-12 23:21:12,95,169,0.81,1,5.65,0.0
2024-04-13 14:00:41,148,144,1.77,1,10.64,2.75
2024-04-28 11:47:33,259,222,0.87,1,3.0,2.75
2024-04-12 08:31:33,30,76,1.95,2,8.15,0.0
2024-04-08 23:10:35,18,118,0.98,1,6.9,0.0
2024-04-26 14:09:40,187,98,2.53,1,8.74,0.0
2024-04-14 04:29:51,212,33,5.77,2,19.99,0.0
2024-04-15 09:24:30,35,67,0.74,1,3.0,2.75
2024-04-12 10:47:49,147,6,3.4,1,12.59,2.75
2024-04-21 13:25:49,35,241,0.66,1,3.0,2.75
2024-04-01 08:59:16,76,55,8.06,2,25.13,2.75
2024-04-16 05:08:49,72,71,9.4,5,28.15,2.75
2024-04-12 02:54:35,249,94,2.87,1,10.66,0.0
2024-04-22 15:24:43,57,143,5.63,1,20.44,2.75
2024-04-21 23:53:05,10,22,3.65,1,10.7,2.75
2024-04-04 03:26:49,213,49,1.96,1,9.33,2.75
2024-04-27 13:04:34,237,136,1.48,2,5.72,0.0
2024-04-23 05:51:37,234,231,5.47,1,14.65,0.0
2024-04-25 19:19:35,223,100,2.47,1,11.42,2.75
2024-04-20 09:03:34,104,200,9.35,1,31.31,2.75
2024-04-03 01:21:36,98,121,13.51,1,42.26,2.75
2024-04-19 09:28:11,226,227,1.33,1,8.21,2.75
2024-04-05 22:28:12,222,239,3.38,1,16.82,2.75
2024-04-27 16:53:56,43,101,3.19,3,12.29,2.75
2024-04-14 16:38:07,153,187,7.59,2,27.62,2.75
2024-04-30 19:36:56,224,159,4.61,3,13.06,0.0
2024-04-21 17:34:27,119,6,3.77,3,14.61,2.75
2024-04-06 11:21:59,214,170,4.48,1,16.87,2.75
2024-04-29 00:06:25,53,180,2.23,3,10.09,2.75
2024-04-17 21:16:14,220,212,11.79,1,35.05,0.0
2024-04-06 08:48:43,243,164,0.71,4,3.52,2.75
2024-04-11 22:20:13,53,128,0.6,1,4.93,0.0
2024-04-25 12:00:11,117,218,2.38,1,9.49,0.0
2024-04-08 22:46:03,42,141,1.09,1,5.07,0.0
2024-04-18 01:49:38,247,132,3.25,1,13.56,0.0
2024-04-25 09:25:12,248,251,0.53,1,3.0,2.75
2024-04-25 20:05:43,101,101,2.65,4,9.65,0.0
2024-04-05 14:04:41,87,98,1.72,2,8.8,2.75
2024-04-16 07:30:20,84,186,1.29,1,8.64,2.75
2024-04-09 09:26:31,261,143,2.56,1,10.77,2.75
2024-04-06 19:18:23,221,79,7.25,5,27.47,2.75
2024-04-24 22:25:11,154,39,4.23,1,18.34,2.75
2024-04-04 06:37:51,51,37,1.11,1,9.38,2.75
2024-04-06 19:53:43,38,7,2.92,3,9.24,2.75
2024-04-22 08:14:00,259,210,9.89,1,31.98,2.75
2024-04-11 00:14:05,187,79,2.52,5,10.33,2.75
2024-04-24 05:26:51,13,133,2.73,5,8.68,2.75
2024-04-17 14:30:36,223,176,10.43,2,33.39,0.0
2024-04-23 01:48:30,87,87,1.01,1,4.15,0.0
2024-04-09 03:55:14,259,249,5.15,1,13.65,0.0
2024-04-11 02:16:29,181,217,1.74,2,5.6,2.75
2024-04-12 00:25:37,173,92,7.53,1,25.14,0.0
2024-04-25 22:35:55,195,207,0.7,1,8.0,2.75
2024-04-14 16:23:20,245,232,16.76,1,50.16,2.75
2024-04-07 17:21:55,196,199,5.62,1,21.83,0.0
2024-04-17 02:15:30,62,38,1.67,1,7.51,0.0
2024-04-13 15:52:36,25,77,5.51,1,18.76,0.0
2024-04-27 03:04:34,52,67,9.47,1,29.23,2.75
2024-04-22 23:41:34,50,185,0.92,1,4.37,2.75
2024-04-17 13:30:41,52,90,9.07,2,29.2,2.75
2024-04-10 14:57:40,40,207,2.06,1,10.14,0.0
2024-04-23 13:09:09,232,18,0.52,3,3.75,2.75
2024-04-04 03:44:27,60,244,0.92,2,8.84,2.75
2024-04-07 05:27:37,216,7,8.06,1,24.36,2.75
2024-04-24 11:38:42,197,188,14.69,1,49.5,2.75
2024-04-02 07:07:15,2,88,8.4,1,26.27,2.75
2024-04-15 04:04:53,106,116,2.54,2,8.89,2.75
2024-04-21 18:31:19,216,63,11.89,1,39.0,2.75
2024-04-18 09:45:34,167,75,2.33,1,7.15,2.75
2024-04-17 02:15:02,247,171,0.92,2,8.41,0.0
2024-04-04 22:35:26,210,232,1.96,1,8.15,0.0
2024-04-15 01:58:53,58,248,23.08,1,71.98,2.75
2024-04-24 08:13:08,43,225,3.94,1,14.38,2.75
2024-04-18 06:45:49,138,192,1.95,1,10.26,2.75
2024-04-14 19:25:18,109,167,3.93,1,12.66,0.0
2024-04-11 00:19:04,48,99,2.46,1,7.47,2.75
2024-04-17 09:55:37,126,228,0.68,1,4.92,0.0
2024-04-27 16:55:06,214,62,1.29,1,6.11,2.75
2024-04-20 19:12:21,128,129,0.57,4,3.4,0.0
2024-04-12 08:05:32,198,250,1.53,1,8.98,2.75
2024-04-15 05:47:00,202,139,5.21,1,17.42,2.75
2024-04-07 01:13:17,192,230,1.25,2,3.46,0.0
2024-04-12 11:18:40,107,59,3.13,1,17.86,0.0
2024-04-20 09:04:46,194,165,4.73,1,15.2,2.75
2024-04-28 09:12:06,238,204,3.28,1,13.56,2.75
2024-04-11 13:01:46,132,98,0.55,3,3.9,2.75
2024-04-29 10:49:25,83,246,2.08,1,3.73,2.75
2024-04-14 19:48:27,222,137,2.54,1,8.56,0.0
2024-04-05 19:06:39,106,46,1.97,2,8.0,2.75
2024-04-24 05:21:58,66,204,3.27,1,7.22,2.75
2024-04-20 13:33:40,195,193,3.02,2,9.36,2.75
2024-04-15 18:44:31,188,42,1.23,2,4.94,2.75
2024-04-03 22:46:49,47,162,5.38,1,17.99,2.75
2024-04-09 10:41:12,25,224,1.12,2,8.41,2.75
2024-04-13 07:26:37,66,254,2.65,1,9.96,0.0
2024-04-21 12:43:19,67,218,5.44,1,17.64,0.0
2024-04-06 04:39:41,197,100,4.68,1,18.34,2.75
2024-04-06 02:34:19,246,61,2.48,4,8.23,2.75
2024-04-26 00:25:13,100,40,5.94,1,23.91,2.75
2024-04-23 18:28:45,178,182,4.88,2,15.65,2.75
2024-04-24 05:31:31,115,59,2.2,1,8.31,2.75
2024-04-10 05:19:47,168,223,8.41,2,27.25,2.75
2024-04-14 06:43:37,119,208,1.04,1,6.84,2.75
2024-04-24 07:39:32,165,170,2.05,1,10.39,0.0
2024-04-15 23:41:16,219,139,4.69,3,17.2,2.75
2024-04-02 20:39:46,197,203,7.72,1,24.59,2.75
2024-04-07 06:24:46,237,254,1.86,1,5.72,0.0
2024-04-04 19:24:55,169,166,3.38,1,13.34,0.0
2024-04-25 00:30:14,76,57,0.54,1,5.2,2.75
2024-04-18 16:22:54,33,123,2.12,1,10.63,2.75
2024-04-16 05:08:50,230,137,1.91,2,5.57,2.75
2024-04-11 12:49:35,195,250,6.97,1,23.47,2.75
2024-04-16 03:01:24,230,57,0.77,1,3.0,2.75
2024-04-09 12:01:20,96,67,0.72,1,4.95,2.75
2024-04-22 13:09:51,171,231,2.55,1,9.01,2.75
2024-04-02 09:48:21,32,244,2.33,1,8.1,2.75
2024-04-30 23:17:13,45,121,1.12,3,8.48,0.0
2024-04-13 04:58:59,72,54,1.57,1,9.46,2.75
2024-04-12 08:23:11,20,66,13.3,1,42.82,2.75
2024-04-13 07:44:01,239,13,3.02,2,10.38,0.0
2024-04-17 14:04:03,199,124,0.82,3,6.41,2.75
2024-04-11 11:13:21,65,77,0.68,1,6.34,0.0
2024-04-29 06:32:32,188,24,0.65,1,4.41,2.75
2024-04-03 21:08:44,89,35,2.22,1,10.78,2.75
2024-04-25 04:48:43,201,74,7.52,1,25.09,2.75
2024-04-23 11:05:11,23,19,6.76,1,21.71,0.0
2024-04-07 07:15:17,130,259,2.11,1,9.43,2.75
2024-04-16 18:41:47,154,116,5.71,1,17.4,2.75
2024-04-22 02:28:54,78,260,5.38,1,16.72,2.75
2024-04-21 00:48:53,190,154,2.81,1,7.7,0.0
2024-04-07 07:29:49,154,203,2.31,1,12.49,2.75
2024-04-27 16:01:27,113,131,1.2,2,5.04,2.75
2024-04-03 04:54:37,117,128,1.64,5,10.05,2.75
2024-04-15 01:23:16,5,3,1.95,1,4.47,2.75
2024-04-23 09:34:32,35,258,6.36,1,26.56,0.0
2024-04-24 08:51:51,159,100,3.32,1,12.02,0.0
2024-04-04 11:21:05,210,53,1.29,1,6.95,2.75
2024-04-30 17:09:35,14,166,0.85,2,3.0,0.0
2024-04-30 01:37:19,25,149,2.9,1,10.87,0.0
2024-04-09 08:24:38,218,163,4.34,1,14.21,0.0
2024-04-03 01:49:14,254,83,6.48,3,20.1,0.0
2024-04-20 06:23:09,203,22,6.09,1,20.15,2.75
2024-04-28 23:35:41,101,20,6.58,1,18.85,0.0
2024-04-09 12:33:47,229,211,2.58,1,14.12,2.75
2024-04-17 02:55:28,199,8,7.53,1,24.55,2.75
2024-04-18 07:43:28,178,154,2.56,3,12.55,2.75
2024-04-17 09:36:43,130,51,1.14,2,11.73,2.75
2024-04-26 06:22:11,141,246,2.27,1,7.91,2.75
2024-04-13 04:07:16,13,154,1.95,1,9.06,2.75
2024-04-29 04:58:46,217,246,2.24,1,10.17,2.75
2024-04-24 07:12:02,186,43,4.26,3,12.77,2.75
2024-04-25 02:23:34,27,163,4.24,1,16.92,2.75
2024-04-19 02:12:39,218,147,1.39,1,9.39,2.75
2024-04-12 09:35:43,14,156,1.83,2,7.14,2.75
2024-04-13 07:18:47,142,3,3.67,1,14.4,0.0
2024-04-05 02:43:51,55,146,0.81,1,5.18,2.75
2024-04-30 21:05:57,191,244,4.58,3,15.84,2.75
2024-04-01 04:12:21,89,57,1.19,2,8.13,2.75
2024-04-04 19:40:57,45,119,7.16,2,22.6,2.75
2024-04-04 08:26:36,132,22,2.3,2,8.65,2.75
2024-04-07 15:37:59,66,51,1.37,1,3.8,2.75
2024-04-20 14:19:12,148,212,4.36,1,14.63,2.75
2024-04-21 14:09:56,145,216,3.33,3,14.42,2.75
2024-04-14 10:48:31,6,76,1.16,1,5.75,2.75
2024-04-02 15:39:30,82,204,6.64,5,21.19,2.75
2024-04-28 01:11:39,123,166,2.61,1,6.58,2.75
2024-04-08 01:43:19,167,61,1.08,1,3.0,2.75
2024-04-23 12:12:21,237,260,6.07,1,17.99,2.75
2024-04-11 05:34:54,105,76,1.0,5,5.6,2.75
2024-04-10 12:57:35,238,209,12.55,1,43.75,2.75
2024-04-07 21:24:06,82,37,2.54,1,11.36,2.75
2024-04-23 08:24:44,94,93,5.06,2,17.42,0.0
2024-04-12 22:49:24,66,134,2.6,1,11.86,2.75
2024-04-21 22:47:03,112,239,1.23,3,5.14,0.0
2024-04-14 16:13:17,171,136,5.47,1,13.27,2.75
2024-04-07 15:21:24,247,223,1.7,4,9.05,2.75
2024-04-17 10:10:56,66,148,4.51,1,17.84,0.0
2024-04-13 19:05:23,68,252,1.54,5,4.8,0.0
2024-04-06 22:41:16,34,79,1.47,1,7.11,0.0
2024-04-06 16:21:53,1,244,2.64,1,12.54,2.75
2024-04-13 15:36:03,151,120,6.43,1,19.02,2.75
2024-04-28 11:56:44,258,122,3.83,1,16.43,0.0
2024-04-16 16:45:12,238,212,0.73,1,6.45,0.0
2024-04-25 07:04:31,116,254,5.13,2,20.43,2.75
2024-04-10 14:17:07,76,18,3.53,1,17.2,2.75
2024-04-02 15:04:49,19,263,3.92,3,12.57,2.75
2024-04-25 15:47:30,35,41,2.03,4,10.25,2.75
2024-04-15 21:10:01,241,31,3.34,2,10.02,2.75
2024-04-03 16:55:25,7,118,2.13,1,7.67,2.75
2024-04-28 11:22:32,37,234,0.8,3,8.74,2.75
2024-04-14 09:42:55,153,43,7.01,1,25.04,2.75
2024-04-10 12:59:16,245,228,4.47,1,14.66,2.75
2024-04-10 09:11:12,250,134,4.38,2,13.84,2.75
2024-04-29 07:37:57,115,157,1.25,1,6.22,2.75
2024-04-28 09:55:24,41,206,4.31,1,13.9,2.75
2024-04-19 06:58:16,62,89,1.42,1,3.21,2.75
2024-04-18 10:09:27,169,99,4.57,4,15.96,2.75
2024-04-20 11:36:11,142,37,1.92,3,5.64,0.0
2024-04-17 16:20:29,258,199,1.1,2,4.73,0.0
2024-04-17 00:00:45,88,55,8.79,1,32.38,2.75
2024-04-21 19:18:31,48,105,0.89,2,4.24,0.0
2024-04-21 02:44:06,12,243,5.52,1,16.15,2.75
2024-04-08 11:27:32,211,74,0.88,2,6.46,2.75
2024-04-02 20:48:18,244,104,4.54,1,16.4,2.75
2024-04-27 15:16:14,239,221,0.91,1,7.25,2.75
2024-04-04 17:14:03,197,16,2.99,1,11.47,2.75
2024-04-14 10:32:13,257,29,1.23,2,6.26,2.75
2024-04-07 06:38:21,235,183,7.55,1,25.77,2.75
2024-04-25 02:12:10,187,52,2.3,1,11.88,2.75
2024-04-20 09:18:45,201,106,0.55,1,3.0,2.75
2024-04-04 00:58:21,103,25,3.96,2,16.5,2.75
2024-04-02 12:21:18,221,92,2.56,1,10.55,2.75
2024-04-07 08:27:46,187,26,7.37,1,26.2,0.0
2024-04-22 21:41:48,99,90,2.49,1,7.51,0.0
2024-04-06 06:50:10,245,175,2.35,1,7.96,2.75
2024-04-27 13:17:50,22,30,2.62,1,7.04,2.75
2024-04-10 05:40:28,68,14,7.38,2,23.28,0.0
2024-04-23 12:50:12,65,130,3.59,2,12.89,2.75
2024-04-30 21:43:21,217,131,4.37,4,13.01,2.75
2024-04-10 21:57:14,29,6,4.96,1,15.99,0.0
2024-04-26 03:13:14,193,211,10.2,2,33.7,2.75
2024-04-08 20:06:18,56,149,6.86,1,25.09,0.0
2024-04-24 06:08:46,212,149,9.67,1,31.33,0.0
2024-04-26 19:41:18,238,40,1.97,1,8.66,2.75
2024-04-22 12:26:52,200,196,1.35,1,6.09,2.75
2024-04-02 11:21:49,178,124,1.3,1,5.09,2.75
2024-04-08 23:44:48,153,71,7.33,1,23.81,0.0
2024-04-27 09:50:33,44,199,6.71,1,22.04,2.75
2024-04-05 16:05:52,168,33,4.18,1,16.41,2.75
2024-04-16 17:09:17,197,90,0.73,2,6.55,2.75
2024-04-26 23:27:10,74,90,1.84,1,8.05,2.75
2024-04-13 08:22:17,171,199,5.14,1,16.53,0.0
2024-04-22 17:12:23,183,56,1.5,1,3.0,2.75
2024-04-13 23:57:25,16,237,3.92,1,12.32,2.75
2024-04-19 03:52:37,68,1,3.24,5,12.82,0.0
2024-04-07 08:48:24,42,167,1.57,1,6.44,0.0
2024-04-22 04:24:46,110,37,10.03,4,32.08,2.75
2024-04-03 17:04:55,41,79,1.54,1,3.96,2.75
2024-04-08 03:19:27,6,242,8.38,2,26.93,2.75
2024-04-01 07:26:59,181,134,3.22,1,13.64,0.0
2024-04-01 02:26:38,185,252,0.84,4,3.0,2.75
2024-04-08 21:01:43,144,22,6.78,1,15.36,2.75
2024-04-18 01:35:39,100,218,5.99,1,17.87,0.0
2024-04-20 16:53:28,90,72,6.72,1,23.08,2.75
2024-04-07 04:15:03,246,9,4.06,3,12.77,0.0
2024-04-23 21:12:45,239,135,4.85,1,18.58,0.0
2024-04-24 14:30:36,212,195,8.82,2,30.86,2.75
2024-04-13 08:19:06,81,58,0.98,1,3.0,0.0
2024-04-01 04:30:59,115,251,0.8,1,6.59,2.75
2024-04-28 13:29:55,80,91,0.97,5,7.24,2.75
2024-04-14 18:21:37,56,204,7.64,2,25.74,0.0
2024-04-14 15:12:50,179,8,3.4,1,12.18,2.75
2024-04-12 17:28:15,49,108,1.18,1,8.15,2.75
2024-04-16 07:22:05,260,233,1.03,1,8.86,0.0
2024-04-13 15:15:23,30,120,2.56,3,10.02,0.0
2024-04-01 20:38:00,252,11,6.42,2,22.26,0.0
2024-04-15 04:28:21,63,183,6.22,1,22.59,2.75
2024-04-05 06:28:41,82,179,7.17,1,27.59,0.0
2024-04-20 08:05:05,169,206,5.63,1,21.97,0.0
2024-04-20 15:33:10,158,92,0.72,1,3.66,2.75
2024-04-29 19:00:55,56,227,4.96,1,19.9,2.75
2024-04-26 03:42:47,142,6,3.06,1,7.51,2.75
2024-04-20 12:16:13,149,12,5.04,1,18.68,2.75
2024-04-17 06:34:45,226,250,2.82,1,16.65,0.0
2024-04-24 11:47:42,25,198,2.81,1,8.42,2.75
2024-04-28 07:18:40,178,127,0.97,4,5.09,2.75
2024-04-21 07:44:24,95,37,8.75,1,27.76,2.75
2024-04-04 10:21:48,53,8,2.14,1,8.24,2.75
2024-04-04 23:42:23,70,165,3.56,3,15.07,2.75
2024-04-18 19:27:07,176,120,1.31,1,8.16,0.0
2024-04-22 02:05:36,132,232,2.11,1,10.19,2.75
2024-04-27 20:52:34,213,225,7.66,1,25.93,0.0
2024-04-07 13:33:31,211,233,1.32,2,8.0,2.75
2024-04-06 19:24:14,64,226,1.31,5,5.3,2.75
2024-04-17 03:55:38,35,145,1.56,1,8.39,0.0
2024-04-16 23:51:20,12,250,3.49,1,14.01,0.0
2024-04-14 14:52:21,248,39,3.07,2,10.31,0.0
2024-04-29 22:02:24,112,44,1.17,2,5.92,2.75
2024-04-04 10:07:53,91,37,4.62,3,16.55,2.75
2024-04-07 02:05:57,29,256,8.83,1,28.72,2.75
2024-04-21 17:08:38,12,211,1.28,1,5.32,2.75
2024-04-23 14:19:41,147,92,4.41,1,14.19,2.75
2024-04-28 19:49:15,137,19,3.59,1,11.31,2.75
2024-04-09 04:14:03,157,100,1.9,1,7.71,2.75
2024-04-27 22:34:14,259,147,3.87,1,14.41,2.75
2024-04-22 04:21:53,87,69,1.32,2,9.55,2.75
2024-04-04 11:52:31,158,130,6.78,3,19.45,2.75
2024-04-05 12:27:29,186,25,0.58,4,5.89,0.0
2024-04-04 14:48:19,229,115,3.43,1,16.73,2.75
2024-04-06 17:40:55,4,90,1.84,1,4.03,0.0
2024-04-20 12:24:39,57,212,7.96,1,30.06,0.0
2024-04-04 03:14:15,28,111,2.92,1,14.52,2.75
2024-04-30 13:17:27,16,76,6.18,1,21.28,2.75
2024-04-13 05:28:00,13,88,9.51,1,30.6,2.75
2024-04-23 05:44:46,200,170,1.92,1,6.97,0.0
2024-04-26 15:53:07,184,147,7.93,1,25.6,2.75
2024-04-21 18:15:23,158,240,5.03,1,17.11,0.0
2024-04-15 06:59:04,259,55,0.9,1,4.47,2.75
2024-04-15 16:50:42,157,92,0.88,1,4.16,2.75
2024-04-28 08:13:09,94,253,6.45,2,26.36,2.75
2024-04-28 14:16:54,21,157,2.71,3,10.5,2.75
2024-04-27 12:21:00,127,251,2.89,3,10.41,0.0
2024-04-14 18:17:22,112,8,8.27,1,28.02,2.75
2024-04-14 13:51:17,234,98,8.69,1,31.36,2.75
2024-04-10 01:55:16,34,50,0.92,1,4.1,0.0
2024-04-08 03:19:58,80,213,2.14,1,10.91,2.75
2024-04-12 22:17:29,83,4,8.4,1,28.34,2.75
2024-04-07 11:43:11,29,241,6.5,3,21.24,2.75
2024-04-07 09:15:41,131,19,4.97,1,18.64,2.75
2024-04-11 08:41:58,11,201,0.88,4,8.29,2.75
2024-04-22 22:35:03,62,104,3.9,1,14.77,0.0
2024-04-09 09:03:29,33,82,3.55,1,14.85,2.75
2024-04-19 04:41:42,136,55,1.14,1,6.53,0.0
2024-04-02 19:33:57,88,236,5.7,3,26.45,2.75
2024-04-17 17:08:52,17,164,1.81,1,8.6,0.0
2024-04-07 00:21:16,91,85,3.89,1,18.92,2.75
2024-04-21 18:47:31,253,219,2.07,1,11.63,2.75
2024-04-12 16:48:33,73,213,0.81,1,5.24,2.75
2024-04-19 15:28:41,206,203,3.1,1,10.88,0.0
2024-04-23 18:17:57,261,242,1.78,1,7.93,2.75
2024-04-20 07:11:59,178,162,0.76,1,6.31,2.75
2024-04-04 02:48:09,220,179,1.27,2,7.43,2.75
2024-04-17 23:05:44,173,92,3.88,1,12.41,2.75
2024-04-14 09:18:34,165,138,0.87,3,5.94,0.0
2024-04-09 12:37:44,220,112,0.82,1,3.41,0.0
2024-04-20 11:05:32,161,169,10.59,1,37.43,2.75
2024-04-06 20:13:08,248,101,0.9,1,3.0,0.0
2024-04-18 10:27:20,71,193,2.15,1,6.37,2.75
2024-04-13 19:03:11,92,207,1.0,1,6.08,2.75
2024-04-03 12:12:21,245,216,10.3,3,32.46,2.75
2024-04-18 02:24:42,24,228,2.8,1,11.75,0.0
2024-04-12 15:52:16,45,43,0.91,2,8.06,0.0
2024-04-15 06:41:18,189,181,5.63,1,23.02,2.75
2024-04-29 02:13:20,83,44,5.81,1,17.14,0.0
2024-04-22 00:49:57,222,37,8.6,1,27.75,2.75
2024-04-28 00:30:21,219,249,4.78,1,18.38,2.75
2024-04-14 00:41:04,218,83,0.7,2,6.84,2.75
2024-04-25 03:50:03,190,257,3.3,1,9.37,2.75
2024-04-11 17:36:06,67,217,2.2,1,8.21,0.0
2024-04-23 17:23:19,31,10,5.33,1,22.34,2.75
2024-04-13 19:15:36,250,238,3.63,1,12.63,2.75
2024-04-11 10:24:55,54,26,5.02,2,19.42,2.75
2024-04-27 18:09:13,10,251,1.2,1,8.88,2.75
2024-04-29 15:09:18,166,215,2.51,3,12.37,2.75
2024-04-24 12:03:23,153,145,2.48,1,9.8,0.0
2024-04-11 20:13:47,32,222,14.37,1,48.21,0.0
2024-04-04 05:49:01,17,18,0.57,1,3.74,2.75
2024-04-12 06:41:47,146,228,6.43,1,18.04,2.75
2024-04-30 22:09:53,75,236,0.86,4,3.0,2.75
2024-04-12 09:01:52,124,121,0.79,1,4.3,2.75
2024-04-30 10:45:06,52,62,1.89,1,9.1,0.0
2024-04-07 03:13:03,190,187,4.72,1,15.07,2.75
2024-04-27 21:32:44,141,25,4.47,4,17.11,2.75
2024-04-07 17:53:07,88,96,3.96,1,12.37,2.75
2024-04-01 06:29:42,84,193,5.71,1,21.24,2.75
2024-04-09 07:19:43,243,254,1.43,1,9.49,0.0
2024-04-14 23:18:35,106,67,4.02,3,15.52,2.75
2024-04-30 12:14:44,92,40,4.06,2,12.26,2.75
2024-04-17 11:19:48,21,224,4.22,1,13.55,0.0
2024-04-09 15:17:36,6,222,3.66,1,13.17,2.75
2024-04-25 23:43:08,221,103,1.38,1,7.57,2.75
2024-04-16 12:57:23,87,248,9.1,1,29.85,0.0
2024-04-16 02:06:49,180,162,13.55,4,40.47,2.75
2024-04-23 08:18:39,246,25,4.59,1,18.63,0.0
2024-04-25 11:04:04,174,154,2.55,1,13.4,2.75
2024-04-11 13:09:05,113,219,3.2,1,12.97,0.0
2024-04-15 22:59:08,71,254,0.9,1,5.4,0.0
2024-04-13 08:29:36,158,215,2.08,3,6.31,2.75
2024-04-25 22:13:12,237,169,13.57,1,38.49,0.0
2024-04-30 02:13:34,187,80,3.28,1,12.6,2.75
2024-04-08 13:03:29,243,72,3.38,1,13.47,2.75
2024-04-30 10:26:13,166,63,11.28,1,39.51,2.75
2024-04-19 18:41:52,34,75,8.11,1,28.4,0.0
2024-04-06 05:01:07,255,263,3.44,1,16.08,0.0
2024-04-24 02:56:08,220,98,1.6,1,8.49,0.0
2024-04-05 02:47:22,32,85,0.94,1,7.81,0.0
2024-04-10 10:43:16,257,149,7.47,1,22.72,2.75
2024-04-22 14:44:38,233,6,9.34,1,31.94,2.75
2024-04-27 05:38:45,215,109,2.89,1,10.73,2.75
2024-04-14 16:34:24,242,199,0.85,1,5.49,2.75
2024-04-14 05:19:14,245,38,3.76,1,15.31,2.75
2024-04-26 18:39:28,20,128,2.1,1,8.17,2.75
2024-04-20 15:25:52,210,140,1.1,2,3.11,0.0
2024-04-27 05:15:56,210,248,9.3,1,30.19,2.75
2024-04-14 09:59:09,72,259,1.46,2,5.09,2.75
2024-04-02 09:32:10,162,147,4.85,1,19.02,2.75
2024-04-13 21:06:02,178,195,2.46,3,11.99,2.75
2024-04-22 07:06:08,11,215,6.66,2,23.77,0.0
2024-04-01 05:13:01,8,241,4.72,1,19.49,2.75
2024-04-28 06:04:18,193,133,0.96,1,6.07,2.75
2024-04-15 21:26:33,259,29,2.59,1,10.44,2.75
2024-04-05 19:29:54,53,98,1.55,2,8.6,2.75
2024-04-23 11:10:42,96,182,4.88,1,18.08,2.75
2024-04-28 12:19:39,92,152,3.25,1,10.69,0.0
2024-04-16 19:45:07,144,103,1.96,1,10.07,0.0
2024-04-04 00:32:41,18,235,1.9,3,3.34,2.75
2024-04-26 00:56:58,126,133,0.93,1,8.15,2.75
2024-04-07 01:39:04,154,230,1.34,1,8.19,2.75
2024-04-18 07:47:03,6,35,4.87,2,14.59,0.0
2024-04-14 16:09:09,88,80,3.79,1,15.19,2.75
2024-04-04 21:19:43,65,242,2.04,1,10.13,0.0
2024-04-25 01:03:02,166,133,6.83,1,24.21,0.0
2024-04-29 13:16:33,64,9,2.82,1,11.67,2.75
2024-04-13 21:44:19,145,253,6.04,5,18.14,0.0
2024-04-13 08:58:01,6,33,5.82,1,22.45,0.0
2024-04-05 15:02:49,121,187,7.09,1,21.21,2.75
2024-04-14 05:56:24,132,11,7.13,1,22.89,2.75
2024-04-13 15:35:24,189,69,4.48,1,12.75,2.75
2024-04-09 09:49:07,209,138,5.34,1,18.93,2.75
2024-04-04 02:50:17,42,131,5.75,1,19.05,2.75
2024-04-09 11:02:09,78,251,1.15,1,3.3,2.75
2024-04-02 13:23:27,145,123,1.75,1,11.99,2.75
2024-04-21 16:22:40,171,243,0.89,3,3.0,2.75
2024-04-14 09:02:13,93,162,1.23,4,6.1,0.0
2024-04-19 05:09:32,263,95,5.77,1,19.58,0.0
2024-04-16 01:21:15,23,162,10.79,5,33.22,2.75
2024-04-14 09:22:08,142,229,4.42,1,15.82,0.0
2024-04-29 08:04:45,148,116,8.1,1,26.92,2.75
2024-04-03 11:03:48,116,221,1.84,1,7.58,2.75
2024-04-25 02:12:37,81,169,7.04,1,20.49,2.75
2024-04-02 07:04:49,25,145,1.95,1,7.2,2.75
2024-04-04 00:47:43,115,182,8.36,1,28.7,2.75
2024-04-04 14:31:07,94,37,6.1,3,19.71,2.75
2024-04-29 08:20:05,185,36,14.89,4,46.16,2.75
2024-04-02 12:55:57,155,68,6.65,1,21.73,0.0
2024-04-25 06:50:01,174,121,2.28,1,9.5,2.75
2024-04-07 16:26:09,173,155,0.91,1,7.66,0.0
2024-04-06 07:39:27,154,205,7.76,1,26.43,2.75
2024-04-13 13:25:10,14,44,3.46,1,14.2,0.0
2024-04-14 05:06:50,128,90,7.34,1,26.75,0.0
2024-04-28 14:18:53,92,212,2.21,1,10.36,2.75
2024-04-05 23:13:43,222,63,0.6,1,3.21,2.75
2024-04-18 14:34:30,108,72,0.69,1,4.1,2.75
2024-04-20 19:36:48,28,27,4.39,1,15.6,2.75
2024-04-19 01:08:04,197,53,0.93,1,8.29,2.75
2024-04-12 06:44:47,200,242,5.29,1,15.54,2.75
2024-04-10 13:05:26,154,100,2.4,1,9.51,2.75
2024-04-20 01:15:41,70,79,3.4,1,12.61,2.75
2024-04-01 01:18:14,160,90,6.15,2,19.0,0.0
2024-04-07 07:37:24,103,25,1.52,1,6.38,2.75
2024-04-15 09:35:19,236,161,2.36,1,8.36,2.75
2024-04-24 07:58:55,189,195,5.08,2,19.92,2.75
2024-04-08 19:17:47,109,201,9.27,3,30.07,0.0
2024-04-24 14:02:55,255,166,1.7,2,5.58,2.75
2024-04-15 05:08:55,193,222,3.91,1,10.78,2.75
2024-04-24 02:13:58,71,13,11.07,1,34.97,0.0
2024-04-23 23:46:13,209,246,4.16,5,17.23,2.75
2024-04-24 06:50:41,176,88,8.32,1,26.01,0.0
2024-04-08 05:15:56,239,140,10.33,1,31.06,2.75
2024-04-12 02:10:54,98,256,9.77,1,32.99,0.0
2024-04-19 23:57:46,89,146,5.47,1,18.67,2.75
2024-04-12 20:34:06,252,7,3.31,1,12.98,2.75
2024-04-01 20:05:56,99,246,0.86,3,10.0,0.0
2024-04-22 20:55:06,154,204,1.38,3,8.96,0.0
2024-04-28 06:44:37,31,240,1.53,1,5.71,2.75
2024-04-08 01:08:39,131,94,0.62,2,3.0,0.0
2024-04-28 02:47:34,216,8,0.88,1,3.0,0.0
2024-04-01 08:56:15,15,170,1.72,1,7.39,0.0
2024-04-30 07:45:26,43,119,0.83,1,6.79,0.0
2024-04-10 15:27:10,168,246,1.15,5,3.0,2.75
2024-04-21 00:31:52,255,128,0.7,1,6.25,2.75
2024-04-21 10:50:52,170,222,2.39,1,10.95,2.75
2024-04-04 22:40:22,259,63,6.53,1,22.81,0.0
2024-04-06 21:49:19,78,117,6.35,1,20.41,2.75
2024-04-03 20:27:44,85,109,8.73,4,28.94,0.0
2024-04-13 12:36:09,149,234,5.29,4,19.73,2.75
2024-04-12 02:31:08,201,205,1.48,1,7.96,2.75
2024-04-27 16:23:32,77,88,4.74,1,16.95,2.75
2024-04-02 07:57:44,250,240,5.41,1,19.06,2.75
2024-04-30 23:20:44,53,198,3.24,1,14.35,2.75
2024-04-25 21:21:57,109,4,6.26,5,19.96,2.75
2024-04-21 23:45:08,88,106,0.76,1,5.88,0.0
2024-04-15 16:31:27,166,107,3.66,1,16.73,2.75
2024-04-18 20:00:50,93,252,2.79,1,9.56,0.0
2024-04-18 16:34:07,173,186,6.23,2,20.41,2.75
2024-04-27 16:02:03,64,226,0.98,2,3.0,0.0
2024-04-26 11:20:52,126,21,1.34,4,6.41,2.75
2024-04-29 10:19:33,230,154,3.36,1,14.51,0.0
2024-04-01 18:57:27,105,224,10.79,1,36.04,2.75
2024-04-27 01:57:02,209,86,0.8,1,3.0,2.75
2024-04-02 18:39:20,62,41,5.26,1,16.94,0.0
2024-04-16 11:50:18,240,172,1.3,1,4.99,2.75
2024-04-03 02:19:02,61,160,0.89,2,7.08,2.75
2024-04-07 19:01:41,12,160,2.26,1,5.09,2.75
2024-04-14 06:08:03,137,51,3.56,1,11.18,2.75
2024-04-05 07:52:01,195,118,6.64,1,22.64,2.75
2024-04-12 14:47:19,74,172,4.02,4,14.52,2.75
2024-04-12 13:46:45,136,84,2.87,1,7.77,2.75
2024-04-01 13:03:23,43,66,1.68,1,10.16,2.75
2024-04-05 17:14:10,39,61,1.71,1,5.73,2.75
2024-04-18 02:40:41,31,177,5.65,1,17.45,2.75
2024-04-17 17:03:11,142,117,0.92,3,3.9,2.75
2024-04-14 19:48:17,44,136,1.05,1,5.13,2.75
2024-04-09 22:00:48,188,259,4.95,1,19.16,2.75
2024-04-10 03:57:57,2,256,11.86,1,40.06,2.75
2024-04-13 11:55:29,24,32,0.95,1,7.74,2.75
2024-04-22 07:10:20,104,254,3.79,2,10.8,0.0
2024-04-02 13:20:11,62,7,1.46,1,6.73,2.75
2024-04-05 18:36:50,153,39,0.59,1,3.28,2.75
2024-04-04 10:25:51,263,4,6.75,1,23.42,2.75
2024-04-01 14:27:35,243,30,2.99,1,13.28,2.75
2024-04-14 08:18:05,121,166,0.58,1,3.1,2.75
2024-04-17 20:44:42,173,36,8.4,2,27.98,2.75
2024-04-14 03:37:43,103,211,3.19,2,11.26,2.75
2024-04-29 21:50:38,160,113,5.18,1,15.39,2.75
2024-04-23 19:12:01,257,117,2.43,1,7.1,2.75
2024-04-14 07:47:08,202,51,1.22,1,8.77,2.75
2024-04-04 18:22:21,45,15,2.69,1,14.58,2.75
2024-04-19 20:23:57,64,201,1.69,2,5.72,2.75
2024-04-11 19:48:00,196,124,1.73,1,8.76,2.75
2024-04-19 03:40:22,70,156,4.11,2,14.55,0.0
2024-04-27 14:50:20,181,208,0.85,1,3.0,0.0
2024-04-19 12:34:08,247,242,2.27,1,10.96,0.0
2024-04-22 00:56:05,158,164,3.27,1,12.26,2.75
2024-04-22 06:39:06,186,260,4.83,2,13.23,2.75
2024-04-02 13:55:59,231,193,4.01,3,15.52,2.75
2024-04-25 16:37:14,73,238,8.11,1,29.99,2.75
2024-04-20 17:17:07,55,50,17.57,1,52.47,2.75
2024-04-24 15:28:16,243,213,10.2,1,30.72,0.0
2024-04-02 20:24:36,215,90,5.56,1,19.78,0.0
2024-04-08 16:47:55,15,144,4.55,1,18.36,2.75
2024-04-16 07:11:18,147,166,0.63,1,3.24,2.75
2024-04-27 15:33:01,144,67,3.17,2,12.76,2.75
2024-04-01 02:55:47,25,20,4.31,2,16.31,2.75
2024-04-17 04:43:53,99,111,2.36,1,12.54,2.75
2024-04-12 21:54:53,179,69,2.2,1,6.92,2.75
2024-04-24 02:07:28,174,25,3.24,1,13.09,0.0
2024-04-01 17:32:26,263,12,8.8,1,31.86,2.75
2024-04-24 08:15:50,58,65,1.56,2,8.32,2.75
2024-04-17 08:54:07,145,182,2.28,3,13.14,2.75
2024-04-26 05:35:22,122,234,4.21,2,15.07,2.75
2024-04-09 06:56:17,27,133,1.22,1,6.04,2.75
2024-04-15 02:18:15,66,186,6.8,1,20.86,2.75
2024-04-07 11:31:05,101,79,4.34,1,17.12,0.0
2024-04-13 04:04:57,94,132,2.02,1,12.19,2.75
2024-04-06 13:06:17,67,200,4.98,1,12.77,2.75
2024-04-18 06:17:56,250,101,1.65,2,5.08,2.75
2024-04-26 22:41:27,142,152,5.71,1,21.31,2.75
2024-04-07 00:48:37,40,216,0.76,1,8.03,2.75
2024-04-18 11:06:37,215,147,2.45,2,13.06,2.75
2024-04-24 10:24:36,131,233,1.56,1,7.54,2.75
2024-04-01 20:13:48,1,149,6.44,1,24.19,2.75
2024-04-08 11:58:57,9,181,5.39,1,19.08,2.75
2024-04-12 16:07:29,144,151,6.95,1,19.61,2.75
2024-04-17 04:49:42,138,204,4.19,5,15.55,2.75
2024-04-25 21:51:44,179,80,6.05,3,18.9,0.0
2024-04-05 03:37:15,144,149,2.52,1,10.18,2.75
2024-04-27 20:35:45,190,35,4.47,1,17.61,2.75
2024-04-02 00:02:49,187,216,0.61,2,3.0,2.75
2024-04-12 09:22:11,154,1,7.94,2,23.1,2.75
2024-04-08 21:12:12,172,206,4.54,1,16.69,0.0
2024-04-08 21:57:30,247,92,7.54,2,27.83,2.75
2024-04-02 10:02:17,11,91,5.66,1,17.48,0.0
2024-04-25 21:29:18,47,70,1.68,3,6.98,0.0
2024-04-23 18:12:20,111,132,1.62,1,9.02,0.0
2024-04-16 10:17:20,252,257,6.13,3,19.34,0.0
2024-04-22 04:48:36,76,92,1.21,1,8.16,0.0
2024-04-15 03:23:13,175,82,0.91,1,3.0,2.75
2024-04-12 16:34:25,109,99,0.55,2,4.81,2.75
2024-04-26 01:56:29,14,53,1.74,1,10.81,0.0
2024-04-20 19:19:03,181,80,0.87,5,3.8,0.0
2024-04-11 22:37:04,43,246,6.16,2,20.95,2.75
2024-04-03 12:46:51,102,262,2.82,1,5.02,2.75
2024-04-23 16:05:54,113,261,1.52,3,5.43,2.75
2024-04-08 09:31:08,193,232,3.73,1,13.41,2.75
2024-04-22 12:23:44,9,248,0.76,1,6.81,2.75
2024-04-16 20:54:02,149,255,5.03,1,20.15,2.75
2024-04-23 15:18:24,224,83,2.94,1,12.53,2.75
2024-04-12 11:26:36,110,3,0.52,2,3.0,2.75
2024-04-24 09:09:08,84,223,1.85,1,7.59,2.75
2024-04-14 10:24:35,43,250,5.35,1,17.98,2.75
2024-04-20 22:53:58,66,192,1.23,2,7.2,0.0
2024-04-01 23:36:55,109,46,11.93,1,39.38,2.75
2024-04-07 16:43:41,102,41,8.44,5,27.34,2.75
2024-04-24 17:31:16,135,139,5.77,1,20.51,2.75
2024-04-08 12:44:20,86,41,0.79,1,3.18,0.0
2024-04-21 14:16:57,84,175,2.03,1,10.65,2.75
2024-04-24 08:02:22,227,94,1.74,3,5.79,2.75
2024-04-05 13:18:42,260,205,1.02,3,4.92,2.75
2024-04-05 01:23:59,20,56,28.05,2,88.99,2.75
2024-04-05 07:59:04,35,231,1.06,5,6.61,2.75
2024-04-16 08:52:56,243,260,1.83,1,6.59,2.75
2024-04-27 08:47:21,223,220,7.93,1,26.6,0.0
2024-04-18 22:08:16,158,168,1.05,1,6.02,2.75
2024-04-04 10:11:03,36,171,2.72,1,14.24,2.75
2024-04-25 19:14:16,29,137,13.51,3,44.8,2.75
2024-04-10 10:47:25,255,260,1.49,1,8.38,2.75
2024-04-29 05:34:47,142,135,4.75,1,15.0,0.0
2024-04-17 01:51:08,134,105,0.79,5,3.21,0.0
2024-04-03 15:01:24,144,227,3.71,2,12.29,0.0
2024-04-15 01:53:44,245,190,1.95,1,11.75,2.75
2024-04-04 14:41:07,254,195,4.71,2,15.75,2.75
2024-04-01 21:49:23,5,64,2.49,1,9.29,2.75
2024-04-14 04:12:35,239,171,1.74,1,4.92,0.0
2024-04-21 02:33:45,250,18,3.26,1,9.69,2.75
2024-04-11 20:20:43,31,259,1.03,1,5.74,2.75
2024-04-26 10:14:16,120,190,6.4,1,23.92,2.75
2024-04-16 03:58:53,79,253,5.36,2,18.44,0.0
2024-04-26 13:09:46,9,81,3.26,3,12.33,2.75
2024-04-16 21:13:27,44,60,2.1,2,12.17,2.75
2024-04-25 16:40:43,222,105,9.14,1,29.95,2.75
2024-04-13 08:57:04,144,261,4.02,2,14.51,2.75
2024-04-06 20:06:33,120,255,1.67,1,9.57,0.0
2024-04-16 18:24:30,53,46,6.25,2,22.96,0.0
2024-04-28 13:19:02,65,132,4.03,1,13.45,0.0
2024-04-04 22:05:23,176,14,0.98,1,4.91,0.0
2024-04-11 10:18:31,70,22,0.92,2,6.09,2.75
2024-04-25 11:17:33,121,106,10.24,1,33.64,2.75
2024-04-12 09:14:42,203,5,1.69,3,10.67,0.0
2024-04-04 08:36:00,180,181,4.31,1,14.87,0.0
2024-04-08 02:46:09,81,149,0.63,2,5.79,2.75
2024-04-22 07:49:17,55,13,3.35,1,13.45,2.75
2024-04-03 10:20:05,179,26,1.42,2,7.57,2.75
2024-04-19 18:11:46,98,40,1.03,3,4.35,0.0
2024-04-01 12:55:39,110,64,5.7,1,19.44,2.75
2024-04-19 14:16:21,153,111,6.3,1,21.38,2.75
2024-04-09 22:02:49,125,88,4.9,1,19.96,2.75
2024-04-30 02:09:44,91,124,0.54,2,3.52,2.75
2024-04-15 07:00:48,37,146,1.67,3,7.46,2.75
2024-04-02 07:57:22,5,214,2.07,1,8.72,0.0
2024-04-26 18:04:34,150,128,4.61,4,20.02,2.75
2024-04-02 01:40:47,172,149,5.43,1,20.3,2.75
2024-04-16 15:55:27,262,140,3.96,1,15.58,0.0
2024-04-13 11:36:02,27,122,5.95,1,20.58,2.75
2024-04-28 04:07:08,55,11,2.45,2,8.98,2.75
2024-04-13 18:32:29,249,252,3.23,1,14.33,2.75
2024-04-25 02:41:45,259,194,0.73,1,3.94,2.75
2024-04-20 21:23:46,191,195,2.45,3,13.62,0.0
2024-04-19 07:57:00,63,81,2.48,1,10.31,2.75
2024-04-24 09:45:07,104,107,3.81,1,15.25,2.75
2024-04-02 22:33:25,259,206,2.16,1,9.03,0.0
2024-04-12 17:18:34,161,209,1.45,1,12.23,2.75
2024-04-24 09:45:14,171,127,1.45,1,4.8,2.75
2024-04-14 07:21:47,109,34,1.0,3,4.79,2.75
2024-04-16 22:51:54,140,64,4.73,1,14.88,0.0
2024-04-07 04:50:07,93,17,3.91,1,11.79,2.75
2024-04-08 22:41:15,103,249,3.53,3,13.8,2.75
2024-04-12 09:16:10,226,105,3.15,1,11.17,2.75
2024-04-25 07:03:04,160,108,2.1,1,8.16,2.75
2024-04-12 02:21:12,195,222,5.62,1,18.82,2.75
2024-04-18 17:03:37,145,176,9.43,5,30.9,2.75
2024-04-26 11:50:26,242,228,2.53,1,7.26,0.0
2024-04-10 22:24:27,132,190,2.34,1,7.22,2.75
2024-04-01 10:26:10,93,213,1.12,2,3.35,0.0
2024-04-06 13:39:53,192,221,4.39,1,15.86,2.75
2024-04-17 05:09:25,22,162,3.36,5,12.73,2.75
2024-04-08 06:17:55,194,249,15.98,1,50.47,0.0
2024-04-07 06:00:27,170,190,3.57,1,14.2,2.75
2024-04-26 00:55:54,11,12,1.69,1,8.25,2.75
2024-04-26 09:55:32,181,68,3.4,5,9.54,0.0
2024-04-21 19:15:55,232,41,15.13,2,47.64,2.75
2024-04-08 23:23:29,29,260,5.0,2,17.87,2.75
2024-04-09 17:55:24,20,126,0.98,1,3.4,2.75
2024-04-12 04:02:29,5,226,1.97,1,5.57,2.75
2024-04-20 13:20:34,34,210,1.74,1,9.18,0.0
2024-04-25 06:22:19,140,171,7.3,1,22.65,2.75
2024-04-17 14:54:12,28,1,3.81,1,15.65,0.0
2024-04-20 12:39:24,98,209,6.31,1,21.52,2.75
2024-04-04 11:22:21,262,241,1.18,1,5.46,2.75
2024-04-03 05:03:32,246,72,8.85,2,30.32,0.0
2024-04-09 01:21:24,19,89,0.71,1,4.9,0.0
2024-04-11 05:37:17,12,20,2.14,3,8.72,2.75
2024-04-02 21:12:56,25,141,0.55,1,3.0,2.75
2024-04-29 17:18:18,13,175,1.21,1,9.07,2.75
2024-04-18 00:23:03,76,50,11.97,5,36.41,2.75
2024-04-24 11:42:51,259,94,0.79,1,7.08,0.0
2024-04-09 20:50:30,24,168,1.05,1,3.0,2.75
2024-04-25 07:14:38,8,55,9.56,1,32.07,0.0
2024-04-23 02:05:47,228,51,4.83,3,18.55,2.75
2024-04-24 21:24:44,123,145,2.33,1,9.72,2.75
2024-04-16 05:54:54,90,77,0.75,2,6.11,2.75
2024-04-28 09:47:09,224,129,5.88,1,22.51,2.75
2024-04-04 14:47:14,224,111,2.88,4,12.36,2.75
2024-04-29 03:34:49,257,1,1.87,3,11.48,0.0
2024-04-01 10:00:51,3,26,2.07,1,12.97,2.75
2024-04-25 10:57:41,148,116,2.96,1,14.46,0.0
2024-04-06 14:08:18,189,174,3.3,1,13.78,2.75
2024-04-14 00:45:14,187,13,6.47,1,21.18,0.0
2024-04-23 02:07:20,188,34,5.67,2,20.16,2.75
2024-04-05 16:21:34,124,232,5.6,1,20.48,0.0
2024-04-05 07:48:10,37,73,5.07,1,15.42,0.0
2024-04-24 09:54:22,149,51,5.46,1,18.68,0.0
2024-04-09 15:20:47,106,211,4.46,1,13.92,2.75
2024-04-10 09:28:50,103,215,7.59,1,24.27,2.75
2024-04-27 22:58:18,232,41,3.35,1,13.26,0.0
2024-04-08 20:12:31,146,94,3.08,2,11.44,2.75
2024-04-15 00:52:20,17,189,4.73,1,15.54,2.75
2024-04-26 07:22:39,159,135,1.14,1,6.73,0.0
2024-04-06 18:06:05,125,206,5.75,1,19.58,2.75
2024-04-10 16:38:49,173,2,10.13,1,32.95,2.75
2024-04-20 21:19:00,163,204,1.73,2,7.74,2.75
2024-04-30 15:13:10,203,241,3.81,1,14.63,2.75
2024-04-15 17:51:11,155,258,0.62,1,3.0,0.0
2024-04-12 23:41:42,261,156,5.58,4,19.31,2.75
2024-04-22 19:36:45,186,54,3.37,2,15.82,0.0
2024-04-12 07:48:56,57,94,4.42,1,10.6,2.75
2024-04-13 03:49:55,217,61,1.04,1,4.87,2.75
2024-04-08 00:15:43,208,168,6.3,1,21.66,2.75
2024-04-09 13:43:19,202,25,1.53,2,4.82,0.0
2024-04-27 00:08:48,74,48,4.54,1,12.96,2.75
2024-04-14 20:41:18,85,189,3.65,1,12.57,0.0
2024-04-29 18:36:19,120,53,4.21,3,13.95,2.75
2024-04-01 00:57:00,14,241,0.68,1,5.92,2.75
2024-04-27 08:11:17,129,27,5.24,1,17.05,2.75
2024-04-07 06:17:08,49,59,6.05,2,21.67,2.75
2024-04-20 10:17:33,242,186,2.75,1,11.2,2.75
2024-04-12 17:29:28,53,141,2.34,2,10.95,0.0
2024-04-12 08:47:43,69,57,1.97,4,7.7,2.75
2024-04-06 03:30:48,40,195,9.7,3,31.29,2.75
2024-04-07 04:35:40,184,106,5.42,1,20.96,2.75
2024-04-30 13:49:01,133,168,4.7,1,19.15,2.75
2024-04-28 20:36:07,56,246,9.59,1,34.65,2.75
2024-04-26 07:21:34,255,214,2.0,1,6.32,0.0
2024-04-15 15:36:17,5,2,3.98,2,12.68,2.75
2024-04-16 03:26:36,69,182,4.55,1,16.82,2.75
2024-04-15 07:09:00,52,183,20.03,2,61.93,2.75
2024-04-01 16:15:41,98,95,2.45,1,5.73,0.0
2024-04-25 09:10:22,161,156,2.29,1,10.23,0.0
2024-04-12 22:50:57,65,180,0.81,1,3.25,2.75
2024-04-21 10:21:20,243,97,0.86,2,5.12,2.75
2024-04-24 08:11:59,262,238,3.01,1,12.06,2.75
2024-04-24 00:03:26,212,13,1.16,2,5.17,2.75
2024-04-26 20:13:41,154,182,0.77,1,4.22,0.0
2024-04-02 20:57:40,234,155,12.22,2,40.47,2.75
2024-04-13 17:00:53,140,251,11.09,1,32.26,2.75
2024-04-08 06:05:54,115,177,1.88,1,5.62,2.75
2024-04-04 10:00:15,130,71,5.96,1,15.27,2.75
2024-04-30 15:22:51,178,84,7.71,2,24.38,2.75
2024-04-01 19:36:00,95,189,2.69,1,13.72,2.75
2024-04-24 14:28:51,101,92,1.39,3,4.43,2.75
2024-04-10 00:34:40,196,69,0.99,1,5.7,2.75
2024-04-15 01:30:47,208,164,1.03,1,5.47,2.75
2024-04-15 07:38:07,95,179,6.08,1,18.71,2.75
2024-04-23 21:37:29,103,33,2.2,2,7.74,2.75
2024-04-19 05:33:53,8,53,4.64,1,12.41,0.0
2024-04-17 10:38:03,136,216,3.21,1,12.99,0.0
2024-04-08 06:14:27,98,202,2.26,1,12.24,0.0
2024-04-11 19:52:31,261,38,0.96,2,3.0,2.75
2024-04-13 13:01:25,147,261,1.92,1,8.58,2.75
2024-04-16 17:16:58,185,31,6.92,1,25.47,2.75
2024-04-16 19:35:28,232,5,6.34,3,23.39,2.75
2024-04-29 14:58:59,101,179,0.6,1,5.7,2.75
2024-04-17 00:45:40,147,54,1.03,3,8.61,2.75
2024-04-17 09:56:07,205,219,5.44,1,16.05,2.75
2024-04-30 15:37:34,46,200,1.93,1,6.86,2.75
2024-04-14 08:00:07,104,226,4.11,1,14.59,2.75
2024-04-05 19:19:22,222,18,3.39,1,14.06,2.75
2024-04-19 17:58:04,118,243,4.2,1,16.94,2.75
2024-04-01 07:42:18,5,117,0.69,1,4.61,2.75
2024-04-01 15:52:33,211,10,9.86,1,33.08,2.75
2024-04-01 16:56:49,55,39,0.57,1,4.98,2.75
2024-04-23 06:09:06,19,41,0.53,1,3.0,2.75
2024-04-06 14:34:29,88,108,1.4,2,5.33,2.75
2024-04-10 05:10:29,247,44,18.12,1,52.58,2.75
2024-04-01 19:59:02,117,197,0.76,1,4.04,2.75
2024-04-26 15:20:17,170,209,7.76,1,25.62,0.0
2024-04-16 07:54:13,150,176,1.11,1,5.96,0.0
2024-04-06 04:00:39,208,236,0.9,1,4.21,2.75
2024-04-19 03:39:26,174,3,5.78,2,20.5,0.0
2024-04-08 21:31:26,127,254,7.06,1,23.68,2.75
2024-04-08 22:02:23,156,36,6.0,1,18.98,0.0
2024-04-08 00:47:28,180,6,1.47,1,4.17,2.75
2024-04-04 08:40:31,87,20,7.92,1,24.72,0.0
2024-04-17 04:13:56,82,162,0.76,1,5.33,2.75
2024-04-21 18:24:28,64,238,1.96,1,8.19,0.0
2024-04-18 16:47:55,119,47,2.68,1,10.93,2.75
2024-04-22 06:36:36,163,16,0.75,1,5.13,2.75
2024-04-20 06:14:29,178,108,3.53,1,15.43,2.75
2024-04-03 16:32:01,30,177,3.37,2,11.24,0.0
2024-04-02 14:17:17,161,65,17.48,2,56.47,2.75
2024-04-06 03:34:02,3,63,3.9,1,17.79,0.0
2024-04-09 14:41:07,24,73,2.27,1,6.32,2.75
2024-04-26 21:57:11,59,204,5.97,1,21.04,2.75
2024-04-25 09:22:36,237,254,1.93,1,7.23,2.75
2024-04-21 19:02:18,240,60,3.16,1,10.32,2.75
2024-04-22 17:25:28,160,101,0.7,1,8.91,2.75
2024-04-02 04:35:03,60,17,1.86,1,9.18,0.0
2024-04-05 19:31:14,240,195,3.13,2,11.15,2.75
2024-04-10 00:56:15,59,251,4.74,1,18.76,0.0
2024-04-19 14:37:30,53,38,0.87,1,6.9,0.0
2024-04-23 08:03:47,64,31,6.08,4,20.86,2.75
2024-04-22 23:56:40,121,181,8.56,1,28.44,2.75
2024-04-19 16:00:50,119,141,1.65,1,7.18,0.0
2024-04-04 21:23:59,18,245,5.57,1,18.87,2.75
2024-04-14 04:42:50,5,224,1.2,1,4.43,0.0
2024-04-05 01:20:25,160,27,3.09,1,10.67,2.75
2024-04-23 02:10:06,142,250,6.09,4,20.71,2.75
2024-04-25 00:38:24,18,231,2.21,1,8.4,0.0
2024-04-06 19:42:19,68,13,0.59,1,3.0,2.75
2024-04-15 03:29:56,114,98,3.22,2,15.65,2.75
2024-04-02 15:22:33,22,192,7.02,1,24.44,2.75
2024-04-26 20:53:28,20,186,0.9,3,4.59,2.75
2024-04-27 02:36:43,263,19,0.61,2,6.54,2.75
2024-04-27 23:38:19,98,259,6.29,1,20.64,2.75
2024-04-13 03:32:00,105,67,1.59,1,6.22,2.75
2024-04-08 03:44:41,5,26,2.09,3,6.75,2.75
2024-04-28 09:53:30,129,6,0.82,4,4.6,2.75
2024-04-10 13:31:18,159,141,0.86,1,6.55,2.75
2024-04-09 13:17:06,251,238,3.84,5,15.29,0.0
2024-04-16 02:36:21,83,230,3.31,1,13.18,2.75
2024-04-16 13:08:36,118,27,1.71,2,8.05,2.75
2024-04-12 11:46:31,29,105,2.61,1,9.57,2.75
2024-04-03 22:50:35,138,10,2.22,1,12.43,2.75
2024-04-14 23:29:22,157,12,4.66,1,21.48,0.0
2024-04-05 00:23:10,31,156,7.43,4,24.62,2.75
2024-04-22 19:40:49,153,77,5.57,1,19.25,2.75
2024-04-10 07:43:48,58,18,0.52,1,3.0,2.75
2024-04-17 18:10:39,87,58,0.87,1,5.17,2.75
2024-04-16 12:04:47,123,130,2.46,1,8.41,2.75
2024-04-26 10:53:35,191,174,7.18,1,26.52,0.0
2024-04-19 06:05:27,28,87,1.45,1,9.57,2.75
2024-04-29 13:31:21,155,54,7.89,1,23.64,0.0
2024-04-13 22:00:14,230,78,0.91,1,4.3,0.0
2024-04-30 04:15:08,37,204,0.76,2,5.12,0.0
2024-04-18 20:31:03,6,172,9.06,1,32.66,2.75
2024-04-30 13:28:57,225,38,1.12,5,8.24,2.75
2024-04-01 07:41:30,33,186,2.68,1,13.09,2.75
2024-04-14 08:01:49,89,236,1.88,1,7.81,2.75
2024-04-17 18:32:49,40,16,1.06,1,8.31,0.0
2024-04-04 22:38:36,169,226,4.0,1,11.09,2.75
2024-04-07 08:59:15,18,74,12.1,2,39.91,2.75
2024-04-09 22:07:58,15,211,4.26,1,15.39,2.75
2024-04-08 14:03:28,132,115,2.03,2,11.87,2.75
2024-04-27 05:13:22,209,247,4.85,1,15.9,2.75
2024-04-06 22:41:12,76,37,1.04,1,7.17,2.75
2024-04-12 13:31:18,112,55,3.54,1,17.26,2.75
2024-04-20 01:17:58,72,167,2.72,2,10.48,0.0
2024-04-09 03:43:02,21,177,2.06,1,9.55,0.0
2024-04-11 03:20:38,188,191,5.21,1,18.06,2.75
2024-04-19 16:11:51,121,99,0.94,3,4.06,0.0
2024-04-13 18:26:23,141,112,3.16,1,11.02,2.75
2024-04-18 08:26:42,204,118,7.24,5,25.25,2.75
2024-04-12 06:07:05,209,162,1.29,1,5.33,2.75
2024-04-14 02:31:13,9,57,1.58,1,7.62,2.75
2024-04-16 16:52:22,185,62,4.28,1,13.81,0.0
2024-04-10 13:36:20,201,39,5.68,1,21.62,2.75
2024-04-29 08:33:40,64,29,1.67,2,8.97,0.0
2024-04-03 18:26:30,25,227,2.06,3,6.47,2.75
2024-04-25 09:00:40,156,31,5.21,3,17.26,0.0
2024-04-21 17:56:42,221,39,1.68,2,6.28,2.75
2024-04-06 00:56:53,139,1,4.34,1,15.06,2.75
2024-04-12 14:17:10,21,56,1.11,1,7.38,2.75
2024-04-15 16:46:48,154,186,2.35,1,8.2,0.0
2024-04-29 10:50:37,68,91,4.58,1,15.06,0.0
2024-04-24 00:55:54,41,199,2.66,1,9.88,2.75
2024-04-28 12:10:29,15,171,0.57,5,5.06,2.75
2024-04-07 11:44:03,169,225,2.33,1,5.42,2.75
2024-04-03 16:01:27,134,182,1.69,1,8.32,2.75
2024-04-08 13:39:34,199,130,0.87,3,3.0,2.75
2024-04-06 09:45:19,238,142,0.53,1,4.06,2.75
2024-04-12 09:16:02,112,131,0.66,2,3.28,2.75
2024-04-21 01:58:01,52,142,10.93,1,31.86,2.75
2024-04-03 21:17:14,137,5,5.35,1,20.44,2.75
2024-04-17 01:06:35,255,167,10.33,4,32.56,2.75
2024-04-15 05:31:42,115,120,0.93,1,3.0,0.0
2024-04-07 20:25:52,158,43,3.46,1,13.49,2.75
2024-04-08 01:34:01,99,92,0.8,2,6.97,2.75
2024-04-16 02:28:45,121,230,0.6,1,3.0,2.75
2024-04-11 23:55:28,90,240,2.7,1,12.58,0.0
2024-04-28 20:24:03,30,187,4.14,4,11.78,2.75
2024-04-30 03:32:04,230,78,0.73,1,3.0,2.75
2024-04-30 12:02:45,139,46,2.09,1,8.1,2.75
2024-04-08 13:17:12,254,7,0.83,1,4.82,2.75
2024-04-27 22:20:37,31,170,2.07,1,10.76,0.0
2024-04-04 19:00:08,162,115,2.73,1,9.71,2.75
2024-04-02 13:30:24,156,263,1.94,1,8.23,2.75
2024-04-03 02:54:33,117,239,3.51,1,11.78,2.75
2024-04-02 10:34:04,191,16,3.57,1,17.48,2.75
2024-04-05 07:58:39,176,62,1.92,1,7.41,2.75
2024-04-28 19:09:16,5,194,2.23,1,8.01,2.75
2024-04-27 03:46:10,12,163,2.54,1,9.5,0.0
2024-04-30 19:52:33,59,235,2.15,1,8.46,2.75
2024-04-14 22:53:25,250,241,5.5,1,15.04,0.0
2024-04-08 00:17:09,93,233,1.03,1,3.72,0.0
2024-04-17 14:10:14,111,129,7.31,1,21.82,0.0
2024-04-27 03:48:20,17,123,1.91,2,6.76,2.75
2024-04-09 06:54:47,220,137,5.01,3,20.78,2.75
2024-04-13 16:20:22,5,15,8.03,1,22.24,2.75
2024-04-13 05:58:55,129,229,8.15,1,24.31,0.0
2024-04-15 05:08:00,112,144,2.61,3,11.38,2.75
2024-04-04 06:30:48,24,230,1.54,2,5.44,2.75
2024-04-28 09:43:23,29,176,3.76,3,15.72,2.75
2024-04-13 09:07:06,132,246,1.21,1,8.43,2.75
2024-04-29 21:06:28,44,53,5.97,1,16.71,2.75
2024-04-23 20:18:35,207,147,4.85,1,14.4,2.75
2024-04-06 15:06:23,216,41,6.06,1,24.4,2.75
2024-04-27 22:48:01,244,240,2.49,1,10.88,0.0
2024-04-20 13:36:38,31,195,3.35,2,9.73,0.0
2024-04-26 20:51:04,11,136,0.88,1,3.33,0.0
2024-04-24 12:12:37,82,88,4.57,2,17.63,2.75
2024-04-19 14:40:47,156,254,2.84,3,10.84,2.75
2024-04-23 08:26:20,166,189,2.99,1,11.93,0.0
2024-04-08 09:26:43,208,71,7.07,1,22.5,0.0
2024-04-17 14:18:23,24,233,5.68,1,18.62,0.0
2024-04-29 01:46:35,179,8,3.18,1,14.22,2.75
2024-04-12 16:26:29,50,115,2.04,1,10.22,2.75
2024-04-20 12:59:27,7,237,2.57,1,7.2,0.0
2024-04-13 14:06:39,100,76,2.01,4,7.6,0.0
2024-04-15 05:34:37,81,99,1.08,1,7.56,2.75
2024-04-04 11:54:45,241,2,4.13,1,9.2,2.75
2024-04-18 07:29:02,181,122,4.62,1,11.93,2.75
2024-04-11 12:15:09,83,185,12.92,1,44.66,2.75
2024-04-09 14:11:59,54,16,2.63,1,10.37,2.75
2024-04-01 21:07:34,90,41,21.19,1,65.76,2.75
2024-04-25 04:56:29,203,55,1.23,5,7.66,2.75
2024-04-16 22:14:43,31,208,4.24,1,11.25,2.75
2024-04-07 14:11:43,193,132,18.89,3,59.52,2.75
2024-04-13 01:36:25,100,178,4.08,2,16.8,2.75
2024-04-27 02:46:37,89,242,2.61,3,9.47,2.75
2024-04-17 19:06:27,123,242,3.03,3,14.86,0.0
2024-04-15 22:20:19,47,123,7.04,1,27.12,2.75
2024-04-14 08:02:47,146,167,10.3,1,36.08,0.0
2024-04-24 01:31:59,3,13,2.62,1,11.06,0.0
2024-04-23 12:45:14,18,71,5.68,1,19.32,2.75
2024-04-25 23:55:35,81,54,10.0,2,31.56,2.75
2024-04-03 23:05:31,153,13,1.66,1,7.34,2.75
2024-04-14 23:42:52,67,59,2.88,1,13.17,0.0
2024-04-20 15:54:35,89,260,19.35,1,57.89,0.0
2024-04-18 12:46:01,135,80,2.03,1,9.02,2.75
2024-04-16 12:27:04,202,60,3.88,1,15.68,0.0
2024-04-09 20:29:08,179,47,4.25,2,13.59,2.75
2024-04-10 12:53:46,79,202,1.09,1,5.66,2.75
2024-04-04 01:50:08,85,261,6.25,1,22.91,2.75
2024-04-06 06:12:57,21,36,2.36,1,10.64,0.0
2024-04-08 13:18:12,165,19,2.93,1,10.31,0.0
2024-04-15 11:17:20,28,256,4.1,1,12.93,2.75
2024-04-16 13:13:39,237,41,2.35,4,7.24,2.75
2024-04-27 15:34:32,185,228,1.88,1,8.0,0.0
2024-04-01 08:42:26,155,171,3.27,1,13.21,0.0
2024-04-05 05:49:55,123,245,1.99,2,8.31,2.75
2024-04-09 11:28:04,87,12,2.49,2,8.38,2.75
2024-04-23 10:18:36,202,215,0.9,3,6.25,2.75
2024-04-18 04:13:32,40,140,7.02,1,23.31,0.0
2024-04-22 19:22:55,169,185,2.36,1,7.76,2.75
2024-04-10 12:33:25,70,212,0.8,2,3.0,0.0
2024-04-25 01:07:48,27,99,5.96,1,19.78,0.0
2024-04-23 00:22:31,131,132,0.57,2,3.43,2.75
2024-04-11 09:00:45,254,115,3.7,1,12.86,2.75
2024-04-19 04:36:11,85,60,4.75,2,19.88,2.75
2024-04-12 03:43:33,9,109,1.24,1,7.02,2.75
2024-04-07 03:39:22,50,22,0.99,3,5.93,2.75
2024-04-01 04:22:28,1,27,0.92,1,4.2,2.75
2024-04-17 22:06:07,4,214,18.04,2,57.52,2.75
2024-04-19 08:11:30,4,44,5.42,2,17.8,2.75
2024-04-30 05:14:57,90,80,1.81,1,11.72,2.75
2024-04-25 05:12:12,162,174,1.93,3,11.33,2.75
2024-04-15 11:07:37,155,261,4.16,1,12.39,0.0
2024-04-05 19:45:06,15,38,2.64,1,8.58,2.75
2024-04-11 07:47:35,32,59,1.61,1,10.53,2.75
2024-04-02 23:55:07,63,182,0.71,1,4.17,2.75
2024-04-03 13:57:03,108,105,5.86,1,20.89,0.0
2024-04-16 19:15:58,14,96,8.17,2,26.16,2.75
2024-04-06 19:22:55,23,90,1.31,1,3.0,2.75
2024-04-17 14:44:04,111,71,0.73,1,3.0,2.75
2024-04-03 03:33:59,160,100,0.94,2,5.99,2.75
2024-04-19 14:43:10,41,171,2.37,1,9.52,0.0
2024-04-09 05:20:19,144,166,1.75,4,7.14,2.75
2024-04-22 07:08:07,153,240,0.77,1,4.73,0.0
2024-04-24 01:18:38,82,216,2.62,1,7.94,0.0
2024-04-20 05:10:04,226,61,1.3,1,3.69,2.75
2024-04-24 07:13:09,152,186,0.74,1,3.0,0.0
2024-04-30 02:52:42,259,182,4.25,2,15.43,2.75
2024-04-28 19:14:05,79,219,3.47,1,14.87,2.75
2024-04-21 03:23:48,195,34,6.63,1,24.19,2.75
2024-04-10 23:09:26,223,45,1.76,1,9.95,2.75
2024-04-19 18:27:51,230,138,1.01,1,3.0,0.0
2024-04-04 02:48:04,150,186,2.06,1,7.75,2.75
2024-04-16 21:39:06,136,28,5.78,1,20.8,2.75
2024-04-17 20:38:13,123,106,1.47,2,6.97,0.0
2024-04-11 03:07:27,110,157,1.53,1,6.31,2.75
2024-04-16 09:46:51,143,107,1.06,1,7.35,2.75
2024-04-27 14:04:00,70,233,15.57,1,52.88,2.75
2024-04-02 22:07:32,54,196,12.47,3,36.59,2.75
2024-04-02 11:51:41,40,202,4.26,1,18.27,2.75
2024-04-30 20:38:09,197,109,1.35,1,5.82,0.0
2024-04-18 06:01:36,27,31,5.59,2,19.51,2.75
2024-04-07 06:21:25,180,226,3.57,1,12.84,0.0
2024-04-30 17:56:18,46,41,5.35,1,16.22,2.75
2024-04-08 14:17:08,142,64,7.39,2,25.0,2.75
2024-04-06 21:18:35,98,231,1.84,2,9.03,0.0
2024-04-30 03:06:06,126,170,9.07,1,28.49,2.75
2024-04-27 17:36:42,58,139,8.51,1,23.82,2.75
2024-04-05 03:51:40,177,236,3.27,1,12.6,2.75
2024-04-17 11:40:31,207,67,4.54,5,18.51,0.0
2024-04-02 18:07:13,154,188,2.35,2,9.34,2.75
2024-04-13 12:51:28,27,28,4.23,1,14.05,2.75
2024-04-27 21:06:18,163,211,3.29,1,14.03,2.75
2024-04-30 15:28:47,250,234,1.86,1,7.62,2.75
2024-04-07 21:40:32,188,19,1.86,5,7.28,2.75
2024-04-14 11:52:19,90,113,4.19,1,14.71,2.75
2024-04-04 14:53:29,131,126,11.48,2,36.14,2.75
2024-04-21 12:52:28,13,208,1.29,1,6.12,2.75
2024-04-03 02:27:55,29,82,2.24,2,9.86,0.0
2024-04-14 21:31:26,32,252,6.23,1,23.55,2.75
2024-04-11 06:35:43,150,41,0.96,2,3.0,2.75
2024-04-22 09:42:13,86,205,18.5,3,57.05,2.75
2024-04-27 04:55:16,58,99,4.47,1,18.66,0.0
2024-04-05 13:42:49,57,83,8.96,3,28.59,0.0
2024-04-10 21:34:03,25,24,6.87,1,25.33,2.75
2024-04-21 13:56:59,190,73,5.75,2,20.13,2.75
2024-04-26 14:58:09,76,183,0.62,1,7.13,2.75
2024-04-30 13:13:08,225,3,2.33,1,10.07,2.75
2024-04-04 01:02:48,183,259,1.29,1,8.73,2.75
2024-04-08 10:20:06,154,30,7.68,1,26.17,2.75
2024-04-04 19:19:21,23,146,4.49,1,18.2,2.75
2024-04-20 23:20:19,14,212,0.9,1,8.7,2.75
2024-04-06 09:43:38,94,27,2.06,1,10.05,0.0
2024-04-21 14:37:35,52,105,0.75,4,6.65,2.75
2024-04-22 02:06:24,41,110,5.21,1,16.92,0.0
2024-04-22 03:33:06,164,19,2.4,1,9.7,2.75
2024-04-30 19:49:30,6,16,1.43,1,4.2,2.75
2024-04-23 13:40:24,138,47,3.05,1,12.67,2.75
2024-04-04 03:35:26,99,146,0.65,2,6.11,0.0
2024-04-30 03:09:26,224,156,1.54,4,4.84,0.0
2024-04-02 16:28:31,30,30,1.17,1,9.53,0.0
2024-04-20 00:24:34,225,105,9.84,1,31.26,2.75
2024-04-11 10:00:50,261,149,2.16,1,10.94,2.75
2024-04-22 03:46:43,247,48,3.57,2,12.64,2.75
2024-04-13 05:57:51,79,183,2.95,3,10.88,2.75
2024-04-13 16:45:58,185,158,4.27,1,9.79,0.0
2024-04-16 12:43:34,180,42,1.65,3,7.47,0.0
2024-04-21 10:09:31,77,165,0.95,5,3.19,2.75
2024-04-16 10:15:07,262,174,0.8,1,6.46,0.0
2024-04-11 11:14:05,229,94,1.25,1,4.71,0.0
2024-04-08 13:23:29,2,214,2.81,1,9.7,2.75
2024-04-08 07:16:11,17,188,1.44,2,6.8,2.75
2024-04-22 12:22:28,12,88,2.49,2,11.75,2.75
2024-04-07 00:16:22,182,257,0.6,1,4.61,2.75
2024-04-19 17:14:30,7,248,3.96,1,13.62,2.75
2024-04-12 16:12:05,246,54,7.87,1,27.2,2.75
2024-04-26 23:23:21,157,144,0.67,2,5.21,0.0
2024-04-18 04:57:11,174,5,1.36,1,5.72,2.75
2024-04-18 08:34:26,181,37,1.84,1,3.53,2.75
2024-04-22 21:57:02,237,119,1.69,2,10.29,0.0
2024-04-03 17:33:14,157,153,0.64,1,3.22,0.0
2024-04-21 08:56:17,251,246,0.89,1,6.67,0.0
2024-04-21 23:02:28,221,212,9.02,2,30.65,0.0
2024-04-28 15:03:56,223,130,4.85,1,14.38,2.75
2024-04-24 14:09:45,211,192,11.63,1,36.34,2.75
2024-04-16 07:23:21,134,197,2.53,1,6.82,0.0
2024-04-08 22:58:57,259,256,7.89,1,23.33,2.75
2024-04-01 07:15:19,35,148,6.44,1,21.38,2.75
2024-04-08 10:20:32,183,172,7.78,1,26.78,2.75
2024-04-14 11:44:30,161,149,0.64,2,7.12,0.0
2024-04-05 23:59:25,93,148,4.2,1,14.94,2.75
2024-04-13 15:46:05,197,95,3.43,2,10.43,2.75
2024-04-22 10:28:59,206,186,3.26,1,12.41,0.0
2024-04-19 09:52:25,18,257,2.96,3,11.27,2.75
2024-04-25 06:55:31,234,211,6.06,1,20.52,2.75
2024-04-05 02:02:15,66,3,12.55,1,40.54,2.75
2024-04-17 09:26:24,244,167,6.68,4,26.74,2.75
2024-04-26 01:47:38,199,205,7.65,1,26.59,2.75
2024-04-20 09:56:16,18,178,2.82,1,7.99,2.75
2024-04-28 11:54:06,72,27,4.61,1,16.54,2.75
2024-04-14 06:56:15,155,29,2.38,1,6.53,2.75
2024-04-17 02:10:29,170,127,2.06,1,9.73,2.75
2024-04-07 06:34:17,151,105,8.4,1,27.74,0.0
2024-04-09 03:10:09,261,69,8.75,1,26.22,2.75
2024-04-24 17:09:02,80,107,4.51,1,15.47,2.75
2024-04-16 16:58:05,106,180,6.87,1,22.96,2.75
2024-04-04 14:45:29,11,102,2.06,1,12.37,2.75
2024-04-20 18:05:22,208,262,2.49,1,6.81,2.75
2024-04-21 21:14:33,130,152,6.52,5,22.32,0.0
2024-04-07 11:43:11,171,40,2.28,1,9.72,2.75
2024-04-16 04:53:22,33,137,0.64,2,3.8,2.75
2024-04-27 08:39:06,24,177,2.03,1,7.95,2.75
2024-04-08 13:32:04,197,67,2.28,1,7.34,0.0
2024-04-05 20:02:20,46,151,1.09,4,6.54,2.75
2024-04-22 08:25:53,231,212,1.98,3,7.55,2.75
2024-04-12 19:15:05,133,116,10.04,1,31.46,0.0
2024-04-25 10:56:53,85,136,7.34,3,26.17,2.75
2024-04-08 03:06:35,5,147,2.57,1,11.69,2.75
2024-04-16 19:09:41,221,166,4.83,1,19.37,0.0
2024-04-08 14:49:57,194,228,1.08,1,4.67,2.75
2024-04-29 03:57:11,69,134,5.39,1,21.97,2.75
2024-04-23 05:38:17,176,180,2.76,1,8.78,2.75
2024-04-03 13:13:41,239,43,4.99,1,16.4,0.0
2024-04-15 23:11:13,179,139,4.12,4,11.01,0.0
2024-04-21 01:30:56,256,253,1.43,2,4.09,0.0
2024-04-12 09:07:56,211,185,6.8,1,25.46,2.75
2024-04-25 18:52:29,227,65,3.47,1,11.06,2.75
2024-04-18 00:07:25,72,180,5.87,1,20.93,2.75
2024-04-18 09:48:57,65,214,0.85,1,3.0,2.75
2024-04-04 04:58:52,166,153,3.84,2,13.77,2.75
2024-04-14 23:22:51,214,123,1.71,1,3.0,0.0
2024-04-24 04:59:47,17,94,7.4,1,23.09,2.75
2024-04-02 20:01:42,173,82,10.95,3,36.37,2.75
2024-04-03 07:25:48,129,108,0.7,1,6.38,2.75
2024-04-16 02:50:29,3,240,5.01,2,18.53,0.0
2024-04-19 19:25:48,248,67,0.88,2,8.95,0.0
2024-04-25 18:52:52,70,243,7.32,1,23.9,2.75
2024-04-18 12:38:09,52,136,0.97,2,6.07,2.75
2024-04-08 03:12:03,259,159,1.26,5,6.41,2.75
2024-04-18 03:44:50,239,152,1.51,2,9.29,2.75
2024-04-15 10:03:37,94,42,5.05,1,18.47,2.75
2024-04-12 10:57:42,47,26,1.71,1,7.84,2.75
2024-04-25 13:45:20,75,166,3.67,1,17.16,0.0
2024-04-09 19:09:11,91,97,3.47,1,11.27,2.75
2024-04-05 08:19:39,86,123,2.3,1,10.93,0.0
2024-04-14 02:59:02,6,23,3.21,1,12.21,2.75
2024-04-13 04:07:54,230,198,0.94,1,3.0,2.75
2024-04-14 05:46:40,43,41,7.81,1,25.76,2.75
2024-04-16 14:42:44,198,121,1.31,2,8.13,0.0
2024-04-20 19:36:29,182,4,7.93,1,26.22,0.0
2024-04-22 20:49:01,169,255,3.06,1,9.33,2.75
2024-04-14 14:05:25,203,131,3.83,3,13.99,0.0
2024-04-07 15:47:37,194,183,1.54,1,3.0,2.75
2024-04-27 14:30:47,31,107,1.38,3,8.3,2.75
2024-04-02 08:34:46,102,177,2.86,1,8.6,2.75
2024-04-12 03:11:55,64,72,1.59,1,8.71,2.75
2024-04-22 15:33:49,91,70,2.43,1,10.17,0.0
2024-04-11 15:15:58,250,69,2.53,2,6.05,2.75
2024-04-11 19:43:46,183,123,1.61,1,6.83,2.75
2024-04-01 10:42:55,205,227,1.71,1,6.97,0.0
2024-04-20 11:46:20,89,183,13.13,2,40.15,2.75
2024-04-18 07:51:00,159,227,3.6,1,14.83,2.75
2024-04-08 00:13:19,130,72,6.74,5,18.54,2.75
2024-04-11 17:45:06,248,8,0.66,1,3.0,2.75
2024-04-12 12:41:54,140,72,0.51,2,3.66,2.75
2024-04-19 15:03:11,189,212,3.06,1,15.17,2.75
2024-04-07 16:07:49,91,263,6.64,5,24.66,0.0
2024-04-08 03:02:40,56,46,3.8,1,12.9,0.0
2024-04-20 03:28:03,226,150,3.88,1,12.73,2.75
2024-04-26 15:48:55,165,81,1.03,1,8.27,2.75
2024-04-02 20:52:34,36,261,13.95,3,46.19,0.0
2024-04-03 01:48:20,29,175,3.14,1,11.54,2.75
2024-04-13 17:11:42,80,143,0.88,1,6.95,2.75
2024-04-17 06:07:40,169,192,2.37,1,11.82,2.75
2024-04-03 09:20:22,33,159,0.76,4,3.64,0.0
2024-04-09 06:06:01,93,237,2.4,1,10.31,0.0
2024-04-02 09:41:24,112,83,4.85,1,13.57,2.75
2024-04-15 09:17:25,209,175,1.87,1,9.17,0.0
2024-04-24 02:30:01,194,140,1.81,1,8.37,0.0
2024-04-14 18:47:46,247,64,3.03,1,10.8,0.0
2024-04-16 23:58:31,118,50,2.92,1,9.09,0.0
2024-04-08 02:08:49,228,215,2.7,1,8.37,2.75
2024-04-10 16:11:03,9,125,3.05,1,14.44,2.75
2024-04-04 12:29:04,199,36,0.67,1,6.86,2.75
2024-04-19 13:29:45,129,139,2.75,1,16.0,2.75
2024-04-17 04:44:27,62,86,17.4,1,52.29,2.75
2024-04-02 20:54:46,2,56,5.56,1,19.56,2.75
2024-04-21 10:18:45,172,249,1.69,1,6.51,0.0
2024-04-07 06:31:29,245,222,4.46,1,13.44,2.75
2024-04-20 06:49:56,88,249,1.9,1,9.01,2.75
2024-04-17 14:19:34,83,214,1.24,1,9.57,2.75
2024-04-09 09:55:03,5,158,5.7,2,19.9,2.75
2024-04-24 17:16:32,39,94,1.32,1,7.73,0.0
2024-04-29 16:25:00,75,166,7.35,3,27.62,0.0
2024-04-21 22:20:36,101,56,2.18,1,8.25,2.75
2024-04-11 23:36:54,141,82,5.45,2,17.36,2.75
2024-04-28 15:08:16,93,34,1.55,1,9.84,2.75
2024-04-15 21:51:07,119,63,4.2,3,14.22,0.0
2024-04-14 12:24:13,109,2,1.34,1,9.91,0.0
2024-04-04 09:15:27,43,190,0.58,5,4.88,0.0
2024-04-14 18:57:13,136,43,6.4,3,22.1,2.75
2024-04-10 09:11:53,217,95,7.29,1,25.73,0.0
2024-04-17 11:42:38,156,148,7.94,1,25.23,2.75
2024-04-13 19:58:51,39,7,0.63,1,3.59,2.75
2024-04-24 01:36:38,26,214,5.51,3,17.18,2.75
2024-04-04 16:27:37,32,98,6.82,1,21.11,2.75
2024-04-07 00:09:45,46,42,1.81,1,6.11,0.0
2024-04-14 20:31:31,156,242,2.73,2,11.56,2.75
2024-04-10 11:20:08,244,104,2.33,1,9.34,2.75
2024-04-24 00:26:53,35,247,2.53,2,10.07,2.75
2024-04-28 02:32:58,242,78,7.06,1,21.81,2.75
2024-04-09 20:08:27,259,124,2.39,2,12.36,0.0
2024-04-07 00:20:37,46,32,1.76,1,10.98,2.75
2024-04-22 03:02:52,237,167,0.99,1,5.23,2.75
2024-04-30 04:42:58,8,30,4.43,4,15.89,2.75
2024-04-12 22:40:18,260,254,0.81,1,7.19,2.75
2024-04-22 16:05:25,44,169,0.72,1,7.24,0.0
2024-04-08 23:18:42,238,32,4.51,2,17.66,2.75
2024-04-13 18:26:20,167,184,4.65,1,18.45,0.0
2024-04-06 21:13:30,76,53,1.28,1,4.27,0.0
2024-04-21 18:11:33,157,149,11.53,2,35.62,2.75
2024-04-10 11:20:03,201,76,5.93,1,24.25,2.75
2024-04-08 14:56:01,234,69,4.56,1,16.27,0.0
2024-04-28 00:08:11,232,229,5.41,1,18.7,0.0
2024-04-20 11:10:21,212,37,2.36,1,12.37,2.75
2024-04-14 04:14:18,154,135,2.63,1,9.1,0.0
2024-04-28 17:54:14,213,61,7.65,1,26.42,0.0
2024-04-26 10:52:14,87,131,0.59,3,8.14,2.75
2024-04-25 19:33:42,18,1,6.18,1,19.94,2.75
2024-04-27 17:48:00,191,60,2.58,1,7.48,2.75
2024-04-23 00:23:31,54,31,2.68,1,8.64,2.75
2024-04-27 02:46:16,216,7,1.88,2,7.27,0.0
2024-04-19 18:48:45,42,135,3.77,1,12.27,0.0
2024-04-27 10:57:23,230,20,4.44,1,16.6,0.0
2024-04-07 17:48:43,230,142,1.11,1,5.91,2.75
2024-04-12 11:20:44,182,143,3.42,5,16.34,2.75
2024-04-22 16:14:58,141,210,2.69,2,10.46,0.0
2024-04-20 05:55:37,82,125,5.83,1,20.73,2.75
2024-04-22 22:46:49,167,3,3.26,1,12.48,2.75
2024-04-19 08:01:21,54,131,2.46,1,11.3,2.75
2024-04-28 20:47:27,73,75,3.13,1,10.36,2.75
2024-04-10 11:49:33,213,160,2.86,2,10.32,0.0
2024-04-30 01:30:22,171,17,10.08,1,35.35,2.75
2024-04-15 08:42:42,219,32,1.81,3,9.42,2.75
2024-04-16 04:28:48,136,155,0.63,1,6.48,2.75
2024-04-19 16:49:27,35,112,4.3,1,14.72,0.0
2024-04-21 16:42:24,146,98,3.74,1,16.77,2.75
2024-04-02 05:44:02,183,261,8.93,1,28.16,2.75
2024-04-09 21:20:13,78,92,0.94,1,4.23,0.0
2024-04-29 17:18:05,253,146,3.09,1,11.65,2.75
2024-04-08 07:59:16,236,3,1.07,1,8.54,2.75
2024-04-13 22:36:50,77,48,2.63,1,9.15,2.75
2024-04-24 12:12:23,73,65,6.12,2,18.31,2.75
2024-04-26 21:04:03,27,221,7.32,1,27.12,2.75
2024-04-17 19:48:51,38,147,6.78,1,21.5,0.0
2024-04-13 08:20:02,254,180,3.27,1,14.63,2.75
2024-04-23 14:21:52,86,81,4.02,1,13.22,0.0
2024-04-22 21:53:43,31,193,3.31,1,12.05,2.75
2024-04-23 19:57:20,205,123,3.38,1,15.93,0.0
2024-04-24 04:45:58,193,228,8.07,1,29.45,2.75
2024-04-09 00:06:12,230,82,1.32,1,9.5,2.75
2024-04-26 08:53:07,181,84,2.52,2,9.25,2.75
2024-04-01 20:17:59,245,243,3.8,1,14.6,2.75
2024-04-13 09:55:22,40,215,5.57,4,20.26,2.75
2024-04-25 03:06:02,157,174,5.52,2,20.51,2.75
2024-04-21 02:07:56,168,105,0.94,4,5.47,2.75
2024-04-11 09:12:45,158,57,1.38,1,9.73,0.0
2024-04-01 22:01:51,130,169,8.99,4,27.12,2.75
2024-04-12 08:43:55,82,239,2.05,1,10.99,0.0
2024-04-12 01:15:40,156,75,0.51,1,4.54,2.75
2024-04-14 20:47:41,175,196,1.28,2,12.32,0.0
2024-04-27 21:33:05,88,218,12.72,1,40.61,2.75
2024-04-07 12:19:33,102,153,1.8,3,5.65,2.75
2024-04-15 10:38:00,248,37,3.83,1,13.7,2.75
2024-04-11 09:25:36,206,178,5.04,1,15.64,2.75
2024-04-16 18:30:17,89,200,4.14,4,17.56,2.75
2024-04-13 04:39:40,96,170,2.16,3,8.34,2.75
2024-04-24 18:38:41,159,125,2.47,2,9.71,2.75
2024-04-13 00:05:40,114,163,6.87,3,23.16,2.75
2024-04-25 16:52:02,24,250,4.3,2,13.76,0.0
2024-04-19 17:00:19,163,228,0.58,1,3.0,2.75
2024-04-17 20:34:14,55,145,1.3,1,3.68,0.0
2024-04-11 07:24:08,64,113,1.68,5,3.46,0.0
2024-04-03 01:34:35,33,92,2.09,2,8.52,2.75
2024-04-28 17:27:41,46,181,3.51,1,12.02,2.75
2024-04-21 14:26:36,219,128,2.1,2,6.83,2.75
2024-04-05 04:12:57,196,169,6.6,1,23.29,2.75
2024-04-11 22:16:17,253,259,2.75,1,12.53,2.75
2024-04-30 00:32:04,236,63,2.94,1,12.1,2.75
2024-04-29 20:13:33,79,212,2.45,1,10.13,2.75
2024-04-18 18:46:17,92,242,1.8,5,11.53,0.0
2024-04-01 13:55:51,96,136,5.02,4,16.77,0.0
2024-04-19 23:37:28,228,39,1.41,2,8.82,2.75
2024-04-05 04:33:29,235,68,4.59,1,21.74,2.75
2024-04-01 20:14:07,102,57,3.14,1,14.08,0.0
2024-04-27 17:22:43,252,153,0.88,1,3.32,2.75
2024-04-06 17:06:10,140,201,0.56,2,3.0,0.0
2024-04-12 07:14:06,143,87,1.15,1,3.93,2.75
2024-04-05 21:35:59,240,39,5.51,1,20.17,2.75
2024-04-09 00:15:01,61,248,2.2,1,7.4,2.75
2024-04-06 23:47:29,23,114,6.22,1,21.48,2.75
2024-04-02 03:45:19,11,204,2.94,1,7.64,2.75
2024-04-15 15:28:42,16,206,0.62,4,8.12,2.75
2024-04-13 15:17:18,49,135,7.05,1,23.19,2.75
2024-04-07 07:21:33,170,262,10.14,1,34.14,2.75
2024-04-28 15:12:07,119,123,0.77,1,3.85,2.75
2024-04-20 02:57:41,42,83,1.32,1,4.81,0.0
2024-04-22 09:28:43,10,213,4.9,1,19.7,2.75
2024-04-17 04:18:51,49,175,21.04,1,65.65,2.75
2024-04-05 23:57:18,207,236,7.81,1,23.83,2.75
2024-04-22 10:20:08,167,34,0.86,1,6.03,2.75
2024-04-10 21:42:22,2,171,3.77,2,15.46,2.75
2024-04-24 00:11:21,68,141,4.33,1,15.29,2.75
2024-04-27 05:25:19,210,25,3.99,2,11.78,0.0
2024-04-24 02:08:53,139,97,3.44,3,15.74,2.75
2024-04-20 18:32:45,37,21,1.71,1,9.53,0.0
2024-04-08 15:19:26,218,110,4.36,1,14.03,2.75
2024-04-18 15:46:48,180,82,5.06,1,16.98,0.0
2024-04-09 01:11:34,5,107,3.5,2,13.02,2.75
2024-04-30 15:12:11,130,177,2.91,1,13.85,2.75
2024-04-23 12:46:28,133,109,1.37,1,7.54,0.0
2024-04-02 19:29:07,99,38,3.25,1,14.76,2.75
2024-04-14 21:32:41,160,216,0.98,1,4.79,2.75
2024-04-01 15:29:06,236,132,0.76,1,6.97,2.75
2024-04-22 15:57:06,147,221,5.77,1,21.9,2.75
2024-04-27 05:19:05,115,77,4.45,4,17.04,2.75
2024-04-28 13:16:45,4,215,4.16,3,11.69,0.0
2024-04-23 23:19:28,87,93,9.72,4,33.01,2.75
2024-04-28 15:11:12,46,139,2.18,1,9.48,2.75
2024-04-07 20:46:07,83,80,2.29,1,15.14,2.75
2024-04-19 23:40:56,154,50,2.37,1,10.79,2.75
2024-04-17 03:37:28,111,236,2.69,2,9.18,2.75
2024-04-23 20:44:56,117,152,3.02,1,13.06,2.75
2024-04-21 11:45:58,97,95,5.77,1,18.76,2.75
2024-04-10 04:50:16,189,166,1.36,1,6.6,2.75
2024-04-08 12:14:03,88,90,2.49,1,6.98,2.75
2024-04-11 12:27:20,87,17,2.96,1,13.0,0.0
2024-04-10 03:27:03,26,229,1.15,1,3.22,2.75
2024-04-14 05:20:54,31,222,4.74,2,17.38,2.75
2024-04-08 10:05:57,126,233,0.7,1,3.89,2.75
2024-04-28 06:07:48,198,204,3.59,1,12.95,2.75
2024-04-24 09:11:02,31,257,1.29,1,7.34,0.0
2024-04-14 16:24:39,232,257,0.53,1,3.0,2.75
2024-04-20 22:17:21,45,159,1.83,1,10.23,0.0
2024-04-19 10:12:00,189,259,2.46,1,9.15,2.75
2024-04-24 18:52:42,52,203,6.45,1,24.47,2.75
2024-04-10 12:47:02,52,176,2.33,2,7.33,2.75
2024-04-01 07:13:34,79,82,9.15,1,30.27,2.75
2024-04-21 13:35:35,49,25,6.97,1,23.29,0.0
2024-04-03 02:22:30,230,18,1.25,1,8.63,2.75
2024-04-06 14:40:59,44,260,1.09,1,8.56,2.75
2024-04-09 06:30:18,247,116,1.48,1,9.25,2.75
2024-04-06 16:12:19,219,149,2.06,1,10.41,2.75
2024-04-01 11:43:12,22,21,3.57,1,11.88,0.0
2024-04-11 07:35:07,130,94,0.96,1,5.5,2.75
2024-04-12 16:00:08,7,148,3.16,1,14.52,2.75
2024-04-17 07:37:29,44,126,3.54,1,12.04,2.75
2024-04-01 12:12:03,240,224,4.29,1,15.17,2.75
2024-04-20 05:41:00,65,121,3.3,1,7.61,2.75
2024-04-25 05:56:08,246,128,6.6,1,20.12,2.75
2024-04-19 05:34:19,73,153,4.09,1,14.22,2.75
2024-04-17 20:52:51,71,200,9.55,4,31.38,2.75
2024-04-11 23:07:06,197,148,4.72,2,17.63,0.0
2024-04-09 20:59:11,189,221,2.51,1,5.75,2.75
2024-04-08 16:49:04,158,228,1.32,1,10.9,2.75
2024-04-24 21:13:52,25,179,0.54,1,3.62,2.75
2024-04-16 02:11:31,71,98,0.83,1,4.43,2.75
2024-04-30 10:24:31,223,116,1.24,1,4.14,2.75
2024-04-16 13:08:17,160,123,1.35,1,3.7,0.0
2024-04-02 14:33:03,75,195,5.24,2,20.14,2.75
2024-04-18 20:14:21,138,240,2.21,1,10.06,0.0
2024-04-06 17:33:07,41,215,1.87,1,8.34,0.0
2024-04-23 00:12:43,16,3,0.69,2,4.88,0.0
2024-04-15 12:31:00,189,248,3.21,1,12.73,2.75
2024-04-05 11:39:14,28,262,3.82,4,14.99,2.75
2024-04-30 17:11:28,163,168,7.86,1,24.91,0.0
2024-04-29 11:58:41,55,261,2.95,1,12.57,2.75
2024-04-02 12:15:09,102,3,0.53,1,3.95,2.75
2024-04-16 13:14:43,42,260,0.74,1,3.0,0.0
2024-04-24 20:14:16,263,216,1.61,1,8.37,0.0
2024-04-07 05:53:38,171,261,1.02,1,3.32,2.75
2024-04-27 00:55:18,208,57,5.65,2,17.13,0.0
2024-04-11 12:22:01,49,170,0.9,2,7.03,2.75
2024-04-01 00:53:32,60,83,1.11,1,4.32,2.75
2024-04-03 16:28:51,6,200,4.35,1,13.41,2.75
2024-04-06 12:24:17,148,156,1.46,1,5.73,0.0
2024-04-20 05:14:18,211,135,12.67,1,38.78,2.75
2024-04-13 09:23:03,150,205,7.46,2,29.61,2.75
2024-04-08 09:14:53,85,185,5.28,1,18.34,0.0
2024-04-10 15:27:27,160,85,1.97,1,9.69,0.0
2024-04-22 05:54:07,47,138,0.7,1,6.96,2.75
2024-04-04 18:28:57,162,218,1.94,1,8.72,2.75
2024-04-26 04:13:10,155,106,2.15,2,11.46,2.75
2024-04-12 19:36:38,230,57,0.98,1,7.04,2.75
2024-04-17 06:10:19,158,92,0.95,1,6.5,0.0
2024-04-22 03:19:30,161,59,4.36,1,15.91,2.75
2024-04-08 13:24:19,247,259,1.43,1,8.96,2.75
2024-04-14 14:12:57,56,193,4.47,4,11.67,2.75
2024-04-24 03:34:59,151,117,3.28,1,12.19,2.75
2024-04-11 08:20:30,54,195,8.61,1,27.84,0.0
2024-04-15 17:47:53,223,158,6.08,2,20.75,2.75
2024-04-28 17:35:16,254,36,1.07,4,7.97,2.75
2024-04-09 08:19:27,68,112,3.8,5,13.67,0.0
2024-04-16 09:12:14,53,229,4.21,1,13.45,2.75
2024-04-25 13:16:12,245,197,7.43,1,20.2,2.75
2024-04-17 10:38:42,40,183,4.09,4,14.52,0.0
2024-04-06 20:56:49,138,254,1.03,5,7.53,2.75
2024-04-25 09:08:59,138,239,1.55,1,6.92,0.0
2024-04-28 02:48:24,210,42,4.05,1,15.08,2.75
2024-04-07 09:17:52,172,88,9.0,2,29.33,0.0
2024-04-07 14:04:31,185,176,8.27,1,28.63,2.75
2024-04-21 04:22:25,240,33,2.06,1,9.3,2.75
2024-04-09 05:08:07,211,28,6.72,1,22.58,0.0
2024-04-08 12:13:02,151,209,3.01,2,8.59,2.75
2024-04-03 21:28:59,124,90,2.68,1,8.89,2.75
2024-04-23 18:02:40,49,82,2.01,1,8.79,2.75
2024-04-06 18:57:08,124,248,4.47,2,18.19,2.75
2024-04-20 20:19:53,68,191,3.7,2,13.56,2.75
2024-04-21 05:03:17,231,18,2.14,5,9.22,2.75
2024-04-11 19:34:59,9,213,5.54,1,18.17,2.75
2024-04-15 23:44:45,125,211,2.17,1,9.04,2.75
2024-04-01 03:46:20,112,2,3.57,1,13.79,2.75
2024-04-19 09:58:24,54,94,2.24,1,10.68,2.75
2024-04-10 00:17:19,89,17,0.94,1,3.0,2.75
2024-04-06 10:16:08,95,239,1.12,1,3.95,2.75
2024-04-11 07:29:25,250,16,4.24,1,15.42,0.0
2024-04-10 00:15:59,166,155,6.34,1,22.82,2.75
2024-04-24 06:56:31,227,177,2.71,1,8.43,2.75
2024-04-18 17:37:19,136,131,1.88,2,4.68,2.75
2024-04-30 05:27:14,65,63,1.94,2,10.38,2.75
2024-04-08 00:07:42,5,130,3.69,1,13.58,2.75
2024-04-20 01:17:45,120,104,2.71,1,10.67,2.75
2024-04-27 17:45:17,219,28,0.5,1,3.67,0.0
2024-04-05 16:37:07,43,217,5.67,1,16.39,2.75
2024-04-06 05:36:41,188,134,1.04,5,7.58,2.75
2024-04-15 00:55:16,26,34,4.43,1,18.21,0.0
2024-04-09 05:25:31,162,211,1.98,1,9.91,2.75
2024-04-28 19:15:12,233,186,3.52,1,10.54,2.75
2024-04-16 16:20:32,130,181,7.26,2,23.26,2.75
2024-04-24 09:23:11,21,185,1.09,1,3.0,2.75
2024-04-14 16:10:26,128,27,5.76,4,21.49,2.75
2024-04-25 05:36:27,76,112,0.64,1,7.99,0.0
2024-04-23 01:22:14,73,137,9.4,4,29.05,2.75
2024-04-12 20:06:45,233,26,1.29,1,9.34,0.0
2024-04-11 22:26:33,106,262,6.04,3,21.12,2.75
2024-04-04 13:15:32,9,135,0.74,2,3.43,0.0
2024-04-28 08:40:43,119,177,1.89,5,5.41,2.75
2024-04-19 07:03:42,50,10,4.01,1,12.21,2.75
2024-04-11 13:11:48,10,110,4.26,1,14.81,2.75
2024-04-20 23:49:33,113,112,4.7,4,16.01,2.75
2024-04-02 15:08:46,78,101,2.01,1,5.9,2.75
2024-04-03 02:52:28,36,156,4.34,2,17.9,2.75
2024-04-10 18:16:22,202,213,2.46,3,12.36,2.75
2024-04-20 23:14:44,118,54,3.42,1,10.06,0.0
2024-04-15 01:12:24,190,153,3.27,1,13.47,2.75
2024-04-06 17:21:36,242,262,1.14,2,7.13,2.75
2024-04-01 05:24:15,169,226,7.06,1,26.46,2.75
2024-04-24 09:08:21,230,96,7.56,1,21.75,2.75
2024-04-18 12:28:35,48,174,1.3,1,5.08,2.75
2024-04-30 06:41:01,150,205,2.39,1,7.06,2.75
2024-04-08 02:14:00,208,55,2.69,1,10.48,2.75
2024-04-10 15:15:48,61,235,3.29,1,11.8,0.0
2024-04-05 10:16:45,117,198,0.58,3,3.0,2.75
2024-04-07 12:52:52,239,226,5.48,2,25.91,0.0
2024-04-11 23:15:19,48,105,7.43,1,22.55,2.75
2024-04-17 02:45:58,245,178,1.04,1,4.4,2.75
2024-04-02 22:45:32,5,205,8.44,4,29.97,2.75
2024-04-10 15:14:01,100,220,7.16,1,23.71,2.75
2024-04-12 16:36:33,205,141,3.24,1,12.11,2.75
2024-04-14 15:03:20,180,145,1.62,1,8.18,2.75
2024-04-24 04:34:09,17,14,1.31,1,8.9,0.0
2024-04-04 02:22:04,90,158,2.85,3,11.97,0.0
2024-04-11 10:22:14,108,105,2.98,3,9.07,0.0
2024-04-28 08:51:36,190,230,4.19,1,13.93,2.75
2024-04-21 04:19:39,180,120,6.16,4,22.48,2.75
2024-04-09 16:45:45,249,182,10.04,1,31.61,2.75
2024-04-13 02:32:42,251,185,6.07,1,21.94,0.0
2024-04-02 11:21:59,20,217,8.89,2,30.21,2.75
2024-04-06 22:16:33,97,31,2.92,2,9.13,2.75
2024-04-18 16:26:05,222,225,0.64,1,5.05,0.0
2024-04-02 05:42:40,144,175,0.69,1,3.85,0.0
2024-04-01 10:50:15,7,177,1.59,1,4.34,2.75
2024-04-17 00:00:33,1,84,3.83,1,12.14,2.75
2024-04-09 10:16:05,58,56,1.93,1,8.28,2.75
2024-04-11 19:01:18,90,92,1.14,1,4.84,0.0
2024-04-26 22:51:01,75,8,7.15,1,24.73,0.0
2024-04-30 19:11:00,261,150,15.2,1,46.84,0.0
2024-04-22 05:42:07,243,62,0.56,1,8.24,2.75
2024-04-11 19:21:11,119,54,0.83,1,3.8,2.75
2024-04-14 03:55:30,47,163,2.92,1,13.08,0.0
2024-04-27 20:08:47,168,119,1.94,1,7.32,0.0
2024-04-09 15:19:15,27,108,5.83,4,21.35,2.75
2024-04-23 05:38:06,1,114,4.22,3,14.15,0.0
2024-04-02 09:18:14,174,237,0.75,1,10.15,0.0
2024-04-13 11:32:12,167,261,3.26,1,10.4,2.75
2024-04-08 17:34:03,18,17,1.94,1,7.82,0.0
2024-04-15 05:25:33,91,92,12.24,1,40.66,2.75
2024-04-15 18:57:59,202,117,2.76,1,8.68,2.75
2024-04-17 19:33:37,21,219,9.69,2,33.52,2.75
2024-04-08 19:14:35,156,149,0.61,1,9.46,2.75
2024-04-12 10:20:01,14,51,0.88,1,3.13,2.75
2024-04-06 16:33:19,20,54,2.21,1,9.47,2.75
2024-04-06 17:34:43,244,139,8.13,1,27.21,0.0
2024-04-09 14:14:36,173,158,3.25,1,9.77,0.0
2024-04-02 17:09:48,122,237,6.58,1,20.38,2.75
2024-04-07 11:50:32,184,113,1.67,1,3.0,2.75
2024-04-26 17:10:49,68,234,0.91,3,4.92,2.75
2024-04-29 20:21:32,159,120,1.49,1,7.34,2.75
2024-04-28 00:06:20,49,91,4.13,1,15.42,0.0
2024-04-13 05:15:52,181,210,7.68,1,27.05,0.0
2024-04-18 10:30:10,141,228,2.62,1,12.62,2.75
2024-04-06 22:40:11,18,98,1.25,3,6.07,2.75
2024-04-13 15:49:13,140,90,4.05,2,14.08,0.0
2024-04-18 17:34:48,72,24,1.27,3,7.53,0.0
2024-04-30 12:14:58,242,75,3.46,1,16.97,2.75
2024-04-12 03:01:13,261,149,0.88,1,3.0,2.75
2024-04-06 17:49:44,263,164,6.33,1,18.83,0.0
2024-04-12 23:22:29,143,7,6.22,1,18.9,2.75
2024-04-28 03:16:31,195,53,3.23,1,9.77,2.75
2024-04-08 11:04:51,146,156,0.64,1,3.0,2.75
2024-04-02 02:28:07,26,95,1.65,1,7.09,2.75
2024-04-14 13:01:25,59,1,1.02,1,3.0,2.75
2024-04-17 03:49:27,52,115,3.09,1,12.92,2.75
2024-04-17 02:37:44,149,41,0.88,2,7.71,2.75
2024-04-22 01:56:09,107,187,7.63,1,23.26,2.75
2024-04-15 08:46:05,59,27,7.14,2,23.18,0.0
2024-04-23 07:28:21,258,123,1.09,1,5.86,2.75
2024-04-29 09:33:31,19,40,4.65,3,19.08,2.75
2024-04-06 15:45:20,166,219,4.67,2,16.11,0.0
2024-04-13 04:24:26,25,254,2.27,1,7.84,2.75
2024-04-23 15:17:34,4,186,1.08,1,7.22,2.75
2024-04-17 23:25:37,3,76,1.0,1,3.72,2.75
2024-04-25 07:34:55,27,52,5.21,1,16.77,2.75
2024-04-13 11:51:40,219,205,1.37,5,7.53,0.0
2024-04-23 07:13:43,44,167,3.74,1,14.43,2.75
2024-04-20 10:09:36,212,263,7.53,1,23.15,2.75
2024-04-12 02:21:44,52,262,3.65,1,14.25,2.75
2024-04-03 15:46:42,153,226,13.27,1,40.26,2.75
2024-04-24 22:45:02,202,1,4.13,1,13.01,0.0
2024-04-19 00:38:24,11,29,1.82,1,6.29,2.75
2024-04-14 08:09:12,68,92,7.2,2,23.76,2.75
2024-04-02 19:06:23,227,103,1.8,2,8.38,2.75
2024-04-20 14:13:52,121,123,12.96,1,40.56,2.75
2024-04-25 23:39:12,15,102,2.77,2,12.34,2.75
2024-04-07 15:31:50,57,213,11.22,3,36.52,2.75
2024-04-10 13:01:10,64,177,1.21,1,6.45,0.0
2024-04-26 16:47:55,230,45,0.54,3,5.02,0.0
2024-04-20 14:19:02,11,66,1.26,1,8.51,2.75
2024-04-11 09:18:06,121,46,0.86,3,6.05,0.0
2024-04-07 19:33:49,224,30,5.13,4,20.23,2.75
2024-04-19 09:02:36,225,197,1.58,1,8.8,0.0
2024-04-24 22:52:22,125,263,4.07,1,14.52,2.75
2024-04-10 15:07:24,148,95,4.37,2,14.88,0.0
2024-04-18 01:45:49,228,43,4.58,1,18.62,2.75
2024-04-06 10:05:04,30,250,6.76,5,24.13,0.0
2024-04-10 07:31:40,10,36,1.06,1,4.53,2.75
2024-04-23 22:05:43,54,129,0.68,1,3.01,2.75
2024-04-06 08:55:51,186,7,0.61,2,4.21,2.75
2024-04-11 04:56:19,207,44,0.88,1,7.07,0.0
2024-04-15 09:52:55,255,61,2.17,5,6.88,2.75
2024-04-27 12:33:23,157,26,12.48,1,38.47,2.75
2024-04-29 09:37:18,129,121,2.03,1,8.14,2.75
2024-04-02 14:25:07,58,158,2.61,2,11.02,2.75
2024-04-14 03:55:33,195,257,6.39,2,16.61,2.75
2024-04-30 00:19:45,76,63,9.28,1,28.95,2.75
2024-04-28 16:58:25,89,117,12.95,1,40.29,2.75
2024-04-19 11:28:29,81,178,6.63,2,20.61,2.75
2024-04-21 11:14:54,186,117,2.94,3,12.06,2.75
2024-04-04 18:06:17,79,164,1.41,5,4.05,2.75
2024-04-17 11:02:43,145,243,3.69,1,13.97,2.75
2024-04-14 22:10:49,129,165,1.27,1,3.04,2.75
2024-04-10 04:36:43,14,174,0.7,5,3.49,2.75
2024-04-24 05:36:55,119,119,9.31,1,28.32,0.0
2024-04-06 11:17:30,2,237,2.82,2,9.97,2.75
2024-04-30 14:30:17,4,155,2.98,4,11.48,2.75
2024-04-29 11:51:37,244,147,3.79,1,14.33,2.75
2024-04-07 17:28:50,66,83,2.6,2,9.44,2.75
2024-04-10 17:22:52,246,213,2.56,2,10.98,2.75
2024-04-27 13:14:57,90,225,9.13,1,31.73,2.75
2024-04-19 17:58:08,178,234,6.44,5,18.81,2.75
2024-04-20 23:49:46,60,162,1.34,3,6.52,0.0
2024-04-04 03:36:41,232,79,1.71,5,4.98,2.75
2024-04-09 15:56:49,176,179,4.28,1,15.83,2.75
2024-04-10 04:56:55,167,127,3.46,1,8.47,2.75
2024-04-29 19:36:05,198,181,5.59,1,16.37,2.75
2024-04-07 07:11:23,60,90,5.05,2,17.85,2.75
2024-04-02 07:49:47,83,94,4.82,1,16.43,2.75
2024-04-15 20:00:52,74,89,7.93,1,28.58,2.75
2024-04-06 10:48:17,26,249,5.59,3,21.31,2.75
2024-04-13 14:04:22,243,181,1.47,1,7.72,0.0
2024-04-30 22:35:40,116,61,7.72,1,27.08,2.75
2024-04-02 02:25:49,180,147,1.93,1,4.8,2.75
2024-04-08 03:45:08,262,119,8.96,1,30.12,2.75
2024-04-12 00:33:14,114,184,6.59,1,20.41,2.75
2024-04-23 03:15:21,38,54,0.77,1,6.5,0.0
2024-04-25 13:03:38,77,112,5.66,1,17.89,2.75
2024-04-28 00:32:58,102,175,2.93,1,12.79,2.75
2024-04-05 14:15:04,12,179,13.72,1,45.04,0.0
2024-04-09 19:06:46,49,50,2.65,5,10.61,2.75
2024-04-19 08:42:09,254,117,0.74,5,3.0,2.75
2024-04-07 07:22:09,249,27,1.71,1,5.3,0.0
2024-04-05 22:15:16,72,191,2.47,3,12.26,2.75
2024-04-07 11:34:45,197,163,3.64,1,15.19,2.75
2024-04-21 16:51:42,253,6,1.08,1,3.79,2.75
2024-04-24 01:05:26,222,191,3.03,1,9.06,2.75
2024-04-11 14:26:26,60,18,2.81,3,9.43,0.0
2024-04-20 09:20:03,157,159,6.84,1,27.07,2.75
2024-04-20 12:24:55,202,144,1.76,1,9.89,2.75
2024-04-05 15:54:14,35,195,2.59,4,11.3,2.75
2024-04-24 18:07:23,255,230,2.22,5,7.96,0.0
2024-04-22 11:36:21,23,190,4.0,1,17.27,0.0
2024-04-03 02:18:56,165,180,6.83,1,23.28,2.75
2024-04-15 01:57:38,28,133,4.44,1,12.29,2.75
2024-04-14 13:35:30,53,208,2.69,1,6.09,0.0
2024-04-29 20:10:07,85,145,4.05,1,17.64,2.75
2024-04-21 22:10:53,124,159,1.86,2,6.16,2.75
2024-04-30 19:31:58,207,21,1.04,1,3.0,0.0
2024-04-11 16:21:19,165,169,1.85,1,10.95,2.75
2024-04-20 05:38:07,47,64,2.55,3,13.2,2.75
2024-04-20 10:40:45,156,229,2.52,1,10.88,0.0
2024-04-27 20:17:42,5,102,5.18,4,13.45,2.75
2024-04-10 08:10:32,82,247,10.14,1,30.61,2.75
2024-04-22 06:24:34,119,92,2.22,3,8.05,2.75
2024-04-21 05:50:33,262,136,0.82,3,8.11,2.75
2024-04-19 19:42:20,125,1,0.62,3,5.37,0.0
2024-04-30 08:48:59,215,246,0.51,2,3.0,2.75
2024-04-04 02:44:32,28,240,10.24,2,35.01,2.75
2024-04-12 15:18:40,25,142,19.52,2,60.26,2.75
2024-04-03 09:08:39,7,5,0.68,3,3.0,2.75
2024-04-09 01:24:08,194,57,2.05,1,9.56,2.75
2024-04-21 19:42:41,80,139,4.37,1,18.42,0.0
2024-04-02 08:16:36,36,121,1.19,1,4.25,2.75
2024-04-13 05:53:00,258,177,3.66,1,12.07,2.75
2024-04-18 01:50:31,113,161,6.38,3,19.97,0.0
2024-04-21 15:00:54,202,152,7.33,5,23.37,0.0
2024-04-30 12:36:06,14,38,4.79,1,16.71,0.0
2024-04-24 12:34:39,155,50,0.8,1,4.79,2.75
2024-04-11 09:08:01,85,235,2.0,1,8.57,2.75
2024-04-19 12:35:48,140,89,12.48,1,38.15,2.75
2024-04-19 23:57:35,97,64,1.25,1,8.08,2.75
2024-04-09 11:38:02,185,209,2.62,1,5.7,0.0
2024-04-04 01:33:46,189,225,1.92,1,6.18,2.75
2024-04-24 04:42:06,82,167,1.31,1,4.73,2.75
2024-04-16 13:42:40,180,202,1.87,1,6.39,2.75
2024-04-18 13:51:14,105,142,1.24,1,5.99,2.75
2024-04-13 14:31:07,210,78,7.84,2,26.56,2.75
2024-04-13 20:46:59,249,10,1.17,1,4.86,2.75
2024-04-14 14:59:04,72,248,3.92,1,12.8,2.75
2024-04-17 11:49:30,161,44,10.48,1,31.76,2.75
2024-04-20 01:06:29,133,109,11.18,1,38.26,0.0
2024-04-26 18:08:03,240,188,3.71,1,13.0,2.75
2024-04-13 15:54:56,78,70,1.61,3,4.92,0.0
2024-04-04 18:17:43,58,232,1.5,1,6.5,2.75
2024-04-14 21:43:38,125,31,5.32,1,16.59,2.75
2024-04-29 12:35:42,11,186,14.32,1,44.78,0.0
2024-04-21 06:30:34,27,171,0.78,1,6.78,0.0
2024-04-07 01:08:05,207,109,5.95,2,23.3,2.75
2024-04-11 23:58:12,222,97,0.96,1,5.52,2.75
2024-04-12 17:20:45,250,38,1.74,3,6.46,2.75
2024-04-23 03:47:41,208,145,3.43,4,12.83,0.0
2024-04-30 11:48:25,109,17,1.73,2,8.22,2.75
2024-04-15 04:35:37,61,94,4.18,1,14.65,2.75
2024-04-11 13:59:54,122,53,2.39,2,10.91,2.75
2024-04-10 22:15:35,239,109,1.37,1,8.05,2.75
2024-04-07 04:28:55,106,57,3.15,1,7.82,2.75
2024-04-21 09:54:15,36,148,0.59,1,5.61,2.75
2024-04-18 02:07:50,38,61,5.23,1,20.31,2.75
2024-04-06 13:36:58,72,25,3.09,2,14.29,2.75
2024-04-10 10:40:15,56,78,10.76,2,34.9,2.75
2024-04-06 23:27:36,167,27,0.88,1,9.62,0.0
2024-04-11 19:51:50,221,99,5.11,2,16.96,2.75
2024-04-14 19:51:39,76,28,1.75,1,4.53,2.75
2024-04-29 20:58:02,210,134,2.13,1,5.89,2.75
2024-04-07 09:35:58,211,223,2.0,1,8.63,0.0
2024-04-18 20:29:09,228,189,2.05,1,10.06,2.75
2024-04-23 16:25:28,225,261,2.47,1,8.61,0.0
2024-04-25 16:25:20,254,235,0.57,1,8.26,0.0
2024-04-03 23:02:25,156,40,7.07,1,21.34,2.75
2024-04-29 13:58:04,149,114,7.97,1,19.34,2.75
2024-04-30 21:17:51,231,167,0.64,1,8.47,2.75
2024-04-04 05:21:36,190,110,5.74,1,17.13,2.75
2024-04-20 15:49:45,225,20,0.76,1,3.0,0.0
2024-04-04 00:01:31,65,230,6.27,4,22.53,2.75
2024-04-06 01:54:26,108,76,3.82,3,13.44,2.75
2024-04-05 16:06:02,80,116,1.78,1,7.49,2.75
2024-04-25 22:04:16,133,3,3.83,4,13.3,2.75
2024-04-23 22:01:55,174,11,2.97,1,9.67,0.0
2024-04-11 12:22:53,64,261,4.03,1,16.18,0.0
2024-04-28 11:50:04,210,152,2.76,1,9.8,2.75
2024-04-07 01:04:07,98,198,5.69,1,21.49,2.75
2024-04-05 00:11:40,172,82,0.66,2,4.58,0.0
2024-04-04 01:58:40,89,125,1.98,1,6.42,2.75
2024-04-08 05:32:27,226,230,3.37,5,11.47,2.75
2024-04-15 06:54:58,143,134,3.61,2,13.36,2.75
2024-04-26 16:46:17,196,86,1.15,1,4.52,2.75
2024-04-06 17:03:26,179,43,0.77,1,5.68,2.75
2024-04-21 22:25:11,54,204,0.57,1,4.83,2.75
2024-04-27 20:08:10,196,18,2.36,1,6.73,0.0
2024-04-11 11:21:30,217,191,1.9,1,9.3,0.0
2024-04-20 11:42:37,25,223,3.44,2,14.21,2.75
2024-04-30 19:20:28,67,257,2.59,1,9.47,0.0
2024-04-03 19:25:26,163,15,2.25,1,7.12,2.75
2024-04-16 15:23:07,112,182,6.99,1,24.11,2.75
2024-04-09 08:20:02,206,34,3.9,1,13.14,0.0
2024-04-09 04:09:28,137,180,4.14,1,11.31,2.75
2024-04-18 00:58:55,165,2,2.18,1,8.55,2.75
2024-04-06 09:26:36,228,151,5.75,3,20.83,0.0
2024-04-13 05:06:27,127,110,1.08,1,4.14,2.75
2024-04-17 04:36:02,248,106,2.3,3,6.32,2.75
2024-04-23 05:13:40,36,255,0.67,1,3.79,2.75
2024-04-16 13:16:03,155,14,0.93,1,5.47,2.75
2024-04-26 20:24:55,145,144,0.8,1,6.22,2.75
2024-04-10 22:41:39,260,207,2.54,1,12.78,2.75
2024-04-29 04:46:25,19,107,4.68,1,14.76,0.0
2024-04-10 18:46:17,58,247,1.81,3,7.38,0.0
2024-04-18 19:24:28,263,223,0.59,2,4.27,2.75
2024-04-12 08:06:21,36,225,4.8,2,16.34,2.75
2024-04-20 23:15:45,211,75,1.31,1,3.0,2.75
2024-04-16 10:53:04,148,43,4.99,1,17.05,0.0
2024-04-18 04:23:52,102,133,0.53,1,7.33,2.75
2024-04-12 04:24:49,76,56,1.81,3,6.34,2.75
2024-04-19 10:38:46,68,208,3.9,1,13.5,2.75
2024-04-10 07:31:00,66,227,7.67,1,31.31,2.75
2024-04-07 18:30:09,222,104,5.41,5,20.19,0.0
2024-04-24 07:48:23,151,68,2.59,1,8.83,2.75
2024-04-26 08:02:20,68,250,4.94,1,15.01,2.75
2024-04-06 10:03:59,235,91,3.2,1,10.85,0.0
2024-04-28 02:26:29,203,26,6.38,1,18.17,0.0
2024-04-21 22:44:35,233,207,5.68,1,18.33,2.75
2024-04-11 00:42:52,163,252,13.53,2,45.24,2.75
2024-04-23 00:46:26,98,10,0.89,1,6.66,0.0
2024-04-25 20:25:18,9,98,1.96,1,7.38,2.75
2024-04-03 03:37:26,249,102,1.25,1,7.34,0.0
2024-04-07 23:05:16,227,136,3.99,1,15.62,2.75
2024-04-01 11:57:01,241,221,4.32,1,16.46,0.0
2024-04-05 09:50:59,75,32,1.3,3,7.03,2.75
2024-04-27 00:01:25,17,96,2.42,2,8.11,2.75
2024-04-05 20:49:54,51,176,3.73,1,14.75,0.0
2024-04-26 06:38:27,228,103,4.27,3,14.31,0.0
2024-04-11 18:10:41,194,187,0.88,1,4.84,2.75
2024-04-09 03:12:06,238,37,9.39,5,32.08,2.75
2024-04-10 22:32:34,157,210,0.62,3,6.92,0.0
2024-04-23 10:08:46,254,255,13.13,1,40.86,0.0
2024-04-27 23:44:41,118,131,1.83,1,8.54,0.0
2024-04-16 11:35:52,50,98,1.83,1,7.05,2.75
2024-04-18 18:02:35,52,33,2.57,2,6.23,2.75
2024-04-26 23:46:22,181,36,4.66,3,19.01,2.75
2024-04-13 01:17:11,31,237,1.11,1,6.69,0.0
2024-04-17 06:34:06,246,3,1.53,1,5.25,0.0
2024-04-06 02:47:17,90,131,11.91,1,38.94,2.75
2024-04-01 07:52:45,31,220,7.83,3,28.01,2.75
2024-04-16 07:45:09,102,182,1.34,1,5.04,2.75
2024-04-18 13:49:01,230,28,3.48,1,12.96,2.75
2024-04-30 13:28:51,97,26,1.3,1,6.81,2.75
2024-04-23 20:22:10,67,157,3.3,1,10.04,0.0
2024-04-22 13:40:13,192,10,2.09,1,7.55,2.75
2024-04-22 19:30:24,211,109,2.08,5,9.14,0.0
2024-04-29 12:10:15,137,96,4.03,3,14.87,2.75
2024-04-15 03:02:11,184,146,1.52,2,7.13,0.0
2024-04-19 14:05:19,56,181,2.31,1,11.83,0.0
2024-04-24 19:24:27,250,210,9.58,1,33.57,2.75
2024-04-17 12:30:00,60,145,5.43,1,19.41,0.0
2024-04-04 02:53:14,128,49,2.19,1,7.13,2.75
2024-04-30 18:00:19,205,154,1.42,1,7.95,2.75
2024-04-01 13:57:52,214,261,4.27,1,13.07,2.75
2024-04-13 04:44:46,127,44,6.27,1,19.52,2.75
2024-04-13 12:06:33,72,236,7.4,3,23.62,2.75
2024-04-06 15:02:40,216,121,3.41,2,11.32,2.75
2024-04-12 06:21:23,90,248,3.05,1,12.35,2.75
2024-04-09 13:36:16,233,7,4.95,1,18.3,0.0
2024-04-01 22:57:21,233,20,1.18,2,3.64,2.75
2024-04-21 16:40:19,63,184,7.19,1,25.17,0.0
2024-04-21 14:30:46,247,200,0.77,1,4.79,0.0
2024-04-19 09:12:01,135,254,3.73,4,10.52,2.75
2024-04-25 18:17:43,2,245,3.62,4,17.77,2.75
2024-04-18 06:37:49,161,64,1.8,1,7.53,0.0
2024-04-05 03:52:51,140,153,0.63,1,3.34,2.75
2024-04-15 00:55:10,202,17,4.93,3,15.82,0.0
2024-04-23 18:23:47,125,39,0.59,2,3.0,2.75
2024-04-29 19:46:30,82,153,1.19,2,6.56,2.75
2024-04-10 02:46:00,164,39,3.25,1,10.34,0.0
2024-04-20 02:59:46,240,187,10.35,3,33.25,0.0
2024-04-15 00:39:30,213,238,0.74,1,3.0,2.75
2024-04-25 20:08:01,149,157,3.53,1,15.5,2.75
2024-04-29 15:22:21,72,231,1.9,1,8.51,0.0
2024-04-10 05:10:40,103,194,4.37,1,14.17,2.75
2024-04-20 07:20:12,183,250,11.19,1,31.65,2.75
2024-04-30 10:27:30,184,2,1.59,4,5.08,2.75
2024-04-17 00:14:14,13,141,11.43,3,34.94,2.75
2024-04-01 23:12:56,232,182,7.66,1,24.22,2.75
2024-04-25 12:15:09,150,2,3.77,3,16.85,0.0
2024-04-01 10:01:20,263,170,5.47,1,19.46,2.75
2024-04-15 07:44:05,24,49,7.51,1,24.7,2.75
2024-04-23 21:14:07,189,44,6.19,1,21.8,0.0
2024-04-06 17:10:44,133,60,1.88,1,10.07,0.0
2024-04-19 16:41:11,50,199,6.36,1,22.94,2.75
2024-04-01 03:42:18,183,109,1.82,1,9.61,0.0
2024-04-07 22:49:37,26,65,7.56,1,25.09,2.75
2024-04-18 12:21:52,138,173,1.53,1,8.55,2.75
2024-04-20 22:33:51,11,98,3.47,2,7.33,2.75
2024-04-03 01:43:02,102,129,4.63,1,18.15,2.75
2024-04-29 01:39:54,11,87,2.44,1,9.38,0.0
2024-04-21 16:24:33,112,89,5.85,1,18.72,0.0
2024-04-06 03:17:33,94,229,9.58,2,31.99,0.0
2024-04-08 15:31:49,260,130,1.22,1,7.34,2.75
2024-04-23 16:33:44,258,132,0.62,1,9.32,2.75
2024-04-10 13:33:15,167,253,3.95,1,14.76,2.75
2024-04-12 11:51:27,209,110,3.73,1,12.79,2.75
2024-04-17 18:39:02,45,215,1.96,1,8.28,0.0
2024-04-29 09:43:45,205,204,5.89,2,21.25,2.75
2024-04-07 22:27:03,42,24,6.62,1,17.57,0.0
2024-04-18 22:02:11,100,93,1.91,2,8.8,2.75
2024-04-13 20:55:04,6,169,4.51,2,17.81,2.75
2024-04-20 08:37:55,42,28,4.1,1,14.33,2.75
2024-04-06 21:21:47,253,190,1.97,1,8.0,2.75
2024-04-11 18:58:00,76,63,12.67,3,37.67,0.0
2024-04-05 08:55:57,42,87,1.99,1,6.85,2.75
2024-04-12 17:16:07,217,7,3.89,4,12.71,0.0
2024-04-28 11:44:53,64,155,2.17,2,9.89,2.75
2024-04-30 13:19:00,179,20,0.54,1,5.59,0.0
2024-04-07 12:12:27,29,252,0.84,5,7.83,2.75
2024-04-02 12:39:40,216,50,1.43,1,7.5,2.75
2024-04-26 22:31:41,54,189,6.35,2,18.1,0.0
2024-04-28 11:18:55,80,67,2.54,4,12.75,2.75
2024-04-25 14:07:45,194,202,3.61,1,11.02,0.0
2024-04-13 14:57:59,200,99,10.58,1,34.21,0.0
2024-04-27 08:23:52,13,149,1.06,1,4.05,0.0
2024-04-18 15:37:23,222,160,7.43,1,24.41,2.75
2024-04-02 01:27:45,193,166,2.17,1,10.31,2.75
2024-04-23 17:23:59,240,28,1.94,1,8.83,2.75
2024-04-20 04:48:51,99,188,3.94,1,12.69,2.75
2024-04-04 03:13:24,220,198,8.51,1,29.37,0.0
2024-04-30 21:00:43,104,209,2.0,1,12.2,2.75
2024-04-02 12:05:09,65,258,5.52,1,19.18,0.0
2024-04-18 03:33:35,145,257,0.57,1,3.0,2.75
2024-04-30 11:16:50,38,233,3.92,1,16.01,2.75
2024-04-02 15:04:48,28,204,3.99,1,12.55,2.75
2024-04-14 00:22:32,237,73,3.34,2,12.41,0.0
2024-04-15 05:13:06,126,13,10.22,3,32.2,2.75
2024-04-22 10:09:22,85,71,10.27,1,36.64,2.75
2024-04-04 05:31:27,237,1,1.97,2,8.48,2.75
2024-04-13 14:35:01,246,159,2.63,1,9.23,0.0
2024-04-22 18:20:42,249,216,6.0,1,19.56,2.75
2024-04-23 05:32:39,205,195,7.0,2,18.49,2.75
2024-04-24 18:19:31,228,4,2.39,2,9.02,0.0
2024-04-16 08:39:42,240,253,2.0,4,9.09,2.75
2024-04-09 05:04:01,73,30,6.51,4,21.35,2.75
2024-04-06 03:53:35,159,106,2.16,1,6.93,0.0
2024-04-30 20:34:29,212,122,2.32,3,10.88,2.75
2024-04-17 15:29:05,136,196,1.01,1,5.52,2.75
2024-04-14 10:46:10,164,203,3.24,1,16.16,2.75
2024-04-23 04:19:20,137,260,1.88,1,6.79,0.0
2024-04-02 17:22:20,171,241,3.63,2,13.36,0.0
2024-04-12 11:57:57,152,53,2.58,1,9.8,2.75
2024-04-29 05:51:25,165,124,5.33,2,17.48,0.0
2024-04-01 22:09:54,104,88,1.64,1,9.04,0.0
2024-04-19 22:39:48,222,244,1.16,3,5.97,2.75
2024-04-08 05:22:22,129,45,4.75,1,17.07,2.75
2024-04-10 01:52:06,220,64,2.2,1,9.22,0.0
2024-04-29 11:58:02,173,186,3.4,1,14.42,0.0
2024-04-11 01:43:01,96,13,10.41,1,36.87,0.0
2024-04-03 16:45:27,52,209,2.82,4,9.43,0.0
2024-04-25 17:28:41,94,52,1.08,1,5.5,0.0
2024-04-11 02:26:51,64,107,2.45,1,10.73,2.75
2024-04-23 01:00:00,21,9,2.78,3,11.6,2.75
2024-04-22 09:14:29,106,112,5.58,1,20.99,2.75
2024-04-20 21:38:47,200,120,1.26,2,5.18,2.75
2024-04-04 20:44:22,100,67,1.99,1,8.17,2.75
2024-04-04 03:01:54,27,82,0.68,1,6.35,2.75
2024-04-25 19:51:14,245,202,4.74,1,15.69,0.0
2024-04-01 05:23:36,63,185,5.27,1,18.62,2.75
2024-04-25 10:20:24,38,157,2.64,2,8.68,2.75
2024-04-06 12:24:44,127,116,3.2,1,16.33,2.75
2024-04-26 18:08:17,71,114,5.35,1,18.86,0.0
2024-04-09 03:05:56,134,133,1.59,4,9.84,0.0
2024-04-23 02:18:23,253,248,3.77,1,13.89,2.75
2024-04-25 06:33:36,13,111,12.13,1,40.12,2.75
2024-04-01 19:07:15,174,232,4.25,2,15.88,2.75
2024-04-15 11:13:53,90,59,0.78,1,6.71,0.0
2024-04-17 19:34:07,207,261,1.7,1,9.26,2.75
2024-04-29 07:41:30,62,50,3.06,1,11.08,0.0
2024-04-24 02:18:27,39,103,0.76,1,4.19,2.75
2024-04-23 15:08:36,60,152,4.45,1,17.51,2.75
2024-04-10 20:24:58,105,21,4.22,1,18.89,2.75
2024-04-15 09:32:02,239,258,7.82,1,25.17,0.0
2024-04-14 13:54:50,127,211,2.93,1,10.08,0.0
2024-04-12 04:15:30,83,82,4.62,2,14.0,2.75
2024-04-27 02:13:06,220,10,1.2,1,7.24,0.0
2024-04-09 14:53:29,105,165,0.51,1,4.26,2.75
2024-04-23 09:09:24,74,151,1.16,1,6.06,2.75
2024-04-04 03:52:19,135,173,0.72,1,5.3,0.0
2024-04-06 04:55:04,62,65,2.45,1,10.63,2.75
2024-04-13 04:00:07,1,250,2.71,3,10.9,2.75
2024-04-24 03:50:34,79,118,4.12,1,15.94,2.75
2024-04-02 14:03:59,65,134,1.03,1,7.06,2.75
2024-04-11 02:58:46,183,18,1.35,2,7.99,2.75
2024-04-07 19:32:39,66,255,6.1,3,20.89,2.75
2024-04-28 17:40:12,208,168,3.51,5,13.33,0.0
2024-04-23 07:18:44,54,17,0.6,2,3.0,2.75
2024-04-18 02:00:19,221,10,7.1,2,22.55,2.75
2024-04-20 17:51:18,236,230,3.98,3,16.55,2.75
2024-04-08 21:50:29,100,31,1.22,1,4.6,2.75
2024-04-14 03:31:58,103,215,1.52,1,4.74,2.75
2024-04-25 10:32:39,182,151,3.32,2,13.75,2.75
2024-04-04 17:15:45,108,45,3.38,1,13.81,0.0
2024-04-11 00:42:05,12,207,6.23,1,21.53,2.75
2024-04-06 04:19:24,86,139,2.05,1,10.22,2.75
2024-04-01 23:05:00,214,214,3.29,1,8.94,0.0
2024-04-23 03:33:57,44,162,3.56,3,14.01,2.75
2024-04-18 07:53:32,78,203,3.36,4,11.99,2.75
2024-04-30 23:51:00,55,10,0.76,1,4.11,2.75
2024-04-15 17:13:55,71,76,2.35,1,11.38,2.75
2024-04-16 00:49:32,68,234,1.95,1,10.47,0.0
2024-04-22 02:29:05,180,233,17.76,1,54.4,2.75
2024-04-28 22:35:58,174,226,2.69,1,12.25,0.0
2024-04-12 15:45:26,169,217,2.5,1,12.61,2.75
2024-04-25 04:35:14,261,4,2.81,2,10.89,2.75
2024-04-01 07:46:44,125,149,9.31,1,30.62,2.75
2024-04-10 08:08:23,131,189,3.81,1,14.7,2.75
2024-04-07 01:37:32,234,94,2.23,1,7.49,2.75
2024-04-06 12:30:44,154,38,9.03,1,27.48,2.75
2024-04-17 03:24:49,125,76,9.8,2,37.02,2.75
2024-04-12 21:41:04,100,89,1.57,1,6.89,0.0
2024-04-19 07:32:10,53,2,2.25,1,5.81,2.75
2024-04-19 20:49:48,128,150,12.38,1,40.44,0.0
2024-04-02 16:42:19,14,94,3.23,1,13.5,0.0
2024-04-26 23:35:00,5,100,2.48,1,6.16,0.0
2024-04-14 05:36:07,250,259,1.26,1,5.37,2.75
2024-04-08 22:47:54,27,4,2.2,1,10.75,2.75
2024-04-11 08:39:10,125,78,3.99,1,15.74,2.75
2024-04-07 07:55:38,29,198,0.64,1,3.92,0.0
2024-04-29 07:53:06,3,165,0.8,1,3.0,2.75
2024-04-27 22:11:56,228,7,0.52,1,6.34,0.0
2024-04-19 06:15:24,137,1,1.36,1,4.24,2.75
2024-04-07 10:20:39,257,88,1.21,1,10.19,2.75
2024-04-18 23:48:16,240,180,7.16,1,25.2,2.75
2024-04-16 21:31:04,160,10,1.22,1,4.47,2.75
2024-04-08 20:48:26,6,134,4.29,1,14.81,0.0
2024-04-10 23:03:07,143,110,0.94,4,4.34,2.75
2024-04-14 13:00:25,181,125,3.65,2,13.71,2.75
2024-04-07 22:56:28,30,207,2.5,3,9.86,0.0
2024-04-09 19:02:54,253,140,2.34,1,11.12,2.75
2024-04-24 12:22:02,40,103,7.3,1,24.38,2.75
2024-04-30 15:17:38,187,111,1.14,1,5.67,0.0
2024-04-06 01:31:49,227,70,3.67,2,12.95,2.75
2024-04-09 07:04:56,220,110,6.54,1,23.83,0.0
2024-04-10 08:28:14,43,224,4.88,2,19.51,2.75
2024-04-04 01:09:29,144,224,14.83,1,44.73,2.75
2024-04-11 18:15:00,174,219,0.51,1,5.94,2.75
2024-04-30 15:09:14,247,239,8.05,2,29.38,0.0
2024-04-10 01:06:48,173,119,3.83,1,12.85,0.0
2024-04-19 09:42:23,41,214,0.51,3,3.67,2.75
2024-04-09 22:21:08,50,36,2.69,1,10.12,2.75
2024-04-18 23:09:11,180,256,5.61,4,20.38,0.0
2024-04-23 07:23:32,159,155,1.21,3,4.98,2.75
2024-04-02 23:00:59,37,42,4.47,1,18.21,2.75
2024-04-28 03:11:37,27,29,1.03,1,3.0,2.75
2024-04-28 20:49:37,256,183,6.19,1,20.88,0.0
2024-04-13 15:38:48,249,203,3.44,1,12.34,2.75
2024-04-03 07:17:21,181,49,0.62,3,3.18,2.75
2024-04-15 12:56:22,17,54,0.83,1,5.95,2.75
2024-04-21 20:59:01,125,222,7.48,1,25.05,2.75
2024-04-17 18:24:10,212,37,0.62,1,4.84,0.0
2024-04-09 10:44:06,237,205,1.74,1,8.55,2.75
2024-04-01 20:41:14,200,55,3.43,1,16.48,0.0
2024-04-28 14:21:04,181,223,1.34,1,11.08,2.75
2024-04-27 14:43:24,130,108,1.39,2,4.85,0.0
2024-04-21 23:41:58,121,206,5.74,1,17.44,2.75
2024-04-07 16:42:08,187,172,1.7,2,6.96,2.75
2024-04-29 04:08:12,227,90,0.64,2,3.0,2.75
2024-04-22 05:20:10,162,6,4.97,1,18.25,0.0
2024-04-28 04:33:23,112,171,11.3,1,36.16,2.75
2024-04-14 07:29:47,134,193,6.74,1,24.15,2.75
2024-04-19 21:01:50,186,244,3.28,1,12.15,0.0
2024-04-22 02:28:52,175,180,2.44,4,11.03,2.75
2024-04-25 11:07:20,261,248,9.57,3,32.79,2.75
2024-04-15 08:01:29,224,70,5.59,3,17.69,2.75
2024-04-29 16:16:57,252,221,3.46,1,9.21,2.75
2024-04-09 04:40:29,64,30,7.92,3,26.01,2.75
2024-04-21 03:19:55,124,119,3.72,1,12.73,2.75
2024-04-13 08:22:50,70,205,13.21,2,42.78,2.75
2024-04-15 02:02:33,238,222,7.34,1,25.38,2.75
2024-04-18 16:34:34,75,126,3.3,1,11.25,2.75
2024-04-11 01:30:03,10,55,9.47,2,32.19,2.75
2024-04-15 02:37:14,88,39,1.97,1,9.66,0.0
2024-04-06 05:04:41,50,262,4.72,1,14.44,0.0
2024-04-11 11:50:44,143,184,1.16,2,3.76,2.75
2024-04-06 12:58:40,59,8,8.4,1,28.8,2.75
2024-04-02 12:45:35,211,16,1.5,2,5.37,2.75
2024-04-17 20:11:37,72,64,10.92,1,38.14,2.75
2024-04-11 23:47:36,244,253,0.56,1,3.59,2.75
2024-04-30 21:40:28,239,11,4.51,1,17.71,2.75
2024-04-11 23:22:08,190,88,1.07,1,4.35,0.0
2024-04-17 07:46:15,50,211,5.66,1,18.27,2.75
2024-04-07 17:13:40,205,4,2.87,1,8.09,2.75
2024-04-02 05:18:14,54,131,8.91,1,28.37,2.75
2024-04-22 20:26:27,224,68,4.89,1,15.58,2.75
2024-04-07 19:21:25,156,9,5.62,1,16.37,2.75
2024-04-17 23:43:26,51,25,0.95,1,5.17,2.75
2024-04-20 02:08:05,241,65,0.86,1,7.8,2.75
2024-04-16 06:09:14,161,104,7.15,1,22.47,2.75
2024-04-10 10:47:40,129,66,1.4,1,6.21,0.0
2024-04-22 12:28:59,85,183,7.56,1,28.42,2.75
2024-04-26 01:18:45,69,173,1.04,2,6.39,2.75
2024-04-30 16:24:20,55,22,1.79,1,6.97,2.75
2024-04-15 04:32:54,85,42,9.74,4,29.24,2.75
2024-04-04 23:52:03,80,204,6.91,2,22.21,2.75
2024-04-12 18:33:52,220,155,0.7,5,3.0,0.0
2024-04-04 05:25:47,110,11,2.58,1,8.76,2.75
2024-04-29 01:40:37,253,78,8.92,1,28.48,2.75
2024-04-01 11:49:57,164,104,0.55,2,3.0,2.75
2024-04-11 01:51:10,103,137,0.9,1,3.0,2.75
2024-04-06 01:05:35,113,207,4.13,1,14.65,0.0
2024-04-21 18:48:42,252,251,0.89,1,4.06,2.75
2024-04-16 15:41:11,152,225,2.59,1,9.1,0.0
2024-04-02 00:09:38,251,57,2.98,1,11.43,2.75
2024-04-25 00:46:49,88,168,7.39,2,23.53,2.75
2024-04-29 09:37:00,100,173,11.54,1,37.59,0.0
2024-04-29 10:32:45,120,98,3.01,1,11.34,0.0
2024-04-17 16:19:55,204,260,3.0,1,11.14,2.75
2024-04-22 18:20:14,149,173,5.04,1,16.97,2.75
2024-04-03 18:07:58,201,174,1.25,1,4.4,0.0
2024-04-20 15:10:35,3,212,10.4,1,34.68,0.0
2024-04-01 11:56:56,68,195,0.5,1,5.74,2.75
2024-04-30 09:50:40,154,137,0.51,2,3.0,2.75
2024-04-16 10:49:56,182,83,3.94,1,15.05,2.75
2024-04-21 21:03:43,13,44,1.96,1,6.96,2.75
2024-04-15 07:09:43,189,207,2.28,1,6.71,2.75
2024-04-18 08:04:39,20,117,1.38,1,4.79,0.0
2024-04-17 19:15:45,10,5,2.33,1,7.12,2.75
2024-04-01 07:22:47,188,221,6.66,3,25.17,0.0
2024-04-13 20:41:24,19,114,4.71,1,15.7,0.0
2024-04-26 17:35:58,143,250,0.85,1,4.84,2.75
2024-04-07 07:54:08,103,90,0.7,1,6.13,2.75
2024-04-19 21:07:34,241,28,2.97,2,9.33,2.75
2024-04-06 08:09:25,152,32,5.08,1,16.13,0.0
2024-04-16 16:37:04,188,217,4.32,1,13.92,2.75
2024-04-28 00:07:41,210,71,7.49,1,22.97,2.75
2024-04-16 10:53:36,177,252,1.0,1,6.03,2.75
2024-04-21 16:27:17,194,30,3.76,4,16.78,2.75
2024-04-26 07:53:29,177,256,5.58,1,21.18,0.0
2024-04-13 04:14:51,66,159,10.22,2,29.79,2.75
2024-04-07 02:52:22,2,9,0.87,1,6.1,2.75
2024-04-03 17:52:25,60,156,1.46,1,9.48,2.75
2024-04-01 06:21:13,43,214,2.03,1,6.82,0.0
2024-04-16 07:54:07,93,154,3.22,1,9.39,2.75
2024-04-07 20:49:18,226,83,2.34,1,11.43,0.0
2024-04-20 15:30:28,63,101,7.41,3,24.59,2.75
2024-04-03 15:28:17,14,10,11.02,1,36.17,2.75
2024-04-08 10:11:41,28,180,0.75,1,4.77,0.0
2024-04-09 03:55:39,142,90,4.71,1,17.95,2.75
2024-04-15 06:39:08,108,129,0.92,5,5.94,2.75
2024-04-07 18:14:47,78,107,8.49,1,27.92,2.75
2024-04-20 19:37:18,247,107,1.04,1,6.54,2.75
2024-04-24 15:55:23,12,155,17.19,1,55.49,2.75
2024-04-12 15:51:10,184,232,2.45,1,10.31,0.0
2024-04-05 06:37:12,240,84,2.18,1,7.81,2.75
2024-04-03 19:42:41,263,76,3.59,3,13.48,2.75
2024-04-12 11:03:41,73,261,2.26,1,10.05,2.75
2024-04-03 19:27:01,68,230,1.44,3,7.17,2.75
2024-04-13 06:50:51,220,221,3.97,1,15.73,2.75
2024-04-21 15:41:17,47,181,5.06,1,18.96,2.75
2024-04-06 00:58:05,58,202,10.67,1,34.87,2.75
2024-04-29 05:31:17,24,118,2.34,1,8.87,0.0
2024-04-13 05:03:53,24,117,4.78,3,17.61,2.75
2024-04-11 16:44:13,64,197,6.78,1,19.1,0.0
2024-04-23 20:51:41,255,194,6.73,1,25.68,2.75
2024-04-20 12:55:20,148,104,0.62,1,8.52,2.75
2024-04-21 22:05:23,116,174,2.04,1,9.02,0.0
2024-04-23 20:15:44,98,103,0.55,4,4.08,2.75
2024-04-02 20:32:33,239,9,3.37,1,13.12,2.75
2024-04-22 04:35:27,93,164,7.51,1,26.83,0.0
2024-04-30 04:36:29,65,5,6.4,1,24.36,2.75
2024-04-11 21:42:31,174,89,6.34,4,23.35,2.75
2024-04-25 00:55:41,235,178,2.02,1,11.7,2.75
2024-04-15 14:27:13,167,27,0.67,1,6.08,0.0
2024-04-06 12:13:35,237,175,1.16,1,10.24,2.75
2024-04-11 03:30:11,7,161,4.39,2,17.17,2.75
2024-04-04 21:38:08,43,115,1.0,1,5.14,2.75
2024-04-25 14:12:35,153,97,0.97,4,3.0,2.75
2024-04-22 18:37:46,43,166,2.03,1,8.4,2.75
2024-04-26 02:09:17,213,136,0.85,1,5.39,0.0
2024-04-05 02:52:50,201,164,1.9,2,9.42,2.75
2024-04-28 14:59:16,155,202,12.74,1,40.17,2.75
2024-04-03 11:28:37,220,169,0.57,2,4.18,2.75
2024-04-21 16:19:01,153,136,6.71,2,18.76,0.0
2024-04-23 19:57:25,36,158,18.19,3,59.78,2.75
2024-04-16 05:26:30,226,227,2.51,1,12.67,2.75
2024-04-13 08:31:25,121,50,10.53,1,35.71,2.75
2024-04-03 21:26:15,9,2,1.56,1,8.13,0.0
2024-04-06 01:32:18,181,75,14.62,1,47.07,0.0
2024-04-26 17:56:55,21,247,7.42,2,24.89,0.0
2024-04-14 07:28:32,194,215,8.06,1,29.72,0.0
2024-04-10 08:02:40,26,230,0.99,1,4.47,2.75
2024-04-16 01:15:57,98,242,7.64,5,22.12,2.75
2024-04-18 19:31:49,219,188,10.45,1,34.58,2.75
2024-04-10 02:34:32,66,129,6.48,3,23.98,0.0
2024-04-24 11:03:55,111,97,0.84,1,5.17,0.0
2024-04-03 02:11:25,212,165,0.81,4,7.43,0.0
2024-04-20 15:12:35,171,177,2.05,1,12.11,2.75
2024-04-23 21:22:23,59,117,4.77,2,17.47,2.75
2024-04-24 22:49:56,30,210,0.54,1,8.17,2.75
2024-04-09 19:13:36,154,51,11.03,1,31.38,0.0
2024-04-13 03:16:21,2,64,3.11,4,10.08,2.75
2024-04-15 20:18:48,169,229,2.05,1,10.66,2.75
2024-04-16 06:02:38,214,237,3.38,2,14.1,0.0
2024-04-18 16:50:51,251,225,4.9,1,16.1,2.75
2024-04-23 01:01:54,31,117,1.62,1,7.18,2.75
2024-04-17 17:13:18,183,250,1.7,1,12.19,2.75
2024-04-10 07:01:54,189,70,2.71,1,13.32,0.0
2024-04-15 11:38:41,213,35,4.38,1,11.2,0.0
2024-04-19 14:20:12,127,44,4.79,1,16.2,0.0
2024-04-27 20:27:05,23,107,1.87,1,8.02,2.75
2024-04-27 20:17:54,18,229,1.86,1,10.01,2.75
2024-04-25 12:20:27,79,252,2.84,2,12.1,2.75
2024-04-25 15:32:32,34,44,3.23,2,14.54,0.0
2024-04-30 15:37:06,107,49,4.17,4,15.74,2.75
2024-04-01 19:03:27,199,60,3.87,1,14.67,2.75
2024-04-16 11:43:43,191,258,2.13,3,10.23,2.75
2024-04-01 23:25:35,232,65,1.73,1,6.64,2.75
2024-04-29 11:24:45,62,114,1.79,1,8.81,2.75
2024-04-08 03:28:20,42,259,4.13,1,18.29,2.75
2024-04-01 22:42:28,24,162,2.49,1,6.18,0.0
2024-04-08 22:46:19,163,164,1.0,1,6.4,2.75
2024-04-04 11:41:26,183,15,0.52,1,3.0,2.75
2024-04-22 22:05:59,95,37,0.61,5,5.9,2.75
2024-04-22 03:09:39,83,138,7.57,1,25.61,0.0
2024-04-20 04:23:37,93,46,2.64,1,12.3,2.75
2024-04-02 13:29:22,105,106,4.25,1,13.68,2.75
2024-04-23 07:56:24,85,81,9.76,1,30.9,2.75
2024-04-28 05:51:52,61,113,0.97,1,7.54,2.75
2024-04-13 08:02:31,208,208,2.58,2,12.75,2.75
2024-04-24 14:53:27,158,241,3.21,1,10.06,2.75
2024-04-11 02:03:35,69,89,6.95,5,22.49,2.75
2024-04-30 20:17:35,262,183,18.25,2,55.27,2.75
2024-04-25 19:29:41,234,255,4.85,1,18.91,2.75
2024-04-20 13:20:43,139,245,4.09,5,15.61,2.75
2024-04-15 04:57:28,231,99,9.35,3,31.9,2.75
2024-04-18 14:05:46,51,59,6.86,1,23.19,2.75
2024-04-24 18:56:48,239,73,7.51,1,20.75,2.75
2024-04-16 23:07:13,19,112,0.51,1,3.0,2.75
2024-04-21 12:34:25,178,165,3.03,1,11.25,0.0
2024-04-23 18:35:39,209,211,5.84,1,17.52,2.75
2024-04-20 21:00:22,131,22,1.2,1,3.0,2.75
2024-04-03 07:36:51,231,83,5.37,1,20.61,0.0
2024-04-08 08:46:04,92,242,0.53,1,3.0,2.75
2024-04-01 15:31:56,31,12,3.5,1,14.09,0.0
2024-04-08 18:56:00,249,5,7.17,4,26.8,2.75
2024-04-29 20:24:19,124,116,2.48,1,8.88,0.0
2024-04-17 20:08:35,136,20,5.21,1,18.02,2.75
2024-04-25 06:03:03,100,189,3.15,1,13.32,0.0
2024-04-10 03:30:43,219,136,4.15,1,14.36,2.75
2024-04-24 16:02:43,104,58,3.04,1,12.03,2.75
2024-04-07 10:19:24,97,173,2.76,1,12.43,2.75
2024-04-27 09:59:29,203,193,6.95,1,19.83,0.0
2024-04-11 00:58:01,21,5,0.84,4,8.56,2.75
2024-04-03 08:02:30,198,159,3.58,1,14.02,0.0
2024-04-15 16:20:30,112,140,0.93,1,5.85,2.75
2024-04-09 15:20:03,149,4,3.4,3,13.09,0.0
2024-04-09 05:30:45,243,75,12.1,3,42.31,0.0
2024-04-17 00:23:02,183,234,0.71,1,3.0,0.0
2024-04-14 21:03:30,89,104,2.42,1,10.95,2.75
2024-04-22 20:51:47,222,137,6.17,1,23.61,2.75
2024-04-12 08:18:37,248,231,2.12,1,11.4,2.75
2024-04-10 14:54:44,177,238,3.07,1,13.54,2.75
2024-04-21 06:36:12,118,235,0.93,5,4.57,2.75
2024-04-19 06:10:59,174,190,1.38,3,8.06,2.75
2024-04-13 01:48:22,219,178,4.56,1,18.01,2.75
2024-04-04 00:42:25,218,222,6.67,1,23.02,2.75
2024-04-21 11:26:59,77,214,4.14,1,13.83,0.0
2024-04-21 05:10:59,88,213,6.85,2,22.93,2.75
2024-04-17 23:25:03,78,93,3.76,2,13.85,2.75
2024-04-09 15:24:08,201,46,6.32,1,19.99,2.75
2024-04-22 11:06:53,64,255,14.74,1,48.26,2.75
2024-04-13 19:24:58,4,191,0.8,1,5.35,2.75
2024-04-04 01:46:31,83,145,2.79,1,14.37,0.0
2024-04-03 03:10:15,193,104,1.24,2,4.56,0.0
2024-04-18 09:59:53,6,64,2.69,1,10.93,2.75
2024-04-29 21:07:47,193,157,2.92,3,13.97,2.75
2024-04-25 01:54:04,217,128,3.9,1,13.01,2.75
2024-04-19 23:38:55,22,24,2.52,1,7.44,0.0
2024-04-20 15:12:57,145,125,1.87,4,9.23,2.75
2024-04-20 10:47:22,145,175,0.65,3,3.0,2.75
2024-04-23 02:47:59,2,101,0.62,1,5.66,2.75
2024-04-10 23:01:53,225,51,1.17,3,3.0,2.75
2024-04-03 17:10:31,214,258,2.59,3,10.86,0.0
2024-04-26 05:49:17,166,149,2.39,1,12.13,2.75
2024-04-14 13:54:34,141,168,1.24,3,6.19,2.75
2024-04-27 05:27:34,64,105,6.55,1,22.63,2.75
2024-04-13 06:14:48,212,69,4.53,1,15.61,2.75
2024-04-17 02:44:07,98,35,1.97,1,11.51,2.75
2024-04-20 16:09:12,166,163,6.08,4,19.64,2.75
2024-04-21 21:27:42,126,208,16.36,1,54.94,0.0
2024-04-03 06:33:57,157,153,1.48,1,7.99,0.0
2024-04-20 05:07:29,250,80,2.08,1,9.92,2.75
2024-04-29 11:05:47,61,31,17.82,1,58.34,0.0
2024-04-18 01:03:18,32,225,1.02,1,4.25,2.75
2024-04-01 10:16:12,21,255,0.78,1,5.85,2.75
2024-04-28 16:50:32,12,209,3.08,1,9.99,0.0
2024-04-06 01:31:53,244,180,2.71,1,14.34,2.75
2024-04-09 16:29:21,103,144,0.79,2,5.28,0.0
2024-04-16 23:39:33,7,230,1.7,3,9.09,2.75
2024-04-11 02:10:36,130,64,2.4,1,14.34,0.0
2024-04-24 15:38:13,97,40,6.55,2,24.62,2.75
2024-04-13 04:07:08,173,243,4.81,1,17.1,0.0
2024-04-28 14:56:08,205,245,9.11,1,35.19,2.75
2024-04-09 16:46:04,103,97,1.91,1,6.38,2.75
2024-04-02 17:13:08,113,145,1.8,3,7.25,0.0
2024-04-20 19:19:36,131,56,2.68,4,11.26,2.75
2024-04-11 05:25:27,39,30,0.53,1,3.0,0.0
2024-04-16 23:11:34,8,108,1.31,1,7.11,0.0
2024-04-29 19:55:33,46,214,1.33,1,5.09,2.75
2024-04-07 08:46:38,194,221,0.72,1,4.82,0.0
2024-04-21 07:10:31,6,104,2.63,1,8.81,0.0
2024-04-10 00:21:52,58,181,8.76,1,26.93,2.75
2024-04-17 09:49:06,169,127,0.51,1,6.25,0.0
2024-04-30 20:01:37,122,198,3.96,1,15.97,2.75
2024-04-25 14:12:29,249,33,7.9,2,24.8,0.0
2024-04-05 23:53:33,207,234,0.9,1,5.03,2.75
2024-04-24 14:05:34,115,36,9.22,1,33.38,2.75
2024-04-14 03:04:23,239,18,6.47,1,22.42,0.0
2024-04-02 09:02:48,54,232,1.35,3,5.32,2.75
2024-04-19 16:05:38,76,49,8.75,2,28.42,2.75
2024-04-18 13:07:09,169,58,6.2,3,21.16,2.75
2024-04-03 08:32:50,48,151,0.91,1,3.41,2.75
2024-04-10 10:47:53,224,135,6.71,5,23.33,2.75
2024-04-29 07:04:21,70,124,3.23,1,13.23,2.75
2024-04-11 15:28:27,155,183,6.42,3,23.7,2.75
2024-04-28 17:09:03,47,205,3.87,1,14.2,0.0
2024-04-17 13:17:44,202,147,2.24,4,7.92,2.75
2024-04-27 16:02:26,142,109,3.72,1,14.62,2.75
2024-04-17 16:37:06,126,150,4.04,1,15.51,2.75
2024-04-19 22:24:06,153,233,5.59,5,17.83,2.75
2024-04-16 10:56:04,65,131,6.72,1,24.14,0.0
2024-04-05 00:06:08,96,147,4.31,2,18.81,2.75
2024-04-06 23:02:02,181,91,16.5,1,54.92,0.0
2024-04-11 15:57:43,178,219,5.78,5,16.91,2.75
2024-04-10 15:35:21,129,34,8.96,2,31.72,2.75
2024-04-30 06:46:01,39,11,1.85,1,8.14,0.0
2024-04-06 00:05:31,133,261,1.83,1,6.86,0.0
2024-04-20 23:34:36,109,71,2.07,2,3.21,2.75
2024-04-28 17:12:57,72,164,2.53,1,11.33,2.75
2024-04-27 21:28:49,208,261,11.89,1,39.69,2.75
2024-04-20 02:19:21,65,184,0.77,2,3.83,2.75
2024-04-10 08:43:30,241,133,2.92,1,9.43,2.75
2024-04-11 18:24:51,79,234,1.12,1,5.22,0.0
2024-04-06 22:59:31,88,15,6.33,2,22.86,2.75
2024-04-27 09:38:23,178,105,0.61,3,6.93,2.75
2024-04-02 15:21:08,262,20,2.63,1,8.71,2.75
2024-04-05 18:45:46,66,248,2.26,1,8.36,2.75
2024-04-27 08:16:14,105,162,0.84,1,3.58,2.75
2024-04-16 09:16:47,98,127,2.15,2,8.75,0.0
2024-04-06 03:54:09,96,34,6.29,1,20.44,0.0
2024-04-14 13:18:36,46,115,1.02,1,4.11,0.0
2024-04-10 10:50:15,31,219,14.87,3,50.06,2.75
2024-04-08 04:24:16,204,242,0.71,1,3.0,2.75
2024-04-19 17:39:15,148,21,1.69,2,5.35,2.75
2024-04-25 19:34:13,132,225,5.72,1,19.43,0.0
2024-04-29 12:13:28,186,167,2.05,1,9.96,0.0
2024-04-30 22:36:30,189,172,2.79,1,12.91,2.75
2024-04-20 23:18:19,127,164,1.22,1,5.82,0.0
2024-04-05 13:59:51,87,217,4.9,1,18.22,2.75
2024-04-23 22:31:48,121,199,1.19,1,3.0,0.0
2024-04-10 07:26:46,135,50,7.11,5,22.06,2.75
2024-04-08 00:01:19,199,59,3.21,1,10.54,0.0
2024-04-04 05:59:19,171,173,3.28,1,14.27,0.0
2024-04-12 01:23:10,260,154,9.99,1,33.3,0.0
2024-04-25 12:53:10,124,222,5.69,1,19.55,2.75
2024-04-16 15:24:08,242,219,5.26,1,18.31,2.75
2024-04-20 13:11:53,71,83,7.33,1,23.74,2.75
2024-04-07 23:18:08,59,128,0.84,1,5.21,2.75
2024-04-12 20:16:44,109,186,5.03,1,17.6,0.0
2024-04-06 09:26:32,41,230,1.43,2,5.62,2.75
2024-04-23 23:35:02,146,1,1.65,4,6.22,0.0
2024-04-02 16:10:08,52,15,0.55,1,4.27,2.75
2024-04-02 13:59:32,176,80,8.35,3,25.78,2.75
2024-04-09 00:49:59,165,174,5.2,4,19.33,2.75
2024-04-10 05:18:00,252,32,1.02,1,4.27,0.0
2024-04-13 15:51:07,103,39,1.89,1,4.7,2.75
2024-04-27 18:31:55,53,193,2.79,1,10.4,2.75
2024-04-14 14:09:48,255,240,2.88,1,12.73,0.0
2024-04-01 12:10:15,173,73,3.67,1,14.89,0.0
2024-04-25 03:39:58,251,93,2.74,1,8.74,0.0
2024-04-10 13:09:25,177,89,4.16,1,13.52,0.0
2024-04-26 11:42:29,49,254,8.04,1,28.1,0.0
2024-04-30 02:37:08,111,234,2.28,1,9.99,0.0
2024-04-24 08:38:53,210,139,7.83,1,24.91,2.75
2024-04-29 12:30:09,248,198,1.37,1,4.4,2.75
2024-04-25 18:13:54,175,172,0.95,1,6.3,0.0
2024-04-26 23:28:02,107,14,1.46,1,3.55,2.75
2024-04-08 06:25:01,153,153,1.31,1,3.0,0.0
2024-04-11 03:22:02,155,196,15.22,1,50.63,2.75
2024-04-26 08:59:32,140,178,2.18,1,8.36,0.0
2024-04-19 09:10:53,151,95,4.19,2,14.88,0.0
2024-04-26 08:03:32,44,237,4.67,2,16.94,2.75
2024-04-08 21:44:05,71,78,2.56,2,11.65,2.75
2024-04-18 08:56:52,125,244,1.39,2,5.53,2.75
2024-04-01 06:03:17,152,220,2.52,1,10.28,2.75
2024-04-22 01:13:23,220,220,2.75,3,10.98,2.75
2024-04-09 19:22:23,215,207,11.28,1,36.02,2.75
2024-04-06 06:42:03,144,184,3.44,1,10.05,2.75
2024-04-28 13:56:32,107,115,12.76,1,41.24,2.75
2024-04-13 03:50:00,64,124,3.51,1,14.01,0.0
2024-04-24 14:28:02,6,238,1.05,1,5.75,2.75
2024-04-30 05:45:53,168,108,2.2,1,8.07,2.75
2024-04-08 15:52:24,173,47,6.0,1,21.3,2.75
2024-04-17 05:21:58,119,198,2.42,1,10.93,0.0
2024-04-27 02:27:48,226,51,0.87,2,6.62,0.0
2024-04-10 01:07:07,174,194,0.85,1,7.95,0.0
2024-04-04 02:17:09,129,70,1.45,3,7.63,2.75
2024-04-06 06:45:31,187,87,3.41,1,13.6,0.0
2024-04-10 04:30:02,63,75,6.71,1,21.23,2.75
2024-04-01 04:58:23,86,193,3.17,3,9.28,2.75
2024-04-29 12:34:16,210,220,5.3,1,20.19,2.75
2024-04-05 23:00:16,193,233,4.13,1,17.1,0.0
2024-04-20 05:27:21,238,228,3.1,4,14.15,2.75
2024-04-15 11:14:10,20,44,1.35,1,5.38,2.75
2024-04-29 23:32:14,182,255,8.01,1,25.67,2.75
2024-04-05 06:39:16,48,250,1.63,3,4.94,2.75
2024-04-10 16:40:54,228,173,1.52,1,3.71,0.0
2024-04-23 07:51:36,54,236,1.54,1,6.62,2.75
2024-04-30 23:34:13,102,46,0.85,2,7.58,2.75
2024-04-17 05:12:50,89,221,2.92,1,10.73,0.0
2024-04-06 03:18:04,144,143,1.89,1,11.56,0.0
2024-04-08 08:00:54,148,233,3.08,2,12.13,0.0
2024-04-27 10:07:47,230,190,2.61,1,9.23,2.75
2024-04-11 12:50:26,250,183,3.07,1,11.8,2.75
2024-04-27 01:09:17,225,191,1.74,1,9.65,2.75
2024-04-17 20:55:50,161,139,6.41,4,23.71,0.0
2024-04-19 19:28:26,168,35,3.17,1,13.44,2.75
2024-04-05 19:02:50,110,132,1.32,1,3.18,2.75
2024-04-07 04:19:23,261,73,8.62,1,27.93,2.75
2024-04-14 04:09:26,173,163,0.91,1,5.66,2.75
2024-04-17 10:14:50,243,223,5.13,1,18.36,0.0
2024-04-04 09:36:45,209,185,4.47,1,16.38,0.0
2024-04-25 11:18:56,243,95,0.76,2,5.29,0.0
2024-04-10 15:46:35,254,172,8.61,2,27.85,2.75
2024-04-30 13:04:31,82,148,1.83,1,5.92,2.75
2024-04-27 16:11:29,31,179,5.23,1,17.36,2.75
2024-04-03 03:01:59,4,142,1.64,1,6.68,0.0
2024-04-13 02:20:18,194,110,3.11,1,11.63,0.0
2024-04-10 12:27:37,56,161,13.06,1,44.7,2.75
2024-04-26 16:13:18,261,61,3.8,1,13.53,2.75
2024-04-29 04:55:01,81,72,1.73,1,6.06,2.75
2024-04-08 19:10:32,54,115,2.65,1,13.51,2.75
2024-04-02 17:46:48,96,206,4.44,1,12.49,2.75
2024-04-21 00:25:23,257,42,2.56,1,7.64,2.75
2024-04-24 17:28:46,204,20,8.96,1,30.65,2.75
2024-04-13 00:03:24,211,92,7.57,1,21.1,0.0
2024-04-24 08:51:33,126,68,1.06,1,4.1,2.75
2024-04-23 15:13:19,7,135,5.88,1,19.4,0.0
2024-04-29 06:50:07,125,66,10.49,1,32.67,2.75
2024-04-07 04:19:13,108,151,1.83,1,6.28,2.75
2024-04-30 02:45:53,260,36,1.45,1,7.07,2.75
2024-04-14 05:00:19,70,140,0.53,1,4.2,2.75
2024-04-04 00:03:03,38,223,0.93,1,4.05,0.0
2024-04-29 11:27:41,175,205,11.85,4,35.42,2.75
2024-04-03 01:04:42,188,70,2.24,1,8.66,0.0
2024-04-24 08:16:27,227,159,2.21,2,8.16,2.75
2024-04-24 10:04:29,258,184,1.59,2,7.77,2.75
2024-04-21 19:46:55,197,18,1.13,2,4.89,2.75
2024-04-02 02:47:33,8,59,2.99,1,10.89,0.0
2024-04-24 23:10:11,51,224,5.0,1,19.11,2.75
2024-04-07 16:34:38,222,109,3.3,2,15.17,0.0
2024-04-29 04:25:42,19,131,0.63,1,4.88,2.75
2024-04-30 21:21:12,247,30,6.19,1,18.41,2.75
2024-04-05 17:27:29,31,192,9.89,1,29.65,2.75
2024-04-07 05:18:08,80,198,2.53,1,12.27,2.75
2024-04-07 16:09:23,22,242,2.1,1,9.25,0.0
2024-04-24 18:19:24,242,91,1.41,5,6.22,2.75
2024-04-30 16:53:56,214,2,1.76,3,9.72,2.75
2024-04-23 06:26:49,200,97,4.12,1,19.29,0.0
2024-04-08 03:06:13,165,4,5.65,5,18.43,0.0
2024-04-17 22:25:38,140,238,1.91,1,9.69,2.75
2024-04-22 06:42:37,13,40,1.95,1,9.88,0.0
2024-04-20 22:30:29,26,241,2.6,1,7.58,0.0
2024-04-30 12:59:47,22,103,1.15,1,5.98,2.75
2024-04-06 17:04:56,76,61,9.67,2,31.94,0.0
2024-04-22 19:08:56,92,62,4.78,2,18.2,2.75
2024-04-18 14:04:53,48,226,2.49,1,10.06,0.0
2024-04-15 16:25:48,170,255,0.96,5,4.41,2.75
2024-04-14 21:26:53,245,253,7.11,1,22.35,2.75
2024-04-10 14:53:39,228,159,2.81,1,9.79,2.75
2024-04-23 15:14:43,187,239,6.08,1,20.03,0.0
2024-04-13 05:20:01,168,43,0.62,2,4.49,2.75
2024-04-04 04:23:21,203,152,1.62,3,10.24,2.75
2024-04-15 06:20:19,6,80,3.91,1,17.69,2.75
2024-04-17 05:55:19,132,137,2.84,1,13.93,2.75
2024-04-17 22:43:56,245,213,1.72,1,5.88,2.75
2024-04-19 16:25:21,91,165,1.29,3,10.77,2.75
2024-04-09 12:11:41,126,165,1.76,4,8.73,2.75
2024-04-29 19:57:52,242,197,5.25,1,15.9,0.0
2024-04-07 03:09:00,249,262,1.21,1,5.56,0.0
2024-04-02 06:52:33,7,48,3.65,1,15.08,2.75
2024-04-22 16:31:10,88,127,2.43,1,9.93,0.0
2024-04-27 12:01:35,86,136,5.54,1,17.53,2.75
2024-04-18 16:24:10,145,32,1.29,4,6.31,0.0
2024-04-16 09:10:20,198,101,1.6,1,7.57,0.0
2024-04-05 15:18:37,164,77,2.28,2,9.34,2.75
2024-04-14 12:25:18,145,195,1.14,1,5.11,0.0
2024-04-30 11:40:31,1,201,2.66,3,9.21,2.75
2024-04-09 19:34:14,120,68,2.38,1,9.3,0.0
2024-04-21 23:17:48,67,28,16.65,1,53.04,2.75
2024-04-12 12:44:30,49,57,3.65,1,15.32,2.75
2024-04-28 03:40:02,24,203,0.75,2,8.26,0.0
2024-04-21 16:27:06,211,55,2.66,1,11.9,2.75
2024-04-19 11:10:28,63,83,7.88,2,26.81,2.75
2024-04-12 06:48:59,56,106,7.55,2,25.27,0.0
2024-04-28 12:25:23,18,251,11.93,1,38.27,2.75
2024-04-19 03:58:15,77,133,8.36,3,26.9,2.75
2024-04-14 05:43:55,260,192,1.18,1,6.85,2.75
2024-04-14 13:50:27,121,32,0.51,3,3.0,0.0
2024-04-06 02:24:51,184,98,3.85,1,15.68,0.0
2024-04-26 18:48:49,48,107,4.74,3,16.03,0.0
2024-04-26 02:17:06,147,66,0.99,2,3.68,2.75
2024-04-11 20:53:23,80,52,1.14,1,5.14,2.75
2024-04-21 06:42:33,236,199,12.05,1,37.17,0.0
2024-04-26 12:11:51,229,232,10.58,1,39.17,2.75
2024-04-22 11:45:19,61,163,1.1,2,4.99,2.75
2024-04-17 20:40:51,220,241,1.49,5,7.37,2.75
2024-04-19 18:21:02,89,22,8.29,1,25.72,0.0
2024-04-22 06:04:54,228,217,2.5,1,11.88,2.75
2024-04-15 01:12:25,103,175,6.1,1,18.37,0.0
2024-04-14 08:25:35,88,172,2.26,1,11.27,0.0
2024-04-24 21:57:41,23,9,5.17,1,18.69,2.75
2024-04-16 20:44:47,17,59,2.27,1,9.99,0.0
2024-04-23 08:53:31,162,117,8.53,2,29.23,2.75
2024-04-14 15:18:41,78,101,1.88,1,7.6,0.0
2024-04-01 15:09:43,122,245,3.09,3,13.14,2.75
2024-04-20 15:22:21,112,177,3.08,1,11.12,0.0
2024-04-06 03:34:06,239,16,4.16,2,13.75,2.75
2024-04-14 10:12:15,210,121,1.78,1,6.06,2.75
2024-04-08 18:37:24,2,214,4.1,2,16.89,2.75
2024-04-08 06:33:40,203,230,1.03,3,7.91,0.0
2024-04-23 15:06:03,117,84,8.34,1,31.76,2.75
2024-04-13 20:07:20,114,181,1.04,4,5.1,2.75
2024-04-30 02:37:28,74,233,6.92,1,22.37,2.75
2024-04-23 22:52:37,241,42,4.63,1,15.27,2.75
2024-04-11 11:55:06,54,73,1.96,1,5.3,2.75
2024-04-24 04:44:14,159,255,1.89,2,8.85,2.75
2024-04-29 20:42:40,109,188,12.34,1,39.91,2.75
2024-04-30 13:03:45,153,240,1.26,1,5.49,2.75
2024-04-30 05:55:19,163,96,4.99,1,19.98,0.0
2024-04-22 13:31:36,57,76,1.21,3,4.36,0.0
2024-04-11 21:56:09,214,2,8.75,1,26.68,0.0
2024-04-30 09:08:43,28,178,5.24,1,19.86,2.75
2024-04-01 02:29:41,204,112,9.95,3,34.33,2.75
2024-04-28 22:23:07,33,204,7.89,2,25.11,0.0
2024-04-02 05:45:54,122,238,3.29,2,6.09,2.75
2024-04-21 00:02:57,16,26,1.08,1,5.26,2.75
2024-04-13 03:12:58,154,108,1.38,2,5.25,0.0
2024-04-09 04:14:25,218,165,1.29,1,10.66,2.75
2024-04-13 04:17:13,105,55,1.37,2,9.35,0.0
2024-04-11 20:03:04,77,30,2.76,1,10.17,0.0
2024-04-27 06:42:44,87,17,7.58,1,25.41,0.0
2024-04-21 03:18:06,31,81,0.58,1,5.73,0.0
2024-04-08 16:13:47,100,27,1.45,1,7.15,2.75
2024-04-24 16:32:51,155,183,3.68,3,13.4,2.75
2024-04-12 15:19:51,106,4,7.52,1,27.06,2.75
2024-04-09 08:38:20,230,163,1.74,2,10.33,2.75
2024-04-19 03:41:13,3,72,2.19,1,12.0,2.75
2024-04-25 17:03:41,222,76,2.14,1,10.22,0.0
2024-04-06 18:23:05,121,240,1.72,2,9.03,2.75
2024-04-11 13:13:24,160,260,4.7,1,17.89,2.75
2024-04-03 21:02:57,194,11,4.23,1,15.06,2.75
2024-04-11 03:22:23,218,59,6.99,1,24.18,2.75
2024-04-04 19:13:16,191,259,9.24,1,29.05,2.75
2024-04-26 15:31:20,252,202,8.58,1,25.41,2.75
2024-04-07 01:30:46,226,113,3.22,1,12.63,2.75
2024-04-23 18:36:31,1,73,1.22,1,9.27,2.75
2024-04-13 10:26:17,133,236,1.38,1,5.88,2.75
2024-04-09 14:17:27,90,6,3.62,1,14.41,2.75
2024-04-21 22:21:41,6,89,9.27,1,28.54,0.0
2024-04-25 01:59:36,244,114,3.15,5,13.62,2.75
2024-04-20 06:06:13,133,168,10.11,1,32.26,2.75
2024-04-28 22:09:26,116,52,1.56,4,9.93,2.75
2024-04-28 05:31:52,73,62,0.82,2,3.61,2.75
2024-04-09 21:20:26,156,84,6.07,1,24.09,2.75
2024-04-09 11:21:59,211,236,7.9,4,28.3,2.75
2024-04-25 11:02:52,69,157,2.58,1,8.98,2.75
2024-04-16 07:48:32,144,147,0.88,1,3.85,2.75
2024-04-05 13:51:02,199,123,0.65,1,3.35,0.0
2024-04-16 09:38:50,206,182,0.73,1,7.28,2.75
2024-04-26 17:48:23,201,99,2.52,1,7.16,0.0
2024-04-16 23:04:38,239,190,1.44,2,7.6,0.0
2024-04-30 20:49:31,68,251,2.67,1,7.27,0.0
2024-04-02 17:11:46,171,198,2.85,1,8.16,0.0
2024-04-11 05:10:22,70,247,2.64,1,7.19,2.75
2024-04-06 02:57:47,17,57,3.89,1,12.92,2.75
2024-04-26 17:19:35,137,58,4.48,1,13.86,2.75
2024-04-07 01:14:46,219,186,2.26,1,7.43,2.75
2024-04-07 22:31:33,6,62,1.94,1,6.69,2.75
2024-04-17 22:32:56,198,81,2.11,1,8.57,2.75
2024-04-11 23:06:16,132,246,0.75,3,3.15,0.0
2024-04-13 03:34:18,184,249,1.86,1,6.35,2.75
2024-04-17 19:35:40,18,3,1.28,2,10.97,0.0
2024-04-14 23:19:02,213,236,1.7,1,6.61,0.0
2024-04-24 23:42:31,48,51,4.89,1,13.1,0.0
2024-04-10 23:18:45,29,105,16.14,1,52.74,2.75
2024-04-25 16:44:31,153,99,9.5,4,30.19,2.75
2024-04-01 13:32:17,238,80,6.53,1,20.36,2.75
2024-04-26 12:20:23,199,171,5.18,1,16.12,0.0
2024-04-03 02:27:56,14,155,10.65,1,35.57,2.75
2024-04-07 20:28:47,10,30,5.38,2,19.23,2.75
2024-04-27 09:07:07,139,99,2.73,1,9.53,0.0
2024-04-18 06:04:49,167,146,3.72,1,14.16,2.75
2024-04-02 00:22:25,147,235,1.78,1,8.28,2.75
2024-04-02 11:04:58,245,99,0.51,1,4.68,0.0
2024-04-28 19:06:23,70,190,2.03,1,6.69,0.0
2024-04-30 04:56:20,104,257,2.32,1,11.02,2.75
2024-04-09 01:39:03,229,203,5.12,1,16.09,2.75
2024-04-05 07:11:07,138,25,7.36,1,24.68,2.75
2024-04-12 14:40:31,36,175,12.01,3,37.8,0.0
2024-04-18 11:28:27,118,201,2.02,1,8.66,0.0
2024-04-21 16:35:02,255,93,11.55,3,39.66,2.75
2024-04-27 19:39:25,20,50,6.12,2,21.12,2.75
2024-04-30 12:02:32,21,219,0.61,2,6.25,2.75
2024-04-10 06:00:35,256,156,3.67,2,13.91,2.75
2024-04-01 03:48:18,248,57,2.09,2,12.54,2.75
2024-04-01 04:16:16,166,231,0.62,1,5.34,0.0
2024-04-30 19:00:22,255,207,3.15,2,9.11,0.0
2024-04-28 11:00:13,78,215,3.58,1,11.37,2.75
2024-04-28 00:15:43,34,184,1.52,1,5.62,2.75
2024-04-18 03:02:28,99,67,10.34,2,32.93,2.75
2024-04-25 05:21:42,143,247,3.8,1,12.59,2.75
2024-04-08 09:01:33,55,16,1.18,1,3.19,0.0
2024-04-15 16:03:46,3,211,4.97,3,17.29,2.75
2024-04-04 19:17:04,219,74,2.92,1,6.97,2.75
2024-04-08 22:50:55,211,18,2.74,1,14.18,2.75
2024-04-10 17:14:25,149,22,6.8,1,22.73,2.75
2024-04-17 10:55:42,232,106,1.02,4,8.81,0.0
2024-04-17 22:44:54,88,119,2.86,1,9.17,2.75
2024-04-06 03:07:06,211,16,5.81,1,19.71,2.75
2024-04-26 08:14:41,223,184,4.28,1,17.29,2.75
2024-04-18 13:01:37,148,3,0.52,1,7.88,2.75
2024-04-21 23:59:20,207,123,5.92,1,21.41,2.75
2024-04-20 08:56:23,227,243,10.63,1,31.88,2.75
2024-04-23 04:55:41,184,105,4.77,2,16.77,0.0
2024-04-30 18:18:53,41,103,7.8,1,23.61,0.0
2024-04-06 11:20:03,182,208,2.07,2,10.62,2.75
2024-04-18 18:20:51,44,149,2.01,1,9.53,2.75
2024-04-21 12:00:46,210,193,1.85,1,10.12,2.75
2024-04-27 16:50:22,250,222,5.15,1,19.06,2.75
2024-04-07 20:54:55,84,47,10.47,1,34.6,2.75
2024-04-20 01:24:33,139,167,8.08,1,24.14,0.0
2024-04-04 05:36:13,231,87,1.07,1,5.09,0.0
2024-04-08 03:58:33,12,226,3.94,1,15.74,0.0
2024-04-11 15:46:04,90,120,19.79,1,60.21,2.75
2024-04-07 02:30:33,25,248,1.73,1,5.37,0.0
2024-04-14 06:17:45,26,144,4.03,1,16.25,2.75
2024-04-20 19:28:58,153,233,8.8,2,28.98,2.75
2024-04-05 20:42:09,60,3,8.54,3,30.33,0.0
2024-04-25 22:35:40,60,237,1.86,1,7.54,2.75
2024-04-20 19:34:51,171,258,0.85,3,5.43,0.0
2024-04-02 18:09:04,76,26,4.13,1,14.46,2.75
2024-04-15 02:22:54,208,18,10.78,1,35.36,0.0
2024-04-22 18:19:12,155,131,2.98,5,15.39,0.0
2024-04-11 12:34:11,180,17,2.64,1,12.88,0.0
2024-04-05 18:30:30,82,258,7.48,2,27.1,2.75
2024-04-30 21:07:27,10,70,2.43,1,7.8,2.75
2024-04-19 00:18:41,243,185,4.5,1,15.33,2.75
2024-04-09 00:47:38,178,49,2.22,2,9.35,0.0
2024-04-07 02:36:40,257,76,2.16,1,8.14,2.75
2024-04-01 21:52:23,4,16,1.23,1,7.74,0.0
2024-04-05 00:36:26,215,6,0.82,1,6.29,2.75
2024-04-29 19:21:23,30,34,8.07,1,23.94,2.75
2024-04-07 23:49:06,65,59,1.2,1,5.78,0.0
2024-04-20 08:47:08,124,67,0.72,2,3.0,0.0
2024-04-18 23:41:49,153,255,3.56,1,11.3,0.0
2024-04-27 10:33:04,40,157,3.26,1,13.52,0.0
2024-04-24 10:35:21,26,32,3.44,1,14.78,2.75
2024-04-09 10:28:47,159,10,2.71,1,6.4,2.75
2024-04-14 16:10:47,189,192,1.04,1,5.89,2.75
2024-04-02 09:04:55,69,219,0.57,1,6.34,2.75
2024-04-19 14:46:52,1,77,0.67,1,3.0,2.75
2024-04-12 00:16:39,79,20,10.54,1,34.0,0.0
2024-04-26 07:40:02,228,156,3.16,1,7.95,2.75
2024-04-11 00:43:23,46,27,2.29,1,9.36,2.75
2024-04-28 19:58:30,108,153,2.35,2,12.21,2.75
2024-04-04 02:00:41,124,116,4.2,1,15.66,2.75
2024-04-08 08:03:21,148,250,2.15,1,8.03,2.75
2024-04-26 20:20:32,252,45,6.07,1,22.83,0.0
2024-04-03 12:31:25,2,71,1.55,2,5.38,2.75
2024-04-17 12:10:01,222,163,2.1,1,11.9,0.0
2024-04-02 17:04:52,189,76,10.07,2,33.05,2.75
2024-04-06 09:06:04,71,5,1.56,1,6.34,2.75
2024-04-27 01:07:57,97,107,4.29,2,16.1,2.75
2024-04-30 03:52:50,232,119,2.09,2,9.64,2.75
2024-04-11 22:59:00,30,97,2.73,1,13.2,0.0
2024-04-07 20:17:24,30,181,0.66,1,5.59,0.0
2024-04-25 05:14:21,215,1,1.14,1,7.71,0.0
2024-04-01 16:44:23,173,86,0.88,2,4.95,2.75
2024-04-14 12:13:28,211,65,7.02,1,22.63,2.75
2024-04-25 11:08:47,125,103,11.92,2,38.18,0.0
2024-04-16 07:28:44,80,24,0.75,1,6.47,2.75
2024-04-13 06:35:28,184,151,0.78,2,5.89,2.75
2024-04-19 03:40:02,15,253,3.31,3,11.01,2.75
2024-04-15 01:05:20,11,7,2.95,1,9.2,2.75
2024-04-21 11:40:20,89,4,4.18,2,16.36,2.75
2024-04-02 15:38:32,3,251,5.17,1,21.51,0.0
2024-04-04 08:09:41,24,182,6.08,2,20.63,2.75
2024-04-02 11:18:49,89,104,1.07,2,7.69,2.75
2024-04-11 02:48:33,9,52,0.63,1,3.0,0.0
2024-04-04 12:52:05,46,82,8.2,1,28.9,2.75
2024-04-06 03:06:12,94,48,2.72,2,10.28,0.0
2024-04-12 11:33:50,71,217,12.92,1,42.52,2.75
2024-04-07 04:49:15,188,182,3.16,1,16.47,0.0
2024-04-04 16:54:58,139,243,3.0,2,13.02,2.75
2024-04-04 07:27:25,10,220,3.91,1,12.56,2.75
2024-04-24 09:41:03,3,208,1.15,1,3.71,2.75
2024-04-09 18:31:42,19,127,1.53,1,3.56,2.75
2024-04-05 05:41:39,130,182,8.77,1,28.85,2.75
2024-04-11 19:21:48,221,35,1.34,4,4.84,2.75
2024-04-07 07:07:23,130,163,1.43,2,3.28,0.0
2024-04-16 20:42:17,113,203,3.0,1,13.91,2.75
2024-04-03 23:08:14,138,162,4.09,3,15.1,2.75
2024-04-30 15:05:05,43,230,0.5,1,4.69,2.75
2024-04-23 08:28:47,218,4,2.64,3,8.45,2.75
2024-04-16 10:27:40,58,78,2.28,1,11.11,2.75
2024-04-09 02:16:40,113,152,7.52,1,24.35,2.75
2024-04-20 16:39:38,188,116,6.91,1,21.41,2.75
2024-04-20 04:21:41,122,36,8.77,1,29.64,2.75
2024-04-05 02:38:33,85,36,6.96,1,22.46,2.75
2024-04-14 03:38:21,106,55,5.91,1,23.09,0.0
2024-04-02 06:44:35,99,49,7.36,1,25.0,2.75
2024-04-02 02:11:06,9,55,1.17,3,3.0,0.0
2024-04-16 06:39:16,6,260,1.96,1,9.46,0.0
2024-04-25 01:15:53,108,130,4.53,2,21.45,2.75
2024-04-15 15:02:52,152,88,9.48,1,29.15,2.75
2024-04-26 20:02:06,237,126,4.35,3,12.41,0.0
2024-04-04 10:21:48,27,185,1.32,4,10.25,2.75
2024-04-12 18:21:27,119,30,10.63,1,32.81,2.75
2024-04-26 22:17:24,211,208,5.5,2,19.28,2.75
2024-04-03 19:04:32,100,8,4.91,1,14.58,0.0
2024-04-28 19:37:29,3,142,5.53,1,17.56,2.75
2024-04-15 03:08:45,17,212,4.27,1,14.6,0.0
2024-04-24 18:21:41,106,132,0.58,3,4.84,2.75
2024-04-04 11:30:46,230,102,1.52,2,5.17,0.0
2024-04-01 04:21:15,177,75,11.48,4,37.22,2.75
2024-04-14 12:09:20,84,100,1.69,2,5.55,2.75
2024-04-14 01:00:05,263,232,5.67,1,20.14,2.75
2024-04-17 04:51:17,196,236,2.43,1,9.26,2.75
2024-04-15 16:28:15,249,55,8.83,1,28.72,0.0
2024-04-20 10:16:15,149,254,3.35,2,11.49,2.75
2024-04-24 13:02:38,206,215,4.0,1,16.07,2.75
2024-04-22 14:41:34,81,159,1.46,1,8.53,2.75
2024-04-13 18:29:31,189,259,0.71,2,3.95,2.75
2024-04-17 10:07:39,206,228,5.45,1,18.06,2.75
2024-04-09 12:02:23,255,145,0.75,2,8.57,2.75
2024-04-02 04:50:45,8,80,4.98,1,18.4,0.0
2024-04-16 17:58:26,114,39,3.34,2,13.83,2.75
2024-04-12 02:51:45,5,194,6.5,5,24.75,2.75
2024-04-12 02:53:39,73,197,1.31,1,5.82,2.75
2024-04-15 11:46:42,121,97,3.23,1,15.08,0.0
2024-04-11 00:34:29,234,246,3.83,1,10.11,2.75
2024-04-27 22:14:45,66,76,0.77,1,8.33,0.0
2024-04-10 14:35:54,230,253,5.2,1,16.77,0.0
2024-04-05 07:40:18,31,8,2.22,1,10.23,2.75
2024-04-06 12:28:28,51,199,0.98,1,6.8,0.0
2024-04-29 06:43:00,147,252,2.21,1,8.13,0.0
2024-04-27 06:01:43,95,18,0.86,1,7.07,2.75
2024-04-17 23:22:39,38,242,8.16,1,28.79,0.0
2024-04-03 21:03:15,198,253,2.64,1,10.35,2.75
2024-04-23 14:19:21,241,4,1.02,1,3.68,2.75
2024-04-27 08:28:01,173,237,1.52,1,9.96,2.75
2024-04-27 15:24:51,256,179,5.01,1,18.2,2.75
2024-04-16 11:03:47,41,12,5.9,2,22.65,2.75
2024-04-11 15:36:40,129,258,0.65,2,3.0,2.75
2024-04-10 17:24:31,54,259,0.72,1,5.95,2.75
2024-04-19 11:24:21,86,85,9.22,1,29.15,0.0
2024-04-19 07:02:48,212,112,1.91,4,8.08,2.75
2024-04-13 00:16:03,21,206,1.25,2,7.97,0.0
2024-04-13 00:45:28,215,222,0.96,1,3.0,2.75
2024-04-14 15:15:52,189,18,2.76,1,9.4,2.75
2024-04-01 02:42:45,161,13,5.66,1,20.25,2.75
2024-04-25 09:19:14,201,41,3.08,3,8.39,2.75
2024-04-22 05:05:17,29,40,0.57,4,4.85,2.75
2024-04-22 08:53:18,244,89,2.82,1,8.59,2.75
2024-04-27 07:17:40,183,101,1.81,1,11.55,2.75
2024-04-16 03:03:42,32,219,4.52,1,17.2,2.75
2024-04-06 12:41:38,36,215,3.09,1,13.24,2.75
2024-04-28 02:46:12,93,10,12.27,4,37.31,0.0
2024-04-07 03:28:49,159,217,3.69,1,13.62,2.75
2024-04-30 06:41:17,180,121,4.0,1,13.79,2.75
2024-04-27 19:46:14,218,163,3.07,1,12.68,2.75
2024-04-15 01:10:37,227,152,1.8,1,9.36,2.75
2024-04-25 06:27:32,212,84,3.99,1,14.24,0.0
2024-04-24 20:43:58,163,202,1.92,1,8.49,2.75
2024-04-17 21:16:55,158,50,4.92,5,16.75,2.75
2024-04-06 17:38:41,110,149,1.45,1,10.43,2.75
2024-04-17 01:48:23,55,220,2.1,1,6.56,0.0
2024-04-13 04:38:55,214,155,3.57,1,10.46,2.75
2024-04-24 01:42:17,15,97,3.97,1,15.02,0.0
2024-04-12 17:57:04,153,99,4.37,2,14.38,2.75
2024-04-28 21:28:18,20,186,4.72,1,14.62,2.75
2024-04-12 15:14:12,52,134,1.84,1,8.79,0.0
2024-04-25 02:37:09,84,147,8.31,1,25.28,2.75
2024-04-25 14:06:07,224,113,0.61,2,4.59,2.75
2024-04-25 21:49:58,129,17,1.23,1,5.74,2.75
2024-04-13 00:27:50,16,34,0.75,1,4.57,2.75
2024-04-21 21:42:09,77,62,4.4,1,13.93,2.75
2024-04-13 00:38:09,92,196,1.62,1,5.54,0.0
2024-04-17 06:21:53,52,87,1.28,2,5.7,2.75
2024-04-30 05:14:22,121,123,2.79,1,14.11,2.75
2024-04-02 22:26:38,50,254,3.88,2,11.05,2.75
2024-04-04 22:46:20,120,127,3.88,5,15.04,0.0
2024-04-04 19:56:52,95,162,3.35,1,10.22,2.75
2024-04-16 17:56:15,149,172,17.39,1,54.99,2.75
2024-04-08 20:12:58,257,252,7.39,2,24.69,0.0
2024-04-08 05:43:32,184,9,1.46,1,7.37,2.75
2024-04-03 11:27:31,260,251,5.48,1,22.39,2.75
2024-04-30 08:18:22,150,239,3.45,1,14.67,2.75
2024-04-07 08:49:22,205,35,0.76,1,4.64,0.0
2024-04-07 01:59:49,172,104,0.68,1,7.5,2.75
2024-04-16 20:12:17,222,157,6.13,1,18.98,0.0
2024-04-19 16:56:23,168,174,3.26,1,9.97,2.75
2024-04-04 07:03:19,244,198,3.46,1,16.32,0.0
2024-04-18 23:04:30,218,211,1.93,1,8.58,2.75
2024-04-30 18:39:46,56,218,9.82,1,33.45,2.75
2024-04-29 13:03:40,63,201,4.87,2,15.03,2.75
2024-04-13 12:21:51,103,233,9.7,1,30.4,0.0
2024-04-15 22:16:23,167,116,0.87,1,8.24,2.75
2024-04-23 16:43:59,7,77,3.57,1,9.29,0.0
2024-04-26 18:10:57,142,218,4.05,1,15.18,2.75
2024-04-21 12:06:17,125,53,0.97,1,7.94,2.75
2024-04-20 10:55:13,90,84,1.99,1,4.93,2.75
2024-04-05 19:15:27,216,258,1.35,5,6.59,2.75
2024-04-16 05:39:10,123,132,15.07,1,43.17,2.75
2024-04-13 21:27:44,186,199,3.24,1,11.86,0.0
2024-04-02 13:17:58,153,83,1.83,1,8.57,2.75
2024-04-10 18:05:21,249,249,4.32,1,15.93,2.75
2024-04-04 06:04:57,114,69,4.27,1,17.42,0.0
2024-04-17 08:07:32,96,142,1.99,3,8.81,2.75
2024-04-20 20:06:44,198,140,18.36,2,57.99,2.75
2024-04-28 06:28:18,3,257,6.29,1,22.21,2.75
2024-04-26 04:28:02,149,4,2.29,1,8.68,2.75
2024-04-27 10:29:00,111,90,4.28,2,15.44,2.75
2024-04-04 23:15:25,20,15,4.84,1,14.49,2.75
2024-04-26 21:41:23,203,136,1.17,1,13.19,2.75
2024-04-19 13:00:28,182,220,7.87,1,27.01,2.75
2024-04-26 11:41:38,227,182,6.62,1,20.94,2.75
2024-04-15 14:09:21,76,127,5.43,1,21.84,2.75
2024-04-09 18:28:50,223,126,1.38,1,10.71,2.75
2024-04-29 10:55:47,36,195,1.01,1,4.42,2.75
2024-04-30 11:41:03,90,198,1.2,4,4.83,2.75
2024-04-11 16:33:38,29,218,0.84,1,8.71,2.75
2024-04-11 05:48:27,176,8,10.36,1,31.41,2.75
2024-04-03 21:50:42,220,231,7.17,5,25.04,0.0
2024-04-16 06:40:55,136,191,0.83,1,4.46,2.75
2024-04-18 22:35:47,175,93,4.47,1,17.86,2.75
2024-04-04 16:05:52,126,145,1.49,3,8.41,2.75
2024-04-09 02:01:48,171,16,0.56,1,4.63,2.75
2024-04-04 01:48:41,134,113,1.71,1,8.34,0.0
2024-04-01 20:31:56,26,196,2.53,1,8.19,0.0
2024-04-20 18:26:52,100,205,0.57,1,4.3,0.0
2024-04-05 22:22:21,30,68,1.87,1,8.07,2.75
2024-04-12 20:19:45,133,127,4.72,1,15.46,2.75
2024-04-24 08:32:29,139,160,1.41,1,5.51,0.0
2024-04-01 16:28:34,191,152,2.82,2,9.37,0.0
2024-04-22 17:10:13,187,151,8.15,1,28.8,2.75
2024-04-05 16:18:31,140,63,0.6,3,4.47,2.75
2024-04-08 01:10:03,237,184,5.89,1,18.13,2.75
2024-04-28 00:15:28,200,213,2.2,1,10.83,0.0
2024-04-01 15:44:40,80,73,3.23,1,14.45,2.75
2024-04-24 17:32:57,259,154,1.42,1,6.15,2.75
2024-04-06 20:39:27,101,188,3.53,1,11.72,2.75
2024-04-08 07:27:13,32,60,5.09,1,20.48,0.0
2024-04-28 15:17:38,121,256,1.29,1,9.97,2.75
2024-04-01 05:08:30,55,183,1.97,1,10.8,2.75
2024-04-06 09:21:45,18,25,3.43,3,12.66,2.75
2024-04-09 19:06:27,121,25,2.39,1,8.2,0.0
2024-04-18 21:21:41,110,38,1.71,1,3.63,2.75
2024-04-09 09:53:07,61,100,2.6,1,12.72,0.0
2024-04-11 20:03:52,127,147,1.7,1,4.61,0.0
2024-04-09 17:31:23,137,55,1.76,1,6.05,2.75
2024-04-07 04:43:02,78,72,3.8,1,13.0,2.75
2024-04-23 18:48:07,207,243,2.77,3,11.97,2.75
2024-04-19 08:25:08,184,127,4.46,1,10.36,2.75
2024-04-15 19:49:16,89,254,6.86,2,23.25,2.75
2024-04-26 06:23:06,229,68,10.52,1,37.5,2.75
2024-04-17 10:21:42,64,153,1.07,1,4.42,2.75
2024-04-01 14:39:08,55,149,3.94,1,15.75,2.75
2024-04-13 20:40:27,188,226,3.56,1,12.23,0.0
2024-04-16 14:18:47,191,180,7.56,1,25.74,2.75
2024-04-24 04:47:58,95,3,8.42,1,27.47,2.75
2024-04-01 07:57:49,90,201,5.5,1,16.98,0.0
2024-04-28 14:43:55,247,7,3.67,1,14.5,2.75
2024-04-23 19:03:07,75,155,1.28,1,6.82,2.75
2024-04-03 16:54:30,62,257,1.63,1,7.5,0.0
2024-04-22 15:19:23,222,168,3.73,2,16.7,2.75
2024-04-22 14:48:11,121,163,1.03,2,5.42,0.0
2024-04-25 13:41:33,28,11,1.21,1,6.86,2.75
2024-04-14 21:52:14,23,131,8.98,1,28.01,0.0
2024-04-01 00:59:59,99,205,11.46,1,38.27,2.75
2024-04-14 14:58:09,110,92,0.52,5,3.0,2.75
2024-04-10 10:02:05,203,111,7.44,2,25.05,2.75
2024-04-16 07:30:38,106,247,10.23,1,32.27,0.0
2024-04-28 08:12:31,46,61,3.11,1,12.68,2.75
2024-04-08 11:17:32,257,110,2.59,4,8.69,2.75
2024-04-20 03:50:43,144,232,9.29,1,31.3,2.75
2024-04-14 08:23:13,25,125,0.53,1,4.11,2.75
2024-04-25 07:49:54,62,203,6.92,1,25.94,2.75
2024-04-18 18:14:46,230,260,1.73,1,4.18,2.75
2024-04-19 07:29:45,82,23,4.09,1,12.89,0.0
2024-04-17 02:18:08,211,200,1.87,1,6.96,2.75
2024-04-30 12:19:46,197,80,3.09,1,12.29,0.0
2024-04-07 00:48:35,198,53,6.28,3,22.17,2.75
2024-04-17 23:43:56,162,53,1.2,2,7.24,2.75
2024-04-22 04:01:58,208,228,4.32,1,15.88,2.75
2024-04-24 00:23:59,44,180,8.5,2,27.89,0.0
2024-04-26 03:02:52,221,200,8.6,1,27.25,2.75
2024-04-21 16:25:37,146,192,8.36,1,29.1,2.75
2024-04-07 09:16:04,69,23,3.06,1,10.14,2.75
2024-04-21 16:57:13,140,40,5.61,3,20.12,2.75
2024-04-14 12:42:11,10,230,2.57,2,10.56,2.75
2024-04-02 15:24:28,111,18,2.66,1,7.35,0.0
2024-04-13 04:20:57,37,222,1.67,1,8.32,2.75
2024-04-27 22:55:41,81,164,1.68,1,12.8,2.75
2024-04-27 04:28:56,96,169,0.63,1,8.43,2.75
2024-04-25 14:20:58,55,1,3.15,1,14.19,2.75
2024-04-09 15:48:38,132,254,1.79,1,9.1,2.75
2024-04-24 09:58:26,223,199,1.23,1,3.94,0.0
2024-04-28 23:51:38,63,212,0.95,2,6.18,2.75
2024-04-26 16:20:01,12,170,1.99,1,12.7,0.0
2024-04-05 05:41:14,146,152,8.52,1,26.98,2.75
2024-04-21 03:40:18,32,65,3.04,1,8.52,2.75
2024-04-30 23:23:37,49,18,3.35,1,14.35,2.75
2024-04-12 21:21:46,187,90,0.7,1,3.08,2.75
2024-04-23 23:07:10,99,14,3.07,1,9.62,2.75
2024-04-04 02:04:11,167,19,4.36,1,16.29,2.75
2024-04-03 01:16:15,213,82,1.07,1,7.48,2.75
2024-04-20 18:25:28,199,249,14.88,1,47.44,2.75
2024-04-26 18:47:46,246,109,9.13,1,31.65,2.75
2024-04-18 12:55:55,154,7,17.92,1,58.94,2.75
2024-04-13 10:21:46,96,2,2.06,2,9.65,0.0
2024-04-28 01:35:00,63,263,6.55,4,23.36,2.75
2024-04-13 07:31:21,194,28,1.9,1,7.62,2.75
2024-04-26 12:50:49,90,254,5.34,1,22.32,0.0
2024-04-22 03:24:29,85,85,10.84,1,36.1,2.75
2024-04-21 17:33:23,36,201,1.09,2,6.77,2.75
2024-04-30 23:13:21,18,78,1.03,1,5.01,2.75
2024-04-13 17:43:40,77,210,0.89,1,3.8,0.0
2024-04-12 16:14:42,49,126,6.1,2,19.28,0.0
2024-04-02 12:13:56,236,10,4.34,1,14.78,2.75
2024-04-02 00:49:23,44,240,3.09,1,11.9,0.0
2024-04-28 23:41:53,109,170,5.7,1,20.33,2.75
2024-04-20 09:31:42,129,169,7.14,1,20.41,2.75
2024-04-19 17:52:10,7,257,10.95,2,38.03,2.75
2024-04-05 16:50:01,112,250,1.29,1,6.09,2.75
2024-04-14 07:20:22,213,184,2.54,2,13.25,0.0
2024-04-01 10:23:23,66,229,9.47,5,32.01,2.75
2024-04-15 02:00:41,31,203,2.67,1,11.22,2.75
2024-04-05 14:17:26,14,172,2.84,1,13.39,2.75
2024-04-14 15:49:41,58,81,10.49,1,36.99,2.75
2024-04-22 00:34:50,242,49,5.14,2,17.95,2.75
2024-04-27 00:46:10,248,215,3.31,1,15.41,2.75
2024-04-28 13:53:20,98,177,2.05,1,8.92,2.75
2024-04-20 11:36:55,162,95,9.14,1,29.76,0.0
2024-04-13 14:51:37,247,118,0.53,3,3.73,0.0
2024-04-02 06:59:57,4,98,1.86,3,5.55,0.0
2024-04-03 00:02:02,261,74,10.72,1,29.47,2.75
2024-04-17 08:02:59,45,37,2.91,4,10.02,2.75
2024-04-28 17:00:19,211,187,3.92,3,15.04,2.75
2024-04-10 01:58:37,244,235,3.16,1,13.12,0.0
2024-04-12 11:08:53,203,71,2.27,1,5.77,0.0
2024-04-20 13:13:44,203,149,4.33,1,16.66,2.75
2024-04-29 11:27:16,27,262,5.59,1,17.14,2.75
2024-04-21 21:59:39,118,140,2.09,1,10.7,2.75
2024-04-23 00:56:28,226,31,3.63,2,14.48,2.75
2024-04-05 00:42:05,205,155,0.8,1,3.0,0.0
2024-04-22 15:42:22,247,116,3.28,1,11.3,0.0
2024-04-03 05:56:42,49,209,5.32,2,15.74,0.0
2024-04-04 17:22:01,253,115,3.58,1,14.76,2.75
2024-04-30 09:05:09,78,51,7.88,1,26.11,2.75
2024-04-19 16:47:00,257,72,1.68,1,6.84,2.75
2024-04-20 03:19:54,120,128,2.87,1,10.18,2.75
2024-04-24 19:44:07,35,249,0.82,2,7.97,2.75
2024-04-30 03:31:20,143,143,4.71,2,16.83,2.75
2024-04-08 00:36:30,197,167,2.55,4,11.66,2.75
2024-04-15 14:19:20,260,70,3.15,2,12.03,0.0
2024-04-04 11:32:47,84,8,0.98,1,4.9,0.0
2024-04-10 20:02:15,192,163,21.27,1,70.81,2.75
2024-04-01 15:44:50,22,63,5.67,1,17.06,2.75
2024-04-21 14:51:58,24,234,2.29,1,7.56,2.75
2024-04-14 06:45:56,75,218,3.45,1,13.22,0.0
2024-04-17 23:03:46,134,253,3.87,2,11.17,0.0
2024-04-06 23:52:06,167,194,11.83,1,34.73,2.75
2024-04-11 15:59:54,110,257,5.62,4,18.95,2.75
2024-04-27 03:17:12,90,242,2.01,5,6.6,2.75
2024-04-11 02:47:55,37,108,13.81,1,46.04,0.0
2024-04-22 00:10:17,51,37,1.76,2,9.07,2.75
2024-04-06 06:41:22,60,11,3.51,1,14.0,0.0
2024-04-17 12:41:34,72,84,4.72,1,17.14,0.0
2024-04-30 09:02:22,128,218,1.61,3,3.48,2.75
2024-04-21 13:53:18,62,238,11.46,1,36.25,2.75
2024-04-28 07:40:06,179,47,1.35,4,8.76,2.75
2024-04-06 11:59:57,28,132,2.54,1,8.97,2.75
2024-04-14 15:47:14,240,211,1.19,2,10.11,0.0
2024-04-24 10:23:13,232,205,7.78,1,27.47,2.75
2024-04-27 18:19:04,153,83,1.38,1,8.45,2.75
2024-04-15 22:34:18,7,77,0.62,1,4.82,2.75
2024-04-22 19:00:09,65,140,0.64,1,6.31,0.0
2024-04-11 05:08:37,123,128,2.37,3,8.68,0.0
2024-04-15 11:38:25,36,66,3.09,1,14.68,2.75
2024-04-24 23:51:02,238,242,0.65,4,3.0,2.75
2024-04-15 22:17:56,73,151,0.84,1,3.0,2.75
2024-04-13 09:52:54,30,55,0.86,1,4.65,2.75
2024-04-17 20:15:57,227,147,4.36,1,13.2,2.75
2024-04-25 12:56:19,5,67,1.75,3,5.29,2.75
2024-04-06 18:57:32,65,151,3.39,2,13.23,0.0
2024-04-30 22:53:19,235,4,0.77,1,3.57,2.75
2024-04-22 07:17:19,115,18,8.29,1,28.21,2.75
2024-04-21 18:16:41,246,12,1.77,1,11.81,0.0
2024-04-01 16:12:14,17,256,5.77,2,18.26,2.75
2024-04-20 09:40:00,37,35,6.63,1,24.99,2.75
2024-04-05 20:41:31,219,43,15.95,2,50.05,0.0
2024-04-08 20:51:14,137,78,5.23,1,18.75,0.0
2024-04-19 04:43:00,246,52,2.55,2,12.88,2.75
2024-04-04 00:00:01,38,17,1.08,1,10.02,0.0
2024-04-07 03:30:22,251,211,0.67,2,5.27,2.75
2024-04-21 16:22:16,53,227,8.11,1,28.47,0.0
2024-04-04 14:31:33,203,33,2.57,1,11.34,2.75
2024-04-02 14:35:23,49,77,5.35,1,21.67,0.0
2024-04-23 16:18:06,122,68,2.9,1,12.14,2.75
2024-04-26 19:23:44,16,50,7.91,1,27.4,0.0
2024-04-25 22:16:06,236,158,5.35,2,17.06,2.75
2024-04-03 08:31:14,121,198,0.81,2,5.27,2.75
2024-04-02 11:12:25,139,258,5.38,1,17.69,2.75
2024-04-21 20:42:52,87,34,1.59,3,5.35,2.75
2024-04-06 06:40:21,130,212,5.69,1,19.18,2.75
2024-04-29 14:35:09,252,64,10.88,2,33.38,2.75
2024-04-16 21:34:11,47,155,9.81,1,28.34,2.75
2024-04-11 10:13:14,79,40,0.97,1,4.09,0.0
2024-04-23 08:47:37,219,160,0.7,1,5.73,0.0
2024-04-17 06:58:59,111,14,5.75,1,18.77,0.0
2024-04-22 16:40:31,227,120,4.83,1,15.83,2.75
2024-04-25 06:29:18,256,46,1.18,1,5.45,0.0
2024-04-14 08:03:08,39,110,4.54,1,13.81,2.75
2024-04-24 20:37:11,135,219,0.55,3,3.0,2.75
2024-04-01 23:55:20,98,121,3.99,2,13.96,2.75
2024-04-11 11:04:01,34,46,6.75,1,23.32,2.75
2024-04-11 03:42:30,68,54,4.09,5,10.82,0.0
2024-04-07 20:08:08,191,54,0.74,3,3.44,2.75
2024-04-12 21:15:23,199,4,16.98,1,50.54,2.75
2024-04-07 03:31:48,48,240,2.04,1,8.39,0.0
2024-04-15 01:52:53,259,80,2.18,3,11.94,2.75
2024-04-04 15:07:58,213,201,0.81,3,3.58,0.0
2024-04-21 16:58:07,162,202,1.14,1,4.8,2.75
2024-04-22 01:04:44,113,256,1.61,2,8.56,0.0
2024-04-29 06:31:56,137,199,6.12,2,23.04,2.75
2024-04-15 04:51:43,12,73,4.62,2,15.8,0.0
2024-04-17 03:16:48,238,176,3.57,5,15.55,2.75
2024-04-27 09:30:57,176,219,7.48,2,21.56,2.75
2024-04-16 06:47:11,225,224,21.93,1,71.71,2.75
2024-04-07 04:18:05,75,93,2.2,2,10.28,0.0
2024-04-21 17:37:36,135,152,2.24,1,6.7,2.75
2024-04-03 11:09:56,82,80,5.16,1,15.15,2.75
2024-04-11 09:45:05,83,208,4.12,1,13.6,2.75
2024-04-05 18:26:38,142,92,0.55,1,4.68,2.75
2024-04-06 09:16:00,209,20,4.23,1,18.18,2.75
2024-04-24 21:32:11,215,53,4.95,1,16.81,2.75
2024-04-10 22:27:48,255,83,15.42,1,49.11,2.75
2024-04-14 03:05:21,188,74,3.59,1,15.81,2.75
2024-04-15 20:27:04,247,130,4.54,1,15.18,2.75
2024-04-02 05:43:18,255,259,5.94,1,21.39,0.0
2024-04-25 20:26:13,162,184,0.85,1,6.22,2.75
2024-04-07 00:33:30,167,66,5.14,1,16.52,2.75
2024-04-14 15:34:08,78,153,3.27,3,15.08,0.0
2024-04-05 09:45:03,175,196,0.87,1,3.93,0.0
2024-04-24 01:39:15,20,15,4.38,1,16.29,2.75
2024-04-09 14:54:35,96,210,1.44,1,7.11,2.75
2024-04-05 21:46:58,180,135,3.2,4,9.63,0.0
2024-04-18 16:35:45,95,82,1.65,3,4.54,2.75
2024-04-21 23:58:05,71,71,0.89,1,10.29,2.75
2024-04-09 05:33:02,190,172,1.51,3,7.92,0.0
2024-04-29 11:53:05,132,123,2.52,1,13.33,0.0
2024-04-01 22:18:11,139,210,2.89,1,12.81,2.75
2024-04-21 03:12:08,102,64,1.06,1,6.21,2.75
2024-04-07 17:11:34,29,63,1.85,1,8.81,2.75
2024-04-24 01:25:49,18,8,7.37,3,27.65,2.75
2024-04-08 06:35:56,244,245,8.94,1,29.42,0.0
2024-04-03 13:26:03,175,165,3.18,4,11.37,0.0
2024-04-22 21:37:16,89,93,2.86,3,12.88,2.75
2024-04-22 23:07:58,20,199,3.55,1,10.52,2.75
2024-04-26 10:53:43,18,124,1.35,1,7.51,0.0
2024-04-02 06:42:52,38,55,18.16,1,59.16,2.75
2024-04-26 21:09:09,89,190,5.29,1,15.96,2.75
2024-04-22 06:35:15,150,143,1.45,1,9.23,2.75
2024-04-26 06:32:20,204,97,1.61,2,4.01,0.0
2024-04-22 13:23:45,233,197,4.16,1,12.68,2.75
2024-04-10 16:21:47,104,81,1.86,1,8.7,0.0
2024-04-20 16:11:02,111,109,2.04,2,13.46,2.75
2024-04-10 08:44:23,225,209,5.81,3,17.06,2.75
2024-04-08 11:50:08,221,115,1.59,1,7.43,0.0
2024-04-23 08:42:46,26,241,4.78,2,15.29,2.75
2024-04-05 15:24:59,64,204,10.06,1,33.76,0.0
2024-04-14 20:27:25,254,201,0.96,1,6.66,2.75
2024-04-24 00:00:14,249,155,1.05,1,3.51,0.0
2024-04-25 15:51:42,224,70,10.52,1,34.81,0.0
2024-04-04 04:53:06,131,179,1.3,1,8.08,0.0
2024-04-05 20:03:19,30,168,0.57,1,8.04,2.75
2024-04-16 03:49:24,10,6,7.6,1,24.81,2.75
2024-04-07 23:43:46,89,132,1.66,1,11.57,2.75
2024-04-04 18:02:38,147,259,1.74,1,6.53,2.75
2024-04-05 07:27:09,127,141,1.4,1,8.12,0.0
2024-04-08 07:02:47,186,205,9.24,1,28.26,2.75
2024-04-02 01:10:29,124,181,5.71,1,20.74,2.75
2024-04-25 02:52:38,107,47,3.68,1,8.61,0.0
2024-04-29 04:42:06,6,136,2.61,1,10.89,2.75
2024-04-16 16:44:18,51,233,1.04,4,9.55,2.75
2024-04-28 20:30:06,136,202,9.61,2,30.55,2.75
2024-04-14 11:17:22,2,32,5.35,3,20.73,0.0
2024-04-15 07:35:38,18,192,1.64,1,6.05,0.0
2024-04-06 04:07:30,249,91,10.81,1,38.44,0.0
2024-04-15 19:30:17,185,71,10.08,1,30.72,2.75
2024-04-16 01:03:45,222,35,4.27,1,15.46,2.75
2024-04-26 01:07:44,228,220,15.2,1,47.09,0.0
2024-04-01 21:59:43,194,199,1.23,2,8.06,2.75
2024-04-01 16:44:42,210,106,5.1,1,16.72,0.0
2024-04-25 22:43:21,72,52,1.08,1,5.22,2.75
2024-04-19 15:30:40,117,17,4.62,1,11.0,2.75
2024-04-07 03:54:11,5,9,9.33,1,30.91,2.75
2024-04-02 10:24:04,7,180,3.19,1,12.57,0.0
2024-04-29 12:24:43,21,3,5.54,5,18.33,2.75
2024-04-09 17:54:00,37,182,1.04,3,3.0,2.75
2024-04-29 03:21:15,173,167,4.01,3,13.35,2.75
2024-04-14 21:33:11,62,251,0.73,1,5.65,0.0
2024-04-24 23:32:59,206,81,0.63,1,3.0,2.75
2024-04-25 02:30:55,101,27,4.02,1,9.32,0.0
2024-04-29 09:29:27,119,118,3.48,1,14.82,2.75
2024-04-25 19:40:04,179,227,1.9,2,8.18,0.0
2024-04-06 06:46:35,132,195,3.02,1,14.64,2.75
2024-04-22 19:40:43,75,141,4.54,1,15.5,2.75
2024-04-29 08:30:42,45,243,4.12,1,13.78,2.75
2024-04-29 19:46:28,144,17,0.77,5,3.0,2.75
2024-04-11 13:23:54,137,184,4.47,2,20.55,2.75
2024-04-29 13:28:37,208,48,4.27,5,15.39,2.75
2024-04-27 13:53:17,231,16,4.38,1,14.4,2.75
2024-04-18 21:57:20,95,193,7.08,1,22.13,2.75
2024-04-14 02:58:29,261,14,3.51,1,17.66,0.0
2024-04-04 03:49:11,127,228,10.23,1,33.52,0.0
2024-04-12 13:59:38,167,116,14.19,1,47.23,2.75
2024-04-09 07:35:25,18,224,5.38,3,19.47,2.75
2024-04-25 08:52:14,148,29,2.05,2,11.39,2.75
2024-04-06 23:24:03,247,28,1.04,1,5.53,0.0
2024-04-18 21:00:49,130,46,6.5,1,22.13,2.75
2024-04-07 05:49:13,42,60,1.05,1,5.26,0.0
2024-04-29 07:06:06,203,148,1.05,1,8.14,2.75
2024-04-25 10:32:57,181,52,9.3,3,31.59,2.75
2024-04-15 03:00:47,181,150,3.37,1,16.16,0.0
2024-04-21 10:18:33,144,144,1.72,4,7.35,0.0
2024-04-23 17:13:41,61,149,12.04,1,36.72,2.75
2024-04-29 05:52:22,209,172,4.8,1,18.27,2.75
2024-04-10 12:58:03,166,149,3.18,1,12.64,2.75
2024-04-19 07:21:20,143,104,1.9,3,6.96,2.75
2024-04-18 14:07:25,61,139,4.45,1,13.45,2.75
2024-04-01 00:36:15,263,120,5.09,1,18.54,2.75
2024-04-16 07:14:21,124,37,4.86,1,12.65,2.75
2024-04-27 11:01:53,238,172,1.26,1,5.69,2.75
2024-04-04 23:54:19,30,124,4.68,2,18.58,2.75
2024-04-28 15:44:50,255,212,3.55,1,13.19,2.75
2024-04-05 22:54:13,90,194,7.14,1,21.56,2.75
2024-04-07 11:14:27,139,21,3.93,1,14.09,2.75
2024-04-14 06:05:30,207,241,1.05,1,5.05,2.75
2024-04-17 18:08:18,93,145,1.84,4,13.5,0.0
2024-04-01 11:19:11,134,142,5.27,5,22.72,0.0
2024-04-15 11:00:47,204,165,5.21,5,19.12,0.0
2024-04-14 09:28:46,110,134,1.38,1,7.69,0.0
2024-04-03 08:52:30,38,178,2.03,2,6.63,2.75
2024-04-08 06:50:43,22,85,0.55,3,3.0,2.75
2024-04-12 10:29:04,225,205,1.91,1,8.13,2.75
2024-04-30 03:21:07,168,38,0.59,1,4.71,0.0
2024-04-13 00:45:35,135,166,7.72,2,26.46,2.75
2024-04-18 05:49:10,110,24,4.34,1,13.7,2.75
2024-04-27 10:31:42,224,18,12.67,1,41.66,2.75
2024-04-10 05:33:54,168,160,8.29,1,24.51,0.0
2024-04-05 07:12:31,107,222,3.74,2,12.88,2.75
2024-04-24 05:51:05,24,102,2.95,2,12.18,2.75
2024-04-20 18:20:21,211,89,8.03,1,22.26,2.75
2024-04-13 15:06:53,171,158,1.74,1,5.93,2.75
2024-04-08 19:08:46,69,88,1.39,3,6.53,0.0
2024-04-23 04:12:34,222,133,2.35,1,9.34,2.75
2024-04-24 07:31:59,153,260,0.69,1,3.0,2.75
2024-04-02 19:14:07,201,179,1.76,5,5.4,2.75
2024-04-28 18:48:46,219,115,0.81,1,5.55,0.0
2024-04-21 15:22:40,104,83,0.69,1,3.0,0.0
2024-04-12 13:42:47,230,237,3.31,1,11.26,2.75
2024-04-29 17:49:42,54,239,4.81,1,17.65,0.0
2024-04-14 15:15:02,189,66,3.19,1,11.55,2.75
2024-04-06 08:17:13,222,148,0.76,1,4.37,0.0
2024-04-08 20:26:21,75,204,2.26,3,10.81,0.0
2024-04-17 20:50:49,172,114,0.91,1,3.31,0.0
2024-04-13 03:41:48,42,189,4.18,1,13.52,2.75
2024-04-21 07:25:41,157,84,6.63,1,22.45,0.0
2024-04-14 01:55:27,81,100,0.93,5,3.88,2.75
2024-04-27 05:26:20,208,198,0.74,5,4.25,2.75
2024-04-26 12:11:26,86,34,2.32,3,7.78,2.75
2024-04-11 10:07:09,232,79,1.77,2,6.74,0.0
2024-04-09 10:46:42,177,131,1.56,1,8.56,2.75
2024-04-12 00:21:50,107,72,1.33,1,5.11,2.75
2024-04-10 16:56:40,139,243,1.83,3,9.4,0.0
2024-04-02 07:25:23,102,139,12.27,1,41.03,2.75
2024-04-21 03:16:23,30,174,7.32,1,22.29,0.0
2024-04-16 09:16:02,194,17,3.72,1,15.27,2.75
2024-04-16 00:22:07,244,47,6.14,2,17.8,0.0
2024-04-13 13:24:45,185,30,0.55,1,3.0,0.0
2024-04-10 16:07:49,247,40,0.91,1,7.53,2.75
2024-04-08 18:19:34,118,199,1.71,1,7.86,2.75
2024-04-22 23:16:24,73,156,4.11,1,14.37,2.75
2024-04-14 15:00:09,69,59,8.02,3,27.19,2.75
2024-04-11 00:38:17,242,214,1.42,1,4.49,2.75
2024-04-20 13:27:25,152,263,1.02,3,5.12,2.75
2024-04-07 18:52:27,94,24,7.09,1,25.61,2.75
2024-04-04 14:28:14,229,239,2.34,1,13.31,2.75
2024-04-19 16:19:15,30,54,4.71,1,16.76,0.0
2024-04-27 15:15:48,113,172,3.28,1,14.71,2.75
2024-04-25 06:47:35,148,209,1.18,1,4.66,2.75
2024-04-15 22:13:20,57,45,4.72,1,18.79,2.75
2024-04-10 17:31:07,177,250,2.41,3,9.58,2.75
2024-04-27 11:13:09,56,7,1.69,1,7.63,2.75
2024-04-15 03:32:51,237,259,8.65,3,28.09,2.75
2024-04-13 13:09:08,77,88,0.52,2,3.0,2.75
2024-04-22 15:11:00,124,189,2.32,1,7.47,2.75
2024-04-05 01:00:07,28,30,1.75,1,8.28,2.75
2024-04-30 03:49:39,142,5,0.7,1,3.0,2.75
2024-04-08 04:43:48,158,200,0.79,3,5.94,2.75
2024-04-01 14:52:13,167,7,1.16,1,3.3,2.75
2024-04-23 16:09:57,185,167,2.96,1,9.22,2.75
2024-04-15 05:27:09,12,171,1.66,1,8.18,2.75
2024-04-14 12:42:44,169,28,6.87,2,24.49,0.0
2024-04-22 13:41:50,106,108,1.46,1,9.96,2.75
2024-04-14 13:34:18,254,147,4.96,1,16.54,2.75
2024-04-10 04:51:03,98,99,1.33,1,8.28,2.75
2024-04-20 15:34:22,119,76,0.65,1,3.7,2.75
2024-04-20 00:21:47,226,92,1.58,4,10.73,0.0
2024-04-22 05:05:23,152,230,6.86,1,21.12,0.0
2024-04-18 06:31:45,203,198,0.8,4,4.57,2.75
2024-04-02 07:24:36,163,147,1.98,2,6.67,2.75
2024-04-13 23:12:48,122,64,0.53,2,5.55,0.0
2024-04-30 03:40:00,16,50,3.98,2,15.77,0.0
2024-04-10 04:50:05,106,10,10.51,2,37.17,2.75
2024-04-10 20:35:28,262,225,2.2,1,12.04,2.75
2024-04-20 21:03:56,20,82,3.51,2,12.72,2.75
2024-04-04 19:06:25,244,182,2.61,5,8.3,2.75
2024-04-19 10:59:05,244,10,13.18,1,45.59,2.75
2024-04-10 21:57:45,212,235,5.16,1,19.45,2.75
2024-04-21 07:37:58,224,233,0.66,1,5.03,2.75
2024-04-07 19:46:13,262,235,0.9,2,4.03,2.75
2024-04-13 19:48:43,220,34,2.73,1,9.11,2.75
2024-04-21 10:34:47,8,43,4.0,1,14.99,2.75
2024-04-24 19:04:12,14,133,1.7,1,8.82,0.0
2024-04-09 20:32:07,130,113,4.43,1,17.99,2.75
2024-04-20 08:19:30,22,54,3.51,1,15.8,2.75
2024-04-30 17:33:25,225,142,2.5,4,10.45,2.75
2024-04-23 20:03:40,235,49,3.56,1,12.48,2.75
2024-04-17 09:38:39,199,159,9.19,1,34.08,2.75
2024-04-04 17:14:49,134,138,1.48,1,6.99,2.75
2024-04-27 07:03:54,178,21,5.98,1,17.26,2.75
2024-04-16 20:04:00,44,254,0.54,1,3.0,2.75
2024-04-19 06:10:08,8,223,0.81,2,3.0,0.0
2024-04-12 16:05:58,27,203,10.96,1,35.36,2.75
2024-04-12 01:52:02,51,107,4.69,1,21.0,2.75
2024-04-23 09:14:22,69,74,4.01,5,16.33,2.75
2024-04-24 01:12:04,44,20,1.92,1,10.05,2.75
2024-04-12 06:34:50,175,57,1.21,1,6.96,2.75
2024-04-29 20:13:05,119,57,2.17,2,12.63,0.0
2024-04-04 00:08:31,181,69,3.69,1,15.62,0.0
2024-04-08 05:38:42,53,198,4.02,1,16.3,2.75
2024-04-25 17:39:14,191,152,1.15,1,5.56,0.0
2024-04-03 22:59:09,194,208,2.56,1,6.47,2.75
2024-04-12 08:32:04,40,188,3.43,1,8.89,2.75
2024-04-21 17:40:24,78,151,11.76,3,36.05,0.0
2024-04-06 14:07:23,189,47,3.29,1,16.97,2.75
2024-04-29 19:54:39,95,208,3.54,1,11.22,2.75
2024-04-05 08:09:54,25,243,5.57,1,21.35,2.75
2024-04-20 17:01:15,103,180,2.4,1,10.48,2.75
2024-04-28 17:25:40,159,141,2.2,4,10.83,2.75
2024-04-21 14:04:10,208,237,3.63,3,14.12,2.75
2024-04-04 03:10:40,94,8,5.85,1,17.52,0.0
2024-04-14 12:44:58,39,102,4.05,1,17.29,2.75
2024-04-05 16:38:06,164,160,1.22,1,8.94,2.75
2024-04-28 13:07:00,55,145,2.27,1,10.9,2.75
2024-04-28 15:48:32,72,5,3.02,1,13.27,2.75
2024-04-19 14:47:19,42,94,3.1,3,12.7,2.75
2024-04-06 11:46:46,132,217,1.95,1,7.8,2.75
2024-04-20 02:11:18,21,172,3.09,1,13.12,0.0
2024-04-14 05:15:42,1,138,4.41,1,16.19,2.75
2024-04-16 01:17:17,166,156,2.71,1,9.4,0.0
2024-04-23 22:58:08,60,261,2.6,1,11.42,2.75
2024-04-05 15:38:34,76,159,6.16,1,22.67,2.75
2024-04-15 11:14:00,91,123,5.45,1,19.2,2.75
2024-04-21 19:09:59,207,21,2.42,4,10.39,2.75
2024-04-12 01:49:56,88,208,19.84,1,61.08,0.0
2024-04-01 10:22:35,82,118,0.74,1,4.45,2.75
2024-04-13 13:44:26,17,123,1.88,1,6.96,2.75
2024-04-09 13:36:14,210,201,0.63,1,3.0,2.75
2024-04-03 08:36:51,53,91,6.9,1,21.15,2.75
2024-04-19 20:38:14,128,81,5.43,2,19.27,0.0
2024-04-03 01:47:23,146,216,4.53,4,17.76,0.0
2024-04-19 10:55:22,248,1,1.34,1,6.87,0.0
2024-04-19 03:38:53,1,144,4.81,1,18.85,0.0
2024-04-04 05:12:21,41,250,2.04,1,8.59,2.75
2024-04-24 20:56:14,73,171,7.6,1,26.53,2.75
2024-04-16 18:35:56,160,134,1.28,1,7.62,2.75
2024-04-07 03:22:33,212,76,1.36,1,6.43,2.75
2024-04-19 03:48:31,139,112,11.82,1,33.95,2.75
2024-04-15 11:43:02,43,250,3.05,1,12.45,0.0
2024-04-24 22:06:39,179,96,2.57,1,8.48,0.0
2024-04-06 04:05:10,189,241,2.02,2,7.75,0.0
2024-04-29 17:10:50,246,38,6.73,1,26.13,2.75
2024-04-12 05:22:52,154,81,2.02,2,9.6,2.75
2024-04-21 00:48:54,104,98,2.04,2,7.47,2.75
2024-04-14 04:40:02,11,45,0.96,4,6.37,0.0
2024-04-24 11:10:19,25,154,3.07,2,11.38,2.75
2024-04-17 20:28:18,25,134,9.51,1,29.31,0.0
2024-04-10 14:37:38,84,43,11.56,1,35.92,0.0
2024-04-02 03:02:55,106,94,19.42,1,62.22,0.0
2024-04-22 01:32:21,241,180,2.74,3,11.14,2.75
2024-04-26 08:11:05,119,256,5.72,1,17.14,2.75
2024-04-01 22:18:14,108,242,3.31,1,13.33,2.75
2024-04-26 08:56:49,180,224,3.28,1,11.73,2.75
2024-04-27 00:39:13,131,17,6.24,3,20.63,2.75
2024-04-21 17:56:03,91,117,6.81,1,24.91,2.75
2024-04-05 10:37:09,241,46,0.57,1,5.81,0.0
2024-04-18 20:31:48,247,169,10.51,1,34.31,2.75
2024-04-28 15:57:08,168,141,6.56,1,23.54,2.75
2024-04-25 00:35:13,223,214,4.97,3,17.15,0.0
2024-04-06 23:08:23,190,225,7.19,1,22.94,2.75
2024-04-16 04:37:08,19,178,3.2,5,7.95,2.75
2024-04-12 20:06:02,14,48,5.69,3,21.37,2.75
2024-04-18 00:55:50,243,99,3.7,1,15.54,0.0
2024-04-07 10:05:00,109,262,3.24,5,14.66,2.75
2024-04-23 17:22:07,190,58,1.33,2,4.88,0.0
2024-04-03 22:32:08,218,253,7.08,2,23.54,2.75
2024-04-15 14:11:20,236,191,8.04,2,23.72,0.0
2024-04-01 00:48:48,168,1,12.91,3,42.3,2.75
2024-04-10 20:33:10,193,235,0.95,2,5.16,2.75
2024-04-15 00:11:20,242,156,1.71,1,7.59,2.75
2024-04-01 08:58:29,162,91,4.55,1,19.96,2.75
2024-04-10 05:01:52,135,210,7.26,1,24.68,0.0
2024-04-01 11:14:09,193,230,5.37,1,21.67,2.75
2024-04-12 15:04:35,89,253,2.63,1,11.33,2.75
2024-04-10 09:56:29,42,243,5.03,1,18.34,2.75
2024-04-21 03:33:51,93,41,0.76,1,3.0,0.0
2024-04-07 22:26:21,215,123,4.3,5,13.85,0.0
2024-04-18 10:01:55,1,197,0.53,1,3.0,0.0
2024-04-08 19:09:29,164,150,0.67,1,5.1,2.75
2024-04-19 05:10:51,106,240,5.46,1,14.52,0.0
2024-04-24 09:15:42,232,43,2.77,1,14.93,2.75
2024-04-28 00:17:24,46,34,0.71,1,5.22,2.75
2024-04-18 18:48:39,205,114,2.8,1,8.27,2.75
2024-04-05 08:01:34,21,2,0.73,3,4.16,2.75
2024-04-23 00:10:12,177,238,1.99,1,11.36,2.75
2024-04-02 08:25:51,167,247,1.1,1,5.71,2.75
2024-04-21 07:16:57,8,59,1.37,4,5.29,2.75
2024-04-25 19:56:23,212,36,1.26,3,6.98,0.0
2024-04-21 01:22:48,163,232,2.13,1,8.65,2.75
2024-04-16 11:57:05,45,8,0.9,1,5.76,2.75
2024-04-27 19:26:40,233,161,3.13,1,11.01,2.75
2024-04-14 12:55:15,53,18,2.33,2,9.65,2.75
2024-04-15 00:44:10,233,64,6.91,2,23.77,2.75
2024-04-19 09:07:13,171,61,6.62,1,23.56,0.0
2024-04-13 10:29:04,6,83,6.59,2,24.14,0.0
2024-04-27 15:26:22,44,10,2.72,3,8.37,2.75
2024-04-23 15:48:12,91,106,1.7,1,5.56,2.75
2024-04-27 23:46:48,196,233,2.38,1,7.88,2.75
2024-04-13 20:37:53,4,222,4.57,1,20.52,2.75
2024-04-11 06:01:26,121,39,3.14,2,9.64,2.75
2024-04-19 23:53:38,63,133,3.93,1,15.64,2.75
2024-04-25 16:38:40,92,243,4.64,1,14.8,0.0
2024-04-01 12:15:09,247,120,9.27,1,30.11,2.75
2024-04-15 07:41:33,219,63,10.59,3,34.3,2.75
2024-04-12 06:41:41,231,174,6.92,5,18.86,2.75
2024-04-01 07:37:06,188,31,0.74,1,7.47,2.75
2024-04-11 11:07:44,168,231,14.08,1,46.14,2.75
2024-04-19 15:44:47,105,169,4.76,3,17.38,0.0
2024-04-14 22:35:40,224,140,4.64,1,18.14,0.0
2024-04-20 07:16:01,115,146,0.58,1,3.0,2.75
2024-04-12 07:18:49,235,194,2.78,2,8.56,2.75
2024-04-08 18:29:27,230,244,3.95,1,14.36,2.75
2024-04-20 03:04:01,217,74,1.64,1,8.34,2.75
2024-04-25 19:00:10,34,136,0.8,1,3.0,2.75
2024-04-24 06:39:13,197,91,3.16,4,14.63,2.75
2024-04-11 01:32:10,214,26,2.57,1,12.32,2.75
2024-04-06 06:43:05,46,76,0.66,3,3.0,2.75
2024-04-11 18:29:29,240,35,3.06,1,13.03,2.75
2024-04-13 14:44:27,254,207,0.9,1,4.77,0.0
2024-04-13 14:03:01,228,165,2.43,1,8.83,0.0
2024-04-14 06:43:27,221,124,1.6,1,7.24,0.0
2024-04-27 00:04:27,166,222,12.83,2,38.27,2.75
2024-04-01 02:34:50,73,97,0.62,3,5.3,2.75
2024-04-17 03:19:14,225,82,3.37,1,14.08,0.0
2024-04-22 11:01:20,86,25,1.08,1,6.88,2.75
2024-04-10 14:28:42,81,61,1.85,1,10.94,2.75
2024-04-01 23:39:46,215,94,1.21,1,4.33,2.75
2024-04-22 09:55:23,164,246,19.15,1,61.08,2.75
2024-04-19 06:20:13,240,141,0.62,1,8.59,2.75
2024-04-28 12:16:52,69,253,3.23,1,15.34,2.75
2024-04-19 08:41:25,137,170,3.78,1,16.37,2.75
2024-04-10 02:04:48,152,238,5.68,1,20.71,2.75
2024-04-24 06:01:20,97,170,3.94,1,14.54,2.75
2024-04-24 09:25:23,158,196,1.42,5,7.22,0.0
2024-04-22 14:10:07,186,156,3.69,3,13.76,2.75
2024-04-16 16:03:38,168,99,13.41,1,44.33,2.75
2024-04-22 18:21:59,244,133,7.1,1,25.72,2.75
2024-04-16 18:52:43,119,139,2.61,1,7.77,2.75
2024-04-29 15:20:27,196,149,2.77,2,9.05,0.0
2024-04-19 04:49:26,65,261,1.0,1,3.63,0.0
2024-04-10 10:26:22,162,34,3.45,5,11.95,0.0
2024-04-11 19:40:14,85,9,1.65,1,7.31,2.75
2024-04-10 17:50:30,59,43,0.9,1,5.7,2.75
2024-04-09 12:58:22,150,96,2.75,5,11.74,2.75
2024-04-04 13:08:09,121,12,0.66,1,6.08,2.75
2024-04-26 14:27:53,255,140,0.95,1,5.76,2.75
2024-04-08 03:06:57,224,21,1.37,1,6.34,2.75
2024-04-26 19:03:30,55,250,16.85,2,51.38,2.75
2024-04-29 02:01:06,136,45,6.28,2,20.28,2.75
2024-04-25 17:53:50,190,175,3.23,1,11.2,2.75
2024-04-27 14:18:13,253,77,1.43,1,8.34,2.75
2024-04-15 02:19:57,84,233,3.06,2,12.77,2.75
2024-04-20 06:00:16,177,198,4.16,1,15.44,0.0
2024-04-12 10:40:07,94,255,0.52,1,5.12,2.75
2024-04-18 04:01:53,35,156,15.95,2,49.98,0.0
2024-04-19 08:58:17,212,4,3.95,1,13.21,0.0
2024-04-23 17:36:25,126,84,16.05,1,47.25,2.75
2024-04-23 23:27:23,230,197,2.72,2,9.77,2.75
2024-04-27 11:20:43,168,214,3.92,2,11.16,0.0
2024-04-11 17:50:11,14,145,2.67,1,10.97,2.75
2024-04-17 03:18:37,74,57,0.53,1,3.0,0.0
2024-04-09 02:34:21,52,154,7.14,1,23.52,0.0
2024-04-09 02:27:46,207,100,2.59,2,9.79,0.0
2024-04-09 11:27:24,43,200,2.73,1,6.23,0.0
2024-04-01 04:11:55,3,8,2.06,3,4.8,0.0
2024-04-14 00:12:35,95,10,2.48,1,11.18,2.75
2024-04-15 20:08:49,238,124,5.03,1,17.73,0.0
2024-04-07 12:44:27,167,27,4.72,1,19.42,2.75
2024-04-29 19:08:01,19,5,6.28,2,22.35,2.75
2024-04-08 14:12:34,207,133,13.36,1,41.52,2.75
2024-04-05 17:13:29,230,140,2.24,1,5.13,2.75
2024-04-05 23:03:16,214,227,1.95,3,9.94,2.75
2024-04-09 02:33:36,56,60,2.88,5,14.0,0.0
2024-04-23 08:48:35,132,80,1.09,2,3.0,0.0
2024-04-25 02:24:24,9,55,5.47,1,19.19,2.75
2024-04-08 10:28:51,231,94,3.55,1,12.72,2.75
2024-04-19 14:56:30,153,41,1.33,1,3.0,2.75
2024-04-12 00:13:06,190,10,7.48,1,22.4,2.75
2024-04-07 08:18:17,16,226,3.88,1,14.88,2.75
2024-04-10 02:28:46,203,116,0.62,2,7.3,2.75
2024-04-18 22:13:00,174,107,1.27,1,6.51,2.75
2024-04-17 21:20:22,168,7,8.26,5,27.4,0.0
2024-04-30 22:37:13,34,21,2.18,1,8.84,0.0
2024-04-25 01:27:30,229,252,15.05,1,48.91,0.0
2024-04-28 06:49:55,1,101,3.14,1,10.97,0.0
2024-04-19 10:42:04,115,215,1.32,1,6.93,2.75
2024-04-29 03:35:08,214,44,3.65,2,16.66,2.75
2024-04-16 22:26:47,254,223,0.88,1,3.0,2.75
2024-04-21 16:23:19,145,210,6.27,3,21.59,2.75
2024-04-17 19:12:17,47,214,3.96,1,13.91,2.75
2024-04-15 13:29:41,178,239,12.13,1,38.13,0.0
2024-04-21 08:41:08,213,65,4.6,1,15.4,0.0
2024-04-24 09:16:52,245,254,0.68,1,4.33,0.0
2024-04-22 02:56:38,253,6,2.76,2,10.46,2.75
2024-04-03 13:30:37,206,221,3.15,1,10.83,2.75
2024-04-16 16:07:36,72,203,9.2,1,31.18,0.0
2024-04-07 03:52:38,222,70,2.48,1,9.23,2.75
2024-04-11 03:11:15,215,65,3.65,1,12.27,0.0
2024-04-04 11:37:45,141,252,1.22,1,4.58,2.75
2024-04-25 08:22:21,156,183,1.48,2,8.4,2.75
2024-04-24 12:01:29,222,112,3.28,1,9.38,0.0
2024-04-25 16:38:47,231,252,4.68,1,16.98,2.75
2024-04-25 18:30:37,142,3,2.5,1,10.9,2.75
2024-04-07 18:32:08,75,179,2.48,1,5.17,2.75
2024-04-24 00:21:46,40,189,1.53,4,5.47,0.0
2024-04-22 22:18:48,70,168,4.69,5,18.48,0.0
2024-04-03 06:26:01,111,54,0.52,1,8.14,0.0
2024-04-18 09:59:37,234,66,3.02,1,10.03,2.75
2024-04-25 18:59:57,197,115,0.51,1,3.0,0.0
2024-04-23 12:31:01,199,214,3.65,1,12.01,2.75
2024-04-14 09:23:13,24,110,0.61,2,5.51,2.75
2024-04-26 14:03:08,147,183,10.35,1,33.73,0.0
2024-04-30 22:10:40,62,260,2.77,1,11.2,2.75
2024-04-26 07:29:00,67,24,4.53,1,17.69,2.75
2024-04-21 19:59:55,30,94,7.22,1,27.41,2.75
2024-04-21 23:54:59,107,256,1.44,1,3.0,0.0
2024-04-28 09:26:00,166,214,3.22,1,13.46,2.75
2024-04-27 15:08:01,121,40,7.47,1,27.22,2.75
2024-04-04 03:33:04,11,37,3.2,2,13.3,0.0
2024-04-06 17:43:52,72,257,2.25,1,8.51,0.0
2024-04-04 12:08:32,253,204,2.11,1,11.26,2.75
2024-04-10 08:15:59,119,211,2.2,2,8.22,2.75
2024-04-23 09:07:10,8,123,3.84,1,14.47,2.75
2024-04-13 07:39:27,215,244,0.66,1,3.0,2.75
2024-04-16 18:42:27,221,250,2.38,3,9.29,2.75
2024-04-17 15:53:25,80,143,3.38,1,15.17,2.75
2024-04-12 22:35:43,72,249,5.9,1,22.35,2.75
2024-04-18 18:18:02,200,67,3.14,4,13.04,2.75
2024-04-05 07:14:58,173,122,9.62,2,36.28,2.75
2024-04-26 18:46:28,234,235,2.55,3,11.89,2.75
2024-04-14 03:27:29,261,220,4.18,1,14.14,0.0
2024-04-28 16:54:26,145,126,0.56,1,4.81,0.0
2024-04-13 17:33:04,22,262,1.45,1,7.22,0.0
2024-04-24 23:57:11,78,238,6.41,5,20.42,2.75
2024-04-30 02:21:11,230,32,3.59,1,13.37,0.0
2024-04-14 19:54:42,160,203,10.73,1,35.0,2.75
2024-04-26 21:02:36,14,174,5.39,1,20.65,0.0
2024-04-24 23:29:10,236,238,2.59,1,12.83,2.75
2024-04-28 17:11:52,148,110,5.78,1,17.32,2.75
2024-04-13 23:23:35,150,71,2.71,1,11.51,2.75
2024-04-07 06:42:10,30,144,1.9,3,8.73,0.0
2024-04-23 03:45:32,161,206,0.67,3,6.85,2.75
2024-04-10 12:14:41,261,241,7.52,1,23.88,2.75
2024-04-23 09:32:12,18,91,2.4,2,9.11,2.75
2024-04-11 02:05:10,63,158,4.55,3,16.69,2.75
2024-04-28 16:19:50,135,207,1.08,2,6.35,2.75
2024-04-05 14:15:00,157,57,6.68,1,23.97,2.75
2024-04-05 19:50:11,57,56,6.58,2,24.43,2.75
2024-04-06 08:26:43,254,167,2.8,1,10.47,2.75
2024-04-02 15:18:23,187,127,4.4,2,13.91,0.0
2024-04-05 01:42:51,199,18,3.08,1,9.85,2.75
2024-04-26 07:38:53,171,75,3.31,1,15.2,0.0
2024-04-05 01:49:31,6,259,8.19,1,25.1,2.75
2024-04-21 08:41:48,256,24,12.43,1,41.79,0.0
2024-04-10 21:59:58,248,67,2.1,3,4.62,0.0
2024-04-02 02:09:36,219,123,1.91,2,9.48,2.75
2024-04-20 14:08:51,4,53,1.77,4,7.59,0.0
2024-04-04 21:03:34,1,121,5.66,2,21.07,2.75
2024-04-07 14:47:55,31,186,4.99,1,17.0,2.75
2024-04-10 05:02:16,117,244,0.66,2,4.26,2.75
2024-04-22 10:27:20,197,76,0.82,1,5.37,2.75
2024-04-02 01:21:31,177,84,4.14,1,12.67,2.75
2024-04-11 09:48:41,236,147,1.63,3,7.68,2.75
2024-04-30 04:00:22,79,5,0.84,2,5.15,2.75
2024-04-25 20:37:29,243,101,2.37,1,12.94,2.75
2024-04-23 16:43:59,205,100,7.85,1,27.83,2.75
2024-04-09 05:48:31,211,173,2.1,2,10.4,2.75
2024-04-14 01:47:54,91,108,4.66,1,16.96,2.75
2024-04-06 20:51:39,166,28,8.58,5,29.9,2.75
2024-04-26 12:28:44,161,245,1.15,1,3.0,2.75
2024-04-26 15:18:00,6,38,3.79,3,15.69,2.75
2024-04-23 19:30:22,141,93,8.84,1,27.41,2.75
2024-04-13 16:26:35,205,153,1.25,1,3.71,2.75
2024-04-16 19:40:25,20,48,16.19,2,50.84,0.0
2024-04-03 06:42:59,100,130,2.09,1,9.91,0.0
2024-04-25 13:02:36,165,6,1.36,1,12.01,2.75
2024-04-26 20:32:06,45,61,6.87,1,19.06,2.75
2024-04-18 13:01:15,227,258,2.71,1,9.46,0.0
2024-04-02 04:02:45,52,245,4.39,1,15.93,2.75
2024-04-23 10:13:47,146,8,2.85,1,9.92,0.0
2024-04-18 16:57:50,123,151,4.11,1,20.01,0.0
2024-04-02 06:04:29,207,200,0.63,1,5.44,2.75
2024-04-30 06:40:10,102,217,2.01,1,8.14,2.75
2024-04-11 13:10:15,129,210,4.25,1,12.76,2.75
2024-04-25 16:01:34,167,171,2.01,1,7.32,2.75
2024-04-26 13:00:51,202,101,5.73,1,21.15,2.75
2024-04-20 07:38:10,102,60,11.84,1,36.83,2.75
2024-04-26 10:57:13,71,29,0.63,2,5.77,2.75
2024-04-18 00:31:25,8,153,7.27,1,25.4,2.75
2024-04-19 07:30:52,162,66,1.15,1,6.67,0.0
2024-04-06 19:01:48,73,239,9.23,1,31.35,2.75
2024-04-13 20:45:45,27,5,10.77,2,36.35,0.0
2024-04-02 00:47:24,169,124,3.45,1,12.67,2.75
2024-04-20 03:00:08,263,95,2.78,1,10.36,0.0
2024-04-03 05:54:28,73,5,5.47,1,18.67,2.75
2024-04-07 06:30:33,209,85,9.25,1,27.44,2.75
2024-04-08 14:42:19,99,240,1.43,2,9.28,2.75
2024-04-15 18:17:01,31,49,2.19,1,5.99,2.75
2024-04-23 05:59:14,33,26,2.39,1,5.94,2.75
2024-04-09 01:28:00,213,98,7.04,1,27.17,0.0
2024-04-16 09:02:09,145,236,1.02,1,7.6,2.75
2024-04-12 05:31:57,99,209,3.91,5,13.97,0.0
2024-04-30 16:19:33,180,25,2.01,1,11.53,0.0
2024-04-16 11:51:27,135,133,8.09,1,25.81,0.0
2024-04-24 18:09:52,190,181,1.95,2,10.52,0.0
2024-04-23 11:50:19,30,85,13.85,5,43.45,2.75
2024-04-21 15:06:54,82,246,0.56,1,5.28,2.75
2024-04-05 18:38:27,57,39,1.46,1,6.98,0.0
2024-04-29 02:49:25,174,251,2.64,1,7.28,0.0
2024-04-28 15:05:17,208,114,1.54,1,5.8,0.0
2024-04-12 19:29:36,183,102,5.18,1,17.28,2.75
2024-04-08 22:21:45,235,227,6.4,2,22.23,0.0
2024-04-14 00:51:50,107,254,4.68,1,16.59,0.0
2024-04-06 06:56:22,186,227,12.82,4,37.51,2.75
2024-04-03 14:46:02,132,249,2.63,1,8.74,2.75
2024-04-29 21:45:37,171,158,14.15,1,47.5,2.75
2024-04-24 05:16:49,24,2,0.97,1,4.82,2.75
2024-04-17 07:09:25,261,212,7.05,1,20.87,2.75
2024-04-07 02:41:58,196,36,0.64,1,6.47,2.75
2024-04-23 05:52:28,99,37,3.16,1,11.56,2.75
2024-04-14 23:23:25,101,258,2.82,1,12.77,0.0
2024-04-12 00:45:54,120,240,7.29,1,22.98,0.0
2024-04-12 13:29:42,203,91,4.72,1,15.02,2.75
2024-04-22 14:43:47,90,96,2.54,1,8.34,2.75
2024-04-10 07:05:00,195,187,8.41,1,27.98,2.75
2024-04-17 21:00:38,177,260,8.1,1,30.87,2.75
2024-04-13 10:12:52,115,219,0.59,1,3.43,2.75
2024-04-04 15:04:16,32,195,7.67,1,25.91,2.75
2024-04-16 06:59:47,215,46,3.12,1,15.98,2.75
2024-04-15 22:20:28,243,65,6.89,3,23.27,2.75
2024-04-20 23:09:03,70,227,1.2,1,3.94,0.0
2024-04-21 12:13:35,71,56,1.07,1,5.56,2.75
2024-04-16 12:03:42,111,204,4.98,1,17.94,2.75
2024-04-08 03:50:57,158,35,1.63,1,5.32,0.0
2024-04-04 15:48:16,37,119,3.36,2,11.7,2.75
2024-04-12 07:33:59,35,238,4.59,1,14.68,2.75
2024-04-25 07:47:54,59,101,3.8,1,18.06,0.0
2024-04-23 05:31:35,207,225,4.7,1,13.98,2.75
2024-04-18 02:18:31,66,44,3.89,1,12.93,2.75
2024-04-26 15:28:48,262,1,2.17,3,5.95,2.75
2024-04-27 03:24:57,233,219,0.83,1,3.45,0.0
2024-04-13 22:12:21,157,216,7.27,2,23.8,2.75
2024-04-07 06:28:49,106,140,7.05,1,24.9,0.0
2024-04-25 15:04:28,154,112,0.52,5,5.63,2.75
2024-04-19 22:10:39,18,243,6.93,1,22.31,2.75
2024-04-16 03:56:25,260,6,1.07,1,6.5,0.0
2024-04-01 05:02:59,119,103,1.92,1,4.13,2.75
2024-04-26 11:11:45,102,70,2.37,1,10.04,2.75
2024-04-18 15:05:55,25,187,4.48,1,14.85,2.75
2024-04-22 03:27:19,180,158,0.84,1,4.64,2.75
2024-04-07 22:27:35,162,138,6.63,1,24.55,2.75
2024-04-11 06:54:46,215,257,10.51,1,33.47,0.0
2024-04-21 18:00:03,124,83,11.18,2,37.37,0.0
2024-04-21 04:12:54,156,74,0.84,1,3.0,0.0
2024-04-25 19:19:37,193,14,9.31,3,30.75,2.75
2024-04-17 23:02:35,53,131,3.44,1,16.18,2.75
2024-04-22 06:45:20,170,196,5.04,2,16.83,2.75
2024-04-04 13:27:13,98,168,9.84,1,29.84,0.0
2024-04-25 15:36:56,147,212,4.29,1,16.89,0.0
2024-04-22 00:05:35,30,207,2.64,1,11.83,2.75
2024-04-02 15:51:32,74,135,3.11,2,12.84,2.75
2024-04-18 12:11:49,172,108,4.54,1,12.06,2.75
2024-04-03 14:40:48,84,259,10.63,1,33.06,2.75
2024-04-30 22:57:59,73,119,8.22,1,25.6,2.75
2024-04-07 23:35:18,232,219,3.51,1,12.64,0.0
2024-04-26 00:17:42,127,165,1.33,2,4.24,0.0
2024-04-09 17:04:08,85,154,1.99,2,9.73,0.0
2024-04-21 18:33:49,254,25,2.07,1,9.44,0.0
2024-04-16 19:37:19,152,43,1.69,1,11.68,2.75
2024-04-24 17:02:46,7,115,5.31,1,19.64,2.75
2024-04-09 12:37:28,136,44,6.83,1,21.33,0.0
2024-04-18 21:05:18,184,212,1.85,1,6.75,2.75
2024-04-05 14:22:28,227,238,7.05,1,26.0,0.0
2024-04-29 18:40:49,244,226,5.14,1,13.76,2.75
2024-04-18 18:33:24,251,218,2.54,1,7.74,2.75
2024-04-06 18:28:35,170,246,4.7,5,17.64,2.75
2024-04-11 20:34:15,54,137,5.63,2,20.82,2.75
2024-04-24 19:49:51,132,70,3.38,1,12.49,2.75
2024-04-29 04:09:56,94,6,2.55,1,9.49,0.0
2024-04-01 07:18:16,46,155,0.88,1,4.12,2.75
2024-04-24 19:11:36,99,256,0.5,2,3.0,0.0
2024-04-20 02:20:37,234,122,10.19,2,32.64,2.75
2024-04-30 16:57:41,37,118,1.59,1,10.94,2.75
2024-04-02 03:31:14,75,209,4.31,1,10.58,2.75
2024-04-07 01:18:56,58,81,10.55,1,32.16,0.0
2024-04-18 00:01:47,19,107,6.47,1,25.34,2.75
2024-04-16 14:03:26,188,136,0.96,2,7.3,2.75
2024-04-24 08:22:44,139,14,6.17,1,18.28,0.0
2024-04-01 23:01:50,143,31,5.04,4,17.22,2.75
2024-04-15 05:31:50,108,179,1.9,1,9.77,2.75
2024-04-29 16:24:48,221,94,4.59,3,18.34,2.75
2024-04-06 22:34:31,145,82,6.62,1,20.39,0.0
2024-04-06 20:17:22,5,180,1.71,3,6.21,2.75
2024-04-27 04:03:50,56,249,7.61,1,23.32,0.0
2024-04-12 22:36:50,255,241,0.79,1,4.35,2.75
2024-04-02 18:55:25,222,165,3.12,5,12.78,0.0
2024-04-11 23:20:02,48,30,1.43,2,9.3,2.75
2024-04-22 13:22:57,163,167,5.06,1,14.9,2.75
2024-04-30 12:06:21,236,202,1.17,1,8.03,2.75
2024-04-08 10:04:35,248,94,1.96,1,8.74,2.75
2024-04-24 14:28:29,100,15,0.98,1,4.96,2.75
2024-04-21 06:05:22,21,48,6.35,1,26.41,2.75
2024-04-29 11:50:51,102,151,1.0,1,8.9,2.75
2024-04-01 09:04:06,5,114,4.99,1,13.83,0.0
2024-04-14 00:25:02,197,14,4.8,1,20.35,2.75
2024-04-16 02:09:53,149,171,1.04,3,5.65,2.75
2024-04-05 10:46:22,211,61,3.42,4,10.07,2.75
2024-04-07 20:42:27,160,18,2.9,2,13.7,0.0
2024-04-08 09:40:29,146,230,3.66,1,16.08,0.0
2024-04-14 00:24:03,58,86,10.19,1,33.23,2.75
2024-04-08 21:44:58,240,201,0.79,1,5.76,0.0
2024-04-01 02:44:39,79,146,6.51,5,22.29,2.75
2024-04-02 13:56:55,152,57,7.43,1,24.6,2.75
2024-04-08 08:49:32,5,85,0.97,1,8.69,0.0
2024-04-27 08:15:48,181,201,4.24,3,14.71,2.75
2024-04-18 04:15:40,201,106,4.74,2,19.42,0.0
2024-04-29 06:43:33,133,130,3.28,1,13.46,2.75
2024-04-12 01:03:03,122,14,2.95,1,8.87,2.75
2024-04-03 10:23:10,169,21,1.84,1,7.73,2.75
2024-04-19 17:05:52,98,45,4.59,1,16.18,2.75
2024-04-10 10:51:48,19,34,1.68,1,6.44,2.75
2024-04-07 02:58:07,132,71,2.66,1,9.54,0.0
2024-04-06 14:24:03,96,252,7.32,1,25.79,0.0
2024-04-09 16:05:30,210,231,0.83,1,6.71,0.0
2024-04-17 11:20:49,5,12,3.13,1,13.16,2.75
2024-04-26 07:34:53,128,123,2.83,1,11.32,2.75
2024-04-12 07:41:02,54,263,2.16,1,8.21,2.75
2024-04-14 16:49:19,198,69,3.69,1,12.84,2.75
2024-04-17 23:21:18,206,111,0.56,1,4.69,2.75
2024-04-27 15:06:15,180,246,2.87,1,12.52,0.0
2024-04-05 23:00:10,241,98,2.83,1,14.26,2.75
2024-04-09 23:07:06,138,201,3.04,1,12.4,2.75
2024-04-30 10:38:04,23,162,1.34,3,7.89,2.75
2024-04-30 20:24:58,120,160,1.31,1,3.27,2.75
2024-04-07 13:53:12,115,140,4.15,1,11.43,0.0
2024-04-13 13:51:46,82,253,0.84,2,3.69,2.75
2024-04-06 08:44:05,196,166,1.78,1,8.93,2.75
2024-04-29 13:09:50,180,249,6.72,1,21.61,2.75
2024-04-10 10:46:26,175,41,0.88,1,3.0,2.75
2024-04-26 22:53:22,198,55,2.71,2,10.25,0.0
2024-04-12 21:07:17,26,229,4.37,1,19.01,2.75
2024-04-03 02:37:15,99,224,1.03,3,7.95,2.75
2024-04-23 18:58:44,233,248,1.81,1,4.99,2.75
2024-04-07 19:10:53,191,199,3.36,2,12.53,2.75
2024-04-05 16:24:56,66,115,1.89,1,7.38,2.75
2024-04-30 07:57:22,246,253,0.91,1,4.73,2.75
2024-04-05 15:03:02,104,202,1.43,1,7.72,2.75
2024-04-05 00:30:55,191,43,0.91,3,4.73,2.75
2024-04-18 20:58:29,141,166,14.88,4,49.88,2.75
2024-04-19 19:40:13,179,155,1.44,1,3.96,2.75
2024-04-17 21:53:35,261,115,3.15,1,13.41,2.75
2024-04-20 06:06:14,175,176,2.46,1,11.89,2.75
2024-04-02 01:36:39,164,58,3.45,1,12.29,0.0
2024-04-09 07:17:43,19,182,2.91,1,11.72,2.75
2024-04-06 20:32:30,20,114,5.05,2,22.27,0.0
2024-04-15 08:35:05,239,174,7.72,1,25.72,2.75
2024-04-17 00:32:38,44,256,1.68,2,9.14,2.75
2024-04-04 20:59:56,196,90,1.21,1,8.08,2.75
2024-04-19 08:30:01,195,141,15.05,4,45.47,0.0
2024-04-11 16:04:47,49,6,7.54,1,30.13,2.75
2024-04-11 02:18:08,59,230,2.08,2,8.26,2.75
2024-04-06 21:33:23,132,219,8.38,1,27.27,2.75
2024-04-20 21:24:31,167,67,4.39,3,16.96,2.75
2024-04-12 17:19:13,135,152,2.51,1,10.35,0.0
2024-04-17 02:52:55,89,226,7.73,1,25.01,2.75
2024-04-30 14:32:09,263,63,4.44,1,17.14,2.75
2024-04-23 05:27:43,116,21,6.63,1,19.81,2.75
2024-04-28 17:57:11,196,1,2.39,1,12.7,2.75
2024-04-16 12:20:16,108,255,6.11,4,21.56,2.75
2024-04-02 13:27:25,47,225,2.1,1,9.98,0.0
2024-04-13 10:12:12,241,126,5.15,1,17.24,2.75
2024-04-22 10:07:07,230,202,2.5,1,8.92,2.75
2024-04-04 01:14:32,245,108,2.32,1,7.02,2.75
2024-04-29 18:51:17,250,88,6.07,1,22.22,2.75
2024-04-26 06:34:03,77,177,0.97,1,3.0,2.75
2024-04-13 15:39:24,62,129,9.72,3,32.09,2.75
2024-04-03 08:00:57,59,139,2.99,1,10.44,2.75
2024-04-14 06:48:48,238,125,4.04,3,15.06,2.75
2024-04-10 05:15:51,189,10,2.32,2,7.62,2.75
2024-04-21 09:00:39,56,66,4.13,2,17.38,2.75
2024-04-02 12:19:35,78,16,4.83,1,14.96,2.75
2024-04-28 20:02:54,222,251,7.6,2,19.56,2.75
2024-04-03 14:53:26,47,231,7.24,1,23.54,2.75
2024-04-02 13:42:33,138,253,2.05,1,6.85,0.0
2024-04-03 15:44:49,24,100,3.85,3,13.54,2.75
2024-04-17 20:18:02,29,94,5.81,1,18.27,2.75
2024-04-10 09:39:04,135,5,5.57,3,19.69,2.75
2024-04-21 04:47:14,189,7,8.26,1,24.56,0.0
2024-04-17 21:41:01,71,65,6.74,1,22.73,2.75
2024-04-10 13:13:37,206,219,4.93,2,16.67,2.75
2024-04-20 08:57:00,242,208,5.34,1,16.59,2.75
2024-04-03 06:01:39,184,176,6.27,1,18.97,0.0
2024-04-15 08:54:09,128,200,6.87,1,25.8,0.0
2024-04-05 09:52:30,230,10,2.02,1,6.0,2.75
2024-04-28 10:22:08,41,254,5.83,1,18.46,2.75
2024-04-18 08:46:32,162,168,10.93,1,37.61,0.0
2024-04-21 09:59:58,158,103,1.43,1,7.06,2.75
2024-04-29 01:32:04,21,16,0.67,1,4.97,2.75
2024-04-11 02:34:35,10,33,0.76,1,3.08,2.75
2024-04-11 21:05:44,87,35,1.35,1,6.14,2.75
2024-04-25 15:35:08,33,183,9.33,1,34.61,2.75
2024-04-03 13:35:46,203,102,0.97,4,7.59,0.0
2024-04-25 08:21:55,4,79,5.32,3,16.36,2.75
2024-04-03 10:36:35,23,17,7.56,2,24.46,2.75
2024-04-09 03:03:41,197,21,7.85,3,20.83,0.0
2024-04-18 19:17:32,107,17,2.39,1,11.07,2.75
2024-04-05 21:23:38,200,76,2.89,2,9.04,2.75
2024-04-28 08:34:08,215,44,1.87,1,9.03,0.0
2024-04-04 00:52:08,2,28,1.06,1,5.64,2.75
2024-04-11 17:44:48,121,25,1.33,1,5.68,0.0
2024-04-16 08:03:59,103,201,1.01,1,5.04,2.75
2024-04-02 18:05:21,149,101,2.33,1,9.0,2.75
2024-04-04 16:27:57,152,75,1.15,1,3.65,2.75
2024-04-22 17:10:13,53,65,2.31,1,11.13,2.75
2024-04-30 11:29:06,166,255,7.17,1,24.12,2.75
2024-04-02 08:26:15,167,124,4.22,1,17.64,2.75
2024-04-25 15:48:40,71,50,4.3,1,12.2,2.75
2024-04-12 20:20:12,128,13,6.35,1,23.48,2.75
2024-04-09 21:01:53,33,246,0.65,2,3.33,2.75
2024-04-14 08:06:57,157,208,6.04,1,19.71,2.75
2024-04-24 08:37:45,204,35,1.27,3,8.36,2.75
2024-04-06 16:20:46,195,114,1.99,1,10.72,2.75
2024-04-29 15:47:20,109,32,1.79,1,10.9,0.0
2024-04-27 17:14:05,159,253,0.89,1,5.09,2.75
2024-04-01 02:25:24,27,248,1.17,1,5.49,2.75
2024-04-17 17:54:36,227,156,11.46,2,39.61,0.0
2024-04-21 02:59:06,252,118,3.71,1,14.99,2.75
2024-04-12 13:43:01,262,35,2.75,1,11.25,2.75
2024-04-11 01:18:49,134,218,5.46,2,14.78,0.0
2024-04-11 13:12:11,26,181,6.38,2,20.99,0.0
2024-04-23 23:55:52,43,44,0.91,1,4.35,2.75
2024-04-09 09:10:03,19,174,5.23,2,17.66,2.75
2024-04-15 18:55:52,16,198,9.93,2,30.69,2.75
2024-04-19 05:37:40,105,99,3.58,1,12.45,2.75
2024-04-22 10:29:35,203,210,3.83,4,16.94,0.0
2024-04-26 06:56:36,208,200,7.65,2,27.32,2.75
2024-04-26 07:28:23,166,147,4.48,1,16.85,2.75
2024-04-14 15:19:53,59,212,19.24,1,60.9,2.75
2024-04-18 13:58:43,48,32,1.66,3,5.44,0.0
2024-04-20 03:16:24,148,156,7.04,2,24.68,2.75
2024-04-01 16:12:06,178,76,3.82,2,15.08,0.0
2024-04-07 01:21:32,114,202,2.09,5,8.79,0.0
2024-04-20 20:18:38,218,227,8.01,1,23.98,0.0
2024-04-15 03:20:50,162,142,20.05,1,65.53,0.0
2024-04-21 17:32:03,36,104,0.71,1,4.34,2.75
2024-04-01 06:40:22,75,215,9.59,3,32.1,2.75
2024-04-01 23:27:38,135,108,1.29,1,7.99,2.75
2024-04-23 22:11:38,179,25,1.3,4,3.4,2.75
2024-04-02 17:11:57,159,229,0.65,1,7.49,0.0
2024-04-05 16:00:43,243,115,9.44,2,28.27,2.75
2024-04-17 20:22:58,204,208,5.49,1,18.68,2.75
2024-04-20 11:39:28,143,190,0.69,1,7.49,0.0
2024-04-05 14:12:22,8,215,4.01,1,12.09,2.75
2024-04-09 15:32:37,116,9,0.95,1,4.69,2.75
2024-04-16 16:24:41,176,107,5.37,3,20.24,2.75
2024-04-15 19:43:29,214,227,2.34,1,12.03,0.0
2024-04-14 20:46:04,215,221,0.69,1,3.0,0.0
2024-04-14 18:05:47,57,206,6.69,1,20.39,0.0
2024-04-23 08:41:27,229,181,3.47,1,12.47,2.75
2024-04-12 23:41:10,37,129,5.69,1,20.8,0.0
2024-04-02 04:02:40,224,173,4.43,1,15.49,0.0
2024-04-19 21:08:49,201,156,2.49,1,9.99,2.75
2024-04-26 23:34:57,100,102,4.7,1,16.25,2.75
2024-04-14 08:12:18,75,116,0.55,2,4.43,0.0
2024-04-14 15:34:40,212,168,1.95,1,9.04,0.0
2024-04-06 12:46:05,191,4,5.77,3,20.93,2.75
2024-04-26 03:38:09,63,198,5.54,1,22.32,0.0
2024-04-08 11:08:58,112,204,8.14,1,27.64,0.0
2024-04-05 13:08:08,143,62,3.81,2,15.25,2.75
2024-04-09 14:08:12,99,71,10.48,1,35.48,2.75
2024-04-21 08:59:12,225,92,3.36,1,14.19,2.75
2024-04-05 16:54:57,75,176,2.93,1,11.97,2.75
2024-04-03 23:59:48,198,185,1.27,1,9.6,2.75
2024-04-25 15:35:00,184,56,5.78,1,16.01,2.75
2024-04-12 16:56:43,57,67,4.62,1,16.19,0.0
2024-04-17 09:31:37,249,63,2.66,2,11.12,2.75
2024-04-20 22:46:20,114,41,0.82,2,3.73,2.75
2024-04-03 14:25:31,140,231,0.97,1,8.27,2.75
2024-04-14 22:18:42,41,151,0.93,1,3.0,2.75
2024-04-18 17:07:31,153,175,2.15,1,8.2,0.0
2024-04-12 09:58:11,232,226,1.11,1,3.0,2.75
2024-04-05 19:25:05,105,97,7.4,1,23.87,2.75
2024-04-16 01:00:36,106,228,8.54,1,26.51,0.0
2024-04-17 17:54:06,130,36,7.3,1,25.01,0.0
2024-04-02 03:47:00,161,14,3.79,3,18.45,2.75
2024-04-08 07:29:56,257,165,3.68,1,16.22,0.0
2024-04-01 18:34:06,229,181,8.25,2,24.48,2.75
2024-04-17 06:23:22,182,193,2.32,1,10.4,0.0
2024-04-06 03:03:05,14,199,0.73,2,3.67,2.75
2024-04-18 19:18:29,100,246,2.72,1,12.43,0.0
2024-04-05 08:32:10,225,14,3.32,1,14.02,2.75
2024-04-10 03:38:09,231,79,3.29,1,15.17,2.75
2024-04-30 00:10:14,53,1,1.11,1,9.06,2.75
2024-04-07 09:00:46,6,135,5.85,3,22.11,2.75
2024-04-07 13:37:56,90,115,5.11,1,17.52,0.0
2024-04-07 14:09:24,64,64,1.41,2,6.38,0.0
2024-04-28 20:48:18,88,196,3.3,1,9.77,2.75
2024-04-29 09:36:03,33,91,5.97,1,21.19,2.75
2024-04-02 21:19:08,72,78,0.53,1,5.01,0.0
2024-04-20 03:13:21,44,237,1.63,1,3.87,2.75
2024-04-02 08:10:27,253,14,2.74,1,12.98,2.75
2024-04-20 01:32:08,107,170,7.03,1,23.03,2.75
2024-04-10 07:16:07,2,109,6.12,1,18.75,0.0
2024-04-22 03:23:56,136,43,1.07,2,6.12,2.75
2024-04-04 08:45:14,117,75,2.67,1,7.66,0.0
2024-04-02 00:26:35,121,241,1.77,1,6.44,2.75
2024-04-25 17:50:10,94,80,2.3,1,7.65,0.0
2024-04-28 23:31:30,7,172,3.22,1,10.43,0.0
2024-04-15 10:25:55,88,259,2.92,1,9.18,2.75
2024-04-29 14:26:08,182,114,1.03,4,5.13,2.75
2024-04-12 00:17:43,191,111,0.95,1,7.04,2.75
2024-04-30 10:30:40,208,2,0.99,1,3.39,2.75
2024-04-09 02:42:28,52,29,6.94,1,21.96,2.75
2024-04-01 19:03:02,244,247,0.57,1,3.0,0.0
2024-04-06 01:35:34,182,221,1.29,3,8.09,0.0
2024-04-02 15:56:15,211,95,11.42,1,35.99,0.0
2024-04-19 18:38:40,198,234,0.74,1,5.51,2.75
2024-04-07 17:02:59,33,243,0.63,1,3.54,0.0
2024-04-28 09:35:39,102,24,2.21,1,12.11,0.0
2024-04-29 12:01:48,237,160,1.07,1,5.37,2.75
2024-04-21 23:34:27,216,182,3.42,2,14.99,2.75
2024-04-29 02:20:36,127,241,1.95,1,10.16,2.75
2024-04-05 14:19:12,94,184,1.32,1,5.78,0.0
2024-04-17 03:02:32,74,94,23.5,1,71.62,2.75
2024-04-05 01:28:32,128,208,1.96,4,7.48,2.75
2024-04-23 16:39:43,74,53,4.09,4,14.12,2.75
2024-04-13 15:32:14,256,94,7.75,1,28.54,0.0
2024-04-27 18:35:49,102,98,9.45,3,32.84,0.0
2024-04-23 16:15:04,47,118,2.35,5,10.35,0.0
2024-04-09 21:24:38,165,61,13.58,3,42.18,0.0
2024-04-24 11:24:37,256,252,5.01,1,15.85,2.75
2024-04-09 10:03:22,248,248,3.56,1,10.27,0.0
2024-04-18 00:30:34,204,54,4.64,1,15.72,2.75
2024-04-04 18:58:46,86,181,2.06,1,7.53,2.75
2024-04-13 02:19:04,164,148,2.43,1,12.32,2.75
2024-04-13 23:54:55,57,46,3.59,1,14.27,2.75
2024-04-04 03:55:14,206,118,1.89,1,8.08,0.0
2024-04-08 10:57:20,148,93,5.63,1,21.02,2.75
2024-04-22 05:43:23,21,31,1.51,1,9.58,0.0
2024-04-23 11:03:54,137,213,6.08,1,20.41,2.75
2024-04-24 06:37:02,10,154,1.08,1,5.39,2.75
2024-04-27 16:56:36,45,104,1.36,5,3.8,0.0
2024-04-01 04:09:50,249,154,5.4,1,21.5,0.0
2024-04-12 11:28:45,30,155,1.57,5,9.14,2.75
2024-04-26 18:27:59,225,56,6.05,1,19.54,0.0
2024-04-24 06:53:59,177,25,5.86,3,22.01,0.0
2024-04-18 00:04:25,96,234,1.54,3,3.0,2.75
2024-04-24 05:56:20,17,210,0.77,1,3.85,0.0
2024-04-25 04:30:43,28,125,1.14,2,6.03,2.75
2024-04-27 14:58:33,126,173,5.39,1,19.27,2.75
2024-04-17 04:45:09,187,118,7.07,2,25.55,2.75
2024-04-17 04:56:11,142,83,2.19,1,7.35,2.75
2024-04-26 15:15:34,138,82,1.13,1,7.02,0.0
2024-04-10 03:06:37,229,23,0.77,1,6.41,0.0
2024-04-29 03:25:00,214,136,1.35,1,6.08,0.0
2024-04-05 14:36:56,58,89,14.14,1,44.0,2.75
2024-04-01 14:34:59,18,211,1.15,4,3.5,2.75
2024-04-16 02:39:59,180,82,0.82,1,3.77,2.75
2024-04-29 02:35:07,158,96,5.89,2,16.16,0.0
2024-04-14 19:15:55,256,46,3.84,1,13.61,2.75
2024-04-26 23:46:00,37,49,3.18,2,12.24,0.0
2024-04-05 07:13:23,262,149,2.58,1,9.64,0.0
2024-04-29 02:27:59,79,75,4.74,2,15.84,2.75
2024-04-09 09:28:31,154,221,4.69,1,16.45,0.0
2024-04-10 04:15:04,158,224,2.43,4,10.18,2.75
2024-04-29 12:00:48,75,6,1.43,1,7.9,0.0
2024-04-14 21:45:07,55,55,6.94,1,20.34,2.75
2024-04-18 05:56:34,206,15,1.13,1,4.98,2.75
2024-04-14 17:58:30,215,11,3.17,1,9.06,0.0
2024-04-23 21:12:26,9,167,4.63,1,15.46,2.75
2024-04-26 23:16:18,106,74,4.06,1,16.75,2.75
2024-04-19 06:51:12,245,165,3.88,1,14.54,2.75
2024-04-14 01:42:55,103,185,4.3,2,14.6,0.0
2024-04-22 10:14:06,33,88,7.8,1,24.44,2.75
2024-04-27 23:49:30,108,243,2.09,2,7.8,0.0
2024-04-12 13:38:49,73,65,3.96,1,13.19,2.75
2024-04-16 08:51:13,181,191,4.68,2,17.21,0.0
2024-04-07 16:06:20,152,142,3.62,1,11.52,2.75
2024-04-28 02:17:39,68,38,8.67,1,27.64,2.75
2024-04-19 18:32:48,197,153,4.22,1,13.83,2.75
2024-04-27 01:41:47,32,37,2.43,1,7.43,2.75
2024-04-18 05:23:41,108,227,7.04,4,20.54,2.75
2024-04-24 15:35:03,79,252,2.85,2,10.96,2.75
2024-04-21 17:54:30,259,135,3.14,3,9.32,0.0
2024-04-12 06:07:41,175,11,3.56,2,12.98,2.75
2024-04-01 08:01:27,15,202,1.86,5,9.99,2.75
2024-04-18 05:19:24,51,238,4.99,2,17.32,2.75
2024-04-27 06:29:18,107,69,0.86,1,4.58,2.75
2024-04-03 21:50:20,210,170,7.61,1,22.18,2.75
2024-04-20 00:45:06,202,71,5.42,1,17.35,2.75
2024-04-12 07:52:58,218,149,2.03,1,6.72,2.75
2024-04-08 11:10:26,41,82,1.4,1,5.43,2.75
2024-04-08 16:20:21,259,1,2.22,1,9.24,0.0
2024-04-20 06:17:58,203,10,6.22,1,22.35,2.75
2024-04-22 13:36:38,99,147,0.61,1,3.0,2.75
2024-04-30 03:14:53,149,94,2.71,1,13.0,0.0
2024-04-29 06:11:10,105,233,1.53,1,4.61,2.75
2024-04-24 10:32:11,203,148,7.78,1,29.61,2.75
2024-04-27 19:40:31,95,124,2.37,1,8.47,2.75
2024-04-15 22:45:27,177,248,4.69,5,17.09,2.75
2024-04-03 08:47:50,65,98,2.05,1,8.77,2.75
2024-04-16 16:14:04,41,106,1.9,1,7.29,2.75
2024-04-19 07:52:07,224,166,1.88,2,9.88,2.75
2024-04-05 17:42:16,67,113,4.47,1,18.31,2.75
2024-04-08 05:29:19,255,58,12.16,1,38.45,0.0
2024-04-13 17:48:31,69,246,1.32,2,4.58,2.75
2024-04-25 18:34:27,171,176,4.11,1,12.32,0.0
2024-04-24 11:57:25,101,114,1.58,3,9.43,2.75
2024-04-17 18:48:15,140,94,3.29,1,9.77,0.0
2024-04-01 13:42:14,206,250,3.23,1,12.44,2.75
2024-04-27 10:28:36,73,68,2.59,2,11.32,2.75
2024-04-15 08:40:44,60,149,2.92,1,9.82,2.75
2024-04-22 23:58:28,156,5,7.93,1,27.53,0.0
2024-04-03 09:27:03,124,246,0.82,2,4.79,2.75
2024-04-21 07:05:42,14,164,6.71,3,22.11,0.0
2024-04-09 22:32:13,27,250,2.67,1,7.64,0.0
2024-04-27 03:37:57,245,135,1.92,1,7.07,0.0
2024-04-08 20:46:30,50,184,1.18,1,4.52,0.0
2024-04-22 07:24:01,187,212,6.4,1,23.14,2.75
2024-04-10 03:11:37,57,25,3.64,1,13.91,2.75
2024-04-04 08:19:29,259,184,5.06,1,16.02,2.75
2024-04-30 02:18:21,155,217,1.82,1,4.62,0.0
2024-04-12 03:36:41,34,162,2.25,2,10.6,2.75
2024-04-23 03:17:49,26,172,9.07,1,31.67,2.75
2024-04-23 15:11:21,250,7,11.87,3,40.11,2.75
2024-04-12 23:54:44,86,103,5.21,1,18.73,2.75
2024-04-04 17:49:52,160,153,5.34,1,16.47,2.75
2024-04-28 13:45:53,200,238,4.65,1,15.12,2.75
2024-04-20 02:55:08,106,170,3.6,1,8.73,2.75
2024-04-03 08:01:43,258,56,3.66,1,13.73,2.75
2024-04-29 10:18:47,220,92,12.12,1,40.09,0.0
2024-04-06 23:15:28,15,162,5.36,2,16.75,2.75
2024-04-01 18:39:33,21,157,4.23,1,13.49,0.0
2024-04-19 22:08:56,59,176,1.23,1,3.0,2.75
2024-04-30 13:35:43,82,72,13.71,1,44.53,2.75
2024-04-03 17:00:46,118,77,3.07,1,14.01,2.75
2024-04-27 12:40:07,113,46,10.57,2,34.04,2.75
2024-04-05 02:58:58,257,247,4.88,1,15.72,0.0
2024-04-15 15:51:42,235,3,0.64,1,3.0,0.0
2024-04-30 09:56:50,51,224,3.21,1,11.07,0.0
2024-04-09 04:35:17,166,249,8.31,1,28.94,2.75
2024-04-02 10:38:36,231,215,0.69,2,3.57,0.0
2024-04-01 02:45:07,221,77,7.55,1,22.99,2.75
2024-04-11 05:04:17,84,231,3.83,3,18.01,2.75
2024-04-06 05:18:15,230,50,0.66,1,3.0,2.75
2024-04-18 10:41:31,222,149,2.14,2,6.7,2.75
2024-04-12 04:15:01,154,107,0.61,1,3.0,2.75
2024-04-28 09:26:21,54,186,0.51,3,4.26,0.0
2024-04-16 17:50:47,119,7,8.44,4,27.11,0.0
2024-04-24 12:04:40,198,24,5.33,3,17.4,2.75
2024-04-23 16:20:12,198,213,1.7,3,7.46,2.75
2024-04-10 00:48:24,128,189,0.92,1,3.0,0.0
2024-04-22 01:17:53,92,77,0.7,4,5.2,2.75
2024-04-26 07:49:17,9,124,9.22,1,31.77,0.0
2024-04-12 19:53:03,227,160,3.94,1,12.91,2.75
2024-04-20 14:24:55,46,224,1.11,1,6.18,2.75
2024-04-16 11:48:39,134,246,4.5,1,15.46,2.75
2024-04-22 03:24:10,16,78,24.31,1,76.42,0.0
2024-04-12 03:44:03,215,96,5.93,3,20.08,2.75
2024-04-23 22:36:07,112,45,2.57,1,12.06,2.75
2024-04-17 18:33:58,157,69,6.39,3,26.43,2.75
2024-04-03 02:25:32,198,99,5.27,1,19.62,2.75
2024-04-16 20:16:20,58,68,0.82,1,6.59,2.75
2024-04-28 06:40:25,78,78,9.6,2,30.27,2.75
2024-04-30 02:38:11,242,146,8.04,1,25.3,0.0
2024-04-16 07:41:03,99,75,3.63,2,13.67,2.75
2024-04-29 22:37:54,6,2,2.98,4,9.03,2.75
2024-04-27 05:10:08,212,157,1.4,1,8.7,2.75
2024-04-05 10:32:25,84,87,6.79,2,24.23,2.75
2024-04-20 22:59:51,112,250,2.48,3,8.7,0.0
2024-04-03 13:24:59,198,48,3.53,1,14.17,2.75
2024-04-21 13:09:44,28,254,1.15,2,10.23,2.75
2024-04-13 10:52:27,141,65,1.34,1,6.84,0.0
2024-04-14 06:42:02,173,42,15.25,3,49.57,2.75
2024-04-20 09:01:52,20,134,2.88,1,11.6,2.75
2024-04-28 14:30:23,117,81,6.42,1,22.26,2.75
2024-04-08 09:18:08,54,19,6.7,1,22.37,0.0
2024-04-19 15:46:01,227,180,14.47,1,50.03,0.0
2024-04-12 03:09:55,109,120,14.74,2,42.65,2.75
2024-04-30 21:21:07,231,19,2.64,1,11.22,2.75
2024-04-08 20:11:50,229,70,11.01,1,35.1,2.75
2024-04-24 02:14:18,87,189,2.09,1,10.97,2.75
2024-04-03 16:25:44,228,94,3.77,1,15.95,2.75
2024-04-22 23:58:24,71,150,6.54,1,23.65,2.75
2024-04-02 05:32:51,228,124,9.08,1,27.97,2.75
2024-04-28 17:32:48,113,133,3.1,1,14.5,2.75
2024-04-25 16:09:05,105,222,2.39,1,8.83,0.0
2024-04-05 17:03:22,9,67,5.06,1,20.05,2.75
2024-04-22 08:27:03,165,231,2.63,1,11.02,0.0
2024-04-10 08:22:14,60,156,4.4,1,16.12,2.75
2024-04-03 12:31:12,106,150,6.21,3,20.34,2.75
2024-04-29 07:00:36,111,109,6.94,1,19.17,2.75
2024-04-29 03:44:12,89,103,1.53,2,10.93,2.75
2024-04-08 13:18:59,230,81,3.47,1,13.68,2.75
2024-04-11 12:09:39,71,106,0.59,1,3.43,2.75
2024-04-09 04:41:14,119,28,6.09,3,21.77,0.0
2024-04-21 11:56:11,103,250,0.97,1,4.61,0.0
2024-04-25 13:09:26,202,8,7.69,1,23.81,2.75
2024-04-27 01:38:33,23,254,2.33,1,8.16,2.75
2024-04-24 14:27:22,90,41,1.14,4,4.95,2.75
2024-04-30 11:16:39,93,153,6.06,1,19.55,0.0
2024-04-14 01:57:29,171,59,1.28,1,6.72,2.75
2024-04-19 19:20:04,221,205,2.26,1,11.64,2.75
2024-04-26 06:39:08,24,167,3.43,1,13.5,0.0
2024-04-13 13:24:12,202,214,2.06,4,8.34,2.75
2024-04-24 01:26:03,124,225,1.19,1,3.0,0.0
2024-04-28 19:06:14,142,109,2.32,1,10.35,2.75
2024-04-15 04:44:02,52,244,1.05,1,4.22,0.0
2024-04-24 11:36:18,70,191,4.94,1,17.81,2.75
2024-04-22 10:04:02,260,155,1.16,5,6.84,2.75
2024-04-02 11:04:19,186,21,2.8,1,10.21,0.0
2024-04-17 19:32:37,207,163,3.38,1,10.97,2.75
2024-04-10 16:57:08,39,250,10.66,1,35.14,0.0
2024-04-17 07:29:59,66,47,0.79,2,3.0,2.75
2024-04-15 05:05:33,13,50,9.83,1,36.54,2.75
2024-04-07 07:01:48,194,138,1.32,1,6.56,2.75
2024-04-10 04:10:50,133,111,6.93,1,24.42,2.75
2024-04-02 10:31:23,195,232,0.83,1,4.76,2.75
2024-04-06 03:05:08,78,169,16.19,1,49.45,2.75
2024-04-27 22:33:33,250,189,6.27,1,25.19,2.75
2024-04-23 03:33:37,232,51,0.73,1,3.0,2.75
2024-04-27 18:02:34,180,8,1.34,5,6.48,2.75
2024-04-02 15:31:38,177,229,3.28,1,11.83,2.75
2024-04-08 11:49:56,29,233,3.1,1,10.94,0.0
2024-04-28 02:52:59,166,19,3.97,1,12.96,2.75
2024-04-23 12:05:53,226,30,2.68,1,9.8,2.75
2024-04-01 10:18:37,136,142,5.14,4,18.91,2.75
2024-04-24 10:39:18,187,116,2.0,1,8.95,2.75
2024-04-03 04:19:09,55,107,1.18,4,6.76,0.0
2024-04-07 06:27:41,2,34,0.62,1,3.66,0.0
2024-04-01 12:37:32,17,178,1.87,5,9.77,2.75
2024-04-13 05:07:10,59,32,2.45,1,6.72,0.0
2024-04-11 23:33:04,88,161,4.27,2,14.96,2.75
2024-04-15 07:16:29,223,114,6.25,1,20.7,2.75
2024-04-26 16:47:51,58,94,1.46,1,6.33,0.0
2024-04-11 07:47:58,192,31,2.88,4,10.59,2.75
2024-04-03 12:50:15,50,152,1.43,4,6.42,2.75
2024-04-22 13:06:31,213,243,11.07,1,36.89,2.75
2024-04-22 02:06:09,230,24,4.15,4,13.97,0.0
2024-04-20 07:05:06,154,218,4.47,2,15.01,2.75
2024-04-11 16:37:44,46,65,3.15,1,14.35,0.0
2024-04-07 16:37:36,118,215,1.66,3,9.38,2.75
2024-04-08 15:05:03,176,100,1.28,1,6.43,0.0
2024-04-17 18:29:11,68,250,4.24,4,15.56,0.0
2024-04-27 03:52:55,251,90,9.42,1,27.74,2.75
2024-04-26 19:05:42,230,251,1.34,2,6.07,2.75
2024-04-28 11:59:08,200,65,3.47,1,14.16,2.75
2024-04-18 14:17:33,146,236,3.14,2,13.14,0.0
2024-04-20 12:19:38,51,77,4.09,1,12.55,0.0
2024-04-03 20:13:35,186,58,3.6,3,10.53,2.75
2024-04-09 23:24:52,199,100,1.61,2,8.7,2.75
2024-04-12 10:35:15,145,245,4.62,1,18.43,0.0
2024-04-17 08:33:29,59,52,1.61,1,8.8,0.0
2024-04-03 17:08:57,195,162,4.2,1,19.12,2.75
2024-04-15 03:26:36,143,191,1.75,1,10.47,0.0
2024-04-01 21:19:17,223,122,0.8,1,3.42,2.75
2024-04-19 11:40:59,100,246,0.98,3,8.12,0.0
2024-04-02 13:03:27,26,184,6.79,2,21.28,2.75
2024-04-20 09:14:02,14,168,0.95,3,6.09,2.75
2024-04-18 11:58:24,122,104,1.9,1,5.66,2.75
2024-04-28 02:25:00,7,89,1.69,1,9.69,2.75
2024-04-08 14:11:00,219,12,0.71,1,3.71,2.75
2024-04-20 15:30:05,220,89,3.7,2,18.25,2.75
2024-04-05 06:25:42,183,154,6.11,1,21.53,2.75
2024-04-27 17:31:20,108,36,17.55,1,55.13,2.75
2024-04-05 14:45:59,124,16,10.12,1,31.15,0.0
2024-04-09 04:33:17,170,206,0.68,1,5.49,0.0
2024-04-17 06:48:11,257,162,1.54,1,7.86,2.75
2024-04-20 14:21:27,9,200,2.36,2,8.38,0.0
2024-04-09 14:57:56,125,205,7.78,3,29.1,2.75
2024-04-07 03:28:21,162,157,2.06,1,7.36,2.75
2024-04-11 09:01:05,36,19,3.46,1,10.0,2.75
2024-04-15 10:15:11,4,138,4.27,1,15.06,2.75
2024-04-10 23:37:14,87,56,1.74,1,7.75,2.75
2024-04-24 01:25:35,91,188,3.55,1,12.65,2.75
2024-04-19 04:22:05,58,43,0.68,2,5.87,2.75
2024-04-01 23:47:46,140,113,2.79,1,11.2,2.75
2024-04-10 16:04:49,172,129,2.16,2,11.83,0.0
2024-04-10 07:42:58,260,257,2.04,2,11.0,0.0
2024-04-08 01:18:45,25,88,1.44,5,8.31,2.75
2024-04-04 02:25:13,198,216,6.46,1,23.43,2.75
2024-04-14 01:16:15,67,107,7.98,1,23.35,2.75
2024-04-27 23:31:23,118,24,8.17,1,28.62,0.0
2024-04-02 22:10:34,6,232,2.27,4,10.81,2.75
2024-04-30 20:19:16,97,44,1.55,1,10.33,2.75
2024-04-24 18:00:04,72,78,0.86,4,3.91,0.0
2024-04-25 15:49:46,258,143,4.41,1,14.3,2.75
2024-04-10 08:35:34,38,215,1.9,1,7.45,2.75
2024-04-13 09:15:12,56,4,1.63,1,7.42,2.75
2024-04-14 08:20:15,103,212,2.13,1,6.87,2.75
2024-04-06 03:13:24,103,199,3.33,3,9.8,2.75
2024-04-14 22:15:07,216,1,1.12,1,4.69,2.75
2024-04-21 23:49:03,21,14,11.89,1,35.33,2.75
2024-04-26 11:36:55,115,222,5.12,1,14.35,2.75
2024-04-23 12:53:08,210,108,0.67,1,3.16,2.75
2024-04-01 06:24:48,203,118,1.78,2,8.0,0.0
2024-04-13 22:17:20,188,119,0.68,2,4.07,0.0
2024-04-25 04:26:25,151,238,1.41,2,8.24,2.75
2024-04-23 11:08:49,191,254,1.68,1,4.47,2.75
2024-04-10 19:07:10,214,45,4.93,3,19.12,2.75
2024-04-22 16:56:30,42,126,4.94,1,16.82,0.0
2024-04-27 00:32:03,194,135,0.66,1,7.63,0.0
2024-04-21 18:40:16,250,64,3.6,1,13.6,2.75
2024-04-13 13:45:15,81,258,11.85,1,37.94,0.0
2024-04-14 18:00:37,41,6,3.96,1,13.93,2.75
2024-04-01 04:49:12,20,17,11.81,1,38.45,2.75
2024-04-02 11:13:08,9,41,2.18,1,11.11,2.75
2024-04-05 19:06:04,124,232,2.66,3,12.11,2.75
2024-04-24 09:54:35,203,90,2.89,1,11.69,0.0
2024-04-12 07:08:44,78,150,9.52,1,30.72,2.75
2024-04-30 11:38:02,210,72,2.17,1,9.35,2.75
2024-04-08 09:50:45,18,257,14.85,4,51.37,0.0
2024-04-07 06:33:56,236,45,3.24,1,13.54,2.75
2024-04-20 05:31:40,200,40,1.36,1,8.74,2.75
2024-04-21 02:40:27,252,192,0.88,5,6.42,0.0
2024-04-02 07:59:18,239,11,1.16,1,6.84,2.75
2024-04-15 16:16:05,119,135,0.64,1,3.0,2.75
2024-04-15 09:48:50,7,179,4.63,1,14.43,0.0
2024-04-21 20:36:20,253,221,3.05,1,11.78,2.75
2024-04-16 06:56:06,128,222,5.19,1,18.24,2.75
2024-04-28 01:43:23,92,39,5.84,1,20.59,2.75
2024-04-25 23:02:27,6,44,9.88,1,33.4,2.75
2024-04-12 14:26:18,74,148,0.94,1,3.0,2.75
2024-04-16 18:03:40,56,22,1.22,1,6.58,0.0
2024-04-03 13:42:23,238,157,3.28,2,12.62,0.0
2024-04-05 15:17:03,22,3,0.99,1,6.46,0.0
2024-04-01 09:28:31,41,201,0.84,1,3.0,2.75
2024-04-27 15:58:41,258,97,4.34,3,15.64,2.75
2024-04-06 13:58:53,48,109,5.01,1,13.57,2.75
2024-04-18 19:40:05,139,228,6.99,1,20.35,2.75
2024-04-27 19:06:00,202,242,9.16,1,33.79,0.0
2024-04-01 11:16:05,140,29,2.55,1,9.89,2.75
2024-04-15 19:32:18,142,109,14.17,1,42.83,2.75
2024-04-08 01:46:44,233,11,0.64,1,3.0,2.75
2024-04-14 01:22:08,158,95,7.64,1,24.9,2.75
2024-04-13 00:32:14,38,132,1.86,1,11.38,2.75
2024-04-01 10:37:13,75,93,9.42,1,30.64,2.75
2024-04-19 04:06:26,175,54,1.38,2,7.7,2.75
2024-04-04 07:07:19,39,242,5.23,1,16.65,2.75
2024-04-12 15:59:52,73,195,2.44,3,8.17,0.0
2024-04-20 16:01:44,58,258,2.18,3,9.2,2.75
2024-04-03 00:16:46,89,68,0.71,1,4.22,0.0
2024-04-04 23:23:21,134,190,4.78,1,16.54,2.75
2024-04-23 19:37:23,143,128,1.17,1,6.47,0.0
2024-04-28 19:28:30,95,19,2.68,1,11.94,0.0
2024-04-03 19:51:40,156,172,1.03,1,3.0,2.75
2024-04-02 17:55:33,201,62,3.75,1,12.75,2.75
2024-04-10 00:31:10,160,67,1.42,1,8.11,2.75
2024-04-08 16:38:49,211,211,3.66,1,12.22,0.0
2024-04-08 21:27:11,172,175,10.76,1,37.74,2.75
2024-04-14 06:30:02,70,7,9.38,1,32.04,2.75
2024-04-14 00:17:12,145,233,1.28,1,4.72,2.75
2024-04-21 17:08:15,167,199,0.87,2,3.94,0.0
2024-04-29 10:29:42,117,22,0.65,3,3.7,2.75
2024-04-28 11:39:45,185,229,6.67,1,20.81,2.75
2024-04-25 23:09:01,203,125,1.5,2,5.93,2.75
2024-04-18 16:47:58,162,73,1.67,1,5.5,2.75
2024-04-22 02:46:22,188,186,1.4,3,6.27,2.75
2024-04-02 22:59:22,43,38,6.92,4,24.18,2.75
2024-04-19 12:54:29,201,248,14.01,2,45.64,2.75
2024-04-05 13:56:11,231,76,5.43,3,19.19,0.0
2024-04-29 15:01:41,4,141,6.57,1,18.34,2.75
2024-04-23 03:23:10,240,97,3.89,1,14.68,2.75
2024-04-09 17:53:04,206,143,3.13,1,10.95,0.0
2024-04-04 22:41:47,94,80,4.98,2,17.72,2.75
2024-04-29 14:11:59,232,256,0.63,1,3.0,2.75
2024-04-24 22:52:10,160,15,0.72,1,3.0,0.0
2024-04-08 10:20:59,113,23,4.57,1,15.63,2.75
2024-04-26 03:36:34,252,160,1.93,3,10.38,0.0
2024-04-25 07:15:41,222,96,2.85,2,4.54,0.0
2024-04-29 18:05:19,94,37,5.83,1,21.26,0.0
2024-04-25 21:47:50,167,163,3.51,1,15.26,0.0
2024-04-23 21:54:41,138,136,6.23,1,17.21,0.0
2024-04-01 02:08:31,210,241,2.4,1,8.93,2.75
2024-04-15 15:49:08,256,175,1.69,1,5.86,2.75
2024-04-04 17:19:34,73,118,1.44,2,5.43,2.75
2024-04-15 19:14:50,214,257,0.99,1,4.93,2.75
2024-04-09 16:28:26,151,218,0.63,1,4.68,2.75
2024-04-03 23:56:29,235,203,0.69,2,3.68,2.75
2024-04-11 02:30:02,216,143,1.61,1,4.08,2.75
2024-04-26 16:14:27,109,255,1.64,1,5.04,2.75
2024-04-12 00:54:40,120,96,2.18,2,8.63,2.75
2024-04-04 12:24:34,98,207,3.63,1,13.32,2.75
2024-04-20 21:02:01,210,87,5.48,3,17.8,2.75
2024-04-21 21:26:06,32,131,1.27,1,3.6,0.0
2024-04-15 12:05:59,226,115,5.48,1,17.14,2.75
2024-04-08 21:28:41,215,255,1.02,1,5.62,0.0
2024-04-03 06:18:27,123,148,16.19,1,47.54,2.75
2024-04-26 00:18:16,147,56,1.67,1,7.04,2.75
2024-04-06 09:21:58,52,99,6.86,3,19.02,2.75
2024-04-14 09:06:53,180,60,1.24,1,4.02,2.75
2024-04-14 14:29:30,187,184,11.03,1,37.65,0.0
2024-04-04 20:51:07,108,175,6.63,1,20.26,2.75
2024-04-28 13:42:56,126,152,2.06,2,11.84,2.75
2024-04-08 14:28:41,261,4,2.42,2,9.54,2.75
2024-04-25 21:19:17,194,76,0.51,1,7.11,2.75
2024-04-02 05:42:28,34,1,1.51,1,3.0,2.75
2024-04-16 20:42:10,182,164,1.7,1,10.54,2.75
2024-04-29 14:46:25,239,48,2.61,2,10.01,2.75
2024-04-19 22:49:06,146,18,1.02,2,5.2,0.0
2024-04-16 23:18:32,44,89,2.78,1,9.15,2.75
2024-04-08 01:50:42,259,156,4.36,1,15.16,2.75
2024-04-27 19:13:52,19,181,2.12,1,9.54,0.0
2024-04-21 01:11:06,215,9,1.42,1,4.78,2.75
2024-04-17 20:58:51,211,152,3.28,1,10.52,2.75
2024-04-02 11:41:54,231,148,0.6,2,4.95,2.75
2024-04-01 01:23:03,5,27,1.96,1,8.3,2.75
2024-04-09 01:07:49,162,101,3.12,2,7.09,2.75
2024-04-12 20:58:46,216,199,1.93,1,9.53,2.75
2024-04-02 22:36:46,100,83,1.98,1,9.87,2.75
2024-04-08 10:16:40,171,54,7.1,1,20.97,2.75
2024-04-01 18:33:06,252,82,10.01,3,30.41,2.75
2024-04-28 08:40:54,169,143,6.65,2,20.09,0.0
2024-04-17 08:36:27,38,253,0.86,1,7.92,2.75
2024-04-18 11:18:11,228,97,1.7,1,6.07,0.0
2024-04-01 22:57:53,125,40,4.85,4,17.83,2.75
2024-04-27 01:00:56,137,229,13.33,2,44.67,0.0
2024-04-11 15:22:52,108,197,1.47,2,8.23,2.75
2024-04-28 06:31:03,68,171,8.5,3,27.8,0.0
2024-04-08 09:32:37,104,2,5.2,1,19.9,2.75
2024-04-15 23:18:40,246,52,14.85,3,43.56,2.75
2024-04-30 07:23:50,165,103,0.84,1,6.02,0.0
2024-04-04 06:17:52,192,33,2.26,1,8.71,0.0
2024-04-06 00:17:53,195,11,2.78,1,10.23,0.0
2024-04-18 00:19:35,132,76,4.4,1,15.99,0.0
2024-04-06 13:45:37,144,54,4.21,1,17.53,2.75
2024-04-08 12:21:47,219,97,8.79,2,30.81,0.0
2024-04-25 03:41:06,26,148,6.89,1,22.51,2.75
2024-04-17 17:57:52,251,5,0.7,1,5.05,0.0
2024-04-05 13:49:40,95,106,2.83,1,9.13,2.75
2024-04-30 21:31:32,200,44,2.33,1,8.77,2.75
2024-04-22 00:49:49,103,206,21.0,3,66.06,2.75
2024-04-17 15:56:28,193,118,2.45,1,10.16,2.75
2024-04-29 05:28:40,2,178,4.52,1,16.76,2.75
2024-04-20 22:25:41,247,228,1.67,1,7.93,2.75
2024-04-19 05:41:25,91,117,3.84,1,12.97,0.0
2024-04-04 16:07:14,45,142,1.31,1,5.12,2.75
2024-04-17 22:45:08,3,72,3.74,2,13.06,2.75
2024-04-23 21:02:33,64,29,7.59,1,25.83,2.75
2024-04-22 18:37:42,135,25,0.57,4,4.65,0.0
2024-04-15 03:29:38,176,87,2.96,2,12.25,2.75
2024-04-14 08:14:09,120,187,14.63,3,46.45,2.75
2024-04-28 05:42:28,262,100,1.11,1,5.75,2.75
2024-04-23 10:44:40,174,255,1.21,1,4.58,0.0
2024-04-03 14:07:06,118,178,2.73,5,11.03,2.75
2024-04-27 17:04:16,185,140,7.67,1,27.79,0.0
2024-04-28 00:15:31,243,82,3.4,1,10.37,2.75
2024-04-11 21:45:02,214,19,2.99,1,12.04,2.75
2024-04-29 20:00:31,121,255,0.82,5,6.91,0.0
2024-04-26 06:34:57,63,53,11.94,1,36.47,0.0
2024-04-13 18:23:55,149,35,1.99,1,8.83,2.75
2024-04-29 01:44:45,29,155,1.52,1,6.44,0.0
2024-04-19 02:57:11,225,67,2.36,3,7.51,2.75
2024-04-29 22:01:37,173,230,2.37,1,9.53,2.75
2024-04-02 01:32:34,244,51,2.65,1,11.07,2.75
2024-04-22 12:08:46,131,43,4.58,1,17.62,2.75
2024-04-11 22:22:25,20,35,7.59,5,25.52,0.0
2024-04-08 02:27:47,81,15,0.71,1,3.0,2.75
2024-04-04 06:39:57,235,144,2.86,2,13.48,2.75
2024-04-11 05:13:36,221,69,2.37,1,7.63,2.75
2024-04-06 17:57:06,170,199,0.54,1,3.0,2.75
2024-04-23 14:22:33,46,85,6.43,2,22.75,0.0
2024-04-21 05:02:56,60,169,0.89,1,6.78,0.0
2024-04-03 16:33:35,96,193,0.93,1,3.26,0.0
2024-04-06 06:11:58,31,30,0.67,1,3.0,2.75
2024-04-04 05:20:29,116,147,1.28,1,8.57,0.0
2024-04-04 17:55:33,62,88,1.18,1,3.0,2.75
2024-04-25 10:24:56,146,79,2.0,1,4.98,2.75
2024-04-08 05:42:09,53,227,4.27,1,15.91,2.75
2024-04-23 06:24:44,51,24,0.7,3,3.0,2.75
2024-04-19 20:00:55,169,177,7.39,3,24.09,2.75
2024-04-01 00:26:47,195,187,1.88,1,4.75,2.75
2024-04-16 03:34:50,83,214,3.77,1,14.17,0.0
2024-04-21 13:10:05,134,176,0.54,1,3.0,0.0
2024-04-12 12:13:46,81,80,2.09,3,9.26,2.75
2024-04-19 00:01:57,219,238,0.51,1,6.4,2.75
2024-04-11 08:53:40,2,81,1.13,1,9.25,2.75
2024-04-13 00:28:45,251,197,2.58,2,12.11,0.0
2024-04-16 07:11:14,236,181,3.18,2,12.31,0.0
2024-04-11 13:19:34,156,54,1.08,1,6.01,2.75
2024-04-20 19:49:43,37,165,5.29,1,15.6,2.75
2024-04-20 05:29:53,229,18,1.23,1,6.6,0.0
2024-04-15 12:45:22,145,256,0.93,3,4.21,2.75
2024-04-09 06:21:30,56,136,1.92,4,9.49,2.75
2024-04-29 08:07:46,121,212,3.31,4,11.97,2.75
2024-04-17 23:48:04,211,241,16.25,1,53.41,0.0
2024-04-06 10:14:57,260,114,2.4,1,5.98,2.75
2024-04-04 11:47:15,103,197,2.44,1,11.06,0.0
2024-04-19 18:36:40,235,187,0.71,1,6.62,0.0
2024-04-14 14:02:47,38,191,5.58,1,19.0,2.75
2024-04-01 18:28:58,108,263,1.2,1,5.78,2.75
2024-04-14 08:19:06,224,35,5.28,3,18.1,2.75
2024-04-08 23:05:33,184,42,8.95,3,30.44,2.75
2024-04-23 07:39:07,155,213,5.62,1,21.91,2.75
2024-04-28 07:19:37,32,88,4.1,5,14.02,2.75
2024-04-03 06:16:32,234,155,3.74,1,15.27,2.75
2024-04-14 15:06:09,250,258,2.62,2,9.24,0.0
2024-04-15 17:14:48,58,25,1.05,1,5.8,0.0
2024-04-23 01:52:41,163,194,5.78,1,19.12,2.75
2024-04-02 16:51:23,17,59,2.77,4,11.62,2.75
2024-04-14 02:28:33,254,106,3.94,1,14.24,2.75
2024-04-07 18:34:33,146,7,2.14,2,6.88,2.75
2024-04-19 09:38:28,229,177,1.28,1,4.74,2.75
2024-04-05 23:51:48,240,196,6.25,1,22.6,0.0
2024-04-08 11:36:32,16,232,1.97,1,6.91,0.0
2024-04-02 13:52:02,75,202,7.55,5,22.98,2.75
2024-04-03 23:41:56,260,220,12.31,1,40.62,2.75
2024-04-25 15:43:59,4,85,6.7,2,24.1,2.75
2024-04-14 00:22:08,251,219,0.98,1,3.6,2.75
2024-04-21 18:30:31,85,227,7.26,1,22.55,2.75
2024-04-25 16:38:40,63,52,3.06,1,12.13,2.75
2024-04-20 14:25:12,100,142,1.47,1,8.49,0.0
2024-04-25 02:28:55,243,59,0.84,4,4.02,2.75
2024-04-07 17:59:48,162,57,1.64,1,6.65,2.75
2024-04-22 10:01:42,178,120,1.02,1,3.9,2.75
2024-04-17 12:26:46,252,37,0.59,2,7.11,0.0
2024-04-27 20:15:34,42,186,15.91,1,50.12,2.75
2024-04-27 01:59:17,242,126,6.73,1,22.97,2.75
2024-04-22 14:54:18,91,213,5.2,1,17.5,2.75
2024-04-20 08:04:23,28,189,1.25,1,5.6,2.75
2024-04-26 18:56:08,155,185,0.6,1,5.76,0.0
2024-04-25 19:53:42,119,109,2.82,2,10.92,2.75
2024-04-22 07:09:34,220,52,5.24,1,19.85,0.0
2024-04-05 15:12:17,121,101,12.02,1,40.2,2.75
2024-04-13 13:44:00,46,146,7.0,1,22.47,2.75
2024-04-11 14:32:38,115,205,8.34,2,25.82,2.75
2024-04-19 00:23:30,168,175,1.45,1,5.3,0.0
2024-04-22 06:05:01,246,231,1.09,1,3.0,2.75
2024-04-18 21:44:13,234,126,1.5,3,9.97,2.75
2024-04-04 14:29:16,22,251,1.02,1,5.42,2.75
2024-04-26 00:39:43,202,112,6.11,1,23.51,0.0
2024-04-20 10:59:01,68,40,8.67,1,31.54,0.0
2024-04-15 02:31:32,136,218,1.79,1,9.21,0.0
2024-04-16 10:07:47,231,236,7.83,1,25.31,0.0
2024-04-18 12:55:01,58,192,0.7,1,5.0,2.75
2024-04-26 09:43:19,15,87,4.46,2,15.7,2.75
2024-04-10 00:02:05,170,240,3.12,1,13.3,2.75
2024-04-25 20:00:55,169,155,1.63,1,10.38,2.75
2024-04-16 13:19:21,48,180,5.62,2,21.13,2.75
2024-04-24 13:04:12,96,80,1.33,1,9.21,0.0
2024-04-18 15:01:45,44,7,2.38,3,8.64,2.75
2024-04-04 00:12:46,240,251,4.83,1,17.05,2.75
2024-04-21 00:52:06,70,191,1.94,1,8.41,0.0
2024-04-01 20:13:52,253,77,7.27,1,27.08,2.75
2024-04-16 10:01:43,66,55,7.52,1,25.03,2.75
2024-04-29 17:53:07,31,204,1.29,1,6.34,0.0
2024-04-10 03:11:46,214,159,2.53,1,8.92,2.75
2024-04-17 11:47:00,181,139,2.48,1,10.39,0.0
2024-04-17 10:28:09,202,230,2.35,1,10.16,2.75
2024-04-21 16:56:16,68,67,2.94,1,12.1,0.0
2024-04-13 15:26:10,25,98,0.77,1,6.2,0.0
2024-04-24 12:08:54,248,114,7.64,1,24.72,0.0
2024-04-24 08:40:22,160,13,1.7,1,9.71,0.0
2024-04-25 16:58:27,257,147,0.51,4,3.0,0.0
2024-04-21 08:39:04,111,222,4.54,1,19.73,2.75
2024-04-10 11:27:18,47,21,4.18,3,10.53,2.75
2024-04-25 17:43:34,179,215,14.79,1,43.13,2.75
2024-04-23 07:05:28,36,144,4.95,2,18.21,2.75
2024-04-30 14:41:25,198,112,1.92,1,6.19,2.75
2024-04-28 15:46:20,42,78,11.17,1,35.89,0.0
2024-04-23 06:53:55,90,154,2.09,1,9.03,2.75
2024-04-23 22:06:53,68,86,6.53,1,25.65,0.0
2024-04-05 21:42:31,70,76,1.93,1,10.44,2.75
2024-04-02 00:43:43,110,31,0.67,1,3.0,0.0
2024-04-27 16:02:44,22,168,5.13,1,12.79,0.0
2024-04-25 00:32:30,195,220,2.01,2,9.13,2.75
2024-04-02 21:46:12,45,200,1.95,3,9.58,2.75
2024-04-13 14:48:12,111,113,4.9,1,17.29,2.75
2024-04-03 23:00:23,209,13,1.86,2,7.52,0.0
2024-04-26 07:50:56,230,60,0.94,1,4.61,2.75
2024-04-29 08:50:36,178,188,2.31,3,7.22,2.75
2024-04-21 20:20:20,250,55,6.58,1,18.8,2.75
2024-04-04 19:19:44,11,243,0.99,3,3.47,2.75
2024-04-25 05:04:22,252,153,3.33,1,11.03,2.75
2024-04-12 03:33:28,235,169,1.0,1,12.19,2.75
2024-04-15 03:26:57,136,109,0.68,1,4.9,0.0
2024-04-20 18:19:42,254,36,2.17,2,8.37,2.75
2024-04-14 03:26:23,54,212,4.25,4,15.67,2.75
2024-04-09 14:06:43,129,131,1.63,1,9.0,0.0
2024-04-25 19:48:00,226,59,2.57,1,10.27,2.75
2024-04-06 21:39:18,20,162,2.87,1,11.34,2.75
2024-04-11 14:15:57,100,262,6.94,1,25.66,2.75
2024-04-13 05:48:41,57,159,6.48,2,26.64,2.75
2024-04-20 05:30:42,226,227,0.51,1,3.12,0.0
2024-04-01 05:03:46,141,160,2.37,2,6.03,0.0
2024-04-13 20:55:36,125,46,4.24,1,13.17,2.75
2024-04-25 22:28:25,52,123,7.2,3,22.57,2.75
2024-04-25 05:50:52,134,214,0.68,2,4.45,2.75
2024-04-05 10:59:05,153,158,3.96,2,13.61,2.75
2024-04-07 21:32:09,186,164,6.96,2,26.9,2.75
2024-04-01 14:21:52,239,50,1.53,1,6.57,2.75
2024-04-06 03:43:25,183,130,1.3,2,6.97,2.75
2024-04-12 06:54:48,3,263,2.71,1,7.56,2.75
2024-04-04 19:47:09,196,155,12.0,1,36.84,0.0
2024-04-02 08:01:18,166,46,4.63,2,11.27,0.0
2024-04-06 21:27:52,141,248,2.43,2,11.55,2.75
2024-04-27 04:25:53,111,221,0.57,1,7.43,2.75
2024-04-09 11:59:51,261,213,3.35,1,11.15,2.75
2024-04-30 13:25:22,188,2,2.0,1,9.75,2.75
2024-04-16 04:39:44,185,206,1.22,1,9.59,2.75
2024-04-08 04:11:42,92,230,2.93,1,13.92,0.0
2024-04-26 15:13:11,194,192,1.96,1,8.96,2.75
2024-04-16 23:51:12,47,253,0.64,1,5.39,2.75
2024-04-09 10:27:51,144,89,5.02,1,16.86,0.0
2024-04-25 09:35:12,149,15,5.12,1,15.25,2.75
2024-04-30 21:44:56,120,165,3.88,1,17.19,2.75
2024-04-04 17:11:04,134,262,6.93,1,24.48,0.0
2024-04-05 17:29:00,197,45,1.29,1,6.78,2.75
2024-04-02 10:09:54,37,180,1.68,4,3.0,2.75
2024-04-16 13:09:08,187,106,2.65,1,7.13,2.75
2024-04-11 12:08:21,213,148,0.72,2,5.7,2.75
2024-04-09 10:54:16,110,190,8.03,1,23.76,0.0
2024-04-22 18:54:20,187,129,2.86,4,10.99,2.75
2024-04-17 04:13:01,78,205,1.87,2,7.48,2.75
2024-04-01 07:45:49,125,30,2.78,1,8.51,2.75
2024-04-15 11:34:20,2,10,1.88,1,7.13,0.0
2024-04-29 03:47:13,71,109,1.68,1,11.46,2.75
2024-04-05 09:02:27,212,150,2.58,1,10.46,2.75
2024-04-15 14:27:21,8,139,2.8,1,10.57,2.75
2024-04-22 04:31:02,184,154,2.49,4,12.67,2.75
2024-04-12 20:34:43,164,147,3.28,1,10.85,2.75
2024-04-17 19:54:55,81,36,5.85,1,18.72,2.75
2024-04-07 15:43:09,262,184,0.71,2,3.0,2.75
2024-04-10 16:29:03,105,135,6.34,1,24.17,2.75
2024-04-26 04:56:56,28,18,1.41,2,7.23,0.0
2024-04-30 00:50:48,47,137,1.52,3,3.09,2.75
2024-04-02 02:59:40,55,198,3.7,4,10.55,0.0
2024-04-08 06:23:58,79,45,13.51,1,43.68,0.0
2024-04-14 00:55:28,1,79,0.56,1,7.13,2.75
2024-04-01 18:20:46,168,87,4.41,1,14.0,0.0
2024-04-26 12:14:30,23,209,4.68,1,14.45,0.0
2024-04-22 15:30:08,228,224,3.48,1,8.73,0.0
2024-04-16 22:49:22,260,253,0.53,1,3.0,2.75
2024-04-18 09:37:43,164,160,3.76,2,14.81,2.75
2024-04-10 15:52:34,10,229,0.93,3,4.53,2.75
2024-04-12 13:38:08,116,195,0.78,1,6.56,2.75
2024-04-17 03:04:00,158,144,4.67,1,14.25,2.75
2024-04-06 04:33:51,158,130,4.72,1,18.75,2.75
2024-04-21 00:13:09,202,41,8.22,2,24.53,2.75
2024-04-05 14:55:25,121,179,0.51,2,5.78,2.75
2024-04-15 21:44:21,139,14,2.17,1,8.12,0.0
2024-04-28 23:57:33,162,232,0.54,2,4.68,2.75
2024-04-16 04:25:58,208,27,2.09,1,10.02,2.75
2024-04-11 11:34:03,55,10,2.87,1,7.54,2.75
2024-04-01 04:11:04,260,85,3.14,1,10.01,0.0
2024-04-15 00:19:23,44,2,2.04,3,9.32,0.0
2024-04-13 15:33:54,159,207,5.02,1,16.23,2.75
2024-04-08 15:17:10,98,89,2.38,1,9.04,0.0
2024-04-11 20:58:27,26,121,3.05,1,11.37,0.0
2024-04-24 01:47:31,198,30,6.13,3,17.25,2.75
2024-04-10 09:18:20,97,9,1.17,4,3.48,2.75
2024-04-17 01:32:59,239,129,1.85,1,8.1,2.75
2024-04-08 08:48:00,12,204,3.08,1,12.16,2.75
2024-04-17 06:54:56,45,138,5.61,1,23.48,2.75
2024-04-15 00:34:54,9,145,2.44,4,8.41,0.0
2024-04-15 11:23:45,1,174,0.76,2,4.82,2.75
2024-04-06 10:41:11,210,49,16.23,5,49.73,0.0
2024-04-25 08:02:29,54,243,4.81,3,17.07,2.75
2024-04-11 06:12:37,104,90,4.99,1,21.77,2.75
2024-04-27 01:07:37,152,100,2.69,1,12.35,2.75
2024-04-16 20:50:28,10,203,3.27,3,12.7,2.75
2024-04-06 06:47:15,40,208,18.43,1,56.11,0.0
2024-04-07 05:32:39,44,93,3.66,1,11.21,2.75
2024-04-29 13:58:56,155,237,1.36,1,8.41,2.75
2024-04-07 02:13:26,82,201,12.17,4,39.68,0.0
2024-04-25 11:51:50,197,250,3.2,1,8.65,2.75
2024-04-26 07:01:06,52,96,0.57,2,5.84,0.0
2024-04-09 04:48:01,223,226,3.48,2,10.32,2.75
2024-04-07 07:09:22,59,104,0.76,1,7.02,0.0
2024-04-03 18:25:39,110,144,3.12,4,8.73,0.0
2024-04-11 01:37:55,30,137,6.61,1,21.44,2.75
2024-04-20 13:02:19,107,68,3.21,2,13.57,0.0
2024-04-02 10:03:23,95,173,2.14,1,7.58,2.75
2024-04-24 00:27:47,207,2,8.0,1,26.27,0.0
2024-04-12 08:50:07,172,119,9.69,1,31.35,2.75
2024-04-17 22:31:37,79,120,1.99,3,7.47,2.75
2024-04-23 12:46:48,250,149,2.92,1,13.93,0.0
2024-04-06 18:17:01,218,219,14.74,1,48.59,2.75
2024-04-17 16:25:25,57,183,1.19,1,3.0,2.75
2024-04-11 06:23:44,147,4,1.74,1,10.26,2.75
2024-04-10 00:21:13,234,58,2.46,1,8.72,2.75
2024-04-06 09:35:48,17,198,0.87,1,9.02,2.75
2024-04-29 03:34:55,197,26,1.61,1,5.59,0.0
2024-04-04 18:05:29,189,113,3.25,1,10.74,0.0
2024-04-28 18:53:54,132,197,1.41,2,6.1,2.75
2024-04-22 11:22:31,248,229,4.56,1,17.95,2.75
2024-04-02 09:20:26,150,98,2.0,1,7.75,2.75
2024-04-27 23:36:49,202,200,0.83,1,5.34,2.75
2024-04-13 18:01:22,213,21,5.56,1,20.06,0.0
2024-04-14 01:50:03,217,186,3.43,1,11.72,2.75
2024-04-06 03:58:15,6,175,6.6,1,26.27,0.0
2024-04-08 22:40:26,158,208,2.06,3,8.09,2.75
2024-04-09 17:27:57,75,91,0.57,1,3.0,2.75
2024-04-13 16:02:06,251,263,0.67,4,4.41,0.0
2024-04-28 11:52:01,46,216,6.05,1,23.18,2.75
2024-04-06 17:04:26,229,253,2.35,1,8.97,0.0
2024-04-12 15:03:47,182,31,13.61,1,44.06,0.0
2024-04-01 22:08:31,83,125,6.71,4,21.9,2.75
2024-04-26 21:44:35,145,196,0.56,3,5.76,0.0
2024-04-27 14:47:32,50,34,7.64,2,19.26,2.75
2024-04-28 08:19:05,100,231,1.34,2,7.39,2.75
2024-04-12 02:16:39,220,15,2.83,1,10.7,2.75
2024-04-21 00:34:37,139,170,2.97,3,14.51,2.75
2024-04-03 16:53:17,14,146,0.72,1,5.03,2.75
2024-04-05 05:56:31,13,206,0.97,1,4.38,2.75
2024-04-24 03:49:29,250,38,2.42,2,11.14,2.75
2024-04-25 11:22:44,172,29,4.1,1,14.97,0.0
2024-04-17 10:39:10,106,10,1.57,2,7.0,2.75
2024-04-22 12:34:25,189,115,3.12,1,13.98,0.0
2024-04-04 02:23:20,17,84,2.17,1,10.09,2.75
2024-04-14 18:10:15,50,81,3.98,1,14.53,2.75
2024-04-30 19:22:06,249,71,2.43,1,13.43,0.0
2024-04-17 20:52:36,227,56,7.18,1,21.81,0.0
2024-04-20 07:09:09,79,222,14.92,1,47.53,2.75
2024-04-23 12:06:31,213,104,9.05,2,31.61,2.75
2024-04-02 17:49:55,17,233,1.15,4,3.0,2.75
2024-04-07 15:05:35,251,178,2.64,1,5.42,2.75
2024-04-25 20:21:49,84,74,2.65,1,8.04,2.75
2024-04-10 01:53:22,197,53,6.92,1,26.16,2.75
2024-04-16 00:51:11,18,257,2.05,2,11.05,2.75
2024-04-21 19:17:42,221,118,3.29,1,14.44,0.0
2024-04-17 15:51:25,235,218,3.79,1,15.44,0.0
2024-04-15 14:24:52,176,30,0.91,1,5.77,2.75
2024-04-12 10:41:32,72,108,3.36,1,14.99,0.0
2024-04-05 09:16:16,91,202,1.49,1,6.57,2.75
2024-04-15 00:30:43,23,96,1.31,2,5.17,2.75
2024-04-28 20:49:21,213,39,1.51,1,10.76,2.75
2024-04-30 12:44:37,128,248,0.87,1,4.86,2.75
2024-04-26 07:32:59,59,240,0.75,2,5.93,0.0
2024-04-25 20:34:40,85,180,4.14,1,17.93,2.75
2024-04-01 13:24:02,229,161,10.4,1,33.02,2.75
2024-04-06 07:31:39,112,155,4.58,1,17.71,2.75
2024-04-25 14:25:42,116,157,1.81,3,6.98,2.75
2024-04-20 19:39:13,238,210,1.93,1,8.67,2.75
2024-04-13 23:17:58,52,111,3.23,1,15.4,2.75
2024-04-28 10:22:48,84,144,7.54,1,25.66,2.75
2024-04-20 07:04:55,111,100,1.29,1,6.9,2.75
2024-04-17 16:09:40,200,257,2.71,4,9.56,0.0
2024-04-09 03:24:06,219,118,2.92,4,13.84,0.0
2024-04-19 23:27:14,229,213,9.87,1,35.45,0.0
2024-04-03 16:16:00,21,132,3.19,2,12.88,0.0
2024-04-23 16:12:46,176,115,5.81,3,18.88,0.0
2024-04-11 01:39:06,56,116,0.82,1,3.0,2.75
2024-04-26 08:16:55,143,57,1.89,3,6.76,0.0
2024-04-02 06:34:51,226,152,3.81,1,12.02,0.0
2024-04-07 15:21:21,8,166,4.46,1,17.27,2.75
2024-04-13 22:39:06,124,152,8.08,1,22.72,2.75
2024-04-22 13:08:48,246,212,3.62,1,13.33,2.75
2024-04-12 20:29:06,101,102,1.7,1,6.85,0.0
2024-04-10 06:10:00,93,253,3.21,2,14.49,2.75
2024-04-03 03:29:45,254,81,4.85,1,18.05,0.0
2024-04-01 13:33:58,80,58,5.87,3,18.4,2.75
2024-04-02 03:35:29,31,2,10.63,1,33.98,2.75
2024-04-10 21:35:27,12,9,1.24,1,7.89,2.75
2024-04-09 18:48:41,127,191,4.29,1,15.34,2.75
2024-04-04 16:56:57,187,123,1.28,5,3.0,0.0
2024-04-21 13:34:21,69,104,1.84,5,7.8,2.75
2024-04-03 19:47:22,11,83,1.04,1,3.0,2.75
2024-04-21 15:40:24,23,109,5.69,1,19.16,0.0
2024-04-03 14:41:23,209,120,9.09,1,32.54,2.75
2024-04-15 15:08:43,215,228,0.61,5,4.75,0.0
2024-04-15 22:56:19,123,106,6.38,2,21.78,2.75
2024-04-21 07:17:18,73,217,1.47,1,5.09,2.75
2024-04-15 10:21:59,210,128,2.84,3,10.84,2.75
2024-04-16 10:50:35,94,149,5.33,1,17.41,2.75
2024-04-16 08:55:42,236,151,2.97,1,12.91,2.75
2024-04-26 02:43:35,154,61,1.42,1,6.2,2.75
2024-04-02 04:06:56,213,158,8.78,1,29.6,2.75
2024-04-16 02:31:08,128,174,3.65,1,13.22,2.75
2024-04-18 14:12:14,233,244,9.87,4,32.26,0.0
2024-04-04 09:54:47,41,173,7.06,1,22.97,2.75
2024-04-18 20:08:58,43,59,7.82,1,25.19,2.75
2024-04-17 20:50:28,28,110,2.07,1,8.67,0.0
2024-04-07 04:26:36,74,215,15.79,1,48.67,0.0
2024-04-15 12:08:02,145,65,7.2,1,26.95,2.75
2024-04-28 12:36:19,162,252,1.94,1,4.84,2.75
2024-04-15 04:27:27,246,148,8.44,1,29.49,2.75
2024-04-17 22:02:01,211,228,5.43,1,22.1,2.75
2024-04-23 04:49:01,223,208,5.02,4,16.72,2.75
2024-04-08 17:08:03,70,197,0.52,1,3.61,2.75
2024-04-24 17:24:31,20,243,0.58,1,3.0,0.0
2024-04-04 18:01:18,121,191,4.65,1,18.65,0.0
2024-04-23 03:38:14,173,171,1.64,1,9.05,0.0
2024-04-01 08:34:41,34,242,0.71,1,3.0,0.0
2024-04-16 01:36:05,71,258,1.68,1,4.75,2.75
2024-04-03 12:30:15,33,151,6.87,1,22.56,0.0
2024-04-28 20:57:27,262,237,2.73,1,12.07,2.75
2024-04-28 09:47:28,109,153,3.85,1,15.25,2.75
2024-04-08 10:13:47,23,65,6.14,1,20.88,2.75
2024-04-09 03:50:51,146,250,1.87,4,8.77,2.75
2024-04-26 06:37:07,14,190,0.54,1,4.16,2.75
2024-04-12 13:10:07,36,159,1.87,1,7.01,2.75
2024-04-04 07:01:27,261,32,11.49,1,37.21,0.0
2024-04-03 14:18:40,53,60,2.8,2,9.21,2.75
2024-04-07 07:06:01,48,179,3.45,1,15.01,2.75
2024-04-15 06:52:26,11,236,5.5,1,18.02,2.75
2024-04-19 12:16:24,258,187,0.93,1,4.38,2.75
2024-04-09 21:44:43,210,205,5.13,1,14.21,0.0
2024-04-22 10:06:32,12,115,1.74,1,6.75,2.75
2024-04-17 12:42:46,251,254,2.22,2,9.31,0.0
2024-04-01 10:34:39,160,68,1.6,1,4.08,2.75
2024-04-27 00:38:35,36,223,1.08,1,7.99,0.0
2024-04-26 13:53:50,149,172,2.07,1,6.58,0.0
2024-04-01 13:32:00,198,210,0.85,5,5.22,2.75
2024-04-19 08:59:42,246,127,7.02,1,25.35,0.0
2024-04-06 16:32:47,204,158,1.78,1,4.25,2.75
2024-04-29 11:19:24,44,88,4.21,1,12.79,2.75
2024-04-05 16:48:00,206,54,1.73,1,8.18,2.75
2024-04-08 02:11:06,241,48,1.33,1,7.67,0.0
2024-04-13 01:12:17,41,26,4.88,1,11.99,0.0
2024-04-25 08:48:49,76,88,3.92,1,14.62,2.75
2024-04-17 14:03:58,202,107,1.36,2,5.07,0.0
2024-04-21 22:49:31,95,237,3.81,1,14.11,2.75
2024-04-18 08:06:42,28,204,0.52,5,3.94,2.75
2024-04-30 10:12:02,144,69,1.18,1,7.76,2.75
2024-04-20 11:46:49,59,80,5.05,1,16.27,2.75
2024-04-23 21:25:24,129,157,2.35,1,13.02,2.75
2024-04-19 08:38:02,1,126,1.3,2,7.94,2.75
2024-04-15 01:21:42,22,25,2.97,1,10.58,2.75
2024-04-12 03:04:14,226,27,2.69,2,8.94,0.0
2024-04-29 01:28:43,204,22,4.02,2,16.06,2.75
2024-04-05 16:47:31,187,228,0.76,5,4.86,0.0
2024-04-19 00:22:22,27,204,6.49,1,23.8,2.75
2024-04-18 18:54:03,129,54,0.71,1,5.25,2.75
2024-04-11 06:38:09,95,99,2.62,1,5.55,2.75
2024-04-27 19:21:22,66,83,4.84,1,16.24,2.75
2024-04-17 19:20:15,177,220,1.98,2,8.54,2.75
2024-04-08 20:45:20,156,8,8.93,1,25.72,2.75
2024-04-06 09:53:21,19,112,5.43,1,20.73,2.75
2024-04-23 16:19:08,58,253,2.44,1,9.04,0.0
2024-04-18 17:49:44,198,224,1.21,1,3.45,0.0
2024-04-08 00:49:08,79,213,0.66,2,3.21,0.0
2024-04-03 21:06:32,41,138,6.16,4,20.1,2.75
2024-04-08 06:42:36,226,144,1.26,1,6.92,2.75
2024-04-23 00:28:47,261,11,1.6,1,9.17,2.75
2024-04-17 05:12:26,245,19,0.54,1,3.0,2.75
2024-04-13 07:20:05,23,52,0.56,1,5.22,2.75
2024-04-10 16:04:48,197,205,1.42,1,4.44,2.75
2024-04-02 14:36:06,236,143,7.72,3,26.17,2.75
2024-04-19 17:35:57,126,42,5.81,1,16.81,2.75
2024-04-21 07:36:42,140,96,5.64,1,21.33,2.75
2024-04-22 12:29:11,127,166,6.64,1,23.8,0.0
2024-04-15 00:20:22,114,86,1.22,2,7.38,2.75
2024-04-12 04:58:25,13,84,14.03,2,45.93,2.75
2024-04-26 16:32:20,228,199,1.42,1,6.1,2.75
2024-04-27 15:04:20,9,150,1.07,1,6.16,2.75
2024-04-08 05:37:50,146,50,1.72,1,7.08,2.75
2024-04-30 06:33:15,163,124,3.15,1,15.74,2.75
2024-04-10 10:36:45,223,19,0.97,1,9.05,0.0
2024-04-16 11:44:05,216,72,5.2,2,16.62,2.75
2024-04-29 18:50:12,169,146,2.13,1,13.42,0.0
2024-04-24 14:18:51,26,50,3.44,1,14.95,2.75
2024-04-08 13:34:49,125,49,5.14,1,21.72,2.75
2024-04-14 06:06:59,250,99,8.63,3,25.71,0.0
2024-04-08 22:30:46,10,23,6.49,1,19.52,2.75
2024-04-18 14:19:56,105,76,3.2,2,14.7,0.0
2024-04-27 00:07:44,106,113,17.05,1,50.33,2.75
2024-04-05 03:57:18,1,6,3.14,1,11.41,2.75
2024-04-03 05:28:47,182,86,3.19,1,13.57,2.75
2024-04-12 08:12:09,141,70,1.1,4,7.52,0.0
2024-04-25 22:14:51,230,176,1.06,2,6.87,2.75
2024-04-03 11:05:36,64,231,1.15,1,7.78,2.75
2024-04-05 20:09:18,78,87,3.64,1,10.68,2.75
2024-04-13 22:15:39,232,108,2.38,1,8.49,2.75
2024-04-27 11:13:40,87,207,2.21,1,11.02,2.75
2024-04-06 12:58:59,183,222,0.98,3,5.59,2.75
2024-04-03 19:25:23,146,225,2.18,1,7.26,2.75
2024-04-24 11:26:06,92,182,2.16,3,10.8,2.75
2024-04-08 01:38:45,123,147,3.89,1,13.04,2.75
2024-04-08 14:30:03,64,201,2.22,1,8.9,2.75
2024-04-23 13:55:08,219,71,2.4,1,9.68,2.75
2024-04-10 09:02:41,192,24,1.61,1,7.19,2.75
2024-04-10 08:30:50,107,138,0.99,1,6.82,2.75
2024-04-13 21:28:51,247,149,1.75,1,8.6,2.75
2024-04-22 01:11:25,57,64,0.65,1,3.0,2.75
2024-04-04 03:26:41,45,141,1.3,1,5.85,0.0
2024-04-03 04:58:21,86,242,1.88,1,7.39,2.75
2024-04-17 19:13:32,38,247,1.05,1,3.0,0.0
2024-04-18 01:35:42,182,71,4.33,1,16.68,2.75
2024-04-26 10:52:52,164,248,1.65,1,11.6,0.0
2024-04-27 23:42:50,245,105,3.85,1,16.98,2.75
2024-04-23 06:16:53,126,52,4.11,1,16.39,2.75
2024-04-11 10:42:42,207,258,2.58,1,6.67,0.0
2024-04-02 21:58:13,87,119,2.59,1,9.87,2.75
2024-04-23 00:37:26,145,4,3.55,1,15.87,0.0
2024-04-03 11:14:33,122,52,1.57,1,9.99,2.75
2024-04-04 07:55:44,98,7,0.58,1,4.97,2.75
2024-04-27 17:04:06,133,1,4.12,1,14.0,0.0
2024-04-28 07:20:03,65,186,3.78,1,13.23,2.75
2024-04-22 02:29:44,199,190,2.76,1,11.15,2.75
2024-04-13 06:55:25,125,114,7.8,1,21.3,2.75
2024-04-27 03:23:38,208,194,2.99,2,9.85,2.75
2024-04-17 22:58:36,208,55,1.77,1,3.52,2.75
2024-04-12 13:50:09,121,117,4.88,1,12.98,0.0
2024-04-02 07:09:28,142,98,11.98,2,34.88,0.0
2024-04-08 08:08:21,57,169,5.17,1,18.39,2.75
2024-04-28 05:55:12,145,157,8.88,4,27.27,2.75
2024-04-08 14:55:54,44,148,0.92,1,5.12,2.75
2024-04-16 13:05:18,132,148,0.95,1,5.54,2.75
2024-04-30 19:34:23,81,91,1.09,1,3.0,2.75
2024-04-21 23:34:38,30,44,4.75,2,13.82,2.75
2024-04-27 11:55:58,209,238,2.23,1,6.97,2.75
2024-04-04 00:30:41,243,114,2.77,1,10.72,0.0
2024-04-15 11:22:14,183,89,1.56,1,9.5,2.75
2024-04-29 10:48:53,158,2,5.16,1,12.22,2.75
2024-04-02 04:19:27,146,171,7.03,1,25.96,2.75
2024-04-05 13:15:45,233,88,1.11,1,7.64,2.75
2024-04-16 20:40:03,92,225,1.25,1,3.97,2.75
2024-04-28 03:37:51,172,147,1.95,1,7.93,0.0
2024-04-30 09:14:31,190,90,1.65,3,7.6,2.75
2024-04-02 20:03:41,31,169,3.15,1,11.81,0.0
2024-04-09 04:33:29,109,91,5.39,1,18.15,2.75
2024-04-10 04:54:25,95,14,6.02,1,22.24,0.0
2024-04-03 15:54:59,77,148,1.32,1,4.38,2.75
2024-04-25 05:44:29,151,57,1.18,1,7.36,2.75
2024-04-11 15:04:01,142,2,2.08,1,8.55,2.75
2024-04-23 08:06:13,231,66,1.06,1,3.7,2.75
2024-04-16 00:30:16,258,87,0.84,1,3.8,2.75
2024-04-16 22:23:15,128,245,1.47,2,3.0,2.75
2024-04-06 04:27:32,224,237,2.25,3,11.63,0.0
2024-04-03 00:10:53,184,89,3.6,1,11.92,2.75
2024-04-05 08:33:50,29,52,5.0,3,16.08,2.75
2024-04-12 14:27:55,18,203,1.38,2,4.4,2.75
2024-04-11 05:52:42,131,209,6.48,1,24.31,0.0
2024-04-04 16:27:22,106,143,0.62,1,3.0,0.0
2024-04-24 00:56:29,157,115,2.55,2,10.32,2.75
2024-04-20 14:31:39,59,62,4.01,1,10.3,2.75
2024-04-15 03:22:23,92,34,1.7,1,11.77,2.75
2024-04-30 10:04:52,260,121,4.53,4,14.31,2.75
2024-04-17 10:35:45,51,104,7.56,4,21.38,0.0
2024-04-25 04:07:43,133,44,0.83,2,5.87,0.0
2024-04-04 00:30:46,167,191,3.02,2,10.68,0.0
2024-04-12 09:26:53,5,247,0.57,1,4.65,2.75
2024-04-19 04:19:58,136,18,1.65,1,10.19,0.0
2024-04-23 01:53:46,226,108,1.02,5,3.58,2.75
2024-04-25 13:38:04,184,26,3.93,2,13.29,2.75
2024-04-26 12:35:49,91,206,1.5,1,6.25,2.75
2024-04-14 15:37:16,189,96,1.66,1,5.05,0.0
2024-04-01 16:44:45,133,223,1.31,1,7.14,0.0
2024-04-04 03:27:19,172,232,1.48,1,4.33,2.75
2024-04-03 20:22:10,250,200,1.39,1,7.59,2.75
2024-04-16 06:15:57,61,39,4.69,1,17.08,2.75
2024-04-23 23:19:20,50,200,11.42,4,35.39,2.75
2024-04-06 23:02:18,223,159,2.86,1,9.29,2.75
2024-04-03 23:52:30,172,167,3.71,1,11.78,0.0
2024-04-28 15:47:22,225,224,6.47,1,23.33,0.0
2024-04-02 06:10:21,191,54,2.76,1,13.56,0.0
2024-04-16 10:35:32,244,164,1.76,1,6.51,2.75
2024-04-06 13:46:55,79,143,11.05,1,33.62,0.0
2024-04-02 09:00:33,22,76,8.78,1,28.13,2.75
2024-04-18 01:03:16,36,230,1.37,1,5.87,2.75
2024-04-26 00:39:18,156,65,4.75,1,16.34,2.75
2024-04-25 09:34:46,56,230,4.15,2,14.33,2.75
2024-04-28 15:53:39,248,117,4.17,4,15.25,2.75
2024-04-21 12:58:22,261,240,6.71,1,23.83,2.75
2024-04-06 13:51:31,260,257,4.42,4,15.96,2.75
2024-04-28 01:39:42,15,21,3.05,1,13.63,0.0
2024-04-23 22:57:48,188,57,7.05,2,25.88,2.75
2024-04-19 15:03:07,26,147,1.58,1,5.96,2.75
2024-04-05 10:24:54,23,29,4.48,1,15.28,2.75
2024-04-12 06:53:17,103,218,4.73,4,17.04,2.75
2024-04-02 22:20:04,29,34,7.65,4,27.73,2.75
2024-04-20 23:09:17,57,54,22.84,2,70.23,2.75
2024-04-27 20:51:02,62,32,3.35,1,16.27,2.75
2024-04-24 22:12:19,48,30,2.82,1,9.51,0.0
2024-04-28 06:03:48,35,29,3.71,1,11.94,2.75
2024-04-04 06:07:40,46,79,4.26,1,12.15,2.75
2024-04-18 20:16:29,33,235,4.87,1,17.52,2.75
2024-04-01 21:17:00,226,146,1.66,3,6.06,2.75
2024-04-05 21:12:52,216,166,2.84,1,10.68,2.75
2024-04-01 22:56:44,217,86,2.12,3,7.96,2.75
2024-04-22 12:15:58,176,166,0.64,2,4.39,2.75
2024-04-18 07:39:58,44,55,3.79,1,15.1,2.75
2024-04-20 00:24:51,219,253,7.77,2,25.57,2.75
2024-04-28 13:48:28,126,53,9.41,4,30.17,0.0
2024-04-28 18:30:14,200,142,3.05,1,9.96,2.75
2024-04-22 13:40:10,85,47,5.58,1,22.69,2.75
2024-04-19 09:46:44,41,95,4.86,1,17.94,2.75
2024-04-27 04:54:13,211,211,1.41,1,3.53,2.75
2024-04-27 10:35:33,39,140,0.73,5,3.0,2.75
2024-04-19 11:05:41,181,263,5.32,1,20.45,2.75
2024-04-06 05:48:09,231,142,1.66,2,6.14,2.75
2024-04-16 01:19:32,70,142,3.29,1,12.12,2.75
2024-04-23 23:02:36,76,179,3.1,1,11.74,0.0
2024-04-06 01:07:40,234,243,6.46,2,20.7,0.0
2024-04-10 05:09:44,136,142,4.12,1,15.8,2.75
2024-04-15 14:19:56,154,100,7.07,1,23.1,2.75
2024-04-18 13:15:03,99,108,5.38,1,18.81,2.75
2024-04-06 00:31:26,130,196,30.91,1,93.5,0.0
2024-04-08 22:47:18,7,243,7.48,2,20.5,2.75
2024-04-05 20:34:15,105,224,1.33,1,4.66,2.75
2024-04-18 00:46:42,50,112,11.89,1,36.68,0.0
2024-04-22 10:48:30,224,158,1.96,1,8.35,2.75
2024-04-16 22:29:16,64,148,3.78,1,15.11,0.0
2024-04-26 00:26:59,181,186,10.43,1,34.78,2.75
2024-04-12 03:16:57,75,29,1.34,3,7.6,2.75
2024-04-18 06:15:38,189,235,7.31,1,22.41,0.0
2024-04-10 00:43:16,183,27,11.21,2,35.0,2.75
2024-04-24 03:22:50,68,251,7.23,1,24.21,0.0
2024-04-04 22:06:21,170,21,6.49,1,25.77,2.75
2024-04-04 09:05:22,172,92,1.58,1,13.26,0.0
2024-04-14 23:17:53,107,172,2.33,1,8.25,2.75
2024-04-02 09:35:18,111,114,5.5,1,16.75,2.75
2024-04-23 06:44:04,78,98,0.94,1,3.0,0.0
2024-04-06 06:33:38,186,255,8.17,1,25.11,2.75
2024-04-24 03:18:53,253,22,1.33,2,8.87,2.75
2024-04-09 22:39:53,236,42,3.41,1,14.19,0.0
2024-04-01 03:19:17,93,121,0.89,1,3.0,2.75
2024-04-12 05:45:20,130,211,1.22,1,3.0,2.75
2024-04-23 13:11:42,183,190,3.58,1,15.13,2.75
2024-04-01 04:57:09,34,136,4.02,1,18.71,2.75
2024-04-16 05:42:37,222,53,1.6,2,9.35,0.0
2024-04-18 10:18:53,1,129,0.94,3,3.59,2.75
2024-04-26 23:07:36,97,79,3.29,1,10.81,2.75
2024-04-25 14:56:07,87,223,6.93,3,23.89,2.75
2024-04-18 08:08:31,252,209,1.29,3,7.96,0.0
2024-04-19 03:38:47,15,213,4.62,2,17.37,2.75
2024-04-09 02:00:08,142,24,2.21,2,5.39,2.75
2024-04-09 23:07:54,70,190,10.53,1,34.53,0.0
2024-04-03 09:23:24,54,184,0.8,5,5.74,0.0
2024-04-28 17:10:15,252,214,0.64,2,5.74,0.0
2024-04-08 10:42:26,247,93,0.96,1,5.05,2.75
2024-04-04 05:16:09,134,108,5.84,1,24.16,0.0
2024-04-25 09:15:32,244,204,9.46,1,31.54,0.0
2024-04-10 08:45:38,239,34,6.55,2,19.81,2.75
2024-04-09 01:57:56,17,245,4.93,3,17.1,2.75
2024-04-26 03:30:55,233,127,0.71,1,4.11,2.75
2024-04-02 20:58:48,154,260,1.34,1,3.15,2.75
2024-04-23 10:22:54,186,142,10.09,1,29.96,2.75
2024-04-09 00:46:23,83,193,3.91,1,17.01,2.75
2024-04-08 18:55:47,55,50,2.71,2,9.78,2.75
2024-04-30 20:17:54,62,239,4.2,1,19.07,2.75
2024-04-26 20:03:19,59,235,1.19,1,5.56,2.75
2024-04-21 15:06:31,142,50,8.32,1,29.44,2.75
2024-04-29 04:13:54,149,93,4.24,5,17.47,2.75
2024-04-03 00:07:06,174,248,2.73,2,11.87,0.0
2024-04-15 12:42:04,62,242,2.64,1,9.53,2.75
2024-04-20 04:59:30,167,97,6.55,1,24.98,0.0
2024-04-02 08:28:25,170,100,1.79,1,6.17,2.75
2024-04-13 11:16:46,103,227,1.02,1,6.3,2.75
2024-04-28 15:51:45,28,155,1.22,1,9.35,2.75
2024-04-07 06:28:09,84,30,0.8,1,6.68,0.0
2024-04-05 20:55:45,134,160,2.98,1,10.91,2.75
2024-04-11 07:11:52,59,211,4.46,1,14.82,2.75
2024-04-09 02:35:27,90,213,10.01,1,34.93,2.75
2024-04-03 14:34:13,70,69,5.36,1,21.91,2.75
2024-04-23 17:31:34,185,149,3.56,1,11.57,2.75
2024-04-03 04:34:03,60,256,7.48,5,25.66,2.75
2024-04-06 13:41:52,145,56,8.3,5,28.98,0.0
2024-04-02 14:15:19,168,230,4.86,1,17.14,2.75
2024-04-16 05:45:35,66,159,0.7,2,4.96,2.75
2024-04-28 13:20:02,124,95,1.71,1,9.47,2.75
2024-04-03 20:07:01,213,239,1.93,5,7.04,2.75
2024-04-13 09:57:23,182,171,21.31,1,67.33,2.75
2024-04-29 19:41:55,71,216,2.68,1,10.05,2.75
2024-04-19 00:56:09,44,246,5.52,1,19.33,2.75
2024-04-03 22:46:10,195,146,6.38,1,24.53,2.75
2024-04-07 09:46:56,57,124,4.21,1,17.41,0.0
2024-04-11 00:02:24,57,189,0.56,4,3.27,0.0
2024-04-01 14:40:32,171,93,0.57,1,4.55,0.0
2024-04-13 15:09:07,83,189,6.48,5,24.77,2.75
2024-04-02 03:03:41,94,71,5.2,1,16.76,0.0
2024-04-24 13:12:10,161,144,3.19,1,11.31,2.75
2024-04-18 14:26:10,102,128,1.5,1,9.67,2.75
2024-04-17 03:16:23,112,12,0.82,1,4.96,0.0
2024-04-20 05:44:56,66,213,1.13,2,3.39,2.75
2024-04-04 08:38:19,110,60,3.54,1,14.39,2.75
2024-04-09 23:30:17,120,95,3.26,2,12.73,2.75
2024-04-02 17:29:20,242,72,10.42,1,35.67,2.75
2024-04-27 19:06:15,148,110,11.54,3,38.19,2.75
2024-04-13 01:58:24,242,112,3.5,3,14.47,2.75
2024-04-14 07:43:16,222,159,6.95,2,22.31,2.75
2024-04-21 00:25:10,4,211,6.35,2,23.45,2.75
2024-04-04 03:29:27,8,251,5.39,1,23.02,0.0
2024-04-27 18:58:16,52,113,2.51,3,8.36,2.75
2024-04-16 19:17:15,142,5,2.23,3,7.87,2.75
2024-04-04 02:31:07,88,141,1.57,1,9.15,0.0
2024-04-16 04:56:21,160,243,10.18,1,33.26,2.75
2024-04-14 08:49:29,28,119,6.79,2,21.31,0.0
2024-04-11 06:47:47,16,128,1.18,2,4.17,2.75
2024-04-16 14:56:55,100,84,1.52,1,12.96,2.75
2024-04-27 11:30:42,204,244,3.55,1,10.15,2.75
2024-04-11 01:12:09,190,113,2.37,1,7.56,2.75
2024-04-05 09:35:49,34,164,1.34,2,7.7,2.75
2024-04-19 01:13:44,259,115,5.98,2,18.55,2.75
2024-04-26 06:11:33,257,104,0.51,1,4.38,2.75
2024-04-30 22:56:00,53,180,1.97,1,5.84,0.0
2024-04-27 17:22:50,192,232,9.78,3,31.47,0.0
2024-04-15 16:35:43,172,158,5.51,1,18.48,2.75
2024-04-09 01:26:43,47,96,2.3,1,7.98,2.75
2024-04-02 22:34:19,191,231,9.74,1,32.18,2.75
2024-04-25 04:45:17,41,37,8.59,1,27.08,2.75
2024-04-06 22:46:33,194,99,0.69,1,5.86,2.75
2024-04-12 10:15:58,66,229,0.98,1,3.61,2.75
2024-04-06 21:51:24,43,189,2.21,1,10.12,2.75
2024-04-07 23:01:43,190,86,9.78,1,33.23,2.75
2024-04-17 04:18:48,89,65,7.01,5,24.9,2.75
2024-04-23 15:56:56,176,103,0.67,1,7.02,0.0
2024-04-24 16:11:21,26,112,3.01,1,8.53,0.0
2024-04-18 23:33:23,99,68,4.96,1,14.93,2.75
2024-04-17 03:56:55,61,137,1.63,3,4.28,0.0
2024-04-09 10:41:35,250,136,4.99,1,18.32,0.0
2024-04-14 22:05:01,225,214,2.12,1,6.93,0.0
2024-04-24 17:15:00,82,241,1.62,2,6.49,2.75
2024-04-29 21:09:43,182,85,2.24,1,10.66,0.0
2024-04-15 18:40:49,188,48,11.04,3,37.33,0.0
2024-04-28 21:33:32,44,156,8.75,2,24.12,0.0
2024-04-02 18:30:23,259,101,9.08,4,29.86,0.0
2024-04-03 15:42:31,98,81,9.23,3,29.14,2.75
2024-04-04 15:56:15,91,128,1.19,1,6.57,2.75
2024-04-10 05:26:03,141,159,8.42,3,27.93,2.75
2024-04-08 19:15:04,252,237,1.34,2,6.13,2.75
2024-04-29 15:11:48,208,59,6.87,1,26.47,0.0
2024-04-24 07:18:11,179,237,3.23,1,12.91,2.75
2024-04-14 00:38:41,187,95,1.46,1,5.74,2.75
2024-04-09 23:30:42,110,122,2.28,1,8.7,2.75
2024-04-11 14:41:15,219,121,2.49,1,6.32,2.75
2024-04-20 07:40:08,3,36,5.12,1,14.37,2.75
2024-04-02 14:40:44,41,213,3.76,1,12.8,2.75
2024-04-19 12:30:22,125,226,6.44,1,22.49,2.75
2024-04-09 08:27:53,257,61,2.27,1,11.58,0.0
2024-04-14 15:19:10,193,188,5.26,1,16.19,0.0
2024-04-30 23:44:50,115,240,6.01,1,21.58,0.0
2024-04-06 16:05:22,70,3,0.73,1,8.08,2.75
2024-04-03 19:10:30,97,6,2.15,1,11.55,2.75
2024-04-26 21:07:08,216,260,8.1,2,28.16,2.75
2024-04-12 04:04:58,224,101,4.77,1,14.03,2.75
2024-04-27 16:49:32,129,166,2.4,5,8.47,2.75
2024-04-08 01:51:17,99,164,1.21,2,7.81,2.75
2024-04-04 19:34:29,247,6,0.86,1,6.25,2.75
2024-04-07 08:28:12,186,27,1.41,1,7.92,2.75
2024-04-24 00:16:55,244,39,1.48,1,8.66,0.0
2024-04-24 20:49:20,38,96,2.12,1,8.12,0.0
2024-04-26 18:34:28,257,162,1.18,1,5.08,2.75
2024-04-21 07:26:25,248,89,1.05,1,13.85,2.75
2024-04-27 03:31:11,133,247,7.0,4,23.99,2.75
2024-04-07 04:36:08,44,24,1.5,1,9.61,0.0
2024-04-02 02:33:39,193,153,3.39,1,12.58,0.0
2024-04-01 15:17:17,57,243,1.28,2,6.9,2.75
2024-04-14 10:08:11,248,198,2.87,1,10.4,2.75
2024-04-25 22:54:26,104,30,1.63,1,7.64,2.75
2024-04-21 00:37:25,45,207,0.82,3,3.0,2.75
2024-04-14 09:03:51,60,221,14.6,1,48.13,2.75
2024-04-18 13:21:11,66,54,2.64,1,17.11,2.75
2024-04-18 09:23:32,223,78,2.25,1,9.63,2.75
2024-04-03 09:14:28,47,120,1.28,1,3.0,2.75
2024-04-07 09:33:33,238,237,2.89,1,9.56,2.75
2024-04-16 05:44:28,26,261,4.03,4,17.71,2.75
2024-04-07 05:39:46,94,2,1.77,1,5.18,2.75
2024-04-01 16:36:30,110,80,2.79,3,11.7,0.0
2024-04-23 20:15:40,261,191,1.45,1,9.24,2.75
2024-04-25 13:49:57,254,124,3.13,3,12.9,2.75
2024-04-25 19:30:11,40,182,5.92,2,16.62,2.75
2024-04-19 01:25:41,254,124,0.72,4,3.6,2.75
2024-04-04 12:37:41,97,17,3.05,3,13.65,2.75
2024-04-07 22:42:53,26,31,2.28,3,7.44,2.75
2024-04-07 14:30:38,104,134,0.77,1,5.62,2.75
2024-04-23 03:09:47,103,223,10.38,1,31.74,0.0
2024-04-04 13:19:17,75,70,1.55,1,8.56,0.0
2024-04-01 11:05:13,85,93,3.41,1,13.01,2.75
2024-04-15 20:36:53,214,73,2.13,1,9.61,2.75
2024-04-16 16:48:59,113,138,1.61,3,5.93,2.75
2024-04-26 05:22:00,57,24,3.12,1,9.98,2.75
2024-04-17 05:50:00,101,168,4.59,3,11.68,2.75
2024-04-24 15:45:37,250,258,5.89,3,18.77,2.75
2024-04-12 19:22:11,135,14,4.02,1,13.7,2.75
2024-04-20 23:50:21,141,55,3.12,1,12.81,2.75
2024-04-05 14:01:16,84,216,5.76,1,16.07,2.75
2024-04-01 13:51:15,207,84,3.05,2,14.94,0.0
2024-04-26 23:05:43,230,161,13.3,1,40.95,0.0
2024-04-18 19:57:45,61,228,3.12,1,10.98,0.0
2024-04-13 05:56:02,217,84,1.84,1,9.05,2.75
2024-04-25 20:58:58,56,198,2.57,1,9.52,2.75
2024-04-16 10:29:35,29,200,2.86,2,12.2,2.75
2024-04-05 22:55:06,111,179,1.67,1,6.04,2.75
2024-04-06 06:44:57,92,189,1.11,1,4.42,2.75
2024-04-13 22:20:01,142,156,2.48,1,9.28,2.75
2024-04-04 16:27:41,102,228,8.46,1,26.67,2.75
2024-04-30 06:52:26,71,172,1.53,1,7.57,2.75
2024-04-16 08:39:13,13,211,2.07,1,11.07,2.75
2024-04-20 02:09:43,157,57,5.46,1,14.18,2.75
2024-04-09 20:23:54,81,154,0.8,1,7.13,2.75
2024-04-26 18:53:15,100,25,6.6,3,22.91,2.75
2024-04-08 07:43:41,83,202,4.96,3,20.26,0.0
2024-04-24 13:38:07,218,98,3.29,4,12.99,2.75
2024-04-02 19:06:45,237,77,1.32,1,7.68,2.75
2024-04-07 01:26:06,125,111,0.84,3,3.0,2.75
2024-04-05 12:42:54,201,123,1.42,1,9.27,2.75
2024-04-01 18:01:13,2,54,5.52,1,16.77,0.0
2024-04-20 13:04:16,62,206,9.99,1,32.09,2.75
2024-04-09 14:08:58,20,167,5.19,1,21.95,2.75
2024-04-03 05:37:54,210,89,3.12,1,13.16,2.75
2024-04-30 23:44:48,180,11,11.03,1,34.4,0.0
2024-04-19 09:08:15,62,52,6.67,1,22.16,0.0
2024-04-19 16:20:27,241,213,4.23,1,16.35,2.75
2024-04-29 12:57:40,251,54,0.64,1,6.66,0.0
2024-04-22 03:35:31,10,247,1.69,1,5.37,2.75
2024-04-12 14:36:27,187,69,1.79,1,9.47,2.75
2024-04-17 10:54:32,110,7,1.99,1,8.19,2.75
2024-04-27 07:45:34,28,140,2.23,4,7.04,2.75
2024-04-21 06:21:54,61,224,10.31,2,34.96,2.75
2024-04-21 13:25:05,58,69,5.24,1,16.81,0.0
2024-04-29 21:05:20,252,204,4.62,1,14.17,2.75
2024-04-19 11:42:51,256,121,2.45,2,10.04,0.0
2024-04-06 13:02:01,145,254,1.94,1,8.72,2.75
2024-04-20 15:24:49,79,147,0.95,1,5.03,2.75
2024-04-16 01:54:31,214,3,2.61,5,7.79,0.0
2024-04-02 06:38:02,20,188,1.3,2,9.76,2.75
2024-04-03 13:32:18,230,100,2.24,1,10.93,2.75
2024-04-03 05:19:18,64,157,1.1,1,7.02,2.75
2024-04-29 02:57:35,36,202,1.98,2,6.55,0.0
2024-04-19 05:10:46,211,185,0.65,1,3.45,2.75
2024-04-09 22:16:33,171,40,0.52,1,3.0,2.75
2024-04-15 06:54:51,26,203,7.64,1,24.7,2.75
2024-04-17 03:06:10,263,147,4.09,3,12.19,2.75
2024-04-24 01:43:32,164,242,3.6,1,11.92,2.75
2024-04-03 02:41:46,62,179,3.02,1,16.39,2.75
2024-04-21 10:20:07,86,49,5.04,1,22.92,0.0
2024-04-25 23:57:58,73,180,5.16,1,17.95,0.0
2024-04-07 20:46:24,60,150,10.08,2,31.8,2.75
2024-04-03 00:13:45,178,239,1.48,2,8.79,2.75
2024-04-09 21:48:00,52,208,5.88,1,19.63,2.75
2024-04-16 18:33:17,145,209,17.05,2,56.15,2.75
2024-04-25 07:32:57,77,247,0.6,1,4.89,2.75
2024-04-25 06:52:55,119,7,2.14,1,11.74,2.75
2024-04-03 04:52:55,209,119,2.5,1,12.77,0.0
2024-04-01 18:06:37,182,31,6.54,1,20.8,2.75
2024-04-15 20:57:42,138,7,0.55,1,3.54,0.0
2024-04-18 14:29:34,125,235,3.69,3,14.26,2.75
2024-04-17 15:25:12,153,95,8.31,1,30.93,2.75
2024-04-18 08:35:58,18,38,1.06,1,9.15,0.0
2024-04-16 12:09:04,64,126,0.93,1,5.31,0.0
2024-04-18 12:01:55,236,260,30.08,1,92.43,2.75
2024-04-10 08:53:54,79,176,6.62,1,23.67,2.75
2024-04-13 17:35:00,59,101,4.68,1,17.12,2.75
2024-04-21 05:30:44,251,193,2.28,1,10.36,0.0
2024-04-18 02:30:59,61,81,7.23,1,24.51,2.75
2024-04-05 15:49:36,118,61,9.46,1,26.23,2.75
2024-04-05 04:06:12,79,129,5.11,2,18.26,0.0
2024-04-14 08:22:11,237,6,2.28,1,9.31,2.75
2024-04-28 11:48:09,171,21,3.57,1,13.15,2.75
2024-04-19 08:58:04,244,195,0.86,1,6.06,0.0
2024-04-23 15:57:59,208,28,1.1,1,3.12,2.75
2024-04-19 10:30:57,87,140,5.85,3,21.28,2.75
2024-04-10 16:46:31,139,235,0.6,2,3.15,2.75
2024-04-04 06:43:12,88,93,0.68,2,3.0,2.75
2024-04-18 05:14:04,133,137,2.98,1,12.84,2.75
2024-04-22 23:20:18,39,82,1.15,1,7.04,2.75
2024-04-01 02:30:12,176,253,1.72,1,4.19,2.75
2024-04-13 16:20:03,80,228,2.28,1,6.39,2.75
2024-04-05 00:05:38,20,235,3.09,1,9.29,2.75
2024-04-12 17:46:56,221,35,1.67,5,4.34,2.75
2024-04-23 14:28:14,188,127,2.81,1,9.73,2.75
2024-04-13 08:57:57,154,259,2.12,1,10.12,2.75
2024-04-09 11:42:29,143,128,0.8,1,6.16,2.75
2024-04-08 06:27:01,251,53,7.56,1,24.19,0.0
2024-04-04 05:02:34,212,100,1.66,1,4.04,0.0
2024-04-14 14:57:32,149,194,3.79,1,14.44,0.0
2024-04-23 02:20:33,175,240,3.45,1,13.98,0.0
2024-04-09 02:40:49,172,249,1.28,1,5.02,0.0
2024-04-27 20:45:41,134,207,0.61,2,3.0,2.75
2024-04-10 20:09:13,116,101,7.31,3,24.46,0.0
2024-04-30 22:10:12,203,215,2.91,1,9.39,2.75
2024-04-30 19:50:46,146,64,2.37,1,5.44,2.75
2024-04-15 03:03:18,238,239,5.54,1,16.51,2.75
2024-04-27 13:15:35,228,124,0.62,1,3.0,2.75
2024-04-19 13:38:33,255,6,5.57,1,21.58,2.75
2024-04-29 08:10:29,156,225,2.34,1,7.82,2.75
2024-04-22 11:20:51,243,149,3.31,3,11.13,2.75
2024-04-06 21:33:10,207,57,5.39,1,19.06,2.75
2024-04-19 13:04:03,254,156,3.27,1,12.73,2.75
2024-04-10 01:25:34,258,85,0.72,1,3.0,2.75
2024-04-07 01:38:58,73,24,5.06,5,17.07,2.75
2024-04-22 09:56:10,35,115,5.9,2,22.98,0.0
2024-04-30 05:56:49,129,92,2.67,1,11.24,2.75
2024-04-19 08:08:12,188,191,2.52,3,11.34,2.75
2024-04-27 06:37:36,95,22,1.52,1,8.26,2.75
2024-04-18 10:33:41,220,34,4.12,1,12.89,2.75
2024-04-28 18:03:32,125,249,7.98,4,28.63,0.0
2024-04-05 01:01:41,185,37,4.23,2,13.7,2.75
2024-04-17 16:54:28,37,221,5.66,1,18.4,2.75
2024-04-02 09:12:38,263,226,6.86,4,22.26,2.75
2024-04-28 18:41:36,110,21,1.4,1,9.31,2.75
2024-04-07 11:34:36,178,52,2.3,3,12.48,2.75
2024-04-14 12:48:50,142,260,2.5,4,6.96,2.75
2024-04-28 14:38:56,134,208,3.36,1,13.45,2.75
2024-04-06 20:03:24,149,7,0.68,1,3.0,2.75
2024-04-29 22:48:10,258,169,3.61,2,15.01,0.0
2024-04-10 20:17:10,39,138,0.82,1,3.21,2.75
2024-04-21 13:45:38,14,190,6.25,2,22.12,2.75
2024-04-04 04:10:33,53,140,12.04,1,39.89,0.0
2024-04-07 10:41:28,11,156,1.7,1,5.11,0.0
2024-04-03 01:14:08,163,58,2.97,1,13.25,2.75
2024-04-22 07:59:35,183,184,6.56,1,20.72,0.0
2024-04-05 00:41:49,186,254,1.82,1,3.92,2.75
2024-04-05 11:41:24,37,146,1.1,1,6.22,2.75
2024-04-21 21:14:33,9,185,5.2,1,18.78,2.75
2024-04-18 12:57:25,28,178,4.69,1,18.48,2.75
2024-04-21 21:47:17,174,127,3.45,1,10.2,2.75
2024-04-20 07:06:34,127,45,10.62,2,29.87,0.0
2024-04-13 19:33:46,70,190,11.36,1,35.52,2.75
2024-04-18 13:17:40,151,193,7.42,1,24.13,0.0
2024-04-13 03:26:31,149,55,1.71,2,5.49,2.75
2024-04-09 02:42:52,218,260,1.39,1,4.88,2.75
2024-04-07 01:15:15,126,15,6.82,1,22.19,2.75
2024-04-21 01:28:28,3,149,4.19,1,10.95,2.75
2024-04-29 13:18:28,187,149,2.27,1,7.7,2.75
2024-04-29 02:12:51,43,251,2.35,1,10.71,2.75
2024-04-13 20:24:36,99,254,7.22,1,26.56,2.75
2024-04-01 02:15:09,263,214,1.12,1,3.03,2.75
2024-04-25 13:08:30,190,108,10.59,1,34.16,2.75
2024-04-09 14:39:47,42,35,4.01,1,17.79,0.0
2024-04-11 08:37:04,97,260,5.98,1,21.86,2.75
2024-04-07 05:20:05,260,227,2.12,2,9.59,0.0
2024-04-03 07:34:33,218,220,3.59,1,10.73,2.75
2024-04-19 02:01:25,136,140,5.35,3,21.33,0.0
2024-04-13 10:23:18,145,54,2.5,3,8.76,2.75
2024-04-07 03:31:28,5,110,2.84,1,9.66,2.75
2024-04-22 01:12:13,136,45,3.55,1,14.34,2.75
2024-04-03 16:47:39,7,261,0.73,3,4.1,2.75
2024-04-20 04:33:47,37,212,7.46,1,25.63,2.75
2024-04-21 20:15:17,67,195,7.55,1,26.67,2.75
2024-04-04 05:27:13,5,119,1.66,1,8.77,2.75
2024-04-11 01:04:51,58,194,7.92,1,25.26,2.75
2024-04-25 17:13:41,155,43,5.29,2,21.96,2.75
2024-04-20 17:34:54,113,258,2.81,1,18.11,2.75
2024-04-24 23:32:59,92,176,2.0,1,8.76,2.75
2024-04-13 19:56:37,244,99,2.28,1,11.86,2.75
2024-04-18 17:12:12,89,196,3.18,1,13.08,2.75
2024-04-27 09:03:26,178,117,2.36,1,9.16,0.0
2024-04-06 10:12:15,228,164,2.41,1,10.16,2.75
2024-04-19 11:45:06,67,125,1.29,1,5.21,2.75
2024-04-17 02:02:03,122,147,4.81,1,15.44,0.0
2024-04-11 04:16:17,159,171,3.79,1,12.44,0.0
2024-04-21 18:46:20,183,201,17.36,2,55.19,2.75
2024-04-11 16:26:35,4,61,1.03,1,7.18,2.75
2024-04-25 17:21:01,121,141,0.92,1,5.47,0.0
2024-04-25 02:51:53,230,170,3.04,1,11.48,2.75
2024-04-28 12:46:40,219,225,1.08,1,7.25,2.75
2024-04-18 10:21:02,182,234,3.8,1,11.51,2.75
2024-04-14 05:51:14,257,221,1.26,1,4.46,2.75
2024-04-24 10:15:31,43,231,2.81,1,10.71,2.75
2024-04-12 01:38:22,18,113,3.81,5,12.35,2.75
2024-04-09 03:44:50,198,249,2.64,1,12.74,2.75
2024-04-26 06:43:59,177,48,1.85,2,5.63,0.0
2024-04-09 12:49:52,76,84,5.84,3,18.83,0.0
2024-04-27 08:00:06,181,164,7.25,1,23.35,2.75
2024-04-14 23:18:12,150,87,1.64,1,8.23,0.0
2024-04-25 16:08:43,82,173,6.38,3,20.73,0.0
2024-04-03 13:57:03,10,145,2.24,1,6.48,0.0
2024-04-23 07:38:08,212,250,2.84,1,12.26,0.0
2024-04-24 21:52:06,140,33,1.42,2,6.82,2.75
2024-04-09 11:44:02,260,148,3.94,1,13.29,2.75
2024-04-12 11:30:06,228,194,0.87,4,6.07,2.75
2024-04-11 10:08:05,5,126,3.63,1,16.07,2.75
2024-04-11 01:35:33,83,129,16.52,3,52.86,2.75
2024-04-26 20:35:26,6,163,5.4,5,18.13,2.75
2024-04-23 00:16:06,152,129,8.39,1,28.55,0.0
2024-04-25 14:03:22,223,171,2.68,1,7.6,2.75
2024-04-05 04:32:29,181,75,1.04,5,5.6,0.0
2024-04-15 12:23:54,263,256,1.69,3,7.61,2.75
2024-04-19 00:18:24,167,216,0.68,1,3.28,2.75
2024-04-23 10:04:01,78,231,2.94,1,14.66,2.75
2024-04-14 00:34:29,42,237,4.17,1,14.05,2.75
2024-04-28 18:32:20,62,96,2.43,1,10.93,2.75
2024-04-16 08:14:42,31,183,3.4,1,12.49,2.75
2024-04-03 16:24:58,4,121,1.85,1,5.58,2.75
2024-04-29 11:19:51,109,195,0.81,1,3.0,0.0
2024-04-28 03:24:55,93,250,2.48,1,8.82,2.75
2024-04-14 04:22:44,99,111,3.28,1,12.91,2.75
2024-04-21 20:02:36,192,72,14.69,2,43.0,2.75
2024-04-01 21:28:52,212,52,1.99,1,5.87,0.0
2024-04-24 22:01:02,83,155,4.46,1,14.66,2.75
2024-04-09 04:54:14,207,195,6.55,1,21.87,2.75
2024-04-14 10:34:02,115,26,1.93,2,8.41,2.75
2024-04-08 12:55:36,252,227,9.8,1,31.35,2.75
2024-04-10 02:26:00,61,209,1.95,2,7.24,2.75
2024-04-04 23:53:04,253,221,12.75,1,38.37,0.0
2024-04-20 11:48:48,79,253,0.51,3,4.64,2.75
2024-04-08 22:23:21,196,102,4.02,1,14.96,2.75
2024-04-17 22:33:15,262,176,5.96,2,23.07,2.75
2024-04-30 14:54:34,236,184,1.65,1,7.64,2.75
2024-04-22 22:52:14,169,193,0.94,1,5.01,2.75
2024-04-11 11:17:20,7,195,0.59,1,3.0,0.0
2024-04-02 22:42:27,22,21,0.77,1,4.64,2.75
2024-04-15 09:37:15,72,57,3.24,1,10.87,0.0
2024-04-28 22:15:44,106,55,6.9,1,22.52,2.75
2024-04-09 22:02:25,139,2,0.73,1,5.07,2.75
2024-04-10 18:02:55,30,22,0.92,1,6.03,2.75
2024-04-13 22:28:19,89,141,0.52,2,3.35,0.0
2024-04-30 22:18:47,153,89,1.66,2,8.49,0.0
2024-04-03 00:57:05,73,75,9.4,3,28.6,2.75
2024-04-20 17:59:09,238,74,1.63,3,12.02,0.0
2024-04-12 23:46:32,251,236,2.53,1,7.94,0.0
2024-04-14 21:56:43,8,165,1.19,1,4.4,2.75
2024-04-30 16:19:28,207,217,0.93,1,3.0,2.75
2024-04-07 10:35:52,258,19,1.2,4,3.0,2.75
2024-04-15 21:03:26,139,188,1.33,1,5.87,2.75
2024-04-06 02:26:09,46,138,0.99,2,5.03,2.75
2024-04-27 10:03:03,126,202,5.99,1,20.3,2.75
2024-04-11 08:58:37,21,158,2.77,1,11.67,2.75
2024-04-21 20:37:38,170,233,3.22,1,13.42,2.75
2024-04-14 18:24:16,32,115,2.14,2,9.39,2.75
2024-04-08 09:29:20,150,225,1.33,1,5.49,2.75
2024-04-04 11:28:09,206,45,0.85,4,3.0,2.75
2024-04-18 11:50:09,21,217,0.78,2,4.56,2.75
2024-04-19 15:48:06,138,118,1.22,1,4.45,0.0
2024-04-13 19:18:51,65,102,7.14,2,26.59,2.75
2024-04-03 00:33:31,65,132,1.35,2,6.72,2.75
2024-04-27 08:12:42,88,212,2.03,3,7.63,2.75
2024-04-24 21:00:33,43,202,3.48,1,10.45,2.75
2024-04-29 10:43:26,141,147,3.01,2,12.44,2.75
2024-04-20 08:28:35,4,258,4.34,1,16.0,0.0
2024-04-12 02:55:05,41,260,1.26,3,6.87,2.75
2024-04-28 12:25:08,90,33,3.1,1,10.89,0.0
2024-04-16 11:54:54,256,18,5.61,1,15.87,2.75
2024-04-17 18:24:13,145,160,2.22,1,10.27,2.75
2024-04-08 06:42:17,184,115,13.0,3,42.45,2.75
2024-04-07 15:53:27,119,208,3.52,1,11.75,2.75
2024-04-21 06:17:44,113,161,4.43,1,17.47,2.75
2024-04-30 02:32:11,249,47,2.65,2,11.74,2.75
2024-04-14 03:40:22,92,52,7.33,2,27.08,2.75
2024-04-27 05:52:04,59,52,2.6,1,11.39,2.75
2024-04-01 15:13:28,94,171,10.48,1,34.0,2.75
2024-04-11 16:30:47,254,106,1.79,1,9.88,2.75
2024-04-09 18:51:43,175,98,7.53,1,25.62,2.75
2024-04-27 01:58:31,3,209,4.07,1,16.09,0.0
2024-04-23 17:16:05,21,131,6.12,1,17.91,2.75
2024-04-01 15:35:52,104,222,0.63,1,5.54,2.75
2024-04-01 11:45:51,209,223,1.64,1,7.26,2.75
2024-04-21 09:59:36,96,127,7.07,1,25.15,2.75
2024-04-03 15:19:37,93,126,1.84,4,8.3,2.75
2024-04-17 14:04:57,45,130,4.86,3,17.41,2.75
2024-04-01 16:50:16,62,196,17.48,1,54.69,2.75
2024-04-15 23:41:25,30,44,1.18,3,3.1,0.0
2024-04-28 13:13:41,10,188,2.39,3,10.05,2.75
2024-04-30 21:54:22,6,244,1.13,1,6.65,2.75
2024-04-30 09:46:04,19,91,1.09,1,5.59,2.75
2024-04-05 18:53:32,12,15,4.01,1,15.78,0.0
2024-04-29 09:05:57,192,182,1.24,1,5.62,0.0
2024-04-08 02:06:44,103,62,2.81,1,9.13,0.0
2024-04-02 09:07:13,250,78,13.85,3,43.53,2.75
2024-04-24 04:57:33,244,251,1.92,2,10.13,2.75
2024-04-01 03:51:09,195,71,7.74,1,24.51,2.75
2024-04-06 07:36:50,134,24,2.27,1,10.58,0.0
2024-04-07 18:54:15,177,134,1.57,1,7.62,2.75
2024-04-15 22:58:54,99,246,1.93,1,7.81,2.75
2024-04-08 17:24:42,30,202,0.98,1,7.08,2.75
2024-04-28 04:24:48,63,22,4.48,1,15.4,2.75
2024-04-05 21:03:59,28,161,2.99,4,12.11,0.0
2024-04-05 21:30:30,146,215,3.83,3,16.5,2.75
2024-04-26 17:26:54,69,46,1.76,1,11.17,2.75
2024-04-30 18:59:39,252,105,4.21,1,13.76,2.75
2024-04-30 07:45:53,162,170,1.13,1,7.32,2.75
2024-04-25 17:47:35,110,85,4.2,2,17.81,2.75
2024-04-22 11:08:42,132,77,0.8,1,8.06,2.75
2024-04-24 09:19:39,188,42,2.29,2,8.87,2.75
2024-04-08 00:46:52,20,13,3.79,1,12.65,0.0
2024-04-05 20:11:17,177,9,7.27,1,25.32,0.0
2024-04-20 20:04:43,99,13,6.36,1,22.56,2.75
2024-04-18 15:01:12,247,22,3.12,2,9.69,2.75
2024-04-29 07:07:26,18,40,8.02,2,27.8,2.75
2024-04-11 00:46:03,125,127,2.97,1,13.11,0.0
2024-04-02 17:47:04,153,169,3.05,5,12.37,2.75
2024-04-27 13:35:39,69,263,4.96,1,17.82,2.75
2024-04-07 13:47:23,146,222,7.86,1,24.73,0.0
2024-04-23 10:41:44,45,223,3.73,1,11.1,2.75
2024-04-20 08:13:38,20,121,10.6,1,34.6,2.75
2024-04-29 03:21:24,247,222,1.43,1,7.04,2.75
2024-04-10 12:59:13,203,79,9.53,1,27.9,2.75
2024-04-06 05:36:59,9,99,1.38,3,7.46,2.75
2024-04-21 06:34:34,180,235,3.12,1,13.55,2.75
2024-04-03 07:23:15,156,186,6.06,5,21.33,0.0
2024-04-04 13:38:13,19,181,6.16,4,22.61,2.75
2024-04-19 05:30:19,103,236,1.64,2,7.52,0.0
2024-04-17 18:26:51,246,146,15.41,2,48.21,2.75
2024-04-19 20:02:56,85,68,0.79,2,7.21,2.75
2024-04-23 05:39:18,234,176,0.62,3,5.52,2.75
2024-04-16 07:07:28,135,20,6.95,2,21.47,0.0
2024-04-28 20:48:41,37,72,6.48,2,19.8,2.75
2024-04-20 01:29:58,92,105,4.87,2,19.61,2.75
2024-04-27 18:52:21,17,7,7.16,1,22.63,2.75
2024-04-08 12:09:12,90,53,1.02,1,4.79,2.75
2024-04-15 05:17:02,165,204,0.85,3,4.6,2.75
2024-04-29 13:58:07,253,32,12.7,1,44.15,2.75
2024-04-15 05:13:11,81,191,3.93,2,10.41,2.75
2024-04-30 17:50:23,184,183,9.33,1,31.18,2.75
2024-04-13 03:01:37,249,187,8.79,1,31.95,2.75
2024-04-03 07:51:47,215,154,4.21,1,16.76,2.75
2024-04-12 01:19:41,158,51,3.97,2,15.08,0.0
2024-04-26 12:55:50,179,26,2.06,2,6.97,2.75
2024-04-16 20:28:13,20,210,1.07,1,5.15,2.75
2024-04-19 19:27:58,147,253,4.56,1,16.42,2.75
2024-04-05 20:20:18,68,191,6.46,2,21.53,0.0
2024-04-16 00:22:05,77,145,3.25,1,13.89,2.75
2024-04-16 12:20:12,102,41,0.68,5,8.37,2.75
2024-04-29 12:47:34,140,76,1.05,1,6.02,2.75
2024-04-16 17:37:50,73,161,0.88,1,6.41,0.0
2024-04-12 23:20:16,207,149,4.25,2,15.16,2.75
2024-04-17 22:32:32,213,192,3.41,1,11.48,2.75
2024-04-16 23:06:16,79,66,2.7,2,11.68,0.0
2024-04-22 12:24:53,113,177,3.24,1,9.67,0.0
2024-04-28 13:43:41,253,31,1.63,1,8.42,2.75
2024-04-10 04:00:47,133,199,6.22,1,18.94,2.75
2024-04-06 22:46:44,197,74,1.89,1,9.86,0.0
2024-04-18 11:28:31,25,111,4.12,1,12.52,0.0
2024-04-01 05:19:52,101,94,2.24,5,10.57,0.0
2024-04-22 19:58:58,245,169,0.76,1,8.06,0.0
2024-04-15 18:44:00,31,261,1.54,1,6.31,2.75
2024-04-16 17:57:49,256,213,12.24,1,38.09,2.75
2024-04-13 22:15:58,206,262,1.24,1,5.99,0.0
2024-04-08 05:12:01,68,208,0.89,2,6.32,2.75
2024-04-25 04:38:13,215,83,1.7,1,4.36,2.75
2024-04-16 20:22:18,122,240,7.86,2,25.27,2.75
2024-04-02 14:30:21,46,123,1.78,2,10.4,2.75
2024-04-11 11:16:40,69,165,2.39,1,9.86,2.75
2024-04-25 21:07:26,27,64,1.8,2,6.72,0.0
2024-04-04 07:28:22,171,97,16.28,3,50.51,2.75
2024-04-27 19:53:23,245,69,31.96,1,100.03,0.0
2024-04-18 22:25:05,249,201,2.81,1,13.07,0.0
2024-04-14 09:15:36,2,135,5.88,1,21.19,0.0
2024-04-14 07:44:14,20,91,1.37,2,7.99,2.75
2024-04-07 01:06:59,257,21,2.14,1,6.62,2.75
2024-04-13 00:42:19,249,2,4.48,1,15.4,2.75
2024-04-05 23:39:14,153,79,1.68,1,8.84,2.75
2024-04-25 08:09:45,137,44,1.39,1,7.41,0.0
2024-04-13 00:59:57,222,194,9.44,1,30.95,2.75
2024-04-16 00:10:29,211,71,1.48,1,4.53,2.75
2024-04-14 06:51:57,189,36,0.71,1,5.1,2.75
2024-04-17 23:23:44,232,46,5.37,1,14.51,2.75
2024-04-02 23:13:22,136,235,1.48,1,6.78,0.0
2024-04-27 03:57:11,16,224,2.59,1,9.76,2.75
2024-04-22 10:37:55,114,67,0.91,1,3.0,2.75
2024-04-30 00:13:23,73,259,0.75,1,4.64,0.0
2024-04-13 05:08:28,224,119,2.66,1,8.06,2.75
2024-04-13 04:14:23,34,45,1.94,1,7.63,0.0
2024-04-29 09:44:17,245,25,2.97,1,8.18,2.75
2024-04-20 04:32:51,238,165,12.31,1,42.4,2.75
2024-04-24 02:12:35,18,164,2.33,3,4.77,2.75
2024-04-26 12:27:53,44,45,3.73,1,14.55,2.75
2024-04-29 03:05:27,143,211,0.86,5,3.0,0.0
2024-04-17 03:28:57,15,225,8.1,2,26.68,2.75
2024-04-16 08:11:41,93,146,6.24,1,22.34,0.0
2024-04-04 13:21:51,215,10,3.09,3,11.85,2.75
2024-04-10 00:43:46,249,8,1.21,2,5.8,2.75
2024-04-22 11:15:36,71,34,2.44,5,7.74,2.75
2024-04-28 18:21:35,109,234,1.74,3,6.45,2.75
2024-04-30 00:25:43,160,181,18.72,1,59.63,2.75
2024-04-06 10:18:54,171,12,2.86,1,9.6,2.75
2024-04-01 19:38:07,13,238,2.42,1,12.91,2.75
2024-04-30 03:12:52,220,192,1.15,4,6.93,2.75
2024-04-08 23:00:19,185,2,1.46,1,11.51,2.75
2024-04-20 04:52:28,209,27,4.85,1,14.72,2.75
2024-04-01 23:40:27,106,153,3.18,1,6.54,2.75
2024-04-02 03:05:56,212,140,2.05,1,8.23,0.0
2024-04-07 13:44:08,232,193,1.73,1,5.43,2.75
2024-04-04 08:23:20,213,95,1.28,1,7.17,0.0
2024-04-19 06:07:14,196,168,0.62,1,4.89,0.0
2024-04-13 04:36:54,249,5,13.73,1,45.91,0.0
2024-04-02 07:47:59,217,220,5.4,1,19.56,2.75
2024-04-11 15:43:58,263,28,9.7,2,28.59,2.75
2024-04-22 00:08:51,170,249,2.36,1,9.66,2.75
2024-04-07 23:03:00,156,72,7.62,1,27.26,0.0
2024-04-05 11:31:09,70,134,1.54,1,9.23,0.0
2024-04-08 23:26:22,234,192,3.0,2,11.48,2.75
2024-04-22 11:18:41,54,35,1.29,1,5.9,2.75
2024-04-09 07:42:34,170,126,5.65,1,22.95,2.75
2024-04-20 07:36:06,36,17,2.91,1,10.55,2.75
2024-04-28 08:06:05,259,110,3.19,1,13.86,2.75
2024-04-27 08:40:51,251,88,7.37,2,27.2,0.0
2024-04-06 11:53:53,13,10,5.2,1,20.65,0.0
2024-04-29 21:21:25,159,51,12.36,3,41.66,2.75
2024-04-25 00:01:21,29,112,2.32,1,10.83,2.75
2024-04-23 22:39:29,57,52,2.67,4,10.29,0.0
2024-04-13 10:03:02,161,237,3.84,1,15.56,2.75
2024-04-03 15:18:14,230,97,2.61,5,9.82,2.75
2024-04-13 06:50:49,193,177,2.4,1,11.78,2.75
2024-04-26 17:29:24,108,230,1.96,1,5.82,0.0
2024-04-30 01:31:18,258,127,6.74,1,22.67,2.75
2024-04-12 14:36:32,110,263,3.17,1,10.62,0.0
2024-04-01 03:44:08,130,25,3.77,1,10.33,2.75
2024-04-19 09:07:42,123,185,1.3,1,4.79,2.75
2024-04-06 18:46:40,116,65,1.52,1,3.32,0.0
2024-04-12 04:58:23,230,131,1.95,1,7.27,2.75
2024-04-24 22:25:40,233,235,2.69,2,10.92,2.75
2024-04-01 18:11:10,234,113,0.66,1,6.58,2.75
2024-04-27 09:28:00,191,60,8.17,3,26.11,2.75
2024-04-19 10:40:03,25,14,8.69,1,24.8,0.0
2024-04-16 20:15:06,166,87,4.29,1,14.86,2.75
2024-04-25 13:54:59,210,14,1.83,1,10.04,0.0
2024-04-14 05:30:48,27,173,2.2,4,5.39,0.0
2024-04-23 05:33:51,178,2,5.14,1,16.26,2.75
2024-04-11 21:56:20,44,244,1.68,1,7.14,0.0
2024-04-10 05:25:18,72,160,3.79,1,10.48,2.75
2024-04-02 17:16:48,222,218,8.79,1,27.34,2.75
2024-04-16 13:33:02,228,34,2.35,2,12.28,0.0
2024-04-22 19:07:04,233,149,3.6,1,14.67,2.75
2024-04-26 21:49:51,254,9,9.74,1,29.39,2.75
2024-04-08 11:10:44,163,40,1.96,5,9.94,2.75
2024-04-12 15:29:00,6,254,5.49,1,19.49,2.75
2024-04-06 09:16:46,47,26,5.42,1,22.28,2.75
2024-04-28 14:19:19,68,25,9.73,1,31.87,2.75
2024-04-09 13:31:46,254,199,7.35,1,22.75,2.75
2024-04-06 21:20:53,59,91,5.34,2,15.98,2.75
2024-04-14 18:14:49,119,45,4.04,1,15.27,0.0
2024-04-05 21:29:54,186,225,1.47,1,6.72,2.75
2024-04-08 21:15:26,48,89,4.39,1,16.54,2.75
2024-04-10 05:01:47,191,175,1.63,1,5.9,0.0
2024-04-13 15:56:22,172,61,2.53,1,11.42,0.0
2024-04-01 00:27:38,46,200,4.83,1,19.35,2.75
2024-04-27 21:12:03,143,76,4.43,1,16.2,0.0
2024-04-13 23:24:04,246,175,2.29,1,11.36,0.0
2024-04-17 20:27:20,216,23,1.21,4,6.73,2.75
2024-04-07 13:03:58,176,26,2.82,1,11.4,0.0
2024-04-22 09:53:27,145,230,1.6,1,6.29,2.75
2024-04-16 01:12:31,35,194,1.53,1,9.51,2.75
2024-04-04 02:35:20,132,130,1.88,1,6.96,2.75
2024-04-16 18:26:33,153,150,4.79,2,17.32,2.75
2024-04-10 13:22:28,48,115,2.91,4,9.3,2.75
2024-04-21 12:21:36,168,166,2.13,1,10.57,0.0
2024-04-14 23:53:27,178,249,8.58,4,27.86,2.75
2024-04-04 18:18:32,263,170,4.79,1,17.9,2.75
2024-04-20 19:49:43,95,156,2.89,4,8.64,0.0
2024-04-06 01:43:21,230,63,2.41,1,7.83,2.75
2024-04-15 11:42:51,191,243,6.48,1,20.41,2.75
2024-04-18 15:36:03,144,187,1.16,1,6.49,0.0
2024-04-18 23:21:32,164,115,4.32,5,15.71,0.0
2024-04-20 18:23:26,19,258,0.57,1,3.63,0.0
2024-04-28 22:43:45,68,207,0.52,1,3.0,2.75
2024-04-12 22:49:13,98,108,9.9,1,29.58,0.0
2024-04-17 03:10:58,7,256,3.03,1,12.85,2.75
2024-04-26 00:54:53,177,109,1.82,1,5.92,0.0
2024-04-27 01:09:27,206,247,6.04,2,21.44,2.75
2024-04-08 13:16:35,229,226,15.16,3,44.97,2.75
2024-04-23 21:44:43,119,178,0.62,1,4.48,2.75
2024-04-30 10:39:23,81,143,0.64,1,6.9,2.75
2024-04-02 20:45:01,160,146,7.25,2,25.09,0.0
2024-04-18 06:45:16,188,77,3.35,1,12.72,2.75
2024-04-10 16:53:14,188,38,8.0,1,28.56,2.75
2024-04-09 00:53:22,194,80,4.65,2,15.2,0.0
2024-04-20 05:14:25,260,148,2.73,1,9.29,2.75
2024-04-06 10:26:36,191,121,1.12,1,6.54,2.75
2024-04-14 02:50:35,106,154,2.23,1,8.37,2.75
2024-04-10 14:36:11,129,172,5.92,1,18.81,2.75
2024-04-04 11:34:37,97,135,1.43,1,4.14,2.75
2024-04-02 20:39:47,64,236,4.86,1,14.96,2.75
2024-04-10 18:15:54,128,35,1.49,1,8.68,2.75
2024-04-12 08:01:38,223,12,2.68,1,12.19,0.0
2024-04-25 11:25:32,104,239,0.81,1,10.04,2.75
2024-04-05 09:00:44,152,41,2.62,3,12.53,2.75
2024-04-29 19:59:51,114,54,3.82,3,14.67,0.0
2024-04-16 03:14:09,55,129,3.4,1,14.55,0.0
2024-04-03 13:58:00,121,249,2.33,4,7.36,2.75
2024-04-17 11:21:00,217,75,2.12,1,9.94,2.75
2024-04-29 15:10:36,123,173,1.63,2,7.12,0.0
2024-04-30 17:13:24,3,45,5.6,1,23.81,0.0
2024-04-07 11:49:16,92,170,5.84,1,22.49,2.75
2024-04-10 05:46:17,164,20,2.81,1,12.73,2.75
2024-04-25 19:27:58,119,245,2.19,1,7.23,2.75
2024-04-21 21:25:06,61,207,4.05,1,21.39,2.75
2024-04-18 17:11:28,214,116,3.36,1,12.19,2.75
2024-04-12 22:49:00,247,167,4.35,1,14.33,2.75
2024-04-22 09:18:58,235,96,1.78,2,9.7,0.0
2024-04-10 16:42:49,78,12,5.93,1,17.35,2.75
2024-04-30 06:56:12,24,53,1.83,1,6.15,2.75
2024-04-25 12:09:07,101,98,2.4,1,8.16,0.0
2024-04-08 02:25:17,251,61,1.0,3,6.07,2.75
2024-04-23 13:10:59,123,129,7.27,3,24.91,2.75
2024-04-26 13:43:37,215,89,4.12,2,13.64,2.75
2024-04-15 03:01:42,262,78,1.44,1,6.31,2.75
2024-04-27 13:40:14,123,228,7.18,4,17.95,2.75
2024-04-16 12:51:18,252,70,4.77,2,16.51,2.75
2024-04-22 06:33:13,158,173,2.54,1,10.39,0.0
2024-04-01 12:06:25,149,112,16.56,1,54.33,2.75
2024-04-15 15:14:22,65,152,1.94,1,8.27,2.75
2024-04-04 12:00:08,4,60,0.87,1,6.5,2.75
2024-04-30 05:01:34,174,231,5.13,1,17.39,2.75
2024-04-23 05:17:04,136,105,5.45,1,22.99,0.0
2024-04-24 10:35:41,244,258,0.71,1,4.8,0.0
2024-04-29 15:07:58,60,233,6.49,4,22.1,2.75
2024-04-20 16:30:09,45,164,5.74,2,17.9,2.75
2024-04-11 17:38:30,72,198,9.79,1,33.74,0.0
2024-04-04 20:46:03,95,94,0.94,1,6.16,2.75
2024-04-17 09:51:18,31,115,3.71,1,16.0,0.0
2024-04-06 01:44:52,156,72,1.37,1,5.7,2.75
2024-04-15 10:48:29,240,154,2.28,1,9.72,0.0
2024-04-09 18:11:41,64,254,1.58,3,10.26,2.75
2024-04-27 03:38:44,109,180,2.59,1,14.31,0.0
2024-04-24 19:42:22,68,8,0.92,1,7.59,2.75
2024-04-16 12:06:56,35,189,1.77,2,9.2,2.75
2024-04-09 18:38:59,251,35,0.76,3,3.0,0.0
2024-04-16 18:09:09,36,138,2.87,2,10.49,0.0
2024-04-19 15:59:40,132,168,1.73,1,3.47,2.75
2024-04-01 17:02:10,222,108,3.62,1,14.53,2.75
2024-04-25 02:01:14,167,140,2.63,1,10.1,2.75
2024-04-05 04:51:56,60,155,1.48,1,8.27,2.75
2024-04-17 13:19:03,113,147,0.88,3,4.66,0.0
2024-04-29 14:48:32,221,218,5.4,1,17.11,2.75
2024-04-10 21:16:54,68,54,4.01,1,13.6,2.75
2024-04-29 01:31:27,263,15,0.62,1,7.45,2.75
2024-04-20 15:13:30,131,223,16.4,2,54.34,2.75
2024-04-07 19:14:59,208,189,4.1,1,14.74,0.0
2024-04-09 20:26:37,212,221,1.31,1,9.55,2.75
2024-04-06 18:52:41,51,149,6.92,1,25.41,2.75
2024-04-20 17:33:44,42,107,7.98,1,25.5,2.75
2024-04-06 19:05:35,247,251,3.48,1,11.63,2.75
2024-04-02 11:26:14,195,64,8.09,5,24.93,2.75
2024-04-13 11:26:40,244,165,0.6,1,3.88,2.75
2024-04-06 21:55:26,200,54,10.66,1,36.06,2.75
2024-04-03 20:58:10,121,128,0.71,2,3.59,0.0
2024-04-16 07:09:55,203,187,4.1,3,12.91,2.75
2024-04-30 02:04:27,106,213,1.99,1,11.57,2.75
2024-04-19 00:55:44,250,180,0.64,2,5.47,2.75
2024-04-04 03:34:54,79,147,9.77,1,31.71,2.75
2024-04-13 14:11:21,165,184,1.01,1,3.0,2.75
2024-04-26 01:05:30,119,164,7.23,1,25.8,2.75
2024-04-24 15:15:03,57,180,1.9,3,5.73,2.75
2024-04-18 15:47:17,188,97,5.23,1,18.57,2.75
2024-04-11 04:03:26,52,168,1.53,1,8.71,2.75
2024-04-13 17:02:48,72,181,3.56,1,15.43,2.75
2024-04-27 19:09:35,241,236,6.13,1,18.99,2.75
2024-04-15 07:36:21,100,94,3.42,4,14.91,2.75
2024-04-17 12:42:31,155,223,1.78,1,8.1,2.75
2024-04-26 21:13:42,59,111,1.43,1,7.64,2.75
2024-04-27 04:29:38,259,263,1.17,2,3.66,0.0
2024-04-22 01:24:09,201,62,6.89,1,20.0,2.75
2024-04-16 05:09:04,176,229,3.8,4,17.73,0.0
2024-04-22 19:43:48,98,239,2.99,1,14.8,0.0
2024-04-29 08:13:51,182,258,1.5,1,3.15,2.75
2024-04-25 07:29:48,35,214,2.49,1,11.66,2.75
2024-04-09 01:23:37,87,77,3.89,1,13.26,0.0
2024-04-07 01:59:58,158,46,0.76,1,6.83,2.75
2024-04-06 10:09:31,116,244,2.07,2,5.63,0.0
2024-04-22 00:55:05,8,38,1.46,1,6.52,2.75
2024-04-22 03:44:12,107,95,4.14,1,15.89,2.75
2024-04-12 12:48:17,107,141,3.76,1,10.2,2.75
2024-04-10 19:07:34,114,60,1.75,1,5.04,2.75
2024-04-20 20:03:24,10,55,0.65,2,3.78,2.75
2024-04-14 06:43:08,60,107,1.21,1,3.61,2.75
2024-04-13 02:43:04,102,213,1.11,1,5.63,2.75
2024-04-13 15:51:46,63,86,3.44,3,12.4,0.0
2024-04-22 03:45:16,175,182,1.15,1,6.91,0.0
2024-04-09 06:29:24,197,181,2.8,1,12.05,2.75
2024-04-16 11:06:53,222,165,3.84,1,12.94,2.75
2024-04-22 21:31:17,190,96,7.91,1,27.98,2.75
2024-04-02 13:41:41,128,3,1.48,2,4.53,2.75
2024-04-25 08:07:36,46,205,1.22,1,4.24,2.75
2024-04-14 16:10:24,69,242,1.17,1,3.0,0.0
2024-04-14 10:48:28,58,183,2.06,1,8.28,2.75
2024-04-05 21:54:12,216,166,4.17,1,17.73,0.0
2024-04-26 01:05:32,115,152,4.4,1,15.72,2.75
2024-04-15 10:54:13,10,140,1.33,5,4.56,2.75
2024-04-30 09:55:14,86,244,0.99,1,3.0,0.0
2024-04-08 21:37:17,147,238,2.58,1,6.52,0.0
2024-04-20 17:51:09,118,211,1.03,1,4.69,2.75
2024-04-03 22:18:50,135,117,6.37,1,20.78,2.75
2024-04-28 00:46:00,15,10,0.81,4,6.05,2.75
2024-04-08 02:36:21,206,71,5.38,1,21.25,2.75
2024-04-21 19:02:23,233,119,0.65,1,5.16,0.0
2024-04-22 23:12:46,66,119,6.26,1,20.15,2.75
2024-04-23 20:01:47,4,127,3.95,2,15.58,2.75
2024-04-13 11:50:20,3,260,1.86,1,9.15,2.75
2024-04-05 08:37:25,259,228,2.32,1,11.64,2.75
2024-04-19 05:07:36,203,86,4.42,2,13.97,0.0
2024-04-06 00:15:11,240,215,1.22,1,7.22,2.75
2024-04-25 18:21:02,93,240,8.24,1,28.43,2.75
2024-04-18 03:22:09,23,249,2.81,1,10.49,0.0
2024-04-24 17:38:10,87,57,5.5,2,16.29,2.75
2024-04-21 13:42:26,51,165,2.97,1,11.5,2.75
2024-04-18 15:20:04,43,196,2.61,1,8.81,0.0
2024-04-17 03:18:08,204,239,2.72,1,12.46,2.75
2024-04-13 16:38:06,58,70,2.08,1,8.48,0.0
2024-04-23 12:07:02,59,263,5.12,1,17.91,2.75
2024-04-08 15:28:51,168,19,7.05,2,22.9,2.75
2024-04-02 15:04:21,174,238,7.24,1,23.69,2.75
2024-04-25 11:33:49,207,240,0.95,1,8.78,0.0
2024-04-03 20:33:17,111,70,5.51,1,20.19,2.75
2024-04-27 05:34:11,23,198,1.28,1,3.57,0.0
2024-04-17 20:38:49,233,262,0.54,3,4.03,2.75
2024-04-16 11:13:28,172,194,1.63,2,4.57,2.75
2024-04-16 10:21:28,11,132,1.71,2,11.01,0.0
2024-04-30 00:38:33,60,70,6.31,1,24.08,0.0
2024-04-02 02:14:09,232,255,5.25,1,21.63,0.0
2024-04-02 21:46:58,235,185,0.81,1,3.0,2.75
2024-04-11 17:16:53,3,234,1.88,3,5.92,0.0
2024-04-02 07:41:04,144,230,1.51,4,5.34,0.0
2024-04-08 04:07:55,230,142,3.67,1,11.47,2.75
2024-04-24 11:40:55,9,111,3.23,1,10.22,2.75
2024-04-21 08:23:37,193,83,4.48,2,14.16,2.75
2024-04-02 00:05:28,127,243,8.96,3,28.82,2.75
2024-04-15 04:48:27,48,7,2.41,2,10.59,2.75
2024-04-20 22:32:55,107,61,4.23,1,16.36,2.75
2024-04-14 08:37:52,253,213,9.27,2,32.4,2.75
2024-04-04 03:59:51,27,183,3.23,1,12.86,0.0
2024-04-14 12:02:10,9,239,1.79,5,8.54,2.75
2024-04-26 06:35:21,220,53,2.3,1,11.97,2.75
2024-04-03 18:06:03,158,220,5.42,1,20.39,2.75
2024-04-22 09:35:15,14,83,4.96,2,18.02,0.0
2024-04-09 16:26:17,29,172,5.33,1,14.75,2.75
2024-04-15 18:41:05,26,28,5.26,2,21.33,2.75
2024-04-13 09:48:56,214,177,9.36,1,27.12,0.0
2024-04-22 06:34:02,143,155,5.55,5,17.64,2.75
2024-04-26 18:59:53,115,249,7.27,2,19.61,2.75
2024-04-20 06:35:13,218,207,3.48,1,16.65,2.75
2024-04-07 02:35:03,81,244,4.12,1,13.6,2.75
2024-04-30 19:30:56,201,167,12.52,1,40.2,2.75
2024-04-23 03:05:52,67,214,7.65,1,22.01,2.75
2024-04-14 16:38:52,249,84,5.76,1,20.19,0.0
2024-04-16 19:05:07,144,27,4.55,2,18.38,2.75
2024-04-25 11:36:17,141,35,2.05,2,6.9,2.75
2024-04-19 02:15:58,96,69,3.28,3,12.31,2.75
2024-04-21 10:17:20,118,194,0.7,1,5.26,2.75
2024-04-28 13:10:32,185,50,2.38,1,7.29,2.75
2024-04-11 04:59:25,245,45,0.92,3,6.84,0.0
2024-04-29 11:46:05,201,120,5.07,1,15.88,2.75
2024-04-10 18:49:37,110,200,8.3,1,27.65,0.0
2024-04-09 14:19:19,212,91,1.17,3,5.71,0.0
2024-04-16 05:35:00,259,152,1.49,3,9.31,2.75
2024-04-21 07:17:14,164,164,7.31,2,24.87,2.75
2024-04-08 00:05:09,97,133,3.59,3,8.77,2.75
2024-04-02 16:53:35,210,212,3.61,1,13.5,2.75
2024-04-09 10:18:29,36,181,3.4,2,12.96,2.75
2024-04-15 00:27:06,100,256,1.36,4,7.46,2.75
2024-04-16 20:00:51,21,98,1.48,2,5.79,2.75
2024-04-08 03:20:39,217,124,10.96,2,32.31,2.75
2024-04-26 08:14:38,104,178,5.0,1,14.37,2.75
2024-04-27 11:40:21,112,241,0.83,1,4.49,2.75
2024-04-02 06:22:45,219,226,1.38,3,9.83,2.75
2024-04-07 00:48:11,120,163,3.95,1,14.19,2.75
2024-04-04 10:55:10,249,155,1.67,1,7.24,2.75
2024-04-06 03:56:11,96,248,1.51,1,7.45,2.75
2024-04-02 03:43:50,188,193,1.29,1,8.16,0.0
2024-04-09 19:32:53,144,73,1.22,2,5.32,0.0
2024-04-24 21:59:13,28,259,3.83,5,15.55,2.75
2024-04-22 17:21:59,6,230,8.77,1,30.86,2.75
2024-04-12 03:10:00,262,100,2.07,1,10.07,2.75
2024-04-16 06:23:41,230,226,0.95,1,7.5,2.75
2024-04-14 14:30:42,122,30,0.96,1,9.14,0.0
2024-04-15 19:38:26,194,223,10.0,5,32.31,0.0
2024-04-14 08:03:19,105,222,3.13,1,10.89,0.0
2024-04-30 23:08:17,199,16,2.7,1,7.76,0.0
2024-04-05 08:09:28,62,206,8.25,3,27.88,0.0
2024-04-07 11:53:02,80,216,2.98,2,11.25,2.75
2024-04-18 19:58:29,175,100,2.79,1,12.43,2.75
2024-04-12 04:32:34,9,24,9.64,3,30.97,2.75
2024-04-13 14:52:26,180,263,2.75,1,8.65,0.0
2024-04-19 11:06:04,162,101,2.24,1,9.06,0.0
2024-04-08 10:25:13,206,46,3.55,3,9.54,2.75
2024-04-05 21:25:01,60,240,13.74,1,43.51,2.75
2024-04-14 11:58:09,186,102,12.12,1,37.54,0.0
2024-04-29 16:11:52,75,153,5.73,1,22.16,0.0
2024-04-14 14:47:53,94,43,2.92,1,13.9,2.75
2024-04-29 23:34:26,67,55,7.96,1,26.37,2.75
2024-04-23 01:47:53,2,156,2.4,1,5.89,2.75
2024-04-25 09:38:43,178,34,4.08,1,12.53,2.75
2024-04-22 22:34:52,142,238,1.19,1,6.05,0.0
2024-04-06 04:33:01,44,180,4.29,1,13.59,0.0
2024-04-25 20:25:00,174,154,1.63,1,6.79,0.0
2024-04-04 06:13:14,231,205,5.67,1,22.82,2.75
2024-04-17 20:11:32,236,22,2.37,1,8.67,2.75
2024-04-11 13:25:32,93,6,2.28,1,9.42,0.0
2024-04-26 06:02:32,44,36,5.3,1,18.97,2.75
2024-04-02 13:38:33,27,126,2.44,1,7.89,2.75
2024-04-02 06:55:15,39,229,4.88,3,15.82,2.75
2024-04-07 07:13:23,248,187,7.26,1,23.73,2.75
2024-04-20 05:11:08,50,59,1.02,2,5.8,2.75
2024-04-08 17:49:35,209,68,2.78,1,12.6,2.75
2024-04-11 21:54:31,124,120,10.65,1,32.24,2.75
2024-04-20 11:38:54,249,245,6.35,2,21.57,0.0
2024-04-25 18:24:50,151,68,13.22,1,36.22,2.75
2024-04-22 00:13:52,64,154,7.39,1,24.53,2.75
2024-04-02 12:40:53,241,203,1.8,1,8.59,2.75
2024-04-15 09:08:49,167,133,1.19,1,6.38,2.75
2024-04-15 07:57:37,240,116,1.33,1,10.45,2.75
2024-04-30 19:57:38,49,93,1.36,1,5.28,2.75
2024-04-29 06:02:42,187,102,0.78,1,4.14,0.0
2024-04-23 05:09:19,148,118,8.81,2,28.49,0.0
2024-04-23 20:30:46,189,65,2.94,4,12.34,0.0
2024-04-18 18:00:57,111,69,0.87,1,8.65,2.75
2024-04-01 02:58:48,237,215,5.53,3,21.25,0.0
2024-04-11 07:51:24,159,147,1.88,2,7.13,2.75
2024-04-23 05:01:59,60,66,0.76,1,3.0,0.0
2024-04-26 15:12:48,75,176,1.24,1,8.07,0.0
2024-04-27 19:12:54,228,66,4.25,1,15.65,2.75
2024-04-13 00:36:07,154,201,6.03,1,22.07,2.75
2024-04-03 04:30:07,241,18,1.52,1,4.37,0.0
2024-04-04 13:28:52,227,127,3.51,4,11.61,2.75
2024-04-10 21:27:20,169,201,0.5,1,3.0,2.75
2024-04-28 16:49:59,262,51,1.64,1,8.9,2.75
2024-04-13 22:58:45,9,127,1.2,3,3.0,0.0
2024-04-15 18:00:53,98,151,0.78,2,3.0,2.75
2024-04-20 22:54:52,12,161,2.82,1,11.47,2.75
2024-04-13 06:59:59,71,188,3.99,2,10.56,0.0
2024-04-28 17:55:58,135,230,0.67,4,5.06,2.75
2024-04-01 17:29:39,259,98,1.02,4,4.43,0.0
2024-04-22 16:10:05,5,181,9.92,1,26.93,0.0
2024-04-26 05:50:57,239,205,1.38,1,8.8,2.75
2024-04-21 01:03:24,99,82,5.49,2,15.0,2.75
2024-04-14 00:39:06,151,33,5.32,5,19.58,2.75
2024-04-26 00:15:57,258,238,1.86,1,10.07,0.0
2024-04-02 09:16:19,149,81,1.3,2,7.02,2.75
2024-04-18 14:44:36,142,2,1.48,1,8.89,2.75
2024-04-05 17:50:52,251,90,3.42,2,9.72,2.75
2024-04-07 17:35:55,234,126,2.18,2,7.5,2.75
2024-04-30 22:58:07,132,21,2.9,1,13.66,2.75
2024-04-20 10:49:56,47,5,6.34,3,24.49,2.75
2024-04-02 17:07:59,94,197,2.94,1,15.59,2.75
2024-04-05 05:00:04,249,254,19.21,1,59.02,0.0
2024-04-30 22:21:55,20,250,4.34,2,15.48,2.75
2024-04-09 11:23:44,180,83,1.31,1,8.2,2.75
2024-04-05 14:10:05,136,236,2.92,2,10.59,2.75
2024-04-14 12:04:41,237,168,6.38,2,17.36,2.75
2024-04-19 23:55:45,190,6,1.36,2,8.07,0.0
2024-04-07 22:26:16,212,142,5.08,1,17.43,2.75
2024-04-07 22:45:10,64,125,0.62,1,5.17,2.75
2024-04-10 07:09:29,164,167,10.5,1,35.65,2.75
2024-04-09 00:30:32,38,169,4.31,1,16.84,2.75
2024-04-07 01:56:40,215,24,1.12,1,6.72,2.75
2024-04-06 16:14:52,19,171,7.76,1,26.27,0.0
2024-04-01 20:59:21,254,109,0.8,1,6.18,2.75
2024-04-08 10:27:49,74,210,2.32,3,7.38,0.0
2024-04-07 18:26:10,141,95,5.17,1,17.34,2.75
2024-04-20 02:52:42,17,202,10.2,1,31.62,2.75
2024-04-05 16:22:00,95,2,2.0,1,8.14,2.75
2024-04-11 12:36:50,234,231,6.71,1,22.13,2.75
2024-04-01 15:43:45,88,254,1.27,4,3.0,0.0
2024-04-12 11:00:55,51,111,0.63,1,3.03,0.0
2024-04-17 14:37:59,245,74,0.6,1,6.39,2.75
2024-04-04 20:36:30,113,76,4.26,1,14.57,2.75
2024-04-26 18:16:50,8,212,1.09,3,6.01,0.0
2024-04-07 07:27:35,37,118,0.68,1,8.74,0.0
2024-04-29 19:30:49,47,233,13.66,1,44.24,2.75
2024-04-21 15:48:28,100,187,1.47,1,10.1,0.0
2024-04-09 06:17:19,173,151,2.67,2,11.07,2.75
2024-04-23 04:09:00,241,211,3.82,1,13.13,0.0
2024-04-18 09:13:12,191,207,1.05,1,4.91,2.75
2024-04-09 13:16:25,234,90,2.05,1,9.47,0.0
2024-04-25 02:08:05,235,146,4.15,5,15.36,0.0
2024-04-06 12:19:16,126,65,4.07,1,17.21,2.75
2024-04-26 09:47:52,178,86,6.96,1,28.27,0.0
2024-04-20 23:04:05,173,161,2.51,1,12.03,2.75
2024-04-15 23:28:08,120,231,8.22,1,27.53,2.75
2024-04-01 16:28:41,30,142,4.51,1,17.17,0.0
2024-04-15 07:23:56,48,239,3.39,1,13.8,0.0
2024-04-18 21:36:33,179,237,0.94,1,5.85,2.75
2024-04-16 20:32:31,94,133,3.49,1,12.16,2.75
2024-04-22 11:42:40,55,189,3.66,2,12.49,2.75
2024-04-03 14:42:23,236,214,5.48,1,19.66,2.75
2024-04-05 14:55:08,74,143,4.94,1,15.47,2.75
2024-04-24 04:02:34,122,112,3.14,1,11.79,2.75
2024-04-02 02:12:08,57,257,3.64,1,16.73,2.75
2024-04-23 18:20:45,139,200,5.68,1,17.12,0.0
2024-04-20 16:00:19,199,225,2.02,1,7.68,2.75
2024-04-15 21:28:36,209,159,1.01,3,4.86,2.75
2024-04-16 10:48:38,138,8,7.76,1,27.94,0.0
2024-04-01 17:00:01,134,95,12.24,1,40.13,2.75
2024-04-29 03:42:47,16,165,2.46,1,11.62,0.0
2024-04-27 17:39:22,103,207,16.73,1,55.0,2.75
2024-04-24 07:14:39,243,182,1.86,3,13.07,2.75
2024-04-17 19:39:29,90,96,0.74,2,3.0,0.0
2024-04-29 14:21:14,4,113,3.47,1,19.0,0.0
2024-04-09 12:13:13,62,23,7.59,2,27.75,0.0
2024-04-29 22:00:04,212,113,3.86,1,18.88,2.75
2024-04-06 14:12:01,248,132,0.53,1,3.41,2.75
2024-04-14 07:08:49,192,12,0.54,2,4.53,2.75
2024-04-17 16:57:35,56,234,5.01,1,15.59,2.75
2024-04-02 23:18:36,31,239,7.03,1,20.52,0.0
2024-04-10 23:59:56,1,103,1.52,4,7.16,2.75
2024-04-12 14:34:23,198,170,2.72,1,9.96,2.75
2024-04-14 19:52:05,45,185,11.86,2,37.67,2.75
2024-04-16 09:32:31,47,66,2.66,1,8.92,2.75
2024-04-30 14:30:14,222,135,1.01,1,6.44,0.0
2024-04-10 11:45:32,81,125,8.99,1,30.03,2.75
2024-04-05 18:45:13,189,57,2.89,1,11.58,0.0
2024-04-04 17:10:59,39,182,1.98,1,6.84,0.0
2024-04-11 06:59:52,83,148,0.86,3,3.35,2.75
2024-04-04 08:17:21,176,261,2.65,1,10.68,0.0
2024-04-11 10:04:41,9,14,5.64,1,17.33,0.0
2024-04-16 20:00:40,258,114,4.92,1,17.95,2.75
2024-04-30 22:00:54,261,27,2.9,1,8.98,2.75
2024-04-10 21:25:21,180,260,4.95,1,19.65,2.75
2024-04-02 16:21:46,154,219,2.01,1,7.29,2.75
2024-04-20 01:47:16,15,220,5.15,1,21.04,0.0
2024-04-30 07:13:37,67,170,0.81,1,6.16,2.75
2024-04-28 19:18:41,187,80,1.28,1,4.75,2.75
2024-04-07 06:12:15,63,116,7.86,3,26.83,2.75
2024-04-19 09:32:57,41,94,1.72,1,10.18,0.0
2024-04-12 14:28:32,28,69,1.31,1,5.06,2.75
2024-04-01 16:37:14,221,171,0.83,1,4.02,2.75
2024-04-20 03:42:04,217,95,2.25,1,9.92,2.75
2024-04-30 13:32:31,222,149,0.74,1,6.89,0.0
2024-04-30 01:00:25,61,223,2.9,1,10.98,2.75
2024-04-23 10:06:55,103,193,9.31,1,31.19,2.75
2024-04-15 10:00:33,185,233,5.91,3,22.96,2.75
2024-04-18 08:56:01,147,205,0.65,1,3.19,2.75
2024-04-14 21:32:06,75,162,1.75,3,5.63,0.0
2024-04-12 01:17:58,1,36,1.23,1,8.53,0.0
2024-04-16 21:29:04,162,230,0.74,1,6.0,2.75
2024-04-27 06:04:59,17,41,0.9,1,3.0,0.0
2024-04-14 05:17:32,243,162,8.86,1,32.27,2.75
2024-04-19 05:55:23,19,153,1.8,1,9.31,0.0
2024-04-11 08:08:40,59,76,2.24,1,10.18,2.75
2024-04-30 17:58:09,201,251,2.83,1,10.76,2.75
2024-04-21 16:53:29,115,188,5.28,3,17.29,2.75
2024-04-26 20:22:35,203,189,6.1,1,21.41,2.75
2024-04-19 02:54:22,31,126,12.11,1,41.02,0.0
2024-04-18 08:26:03,194,240,1.33,1,4.75,2.75
2024-04-09 12:54:27,106,194,1.75,1,7.68,2.75
2024-04-18 14:28:51,126,200,1.81,3,9.69,2.75
2024-04-16 08:52:16,103,225,2.56,1,12.39,2.75
2024-04-04 12:45:31,163,69,6.27,1,20.02,2.75
2024-04-08 07:38:32,121,192,1.46,1,7.14,0.0
2024-04-07 13:23:28,240,10,5.85,1,19.11,2.75
2024-04-04 03:57:25,95,246,1.3,1,6.7,2.75
2024-04-27 15:47:55,208,261,4.83,1,17.42,2.75
2024-04-03 14:03:30,149,12,6.12,1,21.23,2.75
2024-04-26 17:41:52,193,44,7.23,1,26.57,0.0
2024-04-16 04:20:11,142,109,3.0,3,11.71,2.75
2024-04-24 00:14:12,201,90,1.89,2,5.0,2.75
2024-04-28 21:22:33,162,69,5.68,1,18.04,2.75
2024-04-08 09:07:57,109,144,1.85,1,13.65,2.75
2024-04-30 10:53:23,263,56,1.06,5,4.16,2.75
2024-04-04 06:37:56,210,41,6.8,4,23.97,2.75
2024-04-28 08:31:28,149,77,2.35,1,12.35,2.75
2024-04-10 06:56:00,256,8,3.46,1,16.5,0.0
2024-04-25 12:53:08,199,90,9.27,1,30.68,0.0
2024-04-16 10:59:17,186,194,1.01,1,7.35,2.75
2024-04-08 10:08:36,165,71,3.35,4,12.47,2.75
2024-04-23 14:04:49,108,108,3.36,1,11.14,2.75
2024-04-26 17:18:44,83,95,7.43,1,24.78,2.75
2024-04-16 10:24:58,80,245,1.96,1,7.12,2.75
2024-04-04 05:27:32,253,75,2.29,1,12.26,2.75
2024-04-05 06:40:25,25,137,3.06,1,15.33,0.0
2024-04-14 22:24:40,51,222,1.14,4,6.39,2.75
2024-04-21 00:37:31,108,204,2.73,1,8.99,2.75
2024-04-04 03:36:36,238,61,2.5,2,8.01,0.0
2024-04-22 11:08:49,186,262,1.27,1,8.9,2.75
2024-04-21 12:36:10,80,65,6.76,1,21.28,2.75
2024-04-27 17:56:19,96,37,2.47,1,6.74,2.75
2024-04-09 12:05:05,150,234,1.78,1,9.84,2.75
2024-04-02 19:37:24,6,201,0.99,1,6.55,2.75
2024-04-20 09:59:37,22,102,0.83,1,3.0,2.75
2024-04-12 12:32:43,220,110,11.79,2,37.76,2.75
2024-04-19 03:08:29,12,50,19.15,1,61.76,0.0
2024-04-24 05:20:56,192,160,8.49,1,29.32,2.75
2024-04-25 01:15:01,225,211,2.65,1,9.9,2.75
2024-04-26 04:02:32,167,145,6.27,1,19.7,2.75
2024-04-25 00:33:18,116,189,6.79,1,21.54,2.75
2024-04-28 12:22:31,148,185,1.75,1,8.36,2.75
2024-04-06 16:47:16,36,249,3.59,3,15.02,0.0
2024-04-09 14:21:08,245,161,11.5,1,38.0,2.75
2024-04-07 22:25:49,130,147,1.65,1,5.24,2.75
2024-04-17 12:27:24,240,163,4.31,1,16.69,0.0
2024-04-05 09:16:10,105,177,4.3,3,12.47,2.75
2024-04-22 15:56:23,167,230,2.61,1,13.5,2.75
2024-04-12 05:02:41,42,164,2.86,1,14.55,0.0
2024-04-17 03:57:09,254,224,2.63,2,10.17,2.75
2024-04-27 19:02:21,205,224,3.08,1,10.48,0.0
2024-04-03 23:07:52,195,232,1.06,1,6.75,2.75
2024-04-19 19:19:08,171,54,6.04,5,19.56,2.75
2024-04-13 00:51:46,250,36,4.29,1,13.37,2.75
2024-04-01 21:14:57,104,53,13.25,1,38.87,2.75
2024-04-03 00:49:08,39,188,1.49,2,9.69,0.0
2024-04-05 02:16:24,236,74,1.05,1,7.41,2.75
2024-04-03 10:21:57,134,44,1.97,1,7.3,2.75
2024-04-13 05:14:37,252,51,2.99,2,12.46,0.0
2024-04-29 00:43:11,170,99,1.3,3,5.57,2.75
2024-04-22 21:33:05,207,51,2.66,1,9.99,2.75
2024-04-03 20:38:37,143,135,4.1,1,13.94,2.75
2024-04-27 11:29:18,19,213,0.7,1,6.26,2.75
2024-04-19 22:27:53,190,141,5.47,1,18.15,2.75
2024-04-07 01:04:43,64,114,10.33,1,31.99,2.75
2024-04-17 10:14:55,230,239,1.59,4,5.41,2.75
2024-04-23 20:24:59,175,175,5.74,2,17.08,0.0
2024-04-05 17:49:19,20,47,2.39,1,10.24,2.75
2024-04-27 00:18:20,226,26,4.32,1,12.68,2.75
2024-04-09 00:17:21,231,50,5.26,1,20.79,2.75
2024-04-01 02:09:09,101,129,1.72,2,8.41,2.75
2024-04-29 04:52:26,227,145,5.92,2,14.68,0.0
2024-04-20 07:42:31,38,145,0.89,1,4.11,2.75
2024-04-17 10:42:27,65,167,15.63,1,47.34,2.75
2024-04-03 15:40:16,76,43,1.94,1,3.84,0.0
2024-04-07 00:02:47,192,41,1.39,1,8.41,2.75
2024-04-05 19:09:59,123,15,1.02,2,6.68,0.0
2024-04-08 09:55:46,125,129,6.35,1,23.63,2.75
2024-04-13 06:55:57,27,58,3.59,1,13.7,2.75
2024-04-24 10:41:50,103,54,11.1,1,38.12,2.75
2024-04-30 22:32:52,60,224,4.15,1,16.01,2.75
2024-04-28 10:22:38,168,203,1.96,3,10.48,2.75
2024-04-15 06:52:07,83,133,6.84,1,24.47,2.75
2024-04-04 08:47:12,6,62,1.66,5,9.21,2.75
2024-04-19 18:14:41,164,243,1.7,2,8.98,2.75
2024-04-30 22:34:09,202,210,0.6,2,3.34,2.75
2024-04-16 07:40:59,177,242,1.52,1,3.54,2.75
2024-04-12 17:06:11,156,210,1.56,1,8.44,0.0
2024-04-29 12:17:28,102,215,1.74,1,6.94,2.75
2024-04-28 18:21:21,80,244,2.11,1,6.49,0.0
2024-04-05 09:07:39,194,71,3.51,3,12.88,2.75
2024-04-09 21:22:53,91,90,1.35,2,6.18,2.75
2024-04-12 20:30:04,67,156,4.04,1,15.76,0.0
2024-04-28 01:31:39,215,84,1.0,1,7.26,2.75
2024-04-05 14:41:28,145,151,9.85,1,32.81,2.75
2024-04-14 22:25:13,40,160,0.59,1,3.59,2.75
2024-04-28 05:18:15,212,82,8.86,1,24.87,0.0
2024-04-21 01:16:44,59,186,3.27,1,11.35,2.75
2024-04-08 00:17:28,28,89,4.83,3,17.05,2.75
2024-04-17 07:09:15,47,160,1.74,1,11.35,0.0
2024-04-20 00:09:07,237,50,1.17,1,3.3,2.75
2024-04-01 02:34:57,117,179,10.8,1,30.76,2.75
2024-04-13 21:03:01,151,220,2.54,2,11.25,2.75
2024-04-27 11:10:58,83,205,2.79,1,10.95,2.75
2024-04-24 12:07:09,57,19,15.36,1,46.89,2.75
2024-04-17 16:56:39,217,3,1.93,2,9.76,0.0
2024-04-08 13:55:42,220,116,0.87,1,3.0,2.75
2024-04-15 08:07:11,242,157,3.59,3,17.99,2.75
2024-04-08 01:48:02,99,241,3.33,1,14.43,2.75
2024-04-25 22:10:57,242,108,5.69,1,21.41,2.75
2024-04-27 17:43:30,203,52,11.36,1,37.06,2.75
2024-04-15 18:02:19,37,28,1.79,2,8.56,2.75
2024-04-22 07:50:53,246,212,4.98,1,16.65,2.75
2024-04-07 20:59:42,128,109,2.5,3,10.83,2.75
2024-04-09 01:38:53,135,258,5.86,1,20.75,2.75
2024-04-01 11:18:13,64,220,1.13,1,8.55,0.0
2024-04-23 08:30:55,29,17,2.93,1,11.18,2.75
2024-04-05 20:36:34,226,240,0.78,1,5.35,2.75
2024-04-12 03:45:12,60,212,3.38,2,10.35,2.75
2024-04-22 09:54:44,54,180,1.15,1,7.82,2.75
2024-04-22 11:06:25,149,85,11.77,1,38.05,0.0
2024-04-06 07:13:44,58,261,3.33,1,13.33,2.75
2024-04-07 00:33:56,36,210,3.14,1,13.33,0.0
2024-04-25 04:58:46,145,62,13.06,1,42.6,2.75
2024-04-17 15:28:08,250,5,2.91,1,10.26,2.75
2024-04-02 15:35:12,80,107,4.45,1,18.22,2.75
2024-04-28 14:39:01,15,11,0.67,1,5.36,0.0
2024-04-21 13:47:19,40,215,4.81,1,16.77,2.75
2024-04-29 13:45:50,81,219,0.89,1,6.58,2.75
2024-04-20 22:12:17,193,179,5.8,1,20.9,2.75
2024-04-02 19:51:19,166,66,7.83,2,25.16,2.75
2024-04-09 02:37:42,204,185,1.83,2,10.13,2.75
2024-04-08 16:16:39,211,17,7.87,3,28.25,2.75
2024-04-06 21:39:06,258,40,2.81,2,6.25,2.75
2024-04-16 17:15:47,115,76,3.47,2,10.63,2.75
2024-04-23 01:40:47,233,246,2.35,2,6.75,2.75
2024-04-30 01:03:41,77,51,2.77,3,7.8,2.75
2024-04-15 18:40:28,96,129,8.86,1,31.31,2.75
2024-04-23 12:30:53,98,260,10.8,1,33.17,0.0
2024-04-23 05:41:46,56,209,2.57,1,12.12,2.75
2024-04-07 19:57:26,118,211,3.03,2,12.45,2.75
2024-04-25 13:55:49,119,132,0.93,1,5.83,0.0
2024-04-08 03:48:51,38,84,1.88,2,7.03,0.0
2024-04-22 03:35:46,185,49,3.02,1,9.95,2.75
2024-04-26 01:41:00,242,246,1.29,1,4.78,0.0
2024-04-24 16:48:19,51,39,3.51,2,14.24,0.0
2024-04-04 16:08:52,127,145,4.55,1,16.78,2.75
2024-04-28 17:00:06,103,143,4.17,3,9.19,0.0
2024-04-23 14:38:21,229,247,2.55,1,12.86,0.0
2024-04-03 13:47:04,211,156,5.63,1,18.87,2.75
2024-04-09 03:40:10,85,16,1.85,3,8.29,2.75
2024-04-10 16:08:01,27,39,2.72,3,12.2,2.75
2024-04-06 08:42:58,72,145,1.6,4,4.95,0.0
2024-04-22 13:03:36,95,46,3.74,2,10.74,0.0
2024-04-26 03:44:25,76,20,2.53,3,8.35,2.75
2024-04-09 09:40:43,6,133,1.36,1,8.97,2.75
2024-04-16 00:33:03,90,81,1.79,1,7.9,0.0
2024-04-04 02:19:47,80,158,1.65,1,9.64,2.75
2024-04-11 14:38:22,222,224,8.96,1,24.45,2.75
2024-04-11 05:20:50,83,2,3.08,2,11.35,0.0
2024-04-18 03:08:57,82,125,4.2,2,12.71,0.0
2024-04-14 19:15:49,152,241,10.05,3,34.72,0.0
2024-04-03 07:13:51,45,117,1.2,2,5.22,0.0
2024-04-03 00:16:44,212,37,10.17,1,30.87,2.75
2024-04-03 21:31:18,71,216,3.22,3,11.48,2.75
2024-04-02 17:16:19,263,49,7.29,1,20.94,2.75
2024-04-10 01:52:50,58,217,1.14,1,5.97,0.0
2024-04-04 23:32:09,57,59,1.62,1,5.0,0.0
2024-04-14 14:27:47,111,60,1.26,2,4.01,2.75
2024-04-04 10:38:55,142,78,4.21,3,15.08,2.75
2024-04-18 06:52:02,56,119,1.03,1,3.0,2.75
2024-04-11 10:24:11,12,127,6.0,3,19.75,0.0
2024-04-11 13:54:20,15,207,1.51,1,5.88,2.75
2024-04-23 12:18:32,8,160,1.53,4,9.73,0.0
2024-04-15 18:09:28,231,85,1.66,1,8.85,0.0
2024-04-07 00:56:59,186,4,5.3,5,16.77,2.75
2024-04-28 01:48:46,53,157,9.53,1,29.34,0.0
2024-04-02 01:02:33,137,177,8.83,1,29.76,2.75
2024-04-26 19:29:33,174,252,0.87,1,5.07,0.0
2024-04-28 03:24:00,219,80,1.57,1,9.87,2.75
2024-04-08 01:50:38,263,44,4.4,1,16.13,2.75
2024-04-26 07:21:56,255,218,3.87,1,14.55,2.75
2024-04-14 11:28:21,75,199,2.01,2,9.88,0.0
2024-04-01 02:45:58,224,180,7.45,1,28.03,2.75
2024-04-24 10:34:25,92,208,0.99,3,5.7,2.75
2024-04-14 03:28:56,134,194,4.07,2,16.27,2.75
2024-04-22 10:01:41,163,12,1.62,2,7.27,2.75
2024-04-04 06:42:23,198,205,3.12,5,10.36,2.75
2024-04-28 00:55:14,189,126,2.22,1,10.51,0.0
2024-04-24 12:24:32,73,72,14.15,5,43.67,2.75
2024-04-30 05:20:56,206,220,2.83,1,8.61,2.75
2024-04-22 14:11:41,31,72,13.57,1,42.37,2.75
2024-04-25 13:08:03,119,121,1.53,1,8.24,2.75
2024-04-26 20:55:00,159,43,5.61,1,19.19,2.75
2024-04-22 06:01:19,255,208,4.92,1,19.88,0.0
2024-04-11 06:12:38,245,214,7.09,1,25.64,0.0
2024-04-08 13:09:20,106,77,4.64,1,21.15,0.0
2024-04-24 19:27:41,198,150,4.51,1,15.8,2.75
2024-04-01 11:30:10,120,252,4.28,3,16.59,2.75
2024-04-21 20:52:17,82,60,15.21,1,51.2,2.75
2024-04-18 07:35:19,187,213,1.41,1,3.76,0.0
2024-04-11 04:49:40,52,63,0.61,1,7.21,2.75
2024-04-09 07:00:32,68,193,4.47,1,12.75,0.0
2024-04-03 15:27:23,134,29,1.16,1,8.89,0.0
2024-04-18 03:12:21,120,1,4.48,1,16.7,0.0
2024-04-10 17:12:08,57,73,1.85,1,7.78,0.0
2024-04-12 03:44:54,186,206,0.66,1,3.0,0.0
2024-04-06 02:01:08,72,156,5.64,1,16.82,0.0
2024-04-22 17:42:55,158,146,0.69,1,3.92,2.75
2024-04-30 10:55:55,228,52,1.39,1,5.73,2.75
2024-04-10 19:28:44,234,115,1.94,1,6.88,2.75
2024-04-04 21:46:03,11,226,1.0,1,4.62,2.75
2024-04-21 05:01:15,175,88,9.07,1,31.32,2.75
2024-04-06 21:53:59,261,62,3.9,1,17.46,2.75
2024-04-23 06:06:01,131,19,7.79,1,25.07,2.75
2024-04-20 20:17:23,2,258,4.51,1,16.19,2.75
2024-04-09 19:35:52,249,198,17.38,1,52.5,2.75
2024-04-25 09:37:25,200,79,3.11,3,11.17,0.0
2024-04-23 10:38:17,182,11,0.69,1,3.25,2.75
2024-04-26 02:33:15,127,144,1.11,1,7.41,2.75
2024-04-18 19:45:14,197,244,3.61,1,11.53,0.0
2024-04-29 17:57:10,44,85,2.0,3,9.36,2.75
2024-04-17 18:07:02,10,27,0.92,4,3.41,2.75
2024-04-11 07:01:37,225,3,1.45,3,10.45,2.75
2024-04-06 14:14:23,216,259,2.75,2,12.3,2.75
2024-04-07 10:55:15,211,243,3.06,1,11.87,2.75
2024-04-19 03:31:49,217,43,10.04,2,34.73,0.0
2024-04-21 01:12:11,49,198,0.83,1,6.72,2.75
2024-04-29 13:52:15,163,89,2.05,1,9.9,2.75
2024-04-25 01:19:46,193,233,2.97,1,9.26,0.0
2024-04-22 10:42:58,145,39,0.92,1,7.59,2.75
2024-04-20 00:24:42,159,163,4.57,2,18.47,2.75
2024-04-13 00:36:31,180,21,3.03,1,10.69,2.75
2024-04-15 12:55:23,26,10,2.65,1,11.71,0.0
2024-04-23 02:22:50,100,45,4.24,1,11.1,0.0
2024-04-12 17:23:06,111,93,1.69,1,4.02,2.75
2024-04-03 13:22:47,51,3,1.95,1,8.27,2.75
2024-04-23 23:29:06,15,43,1.12,1,7.85,2.75
2024-04-03 17:10:25,128,180,3.1,1,12.62,2.75
2024-04-02 06:49:09,140,107,2.13,1,8.86,0.0
2024-04-14 14:31:11,242,205,1.56,4,7.53,2.75
2024-04-28 14:56:51,46,124,0.97,3,5.7,0.0
2024-04-22 02:42:31,234,113,0.58,1,3.0,2.75
2024-04-01 23:16:44,72,47,1.25,1,7.75,0.0
2024-04-21 14:13:02,95,156,1.49,1,8.23,2.75
2024-04-22 17:16:29,132,236,2.83,1,14.64,2.75
2024-04-09 02:41:37,32,139,1.47,1,8.32,0.0
2024-04-25 05:40:35,37,242,6.46,3,26.54,2.75
2024-04-06 11:21:53,126,249,2.75,2,9.83,2.75
2024-04-08 04:40:45,138,204,3.92,1,16.65,2.75
2024-04-23 14:59:29,100,200,1.32,3,10.1,2.75
2024-04-27 15:51:29,242,57,2.38,1,7.02,0.0
2024-04-16 01:02:32,245,74,3.73,1,11.39,2.75
2024-04-24 00:35:59,27,119,1.8,1,8.34,2.75
2024-04-14 15:31:38,209,59,1.93,1,9.43,0.0
2024-04-16 00:54:26,99,58,6.27,1,25.33,2.75
2024-04-07 11:23:41,137,219,6.85,1,22.05,2.75
2024-04-24 06:18:05,187,232,3.16,1,7.83,2.75
2024-04-14 20:28:06,36,258,8.44,4,28.38,2.75
2024-04-16 23:39:54,118,63,5.17,3,18.13,0.0
2024-04-27 21:49:22,158,180,0.7,3,5.53,2.75
2024-04-15 09:55:15,169,231,3.37,1,10.87,0.0
2024-04-22 05:39:06,55,164,4.69,2,13.0,0.0
2024-04-01 16:10:04,84,210,3.22,4,15.75,0.0
2024-04-09 17:25:57,6,43,6.74,4,24.03,2.75
2024-04-08 21:08:55,256,133,1.75,1,11.35,2.75
2024-04-30 18:03:51,198,218,0.74,1,3.0,2.75
2024-04-21 00:05:36,152,203,4.01,1,14.84,2.75
2024-04-18 03:42:24,170,178,5.09,3,19.42,0.0
2024-04-25 13:07:26,248,52,5.57,1,21.3,2.75
2024-04-16 10:07:40,249,71,0.54,2,7.0,2.75
2024-04-12 04:35:42,150,3,4.42,1,13.9,2.75
2024-04-19 13:31:00,210,89,0.57,2,4.08,2.75
2024-04-07 19:22:42,228,51,5.72,1,21.16,2.75
2024-04-09 02:19:20,244,160,4.75,2,17.14,2.75
2024-04-01 06:22:50,141,133,3.43,2,8.54,2.75
2024-04-21 03:53:27,120,247,2.97,1,12.69,2.75
2024-04-05 19:24:34,180,171,4.89,3,18.07,2.75
2024-04-01 17:11:55,125,211,0.71,1,3.69,2.75
2024-04-14 18:01:32,242,159,6.75,2,23.15,2.75
2024-04-20 02:02:08,212,150,1.29,3,3.0,2.75
2024-04-25 02:20:03,17,59,2.77,2,14.23,2.75
2024-04-01 18:28:55,16,47,2.83,1,11.12,0.0
2024-04-11 06:59:07,257,31,5.75,1,18.28,2.75
2024-04-23 16:34:59,46,247,1.25,1,9.79,0.0
2024-04-18 16:47:49,258,187,1.75,1,4.5,2.75
2024-04-27 10:05:28,143,235,4.31,1,14.38,2.75
2024-04-14 15:39:28,13,171,2.36,1,12.13,2.75
2024-04-18 04:28:42,45,81,1.74,3,5.8,0.0
2024-04-03 00:35:53,47,5,3.9,1,12.96,2.75
2024-04-19 22:14:23,16,4,0.82,1,5.13,0.0
2024-04-30 10:03:01,107,143,5.96,3,21.61,0.0
2024-04-20 12:22:30,3,136,3.1,4,11.82,2.75
2024-04-09 16:59:05,104,255,1.31,3,7.03,0.0
2024-04-20 20:56:55,95,212,2.34,1,9.74,2.75
2024-04-25 05:24:55,133,251,0.99,1,5.39,2.75
2024-04-11 16:46:39,201,182,3.86,1,13.85,2.75
2024-04-11 04:25:47,254,209,4.37,1,15.37,2.75
2024-04-13 17:45:18,183,206,2.32,1,9.02,2.75
2024-04-11 18:20:56,150,238,1.95,1,4.4,2.75
2024-04-14 05:05:06,37,159,7.13,1,27.61,2.75
2024-04-24 07:41:41,139,20,3.5,1,10.58,2.75
2024-04-02 03:10:12,100,54,4.35,1,14.41,2.75
2024-04-27 04:17:34,236,244,0.98,1,7.85,2.75
2024-04-20 17:17:34,84,162,4.87,1,20.91,2.75
2024-04-16 07:29:27,33,204,2.56,1,12.39,2.75
2024-04-16 08:58:43,121,232,2.1,1,10.03,2.75
2024-04-14 07:37:55,30,193,9.78,3,32.5,2.75
2024-04-09 02:42:04,34,144,0.69,1,3.94,0.0
2024-04-24 09:50:01,133,212,1.26,2,7.55,0.0
2024-04-03 07:25:30,208,105,2.15,1,11.16,0.0
2024-04-28 08:59:05,140,131,1.87,1,10.17,2.75
2024-04-12 17:29:00,76,142,3.0,1,13.72,2.75
2024-04-10 16:25:46,75,67,2.29,1,8.35,2.75
2024-04-03 01:06:36,58,197,5.93,2,20.36,2.75
2024-04-04 05:36:14,98,59,5.61,2,15.63,0.0
2024-04-29 03:29:51,125,234,5.68,1,22.2,2.75
2024-04-29 11:31:26,134,176,2.11,2,8.68,0.0
2024-04-24 17:48:03,226,102,2.33,2,5.95,2.75
2024-04-20 06:26:41,200,37,4.96,1,17.89,2.75
2024-04-28 08:16:59,37,85,0.96,2,7.65,2.75
2024-04-23 04:45:53,138,24,7.19,3,23.91,2.75
2024-04-12 04:53:35,208,199,3.23,1,13.15,2.75
2024-04-13 01:00:02,194,126,7.11,2,22.81,2.75
2024-04-11 12:00:33,56,256,6.02,4,18.73,0.0
2024-04-08 18:19:57,87,75,2.14,1,9.79,0.0
2024-04-23 22:48:55,95,110,0.87,1,3.44,2.75
2024-04-14 02:02:03,196,6,9.38,1,30.77,2.75
2024-04-23 21:08:47,192,40,1.98,1,5.97,2.75
2024-04-22 22:55:05,144,205,2.14,1,8.68,2.75
2024-04-20 13:51:40,10,145,8.89,1,30.72,2.75
2024-04-28 11:06:23,241,2,9.23,2,27.58,2.75
2024-04-19 08:33:39,149,158,1.57,1,6.36,2.75
2024-04-16 07:12:55,140,228,0.83,1,3.36,0.0
2024-04-08 11:12:28,13,199,0.5,5,6.11,2.75
2024-04-29 18:14:52,254,252,2.52,3,10.07,2.75
2024-04-12 00:36:42,81,83,3.44,5,12.67,2.75
2024-04-15 16:33:34,210,45,1.6,1,6.93,0.0
2024-04-18 01:52:42,220,199,1.55,1,5.92,2.75
2024-04-19 07:36:38,59,175,2.04,1,5.41,0.0
2024-04-28 18:21:41,128,33,1.57,1,6.59,2.75
2024-04-26 04:11:24,262,35,7.34,1,26.38,2.75
2024-04-14 13:44:45,29,192,4.1,1,13.7,2.75
2024-04-27 12:33:45,68,85,6.68,1,23.67,2.75
2024-04-19 16:03:06,207,101,7.39,1,21.77,2.75
2024-04-22 00:34:51,175,209,2.5,1,12.84,0.0
2024-04-22 15:31:45,218,29,2.77,1,14.11,2.75
2024-04-26 13:31:05,160,186,13.83,1,45.07,0.0
2024-04-01 10:11:20,244,48,6.44,1,22.05,0.0
2024-04-26 05:43:24,253,170,6.1,1,19.0,2.75
2024-04-25 20:43:16,189,146,3.57,3,9.18,2.75
2024-04-12 17:44:39,261,16,2.66,2,11.5,2.75
2024-04-09 02:17:24,130,43,8.38,1,29.94,2.75
2024-04-29 08:29:58,3,51,6.21,3,20.77,2.75
2024-04-08 01:10:26,43,27,3.05,3,12.07,2.75
2024-04-14 23:01:33,133,9,1.6,1,5.34,2.75
2024-04-21 14:37:04,178,252,1.06,1,6.47,2.75
2024-04-18 12:15:45,24,233,3.32,1,14.49,2.75
2024-04-29 20:06:03,22,219,1.73,1,8.84,0.0
2024-04-14 08:18:29,3,57,1.57,2,5.48,0.0
2024-04-11 16:20:09,158,175,0.89,1,4.13,0.0
2024-04-13 01:53:31,4,114,0.62,1,5.75,2.75
2024-04-03 04:45:32,107,218,5.85,2,18.88,0.0
2024-04-15 12:07:41,232,246,0.9,1,8.77,2.75
2024-04-01 13:30:48,238,68,8.18,1,31.65,2.75
2024-04-27 12:28:34,72,58,1.34,1,5.97,2.75
2024-04-19 16:36:17,88,76,5.49,1,24.41,2.75
2024-04-11 07:12:16,16,111,6.56,1,22.23,2.75
2024-04-25 03:38:09,91,112,6.01,1,22.79,2.75
2024-04-04 10:00:06,20,222,7.72,1,26.24,2.75
2024-04-29 03:15:29,212,206,1.95,1,8.47,2.75
2024-04-24 23:13:16,84,72,15.41,1,46.05,0.0
2024-04-19 16:27:48,126,2,1.65,1,7.07,2.75
2024-04-01 08:55:21,51,189,10.03,5,36.11,2.75
2024-04-23 05:52:28,18,40,2.51,1,11.11,0.0
2024-04-12 20:36:23,117,171,0.71,1,4.72,2.75
2024-04-21 05:35:21,124,48,5.88,1,20.07,2.75
2024-04-13 03:08:40,28,200,5.92,1,21.48,0.0
2024-04-15 02:08:00,141,57,1.27,1,6.35,0.0
2024-04-14 16:08:16,6,196,6.57,2,23.16,2.75
2024-04-17 02:38:53,157,12,1.1,1,5.56,2.75
2024-04-30 20:17:49,106,179,1.07,1,5.3,2.75
2024-04-29 17:58:29,119,74,6.29,1,19.34,2.75
2024-04-30 04:58:37,137,29,1.7,1,11.17,0.0
2024-04-25 06:54:28,29,92,0.78,1,3.0,2.75
2024-04-12 10:34:54,166,107,11.46,1,37.48,0.0
2024-04-01 16:40:46,65,247,3.35,2,11.64,2.75
2024-04-23 08:48:32,56,256,2.58,1,9.16,2.75
2024-04-26 14:39:06,96,98,2.95,1,10.5,0.0
2024-04-19 22:41:46,215,46,4.39,1,14.44,2.75
2024-04-12 20:17:09,231,20,7.42,1,25.43,2.75
2024-04-06 21:16:06,58,59,4.41,1,17.37,2.75
2024-04-22 05:20:01,184,240,5.21,1,19.48,0.0
2024-04-14 11:03:26,209,36,1.2,1,3.0,2.75
2024-04-29 23:20:40,163,1,2.2,3,11.16,2.75
2024-04-07 15:33:02,89,183,3.58,1,14.63,2.75
2024-04-21 13:50:21,97,85,3.88,2,12.96,2.75
2024-04-08 13:25:14,75,82,1.6,1,8.71,2.75
2024-04-09 17:18:43,88,159,13.41,1,44.8,2.75
2024-04-25 18:40:29,6,248,0.94,1,4.7,2.75
2024-04-28 07:56:42,156,228,0.92,1,3.89,0.0
2024-04-29 23:33:57,63,49,1.41,2,9.95,2.75
2024-04-13 10:16:39,29,212,5.41,1,22.38,2.75
2024-04-30 12:37:14,191,139,0.63,2,6.07,0.0
2024-04-30 14:39:47,204,104,15.94,1,52.8,2.75
2024-04-30 03:24:10,27,65,15.9,1,50.51,2.75
2024-04-14 22:24:48,85,145,1.11,4,7.97,0.0
2024-04-04 03:35:59,210,28,2.29,1,5.05,2.75
2024-04-25 20:50:52,138,82,1.3,3,7.82,0.0
2024-04-10 20:12:37,172,9,2.33,1,10.87,0.0
2024-04-17 05:21:39,156,162,3.16,1,13.36,2.75
2024-04-03 14:14:05,229,223,6.56,5,23.09,0.0
2024-04-12 12:01:34,179,131,0.63,3,5.32,2.75
2024-04-21 10:59:48,247,129,15.67,2,48.45,2.75
2024-04-03 02:35:59,162,136,10.38,1,37.71,2.75
2024-04-03 10:34:21,163,97,3.46,2,16.18,2.75
2024-04-22 08:56:13,218,9,2.79,1,15.62,0.0
2024-04-04 08:29:01,76,209,3.3,1,11.29,2.75
2024-04-03 14:19:36,204,9,0.57,4,5.74,0.0
2024-04-19 23:08:07,216,147,5.18,1,19.74,2.75
2024-04-29 22:23:20,223,2,2.9,1,7.13,2.75
2024-04-24 12:23:14,193,161,1.68,1,7.52,2.75
2024-04-11 03:57:49,192,64,2.67,1,11.21,2.75
2024-04-01 13:41:54,260,255,1.71,4,8.37,0.0
2024-04-12 18:54:08,192,119,4.71,1,15.04,0.0
2024-04-19 16:33:49,104,111,3.84,4,16.14,2.75
2024-04-11 05:31:21,204,191,2.22,2,9.87,2.75
2024-04-21 16:43:24,184,208,1.82,1,7.08,0.0
2024-04-18 04:38:27,217,214,7.86,1,27.38,2.75
2024-04-28 15:13:33,91,92,4.51,1,14.19,0.0
2024-04-17 13:11:51,198,78,4.9,1,17.98,0.0
2024-04-04 19:21:37,39,6,3.87,1,13.95,2.75
2024-04-28 17:08:58,197,46,0.77,1,4.89,2.75
2024-04-05 06:20:06,79,113,0.71,1,3.31,2.75
2024-04-29 10:47:00,217,16,2.46,1,7.73,2.75
2024-04-19 08:40:44,94,251,9.83,2,29.71,2.75
2024-04-25 01:50:24,172,253,3.1,1,9.34,0.0
2024-04-11 05:06:39,43,250,7.8,3,26.12,2.75
2024-04-25 11:29:45,132,48,0.86,1,5.93,2.75
2024-04-13 23:52:11,77,113,5.01,1,18.29,2.75
2024-04-09 15:11:08,232,260,1.49,1,5.59,2.75
2024-04-29 23:31:35,39,176,3.1,2,9.41,0.0
2024-04-02 07:48:47,54,98,1.71,5,8.53,2.75
2024-04-27 22:17:14,151,195,4.86,1,17.9,2.75
2024-04-07 13:02:25,188,149,2.29,1,11.58,0.0
2024-04-27 13:41:03,186,3,2.67,1,8.17,0.0
2024-04-09 09:44:32,135,261,1.49,1,6.65,2.75
2024-04-19 11:13:53,173,223,1.66,1,8.38,2.75
2024-04-18 11:08:25,115,235,1.19,1,3.08,2.75
2024-04-27 16:35:42,221,65,3.32,4,12.14,2.75
2024-04-11 22:52:43,39,207,1.05,1,3.0,2.75
2024-04-02 14:47:28,242,216,1.59,1,6.22,2.75
2024-04-06 01:58:10,221,111,3.15,3,14.72,0.0
2024-04-18 13:56:31,146,137,1.62,1,11.42,2.75
2024-04-05 11:25:20,164,169,3.61,2,13.62,0.0
2024-04-12 18:45:42,259,230,0.55,1,4.87,2.75
2024-04-10 21:44:20,190,194,13.17,2,42.1,2.75
2024-04-09 15:46:48,222,173,5.08,1,19.59,2.75
2024-04-01 01:12:01,174,215,2.95,1,13.06,0.0
2024-04-10 04:03:28,92,140,9.38,1,27.64,2.75
2024-04-28 11:50:15,106,202,7.63,1,26.53,2.75
2024-04-26 18:40:30,245,64,2.1,3,6.39,2.75
2024-04-04 15:31:51,43,160,0.93,1,7.63,2.75
2024-04-24 21:33:17,258,62,1.52,3,9.33,2.75
2024-04-15 07:04:38,86,133,1.32,1,3.3,2.75
2024-04-02 07:17:00,97,120,5.35,1,20.57,0.0
2024-04-12 13:40:01,63,157,3.28,1,10.15,2.75
2024-04-13 19:22:51,103,13,7.14,1,23.58,2.75
2024-04-02 12:08:32,254,228,2.85,1,8.54,2.75
2024-04-21 17:42:50,1,231,5.64,1,20.43,2.75
2024-04-25 17:10:02,154,66,1.87,1,11.25,0.0
2024-04-10 01:15:29,261,228,3.73,1,13.32,2.75
2024-04-11 19:19:40,35,145,4.07,1,13.64,2.75
2024-04-13 07:32:32,27,161,5.48,1,18.87,0.0
2024-04-21 08:49:35,224,84,6.12,1,23.78,0.0
2024-04-19 06:24:16,187,22,1.63,1,9.4,2.75
2024-04-19 02:51:14,159,125,2.2,2,11.88,0.0
2024-04-21 00:50:42,69,181,1.31,1,6.37,2.75
2024-04-01 06:53:29,165,44,5.32,4,14.15,2.75
2024-04-08 05:16:01,258,217,1.6,1,3.72,2.75
2024-04-30 16:22:07,102,85,2.24,1,8.84,2.75
2024-04-07 22:23:18,193,79,6.19,3,18.25,2.75
2024-04-20 18:42:08,259,7,1.95,1,9.77,2.75
2024-04-04 07:18:18,21,224,1.71,1,7.17,2.75
2024-04-08 14:57:52,45,195,4.19,1,11.43,0.0
2024-04-19 06:06:22,171,81,13.46,1,43.56,2.75
2024-04-29 11:08:08,178,122,0.73,1,3.2,0.0
2024-04-27 02:30:16,223,58,6.8,1,22.49,2.75
2024-04-23 11:40:49,24,121,0.95,1,7.43,2.75
2024-04-14 07:15:02,84,48,1.98,1,10.98,0.0
2024-04-26 07:19:11,60,125,2.39,1,12.25,2.75
2024-04-29 16:28:11,122,153,4.94,1,18.71,0.0
2024-04-12 22:13:32,5,13,9.64,1,35.0,2.75
2024-04-02 22:49:21,154,224,0.88,2,4.53,0.0
2024-04-17 09:57:07,86,227,5.28,1,17.99,2.75
2024-04-24 05:19:49,75,191,1.86,1,6.73,2.75
2024-04-23 11:46:21,191,250,8.63,2,28.54,2.75
2024-04-07 09:29:21,252,190,1.64,1,7.42,2.75
2024-04-07 09:49:21,68,28,4.64,1,16.77,2.75
2024-04-07 18:41:38,146,223,1.13,2,5.83,2.75
2024-04-05 17:01:35,122,203,11.59,3,39.14,0.0
2024-04-05 02:38:45,42,42,0.52,2,4.2,2.75
2024-04-25 19:07:42,150,189,1.43,5,6.64,2.75
2024-04-03 05:15:55,62,80,4.44,1,16.63,2.75
2024-04-17 11:24:45,255,38,7.22,1,21.66,0.0
2024-04-16 11:18:32,131,109,18.16,1,54.58,2.75
2024-04-13 11:26:49,20,114,1.17,5,5.55,2.75
2024-04-06 10:29:50,199,133,1.78,1,9.08,2.75
2024-04-22 12:55:41,221,176,8.28,4,27.43,2.75
2024-04-12 03:22:04,131,163,0.62,1,3.78,0.0
2024-04-21 09:37:51,171,235,5.13,2,18.2,2.75
2024-04-29 02:36:21,145,54,2.43,4,12.13,2.75
2024-04-11 09:02:33,181,154,4.59,1,14.08,0.0
2024-04-29 17:27:23,161,238,3.1,2,12.04,2.75
2024-04-05 23:01:27,60,42,3.95,3,12.09,2.75
2024-04-15 12:03:59,215,216,4.35,1,13.82,2.75
2024-04-23 12:44:50,68,95,3.99,1,14.66,0.0
2024-04-01 06:30:39,192,146,4.32,1,17.14,2.75
2024-04-17 06:42:26,225,103,3.44,1,13.27,2.75
2024-04-29 22:51:09,197,125,4.88,1,18.46,2.75
2024-04-08 03:24:24,161,149,5.74,1,20.2,2.75
2024-04-09 12:54:39,249,162,5.93,1,23.1,2.75
2024-04-23 14:47:58,111,217,7.22,1,25.43,0.0
2024-04-18 04:58:29,59,40,1.83,1,7.81,2.75
2024-04-05 02:28:09,33,119,5.29,1,20.31,0.0
2024-04-11 09:49:15,41,111,10.76,1,34.91,2.75
2024-04-11 01:38:11,161,198,2.1,1,10.01,2.75
2024-04-03 19:52:41,29,117,5.76,1,21.7,2.75
2024-04-09 12:25:22,255,25,1.71,1,10.77,2.75
2024-04-18 03:56:28,185,67,1.18,1,9.6,2.75
2024-04-11 11:40:30,224,185,2.57,1,14.1,0.0
2024-04-11 02:53:23,221,216,6.25,1,23.29,2.75
2024-04-06 04:35:20,86,105,1.78,1,7.7,2.75
2024-04-06 17:40:44,66,145,1.72,1,8.39,2.75
2024-04-30 04:46:07,114,109,1.64,1,6.14,2.75
2024-04-18 18:15:27,97,50,1.36,1,5.72,2.75
2024-04-21 17:10:06,124,212,3.81,1,14.29,2.75
2024-04-17 11:56:39,156,90,1.48,3,8.26,2.75
2024-04-18 19:55:45,110,191,10.06,2,31.38,2.75
2024-04-12 04:37:15,53,17,1.99,1,9.33,2.75
2024-04-01 22:22:50,174,232,3.24,1,9.27,2.75
2024-04-28 23:02:13,167,80,2.34,1,8.94,2.75
2024-04-29 05:04:35,76,59,12.01,3,40.16,2.75
2024-04-12 00:36:13,214,30,2.43,2,9.59,2.75
2024-04-21 13:39:42,182,131,3.4,4,15.49,2.75
2024-04-09 00:45:20,45,123,5.55,1,20.53,0.0
2024-04-18 08:37:42,151,51,1.16,1,3.0,2.75
2024-04-06 01:00:43,117,80,0.62,3,5.03,2.75
2024-04-07 21:50:40,122,251,2.62,1,10.41,2.75
2024-04-27 14:31:05,170,192,3.3,2,14.96,2.75
2024-04-19 18:23:18,166,74,1.68,1,4.95,0.0
2024-04-05 05:47:27,149,111,2.67,4,12.48,0.0
2024-04-14 23:26:18,74,199,3.84,1,16.97,2.75
2024-04-24 21:00:08,149,177,13.18,1,45.04,0.0
2024-04-23 15:58:23,25,20,3.72,1,13.44,2.75
2024-04-17 12:06:47,61,205,2.59,1,12.11,0.0
2024-04-10 04:28:40,54,29,0.58,1,5.04,2.75
2024-04-11 04:59:39,223,10,1.8,1,11.66,2.75
2024-04-07 01:11:39,219,9,2.05,2,10.41,0.0
2024-04-20 03:26:26,170,63,2.77,1,11.23,2.75
2024-04-11 12:30:41,189,33,5.83,5,20.52,2.75
2024-04-02 12:50:39,32,152,5.73,1,17.64,2.75
2024-04-07 14:56:06,53,80,7.03,1,22.56,2.75
2024-04-25 20:06:42,139,32,1.7,1,7.55,0.0
2024-04-08 17:08:15,47,4,1.99,1,9.99,2.75
2024-04-01 16:19:51,90,190,1.07,3,3.0,2.75
2024-04-10 05:08:36,36,126,7.32,3,25.33,2.75
2024-04-02 14:38:38,225,22,4.2,1,13.68,2.75
2024-04-07 03:00:22,42,151,0.78,1,3.0,2.75
2024-04-21 06:19:02,228,218,1.77,1,5.97,2.75
2024-04-28 07:44:10,186,172,1.08,2,5.99,2.75
2024-04-20 07:23:36,235,239,12.68,1,41.38,2.75
2024-04-28 05:08:36,122,150,1.87,2,8.95,2.75
2024-04-13 18:00:22,117,108,2.9,2,10.74,2.75
2024-04-29 14:13:14,39,195,1.84,2,7.43,0.0
2024-04-07 19:42:32,162,52,2.75,1,11.09,2.75
2024-04-16 19:58:24,109,142,23.56,1,69.88,2.75
2024-04-01 07:37:04,14,64,1.69,1,7.89,2.75
2024-04-04 02:48:03,166,173,1.66,1,8.34,0.0
2024-04-04 03:56:10,112,192,2.12,2,6.53,0.0
2024-04-06 11:31:54,234,158,1.15,1,7.97,2.75
2024-04-05 00:03:16,202,154,5.2,1,15.6,2.75
2024-04-13 00:54:22,139,232,2.17,1,10.09,2.75
2024-04-07 21:15:35,166,160,3.54,2,11.17,2.75
2024-04-02 20:41:27,169,51,4.29,1,16.92,2.75
2024-04-09 01:46:30,257,215,0.63,5,4.42,2.75
2024-04-13 00:48:39,124,108,4.11,1,14.17,2.75
2024-04-22 00:57:00,38,204,3.16,1,13.83,0.0
2024-04-30 18:56:57,249,215,0.8,1,3.0,0.0
2024-04-14 20:31:53,237,28,0.97,5,6.91,2.75
2024-04-29 21:59:22,98,176,2.53,1,11.26,2.75
2024-04-20 19:54:39,60,72,1.99,1,8.55,0.0
2024-04-06 05:38:02,19,71,2.51,1,10.73,2.75
2024-04-09 17:33:00,124,51,4.03,1,11.32,2.75
2024-04-11 16:35:33,226,84,1.09,1,5.54,2.75
2024-04-14 02:05:00,100,54,4.3,1,15.17,2.75
2024-04-30 20:24:32,17,123,6.47,1,25.26,2.75
2024-04-09 02:29:09,248,227,0.51,2,3.0,2.75
2024-04-19 17:08:53,80,17,2.11,1,5.13,2.75
2024-04-09 18:29:18,85,220,1.63,1,7.75,2.75
2024-04-25 03:35:08,29,72,2.48,1,9.84,2.75
2024-04-11 17:30:28,134,114,3.84,1,13.13,2.75
2024-04-22 04:01:04,194,129,1.23,1,3.34,2.75
2024-04-02 00:27:54,119,105,1.0,1,3.7,0.0
2024-04-14 09:22:01,191,64,5.07,1,16.65,2.75
2024-04-15 15:46:50,153,152,4.55,1,15.95,0.0
2024-04-18 10:01:35,132,227,2.66,1,6.66,0.0
2024-04-13 18:19:39,8,200,2.94,3,14.03,2.75
2024-04-19 09:19:39,134,69,1.6,1,10.36,0.0
2024-04-22 17:14:45,192,32,1.9,3,6.05,2.75
2024-04-15 07:30:35,91,1,1.85,1,5.34,2.75
2024-04-29 15:47:16,249,194,5.04,1,15.62,0.0
2024-04-26 16:29:29,252,234,3.34,3,13.83,0.0
2024-04-02 16:35:01,63,204,5.08,2,17.43,2.75
2024-04-09 16:48:47,216,74,3.63,1,13.17,2.75
2024-04-02 00:44:27,134,152,3.26,1,15.78,2.75
2024-04-01 14:52:00,107,147,1.85,1,8.56,2.75
2024-04-25 20:50:16,161,51,2.26,1,11.4,2.75
2024-04-27 01:03:05,258,258,8.14,1,28.65,0.0
2024-04-11 22:18:59,16,10,3.5,3,13.63,2.75
2024-04-11 22:33:49,59,103,3.1,1,9.41,0.0
2024-04-02 12:45:16,9,134,0.69,1,4.64,2.75
2024-04-01 18:52:32,197,190,4.39,1,14.56,2.75
2024-04-10 04:15:22,117,66,4.55,1,16.91,2.75
2024-04-19 02:54:07,10,187,4.61,1,18.31,2.75
2024-04-11 13:32:17,7,136,0.83,1,3.0,0.0
2024-04-13 10:12:48,194,95,1.75,1,7.71,2.75
2024-04-20 12:20:18,123,187,2.12,1,10.99,0.0
2024-04-03 22:36:06,63,232,6.63,2,25.71,0.0
2024-04-27 07:26:02,4,206,14.31,3,42.31,2.75
2024-04-28 22:59:05,250,233,2.37,1,9.12,2.75
2024-04-12 03:17:19,130,63,3.33,3,13.1,2.75
2024-04-20 09:36:17,75,56,0.53,2,4.11,2.75
2024-04-03 09:05:32,254,49,0.53,2,3.0,0.0
2024-04-08 12:31:54,167,27,0.77,2,3.0,2.75
2024-04-24 16:45:37,201,82,4.95,1,17.07,2.75
2024-04-22 12:27:48,168,230,1.19,1,3.49,2.75
2024-04-13 20:27:08,51,36,5.46,1,18.59,2.75
2024-04-06 12:39:23,56,220,2.48,5,11.78,2.75
2024-04-02 23:51:03,73,234,7.14,1,26.09,0.0
2024-04-06 22:34:39,88,157,7.65,1,26.45,2.75
2024-04-09 03:48:34,52,79,7.92,5,30.38,2.75
2024-04-04 15:49:21,125,236,3.24,1,15.67,0.0
2024-04-18 08:24:50,262,28,5.94,2,18.19,2.75
2024-04-06 03:30:05,63,192,4.3,1,15.54,2.75
2024-04-09 10:24:26,36,152,1.22,1,8.91,2.75
2024-04-27 02:02:29,9,101,2.18,1,10.71,2.75
2024-04-08 00:01:58,241,47,11.98,1,40.89,2.75
2024-04-12 11:16:15,90,17,5.68,1,19.84,2.75
2024-04-21 12:15:47,205,12,1.57,1,3.0,2.75
2024-04-07 10:19:28,211,261,1.65,1,9.95,0.0
2024-04-14 18:48:08,207,254,1.53,1,7.92,2.75
2024-04-24 12:12:52,94,15,1.9,1,6.58,0.0
2024-04-30 15:05:09,199,25,9.72,1,31.06,2.75
2024-04-09 06:09:01,169,163,2.49,1,10.73,2.75
2024-04-11 19:40:36,227,108,2.09,4,6.02,0.0
2024-04-27 02:24:20,4,63,1.46,1,10.14,2.75
2024-04-28 11:21:24,98,243,8.3,1,26.78,0.0
2024-04-28 02:24:47,193,116,11.54,2,35.13,2.75
2024-04-07 02:06:22,224,22,1.87,2,11.75,0.0
2024-04-14 14:45:03,67,106,3.86,4,11.71,2.75
2024-04-12 14:56:21,138,130,11.63,3,36.09,2.75
2024-04-19 04:47:44,239,126,2.92,1,11.58,2.75
2024-04-06 00:10:36,4,228,2.71,1,10.7,2.75
2024-04-17 11:33:29,102,261,3.13,1,11.65,2.75
2024-04-19 15:25:19,44,28,0.62,2,4.85,2.75
2024-04-17 19:13:47,119,15,1.75,1,7.2,0.0
2024-04-26 14:11:39,188,183,4.7,1,14.91,2.75
2024-04-25 09:34:22,231,210,12.41,1,44.76,0.0
2024-04-30 21:05:17,190,14,3.44,1,16.81,2.75
2024-04-26 22:39:20,110,32,1.24,2,5.3,0.0
2024-04-08 14:42:09,106,44,2.45,1,8.26,2.75
2024-04-11 09:38:48,165,116,2.86,1,12.32,2.75
2024-04-05 00:27:18,126,123,1.08,1,6.16,2.75
2024-04-18 19:18:02,98,102,1.9,1,3.04,0.0
2024-04-28 14:25:03,120,4,2.56,1,8.94,0.0
2024-04-12 09:38:00,143,190,1.56,1,3.0,2.75
2024-04-16 03:15:29,195,203,2.03,1,7.34,0.0
2024-04-17 23:46:02,130,238,1.63,1,8.76,0.0
2024-04-07 21:36:36,104,59,3.82,1,14.58,2.75
2024-04-26 17:07:38,93,145,3.52,1,9.01,0.0
2024-04-28 13:34:25,222,4,3.31,1,11.8,0.0
2024-04-25 17:51:25,200,260,0.86,2,5.86,2.75
2024-04-23 05:57:24,258,241,1.21,3,8.26,0.0
2024-04-22 22:24:12,10,229,0.91,1,5.37,2.75
2024-04-09 13:21:10,171,140,0.73,2,5.36,2.75
2024-04-17 04:39:15,101,54,1.49,1,5.8,2.75
2024-04-13 16:53:04,110,63,1.26,5,5.07,2.75
2024-04-07 01:22:23,247,143,5.02,1,16.54,2.75
2024-04-23 18:55:46,244,56,4.67,1,16.54,2.75
2024-04-05 08:50:03,23,73,1.29,1,3.17,0.0
2024-04-18 07:19:26,225,97,1.13,1,3.38,2.75
2024-04-16 12:15:24,262,80,1.05,1,6.5,2.75
2024-04-29 01:28:39,21,130,1.85,1,7.81,0.0
2024-04-12 21:41:52,120,13,1.72,1,5.69,0.0
2024-04-10 02:37:49,120,248,0.6,1,4.42,2.75
2024-04-17 08:45:06,198,5,3.44,2,11.45,0.0
2024-04-28 11:45:24,136,32,8.49,1,28.68,0.0
2024-04-27 09:49:28,77,181,3.21,1,12.42,0.0
2024-04-06 14:42:28,58,106,0.73,1,4.27,0.0
2024-04-07 14:09:45,86,237,3.7,1,11.38,2.75
2024-04-13 11:14:40,1,21,2.82,1,9.32,2.75
2024-04-14 04:39:47,77,225,8.81,1,27.51,0.0
2024-04-07 08:12:09,10,203,2.08,3,6.42,0.0
2024-04-27 16:49:55,69,41,5.38,1,18.77,2.75
2024-04-04 12:44:16,148,161,0.64,1,4.93,2.75
2024-04-06 20:38:33,62,232,4.97,1,19.58,2.75
2024-04-05 06:52:51,13,136,0.65,2,4.21,2.75
2024-04-06 14:56:14,186,33,1.98,1,8.52,2.75
2024-04-03 08:15:46,165,29,10.85,2,33.47,2.75
2024-04-02 11:46:13,10,57,4.75,2,16.27,0.0
2024-04-26 13:00:10,259,180,9.57,1,31.99,0.0
2024-04-09 06:02:03,162,126,2.9,1,11.02,0.0
2024-04-16 14:26:02,196,124,3.76,1,18.19,2.75
2024-04-11 17:37:25,34,253,3.05,4,9.9,2.75
2024-04-02 05:59:26,160,258,2.78,5,7.47,0.0
2024-04-09 00:33:07,85,90,3.52,2,11.39,2.75
2024-04-03 01:14:57,58,18,0.64,1,7.54,2.75
2024-04-09 04:05:06,25,219,1.22,1,9.02,2.75
2024-04-17 15:59:37,36,178,1.35,1,5.92,2.75
2024-04-04 19:47:33,114,209,2.19,1,9.22,2.75
2024-04-08 01:39:44,105,15,2.5,1,12.13,0.0
2024-04-08 22:27:08,93,235,5.21,1,20.51,0.0
2024-04-21 17:01:30,89,135,1.13,2,3.0,0.0
2024-04-09 19:13:17,163,209,3.45,2,13.5,2.75
2024-04-02 06:34:38,38,211,1.61,1,10.33,0.0
2024-04-14 06:00:18,92,155,3.04,1,12.5,0.0
2024-04-06 03:04:52,119,40,3.95,2,10.62,2.75
2024-04-08 23:20:39,211,160,3.56,3,17.56,2.75
2024-04-26 18:20:15,160,144,1.35,1,7.96,2.75
2024-04-25 17:47:10,101,191,4.83,2,14.11,2.75
2024-04-27 02:52:06,179,222,4.21,3,14.05,0.0
2024-04-09 23:18:48,23,242,9.91,1,33.72,2.75
2024-04-08 21:38:21,32,86,4.02,1,13.77,2.75
2024-04-28 06:19:44,138,180,4.96,1,20.13,2.75
2024-04-14 09:31:40,81,80,6.33,2,23.28,0.0
2024-04-17 20:16:02,195,49,0.89,2,6.12,2.75
2024-04-25 03:51:55,93,154,4.67,3,14.83,2.75
2024-04-13 11:29:41,46,179,1.84,2,8.71,2.75
2024-04-15 10:52:36,27,243,6.56,1,26.49,2.75
2024-04-12 07:33:22,162,9,2.79,1,12.21,2.75
2024-04-26 08:28:47,101,192,3.54,1,14.62,2.75
2024-04-23 07:49:05,187,90,1.56,1,4.45,2.75
2024-04-29 00:14:16,194,2,4.18,1,14.3,2.75
2024-04-20 20:09:45,158,3,0.63,1,4.49,2.75
2024-04-20 08:00:11,9,195,5.33,1,18.67,2.75
2024-04-16 16:15:59,212,243,1.12,1,7.91,2.75
2024-04-23 19:53:38,167,165,1.4,1,4.46,2.75
2024-04-25 19:59:35,111,213,0.5,1,4.54,2.75
2024-04-19 16:48:57,203,195,1.81,1,8.22,2.75
2024-04-09 19:05:04,248,56,2.22,1,11.95,2.75
2024-04-13 16:29:01,65,105,1.43,1,7.31,2.75
2024-04-20 19:29:02,203,213,1.42,2,5.69,0.0
2024-04-18 18:07:18,161,154,8.32,2,23.27,2.75
2024-04-01 01:43:40,133,216,1.88,1,7.86,2.75
2024-04-08 03:08:59,178,46,4.98,2,17.53,2.75
2024-04-09 05:15:14,193,181,1.45,1,6.65,0.0
2024-04-23 07:38:57,60,60,6.29,1,23.95,0.0
2024-04-02 11:27:16,205,244,4.46,2,17.27,2.75
2024-04-30 02:01:13,155,226,5.44,1,17.81,2.75
2024-04-22 13:34:56,72,32,2.53,1,8.97,2.75
2024-04-04 06:07:33,156,175,7.91,1,26.6,2.75
2024-04-25 22:27:58,173,94,2.14,1,6.77,2.75
2024-04-24 21:05:26,62,130,3.71,1,13.19,0.0
2024-04-05 01:08:26,205,151,4.08,3,14.73,2.75
2024-04-05 09:59:58,60,252,11.15,1,34.49,0.0
2024-04-28 02:09:27,86,139,1.01,1,5.07,2.75
2024-04-10 08:17:29,143,112,1.01,1,3.84,0.0
2024-04-19 18:53:21,7,158,2.67,1,15.59,2.75
2024-04-06 01:51:41,179,57,9.25,1,33.64,2.75
2024-04-27 10:36:52,227,190,0.58,1,3.65,0.0
2024-04-01 02:52:52,7,33,1.63,1,5.37,2.75
2024-04-06 18:51:40,140,1,1.67,4,3.0,0.0
2024-04-14 07:03:46,14,131,1.77,1,4.95,2.75
2024-04-04 20:37:57,34,9,0.59,2,6.18,0.0
2024-04-28 11:52:59,240,32,6.61,1,22.06,2.75
2024-04-22 20:06:20,97,77,0.53,1,4.62,2.75
2024-04-09 06:37:10,126,95,2.77,3,11.95,2.75
2024-04-02 02:37:36,34,185,0.7,1,3.72,2.75
2024-04-30 04:27:09,18,23,6.11,1,23.11,2.75
2024-04-10 04:08:59,68,117,5.3,1,19.42,2.75
2024-04-03 13:46:08,237,30,4.97,1,17.03,0.0
2024-04-10 12:19:53,80,74,5.16,1,17.79,0.0
2024-04-03 09:42:26,86,230,10.36,1,35.82,2.75
2024-04-21 03:06:44,60,263,2.39,1,11.28,0.0
2024-04-18 01:16:40,48,39,7.42,1,21.81,2.75
2024-04-19 08:33:22,179,104,1.21,1,8.63,2.75
2024-04-24 23:45:45,84,194,2.6,1,10.89,0.0
2024-04-18 02:58:05,95,143,0.53,1,3.25,2.75
2024-04-08 12:07:11,252,202,1.67,1,5.73,2.75
2024-04-20 23:13:04,180,207,2.64,4,9.95,2.75
2024-04-10 07:37:44,84,34,8.9,1,29.16,0.0
2024-04-04 04:10:44,150,261,1.83,2,6.16,2.75
2024-04-27 16:18:49,39,83,4.41,1,16.36,0.0
2024-04-22 20:27:13,113,263,6.78,2,20.47,2.75
2024-04-06 10:18:12,127,238,1.88,1,3.27,0.0
2024-04-01 21:55:44,41,172,1.15,1,6.08,0.0
2024-04-30 09:53:28,158,186,3.63,1,14.46,0.0
2024-04-23 23:30:49,206,42,1.67,1,9.27,2.75
2024-04-23 23:15:40,47,228,4.2,2,17.47,2.75
2024-04-08 03:05:29,185,262,1.01,1,3.0,2.75
2024-04-11 15:16:05,72,132,1.08,2,6.19,2.75
2024-04-19 16:40:26,57,97,4.44,3,17.63,2.75
2024-04-30 23:05:44,239,53,13.21,2,42.25,2.75
2024-04-13 02:12:13,62,194,1.49,2,6.85,2.75
2024-04-22 13:40:18,57,173,4.88,1,18.12,2.75
2024-04-20 23:08:51,243,193,3.16,2,14.2,2.75
2024-04-04 02:57:41,124,145,7.0,3,23.53,2.75
2024-04-15 13:35:15,153,145,2.22,1,9.73,0.0
2024-04-07 19:25:10,255,260,12.98,2,40.06,2.75
2024-04-27 09:51:32,217,15,0.8,2,3.29,2.75
2024-04-10 10:39:42,232,216,15.12,1,44.82,0.0
2024-04-06 13:09:27,17,108,7.05,1,19.98,2.75
2024-04-14 06:30:15,80,256,7.55,3,26.26,0.0
2024-04-19 07:55:50,176,79,6.97,1,23.12,2.75
2024-04-27 08:04:20,39,18,7.43,5,24.49,0.0
2024-04-22 14:45:40,143,213,6.41,1,23.16,2.75
2024-04-14 10:35:41,17,209,8.54,1,31.81,2.75
2024-04-24 22:06:16,249,11,2.66,1,10.67,0.0
2024-04-11 17:56:07,35,146,10.31,2,31.03,2.75
2024-04-16 10:30:09,146,35,2.2,1,9.23,0.0
2024-04-06 04:45:58,215,55,5.06,1,19.4,0.0
2024-04-07 10:57:53,165,28,4.84,1,13.53,0.0
2024-04-16 00:48:18,111,164,6.52,1,24.43,2.75
2024-04-03 21:34:43,135,109,5.19,1,16.23,0.0
2024-04-01 00:40:38,74,24,0.63,1,7.23,2.75
2024-04-29 09:13:11,156,161,5.2,2,17.82,0.0
2024-04-05 19:40:28,215,165,0.58,1,3.0,0.0
2024-04-21 07:18:18,148,112,3.17,1,13.13,0.0
2024-04-06 09:16:33,31,73,6.89,2,21.79,2.75
2024-04-14 20:23:51,14,50,6.69,1,17.88,2.75
2024-04-10 06:20:58,23,111,6.94,1,22.77,0.0
2024-04-17 13:28:08,2,13,3.73,1,16.99,0.0
2024-04-22 19:53:26,178,71,1.21,1,4.56,2.75
2024-04-12 06:20:48,59,201,2.98,2,8.0,2.75
2024-04-25 20:43:11,176,24,3.04,1,9.48,2.75
2024-04-08 23:39:23,172,214,1.87,1,6.93,2.75
2024-04-12 12:27:42,83,147,2.43,2,12.81,0.0
2024-04-12 23:08:07,223,174,7.7,1,22.1,2.75
2024-04-29 23:24:33,35,5,3.05,1,11.01,2.75
2024-04-29 02:01:18,110,7,4.77,1,14.16,0.0
2024-04-07 16:07:15,235,211,2.9,1,12.12,2.75
2024-04-09 23:44:51,39,240,3.86,5,16.21,0.0
2024-04-13 10:38:11,219,4,0.84,2,5.85,2.75
2024-04-19 21:01:05,217,202,9.88,1,32.48,0.0
2024-04-24 22:27:31,194,106,2.5,1,7.66,2.75
2024-04-15 17:33:11,163,40,5.33,3,17.62,2.75
2024-04-24 16:51:58,116,65,4.35,2,15.64,0.0
2024-04-22 18:26:26,161,35,6.12,4,23.65,0.0
2024-04-06 16:07:53,89,44,0.62,1,3.0,2.75
2024-04-20 07:31:53,141,263,10.09,1,31.27,2.75
2024-04-11 07:05:15,174,150,6.7,4,23.11,2.75
2024-04-27 16:46:29,201,65,6.78,1,25.39,0.0
2024-04-18 10:17:39,113,32,2.7,3,9.25,2.75
2024-04-18 07:58:08,174,164,6.07,1,25.15,2.75
2024-04-23 23:15:09,74,161,3.5,2,11.72,2.75
2024-04-11 04:34:40,125,82,2.95,1,9.1,0.0
2024-04-15 12:58:44,24,42,5.88,1,19.41,2.75
2024-04-28 03:15:39,32,199,3.96,1,12.68,2.75
2024-04-11 13:44:17,254,207,0.78,2,5.14,2.75
2024-04-18 00:29:26,113,110,1.82,1,9.61,0.0
2024-04-08 13:00:31,195,132,3.91,5,15.74,2.75
2024-04-19 07:26:31,16,231,8.69,1,30.13,0.0
2024-04-14 12:07:07,212,72,9.96,2,31.65,2.75
2024-04-21 23:22:26,108,124,6.89,1,23.35,2.75
2024-04-11 00:59:55,24,197,1.53,1,4.0,2.75
2024-04-11 11:18:31,119,107,2.74,1,8.65,2.75
2024-04-20 09:11:28,181,143,2.49,2,11.93,0.0
2024-04-19 15:38:48,38,51,2.52,1,9.65,2.75
2024-04-25 22:19:07,233,123,0.68,2,4.43,2.75
2024-04-08 23:01:33,69,50,1.17,1,6.75,0.0
2024-04-19 11:38:43,82,39,1.08,1,3.0,0.0
2024-04-04 08:11:55,118,166,3.86,1,14.69,0.0
2024-04-04 03:02:33,50,36,2.36,1,8.67,2.75
2024-04-18 23:12:03,157,109,1.87,2,9.69,2.75
2024-04-04 11:26:14,74,243,2.55,3,9.93,2.75
2024-04-14 10:12:20,183,124,1.87,3,6.17,2.75
2024-04-16 19:39:29,106,223,5.46,1,18.37,0.0
2024-04-17 08:21:22,189,19,1.14,4,3.47,2.75
2024-04-29 16:32:42,87,37,0.7,2,7.22,2.75
2024-04-21 03:27:14,172,217,4.18,1,15.78,2.75
2024-04-08 10:42:21,252,101,1.42,3,8.94,2.75
2024-04-18 03:41:47,144,193,4.11,1,16.59,0.0
2024-04-10 11:33:47,185,85,0.71,1,3.09,2.75
2024-04-08 09:15:00,154,233,1.49,3,7.3,0.0
2024-04-20 04:37:55,118,39,1.08,3,6.47,2.75
2024-04-28 18:14:47,255,42,1.7,1,8.99,2.75
2024-04-03 03:32:05,241,190,1.9,1,9.59,2.75
2024-04-14 12:50:24,171,107,2.89,1,10.26,2.75
2024-04-18 06:28:37,105,157,3.07,2,12.95,0.0
2024-04-12 04:36:34,36,225,3.98,2,15.14,0.0
2024-04-07 15:31:21,66,18,1.91,1,6.46,2.75
2024-04-25 19:14:18,185,60,3.16,1,10.76,2.75
2024-04-15 03:34:25,190,142,16.66,3,53.71,2.75
2024-04-24 12:03:44,155,118,1.33,2,6.32,2.75
2024-04-20 06:18:18,227,168,1.08,2,5.56,2.75
2024-04-07 15:44:47,141,192,6.97,1,22.03,2.75
2024-04-25 23:28:36,76,29,2.35,2,11.66,2.75
2024-04-29 10:24:35,146,157,7.07,1,26.37,2.75
2024-04-07 02:41:29,38,19,2.43,1,8.58,2.75
2024-04-23 07:58:06,262,90,0.58,1,5.87,2.75
2024-04-08 19:33:41,126,110,2.14,2,10.2,2.75
2024-04-24 21:55:28,92,58,3.8,2,12.86,2.75
2024-04-30 12:54:45,261,116,2.58,4,9.16,2.75
2024-04-25 11:43:09,108,40,2.65,1,11.85,0.0
2024-04-18 09:14:56,45,121,22.85,1,67.61,2.75
2024-04-19 18:04:55,2,110,3.25,3,7.99,2.75
2024-04-08 05:23:45,201,205,4.68,2,19.05,2.75
2024-04-04 16:25:16,90,159,4.97,1,17.51,2.75
2024-04-13 10:20:13,215,95,0.5,1,4.87,2.75
2024-04-06 17:50:21,115,34,3.31,2,17.35,2.75
2024-04-01 06:25:19,92,242,12.04,1,39.07,2.75
2024-04-09 02:51:17,186,149,5.36,2,19.45,2.75
2024-04-15 19:16:05,260,103,1.96,1,7.96,2.75
2024-04-17 21:01:11,158,217,2.09,1,7.89,0.0
2024-04-23 00:50:43,57,165,1.77,1,5.47,2.75
2024-04-03 16:08:02,47,168,3.98,1,15.62,0.0
2024-04-23 19:28:03,222,20,0.86,1,5.32,2.75
2024-04-06 12:15:13,108,109,1.7,1,5.71,0.0
2024-04-19 21:47:49,180,199,2.91,1,13.18,0.0
2024-04-13 08:19:37,177,233,3.18,1,11.02,2.75
2024-04-25 14:29:46,180,172,3.77,1,14.03,2.75
2024-04-23 22:14:00,37,184,6.08,1,21.89,2.75
2024-04-29 22:46:34,63,218,1.12,1,6.36,2.75
2024-04-17 04:12:21,246,17,1.39,1,6.33,2.75
2024-04-28 20:04:31,178,42,7.7,1,22.96,0.0
2024-04-26 14:14:02,67,156,6.73,1,23.19,2.75
2024-04-13 05:09:34,208,21,6.53,1,24.1,2.75
2024-04-06 21:12:57,38,151,1.32,1,4.2,2.75
2024-04-30 14:07:51,119,111,0.71,1,3.0,0.0
2024-04-20 02:20:24,26,128,3.09,1,14.75,2.75
2024-04-03 02:41:22,6,52,7.64,1,23.47,2.75
2024-04-25 06:18:26,233,75,1.45,1,5.76,2.75
2024-04-16 17:42:47,114,88,8.71,1,28.05,0.0
2024-04-24 20:36:09,134,20,1.03,1,7.26,2.75
2024-04-29 13:48:56,178,69,1.74,1,4.9,0.0
2024-04-05 05:19:18,25,170,1.74,1,7.17,0.0
2024-04-23 18:41:02,48,154,1.07,1,3.41,2.75
2024-04-18 14:28:30,72,106,7.72,1,29.8,2.75
2024-04-20 04:39:14,201,219,2.36,1,8.38,2.75
2024-04-19 17:46:17,33,95,1.24,1,4.28,0.0
2024-04-10 10:12:36,97,246,1.06,1,4.26,2.75
2024-04-11 11:05:22,45,108,2.41,2,9.36,2.75
2024-04-13 05:18:08,263,237,0.56,2,4.49,2.75
2024-04-14 10:52:00,70,29,0.95,3,6.78,2.75
2024-04-27 22:54:57,218,63,0.51,1,3.0,2.75
2024-04-03 12:25:22,207,15,0.59,1,3.0,2.75
2024-04-28 11:51:28,172,238,21.3,1,62.27,0.0
2024-04-08 18:53:30,246,9,2.59,1,8.11,2.75
2024-04-15 07:34:33,256,1,5.07,1,16.48,2.75
2024-04-23 08:32:36,5,121,5.18,1,21.13,2.75
2024-04-26 10:02:23,10,9,7.93,1,26.44,2.75
2024-04-14 01:08:07,230,184,0.88,4,4.45,2.75
2024-04-08 09:36:35,55,148,3.11,1,14.9,0.0
2024-04-20 20:42:06,41,238,1.86,1,7.55,0.0
2024-04-05 21:55:02,138,258,3.28,1,10.66,0.0
2024-04-21 14:31:01,115,257,1.91,1,6.61,2.75
2024-04-03 15:29:12,63,19,1.21,1,3.91,0.0
2024-04-26 06:51:05,34,18,4.41,2,14.13,2.75
2024-04-16 21:52:14,252,127,0.64,1,4.52,2.75
2024-04-09 16:40:47,197,214,8.4,1,27.31,2.75
2024-04-03 09:28:44,252,207,1.05,3,7.75,2.75
2024-04-10 17:48:08,62,188,3.84,1,14.69,2.75
2024-04-22 05:00:13,225,16,5.41,1,20.7,2.75
2024-04-08 05:03:51,54,141,0.77,1,7.58,0.0
2024-04-03 20:36:08,159,6,8.68,1,30.07,0.0
2024-04-23 07:03:18,25,175,2.04,3,6.91,0.0
2024-04-24 11:34:11,237,15,20.53,1,63.73,2.75
2024-04-22 04:27:19,100,128,0.75,1,7.02,2.75
2024-04-10 07:21:09,228,14,4.92,4,20.21,0.0
2024-04-25 05:11:57,178,249,1.11,1,6.25,2.75
2024-04-01 19:05:45,155,34,2.3,1,13.47,2.75
2024-04-19 14:59:41,239,20,2.55,1,9.31,0.0
2024-04-21 07:08:22,143,250,2.32,2,10.28,2.75
2024-04-06 15:30:43,17,195,1.94,2,5.55,2.75
2024-04-13 17:27:08,5,238,5.6,1,19.64,2.75
2024-04-12 17:06:27,11,103,6.5,2,23.5,2.75
2024-04-19 11:02:08,208,243,1.93,2,10.98,0.0
2024-04-07 23:58:50,81,215,2.81,3,5.48,2.75
2024-04-30 19:00:00,33,243,2.42,1,6.88,2.75
2024-04-01 04:00:25,159,77,3.65,1,12.52,0.0
2024-04-04 15:07:05,115,121,1.07,1,3.0,2.75
2024-04-01 21:29:07,217,40,6.23,1,21.59,2.75
2024-04-20 00:59:41,261,29,6.08,1,24.22,2.75
2024-04-06 23:21:06,158,232,3.62,1,12.74,0.0
2024-04-13 17:18:26,45,145,5.3,2,20.13,0.0
2024-04-17 02:36:59,120,249,16.13,3,50.93,2.75
2024-04-16 11:16:48,215,93,9.45,1,29.18,2.75
2024-04-08 21:40:51,128,85,3.81,1,11.6,2.75
2024-04-11 23:50:56,254,246,3.01,1,12.91,2.75
2024-04-19 00:33:49,38,75,3.18,1,13.39,2.75
2024-04-20 23:20:12,210,151,2.7,1,10.72,2.75
2024-04-29 01:38:52,94,135,2.79,2,11.31,2.75
2024-04-27 05:21:27,29,190,5.11,3,21.55,2.75
2024-04-23 12:24:46,164,34,17.45,3,57.94,2.75
2024-04-22 19:19:58,137,105,0.66,5,3.0,0.0
2024-04-05 18:50:37,23,51,1.42,1,3.65,2.75
2024-04-21 19:40:06,131,172,1.33,3,7.87,0.0
2024-04-07 21:52:11,86,70,6.76,1,19.65,2.75
2024-04-01 08:07:31,184,208,2.4,1,10.52,2.75
2024-04-21 21:00:29,237,96,3.11,1,13.91,2.75
2024-04-12 05:49:48,184,58,2.72,1,9.2,0.0
2024-04-19 07:41:44,159,120,7.23,1,24.1,2.75
2024-04-05 14:53:05,11,171,2.92,1,12.54,0.0
2024-04-19 23:04:59,42,111,4.36,2,14.65,2.75
2024-04-20 13:49:28,235,61,0.57,1,6.04,0.0
2024-04-17 00:49:47,131,256,4.2,1,14.61,0.0
2024-04-07 03:02:05,185,156,1.46,3,7.77,0.0
2024-04-04 17:37:50,14,185,7.56,1,22.15,0.0
2024-04-14 19:45:41,254,41,5.37,4,18.74,2.75
2024-04-19 03:33:01,147,201,0.91,1,6.26,0.0
2024-04-13 19:41:06,60,50,0.88,3,3.83,2.75
2024-04-17 18:09:14,160,90,1.71,4,6.23,2.75
2024-04-12 18:52:44,26,237,0.97,1,7.45,2.75
2024-04-06 16:09:27,65,154,5.22,1,19.54,2.75
2024-04-17 04:57:52,70,180,15.65,1,49.76,2.75
2024-04-28 11:55:40,173,88,4.23,1,16.34,2.75
2024-04-04 12:03:07,225,105,1.5,1,3.73,2.75
2024-04-20 21:54:02,153,73,3.41,1,12.86,2.75
2024-04-05 23:53:20,40,257,6.23,2,19.45,0.0
2024-04-25 00:17:58,146,134,11.96,1,38.31,2.75
2024-04-29 10:22:05,98,236,0.52,1,3.0,2.75
2024-04-17 11:17:14,248,109,3.1,2,12.97,2.75
2024-04-19 01:47:18,12,137,2.61,2,8.13,0.0
2024-04-19 11:38:32,24,235,2.37,1,14.84,2.75
2024-04-06 02:02:58,225,59,2.95,1,11.19,2.75
2024-04-09 01:54:10,245,42,2.31,1,8.43,2.75
2024-04-17 15:30:41,171,248,1.98,1,8.09,0.0
2024-04-01 12:00:37,32,50,0.93,1,3.0,0.0
2024-04-24 04:03:32,114,173,2.92,5,11.02,2.75
2024-04-20 04:01:34,209,162,6.52,2,23.86,2.75
2024-04-10 02:09:05,35,67,0.89,1,6.1,2.75
2024-04-13 01:53:57,205,221,5.19,1,17.04,2.75
2024-04-27 05:56:24,65,167,1.59,3,10.08,2.75
2024-04-16 06:44:34,98,171,2.18,1,7.82,0.0
2024-04-21 01:55:21,185,223,16.0,1,49.69,0.0
2024-04-01 13:22:47,238,167,4.44,4,14.04,0.0
2024-04-16 00:03:01,232,85,4.94,1,14.64,2.75
2024-04-16 22:45:58,109,115,3.73,1,15.6,2.75
2024-04-28 02:55:02,178,50,1.86,1,6.63,2.75
2024-04-17 22:40:11,249,218,4.44,5,16.17,2.75
2024-04-22 13:20:05,5,259,2.64,1,9.31,2.75
2024-04-12 23:39:52,157,136,6.74,5,25.04,2.75
2024-04-12 03:08:51,230,96,3.46,1,14.77,0.0
2024-04-11 05:25:13,116,169,5.66,1,16.52,2.75
2024-04-16 05:56:34,261,225,7.11,1,24.37,0.0
2024-04-30 00:37:17,127,187,6.52,1,22.12,2.75
2024-04-28 08:52:22,28,243,2.3,5,11.28,2.75
2024-04-26 17:12:41,228,27,2.11,5,9.32,2.75
2024-04-22 11:29:28,129,151,7.62,1,27.46,0.0
2024-04-29 13:26:17,29,199,1.04,1,7.17,2.75
2024-04-08 21:37:02,179,227,1.65,1,8.42,2.75
2024-04-25 09:38:32,164,196,0.95,1,7.18,2.75
2024-04-29 11:56:12,160,221,0.65,2,3.58,2.75
2024-04-01 02:05:43,25,228,3.85,3,13.42,2.75
2024-04-11 08:14:03,145,67,8.59,1,31.21,2.75
2024-04-29 20:41:31,175,98,0.99,1,7.62,2.75
2024-04-10 16:55:37,8,15,6.06,2,22.25,2.75
2024-04-15 21:38:09,109,114,2.17,3,9.97,0.0
2024-04-10 20:11:02,129,104,3.87,1,10.64,2.75
2024-04-10 04:50:43,2,193,5.55,1,20.06,2.75
2024-04-04 04:40:16,10,214,4.83,1,16.58,2.75
2024-04-10 16:11:27,117,145,1.01,1,7.75,0.0
2024-04-23 01:43:50,11,97,0.93,3,4.64,0.0
2024-04-13 20:41:30,96,52,9.53,3,25.43,2.75
2024-04-12 15:31:38,93,58,0.79,2,5.94,0.0
2024-04-12 04:23:40,102,209,1.36,1,6.02,2.75
2024-04-08 08:40:24,98,185,2.52,1,9.67,2.75
2024-04-07 21:17:47,156,166,6.52,2,22.08,2.75
2024-04-24 16:55:49,145,69,3.73,1,16.33,2.75
2024-04-26 11:33:20,211,123,3.46,3,17.3,0.0
2024-04-28 10:06:24,155,37,4.62,2,16.45,2.75
2024-04-19 21:13:49,242,235,6.17,5,19.2,2.75
2024-04-27 12:22:18,76,75,1.43,1,3.0,2.75
2024-04-13 02:22:38,175,108,0.57,3,7.93,0.0
2024-04-23 02:00:10,111,174,0.98,5,9.85,2.75
2024-04-04 23:12:55,18,118,1.13,3,3.2,2.75
2024-04-12 12:10:33,238,144,0.64,1,4.92,2.75
2024-04-04 13:36:16,198,159,5.32,4,18.63,2.75
2024-04-18 04:57:10,162,241,8.07,2,23.33,0.0
2024-04-01 23:46:31,200,47,4.84,1,17.67,2.75
2024-04-12 22:51:13,234,102,1.23,1,7.44,2.75
2024-04-27 08:29:21,43,124,3.76,1,13.2,0.0
2024-04-19 11:35:25,82,184,3.07,1,12.03,2.75
2024-04-29 10:11:26,27,164,6.5,1,22.99,2.75
2024-04-24 16:26:56,69,170,10.48,2,33.87,0.0
2024-04-22 17:25:32,199,82,5.25,1,17.65,2.75
2024-04-24 06:48:38,216,147,3.01,4,10.89,2.75
2024-04-06 14:32:11,124,135,3.0,1,12.72,0.0
2024-04-17 17:02:54,16,158,6.27,2,22.35,2.75
2024-04-23 14:02:10,126,203,0.96,2,7.34,0.0
2024-04-11 07:56:06,14,120,1.08,1,6.3,0.0
2024-04-29 06:18:22,39,29,1.97,2,10.02,2.75
2024-04-23 08:30:30,199,162,5.31,1,21.36,2.75
2024-04-08 08:09:58,108,162,0.74,1,3.0,2.75
2024-04-01 17:37:54,40,2,1.98,1,9.16,2.75
2024-04-24 23:23:27,69,47,1.84,1,8.67,2.75
2024-04-08 22:14:33,152,100,2.83,4,9.36,2.75
2024-04-22 12:00:00,187,224,2.68,1,12.03,2.75
2024-04-29 14:31:32,241,57,4.89,1,16.82,2.75
2024-04-22 12:17:06,227,122,3.94,2,13.93,0.0
2024-04-13 17:36:48,204,145,8.66,1,25.01,2.75
2024-04-30 00:02:57,118,154,1.2,2,6.11,2.75
2024-04-07 08:20:42,222,138,2.48,1,10.18,2.75
2024-04-13 12:24:18,63,39,2.29,1,11.44,2.75
2024-04-19 17:23:01,5,148,0.92,3,7.39,0.0
2024-04-08 00:32:56,145,15,1.13,1,5.6,2.75
2024-04-07 05:59:49,150,232,1.94,4,9.55,2.75
2024-04-27 15:51:45,159,113,5.15,1,19.94,2.75
2024-04-19 23:51:29,11,139,1.07,1,4.67,2.75
2024-04-11 11:35:10,69,144,1.58,2,5.73,2.75
2024-04-09 04:37:32,192,152,4.45,1,14.42,2.75
2024-04-13 04:06:04,102,242,3.68,2,13.94,0.0
2024-04-13 13:14:55,32,148,0.89,1,4.15,0.0
2024-04-18 23:03:35,202,77,10.57,5,33.14,2.75
2024-04-21 06:46:02,108,78,1.06,1,3.32,0.0
2024-04-01 02:30:13,54,216,0.72,3,7.28,0.0
2024-04-18 03:21:45,190,119,1.77,2,8.03,0.0
2024-04-21 20:32:32,239,229,0.59,1,3.0,2.75
2024-04-25 15:15:20,42,152,0.61,2,7.03,2.75
2024-04-15 23:59:04,198,18,3.53,1,14.57,2.75
2024-04-24 07:56:31,121,170,8.32,5,23.95,0.0
2024-04-27 10:26:37,182,96,2.3,1,9.36,2.75
2024-04-24 02:05:19,100,165,1.76,1,9.7,2.75
2024-04-29 23:53:11,11,33,9.11,2,27.19,2.75
2024-04-08 20:34:30,233,240,0.72,1,3.0,2.75
2024-04-26 18:35:54,117,46,2.74,1,10.22,2.75
2024-04-28 08:35:31,64,79,1.52,1,8.59,2.75
2024-04-01 16:05:55,176,162,2.18,2,11.41,0.0
2024-04-04 17:20:51,83,259,2.35,1,9.3,2.75
2024-04-01 14:10:33,2,56,3.26,1,10.47,2.75
2024-04-01 13:06:59,217,140,2.61,3,10.15,2.75
2024-04-30 20:42:28,242,26,15.99,4,48.15,2.75
2024-04-21 05:10:57,60,152,0.59,2,4.93,2.75
2024-04-03 07:05:00,203,58,5.46,1,17.45,0.0
2024-04-17 20:48:35,40,226,0.68,1,3.0,2.75
2024-04-19 13:53:10,45,251,2.47,1,10.99,0.0
2024-04-29 14:38:42,119,204,1.29,1,4.73,2.75
2024-04-27 06:40:29,131,26,10.67,1,31.85,2.75
2024-04-11 14:53:49,50,49,4.99,1,18.12,0.0
2024-04-12 21:45:52,88,211,2.68,1,7.8,2.75
2024-04-05 05:49:00,21,21,11.15,3,33.48,2.75
2024-04-25 11:05:27,232,89,4.97,1,15.29,2.75
2024-04-02 13:09:43,43,14,11.12,1,38.23,2.75
2024-04-24 01:55:02,23,136,4.77,1,16.17,2.75
2024-04-04 03:22:06,216,7,0.78,1,5.76,2.75
2024-04-20 07:18:50,194,228,3.85,1,15.94,2.75
2024-04-23 06:12:36,215,99,14.25,1,44.7,2.75
2024-04-12 10:43:55,179,187,1.34,2,6.61,2.75
2024-04-23 10:33:34,143,130,6.01,1,21.69,2.75
2024-04-14 19:16:08,26,172,1.21,2,6.3,0.0
2024-04-02 09:24:30,218,66,2.61,1,9.92,2.75
2024-04-14 03:58:05,59,18,0.81,1,5.32,2.75
2024-04-18 07:28:54,45,207,1.96,1,7.63,0.0
2024-04-12 21:09:57,224,144,5.74,1,18.38,2.75
2024-04-15 11:16:48,256,40,0.66,1,3.71,2.75
2024-04-24 00:59:31,110,171,1.85,5,7.05,0.0
2024-04-20 17:12:05,250,150,3.98,1,16.03,0.0
2024-04-04 10:12:23,77,4,10.89,2,31.82,2.75
2024-04-30 14:19:05,87,170,1.49,1,8.36,2.75
2024-04-01 09:35:10,250,96,1.17,3,10.6,0.0
2024-04-18 21:23:25,208,36,1.3,3,6.72,2.75
2024-04-02 00:25:19,159,122,1.45,2,6.71,2.75
2024-04-14 10:40:19,12,182,4.06,1,13.12,2.75
2024-04-09 11:32:06,225,62,23.67,4,70.31,0.0
2024-04-30 03:49:03,32,118,3.1,2,11.08,2.75
2024-04-04 15:36:26,54,252,1.61,4,7.21,2.75
2024-04-24 23:42:24,242,99,5.31,5,14.7,2.75
2024-04-20 23:46:43,115,251,1.1,1,4.16,0.0
2024-04-06 13:24:25,104,26,0.61,1,3.0,2.75
2024-04-02 12:27:15,127,88,3.75,1,15.73,0.0
2024-04-28 21:57:16,40,49,1.33,1,7.34,2.75
2024-04-30 18:48:03,72,73,2.28,1,8.84,2.75
2024-04-03 19:52:47,235,194,1.42,1,7.28,0.0
2024-04-10 10:47:42,247,198,9.26,1,29.85,2.75
2024-04-23 17:17:58,247,153,1.94,1,11.34,2.75
2024-04-25 14:50:22,34,16,2.59,3,10.73,2.75
2024-04-11 10:49:57,129,109,1.44,1,6.49,0.0
2024-04-14 13:54:39,10,87,0.81,2,3.23,2.75
2024-04-18 00:41:14,168,121,3.02,1,13.33,0.0
2024-04-28 23:15:51,216,197,7.61,2,19.58,0.0
2024-04-11 04:07:19,240,145,2.02,1,5.83,2.75
2024-04-20 13:40:16,14,9,5.81,2,23.08,2.75
2024-04-30 13:48:18,90,240,0.62,3,3.0,2.75
2024-04-18 11:19:39,18,18,1.44,2,5.13,2.75
2024-04-23 12:06:44,169,101,0.99,1,6.59,2.75
2024-04-28 13:56:10,56,45,2.3,2,9.94,2.75
2024-04-22 03:53:29,164,7,8.37,2,26.92,2.75
2024-04-13 00:56:50,152,237,2.14,1,7.67,2.75
2024-04-04 12:02:50,90,190,3.74,2,11.59,0.0
2024-04-13 17:02:40,22,14,8.49,1,28.53,2.75
2024-04-21 17:39:59,246,177,2.06,1,7.43,2.75
2024-04-21 03:52:31,139,90,2.09,1,3.94,2.75
2024-04-07 21:58:59,52,93,0.82,4,3.0,2.75
2024-04-01 19:15:53,67,16,2.0,1,9.6,2.75
2024-04-23 08:07:17,85,223,5.3,1,21.24,2.75
2024-04-14 02:19:26,250,152,7.02,1,23.58,2.75
2024-04-08 20:54:10,123,136,4.99,1,16.0,2.75
2024-04-04 10:11:46,202,218,0.52,1,4.66,2.75
2024-04-09 00:27:39,6,250,0.94,4,4.81,2.75
2024-04-30 20:12:36,199,138,5.1,1,19.1,0.0
2024-04-17 18:37:42,224,24,10.49,1,37.47,2.75
2024-04-24 14:38:23,13,241,4.66,2,15.11,2.75
2024-04-23 12:19:48,6,136,1.4,1,11.4,0.0
2024-04-21 08:38:53,121,1,0.9,1,3.13,2.75
2024-04-13 17:07:05,45,245,7.83,1,22.12,2.75
2024-04-07 17:00:49,26,111,0.86,1,4.63,0.0
2024-04-08 19:56:58,4,31,1.07,1,3.0,2.75
2024-04-24 22:59:06,210,230,3.68,1,12.39,0.0
2024-04-12 02:23:32,181,77,1.24,1,3.42,0.0
2024-04-24 12:57:44,253,62,1.4,1,6.22,0.0
2024-04-06 09:09:04,145,35,1.04,1,5.93,2.75
2024-04-10 02:08:54,116,172,10.61,2,33.64,0.0
2024-04-23 20:52:55,30,175,0.97,5,5.7,0.0
2024-04-15 11:39:50,242,22,9.87,4,31.77,2.75
2024-04-25 05:54:49,5,135,1.88,5,5.51,2.75
2024-04-21 22:59:35,262,134,6.53,1,20.66,0.0
2024-04-10 22:07:43,106,12,10.98,1,33.24,2.75
2024-04-29 23:10:32,124,100,3.06,2,11.11,2.75
2024-04-04 08:36:22,138,43,5.65,1,18.93,2.75
2024-04-03 17:25:30,106,201,1.58,4,7.79,2.75
2024-04-23 14:12:24,213,141,2.19,1,6.57,2.75
2024-04-28 09:53:52,56,184,3.32,5,12.41,0.0
2024-04-14 09:25:22,132,250,7.15,1,22.36,0.0
2024-04-18 20:43:01,122,147,3.89,1,14.39,2.75
2024-04-07 09:15:19,202,225,0.58,2,3.76,0.0
2024-04-12 09:37:23,208,215,1.77,1,9.56,2.75
2024-04-30 19:31:43,90,155,7.51,1,24.65,2.75
2024-04-23 08:37:03,190,140,1.46,1,3.0,2.75
2024-04-26 18:45:26,46,46,2.11,1,9.38,2.75
2024-04-09 09:16:08,40,111,2.23,5,6.19,0.0
2024-04-08 13:30:20,67,199,1.09,1,7.12,2.75
2024-04-17 00:21:54,113,228,2.01,3,7.53,2.75
2024-04-08 18:10:47,62,82,6.45,1,21.67,0.0
2024-04-19 03:28:12,227,144,7.12,1,26.46,0.0
2024-04-07 01:38:59,174,58,3.54,1,13.56,2.75
2024-04-18 11:55:18,134,142,4.47,2,15.94,2.75
2024-04-15 15:26:59,114,25,3.18,3,12.74,0.0
2024-04-16 01:34:52,108,102,0.66,1,3.0,2.75
2024-04-04 08:43:55,143,143,4.68,1,18.92,0.0
2024-04-07 11:19:28,57,74,20.34,1,62.52,2.75
2024-04-15 08:20:13,51,44,1.4,1,6.63,0.0
2024-04-29 14:12:32,234,241,14.59,1,45.74,2.75
2024-04-05 01:10:29,242,82,21.88,2,65.32,2.75
2024-04-23 04:11:23,258,66,1.03,1,3.0,0.0
2024-04-14 05:36:57,237,87,9.62,3,30.9,2.75
2024-04-21 11:53:46,32,41,4.44,1,17.69,2.75
2024-04-23 22:44:33,248,204,2.7,1,11.67,2.75
2024-04-19 02:05:12,132,226,1.98,3,10.84,2.75
2024-04-23 06:11:39,263,48,3.98,1,18.33,2.75
2024-04-19 14:04:29,259,229,6.98,1,23.19,0.0
2024-04-15 21:21:19,250,198,0.62,1,3.31,2.75
2024-04-02 05:32:59,215,192,3.18,1,11.25,2.75
2024-04-08 16:27:31,215,70,4.18,1,14.86,0.0
2024-04-25 09:15:08,18,21,0.59,1,5.07,2.75
2024-04-08 11:59:18,2,47,8.2,1,24.95,2.75
2024-04-19 23:06:28,1,233,11.11,1,34.03,2.75
2024-04-18 09:17:38,216,90,3.82,1,13.52,2.75
2024-04-29 09:35:32,164,233,0.94,1,7.08,2.75
2024-04-25 11:08:05,191,253,9.93,1,32.08,2.75
2024-04-07 00:59:30,75,199,6.22,1,23.06,2.75
2024-04-02 03:03:37,26,153,0.6,2,4.77,2.75
2024-04-17 06:00:38,262,162,3.53,3,12.8,2.75
2024-04-13 14:30:05,221,6,0.93,1,5.81,0.0
2024-04-18 06:51:58,43,10,1.03,1,5.48,2.75
2024-04-05 00:48:12,122,131,1.25,1,5.86,0.0
2024-04-24 09:56:41,129,112,2.27,1,11.65,2.75
2024-04-04 20:07:07,71,80,7.82,1,28.02,0.0
2024-04-02 16:07:24,259,48,0.61,1,4.07,0.0
2024-04-05 23:41:38,201,151,4.59,2,15.79,2.75
2024-04-23 08:21:57,130,91,12.19,1,41.44,2.75
2024-04-20 06:23:08,81,133,4.09,1,14.39,0.0
2024-04-30 14:08:01,254,184,6.42,1,23.15,2.75
2024-04-01 13:46:14,65,229,8.62,1,29.96,2.75
2024-04-29 11:26:03,146,76,4.89,3,19.32,0.0
2024-04-13 11:37:22,134,85,4.27,3,17.58,2.75
2024-04-27 18:02:53,102,263,0.56,1,4.01,0.0
2024-04-25 01:47:09,42,234,3.06,1,14.2,2.75
2024-04-02 14:53:37,196,216,2.72,1,12.28,0.0
2024-04-01 08:10:18,260,174,3.09,1,10.83,2.75
2024-04-07 15:29:22,99,37,2.48,1,11.08,2.75
2024-04-02 12:15:38,65,17,8.8,1,30.91,2.75
2024-04-24 13:05:28,223,45,8.19,1,25.44,2.75
2024-04-03 11:21:39,245,73,0.97,3,6.11,2.75
2024-04-15 14:17:21,183,109,3.16,1,14.33,2.75
2024-04-30 07:16:02,149,138,11.73,2,36.43,2.75
2024-04-03 23:31:10,116,182,3.7,5,15.09,2.75
2024-04-23 13:07:11,258,2,6.16,1,18.64,0.0
2024-04-05 04:33:01,79,80,2.14,1,6.12,2.75
2024-04-04 05:39:08,231,118,2.16,1,9.49,2.75
2024-04-20 01:04:53,119,262,1.88,1,7.25,0.0
2024-04-06 04:40:34,74,80,0.58,1,7.8,2.75
2024-04-25 20:25:51,9,89,9.56,1,28.6,2.75
2024-04-29 23:35:53,54,45,2.01,1,8.26,2.75
2024-04-27 08:23:03,45,244,2.1,1,8.07,2.75
2024-04-06 14:27:03,225,2,5.49,1,18.37,2.75
2024-04-16 08:10:14,16,246,3.12,1,16.12,2.75
2024-04-12 00:53:38,212,226,2.07,1,7.27,2.75
2024-04-23 01:02:37,200,234,8.03,1,25.09,2.75
2024-04-15 07:34:38,241,121,6.61,1,24.46,2.75
2024-04-01 09:06:39,102,23,13.67,1,39.49,0.0
2024-04-23 06:48:16,95,200,4.09,1,14.97,2.75
2024-04-26 22:03:00,185,236,4.6,1,12.99,2.75
2024-04-28 18:39:01,136,36,1.87,1,4.22,0.0
2024-04-09 00:51:38,25,14,0.87,1,4.66,2.75
2024-04-30 11:35:50,50,15,0.89,2,3.0,0.0
2024-04-04 22:22:38,169,245,4.13,1,12.63,2.75
2024-04-15 17:07:42,100,120,0.92,2,3.75,2.75
2024-04-24 19:53:56,81,22,8.8,3,31.01,2.75
2024-04-25 09:59:32,12,175,4.76,1,17.29,0.0
2024-04-04 05:54:16,208,121,1.4,1,6.27,2.75
2024-04-10 08:23:47,77,96,1.65,1,9.54,0.0
2024-04-04 12:00:45,75,186,4.83,1,10.7,2.75
2024-04-25 19:35:24,170,169,6.58,1,18.73,0.0
2024-04-14 01:43:49,179,237,6.9,1,20.11,2.75
2024-04-01 22:55:04,88,232,3.72,1,15.78,2.75
2024-04-10 08:48:06,222,26,1.09,1,7.35,2.75
2024-04-04 20:28:44,3,254,6.47,1,22.17,2.75
2024-04-05 06:23:22,118,30,5.99,2,23.41,2.75
2024-04-16 21:45:40,136,109,6.81,1,24.91,2.75
2024-04-23 06:36:38,187,258,1.1,4,7.24,0.0
2024-04-23 09:33:24,30,231,4.54,1,14.13,2.75
2024-04-07 21:47:22,67,148,11.79,1,39.06,0.0
2024-04-29 22:43:09,217,34,1.54,2,8.98,0.0
2024-04-02 08:43:01,158,60,4.91,1,19.89,0.0
2024-04-07 01:54:21,71,165,1.55,1,7.68,2.75
2024-04-22 02:17:28,110,195,1.78,1,6.37,2.75
2024-04-10 18:46:58,258,127,2.82,2,10.5,2.75
2024-04-02 09:43:23,90,225,8.39,2,29.66,2.75
2024-04-21 11:25:47,57,223,0.64,3,5.02,2.75
2024-04-07 08:40:34,49,52,16.49,1,49.99,2.75
2024-04-20 00:54:04,185,44,5.68,1,20.08,0.0
2024-04-30 09:25:21,199,86,2.06,2,5.54,2.75
2024-04-23 03:05:50,18,155,2.03,1,8.84,2.75
2024-04-22 07:23:00,198,38,2.81,1,15.08,0.0
2024-04-22 19:04:31,232,92,7.79,2,27.49,2.75
2024-04-14 15:23:13,27,149,0.56,1,3.31,0.0
2024-04-18 10:22:38,118,13,3.28,3,18.36,2.75
2024-04-20 19:27:18,54,225,0.7,1,3.0,0.0
2024-04-08 01:12:02,152,46,0.93,1,3.0,0.0
2024-04-11 20:50:44,225,220,4.61,1,14.53,2.75
2024-04-25 19:34:16,162,114,1.43,1,5.29,2.75
2024-04-13 17:48:16,150,78,0.65,1,7.15,2.75
2024-04-10 01:28:04,216,17,1.13,1,5.68,2.75
2024-04-10 03:10:31,42,97,1.32,2,4.36,2.75
2024-04-17 04:25:56,161,102,5.64,1,17.55,2.75
2024-04-09 13:34:39,74,167,3.93,2,16.49,2.75
2024-04-09 05:38:45,25,71,5.15,4,17.2,2.75
2024-04-15 08:01:43,242,217,2.12,1,7.13,2.75
2024-04-15 20:30:25,173,240,0.92,1,3.39,0.0
2024-04-26 19:11:22,159,179,6.23,1,21.4,2.75
2024-04-18 01:32:52,218,158,1.03,1,4.07,0.0
2024-04-04 20:31:00,115,41,2.19,1,8.83,0.0
2024-04-21 03:15:36,241,50,1.56,3,6.32,2.75
2024-04-23 14:50:01,212,74,1.73,1,7.28,2.75
2024-04-15 21:03:43,86,187,3.72,1,14.74,0.0
2024-04-02 16:00:15,133,244,1.13,1,3.66,2.75
2024-04-26 10:58:14,93,66,2.57,2,11.41,2.75
2024-04-16 09:19:16,91,235,4.06,2,11.31,2.75
2024-04-18 22:02:40,145,114,7.61,1,27.22,2.75
2024-04-05 11:26:44,152,206,2.12,2,8.42,2.75
2024-04-22 12:44:48,155,257,1.84,1,9.64,2.75
2024-04-26 17:02:53,136,89,2.11,1,9.73,2.75
2024-04-14 00:44:54,253,10,2.93,1,14.31,2.75
2024-04-23 18:27:19,29,191,1.81,1,8.13,2.75
2024-04-12 12:17:50,83,234,1.51,2,9.87,0.0
2024-04-28 22:00:08,34,54,2.15,3,10.29,2.75
2024-04-10 02:04:32,104,151,5.77,1,17.52,2.75
2024-04-17 10:31:38,233,59,1.52,3,9.18,2.75
2024-04-20 19:08:45,237,262,7.02,1,24.02,0.0
2024-04-22 03:55:31,223,32,1.67,1,6.95,2.75
2024-04-27 04:40:35,90,69,3.73,1,14.05,2.75
2024-04-10 04:43:29,240,83,12.89,2,39.73,2.75
2024-04-07 01:18:19,218,258,11.11,1,41.37,2.75
2024-04-11 03:59:00,182,40,2.5,1,9.66,0.0
2024-04-07 16:01:55,257,4,0.74,1,3.0,0.0
2024-04-24 09:23:33,232,75,8.65,1,24.37,0.0
2024-04-26 01:38:44,189,174,0.98,1,7.29,0.0
2024-04-02 18:35:54,255,105,9.5,2,31.65,2.75
2024-04-18 13:06:48,45,148,5.12,1,17.98,2.75
2024-04-02 15:33:32,86,122,10.03,1,33.82,0.0
2024-04-05 03:39:33,201,14,4.33,1,16.91,2.75
2024-04-17 04:09:23,212,177,19.12,1,61.56,2.75
2024-04-23 02:28:12,119,21,2.7,1,10.11,0.0
2024-04-17 10:15:30,155,258,1.9,1,4.96,2.75
2024-04-23 15:09:00,186,149,2.25,3,7.69,0.0
2024-04-10 07:29:57,197,118,2.01,2,9.3,2.75
2024-04-20 11:16:26,201,80,2.29,1,8.9,0.0
2024-04-13 18:24:51,236,185,8.08,1,28.61,2.75
2024-04-02 06:24:06,194,101,3.64,1,15.57,0.0
2024-04-21 07:54:23,25,89,5.03,1,17.32,0.0
2024-04-01 16:36:29,259,47,1.69,5,6.05,2.75
2024-04-25 15:29:03,71,82,16.57,1,51.28,0.0
2024-04-21 14:10:18,28,124,1.65,1,7.53,0.0
2024-04-09 03:49:20,11,147,1.11,2,6.39,2.75
2024-04-11 02:44:49,118,241,5.77,1,22.59,2.75
2024-04-11 06:55:08,208,91,6.89,3,23.78,0.0
2024-04-11 18:25:40,93,228,2.25,1,9.57,2.75
2024-04-20 20:57:18,141,154,3.23,3,8.8,2.75
2024-04-27 17:25:17,11,251,2.37,3,11.29,2.75
2024-04-14 10:54:53,239,201,1.72,1,7.41,2.75
2024-04-26 00:06:57,263,215,6.38,2,18.16,2.75
2024-04-07 01:50:07,69,173,5.45,1,14.61,0.0
2024-04-03 11:35:14,70,64,2.82,1,10.13,2.75
2024-04-24 00:33:40,185,30,2.63,1,11.8,2.75
2024-04-02 12:42:21,124,178,1.2,3,3.58,2.75
2024-04-13 23:37:41,222,170,4.05,1,14.57,2.75
2024-04-04 04:24:39,11,156,9.5,1,27.8,0.0
2024-04-07 13:52:03,166,58,4.94,1,16.08,2.75
2024-04-05 12:00:31,91,31,2.97,1,9.7,2.75
2024-04-23 08:27:44,248,100,0.64,1,3.0,2.75
2024-04-30 03:31:45,157,128,9.82,1,33.52,2.75
2024-04-04 05:58:04,88,228,1.79,1,7.36,2.75
2024-04-10 15:58:54,228,116,1.75,1,8.99,2.75
2024-04-14 01:00:59,134,12,2.72,1,11.32,2.75
2024-04-09 11:10:01,84,196,2.46,1,10.72,2.75
2024-04-22 00:21:29,212,183,11.98,1,37.71,2.75
2024-04-12 01:06:51,218,5,1.13,1,6.55,2.75
2024-04-26 23:10:45,237,260,4.59,1,16.17,0.0
2024-04-07 03:36:15,151,140,0.9,1,4.51,0.0
2024-04-24 18:17:58,174,55,1.63,1,12.51,2.75
2024-04-16 10:25:09,140,156,4.98,1,17.06,2.75
2024-04-18 08:03:35,55,188,6.2,3,22.46,0.0
2024-04-30 05:02:48,141,256,2.71,1,10.28,2.75
2024-04-20 17:55:35,74,181,5.95,1,23.66,2.75
2024-04-23 05:58:01,135,168,10.07,1,30.88,2.75
2024-04-26 14:34:22,130,121,10.11,1,34.73,0.0
2024-04-26 23:36:08,232,11,1.97,1,4.95,2.75
2024-04-30 16:54:23,26,178,1.81,1,5.85,2.75
2024-04-03 03:49:49,69,123,5.04,1,19.16,2.75
2024-04-26 09:49:43,62,48,4.22,1,16.29,2.75
2024-04-06 09:45:53,200,182,2.24,1,7.27,0.0
2024-04-06 19:04:02,167,241,1.41,1,5.92,0.0
2024-04-18 00:35:52,116,256,3.87,1,16.19,2.75
2024-04-07 09:46:00,139,213,2.47,1,12.74,2.75
2024-04-19 19:54:45,232,220,1.0,1,6.28,2.75
2024-04-03 13:25:20,214,28,4.07,1,14.26,2.75
2024-04-13 12:37:01,208,216,4.69,1,18.78,2.75
2024-04-01 05:52:59,102,246,2.09,1,7.77,0.0
2024-04-07 04:36:19,10,199,6.74,1,21.93,2.75
2024-04-08 13:35:24,123,191,0.77,4,3.44,2.75
2024-04-15 19:41:15,4,129,2.9,2,8.44,2.75
2024-04-28 19:56:47,259,161,11.46,1,38.11,0.0
2024-04-17 06:35:01,209,33,1.24,2,6.35,2.75
2024-04-10 09:23:19,262,11,1.16,1,7.14,2.75
2024-04-07 09:32:46,31,215,2.17,1,9.89,0.0
2024-04-18 07:59:27,176,242,1.59,1,10.59,2.75
2024-04-12 10:28:48,9,246,1.38,4,9.07,2.75
2024-04-04 12:01:16,204,190,10.97,1,34.71,0.0
2024-04-25 19:17:32,108,72,1.98,1,8.33,2.75
2024-04-27 19:58:13,124,245,0.72,3,3.92,2.75
2024-04-24 19:08:45,238,83,8.55,1,27.92,2.75
2024-04-26 17:46:53,130,114,2.58,1,11.15,2.75
2024-04-09 07:25:40,234,69,5.16,1,19.33,2.75
2024-04-02 22:59:33,4,161,2.1,2,11.51,0.0
2024-04-14 22:38:27,220,107,10.08,4,35.47,2.75
2024-04-23 08:36:32,262,140,1.69,1,7.51,0.0
2024-04-07 07:23:11,30,150,4.3,1,14.01,0.0
2024-04-11 07:15:25,77,99,6.59,3,22.78,2.75
2024-04-06 06:17:13,183,167,1.45,3,5.85,2.75
2024-04-09 06:29:48,202,144,6.16,2,22.49,2.75
2024-04-24 03:24:51,157,159,6.0,1,23.03,2.75
2024-04-04 02:37:42,100,44,12.16,4,40.2,0.0
2024-04-02 23:06:03,122,87,9.47,1,31.34,2.75
2024-04-14 17:53:14,110,84,2.22,1,10.33,2.75
2024-04-19 05:04:34,167,96,3.63,1,13.0,0.0
2024-04-30 15:10:06,130,240,9.58,1,29.73,0.0
2024-04-04 10:20:55,138,217,0.52,1,4.9,2.75
2024-04-14 14:23:15,176,239,3.95,1,17.02,0.0
2024-04-22 05:41:05,64,72,1.35,4,5.61,2.75
2024-04-27 22:39:54,131,181,5.2,1,17.44,2.75
2024-04-18 14:46:24,188,173,6.07,2,22.44,0.0
2024-04-03 17:26:52,147,192,4.87,2,16.98,2.75
2024-04-03 19:31:35,20,94,19.89,1,62.06,2.75
2024-04-29 06:44:48,42,152,2.78,1,9.52,2.75
2024-04-07 21:06:00,140,159,3.38,2,13.68,2.75
2024-04-08 09:41:35,9,15,2.34,3,9.28,2.75
2024-04-28 04:06:32,79,119,13.27,1,39.46,2.75
2024-04-13 15:12:30,148,21,9.46,3,32.05,2.75
2024-04-18 20:48:58,193,21,15.6,1,50.8,2.75
2024-04-12 03:18:54,259,221,15.17,1,47.53,2.75
2024-04-20 03:40:47,136,106,8.4,1,29.55,0.0
2024-04-29 10:49:19,39,233,9.85,1,29.62,2.75
2024-04-11 06:14:29,150,65,0.95,1,3.58,2.75
2024-04-18 13:09:49,5,149,1.17,1,5.14,0.0
2024-04-15 15:31:02,236,183,8.08,1,26.88,2.75
2024-04-11 08:48:39,236,69,5.04,2,18.35,0.0
2024-04-02 15:59:37,105,207,7.78,4,24.86,2.75
2024-04-25 06:15:09,207,110,5.64,1,20.75,2.75
2024-04-19 02:02:50,239,55,1.03,2,4.55,2.75
2024-04-22 11:43:29,52,113,9.19,2,25.25,2.75
2024-04-27 19:08:43,108,213,5.66,1,16.84,2.75
2024-04-24 00:48:44,33,46,3.46,1,16.13,2.75
2024-04-04 03:56:30,22,70,3.16,2,10.51,2.75
2024-04-04 01:30:02,11,182,3.48,5,11.75,2.75
2024-04-19 03:28:57,127,173,2.23,1,6.28,2.75
2024-04-15 07:55:55,50,209,6.19,2,22.22,0.0
2024-04-13 04:56:44,198,223,8.89,1,28.32,0.0
2024-04-15 20:29:59,17,96,1.52,1,6.87,0.0
2024-04-28 21:46:37,44,120,0.64,1,4.18,2.75
2024-04-25 05:51:56,185,36,1.29,2,3.0,0.0
2024-04-27 22:47:56,39,34,5.46,1,17.83,2.75
2024-04-10 10:08:30,137,55,7.6,1,27.74,2.75
2024-04-11 03:34:36,164,23,2.0,1,8.8,2.75
2024-04-04 04:15:07,31,253,1.08,1,3.0,0.0
2024-04-20 21:13:22,23,44,7.34,1,24.23,2.75
2024-04-26 00:15:56,199,100,1.35,1,5.66,2.75
2024-04-14 11:03:29,174,28,1.47,1,6.11,2.75
2024-04-25 20:01:36,58,64,0.84,1,3.84,2.75
2024-04-10 05:43:04,196,171,8.94,1,28.13,2.75
2024-04-16 01:12:24,88,141,1.88,1,7.85,2.75
2024-04-13 05:20:58,142,72,1.16,1,4.67,2.75
2024-04-30 20:47:36,207,43,11.25,3,37.98,0.0
2024-04-19 05:07:43,172,240,1.93,1,6.89,0.0
2024-04-05 15:59:10,48,219,5.32,1,16.07,2.75
2024-04-16 20:04:38,161,139,1.42,1,9.05,0.0
2024-04-16 20:32:23,165,200,5.04,1,16.65,0.0
2024-04-05 15:58:45,217,154,1.42,2,6.1,2.75
2024-04-14 04:40:43,117,214,4.05,1,11.07,2.75
2024-04-08 03:01:32,251,50,2.53,1,6.2,2.75
2024-04-21 15:21:58,244,49,6.11,1,20.79,2.75
2024-04-18 00:16:45,247,244,5.09,2,18.88,0.0
2024-04-02 04:36:58,73,263,10.09,1,35.31,0.0
2024-04-02 18:45:47,195,244,2.15,1,8.68,2.75
2024-04-03 13:28:45,87,171,5.41,1,18.86,2.75
2024-04-01 09:53:27,246,42,12.64,2,39.31,2.75
2024-04-01 17:08:04,158,13,1.93,1,9.66,2.75
2024-04-22 13:18:54,36,204,1.7,1,8.13,0.0
2024-04-07 05:24:49,236,259,5.63,2,18.05,2.75
2024-04-20 15:30:58,248,200,2.56,1,9.27,2.75
2024-04-20 23:37:57,100,159,2.28,1,6.6,0.0
2024-04-13 06:04:37,227,200,3.26,1,11.11,2.75
2024-04-14 20:51:19,119,92,10.1,2,33.41,2.75
2024-04-20 09:28:04,196,68,0.81,1,5.66,2.75
2024-04-18 02:44:22,88,64,2.69,3,8.91,2.75
2024-04-05 20:47:11,36,144,0.91,2,3.0,0.0
2024-04-19 22:09:34,28,68,8.03,1,26.05,2.75
2024-04-25 11:52:47,39,235,1.01,1,10.27,2.75
2024-04-21 18:37:34,5,123,0.83,1,5.62,2.75
2024-04-08 17:56:24,141,53,12.11,1,36.45,2.75
2024-04-01 21:22:29,228,27,3.4,1,12.01,2.75
2024-04-12 14:28:06,9,36,6.62,1,20.66,0.0
2024-04-11 07:58:31,57,100,2.72,1,11.32,0.0
2024-04-25 02:50:20,178,141,2.5,1,7.44,0.0
2024-04-09 17:08:52,82,176,8.99,1,31.19,2.75
2024-04-17 19:25:03,85,188,16.57,3,52.2,2.75
2024-04-18 19:39:23,65,206,3.87,3,14.03,2.75
2024-04-30 03:03:36,136,106,9.26,1,28.17,2.75
2024-04-16 10:33:06,250,101,7.45,1,23.37,0.0
2024-04-07 19:34:03,94,111,3.25,1,8.02,0.0
2024-04-26 00:02:27,48,179,10.41,2,33.69,2.75
2024-04-24 15:10:36,100,14,1.33,2,8.5,2.75
2024-04-20 02:39:01,194,251,8.07,1,25.14,0.0
2024-04-30 15:19:05,117,171,1.8,1,7.53,2.75
2024-04-20 09:20:09,164,259,0.61,1,3.0,2.75
2024-04-17 06:47:11,24,153,5.91,1,18.57,2.75
2024-04-19 23:04:26,96,34,9.81,1,29.98,0.0
2024-04-24 09:10:56,254,198,1.36,1,8.16,2.75
2024-04-16 02:02:55,121,232,3.17,1,11.79,2.75
2024-04-17 14:27:47,72,193,5.34,2,16.36,2.75
2024-04-15 03:16:21,64,188,1.91,1,9.35,0.0
2024-04-28 05:14:06,243,238,1.06,1,3.38,2.75
2024-04-25 18:08:17,127,209,2.24,1,9.7,2.75
2024-04-11 00:42:35,39,205,2.63,2,10.01,2.75
2024-04-09 04:29:55,77,105,5.24,2,20.15,0.0
2024-04-29 07:45:00,5,242,1.28,1,6.63,2.75
2024-04-12 05:26:06,140,97,6.41,1,22.53,0.0
2024-04-25 04:47:45,252,115,2.94,1,10.55,0.0
2024-04-29 14:12:31,157,39,8.7,1,29.4,2.75
2024-04-02 09:04:57,259,110,3.42,1,12.12,2.75
2024-04-13 16:41:18,237,192,2.57,1,10.94,0.0
2024-04-20 14:57:05,75,166,1.68,5,8.5,0.0
2024-04-21 14:41:55,29,73,0.89,1,8.99,2.75
2024-04-23 09:06:46,41,112,2.13,1,3.6,0.0
2024-04-10 02:47:50,29,65,2.37,2,8.02,2.75
2024-04-15 14:08:25,100,102,3.44,3,9.77,2.75
2024-04-07 17:31:21,58,55,7.38,2,22.84,2.75
2024-04-16 18:21:01,211,194,2.68,1,10.98,2.75
2024-04-06 17:18:05,138,74,1.82,3,8.05,0.0
2024-04-07 15:37:42,11,184,7.73,1,27.99,2.75
2024-04-10 15:30:30,189,42,5.13,1,19.43,2.75
2024-04-27 07:24:43,94,99,1.78,4,8.28,2.75
2024-04-07 10:51:06,181,128,1.14,1,10.23,0.0
2024-04-17 21:52:01,58,13,1.7,1,6.5,2.75
2024-04-15 20:18:58,25,99,0.96,1,7.36,2.75
2024-04-29 13:11:09,260,140,8.68,1,27.04,2.75
2024-04-19 00:34:26,213,204,3.81,2,11.01,2.75
2024-04-27 18:17:33,115,140,7.47,5,23.89,2.75
2024-04-27 19:13:10,188,220,6.51,1,23.76,0.0
2024-04-20 09:50:03,260,233,1.08,2,4.6,2.75
2024-04-14 07:07:46,136,132,2.55,1,10.41,0.0
2024-04-12 11:19:26,90,159,13.02,1,40.12,2.75
2024-04-18 22:19:26,221,123,1.43,1,6.56,0.0
2024-04-08 16:20:22,16,243,0.68,1,7.02,2.75
2024-04-27 00:43:29,147,234,1.99,1,7.72,2.75
2024-04-23 00:50:39,101,90,3.0,3,13.94,0.0
2024-04-04 23:22:47,219,247,0.7,1,3.0,2.75
2024-04-19 02:50:33,45,148,2.45,2,4.72,2.75
2024-04-15 10:28:25,63,243,1.52,3,4.59,0.0
2024-04-19 05:54:06,66,48,1.33,1,7.1,2.75
2024-04-24 02:32:40,119,223,1.57,1,6.7,0.0
2024-04-22 02:20:21,234,136,0.89,1,4.04,0.0
2024-04-08 06:31:32,8,201,0.78,1,3.0,2.75
2024-04-08 06:08:00,195,239,3.67,1,10.97,2.75
2024-04-30 22:46:16,227,60,10.84,1,33.36,2.75
2024-04-12 13:28:51,27,17,6.22,1,21.42,2.75
2024-04-18 09:06:33,28,167,6.78,1,24.45,2.75
2024-04-03 05:33:31,159,55,5.15,1,16.5,2.75
2024-04-19 03:32:18,145,77,11.43,1,35.17,2.75
2024-04-23 14:18:37,234,31,11.02,2,33.59,2.75
2024-04-11 08:12:26,108,101,5.77,5,22.04,0.0
2024-04-30 17:47:51,203,28,4.91,1,16.7,2.75
2024-04-20 20:20:49,11,32,1.77,2,8.25,2.75
2024-04-26 05:57:01,95,263,0.83,1,4.22,2.75
2024-04-01 15:14:55,130,206,0.84,2,3.0,0.0
2024-04-28 00:16:33,103,73,5.16,1,17.25,2.75
2024-04-05 14:55:19,110,70,0.6,1,5.58,2.75
2024-04-11 12:21:18,131,179,6.43,1,21.11,2.75
2024-04-04 18:14:17,191,207,2.1,5,8.15,0.0
2024-04-03 11:30:41,93,30,1.25,1,3.24,2.75
2024-04-07 17:55:27,206,144,2.33,1,12.54,2.75
2024-04-18 17:08:40,29,159,4.75,1,16.66,0.0
2024-04-24 17:52:36,187,246,1.63,3,9.64,0.0
2024-04-17 08:52:03,177,213,1.17,2,5.04,0.0
2024-04-26 04:20:40,156,259,5.19,3,19.34,0.0
2024-04-30 23:56:06,246,67,7.94,1,26.7,0.0
2024-04-04 01:38:41,199,260,3.58,1,14.45,2.75
2024-04-29 20:07:16,109,250,3.1,2,16.73,0.0
2024-04-11 10:14:57,72,45,5.42,1,19.02,2.75
2024-04-19 20:01:35,221,28,5.12,1,17.38,2.75
2024-04-16 08:44:36,214,229,0.52,1,5.33,2.75
2024-04-20 23:05:00,75,238,1.66,1,5.86,2.75
2024-04-03 05:03:04,242,186,9.91,4,30.61,2.75
2024-04-21 19:42:30,150,118,11.78,2,37.82,0.0
2024-04-22 08:26:44,178,126,3.0,1,11.56,2.75
2024-04-23 10:46:31,176,132,3.37,1,16.53,2.75
2024-04-20 03:24:38,104,161,0.5,1,3.0,0.0
2024-04-16 09:44:05,119,190,4.41,1,15.85,2.75
2024-04-06 11:38:57,200,81,1.34,4,6.84,2.75
2024-04-22 03:46:56,70,200,0.98,1,3.27,0.0
2024-04-25 21:17:28,57,84,1.77,1,8.84,2.75
2024-04-13 00:13:08,66,42,4.33,1,16.84,0.0
2024-04-22 23:40:57,58,166,2.51,1,10.41,2.75
2024-04-06 19:40:27,117,48,2.0,1,10.14,2.75
2024-04-07 15:02:31,21,42,5.04,3,14.51,2.75
2024-04-27 20:22:06,79,185,6.38,5,23.56,2.75
2024-04-14 08:23:16,47,232,7.62,2,23.51,0.0
2024-04-09 02:23:50,171,179,2.56,2,6.74,2.75
2024-04-06 15:57:34,84,137,4.93,1,17.52,0.0
2024-04-16 11:55:43,108,212,8.08,3,22.33,2.75
2024-04-10 11:46:47,176,8,8.89,4,29.27,2.75
2024-04-16 10:06:21,70,233,2.87,1,12.21,2.75
2024-04-24 16:54:15,166,110,2.04,1,5.65,0.0
2024-04-22 15:50:40,58,70,8.57,1,26.3,2.75
2024-04-27 22:27:51,245,111,1.56,2,7.91,2.75
2024-04-05 21:52:43,45,261,6.08,1,18.95,2.75
2024-04-19 06:34:54,172,72,8.88,2,26.59,2.75
2024-04-05 01:49:55,66,64,5.21,2,17.33,0.0
2024-04-21 06:29:25,189,180,4.49,1,17.97,2.75
2024-04-10 15:42:55,71,60,0.68,1,7.39,2.75
2024-04-03 15:02:21,36,89,1.3,1,4.36,2.75
2024-04-16 22:18:55,239,39,4.34,2,17.43,2.75
2024-04-06 15:30:00,68,134,5.88,1,22.2,2.75
2024-04-29 14:02:12,108,18,0.73,3,8.38,2.75
2024-04-23 17:39:24,208,257,0.57,1,3.65,2.75
2024-04-17 11:42:38,210,221,1.81,1,9.93,2.75
2024-04-21 03:40:40,107,247,4.12,1,15.25,2.75
2024-04-18 06:11:09,16,58,3.01,1,10.1,2.75
2024-04-23 04:19:48,239,247,0.53,1,5.0,0.0
2024-04-16 22:27:30,222,173,1.08,1,3.0,0.0
2024-04-26 08:22:37,256,123,5.38,2,20.65,2.75
2024-04-05 18:37:35,145,217,1.74,1,10.83,2.75
2024-04-23 07:12:30,164,124,0.94,1,6.44,2.75
2024-04-06 05:23:56,12,178,0.68,2,3.8,0.0
2024-04-09 03:02:25,50,231,7.15,1,23.28,2.75
2024-04-03 08:46:30,12,137,2.73,1,13.38,0.0
2024-04-09 08:59:16,190,190,2.95,1,8.65,0.0
2024-04-15 23:26:05,93,121,0.72,1,6.66,0.0
2024-04-20 19:00:25,130,61,2.85,4,14.25,0.0
2024-04-27 14:37:58,214,138,4.13,1,15.81,2.75
2024-04-25 14:42:32,175,126,0.96,1,6.76,2.75
2024-04-14 19:57:33,201,192,8.65,2,21.41,2.75
2024-04-25 21:11:55,105,192,5.85,1,21.94,0.0
2024-04-15 12:07:26,231,214,6.17,1,21.55,2.75
2024-04-11 08:07:22,98,193,3.19,4,12.49,0.0
2024-04-26 13:05:07,103,77,1.92,1,8.23,0.0
2024-04-17 05:57:37,41,142,4.08,1,17.14,2.75
2024-04-11 20:13:54,151,23,1.39,2,9.45,0.0
2024-04-09 12:37:06,56,231,1.02,3,6.33,2.75
2024-04-17 22:23:03,16,156,3.21,2,9.26,2.75
2024-04-14 09:42:58,222,93,2.78,1,11.67,2.75
2024-04-22 15:54:08,179,168,1.07,5,5.68,2.75
2024-04-29 11:11:07,134,192,3.15,1,13.98,0.0
2024-04-29 00:39:49,258,97,3.27,1,12.39,2.75
2024-04-08 09:20:12,62,130,7.68,1,26.23,2.75
2024-04-03 20:35:21,123,225,5.48,1,16.35,2.75
2024-04-12 01:03:12,42,216,1.36,1,5.56,2.75
2024-04-21 13:06:05,52,12,6.46,1,19.54,2.75
2024-04-15 22:01:40,67,74,12.66,1,39.18,2.75
2024-04-17 05:39:04,59,111,4.91,1,17.58,2.75
2024-04-27 01:39:06,35,197,5.91,1,21.7,2.75
2024-04-21 04:46:00,136,191,1.58,1,6.22,2.75
2024-04-03 14:40:12,76,64,17.36,3,55.7,2.75
2024-04-29 21:31:39,242,139,1.18,1,5.79,2.75
2024-04-05 07:45:55,221,65,5.36,1,17.24,0.0
2024-04-01 11:44:22,85,151,2.26,1,10.31,2.75
2024-04-25 01:17:17,123,260,2.04,1,7.12,2.75
2024-04-02 05:33:55,195,263,1.67,1,8.95,2.75
2024-04-08 23:28:06,102,169,2.54,2,8.39,2.75
2024-04-08 10:46:46,3,177,5.98,1,25.31,2.75
2024-04-25 02:58:01,247,145,10.4,3,37.02,0.0
2024-04-05 12:57:58,148,75,2.38,1,7.47,2.75
2024-04-05 02:04:42,199,55,4.19,1,14.52,0.0
2024-04-18 19:29:31,121,122,5.93,1,19.09,2.75
2024-04-16 02:05:11,169,27,0.87,1,4.02,2.75
2024-04-05 08:29:00,1,175,11.81,1,39.51,0.0
2024-04-13 20:18:17,109,162,1.33,2,7.44,2.75
2024-04-07 04:50:14,10,136,9.13,1,28.58,2.75
2024-04-09 20:11:11,127,23,15.59,1,48.22,2.75
2024-04-06 14:39:40,157,26,0.87,1,6.46,0.0
2024-04-21 00:44:05,231,162,8.31,1,25.39,0.0
2024-04-02 05:52:15,15,248,4.08,3,15.4,2.75
2024-04-01 04:11:03,46,160,6.46,1,20.29,0.0
2024-04-19 06:04:37,106,6,0.9,1,6.5,2.75
2024-04-22 12:03:25,3,193,6.79,1,21.88,2.75
2024-04-15 19:56:58,253,178,3.94,1,14.32,0.0
2024-04-14 02:52:02,22,196,3.0,2,10.63,0.0
2024-04-08 02:20:06,55,217,3.37,1,15.04,2.75
2024-04-13 09:50:31,110,40,5.28,1,19.97,2.75
2024-04-18 19:07:56,223,161,1.74,2,8.22,0.0
2024-04-26 22:26:51,248,131,10.56,1,35.78,2.75
2024-04-22 11:59:23,136,79,1.79,1,8.65,2.75
2024-04-22 11:20:47,246,155,7.84,1,24.72,2.75
2024-04-14 13:33:37,70,65,0.54,3,3.0,0.0
2024-04-17 07:04:18,18,57,9.19,3,30.2,2.75
2024-04-16 17:44:31,186,52,7.18,1,24.48,0.0
2024-04-14 19:28:03,117,76,0.96,2,4.9,2.75
2024-04-15 06:16:59,257,103,5.17,5,15.65,2.75
2024-04-20 17:38:00,95,26,2.14,1,9.37,2.75
2024-04-18 01:34:51,115,27,2.79,1,11.69,2.75
2024-04-17 05:33:03,62,139,0.75,1,7.48,0.0
2024-04-17 16:09:24,124,86,1.34,1,6.14,2.75
2024-04-16 07:28:53,80,234,11.25,1,33.76,0.0
2024-04-25 11:14:56,147,29,2.39,1,9.82,2.75
2024-04-27 14:01:33,22,106,0.59,1,4.53,2.75
2024-04-01 19:09:07,83,96,3.03,2,10.33,2.75
2024-04-25 16:19:03,5,121,18.84,3,57.94,0.0
2024-04-03 20:38:49,261,104,1.92,1,10.04,2.75
2024-04-16 01:12:23,129,177,1.03,1,5.02,2.75
2024-04-01 20:04:24,114,141,4.11,1,14.52,2.75
2024-04-03 04:29:56,47,154,9.33,1,28.34,2.75
2024-04-30 20:19:45,188,213,7.36,1,24.77,0.0
2024-04-27 16:42:41,19,76,4.24,1,13.75,2.75
2024-04-17 07:49:26,87,39,1.21,5,4.56,2.75
2024-04-08 01:14:11,142,171,5.87,2,17.27,2.75
2024-04-22 05:59:40,251,52,6.57,1,23.16,2.75
2024-04-02 14:14:53,8,248,7.13,1,22.56,0.0
2024-04-03 13:50:21,37,123,2.31,3,7.65,0.0
2024-04-03 04:26:06,86,217,2.34,1,8.97,2.75
2024-04-22 20:56:25,72,100,1.09,1,7.15,2.75
2024-04-02 14:27:06,67,212,5.68,2,20.34,2.75
2024-04-27 19:36:23,141,2,5.18,1,18.28,2.75
2024-04-26 17:11:42,64,174,0.87,2,7.04,2.75
2024-04-14 19:09:58,30,209,0.57,1,5.97,2.75
2024-04-16 02:46:07,45,59,11.11,1,36.08,2.75
2024-04-17 04:35:16,134,100,0.56,4,4.95,0.0
2024-04-16 20:51:45,16,185,3.97,1,15.74,2.75
2024-04-24 20:57:25,219,191,2.62,3,11.48,2.75
2024-04-10 10:51:40,221,159,5.76,3,21.27,2.75
2024-04-13 02:05:32,193,167,0.82,1,3.52,2.75
2024-04-06 20:31:11,158,85,4.51,4,15.3,0.0
2024-04-24 19:39:16,24,22,3.84,1,15.04,0.0
2024-04-06 04:30:50,141,131,7.22,1,24.7,2.75
2024-04-29 17:59:06,222,192,3.06,3,14.31,2.75
2024-04-19 23:32:02,26,261,5.06,1,20.75,2.75
2024-04-01 16:09:35,98,243,2.51,2,11.71,0.0
2024-04-13 12:31:45,61,166,14.97,1,43.23,2.75
2024-04-24 13:19:16,243,102,3.37,1,14.19,2.75
2024-04-05 22:44:23,9,169,5.4,2,18.54,2.75
2024-04-28 09:12:53,260,212,0.84,1,3.23,2.75
2024-04-12 08:01:54,32,73,2.67,4,9.39,0.0
2024-04-25 20:31:49,93,189,0.73,1,3.0,2.75
2024-04-13 18:46:28,128,8,0.95,1,7.29,0.0
2024-04-07 13:11:44,237,98,2.97,1,12.51,2.75
2024-04-30 12:47:32,17,74,2.02,1,4.85,0.0
2024-04-18 07:21:10,41,78,2.66,1,10.72,2.75
2024-04-03 03:25:28,42,162,2.9,1,8.73,2.75
2024-04-06 14:38:19,52,187,1.11,1,7.6,2.75
2024-04-28 20:00:30,188,184,2.09,1,6.49,2.75
2024-04-03 10:22:08,151,214,7.4,1,19.99,2.75
2024-04-19 22:43:46,244,179,7.3,3,25.1,2.75
2024-04-14 22:00:53,127,59,2.86,4,12.42,0.0
2024-04-10 08:02:55,205,29,5.34,1,20.15,2.75
2024-04-26 23:24:01,100,93,5.4,1,18.27,2.75
2024-04-18 10:03:14,79,62,0.66,1,4.45,2.75
2024-04-01 11:35:13,183,135,3.8,1,15.0,2.75
2024-04-04 15:36:50,98,134,6.21,1,23.21,2.75
2024-04-08 19:56:00,68,229,3.65,1,13.06,2.75
2024-04-26 20:56:52,28,68,3.23,3,11.45,0.0
2024-04-17 15:09:13,29,253,3.15,1,7.25,0.0
2024-04-28 08:08:24,122,17,2.98,1,11.58,2.75
2024-04-04 04:39:55,212,152,5.77,1,22.5,2.75
2024-04-06 11:41:46,176,248,4.1,1,16.24,2.75
2024-04-07 01:17:27,105,157,1.35,2,8.6,0.0
2024-04-29 23:57:06,72,88,2.49,1,10.93,2.75
2024-04-07 05:41:48,110,98,3.13,1,12.5,2.75
2024-04-12 05:30:59,113,78,2.4,2,7.81,2.75
2024-04-07 19:08:03,232,27,1.45,1,5.6,2.75
2024-04-18 19:22:38,43,13,0.97,1,3.0,2.75
2024-04-06 12:22:35,46,153,0.94,1,6.67,0.0
2024-04-01 18:48:23,58,44,1.73,3,10.04,2.75
2024-04-24 12:56:23,225,95,2.3,1,11.76,0.0
2024-04-21 23:19:52,140,47,4.52,2,13.94,0.0
2024-04-04 12:31:20,101,84,15.18,2,47.43,2.75
2024-04-15 17:03:48,238,154,8.47,2,24.78,0.0
2024-04-06 22:43:15,89,106,6.38,3,19.38,0.0
2024-04-23 07:45:07,246,95,6.38,1,19.34,0.0
2024-04-01 23:04:46,179,209,3.67,1,16.3,2.75
2024-04-04 05:53:18,231,171,1.52,1,6.38,0.0
2024-04-29 00:22:49,99,170,2.73,1,8.08,2.75
2024-04-26 15:12:06,215,164,1.04,1,4.09,2.75
2024-04-08 09:32:15,200,79,3.42,1,14.88,2.75
2024-04-26 11:51:39,256,216,0.58,1,4.53,0.0
2024-04-18 09:09:54,195,81,1.24,1,4.17,2.75
2024-04-24 17:56:03,24,120,4.86,1,19.64,2.75
2024-04-06 21:10:37,226,101,1.63,1,8.23,0.0
2024-04-06 22:05:00,228,148,2.41,1,8.17,2.75
2024-04-05 06:38:51,128,18,6.74,1,22.6,2.75
2024-04-16 11:44:43,31,253,0.66,1,6.29,2.75
2024-04-12 17:07:43,251,202,0.58,2,3.0,2.75
2024-04-15 01:09:38,58,118,1.41,2,7.66,2.75
2024-04-13 00:15:11,147,123,4.54,1,16.68,2.75
2024-04-07 15:58:03,106,25,1.44,1,5.13,2.75
2024-04-14 15:27:05,85,59,7.48,1,23.07,0.0
2024-04-15 01:53:16,2,47,2.02,1,3.97,2.75
2024-04-16 08:34:31,53,22,1.67,1,6.64,2.75
2024-04-14 00:25:09,222,139,1.43,2,3.03,0.0
2024-04-01 09:29:47,25,107,3.49,1,9.4,0.0
2024-04-25 18:43:07,35,198,7.29,1,20.12,0.0
2024-04-18 20:30:20,157,216,2.32,1,8.71,2.75
2024-04-15 15:29:25,145,49,1.52,1,8.7,2.75
2024-04-01 18:38:34,179,105,2.41,4,7.36,2.75
2024-04-21 05:55:02,197,145,8.73,1,30.82,2.75
2024-04-17 13:56:49,225,57,1.93,1,10.51,2.75
2024-04-20 03:34:07,47,14,4.23,5,13.15,0.0
2024-04-13 12:12:16,185,8,1.9,1,4.16,2.75
2024-04-22 07:11:25,162,184,4.43,1,17.76,2.75
2024-04-11 15:21:24,131,23,7.95,5,28.79,2.75
2024-04-23 14:15:09,92,44,3.69,3,13.45,2.75
2024-04-22 00:16:25,75,66,10.81,1,35.05,2.75
2024-04-15 13:57:26,138,259,3.72,2,13.73,0.0
2024-04-08 10:05:37,168,69,13.39,1,43.39,2.75
2024-04-26 09:30:04,258,82,5.0,1,19.09,2.75
2024-04-27 03:53:05,238,1,4.2,1,14.09,2.75
2024-04-30 08:07:47,45,83,6.7,1,20.32,2.75
2024-04-08 22:54:06,137,102,0.54,2,3.12,2.75
2024-04-05 15:40:16,103,226,1.54,1,7.24,2.75
2024-04-25 20:16:52,129,141,1.35,1,7.6,0.0
2024-04-26 02:15:27,161,14,0.91,1,7.07,2.75
2024-04-24 13:32:03,38,142,10.22,3,34.52,2.75
2024-04-19 09:30:32,57,94,0.99,2,6.08,2.75
2024-04-15 02:15:40,161,100,1.57,3,6.16,2.75
2024-04-19 22:19:03,176,70,1.93,4,4.57,0.0
2024-04-01 18:16:21,259,126,3.93,1,15.98,0.0
2024-04-04 03:09:34,145,188,5.61,1,23.05,2.75
2024-04-06 09:42:15,68,70,3.75,1,12.95,2.75
2024-04-07 12:23:00,218,135,5.34,1,20.57,2.75
2024-04-13 11:37:42,164,109,2.3,1,6.37,2.75
2024-04-03 15:42:14,179,149,19.64,3,60.41,2.75
2024-04-28 08:26:43,48,102,1.15,3,3.42,2.75
2024-04-03 15:47:32,194,142,2.29,1,12.57,2.75
2024-04-13 13:47:25,206,259,6.75,1,21.36,2.75
2024-04-05 08:39:43,84,171,1.49,5,7.12,2.75
2024-04-23 12:44:58,101,227,5.36,1,19.17,0.0
2024-04-05 23:27:17,155,12,2.09,1,12.48,2.75
2024-04-29 18:14:48,47,55,1.18,1,4.31,0.0
2024-04-15 08:37:33,234,246,2.31,1,11.11,2.75
2024-04-18 23:20:44,147,91,5.88,1,18.37,2.75
2024-04-30 04:29:54,196,187,0.92,3,4.99,2.75
2024-04-08 03:59:25,22,189,3.04,1,16.04,2.75
2024-04-28 09:23:29,194,172,5.23,1,18.41,2.75
2024-04-24 01:54:43,208,69,5.37,1,20.34,2.75
2024-04-01 16:34:28,217,84,2.23,1,9.62,2.75
2024-04-05 02:21:40,27,88,2.7,1,11.02,2.75
2024-04-05 09:59:55,15,148,7.3,1,25.82,0.0
2024-04-02 01:27:14,159,254,1.32,1,4.66,2.75
2024-04-02 06:18:39,214,221,17.67,1,56.2,2.75
2024-04-20 21:08:16,164,234,2.4,1,6.46,2.75
2024-04-29 03:18:07,127,24,1.63,1,5.36,0.0
2024-04-17 02:54:38,58,251,0.51,1,6.59,2.75
2024-04-12 00:51:27,147,98,0.97,4,3.67,2.75
2024-04-01 08:15:15,256,214,5.44,2,20.43,0.0
2024-04-12 00:58:39,110,225,4.17,1,7.48,0.0
2024-04-03 12:40:00,49,183,1.49,1,5.62,2.75
2024-04-18 22:31:44,182,198,9.66,1,30.46,2.75
2024-04-08 15:03:32,61,108,6.82,1,21.71,2.75
2024-04-26 22:47:07,235,209,1.6,4,7.04,2.75
2024-04-04 02:34:11,242,91,1.9,5,8.92,2.75
2024-04-18 01:11:57,130,175,1.21,3,5.36,2.75
2024-04-28 23:38:32,208,142,4.1,1,15.59,2.75
2024-04-12 07:39:47,142,131,4.73,2,16.59,2.75
2024-04-21 16:52:14,22,127,2.26,1,11.71,2.75
2024-04-06 07:51:27,17,249,5.18,4,21.05,2.75
2024-04-26 23:05:56,122,217,17.21,1,54.92,2.75
2024-04-17 20:52:21,227,15,3.81,1,16.05,2.75
2024-04-27 10:20:30,116,173,4.17,1,15.13,2.75
2024-04-19 09:43:16,149,229,2.14,1,11.08,0.0
2024-04-02 18:03:17,170,173,0.54,1,4.42,2.75
2024-04-06 22:55:07,90,259,11.27,1,35.96,2.75
2024-04-14 16:04:11,119,9,5.68,3,15.51,0.0
2024-04-16 19:54:51,184,260,4.66,2,17.17,0.0
2024-04-09 22:52:39,227,113,0.61,1,5.01,0.0
2024-04-25 02:48:23,93,207,5.48,1,16.65,2.75
2024-04-30 10:46:38,117,178,4.38,1,14.46,2.75
2024-04-20 01:11:46,121,224,3.45,1,9.73,2.75
2024-04-14 05:42:51,138,134,3.92,2,15.78,0.0
2024-04-05 12:08:08,231,5,9.27,1,28.92,2.75
2024-04-10 06:03:48,148,185,0.52,1,5.55,0.0
2024-04-10 17:01:57,142,83,1.1,1,4.82,0.0
2024-04-01 13:17:10,8,222,8.38,3,25.84,2.75
2024-04-13 12:49:06,5,204,0.53,5,6.18,2.75
2024-04-10 18:26:44,257,69,8.69,1,27.33,0.0
2024-04-30 17:42:56,246,167,0.61,1,6.38,2.75
2024-04-10 10:32:10,235,12,5.79,2,18.38,2.75
2024-04-16 04:41:56,10,197,8.25,1,26.92,0.0
2024-04-20 20:23:47,242,54,3.82,1,16.54,2.75
2024-04-25 04:36:44,188,225,4.09,1,15.33,0.0
2024-04-20 18:59:19,2,165,0.68,1,6.32,2.75
2024-04-18 18:35:05,154,177,1.33,1,10.73,2.75
2024-04-12 02:37:21,203,1,8.54,1,27.85,2.75
2024-04-15 02:54:17,217,175,6.57,3,24.06,2.75
2024-04-14 18:26:51,105,165,0.71,3,4.61,2.75
2024-04-08 17:52:36,1,137,6.37,3,21.9,2.75
2024-04-01 20:10:13,254,172,2.43,2,8.94,2.75
2024-04-08 04:07:52,194,231,3.38,2,12.91,2.75
2024-04-16 04:59:41,257,231,0.9,2,3.08,0.0
2024-04-16 08:49:26,250,115,2.28,3,11.67,0.0
2024-04-10 06:10:29,248,198,2.5,1,15.22,2.75
2024-04-18 09:17:08,88,3,4.37,2,16.09,0.0
2024-04-11 03:40:37,253,112,4.25,3,14.3,0.0
2024-04-12 19:06:38,164,146,3.29,1,15.97,0.0
2024-04-04 07:58:21,162,36,0.61,2,3.71,2.75
2024-04-12 23:33:30,110,208,1.12,1,5.0,2.75
2024-04-08 18:17:39,207,4,1.11,1,6.34,2.75
2024-04-03 22:57:36,132,120,8.15,1,26.16,0.0
2024-04-29 16:22:35,133,109,8.62,1,30.86,0.0
2024-04-09 21:59:36,108,78,6.25,1,17.96,2.75
2024-04-19 16:41:03,172,17,1.17,5,6.56,2.75
2024-04-24 06:59:48,40,227,6.92,2,26.36,0.0
2024-04-15 05:23:44,35,185,1.23,1,3.0,2.75
2024-04-19 23:48:40,59,227,3.33,1,15.75,2.75
2024-04-27 00:32:02,193,49,5.13,1,18.47,2.75
2024-04-08 06:47:55,210,109,0.69,5,8.38,2.75
2024-04-09 03:55:22,31,181,3.69,5,16.95,2.75
2024-04-10 12:25:17,174,10,1.51,1,4.27,2.75
2024-04-25 12:25:09,198,123,2.91,1,15.52,2.75
2024-04-06 02:39:48,106,76,2.2,1,6.99,2.75
2024-04-25 12:00:26,96,123,4.56,1,17.08,2.75
2024-04-04 04:18:42,170,137,2.85,1,6.22,2.75
2024-04-23 17:24:25,30,90,1.76,1,9.24,0.0
2024-04-23 18:45:31,161,149,8.94,2,30.33,2.75
2024-04-27 16:54:33,111,1,11.68,1,40.92,2.75
2024-04-18 02:53:41,212,211,6.17,1,22.35,2.75
2024-04-06 02:14:47,196,6,3.54,3,10.7,0.0
2024-04-18 16:31:58,96,146,8.05,2,28.21,0.0
2024-04-11 16:38:45,138,101,3.72,2,12.64,2.75
2024-04-09 06:58:20,179,200,1.06,1,9.84,2.75
2024-04-15 15:40:19,234,232,0.56,1,5.12,0.0
2024-04-20 09:34:53,249,107,5.03,3,16.96,2.75
2024-04-02 15:47:54,132,212,5.39,1,20.92,2.75
2024-04-30 23:48:38,249,106,9.6,1,31.49,2.75
2024-04-29 17:47:57,63,258,6.59,1,25.94,2.75
2024-04-07 00:11:11,257,113,4.07,1,12.44,2.75
2024-04-03 13:44:34,248,132,1.24,1,5.13,2.75
2024-04-10 12:45:09,179,211,3.66,1,15.5,2.75
2024-04-03 23:01:12,165,83,2.5,1,9.22,2.75
2024-04-02 17:47:48,91,83,1.42,2,8.63,2.75
2024-04-06 06:07:44,192,250,6.12,1,22.16,2.75
2024-04-09 13:14:08,76,237,1.07,4,4.1,2.75
2024-04-25 23:21:22,99,188,3.98,2,15.15,2.75
2024-04-27 12:48:18,95,72,3.8,2,13.64,2.75
2024-04-20 13:44:03,181,254,1.77,3,6.6,0.0
2024-04-01 07:32:02,154,41,2.46,1,11.24,2.75
2024-04-08 20:30:27,112,72,0.93,2,3.76,0.0
2024-04-06 22:44:48,171,88,0.59,1,4.48,2.75
2024-04-08 16:00:48,253,244,0.55,1,8.03,2.75
2024-04-17 15:34:08,122,239,1.17,1,6.46,0.0
2024-04-19 08:28:06,205,87,7.56,1,24.07,0.0
2024-04-02 12:48:28,245,150,3.09,1,8.79,2.75
2024-04-30 12:57:02,127,5,0.94,4,3.0,2.75
2024-04-05 01:16:01,46,112,8.76,1,26.68,2.75
2024-04-17 06:45:25,236,159,3.44,1,12.3,2.75
2024-04-01 23:26:43,141,47,0.6,1,3.0,2.75
2024-04-17 09:32:23,121,26,5.53,1,18.76,2.75
2024-04-27 09:56:16,9,215,2.74,2,7.91,0.0
2024-04-25 12:51:58,66,61,3.16,1,11.75,2.75
2024-04-05 19:07:09,81,127,3.82,3,13.83,2.75
2024-04-17 06:10:11,260,244,0.85,1,5.8,2.75
2024-04-10 19:44:31,105,64,10.83,1,35.0,2.75
2024-04-05 14:00:10,97,177,1.53,1,5.62,2.75
2024-04-18 08:56:36,190,93,3.9,5,12.25,2.75
2024-04-13 19:02:20,195,123,7.27,2,21.57,0.0
2024-04-13 15:10:26,83,15,1.91,1,10.89,2.75
2024-04-11 18:28:42,251,22,3.96,1,16.41,0.0
2024-04-17 03:08:57,70,183,16.25,1,50.43,2.75
2024-04-04 23:21:04,188,137,7.18,3,24.09,2.75
2024-04-05 06:28:23,141,31,5.79,1,19.73,0.0
2024-04-06 19:38:24,140,215,2.52,1,12.58,0.0
2024-04-09 02:48:55,75,212,2.6,1,9.51,2.75
2024-04-24 20:30:57,100,227,2.83,1,6.69,0.0
2024-04-08 16:22:58,145,185,4.6,1,17.36,2.75
2024-04-20 15:06:56,175,75,1.05,1,3.0,2.75
2024-04-07 03:36:09,221,171,7.41,1,26.87,2.75
2024-04-05 05:21:00,10,232,0.56,2,3.0,2.75
2024-04-08 16:51:14,46,74,1.15,1,6.66,2.75
2024-04-09 22:46:45,117,253,2.8,1,10.38,2.75
2024-04-29 07:40:04,4,74,1.52,5,6.62,0.0
2024-04-23 17:46:00,238,229,2.09,1,9.97,2.75
2024-04-05 14:51:44,31,199,1.92,1,8.52,2.75
2024-04-24 13:22:14,130,212,1.6,1,6.48,2.75
2024-04-30 22:54:11,241,84,2.17,1,8.38,2.75
2024-04-17 13:29:14,81,200,2.96,1,8.73,2.75
2024-04-28 01:12:22,25,145,2.76,3,11.07,2.75
2024-04-11 12:44:38,261,217,6.35,1,22.22,0.0
2024-04-20 22:40:35,48,237,1.79,1,14.13,2.75
2024-04-24 09:42:10,52,258,1.66,1,7.8,0.0
2024-04-26 12:11:39,149,229,2.96,3,11.14,2.75
2024-04-01 06:07:16,99,106,0.67,2,3.0,2.75
2024-04-28 05:44:18,67,191,0.91,1,4.49,2.75
2024-04-05 08:20:51,210,139,6.19,2,21.12,2.75
2024-04-25 04:54:31,248,252,2.88,1,9.18,2.75
2024-04-28 14:46:27,119,212,0.74,1,6.08,2.75
2024-04-20 10:14:02,228,127,2.53,1,9.64,2.75
2024-04-21 01:03:02,103,249,2.28,1,10.64,2.75
2024-04-22 19:31:13,240,73,1.49,1,5.24,2.75
2024-04-09 01:32:41,232,173,2.13,1,9.39,2.75
2024-04-13 23:45:04,154,157,1.23,1,5.77,2.75
2024-04-13 02:26:58,170,162,2.59,1,12.83,2.75
2024-04-19 18:48:38,159,95,2.34,3,9.6,2.75
2024-04-15 02:22:15,113,236,3.77,1,11.28,2.75
2024-04-05 15:50:28,51,20,10.47,2,33.42,0.0
2024-04-25 04:15:16,36,72,1.22,1,3.0,2.75
2024-04-21 07:36:49,13,70,2.39,1,10.27,2.75
2024-04-11 05:59:51,218,200,3.39,1,15.44,2.75
2024-04-26 01:01:45,243,183,3.27,1,12.79,2.75
2024-04-19 06:22:23,223,25,4.29,1,15.92,2.75
2024-04-28 09:30:08,208,66,1.59,1,8.04,2.75
2024-04-28 11:45:13,222,37,4.02,1,12.79,2.75
2024-04-09 04:59:52,12,16,1.29,1,4.86,2.75
2024-04-05 02:49:20,187,183,0.97,1,6.46,2.75
2024-04-30 03:51:34,169,256,6.74,1,22.26,2.75
2024-04-24 16:56:35,106,193,2.75,1,14.97,0.0
2024-04-08 00:02:35,176,14,2.27,2,12.2,0.0
2024-04-09 06:20:36,41,24,9.73,1,30.18,0.0
2024-04-09 03:02:55,249,83,4.83,3,15.54,2.75
2024-04-08 08:28:38,222,236,4.46,1,13.16,0.0
2024-04-08 10:14:33,113,244,1.26,5,4.76,0.0
2024-04-27 03:59:09,203,255,1.32,1,5.95,0.0
2024-04-01 08:03:50,262,109,2.81,2,11.5,2.75
2024-04-13 15:30:43,144,255,4.2,1,14.86,0.0
2024-04-10 23:41:05,243,245,2.26,1,13.37,2.75
2024-04-05 14:00:08,35,131,0.73,1,6.55,0.0
2024-04-19 05:01:24,53,145,4.52,1,17.05,2.75
2024-04-06 15:32:56,150,219,5.7,1,20.65,0.0
2024-04-01 05:19:58,13,73,10.61,2,30.24,2.75
2024-04-09 02:52:45,97,197,2.34,1,4.83,0.0
2024-04-14 02:18:47,86,83,1.54,3,7.08,2.75
2024-04-22 10:41:23,71,106,9.6,1,33.1,0.0
2024-04-01 19:35:11,17,100,4.9,1,16.17,2.75
2024-04-28 12:03:09,189,184,0.73,1,5.46,2.75
2024-04-27 12:58:57,10,78,3.54,4,14.61,2.75
2024-04-01 05:04:03,166,143,0.6,1,6.36,2.75
2024-04-24 13:44:37,39,95,1.4,1,5.68,0.0
2024-04-29 05:21:50,219,3,0.76,1,4.36,0.0
2024-04-11 06:20:01,94,47,1.3,1,5.65,0.0
2024-04-20 12:12:39,158,158,2.86,1,9.66,2.75
2024-04-15 15:15:34,34,239,1.74,3,8.03,0.0
2024-04-09 03:22:45,12,28,0.82,1,3.0,0.0
2024-04-03 14:47:53,233,177,2.8,1,13.56,0.0
2024-04-08 11:41:08,87,87,4.81,1,16.73,0.0
2024-04-04 21:44:28,93,175,0.69,1,4.15,0.0
2024-04-08 23:01:43,107,207,7.99,4,23.13,2.75
2024-04-03 19:37:50,193,75,4.21,1,12.61,2.75
2024-04-17 08:37:46,10,246,3.06,1,13.76,2.75
2024-04-30 08:32:11,125,54,2.27,4,16.89,0.0
2024-04-24 05:47:43,128,83,2.25,3,10.79,2.75
2024-04-09 00:02:12,185,32,1.93,1,7.75,0.0
2024-04-28 12:04:15,59,11,0.93,1,3.98,2.75
2024-04-06 21:08:22,182,223,0.79,2,3.0,2.75
2024-04-17 04:54:23,74,55,1.79,1,4.71,2.75
2024-04-02 21:53:25,2,68,4.35,1,16.22,2.75
2024-04-03 13:20:26,243,89,1.69,3,7.76,2.75
2024-04-13 17:28:46,228,98,6.35,1,20.01,2.75
2024-04-04 06:51:18,48,17,2.17,4,8.88,0.0
2024-04-02 17:57:54,6,161,3.99,4,14.9,2.75
2024-04-29 17:55:34,43,255,2.48,1,6.47,0.0
2024-04-08 04:47:21,145,158,2.91,1,13.24,0.0
2024-04-05 07:03:27,127,32,1.51,1,9.94,2.75
2024-04-08 22:37:15,246,87,3.02,1,11.6,2.75
2024-04-02 19:21:58,121,93,0.91,1,9.17,0.0
2024-04-27 01:31:28,232,83,2.21,1,10.35,2.75
2024-04-30 02:33:41,189,4,2.58,3,13.55,2.75
2024-04-08 12:00:53,242,89,4.76,3,16.41,0.0
2024-04-05 16:53:53,78,154,2.29,1,11.39,0.0
2024-04-29 00:54:40,58,82,4.33,1,16.06,2.75
2024-04-02 00:41:38,181,192,1.17,1,4.43,0.0
2024-04-10 14:04:27,70,158,0.59,1,5.78,2.75
2024-04-02 21:40:11,204,253,2.97,1,13.54,2.75
2024-04-15 08:35:21,170,256,2.75,3,10.89,0.0
2024-04-27 19:05:24,247,159,4.38,1,15.49,2.75
2024-04-26 17:53:12,59,62,1.82,2,10.25,2.75
2024-04-15 03:09:49,11,69,0.61,1,3.0,2.75
2024-04-28 07:42:12,5,8,5.0,2,16.18,2.75
2024-04-11 07:45:13,205,107,10.48,1,33.18,2.75
2024-04-26 18:11:49,245,93,2.25,2,8.59,2.75
2024-04-16 08:07:38,249,227,3.81,1,11.65,0.0
2024-04-08 05:21:49,105,69,3.25,5,10.2,2.75
2024-04-18 15:40:45,242,138,3.42,1,14.24,0.0
2024-04-29 17:24:03,7,139,7.57,1,24.44,2.75
2024-04-27 05:20:34,224,116,5.17,1,14.48,2.75
2024-04-05 02:05:26,217,8,5.64,1,19.62,2.75
2024-04-30 10:01:10,44,68,0.83,3,6.27,2.75
2024-04-30 01:47:51,26,146,1.06,1,7.21,2.75
2024-04-10 14:43:43,181,250,4.31,3,19.29,2.75
2024-04-03 21:18:46,92,250,3.22,1,11.5,0.0
2024-04-04 15:50:56,68,3,5.71,1,18.87,2.75
2024-04-25 09:42:31,151,128,0.84,2,6.35,2.75
2024-04-11 07:26:37,104,120,3.43,1,12.88,2.75
2024-04-01 03:31:25,88,200,2.83,1,10.63,0.0
2024-04-29 07:44:33,95,238,7.25,2,24.39,2.75
2024-04-11 23:25:29,3,55,1.23,1,7.18,2.75
2024-04-06 03:10:45,208,70,2.0,1,9.8,2.75
2024-04-08 00:45:08,102,262,1.07,1,6.06,2.75
2024-04-16 16:03:58,177,210,2.6,1,7.24,2.75
2024-04-13 19:49:51,199,237,7.96,1,27.25,2.75
2024-04-20 03:06:50,8,218,4.38,1,11.46,0.0
2024-04-08 11:29:17,245,212,5.27,1,17.2,0.0
2024-04-11 06:39:56,178,16,0.84,1,4.08,0.0
2024-04-09 03:47:55,82,213,2.61,1,9.23,0.0
2024-04-29 14:28:32,112,146,6.89,1,24.9,2.75
2024-04-15 06:10:32,21,133,6.86,1,21.47,2.75
2024-04-18 15:37:19,34,9,15.99,1,53.33,0.0
2024-04-22 15:43:51,255,42,3.11,1,9.82,0.0
2024-04-10 17:32:00,27,18,0.51,1,5.99,2.75
2024-04-09 23:52:36,8,210,8.53,1,32.37,0.0
2024-04-02 10:42:19,18,215,11.45,1,34.41,2.75
2024-04-04 08:12:46,233,235,9.7,3,30.79,0.0
2024-04-24 14:58:33,191,148,5.67,1,19.47,2.75
2024-04-19 09:26:54,150,50,1.33,1,7.34,2.75
2024-04-22 20:57:08,156,133,1.02,2,5.43,2.75
2024-04-11 22:29:34,47,188,4.72,1,16.9,2.75
2024-04-14 18:31:12,139,73,1.03,1,6.16,0.0
2024-04-21 23:06:36,142,105,11.23,1,34.56,2.75
2024-04-02 13:55:37,14,232,2.57,1,11.06,2.75
2024-04-02 03:08:59,259,101,0.61,2,6.17,2.75
2024-04-27 21:26:37,236,259,1.07,1,7.01,0.0
2024-04-20 18:08:00,7,112,1.7,1,10.5,0.0
2024-04-22 23:50:14,39,45,4.76,1,15.21,0.0
2024-04-06 16:15:48,185,100,5.18,3,20.53,0.0
2024-04-23 07:55:33,115,157,1.34,3,9.17,2.75
2024-04-06 14:09:34,110,225,4.16,1,13.94,2.75
2024-04-23 22:30:53,65,73,0.61,1,4.42,0.0
2024-04-08 07:31:24,231,69,0.88,2,3.0,2.75
2024-04-10 09:47:59,31,172,3.18,1,10.97,2.75
2024-04-02 13:31:45,86,224,4.76,1,15.78,0.0
2024-04-03 08:25:54,138,49,9.1,5,30.21,0.0
2024-04-24 14:40:12,77,236,2.52,1,7.91,0.0
2024-04-02 15:59:14,137,109,0.95,2,3.54,0.0
2024-04-12 15:07:04,122,158,9.76,2,30.63,2.75
2024-04-12 09:59:14,97,239,2.51,2,7.51,0.0
2024-04-16 00:38:16,19,4,2.91,4,9.64,2.75
2024-04-10 19:05:02,9,204,7.24,2,27.82,2.75
2024-04-08 19:12:35,83,84,3.58,4,11.98,0.0
2024-04-03 11:49:23,47,214,1.76,1,10.3,2.75
2024-04-14 06:27:03,90,62,3.22,1,12.74,0.0
2024-04-27 12:44:22,1,58,3.93,1,15.3,2.75
2024-04-24 09:43:26,162,172,8.22,2,26.57,2.75
2024-04-15 22:34:39,153,252,1.44,1,4.3,2.75
2024-04-17 06:47:34,1,137,3.37,1,16.06,2.75
2024-04-30 05:36:57,146,238,9.36,1,28.61,2.75
2024-04-23 09:48:38,161,6,0.66,1,5.01,2.75
2024-04-30 00:56:47,135,86,1.26,1,7.09,2.75
2024-04-24 20:57:19,77,148,1.99,2,4.63,2.75
2024-04-09 10:46:28,81,64,4.47,1,13.48,2.75
2024-04-13 23:14:54,42,155,6.95,1,24.55,2.75
2024-04-06 01:05:26,124,135,1.28,1,7.14,2.75
2024-04-03 03:25:23,230,118,1.49,2,7.1,2.75
2024-04-03 05:15:11,202,24,6.57,3,23.54,2.75
2024-04-25 07:25:11,107,11,1.06,3,5.72,0.0
2024-04-10 22:13:44,174,66,1.56,3,5.6,0.0
2024-04-04 19:25:32,87,263,5.12,2,19.26,0.0
2024-04-16 09:17:06,5,24,1.14,1,3.0,2.75
2024-04-10 05:17:31,172,141,6.66,1,21.27,2.75
2024-04-16 23:59:12,121,231,2.86,1,12.94,2.75
2024-04-23 11:56:46,156,88,2.58,1,11.79,2.75
2024-04-06 11:26:52,87,116,1.01,2,6.48,2.75
2024-04-16 13:30:57,98,38,4.48,1,19.76,0.0
2024-04-13 09:07:50,135,199,8.04,3,27.05,2.75
2024-04-02 10:48:32,7,158,4.62,1,16.27,2.75
2024-04-02 05:08:14,260,231,1.83,1,10.88,0.0
2024-04-08 21:48:04,32,128,4.7,1,17.72,2.75
2024-04-11 01:35:57,28,207,3.0,1,11.48,2.75
2024-04-19 00:08:42,260,258,7.23,1,25.38,2.75
2024-04-01 08:50:54,244,145,2.65,1,11.73,2.75
2024-04-25 23:25:48,142,48,1.45,2,6.02,2.75
2024-04-22 10:28:39,30,64,0.87,1,3.0,2.75
2024-04-26 13:12:12,130,189,1.65,3,7.11,2.75
2024-04-04 07:30:43,70,141,3.4,1,17.67,2.75
2024-04-30 14:59:34,119,228,1.15,1,10.25,2.75
2024-04-14 09:30:47,70,107,0.64,1,3.37,2.75
2024-04-09 23:01:19,208,130,2.59,3,9.48,0.0
2024-04-18 01:20:03,91,151,1.99,1,8.98,2.75
2024-04-25 10:55:45,120,213,2.41,1,9.16,0.0
2024-04-24 23:48:54,207,223,2.62,2,13.82,2.75
2024-04-16 17:27:06,256,16,5.58,3,19.26,2.75
2024-04-29 07:09:18,35,141,11.85,2,37.51,2.75
2024-04-27 18:29:48,124,258,1.56,1,4.87,2.75
2024-04-06 12:35:47,112,114,10.49,1,37.78,0.0
2024-04-05 13:19:36,207,26,1.41,1,6.66,2.75
2024-04-01 22:28:02,102,38,5.42,5,19.54,0.0
2024-04-11 10:04:50,194,25,4.5,1,17.48,2.75
2024-04-26 23:57:12,241,52,0.69,1,4.73,0.0
2024-04-30 04:10:51,147,91,5.02,1,16.86,2.75
2024-04-18 12:07:27,132,138,8.6,1,28.07,2.75
2024-04-19 20:14:02,220,209,9.82,1,33.42,0.0
2024-04-21 09:18:40,104,61,4.55,1,17.82,0.0
2024-04-27 13:00:44,41,111,5.91,1,15.23,2.75
2024-04-08 09:04:52,56,258,0.76,1,4.94,0.0
2024-04-20 07:23:57,250,135,1.12,2,6.75,0.0
2024-04-19 02:17:35,242,60,1.57,1,9.59,2.75
2024-04-20 17:35:11,127,189,3.15,1,13.94,2.75
2024-04-18 10:07:51,150,113,2.21,1,10.63,2.75
2024-04-05 14:25:34,149,27,4.25,4,16.52,2.75
2024-04-11 11:57:23,169,1,2.57,2,13.74,2.75
2024-04-30 05:30:49,45,214,5.72,1,24.39,2.75
2024-04-15 07:58:17,84,86,4.88,1,16.13,0.0
2024-04-18 22:14:03,8,155,5.31,1,20.18,2.75
2024-04-21 05:16:45,107,80,6.68,1,19.93,2.75
2024-04-27 16:48:14,146,60,6.79,3,25.09,0.0
2024-04-11 09:28:38,31,36,5.79,1,19.09,2.75
2024-04-01 21:12:57,244,175,0.74,1,7.77,2.75
2024-04-05 02:16:55,35,89,3.92,1,13.92,2.75
2024-04-02 15:51:39,247,59,0.57,1,3.0,2.75
2024-04-15 19:21:55,18,61,5.27,1,16.87,2.75
2024-04-08 06:02:31,24,242,0.72,1,6.46,2.75
2024-04-17 23:29:17,30,225,14.81,1,47.11,0.0
2024-04-12 09:33:09,143,222,3.83,1,14.92,2.75
2024-04-08 11:20:47,12,90,1.2,2,4.38,0.0
2024-04-19 22:56:31,203,15,2.71,1,11.02,2.75
2024-04-04 21:08:34,250,185,6.63,1,23.63,2.75
2024-04-10 23:36:22,103,204,1.19,1,10.79,0.0
2024-04-16 10:59:46,35,41,3.19,4,9.34,0.0
2024-04-27 00:35:43,20,171,0.51,1,4.4,2.75
2024-04-19 09:11:16,47,196,5.94,3,18.77,0.0
2024-04-18 20:52:35,84,250,1.26,5,6.44,2.75
2024-04-08 12:07:03,53,195,2.21,1,10.0,2.75
2024-04-02 09:20:19,18,230,3.14,1,14.46,0.0
2024-04-29 07:20:44,104,96,1.05,1,5.17,0.0
2024-04-26 07:55:20,152,218,9.64,1,33.14,2.75
2024-04-03 04:04:21,165,4,2.71,1,13.29,0.0
2024-04-10 01:16:30,84,5,1.42,1,4.76,0.0
2024-04-16 08:55:43,151,46,5.15,1,14.5,0.0
2024-04-29 09:48:17,37,126,8.36,1,24.88,0.0
2024-04-30 16:44:53,152,137,9.03,2,27.57,2.75
2024-04-26 15:22:54,208,136,2.47,1,9.73,2.75
2024-04-30 04:14:05,50,189,2.06,5,9.57,2.75
2024-04-18 22:09:08,220,143,9.77,1,29.24,2.75
2024-04-20 18:18:27,47,73,0.69,5,7.45,2.75
2024-04-07 07:04:24,18,178,5.36,1,22.04,0.0
2024-04-05 10:03:05,122,226,1.18,1,5.45,2.75
2024-04-30 13:11:11,120,238,2.69,3,7.84,2.75
2024-04-20 20:00:16,251,94,11.25,3,38.07,2.75
2024-04-08 21:11:06,47,197,3.55,1,13.41,2.75
2024-04-03 10:35:26,85,64,3.09,1,10.03,0.0
2024-04-27 18:53:39,160,150,0.72,1,8.12,2.75
2024-04-17 12:02:42,7,141,1.64,1,5.97,2.75
2024-04-21 12:55:01,245,231,0.51,1,6.05,2.75
2024-04-30 09:13:24,215,245,7.78,1,24.99,0.0
2024-04-20 18:05:10,212,31,4.12,1,16.62,2.75
2024-04-26 23:39:56,212,38,0.94,1,3.99,2.75
2024-04-02 16:18:40,218,39,2.08,1,10.53,2.75
2024-04-14 06:44:44,251,164,6.34,1,20.19,2.75
2024-04-29 13:33:40,181,69,1.03,3,8.78,2.75
2024-04-03 18:02:21,92,229,1.42,2,7.28,2.75
2024-04-18 15:09:02,218,261,3.23,1,9.4,2.75
2024-04-06 13:29:30,90,20,1.05,2,5.16,2.75
2024-04-11 05:52:49,197,63,2.19,2,8.79,2.75
2024-04-18 13:47:52,184,170,14.59,2,43.35,2.75
2024-04-11 05:16:09,66,13,3.25,1,14.38,0.0
2024-04-07 17:38:10,98,137,4.73,1,18.07,0.0
2024-04-23 00:10:11,24,224,4.31,1,12.28,0.0
2024-04-01 07:33:02,220,94,1.33,1,7.58,2.75
2024-04-12 12:21:17,174,177,7.05,1,21.41,0.0
2024-04-16 17:09:39,245,156,0.96,1,4.85,0.0
2024-04-29 22:12:35,114,121,9.41,1,29.49,2.75
2024-04-19 01:57:24,223,171,1.35,1,5.85,2.75
2024-04-10 02:33:45,235,198,11.33,1,35.17,2.75
2024-04-02 15:45:28,110,169,6.1,2,22.99,2.75
2024-04-06 06:18:19,13,172,1.16,4,7.5,2.75
2024-04-12 21:03:20,125,157,1.11,1,6.7,2.75
2024-04-30 03:39:57,167,210,0.81,1,3.67,2.75
2024-04-19 17:39:33,53,196,1.49,1,7.94,2.75
2024-04-04 15:30:50,186,187,4.27,1,15.31,2.75
2024-04-23 08:47:23,10,62,3.07,1,11.67,2.75
2024-04-12 18:01:01,147,145,3.83,2,14.91,2.75
2024-04-10 14:47:01,118,226,0.61,4,4.81,0.0
2024-04-28 13:10:01,18,117,0.79,2,7.6,2.75
2024-04-21 18:12:35,226,206,4.62,1,17.87,2.75
2024-04-07 17:37:25,112,66,7.09,1,26.26,0.0
2024-04-18 18:55:49,72,28,2.06,5,7.58,2.75
2024-04-09 18:27:04,144,221,1.14,1,9.52,2.75
2024-04-27 13:20:23,104,10,1.79,1,7.47,2.75
2024-04-10 03:43:26,215,4,2.36,1,12.05,2.75
2024-04-17 04:36:51,77,181,3.98,1,15.86,2.75
2024-04-12 15:21:56,26,85,2.34,2,10.31,0.0
2024-04-30 19:57:45,230,25,8.46,1,28.15,2.75
2024-04-04 07:41:21,193,20,2.29,1,13.68,2.75
2024-04-19 11:24:14,103,199,1.2,1,9.78,2.75
2024-04-14 04:43:08,205,199,1.5,1,7.5,2.75
2024-04-19 19:26:34,260,96,2.69,1,11.06,2.75
2024-04-26 02:17:14,233,96,5.84,1,18.55,0.0
2024-04-30 01:40:48,51,49,7.62,1,23.43,2.75
2024-04-15 19:02:17,131,89,1.22,1,5.5,2.75
2024-04-16 09:55:57,66,6,0.51,2,4.02,2.75
2024-04-26 15:39:41,202,146,7.62,1,27.11,0.0
2024-04-18 00:25:56,146,12,1.41,1,10.81,2.75
2024-04-03 15:56:45,258,28,6.53,1,17.95,2.75
2024-04-26 09:18:14,104,43,3.3,1,10.0,0.0
2024-04-19 08:27:47,151,99,2.31,1,10.39,2.75
2024-04-04 19:21:45,118,143,1.06,1,3.0,2.75
2024-04-21 13:07:26,199,97,4.4,3,18.22,2.75
2024-04-23 03:33:07,105,85,6.47,1,23.81,0.0
2024-04-17 20:59:15,10,91,2.66,1,11.98,2.75
2024-04-15 15:39:48,113,30,2.57,3,7.51,2.75
2024-04-25 16:45:16,27,174,5.43,2,16.76,0.0
2024-04-18 18:16:14,99,186,2.93,1,13.55,2.75
2024-04-27 12:12:30,257,30,5.89,1,16.38,2.75
2024-04-15 10:21:12,136,251,0.69,1,5.26,2.75
2024-04-04 13:53:19,226,109,7.32,1,23.12,0.0
2024-04-16 18:25:19,127,213,1.56,1,4.77,2.75
2024-04-10 13:29:12,116,218,1.15,1,5.56,0.0
2024-04-02 01:52:00,171,182,0.61,1,9.8,2.75
2024-04-26 18:05:28,212,37,6.79,2,23.56,2.75
2024-04-11 10:08:19,189,150,0.72,1,6.13,2.75
2024-04-05 06:57:32,214,97,11.31,4,35.86,2.75
2024-04-28 20:56:01,89,24,3.41,1,14.81,2.75
2024-04-12 01:05:21,130,122,4.7,1,19.14,2.75
2024-04-15 10:50:41,23,86,5.02,2,17.56,0.0
2024-04-02 01:56:31,179,161,1.71,2,6.29,0.0
2024-04-12 05:24:44,20,17,6.25,2,22.12,2.75
2024-04-28 21:21:36,242,244,10.73,1,36.5,2.75
2024-04-25 02:18:55,240,218,2.12,1,9.91,2.75
2024-04-28 17:25:54,29,6,6.81,3,22.15,2.75
2024-04-09 12:32:46,245,235,5.68,1,20.96,2.75
2024-04-15 05:16:45,120,124,3.62,1,12.91,2.75
2024-04-20 02:22:08,32,60,2.1,1,11.78,2.75
2024-04-15 04:22:08,140,10,2.38,1,9.77,2.75
2024-04-24 04:53:23,158,16,1.79,3,4.82,2.75
2024-04-08 16:52:02,60,84,2.44,1,11.46,2.75
2024-04-15 18:00:56,139,172,16.49,5,52.57,0.0
2024-04-05 07:03:41,212,147,2.08,1,8.28,2.75
2024-04-24 08:19:35,139,100,4.33,1,15.42,0.0
2024-04-16 07:14:18,111,215,1.85,1,5.49,2.75
2024-04-09 14:26:32,251,85,2.7,2,8.79,2.75
2024-04-26 07:25:58,99,39,0.81,1,3.71,2.75
2024-04-04 06:23:44,178,5,5.54,1,20.58,2.75
2024-04-03 19:42:27,1,86,4.29,4,16.59,2.75
2024-04-28 03:35:37,89,207,1.99,1,5.91,0.0
2024-04-13 06:03:15,113,38,3.1,1,11.39,2.75
2024-04-06 07:54:58,116,256,7.7,1,25.92,2.75
2024-04-24 07:56:01,32,180,0.66,1,6.19,2.75
2024-04-29 07:53:20,262,19,9.82,1,26.97,2.75
2024-04-25 00:46:19,41,163,2.73,1,7.87,0.0
2024-04-29 06:08:37,167,202,7.37,1,23.27,0.0
2024-04-02 06:25:37,221,88,7.42,1,19.85,2.75
2024-04-11 05:37:28,214,175,0.71,1,7.21,2.75
2024-04-15 05:35:48,131,243,5.82,1,20.49,2.75
2024-04-17 10:06:24,48,148,5.12,3,19.28,0.0
2024-04-15 15:00:21,134,5,0.65,1,3.23,2.75
2024-04-19 23:09:53,7,139,10.38,3,34.19,2.75
2024-04-11 13:12:55,44,103,4.02,2,15.08,2.75
2024-04-22 11:05:15,86,258,1.14,1,5.17,0.0
2024-04-16 20:55:18,48,180,0.96,1,7.48,2.75
2024-04-08 19:40:09,240,246,3.39,2,13.61,2.75
2024-04-06 09:43:01,152,148,0.71,1,5.05,0.0
2024-04-02 01:30:10,258,21,1.13,1,5.38,2.75
2024-04-11 07:01:42,44,158,10.88,1,33.72,0.0
2024-04-23 07:52:26,168,176,5.28,1,18.43,2.75
2024-04-15 02:20:25,191,257,3.83,1,14.86,2.75
2024-04-06 03:46:21,152,113,1.32,1,6.32,2.75
2024-04-17 08:48:52,50,168,1.36,1,9.49,2.75
2024-04-26 07:36:06,95,21,2.57,1,9.46,2.75
2024-04-05 01:11:34,242,80,5.41,1,20.19,2.75
2024-04-27 22:16:09,105,228,0.51,3,3.0,2.75
2024-04-08 08:02:58,260,37,0.66,3,3.28,2.75
2024-04-17 06:00:50,138,91,7.64,1,22.59,2.75
2024-04-07 07:54:41,183,152,6.39,2,20.64,2.75
2024-04-24 10:53:34,57,178,4.65,1,19.01,2.75
2024-04-21 19:32:16,240,182,2.92,1,9.11,2.75
2024-04-19 00:39:01,105,110,1.05,1,8.63,0.0
2024-04-06 08:27:21,65,109,0.88,1,4.36,0.0
2024-04-12 02:04:27,140,156,8.75,1,26.47,2.75
2024-04-15 07:13:27,62,260,2.19,1,8.94,0.0
2024-04-24 16:25:03,152,67,4.66,1,16.21,2.75
2024-04-27 22:20:53,130,260,2.63,1,10.54,2.75
2024-04-02 12:43:12,126,37,5.09,4,14.99,2.75
2024-04-11 19:26:35,212,123,1.25,1,6.08,0.0
2024-04-13 15:23:34,162,224,2.82,2,7.93,0.0
2024-04-15 02:31:50,205,195,2.16,1,8.06,0.0
2024-04-12 15:37:28,29,82,1.48,2,5.46,2.75
2024-04-22 00:57:31,182,50,3.69,1,11.85,2.75
2024-04-29 05:31:02,51,78,3.19,1,13.57,2.75
2024-04-21 16:38:15,235,25,2.9,2,13.94,2.75
2024-04-19 13:13:33,14,26,3.63,1,13.98,2.75
2024-04-17 17:28:39,58,60,1.04,2,3.6,2.75
2024-04-03 11:34:40,137,70,2.12,1,8.53,0.0
2024-04-17 08:32:33,128,154,1.87,1,10.48,2.75
2024-04-09 11:30:54,37,48,5.63,1,20.72,2.75
2024-04-05 18:26:13,85,54,0.63,1,9.03,2.75
2024-04-22 12:47:00,210,114,1.66,3,4.77,2.75
2024-04-06 22:00:13,139,110,9.27,1,28.37,0.0
2024-04-06 22:58:58,27,72,1.75,2,9.36,2.75
2024-04-14 19:39:20,233,18,1.08,1,6.19,2.75
2024-04-05 19:22:15,171,15,5.46,1,16.86,2.75
2024-04-14 18:57:32,178,42,0.67,2,3.07,0.0
2024-04-19 17:50:09,20,20,2.44,1,10.2,0.0
2024-04-29 04:36:55,197,16,7.27,3,24.86,0.0
2024-04-12 01:54:22,64,135,11.28,1,37.35,0.0
2024-04-11 04:39:16,44,221,1.5,2,10.58,0.0
2024-04-24 21:12:46,244,95,1.73,2,11.48,2.75
2024-04-30 15:04:47,12,93,3.43,1,10.74,2.75
2024-04-04 01:14:08,260,81,1.4,2,7.9,0.0
2024-04-13 00:36:25,257,78,1.07,1,4.64,0.0
2024-04-29 02:14:42,235,146,2.44,3,12.82,2.75
2024-04-30 17:05:40,247,26,0.76,1,3.8,2.75
2024-04-11 10:52:33,141,197,8.36,1,25.19,2.75
2024-04-01 20:57:07,181,144,1.92,1,10.38,2.75
2024-04-16 14:51:47,153,77,1.93,2,10.95,2.75
2024-04-01 03:51:38,44,201,5.99,1,18.86,0.0
2024-04-11 17:46:16,109,123,1.96,2,10.44,2.75
2024-04-14 01:42:56,98,178,5.51,1,16.97,2.75
2024-04-29 13:38:39,227,8,1.2,1,4.77,0.0
2024-04-14 14:28:14,81,2,3.14,3,8.13,2.75
2024-04-25 00:17:12,218,146,5.62,1,21.19,2.75
2024-04-21 15:07:54,149,36,2.59,2,11.01,2.75
2024-04-09 21:17:57,76,88,0.76,1,3.88,2.75
2024-04-15 03:43:54,80,119,5.17,1,17.34,2.75
2024-04-02 12:21:04,52,42,2.88,3,11.5,0.0
2024-04-18 11:44:21,63,139,1.83,1,8.29,2.75
2024-04-24 12:57:19,84,59,17.77,1,56.73,2.75
2024-04-19 09:35:32,255,180,7.81,1,23.8,2.75
2024-04-03 16:06:44,59,202,0.63,1,5.65,2.75
2024-04-10 03:01:52,8,221,3.65,1,13.57,2.75
2024-04-15 06:37:40,76,49,2.03,2,5.6,0.0
2024-04-14 00:49:21,78,240,0.63,1,8.21,2.75
2024-04-18 08:45:34,124,128,0.54,1,3.0,2.75
2024-04-29 18:19:06,12,28,3.57,1,11.25,2.75
2024-04-26 21:14:49,45,93,1.85,3,6.39,2.75
2024-04-24 00:59:11,53,179,4.75,2,15.4,2.75
2024-04-17 15:53:12,181,217,2.62,1,8.61,2.75
2024-04-10 05:54:52,234,27,5.59,3,18.33,0.0
2024-04-28 06:45:22,186,127,6.37,1,22.92,0.0
2024-04-28 02:19:12,75,98,4.25,2,15.56,2.75
2024-04-04 04:06:34,198,48,2.39,3,7.72,2.75
2024-04-21 22:22:37,79,188,16.12,2,52.05,2.75
2024-04-23 23:54:49,233,110,1.78,1,10.28,2.75
2024-04-24 13:49:26,168,15,3.03,2,10.95,2.75
2024-04-29 09:34:24,23,102,3.07,1,11.42,0.0
2024-04-10 02:30:17,230,94,2.46,1,9.09,0.0
2024-04-24 23:40:54,135,184,0.95,1,3.5,2.75
2024-04-24 15:32:41,38,219,2.03,1,4.21,2.75
2024-04-21 00:19:11,232,129,1.35,1,5.92,2.75
2024-04-22 10:51:06,168,153,8.55,1,33.96,0.0
2024-04-08 18:29:26,103,92,4.23,1,14.61,2.75
2024-04-09 16:10:40,145,43,1.69,1,5.23,2.75
2024-04-05 22:23:05,243,248,3.42,1,14.02,0.0
2024-04-07 22:58:28,148,68,7.22,2,23.78,2.75
2024-04-11 07:20:46,153,208,10.04,1,33.82,2.75
2024-04-12 23:35:57,126,226,0.77,3,5.61,2.75
2024-04-30 03:27:03,192,205,5.91,2,19.72,0.0
2024-04-01 22:33:54,83,145,12.37,1,39.85,2.75
2024-04-06 17:07:02,21,92,2.7,1,13.64,2.75
2024-04-28 09:53:18,121,138,19.44,1,60.54,0.0
2024-04-10 21:05:39,111,17,11.52,1,39.98,2.75
2024-04-03 17:08:21,79,2,4.24,5,16.25,2.75
2024-04-20 15:59:52,85,250,7.08,1,25.57,0.0
2024-04-24 23:18:01,80,119,1.73,1,9.1,2.75
2024-04-11 20:50:57,151,197,9.23,1,29.66,2.75
2024-04-14 02:37:35,244,214,3.64,4,16.06,0.0
2024-04-08 03:52:05,218,107,2.99,3,12.39,0.0
2024-04-20 06:38:40,15,208,6.82,3,21.93,2.75
2024-04-03 06:58:57,101,117,8.21,5,24.53,2.75
2024-04-05 09:40:45,35,9,4.73,1,18.24,2.75
2024-04-21 04:49:16,125,142,0.59,1,3.0,0.0
2024-04-02 19:27:34,224,22,3.68,1,11.88,0.0
2024-04-24 13:21:55,161,169,6.53,2,19.61,2.75
2024-04-01 10:46:35,13,195,3.26,1,14.0,2.75
2024-04-06 06:35:55,165,94,10.06,1,33.61,2.75
2024-04-21 14:28:59,258,193,8.47,1,28.5,2.75
2024-04-29 12:00:23,114,180,3.14,1,12.41,2.75
2024-04-11 21:22:43,120,20,2.31,1,9.75,2.75
2024-04-15 11:49:03,69,225,0.7,2,7.91,2.75
2024-04-30 15:41:54,48,169,4.0,1,11.8,2.75
2024-04-21 14:59:49,58,44,1.58,2,9.8,2.75
2024-04-29 05:04:12,78,188,4.36,1,15.38,2.75
2024-04-05 23:26:00,204,95,6.11,1,24.31,2.75
2024-04-17 04:37:40,225,135,2.34,1,10.57,2.75
2024-04-01 08:29:28,263,94,0.55,3,6.07,2.75
2024-04-11 19:51:35,103,54,7.52,1,25.76,2.75
2024-04-08 23:04:47,109,82,3.29,1,10.4,2.75
2024-04-03 15:54:26,56,135,1.82,1,8.1,2.75
2024-04-23 23:48:07,252,158,4.02,1,14.72,2.75
2024-04-16 01:33:03,72,133,4.43,1,17.05,2.75
2024-04-23 21:33:44,141,35,1.06,3,7.04,0.0
2024-04-01 00:39:15,180,251,4.14,3,17.06,2.75
2024-04-26 09:19:41,203,47,1.68,1,8.73,2.75
2024-04-21 08:31:09,110,44,6.2,1,20.92,0.0
2024-04-18 10:54:37,82,139,10.44,1,32.05,0.0
2024-04-30 19:22:19,84,237,0.88,1,6.67,0.0
2024-04-06 01:55:49,257,170,9.23,2,27.83,2.75
2024-04-24 09:56:35,193,216,8.68,1,29.42,2.75
2024-04-12 05:30:20,139,117,1.97,4,10.5,2.75
2024-04-26 13:25:03,221,238,0.6,1,5.15,2.75
2024-04-16 14:47:26,189,256,4.31,1,13.76,2.75
2024-04-29 01:31:13,197,244,1.98,5,8.14,2.75
2024-04-03 00:44:37,74,88,1.24,1,6.31,2.75
2024-04-18 03:17:14,198,234,0.9,1,5.15,0.0
2024-04-06 20:14:58,260,97,1.26,1,6.94,0.0
2024-04-24 19:06:59,199,18,1.45,1,8.43,0.0
2024-04-26 13:53:05,137,111,6.06,3,20.07,2.75
2024-04-14 08:02:34,175,209,5.86,1,21.39,2.75
2024-04-19 15:45:20,133,65,2.89,4,12.22,0.0
2024-04-30 20:16:57,27,123,3.32,1,14.31,0.0
2024-04-21 02:39:28,257,238,9.25,4,29.47,2.75
2024-04-26 01:35:42,51,123,8.85,2,29.49,2.75
2024-04-11 03:36:40,144,218,6.67,1,21.67,2.75
2024-04-10 16:03:19,236,222,2.14,1,8.64,2.75
2024-04-17 00:39:52,160,113,2.1,4,7.87,2.75
2024-04-29 23:57:18,154,18,8.16,2,25.56,2.75
2024-04-06 18:40:03,37,219,9.64,2,34.37,2.75
2024-04-03 01:45:11,217,161,6.11,1,21.8,0.0
2024-04-05 15:41:52,130,70,5.45,1,16.88,2.75
2024-04-05 03:17:59,76,7,3.36,3,12.32,0.0
2024-04-18 04:08:24,197,1,1.95,2,6.42,2.75
2024-04-01 00:13:34,217,99,1.46,1,7.05,2.75
2024-04-30 16:40:44,99,87,1.03,1,5.12,0.0
2024-04-12 18:56:25,230,80,5.06,1,17.98,0.0
2024-04-01 01:03:45,109,34,5.75,3,16.0,2.75
2024-04-29 23:52:48,164,226,2.05,1,5.36,2.75
2024-04-26 06:32:22,116,223,0.52,1,3.8,0.0
2024-04-03 14:12:03,71,180,10.27,1,34.88,2.75
2024-04-03 01:52:57,214,8,2.51,1,10.18,0.0
2024-04-22 03:19:01,53,243,13.35,1,41.02,2.75
2024-04-19 20:59:23,85,88,4.46,1,14.08,0.0
2024-04-09 13:02:22,76,143,0.96,1,7.87,2.75
2024-04-10 08:43:53,248,28,1.89,1,6.29,2.75
2024-04-30 03:58:40,79,142,4.25,1,15.79,2.75
2024-04-22 05:13:05,107,90,4.17,1,12.61,2.75
2024-04-21 17:43:14,82,186,1.42,1,6.22,2.75
2024-04-30 14:37:39,202,180,1.18,1,7.72,2.75
2024-04-24 14:52:53,230,37,1.63,1,4.7,0.0
2024-04-30 23:44:27,227,2,5.91,2,18.61,2.75
2024-04-23 07:07:38,20,34,1.47,1,9.08,2.75
2024-04-27 04:11:56,178,226,4.73,1,19.37,2.75
2024-04-26 18:12:56,140,73,7.64,1,27.65,2.75
2024-04-26 17:23:23,80,116,2.24,1,10.0,0.0
2024-04-29 01:43:13,182,114,0.52,3,3.0,2.75
2024-04-21 13:47:19,74,30,1.04,1,4.06,0.0
2024-04-16 22:37:41,147,83,1.81,1,8.83,0.0
2024-04-17 19:50:31,233,208,1.24,1,4.02,2.75
2024-04-02 17:16:56,142,107,1.7,1,5.4,0.0
2024-04-19 08:30:51,150,186,3.25,1,14.65,2.75
2024-04-07 03:05:27,132,152,0.57,2,3.0,2.75
2024-04-07 14:04:33,239,150,0.73,1,7.89,2.75
2024-04-25 13:01:50,162,160,7.28,1,25.71,2.75
2024-04-17 11:57:59,250,75,3.09,5,12.99,2.75
2024-04-30 18:44:02,128,170,10.1,1,32.83,2.75
2024-04-15 07:21:38,82,187,0.51,1,8.92,2.75
2024-04-27 19:32:24,232,169,0.5,1,4.98,2.75
2024-04-27 02:50:52,31,53,5.21,1,17.5,2.75
2024-04-13 05:47:52,234,257,2.76,1,10.49,0.0
2024-04-13 16:29:18,84,60,9.08,1,30.4,0.0
2024-04-11 09:27:07,42,222,5.91,4,20.82,2.75
2024-04-18 11:25:49,202,76,2.95,3,12.08,2.75
2024-04-20 09:05:58,251,46,2.78,1,11.68,2.75
2024-04-10 02:48:39,85,260,6.33,1,22.53,2.75
2024-04-21 08:27:26,183,15,6.2,1,17.87,0.0
2024-04-19 11:32:46,71,116,1.63,3,8.31,0.0
2024-04-05 08:10:38,22,12,4.43,1,18.11,0.0
2024-04-23 04:16:52,76,1,4.11,1,15.02,2.75
2024-04-14 16:10:20,168,77,7.28,2,24.82,2.75
2024-04-24 03:05:18,240,30,7.6,2,25.47,2.75
2024-04-06 11:48:34,51,202,1.59,1,7.29,0.0
2024-04-24 22:18:42,83,50,7.91,1,27.25,2.75
2024-04-07 03:38:21,90,130,9.55,2,31.23,0.0
2024-04-16 08:14:21,13,6,0.91,1,5.29,0.0
2024-04-24 22:06:40,157,75,3.48,1,12.39,0.0
2024-04-30 00:12:12,199,166,2.51,1,8.49,0.0
2024-04-13 10:43:51,154,156,2.3,1,6.29,2.75
2024-04-12 07:11:13,198,205,4.77,1,16.36,0.0
2024-04-12 14:03:28,224,244,0.99,1,4.68,0.0
2024-04-10 06:35:41,118,87,6.5,2,25.34,2.75
2024-04-30 02:15:36,151,100,0.59,3,5.32,2.75
2024-04-02 02:08:55,244,186,3.52,3,12.75,0.0
2024-04-22 01:30:00,75,222,1.39,1,7.14,2.75
2024-04-28 00:02:19,213,173,4.35,3,15.98,0.0
2024-04-17 09:38:18,244,42,3.11,1,13.61,2.75
2024-04-10 05:19:44,178,67,29.56,1,90.24,2.75
2024-04-29 10:08:37,108,192,7.44,2,26.15,0.0
2024-04-16 06:39:03,177,143,1.94,1,6.75,2.75
2024-04-24 21:04:09,174,154,3.13,1,11.4,2.75
2024-04-16 00:27:04,93,94,1.84,2,6.07,0.0
2024-04-11 00:11:26,100,197,5.07,1,15.02,2.75
2024-04-01 13:54:04,181,95,2.42,1,13.81,2.75
2024-04-11 03:30:50,159,249,0.93,4,6.02,0.0
2024-04-24 02:51:39,96,22,4.28,1,15.53,0.0
2024-04-22 19:02:41,232,54,0.54,1,3.0,2.75
2024-04-01 16:06:05,251,125,1.73,2,9.81,2.75
2024-04-01 19:22:56,67,207,8.82,2,29.63,2.75
2024-04-28 16:05:55,237,181,0.85,1,4.71,2.75
2024-04-26 07:48:04,19,162,2.96,1,9.01,2.75
2024-04-04 19:42:06,207,141,6.05,2,23.05,0.0
2024-04-05 14:09:22,103,123,8.72,2,28.48,0.0
2024-04-03 00:57:31,159,192,3.37,5,11.26,2.75
2024-04-29 02:42:54,195,56,1.08,1,5.3,0.0
2024-04-27 17:37:10,51,247,10.4,1,37.03,2.75
2024-04-29 14:36:27,224,191,5.34,1,20.6,2.75
2024-04-06 14:01:44,202,170,2.26,1,8.63,2.75
2024-04-15 14:13:39,92,219,1.64,2,12.74,2.75
2024-04-24 10:29:56,155,34,0.67,1,4.9,2.75
2024-04-18 16:52:26,176,36,1.24,1,3.29,2.75
2024-04-04 14:18:39,110,228,5.76,1,19.92,2.75
2024-04-16 16:35:59,223,67,0.9,1,4.19,2.75
2024-04-09 03:55:15,179,7,0.99,1,6.73,2.75
2024-04-03 05:15:50,226,23,1.26,4,6.25,2.75
2024-04-30 04:28:39,75,23,2.26,1,7.98,0.0
2024-04-10 11:11:05,71,69,1.23,1,7.21,0.0
2024-04-03 10:21:27,209,13,8.71,1,25.7,0.0
2024-04-10 06:50:36,103,248,1.54,1,7.58,2.75
2024-04-21 19:05:17,41,59,9.32,1,35.17,2.75
2024-04-07 23:24:11,30,258,15.19,1,50.36,2.75
2024-04-14 09:14:40,243,208,5.42,1,16.43,2.75
2024-04-08 09:34:00,52,129,0.53,1,7.06,0.0
2024-04-04 22:22:00,57,198,1.46,1,7.16,0.0
2024-04-19 10:19:01,190,97,1.59,1,6.0,0.0
2024-04-28 11:50:23,79,28,3.24,1,12.38,0.0
2024-04-15 15:46:06,196,133,1.1,1,8.03,2.75
2024-04-12 15:52:47,197,104,0.78,1,3.79,2.75
2024-04-07 01:07:51,31,42,1.18,1,3.02,2.75
2024-04-10 19:37:48,30,153,1.89,2,6.44,2.75
2024-04-04 12:36:48,113,9,0.68,1,4.71,2.75
2024-04-19 08:42:58,138,224,1.26,1,4.38,2.75
2024-04-16 20:59:58,222,39,1.14,1,6.25,2.75
2024-04-12 00:21:52,172,38,5.68,2,18.76,2.75
2024-04-29 10:26:17,155,109,1.15,1,3.59,0.0
2024-04-12 15:03:28,220,60,5.99,1,21.51,2.75
2024-04-03 11:07:55,12,62,2.98,5,12.4,0.0
2024-04-16 05:30:56,85,31,5.46,1,19.5,2.75
2024-04-14 06:31:31,222,30,2.59,1,6.71,2.75
2024-04-01 08:45:16,49,66,8.6,3,25.93,2.75
2024-04-04 22:12:06,180,263,1.63,1,8.71,2.75
2024-04-18 10:14:30,10,158,5.6,2,18.74,2.75
2024-04-25 19:04:11,261,161,1.12,1,7.35,2.75
2024-04-24 23:03:23,186,111,8.0,1,24.6,2.75
2024-04-10 16:40:20,229,38,0.6,1,3.0,2.75
2024-04-07 03:10:48,158,212,2.64,1,9.37,2.75
2024-04-26 12:45:15,21,137,2.41,1,9.7,0.0
2024-04-06 10:40:09,16,158,3.92,1,15.16,2.75
2024-04-17 14:26:11,115,134,2.54,4,10.42,0.0
2024-04-22 16:18:10,6,189,3.61,1,14.31,2.75
2024-04-27 18:23:20,259,165,7.42,1,25.75,0.0
2024-04-13 14:46:46,40,79,1.04,2,4.34,2.75
2024-04-03 09:45:32,232,252,1.48,1,9.4,2.75
2024-04-02 11:53:09,7,206,6.18,5,19.87,2.75
2024-04-12 13:56:38,93,148,1.41,1,4.77,2.75
2024-04-12 22:45:02,21,18,8.76,1,29.37,0.0
2024-04-21 04:16:36,11,191,3.22,1,11.61,2.75
2024-04-19 16:34:10,50,185,0.8,5,7.47,0.0
2024-04-28 19:43:30,45,217,0.57,1,3.56,2.75
2024-04-27 17:25:32,35,88,5.54,2,17.62,0.0
2024-04-19 23:31:12,141,95,7.29,1,23.48,0.0
2024-04-21 00:48:11,144,61,1.46,1,7.44,2.75
2024-04-22 18:52:55,245,82,1.46,1,7.57,2.75
2024-04-01 19:33:28,193,78,11.28,1,34.28,0.0
2024-04-26 22:45:15,35,196,4.24,1,15.53,0.0
2024-04-17 10:35:06,178,40,1.14,2,5.02,2.75
2024-04-16 05:24:33,151,24,2.58,1,9.91,2.75
2024-04-03 17:36:32,99,160,8.94,3,28.83,0.0
2024-04-17 12:09:08,29,137,3.9,3,14.95,2.75
2024-04-05 03:28:41,150,39,2.33,1,10.89,2.75
2024-04-07 12:45:12,208,108,1.07,2,5.78,0.0
2024-04-20 11:08:37,262,227,5.03,1,20.49,0.0
2024-04-15 14:04:06,210,69,1.63,1,10.3,2.75
2024-04-04 22:39:51,89,263,3.42,1,13.79,2.75
2024-04-28 01:24:51,237,17,3.71,1,15.4,2.75
2024-04-03 04:03:21,248,227,3.34,1,10.41,2.75
2024-04-30 09:58:46,258,192,1.49,1,6.89,2.75
2024-04-21 01:34:35,192,28,4.81,1,14.24,2.75
2024-04-28 01:01:46,96,215,3.42,1,12.73,2.75
2024-04-02 17:21:05,36,18,2.31,3,8.58,0.0
2024-04-25 15:53:49,96,110,0.69,1,4.56,2.75
2024-04-18 10:54:48,37,121,1.91,1,7.26,2.75
2024-04-12 10:37:32,234,64,2.02,2,8.24,0.0
2024-04-02 19:58:57,102,37,5.98,1,21.33,0.0
2024-04-04 03:28:15,180,3,3.02,1,9.95,2.75
2024-04-04 08:42:18,70,135,9.91,4,32.34,0.0
2024-04-24 07:44:24,107,83,5.36,1,19.37,2.75
2024-04-10 21:22:08,47,207,3.2,1,11.27,2.75
2024-04-17 03:26:57,108,167,1.15,1,3.74,0.0
2024-04-24 00:49:30,69,133,1.37,1,6.79,2.75
2024-04-18 15:40:49,2,79,1.11,2,7.55,2.75
2024-04-21 23:15:05,219,109,2.55,1,11.05,0.0
2024-04-25 07:18:53,45,26,4.99,1,16.18,2.75
2024-04-13 08:05:06,233,167,5.49,1,18.02,2.75
2024-04-07 17:55:30,189,173,0.85,3,3.99,2.75
2024-04-21 08:23:05,122,31,2.9,1,8.44,0.0
2024-04-28 21:42:39,65,151,2.8,1,14.71,2.75
2024-04-19 14:37:00,149,40,2.52,1,10.49,0.0
2024-04-15 20:40:15,249,260,1.75,1,9.52,2.75
2024-04-05 13:44:23,67,81,2.76,1,10.57,2.75
2024-04-09 19:11:03,59,174,3.04,1,8.94,0.0
2024-04-17 04:26:06,115,75,3.7,1,14.95,2.75
2024-04-14 14:35:24,116,42,2.16,3,12.05,2.75
2024-04-16 14:27:36,237,97,10.66,1,32.49,2.75
2024-04-20 03:38:34,47,167,1.95,2,5.22,0.0
2024-04-02 23:30:03,109,198,8.39,1,28.15,2.75
2024-04-06 01:25:40,113,103,6.16,2,25.14,2.75
2024-04-18 04:43:35,33,47,2.69,2,10.75,0.0
2024-04-13 06:24:56,162,166,2.9,1,9.64,2.75
2024-04-24 10:12:01,90,18,7.64,2,28.08,2.75
2024-04-07 19:43:33,51,2,2.88,1,10.76,2.75
2024-04-12 09:40:56,144,105,4.48,2,14.91,2.75
2024-04-15 16:59:08,104,102,6.3,1,22.54,2.75
2024-04-27 23:50:29,170,182,8.85,1,30.99,0.0
2024-04-14 11:51:12,16,209,1.36,1,3.42,2.75
2024-04-02 10:49:15,133,216,13.46,2,43.86,2.75
2024-04-21 10:29:54,170,260,12.27,1,37.15,2.75
2024-04-06 05:32:10,30,7,1.74,1,5.74,0.0
2024-04-25 09:48:52,160,207,3.83,1,15.51,2.75
2024-04-10 23:37:42,147,57,0.67,3,4.1,2.75
2024-04-08 08:56:24,237,30,1.14,1,4.25,2.75
2024-04-18 19:42:49,175,251,3.57,1,15.05,0.0
2024-04-08 07:06:03,72,221,4.18,1,16.21,2.75
2024-04-02 12:56:41,127,241,3.18,1,12.13,2.75
2024-04-11 11:39:14,196,172,4.77,2,15.73,2.75
2024-04-17 20:27:16,185,245,6.01,1,19.46,2.75
2024-04-26 16:36:28,150,205,1.15,1,3.0,2.75
2024-04-17 12:08:42,214,231,4.27,1,18.74,2.75
2024-04-13 06:21:32,94,36,3.39,1,13.09,2.75
2024-04-17 03:13:41,58,99,0.94,1,3.22,2.75
2024-04-05 23:11:51,219,258,1.41,1,10.86,2.75
2024-04-21 05:33:41,219,142,2.4,3,9.24,2.75
2024-04-04 19:01:56,13,208,7.48,1,26.34,2.75
2024-04-30 13:53:22,140,113,1.36,2,5.44,0.0
2024-04-14 02:32:04,119,100,1.21,1,5.9,2.75
2024-04-02 15:32:04,97,104,4.97,1,17.22,0.0
2024-04-01 23:41:01,47,240,13.52,1,44.03,2.75
2024-04-27 19:50:19,152,241,2.58,1,12.5,2.75
2024-04-19 12:49:41,173,149,2.01,1,7.76,2.75
2024-04-27 01:41:38,237,220,1.53,2,6.84,2.75
2024-04-24 03:27:37,31,82,0.68,2,7.45,0.0
2024-04-29 02:42:30,213,151,1.19,3,7.03,2.75
2024-04-28 06:03:43,78,134,0.84,1,4.91,2.75
2024-04-03 10:14:51,41,225,2.88,1,13.24,2.75
2024-04-25 20:19:59,146,125,13.89,1,43.64,2.75
2024-04-06 11:05:39,12,96,5.92,1,19.33,0.0
2024-04-21 07:43:55,248,240,3.72,1,14.24,0.0
2024-04-19 12:18:25,229,85,2.83,1,11.18,2.75
2024-04-29 17:21:52,179,84,3.86,1,13.22,2.75
2024-04-08 20:28:34,160,6,2.15,1,9.61,0.0
2024-04-16 13:32:01,221,7,1.19,1,3.0,2.75
2024-04-25 00:12:53,164,14,3.62,3,12.3,2.75
2024-04-15 03:12:52,168,3,3.13,2,9.14,0.0
2024-04-01 00:21:44,219,225,10.62,1,32.02,2.75
2024-04-11 09:41:20,70,168,4.17,1,11.71,2.75
2024-04-11 01:20:00,260,132,5.7,1,19.31,2.75
2024-04-10 05:14:14,63,121,0.84,2,3.89,2.75
2024-04-01 21:29:14,246,236,5.51,1,19.76,2.75
2024-04-30 05:06:25,50,23,14.73,1,47.55,2.75
2024-04-14 12:37:01,234,102,4.25,3,17.81,2.75
2024-04-03 04:44:56,16,132,5.24,1,16.74,2.75
2024-04-28 03:20:11,4,1,14.11,2,45.25,0.0
2024-04-18 11:31:12,157,32,2.24,2,8.67,0.0
2024-04-20 14:08:29,220,149,6.58,1,22.99,2.75
2024-04-24 00:20:07,51,166,2.29,1,9.87,0.0
2024-04-16 04:59:24,42,177,2.44,2,9.17,2.75
2024-04-13 10:14:26,135,93,4.26,3,15.14,2.75
2024-04-29 01:12:53,259,117,1.54,1,4.29,2.75
2024-04-26 10:17:27,191,96,17.76,1,56.81,2.75
2024-04-06 02:42:32,256,59,1.9,2,4.35,2.75
2024-04-28 09:32:31,236,141,0.96,1,6.31,0.0
2024-04-28 04:58:27,73,51,1.86,1,5.28,2.75
2024-04-11 12:36:35,74,255,7.28,3,25.77,2.75
2024-04-22 02:12:46,123,91,1.82,1,8.85,2.75
2024-04-16 03:10:21,70,177,3.81,1,12.7,2.75
2024-04-11 23:44:16,79,103,10.08,1,28.86,0.0
2024-04-16 18:04:54,248,142,1.55,1,7.98,2.75
2024-04-07 05:06:49,187,30,0.99,5,3.0,2.75
2024-04-08 05:27:14,141,142,0.86,1,6.8,2.75
2024-04-15 12:47:47,44,203,2.53,1,7.37,2.75
2024-04-23 20:22:18,247,223,0.89,1,3.0,0.0
2024-04-26 22:45:28,226,3,2.62,1,9.72,2.75
2024-04-25 22:54:45,67,39,7.45,1,21.87,2.75
2024-04-20 00:39:25,253,98,5.76,3,19.3,2.75
2024-04-01 12:10:56,179,128,3.55,1,9.6,2.75
2024-04-22 04:45:24,129,167,7.15,1,24.4,0.0
2024-04-30 04:16:23,115,151,0.87,5,3.43,2.75
2024-04-26 16:19:50,202,248,3.79,1,17.91,2.75
2024-04-21 23:05:46,117,59,0.93,1,5.54,2.75
2024-04-22 06:15:35,35,218,2.8,1,11.4,2.75
2024-04-10 04:45:33,106,83,2.68,1,10.65,2.75
2024-04-09 10:35:53,249,102,1.58,1,3.64,2.75
2024-04-18 12:13:40,152,148,6.7,1,23.02,2.75
2024-04-23 00:49:27,141,244,1.41,1,3.0,0.0
2024-04-05 00:58:55,162,48,3.31,1,16.71,0.0
2024-04-30 23:20:26,147,250,2.8,4,7.08,2.75
2024-04-17 23:00:26,256,217,2.48,1,7.13,2.75
2024-04-23 11:40:53,91,235,0.62,1,5.56,0.0
2024-04-17 07:49:58,218,1,4.68,2,18.09,0.0
2024-04-17 20:51:06,139,97,0.54,2,6.81,0.0
2024-04-11 19:08:50,177,263,6.51,4,24.7,2.75
2024-04-16 16:31:51,76,90,1.58,1,5.26,0.0
2024-04-27 19:51:04,57,199,0.95,1,3.0,2.75
2024-04-19 05:48:39,28,100,2.39,1,10.19,0.0
2024-04-21 02:42:42,150,152,3.37,1,10.34,2.75
2024-04-24 18:44:08,199,69,1.8,1,6.84,0.0
2024-04-10 03:49:36,164,214,0.95,1,5.15,2.75
2024-04-30 06:16:34,182,108,0.56,3,6.89,0.0
2024-04-10 10:09:15,240,164,4.76,1,17.9,0.0
2024-04-12 00:39:51,242,248,8.11,1,25.84,0.0
2024-04-10 05:44:37,66,198,0.87,1,3.22,0.0
2024-04-06 08:08:42,171,12,1.42,1,4.33,2.75
2024-04-27 18:47:11,133,156,0.57,1,8.81,2.75
2024-04-26 05:09:46,81,186,8.07,1,25.96,0.0
2024-04-11 21:56:07,165,236,2.56,1,11.17,2.75
2024-04-12 15:24:04,63,224,9.58,4,33.49,2.75
2024-04-13 17:44:18,51,34,2.71,1,10.85,2.75
2024-04-06 04:25:05,72,101,7.44,3,26.63,2.75
2024-04-29 04:35:03,43,254,11.11,1,35.04,2.75
2024-04-12 15:28:57,216,163,1.93,1,10.58,2.75
2024-04-10 20:26:38,191,37,4.08,1,17.15,2.75
2024-04-06 21:14:29,158,211,4.34,1,13.63,2.75
2024-04-18 09:42:42,90,86,0.58,1,3.91,0.0
2024-04-10 14:13:06,104,91,2.52,1,11.07,2.75
2024-04-28 18:04:26,51,251,7.27,1,25.04,0.0
2024-04-25 11:03:35,254,208,10.73,1,34.71,2.75
2024-04-15 05:35:47,107,260,8.53,1,29.65,0.0
2024-04-08 01:19:23,236,113,13.13,1,44.95,2.75
2024-04-17 23:58:37,105,92,4.2,1,11.57,2.75
2024-04-09 23:21:39,255,173,1.43,1,5.14,2.75
2024-04-16 09:31:35,20,130,3.5,1,9.88,0.0
2024-04-13 09:26:47,72,88,2.41,1,12.32,2.75
2024-04-23 03:05:43,117,246,1.55,1,7.46,2.75
2024-04-09 03:18:11,130,55,5.69,5,19.09,2.75
2024-04-10 08:52:12,120,4,3.97,5,13.85,2.75
2024-04-19 00:41:51,213,29,5.96,1,17.77,2.75
2024-04-27 11:26:01,229,189,1.6,2,8.15,2.75
2024-04-09 22:50:18,183,46,8.7,1,31.56,2.75
2024-04-19 18:59:21,134,97,1.45,1,8.33,2.75
2024-04-01 03:09:17,231,49,3.72,2,12.3,2.75
2024-04-30 14:22:21,246,120,0.71,1,3.0,2.75
2024-04-08 20:58:26,252,146,3.23,2,13.29,0.0
2024-04-13 04:49:02,225,249,0.86,1,3.14,2.75
2024-04-10 14:00:08,157,74,1.91,1,7.28,2.75
2024-04-22 20:32:06,119,107,7.4,3,22.76,2.75
2024-04-29 18:39:15,94,184,8.34,1,28.02,0.0
2024-04-19 19:11:12,228,71,5.6,1,16.46,2.75
2024-04-18 07:21:38,186,20,2.1,1,13.58,2.75
2024-04-29 05:20:45,185,157,3.53,3,11.37,2.75
2024-04-22 16:52:55,230,225,1.39,1,3.95,2.75
2024-04-04 10:10:43,158,178,4.47,1,20.31,2.75
2024-04-16 00:11:05,77,118,1.99,1,6.93,2.75
2024-04-16 17:51:05,82,159,1.37,1,6.86,2.75
2024-04-06 17:13:05,181,13,3.58,1,16.25,0.0
2024-04-27 19:12:54,196,56,0.91,1,3.58,2.75
2024-04-10 08:56:58,60,240,4.56,1,13.5,2.75
2024-04-16 20:33:13,151,156,1.22,1,4.7,2.75
2024-04-20 12:06:16,61,80,3.32,2,10.56,0.0
2024-04-13 05:21:25,135,114,2.24,1,14.51,2.75
2024-04-03 19:17:05,39,33,3.42,3,13.92,0.0
2024-04-21 15:11:40,253,114,1.49,1,7.05,2.75
2024-04-03 09:50:22,106,63,1.8,1,8.6,2.75
2024-04-18 13:33:49,233,26,1.03,4,3.5,2.75
2024-04-03 22:51:57,170,87,5.75,1,19.9,2.75
2024-04-10 15:23:58,217,257,0.75,1,4.26,2.75
2024-04-18 05:10:44,14,93,2.15,2,10.05,2.75
2024-04-04 03:44:19,16,200,2.59,1,9.19,0.0
2024-04-17 08:05:04,219,205,1.26,1,4.97,0.0
2024-04-29 23:44:56,169,84,2.2,1,6.05,2.75
2024-04-17 20:01:11,14,107,2.4,1,14.56,2.75
2024-04-19 10:45:22,243,247,1.39,3,7.37,2.75
2024-04-15 18:50:21,8,5,4.07,1,13.06,0.0
2024-04-21 23:34:59,111,14,0.61,2,3.36,2.75
2024-04-01 10:47:52,40,218,1.27,1,4.56,2.75
2024-04-19 20:10:35,68,234,3.92,1,18.32,2.75
2024-04-11 01:15:15,123,45,3.96,1,14.49,2.75
2024-04-07 08:06:34,166,160,1.58,1,5.86,0.0
2024-04-25 19:14:05,203,158,4.52,1,18.35,2.75
2024-04-22 13:34:07,128,100,2.72,1,4.56,2.75
2024-04-08 03:34:14,152,83,3.12,1,11.73,2.75
2024-04-29 02:30:13,146,44,1.92,1,6.31,2.75
2024-04-05 04:41:52,49,153,15.03,1,46.42,2.75
2024-04-15 17:53:45,3,170,5.18,3,18.82,2.75
2024-04-02 14:28:39,251,21,1.5,2,4.73,2.75
2024-04-30 19:37:52,77,250,1.44,1,7.69,2.75
2024-04-27 00:34:55,220,189,5.71,1,17.6,2.75
2024-04-30 14:04:03,228,21,2.22,2,6.34,2.75
2024-04-25 03:19:49,118,160,0.84,1,3.51,2.75
2024-04-21 17:04:06,235,219,0.63,1,5.84,2.75
2024-04-09 15:36:45,168,17,2.37,1,10.82,2.75
2024-04-08 06:22:02,260,4,2.37,1,8.83,2.75
2024-04-28 14:38:37,193,39,4.79,1,16.96,2.75
2024-04-28 06:15:32,184,189,3.49,1,16.36,2.75
2024-04-25 22:13:39,10,142,5.65,1,21.51,2.75
2024-04-23 02:04:37,141,130,1.84,1,6.72,2.75
2024-04-02 06:56:54,22,176,3.93,1,10.51,0.0
2024-04-01 11:58:06,193,194,8.09,3,28.17,2.75
2024-04-08 00:10:32,92,179,0.75,5,3.87,2.75
2024-04-13 03:26:54,97,240,4.81,1,13.1,2.75
2024-04-10 22:05:11,141,132,4.9,1,17.5,2.75
2024-04-15 09:09:42,257,81,6.03,1,21.52,2.75
2024-04-10 20:59:52,38,161,1.6,1,5.32,2.75
2024-04-25 19:39:46,247,181,2.39,1,12.8,2.75
2024-04-22 23:27:31,256,58,1.46,1,6.75,2.75
2024-04-09 03:23:27,85,191,1.79,1,8.54,0.0
2024-04-14 18:23:09,37,42,12.6,3,37.91,2.75
2024-04-29 00:51:40,185,95,2.56,1,10.27,2.75
2024-04-16 21:10:09,98,89,7.11,1,22.84,2.75
2024-04-22 12:06:39,30,109,6.04,1,24.88,0.0
2024-04-02 05:21:51,191,233,2.56,1,9.09,2.75
2024-04-22 00:43:50,201,102,17.48,1,54.52,0.0
2024-04-19 20:49:28,189,21,6.93,1,20.7,2.75
2024-04-22 04:40:46,258,83,2.81,1,13.81,0.0
2024-04-28 03:28:06,155,161,1.8,3,6.79,2.75
2024-04-02 08:59:38,228,198,0.77,1,3.0,2.75
2024-04-23 22:57:59,5,42,2.69,1,11.81,2.75
2024-04-13 12:27:59,129,37,2.06,3,10.01,2.75
2024-04-13 07:31:46,74,200,4.85,1,15.65,2.75
2024-04-17 21:04:16,24,154,0.57,1,3.0,2.75
2024-04-14 16:16:22,206,39,6.73,1,22.37,2.75
2024-04-27 21:23:42,146,47,2.39,1,8.52,2.75
2024-04-01 00:03:04,89,110,2.72,1,9.76,2.75
2024-04-30 22:24:51,22,186,1.21,1,6.96,0.0
2024-04-26 16:18:01,44,185,10.2,1,34.28,2.75
2024-04-24 07:49:14,37,216,2.28,1,9.32,2.75
2024-04-21 22:51:36,7,110,6.97,1,20.89,2.75
2024-04-25 22:02:42,169,200,1.45,1,3.0,2.75
2024-04-20 02:46:31,70,173,0.86,1,4.87,2.75
2024-04-13 00:17:05,213,4,4.03,1,10.31,2.75
2024-04-24 03:13:34,71,61,15.07,1,46.1,2.75
2024-04-09 03:30:44,207,171,4.14,1,15.3,0.0
2024-04-21 10:08:19,72,147,3.78,1,14.18,0.0
2024-04-01 22:22:08,180,129,2.54,2,9.61,2.75
2024-04-03 03:43:05,208,147,1.67,1,7.5,0.0
2024-04-27 09:42:00,177,51,2.47,2,10.66,2.75
2024-04-19 07:43:17,195,64,1.06,1,3.0,0.0
2024-04-20 19:05:41,239,63,1.56,1,4.95,2.75
2024-04-24 02:32:29,154,43,2.84,1,11.88,2.75
2024-04-21 16:12:26,154,70,1.05,2,6.13,2.75
2024-04-20 07:50:57,30,256,5.99,1,19.6,2.75
2024-04-02 08:09:02,27,23,0.54,2,5.83,2.75
2024-04-22 02:40:11,240,257,1.86,1,10.7,0.0
2024-04-24 16:19:23,243,61,3.04,1,10.01,2.75
2024-04-28 20:16:15,132,207,9.76,2,33.49,0.0
2024-04-07 23:41:12,179,132,3.48,1,12.05,2.75
2024-04-16 08:05:46,98,1,1.72,1,3.91,2.75
2024-04-09 21:51:07,237,40,2.02,1,8.73,2.75
2024-04-10 18:24:15,138,247,1.95,1,10.22,2.75
2024-04-26 07:48:19,118,138,1.2,5,4.69,0.0
2024-04-05 05:40:14,106,17,1.05,1,7.92,2.75
2024-04-04 09:21:21,36,124,2.79,1,10.3,2.75
2024-04-07 16:43:33,46,91,1.6,2,8.57,2.75
2024-04-15 17:44:00,104,246,0.84,2,6.35,0.0
2024-04-21 21:41:46,70,113,1.35,1,6.54,2.75
2024-04-11 01:16:31,207,126,3.07,1,15.81,2.75
2024-04-09 06:46:37,221,241,1.54,3,9.82,2.75
2024-04-30 13:49:25,89,138,1.45,2,3.18,2.75
2024-04-18 09:24:11,3,246,3.89,1,9.87,2.75
2024-04-22 01:02:45,231,238,4.59,1,17.05,2.75
2024-04-13 01:43:50,118,9,1.47,1,3.0,2.75
2024-04-17 04:28:27,114,46,2.74,1,10.49,2.75
2024-04-17 01:49:23,202,124,5.56,1,21.16,2.75
2024-04-01 06:19:03,30,68,4.6,1,17.23,2.75
2024-04-10 18:12:51,247,132,0.75,4,3.49,2.75
2024-04-12 12:03:50,81,237,2.06,1,10.95,0.0
2024-04-12 22:25:09,246,213,5.0,1,16.92,2.75
2024-04-15 14:13:00,184,59,1.19,1,6.08,0.0
2024-04-25 14:58:11,33,153,1.26,1,5.54,2.75
2024-04-13 12:44:57,102,82,3.98,1,15.52,2.75
2024-04-06 01:10:11,111,238,1.67,1,5.18,0.0
2024-04-12 05:18:56,206,49,1.87,1,7.71,0.0
2024-04-13 14:47:02,215,65,3.09,1,12.76,2.75
2024-04-14 14:25:06,103,189,5.36,2,22.46,2.75
2024-04-06 01:54:54,78,9,2.91,2,12.37,2.75
2024-04-25 04:39:58,175,96,8.34,1,23.15,0.0
2024-04-11 20:36:42,52,85,0.89,1,6.16,2.75
2024-04-18 14:47:24,175,36,5.41,1,17.54,2.75
2024-04-01 23:10:04,199,83,3.25,1,13.67,2.75
2024-04-16 17:23:58,88,163,6.44,4,18.92,2.75
2024-04-14 06:07:22,171,214,1.83,1,6.01,2.75
2024-04-06 21:16:34,37,221,2.8,1,10.29,0.0
2024-04-15 07:34:43,123,119,6.57,4,21.71,2.75
2024-04-19 06:36:29,201,76,6.74,1,24.17,2.75
2024-04-15 21:32:36,64,69,2.15,1,10.27,0.0
2024-04-21 06:30:47,188,94,6.54,4,19.98,2.75
2024-04-15 20:01:00,215,254,4.51,3,18.68,2.75
2024-04-28 15:25:42,243,4,2.34,4,9.88,2.75
2024-04-27 19:28:40,150,56,12.74,2,38.57,2.75
2024-04-17 14:08:58,124,43,0.61,2,3.0,0.0
2024-04-19 07:42:58,198,58,2.19,1,11.59,2.75
2024-04-13 03:26:53,36,250,1.78,1,6.65,2.75
2024-04-19 15:38:18,35,144,10.11,1,31.39,2.75
2024-04-05 01:27:37,113,18,0.87,3,6.5,2.75
2024-04-19 14:50:40,175,166,3.96,1,11.82,2.75
2024-04-20 23:52:16,33,32,4.91,1,16.19,2.75
2024-04-12 13:34:51,213,112,1.21,1,4.76,2.75
2024-04-06 05:44:45,203,225,1.07,1,5.47,0.0
2024-04-01 21:26:25,254,74,0.67,1,5.46,0.0
2024-04-17 19:47:52,56,154,1.11,1,7.38,2.75
2024-04-16 02:27:42,13,110,6.28,1,22.41,2.75
2024-04-09 05:55:15,50,173,10.59,1,36.85,2.75
2024-04-05 09:05:37,248,146,8.61,1,26.79,0.0
2024-04-20 05:17:06,233,102,2.09,1,9.42,0.0
2024-04-02 05:39:05,28,15,5.03,1,16.57,2.75
2024-04-16 22:13:56,104,249,6.64,1,22.13,0.0
2024-04-07 21:19:04,96,65,6.36,2,21.26,2.75
2024-04-23 20:33:27,193,174,0.73,2,3.0,0.0
2024-04-12 12:19:24,125,30,1.35,1,6.93,2.75
2024-04-28 18:15:07,81,41,10.29,1,33.5,2.75
2024-04-17 03:49:49,7,67,5.21,1,18.11,2.75
2024-04-23 03:38:58,83,26,6.79,4,22.2,2.75
2024-04-28 18:51:53,24,118,3.03,1,7.23,2.75
2024-04-27 12:24:11,114,209,2.25,1,9.48,2.75
2024-04-11 23:35:41,15,248,4.19,1,16.18,2.75
2024-04-10 08:09:11,113,95,2.74,1,14.09,0.0
2024-04-12 23:40:03,250,95,2.14,2,9.65,2.75
2024-04-11 07:29:47,145,102,2.0,4,13.84,2.75
2024-04-05 07:20:27,19,214,1.1,2,5.84,2.75
2024-04-03 21:09:05,9,131,3.14,1,12.37,2.75
2024-04-27 00:24:06,185,132,3.07,2,11.28,0.0
2024-04-19 02:42:12,38,102,3.63,4,12.37,2.75
2024-04-21 22:12:57,211,57,0.93,1,6.45,0.0
2024-04-26 03:22:07,134,193,9.12,1,32.39,0.0
2024-04-01 16:51:06,102,255,5.24,1,19.28,2.75
2024-04-29 11:22:53,149,162,0.99,2,5.93,0.0
2024-04-16 19:38:45,93,32,0.79,4,4.15,0.0
2024-04-20 10:49:49,140,172,4.1,4,14.72,2.75
2024-04-02 15:34:35,262,97,1.96,1,8.33,2.75
2024-04-07 18:26:05,81,139,1.84,1,8.52,2.75
2024-04-11 06:20:37,32,141,6.91,1,23.45,2.75
2024-04-18 23:52:57,188,153,1.98,1,6.62,0.0
2024-04-19 22:58:19,136,198,4.0,4,17.35,0.0
2024-04-21 02:27:19,166,132,3.2,2,16.1,0.0
2024-04-06 14:55:05,147,26,1.57,1,7.14,2.75
2024-04-04 16:35:52,245,72,1.91,1,8.42,2.75
2024-04-26 16:54:43,183,208,10.54,1,35.33,2.75
2024-04-05 02:20:00,9,170,1.91,1,6.74,2.75
2024-04-25 18:27:30,156,231,5.86,1,21.12,2.75
2024-04-18 14:34:27,176,168,7.41,1,23.8,2.75
2024-04-05 04:18:36,114,215,0.76,4,4.09,0.0
2024-04-18 09:17:04,243,116,4.31,1,12.94,2.75
2024-04-18 13:03:08,167,144,5.34,1,17.69,2.75
2024-04-06 05:23:40,223,36,2.49,2,10.42,2.75
2024-04-29 22:10:41,191,223,3.45,1,16.33,2.75
2024-04-10 12:29:50,64,236,1.12,1,5.36,0.0
2024-04-06 10:03:25,173,184,1.84,4,6.99,2.75
2024-04-19 09:19:28,257,242,4.8,1,17.79,2.75
2024-04-14 14:03:08,203,208,3.73,5,16.04,0.0
2024-04-08 18:19:16,77,58,1.01,3,8.3,0.0
2024-04-13 01:01:26,103,149,15.99,1,47.61,0.0
2024-04-27 21:02:10,226,64,10.22,1,33.36,2.75
2024-04-14 03:34:05,226,135,1.39,1,10.32,0.0
2024-04-05 03:45:40,227,19,7.78,1,23.35,2.75
2024-04-25 14:07:00,96,86,1.59,3,7.71,2.75
2024-04-26 00:29:48,76,174,3.4,1,13.27,2.75
2024-04-11 22:42:31,33,38,5.83,2,17.26,2.75
2024-04-29 17:44:17,82,141,1.98,1,9.52,2.75
2024-04-21 17:56:46,69,199,3.34,1,13.74,2.75
2024-04-10 06:58:37,219,35,2.59,1,9.17,2.75
2024-04-03 12:32:55,120,131,5.5,1,16.61,0.0
2024-04-13 09:58:32,48,227,2.78,5,13.6,0.0
2024-04-12 07:38:02,68,144,3.43,1,10.57,0.0
2024-04-19 11:41:29,85,144,7.04,1,26.54,2.75
2024-04-18 18:53:13,256,194,4.7,1,17.36,2.75
2024-04-15 00:58:11,205,166,3.12,1,11.53,2.75
2024-04-29 04:18:25,233,24,2.67,1,13.27,0.0
2024-04-26 11:30:01,65,215,0.97,1,4.89,2.75
2024-04-13 10:27:08,79,236,0.7,1,4.57,0.0
2024-04-18 21:57:04,14,123,11.18,1,37.47,2.75
2024-04-16 00:33:04,169,56,1.22,1,4.83,2.75
2024-04-25 08:31:23,159,86,1.63,1,7.88,2.75
2024-04-09 13:09:52,116,78,3.8,2,11.57,2.75
2024-04-20 18:27:15,192,92,6.66,1,23.73,0.0
2024-04-07 10:07:48,183,248,6.77,1,21.42,2.75
2024-04-14 05:26:16,231,102,6.69,2,23.16,2.75
2024-04-26 05:04:30,168,73,13.87,1,51.03,2.75
2024-04-19 12:15:33,15,232,0.7,2,3.02,2.75
2024-04-22 23:49:47,193,14,2.29,2,12.62,0.0
2024-04-25 02:20:53,233,194,9.07,1,29.5,2.75
2024-04-07 08:22:04,263,234,2.7,2,12.24,0.0
2024-04-28 13:52:06,54,188,7.68,1,27.56,2.75
2024-04-22 18:03:35,180,30,0.56,2,5.71,0.0
2024-04-01 23:08:19,4,25,2.96,1,11.88,2.75
2024-04-17 11:53:36,257,187,9.45,1,27.13,0.0
2024-04-23 04:39:33,240,231,1.56,1,9.04,2.75
2024-04-18 08:25:59,163,134,9.79,1,31.98,0.0
2024-04-20 18:36:28,138,131,0.53,1,3.0,2.75
2024-04-30 20:13:11,229,112,0.79,1,3.76,2.75
2024-04-02 11:30:45,102,129,2.77,1,8.12,2.75
2024-04-23 20:06:04,193,65,0.89,1,5.46,2.75
2024-04-09 04:50:36,30,26,1.39,3,5.75,2.75
2024-04-21 15:36:04,247,18,1.74,1,7.05,2.75
2024-04-14 16:25:03,221,134,2.8,1,12.38,2.75
2024-04-30 11:48:40,172,203,2.23,1,8.6,0.0
2024-04-08 07:00:25,160,254,9.44,2,31.3,2.75
2024-04-15 04:55:18,172,40,8.1,1,26.01,2.75
2024-04-04 11:13:35,63,30,5.33,1,18.91,0.0
2024-04-13 16:48:58,61,78,4.27,1,13.78,2.75
2024-04-27 04:28:51,65,249,1.3,2,3.76,2.75
2024-04-08 19:02:26,169,164,3.72,1,12.94,2.75
2024-04-05 00:19:28,81,48,1.06,1,4.9,2.75
2024-04-04 20:25:44,247,78,2.61,1,9.17,0.0
2024-04-23 12:51:40,258,111,2.67,5,11.08,2.75
2024-04-08 10:30:24,73,254,4.6,1,18.91,2.75
2024-04-12 15:13:56,188,126,6.81,1,20.02,2.75
2024-04-29 02:15:20,25,171,1.85,1,9.41,0.0
2024-04-14 04:28:24,228,203,0.65,1,7.61,2.75
2024-04-10 10:28:49,118,129,0.67,1,5.98,0.0
2024-04-02 16:58:03,108,8,7.77,1,26.23,0.0
2024-04-25 23:19:11,242,18,2.83,1,11.68,2.75
2024-04-27 21:23:46,99,122,1.5,1,8.43,2.75
2024-04-18 22:05:03,22,126,0.61,1,3.0,2.75
2024-04-01 16:51:32,56,228,3.13,1,7.8,0.0
2024-04-24 10:09:16,149,83,1.02,1,5.85,2.75
2024-04-20 20:51:46,40,188,2.39,1,9.76,0.0
2024-04-26 02:57:45,150,154,3.04,1,14.33,2.75
2024-04-24 04:31:49,121,124,1.41,1,6.59,2.75
2024-04-30 22:52:15,260,95,1.28,1,4.95,2.75
2024-04-17 14:49:21,26,122,0.57,1,3.0,2.75
2024-04-18 09:00:21,112,71,3.58,4,12.37,2.75
2024-04-27 14:25:09,23,104,1.28,2,4.85,0.0
2024-04-11 20:30:41,169,154,7.87,1,26.69,0.0
2024-04-05 02:37:25,116,244,3.74,1,15.01,0.0
2024-04-21 17:15:17,231,161,3.35,2,10.24,2.75
2024-04-09 21:31:33,189,161,2.96,2,12.99,2.75
2024-04-14 22:29:15,257,180,1.35,1,3.0,0.0
2024-04-07 18:11:24,120,168,12.7,1,43.14,0.0
2024-04-26 02:07:41,152,54,12.44,1,38.05,2.75
2024-04-01 02:48:06,86,239,1.86,2,10.21,0.0
2024-04-12 13:59:40,246,49,5.74,1,18.28,2.75
2024-04-29 08:39:10,162,134,0.94,1,5.74,0.0
2024-04-11 14:16:00,100,133,5.81,3,18.85,2.75
2024-04-27 21:28:34,185,146,1.68,3,8.88,0.0
2024-04-10 05:58:49,17,131,1.69,2,5.6,0.0
2024-04-06 14:54:45,260,122,2.98,1,8.43,0.0
2024-04-03 12:12:49,245,2,2.24,2,10.38,0.0
2024-04-23 02:37:12,50,65,0.94,1,4.22,2.75
2024-04-17 04:48:46,235,35,3.65,1,16.84,0.0
2024-04-10 12:48:01,72,113,1.34,1,7.48,2.75
2024-04-30 02:23:37,44,94,2.56,1,12.48,0.0
2024-04-28 15:26:12,80,114,1.42,1,9.22,2.75
2024-04-08 23:14:44,49,7,7.32,2,23.55,2.75
2024-04-05 00:42:08,98,22,1.94,2,8.32,0.0
2024-04-13 23:00:11,25,57,8.15,2,27.6,0.0
2024-04-13 04:20:17,214,173,1.88,4,6.57,0.0
2024-04-16 16:33:30,56,182,1.19,1,4.84,2.75
2024-04-17 15:34:07,255,2,3.51,3,13.11,2.75
2024-04-07 08:41:30,156,118,3.33,1,14.88,0.0
2024-04-22 02:39:17,161,84,3.88,3,14.26,0.0
2024-04-05 07:50:57,194,44,1.76,4,8.44,2.75
2024-04-12 15:28:15,4,69,1.85,1,9.36,2.75
2024-04-17 09:21:23,36,53,1.45,1,9.18,2.75
2024-04-21 11:42:17,16,129,9.73,1,33.1,2.75
2024-04-02 03:10:07,137,163,4.52,1,15.54,0.0
2024-04-10 08:54:29,78,251,5.44,1,18.2,0.0
2024-04-18 18:33:15,73,25,1.26,1,3.0,2.75
2024-04-27 16:08:54,245,132,4.29,1,13.68,2.75
2024-04-29 19:55:21,228,118,5.53,1,20.21,2.75
2024-04-08 17:53:40,195,236,1.97,3,6.43,2.75
2024-04-08 02:45:27,246,115,1.1,1,4.04,2.75
2024-04-16 06:02:45,89,125,4.68,2,18.39,0.0
2024-04-29 04:10:12,260,195,3.81,1,11.71,2.75
2024-04-01 15:40:35,139,94,3.5,1,11.29,2.75
2024-04-26 09:53:25,51,212,1.21,1,4.44,2.75
2024-04-13 04:03:49,147,127,1.57,2,4.45,2.75
2024-04-20 01:55:28,242,138,3.93,4,12.79,2.75
2024-04-02 06:48:04,232,148,3.83,1,8.39,0.0
2024-04-01 13:20:22,27,75,3.33,1,17.25,2.75
2024-04-28 16:43:40,208,15,5.62,1,18.75,0.0
2024-04-10 05:37:52,138,156,6.4,1,21.79,2.75
2024-04-05 21:38:20,155,35,1.63,1,3.07,2.75
2024-04-17 19:43:58,7,7,1.1,1,3.95,2.75
2024-04-26 06:20:46,115,182,1.29,1,6.4,2.75
2024-04-05 17:12:38,92,170,1.66,1,4.66,2.75
2024-04-18 21:11:49,82,211,10.83,1,36.63,2.75
2024-04-03 06:15:33,13,57,1.02,1,5.83,2.75
2024-04-16 03:13:00,72,124,7.88,5,25.3,2.75
2024-04-05 13:45:51,91,194,1.3,1,6.24,2.75
2024-04-06 15:53:38,188,83,2.0,1,7.29,2.75
2024-04-24 05:54:16,105,201,0.97,1,3.0,2.75
2024-04-24 15:33:40,84,252,0.88,1,5.47,2.75
2024-04-24 18:45:49,28,2,0.85,2,3.0,2.75
2024-04-20 13:10:53,12,241,1.97,1,8.34,2.75
2024-04-26 08:42:35,150,146,3.1,2,13.88,2.75
2024-04-15 07:09:29,26,76,1.28,1,5.99,2.75
2024-04-12 18:51:21,214,230,9.94,1,32.51,0.0
2024-04-16 04:52:38,240,73,3.59,2,11.03,2.75
2024-04-21 03:07:46,222,106,8.07,1,23.69,2.75
2024-04-20 09:17:54,68,224,1.06,3,7.63,0.0
2024-04-14 07:05:42,262,10,1.04,1,7.32,2.75
2024-04-21 18:50:11,111,137,7.06,1,26.13,2.75
2024-04-25 14:58:56,130,218,3.44,1,17.13,2.75
2024-04-04 13:25:22,159,224,10.27,3,32.2,2.75
2024-04-17 09:53:58,31,154,1.06,1,6.34,2.75
2024-04-05 22:17:39,89,169,0.59,1,6.52,0.0
2024-04-30 00:28:14,118,106,9.19,3,34.0,0.0
2024-04-13 09:50:28,130,121,4.7,4,18.83,2.75
2024-04-20 03:54:28,207,67,6.26,1,19.43,2.75
2024-04-27 12:04:14,59,84,1.73,1,11.04,0.0
2024-04-01 10:06:57,96,14,0.51,1,5.78,2.75
2024-04-02 11:23:10,246,180,2.81,1,11.48,2.75
2024-04-30 08:47:42,145,39,16.62,3,51.38,0.0
2024-04-29 00:55:49,125,6,8.83,1,32.11,2.75
2024-04-15 05:14:49,22,183,0.76,1,10.37,2.75
2024-04-04 15:27:47,207,40,1.23,1,5.87,2.75
2024-04-27 00:35:41,258,198,1.8,1,8.25,2.75
2024-04-09 02:51:25,52,153,6.71,2,23.68,2.75
2024-04-14 01:48:37,38,252,6.59,1,20.14,0.0
2024-04-11 08:23:28,153,229,1.22,1,6.21,2.75
2024-04-17 18:10:32,216,89,3.17,1,13.28,0.0
2024-04-01 12:57:32,223,22,2.94,1,15.21,2.75
2024-04-24 21:45:12,143,120,2.37,4,9.26,2.75
2024-04-02 08:14:08,105,184,3.19,1,13.05,2.75
2024-04-01 16:55:41,10,206,1.71,1,6.31,2.75
2024-04-11 02:42:52,242,90,3.15,1,13.74,2.75
2024-04-17 00:52:28,114,116,4.55,1,15.89,2.75
2024-04-27 02:12:14,233,163,0.73,1,6.57,0.0
2024-04-29 21:15:17,69,104,12.47,3,38.52,0.0
2024-04-15 00:07:02,44,148,1.13,4,3.0,2.75
2024-04-29 06:50:41,169,110,2.06,1,7.13,2.75
2024-04-05 07:32:47,211,200,2.73,3,13.77,0.0
2024-04-19 16:44:15,107,225,0.65,1,4.12,0.0
2024-04-05 13:14:33,167,80,3.28,1,12.12,2.75
2024-04-22 02:47:52,205,251,7.64,1,26.02,2.75
2024-04-29 01:17:54,119,220,8.59,1,28.42,2.75
2024-04-23 11:51:45,109,142,1.88,1,9.14,0.0
2024-04-27 00:15:45,239,73,3.36,1,12.88,2.75
2024-04-28 08:53:09,8,205,5.75,2,26.14,0.0
2024-04-10 01:48:38,43,222,1.52,5,9.77,2.75
2024-04-19 23:44:42,132,160,3.13,1,13.73,2.75
2024-04-27 19:35:30,206,80,2.1,2,10.43,2.75
2024-04-16 04:29:11,239,115,2.16,1,9.84,0.0
2024-04-06 06:30:57,46,25,0.85,1,4.45,2.75
2024-04-12 03:26:38,198,177,2.33,1,10.9,0.0
2024-04-08 05:26:07,121,220,1.11,1,3.29,0.0
2024-04-10 00:32:38,220,3,1.75,2,5.41,2.75
2024-04-03 12:19:59,94,33,1.9,1,7.54,2.75
2024-04-08 23:04:03,153,182,2.47,1,10.69,2.75
2024-04-16 12:45:15,13,39,9.21,1,28.69,2.75
2024-04-10 00:32:48,207,153,3.99,2,15.49,0.0
2024-04-09 18:34:09,255,63,13.34,1,39.74,2.75
2024-04-02 18:43:27,158,89,3.63,2,12.84,2.75
2024-04-16 05:11:34,68,103,6.23,1,18.06,0.0
2024-04-27 23:53:53,257,187,6.79,1,23.26,0.0
2024-04-25 03:17:25,189,159,5.2,2,21.47,2.75
2024-04-05 05:21:53,3,49,4.38,1,15.79,2.75
2024-04-20 04:34:46,237,222,2.39,1,11.84,2.75
2024-04-12 01:53:37,132,188,3.43,4,14.87,2.75
2024-04-25 10:03:08,171,253,1.25,1,5.79,2.75
2024-04-16 13:49:50,89,192,3.87,3,15.41,2.75
2024-04-22 13:48:51,103,244,3.03,1,9.04,2.75
2024-04-30 03:45:28,125,71,6.21,1,20.74,2.75
2024-04-07 03:00:54,67,77,8.65,1,28.52,2.75
2024-04-17 03:24:42,263,221,1.0,1,3.66,2.75
2024-04-07 23:46:26,8,221,4.61,1,16.57,2.75
2024-04-17 20:57:30,44,91,10.99,2,34.1,2.75
2024-04-28 01:17:07,135,56,9.25,1,32.15,0.0
2024-04-13 04:06:14,248,106,6.79,1,20.39,0.0
2024-04-11 09:17:45,25,47,0.67,1,3.0,2.75
2024-04-12 23:52:05,196,114,1.52,2,7.06,2.75
2024-04-02 22:02:00,192,58,1.06,1,3.65,0.0
2024-04-11 00:07:45,122,44,9.66,1,34.91,0.0
2024-04-20 19:24:23,260,231,5.34,1,13.97,0.0
2024-04-11 07:20:32,47,12,3.16,2,10.5,0.0
2024-04-20 18:10:08,209,205,14.09,1,45.22,0.0
2024-04-05 16:33:54,89,54,1.26,1,9.7,2.75
2024-04-25 07:47:08,3,34,4.09,1,11.57,2.75
2024-04-14 23:18:50,145,248,3.79,4,11.84,2.75
2024-04-27 12:18:57,22,136,1.96,1,7.22,2.75
2024-04-03 12:24:43,39,230,2.83,2,14.05,2.75
2024-04-10 06:57:31,107,261,1.44,1,8.31,0.0
2024-04-16 12:32:48,100,20,4.46,2,14.28,2.75
2024-04-06 11:25:19,229,215,2.4,1,12.01,2.75
2024-04-10 04:21:27,206,232,0.58,1,4.86,2.75
2024-04-18 08:12:25,71,118,11.04,1,35.88,2.75
2024-04-30 14:50:01,169,49,2.94,1,12.14,2.75
2024-04-15 04:03:53,185,119,4.78,1,15.0,0.0
2024-04-02 18:30:16,208,147,1.27,1,6.99,2.75
2024-04-14 03:32:49,135,218,0.98,1,4.87,2.75
2024-04-09 04:19:17,146,228,8.64,1,33.93,0.0
2024-04-07 06:39:18,149,263,3.63,1,16.68,2.75
2024-04-25 22:17:22,116,10,2.88,1,10.75,0.0
2024-04-09 15:02:51,187,150,3.08,1,12.59,2.75
2024-04-07 18:37:02,20,218,1.44,3,4.79,2.75
2024-04-30 12:16:47,244,133,9.03,1,30.27,2.75
2024-04-28 16:06:25,67,204,1.34,2,4.21,0.0
2024-04-13 09:42:34,62,24,1.1,2,4.76,0.0
2024-04-15 04:57:30,110,143,9.81,1,33.11,2.75
2024-04-13 20:42:34,56,216,1.54,1,4.93,2.75
2024-04-27 10:59:03,85,234,7.44,1,22.85,2.75
2024-04-12 00:11:17,107,55,5.68,2,17.85,2.75
2024-04-30 05:07:36,12,171,2.18,1,8.81,2.75
2024-04-08 08:35:54,176,173,1.53,1,9.85,2.75
2024-04-02 08:51:32,27,144,5.48,1,21.29,2.75
2024-04-24 21:05:45,130,247,3.69,1,12.68,2.75
2024-04-23 09:25:55,227,29,1.53,1,9.81,2.75
2024-04-03 17:40:24,136,124,8.25,5,27.15,2.75
2024-04-01 12:54:35,20,173,4.97,1,17.73,2.75
2024-04-24 03:34:18,159,234,8.9,1,29.07,0.0
2024-04-14 23:55:25,160,26,2.51,4,11.41,2.75
2024-04-12 13:30:44,26,85,0.98,1,3.69,0.0
2024-04-25 09:23:44,81,50,9.52,2,30.1,2.75
2024-04-02 06:10:44,18,155,3.72,2,15.89,0.0
2024-04-03 09:18:28,69,100,3.76,1,12.92,2.75
2024-04-28 00:38:29,130,80,3.57,1,11.87,2.75
2024-04-05 21:10:41,135,29,2.74,3,7.69,0.0
2024-04-05 09:40:57,218,135,1.53,1,8.14,2.75
2024-04-20 15:20:14,15,62,3.82,2,11.8,0.0
2024-04-30 11:27:26,186,71,4.94,2,20.55,2.75
2024-04-18 20:31:06,195,133,9.19,1,31.17,0.0
2024-04-07 07:13:29,191,117,0.76,1,3.0,2.75
2024-04-29 01:02:18,234,8,1.53,1,7.48,0.0
2024-04-16 11:00:34,66,200,5.75,1,18.43,2.75
2024-04-29 15:46:00,81,43,5.72,1,21.01,2.75
2024-04-01 18:40:58,36,180,1.33,1,5.91,0.0
2024-04-13 20:05:39,235,257,1.21,1,10.67,2.75
2024-04-27 08:51:14,17,38,2.1,1,13.26,0.0
2024-04-10 19:50:39,2,263,0.73,1,3.64,0.0
2024-04-26 00:46:30,33,184,5.09,1,17.48,0.0
2024-04-22 04:36:44,134,201,4.38,1,17.23,2.75
2024-04-17 18:34:05,5,42,7.35,1,23.4,2.75
2024-04-09 20:01:43,91,4,2.47,1,8.79,2.75
2024-04-23 03:19:28,152,119,4.04,4,11.54,2.75
2024-04-11 16:34:36,118,77,11.27,1,33.52,2.75
2024-04-10 07:25:50,61,123,11.66,1,39.2,2.75
2024-04-17 07:04:07,26,156,0.76,1,5.01,2.75
2024-04-08 17:50:37,109,103,0.51,2,3.0,2.75
2024-04-28 08:37:46,210,102,11.76,1,39.23,2.75
2024-04-17 19:44:07,259,45,3.18,2,8.02,2.75
2024-04-27 22:22:42,42,70,4.72,1,16.16,2.75
2024-04-25 19:50:59,13,49,9.03,1,29.64,2.75
2024-04-22 12:33:58,89,119,2.49,1,7.61,2.75
2024-04-29 04:05:54,88,18,2.53,2,11.33,2.75
2024-04-01 12:52:51,187,47,1.14,1,7.79,2.75
2024-04-11 17:54:55,63,1,8.77,5,29.09,0.0
2024-04-07 08:32:55,43,161,4.15,3,13.72,0.0
2024-04-07 05:29:07,233,112,1.2,4,4.45,2.75
2024-04-11 21:25:44,234,23,3.37,1,12.58,2.75
2024-04-06 14:31:24,75,244,1.89,1,6.7,2.75
2024-04-06 18:19:41,253,253,1.06,4,5.94,0.0
2024-04-27 09:44:19,149,71,1.2,3,8.25,2.75
2024-04-18 21:28:12,182,76,3.37,1,14.05,2.75
2024-04-06 17:52:52,207,165,3.41,1,12.21,2.75
2024-04-22 06:25:20,181,263,5.96,1,21.29,2.75
2024-04-11 00:56:54,173,109,1.5,1,7.06,2.75
2024-04-10 08:32:24,241,180,9.16,2,30.64,0.0
2024-04-08 11:08:47,164,145,3.06,5,12.08,2.75
2024-04-02 22:16:27,63,190,1.3,1,10.81,2.75
2024-04-30 00:03:04,235,165,2.37,1,10.41,2.75
2024-04-21 14:34:06,125,14,9.49,2,33.44,0.0
2024-04-03 00:34:07,257,244,2.78,3,8.37,2.75
2024-04-05 05:10:11,92,57,7.77,1,27.49,2.75
2024-04-17 20:07:03,225,4,1.11,1,5.22,0.0
2024-04-03 18:38:11,195,214,9.09,3,30.67,2.75
2024-04-08 08:25:36,207,49,2.47,1,10.16,0.0
2024-04-16 22:51:24,215,81,10.13,1,25.67,2.75
2024-04-08 11:13:29,186,35,7.54,5,28.96,2.75
2024-04-14 20:46:01,126,181,4.28,2,12.56,2.75
2024-04-28 02:42:30,255,160,4.41,1,13.43,2.75
2024-04-29 04:14:42,61,217,1.33,1,5.77,0.0
2024-04-27 20:26:24,201,251,3.73,1,12.11,0.0
2024-04-18 08:32:23,69,113,3.29,4,10.86,2.75
2024-04-16 18:40:12,63,190,1.92,2,8.66,2.75
2024-04-16 12:31:24,134,2,2.97,1,12.05,0.0
2024-04-17 21:35:53,239,63,9.76,2,31.22,2.75
2024-04-14 08:48:26,252,120,0.52,1,3.67,0.0
2024-04-18 01:07:42,187,245,2.39,1,9.06,0.0
2024-04-14 08:04:58,21,131,1.92,1,7.85,2.75
2024-04-25 14:50:06,46,217,11.88,3,39.85,2.75
2024-04-14 06:08:38,194,18,13.26,1,46.04,2.75
2024-04-08 10:51:53,57,231,3.58,1,14.5,2.75
2024-04-19 13:08:39,42,232,3.29,2,17.37,2.75
2024-04-05 23:19:41,235,124,8.67,5,22.9,2.75
2024-04-18 15:38:10,16,50,0.52,2,3.22,0.0
2024-04-15 19:14:41,133,177,3.39,2,10.9,0.0
2024-04-02 09:40:32,1,3,0.59,1,7.35,2.75
2024-04-28 11:39:11,232,72,12.56,1,41.7,0.0
2024-04-09 14:25:06,150,125,1.85,1,8.32,2.75
2024-04-20 17:35:10,122,5,3.07,1,13.64,2.75
2024-04-10 05:58:31,213,185,2.39,1,12.85,2.75
2024-04-15 08:50:39,140,84,8.34,4,25.76,2.75
2024-04-25 14:09:41,159,153,30.64,1,92.66,2.75
2024-04-04 05:50:17,27,198,0.75,3,4.26,0.0
2024-04-07 21:08:15,162,220,5.11,1,18.43,2.75
2024-04-25 14:58:37,118,23,2.11,1,10.17,2.75
2024-04-09 21:07:43,75,138,1.02,2,5.76,2.75
2024-04-18 23:21:46,93,161,2.32,1,9.88,0.0
2024-04-26 12:10:09,34,73,22.52,1,71.66,2.75
2024-04-13 05:26:00,115,195,2.05,1,9.89,2.75
2024-04-17 11:20:49,113,97,1.64,1,7.17,2.75
2024-04-12 18:21:06,60,74,7.05,1,25.34,2.75
2024-04-15 19:47:29,237,27,7.59,3,24.51,2.75
2024-04-03 21:50:28,126,163,1.95,1,8.24,0.0
2024-04-26 22:21:55,45,62,1.74,1,12.11,0.0
2024-04-30 19:13:50,229,263,4.15,1,12.78,2.75
2024-04-10 09:43:06,197,199,1.3,1,7.1,2.75
2024-04-22 12:50:58,212,214,2.81,1,11.19,2.75
2024-04-03 16:50:20,71,27,1.03,1,7.94,2.75
2024-04-28 17:24:57,235,68,1.77,4,12.7,0.0
2024-04-30 06:44:07,167,195,1.74,1,10.27,2.75
2024-04-13 23:31:36,195,98,4.65,1,17.04,0.0
2024-04-03 11:24:29,173,202,1.66,1,8.51,0.0
2024-04-06 08:16:51,195,248,8.51,1,26.76,2.75
2024-04-09 14:44:47,63,11,14.77,3,47.83,2.75
2024-04-14 01:53:47,70,32,0.8,1,7.32,2.75
2024-04-25 03:27:10,223,148,2.27,1,12.62,2.75
2024-04-21 22:42:33,79,133,1.76,1,6.91,0.0
2024-04-17 11:14:49,36,203,2.02,1,9.97,2.75
2024-04-02 03:46:18,195,122,1.58,2,4.88,0.0
2024-04-13 15:05:44,217,98,2.19,2,8.59,0.0
2024-04-24 07:07:06,149,236,1.03,1,5.04,2.75
2024-04-24 03:01:09,201,131,1.65,1,10.56,2.75
2024-04-09 03:47:05,154,252,5.32,5,13.45,2.75
2024-04-09 07:05:43,22,252,1.98,1,12.05,2.75
2024-04-28 18:05:48,215,56,1.32,1,3.74,2.75
2024-04-18 15:45:24,122,249,0.9,2,4.86,2.75
2024-04-01 23:24:04,261,202,2.0,2,12.41,0.0
2024-04-29 23:29:11,55,249,4.11,1,10.09,2.75
2024-04-04 17:30:33,260,176,1.52,1,4.59,2.75
2024-04-25 05:50:04,230,105,2.42,1,11.64,2.75
2024-04-13 10:36:56,126,245,11.16,1,32.48,0.0
2024-04-09 14:08:46,259,225,3.31,1,17.11,2.75
2024-04-09 16:29:10,50,151,3.16,1,11.6,2.75
2024-04-26 23:33:55,224,54,2.35,3,10.05,2.75
2024-04-27 12:35:07,146,219,3.35,1,13.09,2.75
2024-04-17 22:44:09,45,236,15.1,4,47.06,2.75
2024-04-23 20:58:56,262,164,1.52,1,9.63,2.75
2024-04-12 06:06:00,234,57,10.46,1,31.32,2.75
2024-04-12 20:26:51,53,29,1.06,1,4.72,2.75
2024-04-05 04:32:50,235,87,0.91,1,5.24,2.75
2024-04-20 08:24:19,196,79,4.22,1,14.14,2.75
2024-04-23 00:24:43,4,89,1.51,1,3.38,2.75
2024-04-08 18:36:53,60,179,2.56,1,11.04,0.0
2024-04-11 08:39:36,173,84,5.08,1,17.02,0.0
2024-04-25 11:57:39,72,223,3.18,1,10.89,2.75
2024-04-09 12:05:56,75,144,0.55,1,8.64,2.75
2024-04-21 17:23:00,22,164,1.78,1,9.08,2.75
