datetime,city,season,weather_situation,temp,atemp,humidity,windspeed,casual,registered,cnt
2024-01-01 00:00:00,chennai,4,1,21.8,24.27,81.26,15.82,4,22,26
2024-01-01 01:00:00,chennai,4,1,20.64,20.84,85.26,17.14,4,26,30
2024-01-01 02:00:00,chennai,4,1,21.45,21.76,77.71,19.65,9,36,45
2024-01-01 03:00:00,chennai,4,3,22.63,24.71,90.14,16.81,5,17,22
2024-01-01 04:00:00,chennai,4,1,20.92,22.36,70.42,22.41,9,31,40
2024-01-01 05:00:00,chennai,4,1,21.56,22.61,86.35,16.9,6,54,60
2024-01-01 06:00:00,chennai,4,1,24.56,27.08,76.77,23.75,11,46,57
2024-01-01 07:00:00,chennai,4,2,24.56,26.24,79.6,11.07,16,95,111
2024-01-01 08:00:00,chennai,4,1,24.11,25.66,73.82,13.46,50,185,235
2024-01-01 09:00:00,chennai,4,2,26.36,28.64,71.14,35.52,52,165,217
2024-01-01 10:00:00,chennai,4,2,26.11,27.24,69.77,15.72,5,103,108
2024-01-01 11:00:00,chennai,4,1,26.94,30.01,68.97,20.55,8,44,52
2024-01-01 12:00:00,chennai,4,2,28.42,29.14,61.7,10.15,4,31,35
2024-01-01 13:00:00,chennai,4,1,26.24,28.39,67.51,20.27,4,33,37
2024-01-01 14:00:00,chennai,4,1,26.6,29.53,56.58,15.98,2,21,23
2024-01-01 15:00:00,chennai,4,2,27.86,27.98,62.31,10.94,6,44,50
2024-01-01 16:00:00,chennai,4,1,26.92,28.08,67.52,10.13,19,120,139
2024-01-01 17:00:00,chennai,4,3,27.88,30.52,69.9,11.51,17,111,128
2024-01-01 18:00:00,chennai,4,1,25.58,28.24,69.3,22.37,13,251,264
2024-01-01 19:00:00,chennai,4,2,24.01,25.34,67.44,15.52,19,103,122
2024-01-01 20:00:00,chennai,4,1,26.43,27.19,76.48,22.6,7,26,33
2024-01-01 21:00:00,chennai,4,2,23.36,25.82,71.24,12.95,3,19,22
2024-01-01 22:00:00,chennai,4,1,22.75,25.43,85.76,23.79,2,22,24
2024-01-01 23:00:00,chennai,4,1,20.13,20.47,78.65,13.11,4,24,28
2024-01-02 00:00:00,chennai,4,1,20.55,20.85,72.96,11.14,7,29,36
2024-01-02 01:00:00,chennai,4,1,20.94,22.66,75.69,10.82,5,29,34
2024-01-02 02:00:00,chennai,4,2,19.29,21.42,82.22,35.43,3,23,26
2024-01-02 03:00:00,chennai,4,1,21.26,22.46,82.36,12.03,4,34,38
2024-01-02 04:00:00,chennai,4,3,20.49,22.66,90.51,10.87,6,24,30
2024-01-02 05:00:00,chennai,4,1,21.49,22.28,73.88,10.04,7,46,53
2024-01-02 06:00:00,chennai,4,1,21.95,21.33,77.2,11.68,8,56,64
2024-01-02 07:00:00,chennai,4,1,25.86,26.93,69.29,21.0,15,114,129
2024-01-02 08:00:00,chennai,4,2,24.65,26.22,69.54,13.82,37,192,229
2024-01-02 09:00:00,chennai,4,2,24.44,25.66,77.83,15.0,34,182,216
2024-01-02 10:00:00,chennai,4,1,27.66,28.0,61.32,22.78,20,109,129
2024-01-02 11:00:00,chennai,4,1,26.03,25.72,67.86,13.6,7,62,69
2024-01-02 12:00:00,chennai,4,2,28.38,29.37,65.3,19.11,2,23,25
2024-01-02 13:00:00,chennai,4,1,26.18,28.58,62.22,11.96,3,26,29
2024-01-02 14:00:00,chennai,4,1,27.08,29.83,64.6,28.88,6,29,35
2024-01-02 15:00:00,chennai,4,1,28.77,31.46,56.54,10.41,9,44,53
2024-01-02 16:00:00,chennai,4,1,29.02,29.7,71.62,16.45,32,112,144
2024-01-02 17:00:00,chennai,4,1,27.7,28.05,74.55,15.4,28,231,259
2024-01-02 18:00:00,chennai,4,1,26.53,28.53,67.24,11.06,45,198,243
2024-01-02 19:00:00,chennai,4,2,25.34,27.48,81.53,12.46,8,110,118
2024-01-02 20:00:00,chennai,4,1,22.9,24.8,70.0,11.88,7,35,42
2024-01-02 21:00:00,chennai,4,1,22.77,22.26,76.59,10.5,2,31,33
2024-01-02 22:00:00,chennai,4,1,22.12,22.75,84.16,14.39,2,15,17
2024-01-02 23:00:00,chennai,4,1,23.11,24.58,76.78,35.31,8,32,40
2024-01-03 00:00:00,chennai,4,2,21.62,23.61,73.75,14.1,5,24,29
2024-01-03 01:00:00,chennai,4,2,18.69,20.96,73.6,13.94,4,29,33
2024-01-03 02:00:00,chennai,4,3,21.06,22.7,92.3,10.21,2,19,21
2024-01-03 03:00:00,chennai,4,1,20.34,22.17,79.01,10.75,6,32,38
2024-01-03 04:00:00,chennai,4,1,20.39,21.98,79.73,13.6,9,48,57
2024-01-03 05:00:00,chennai,4,2,22.58,24.76,73.51,31.06,6,26,32
2024-01-03 06:00:00,chennai,4,2,23.91,25.72,81.74,20.46,4,58,62
2024-01-03 07:00:00,chennai,4,1,24.75,26.32,70.68,12.08,24,109,133
2024-01-03 08:00:00,chennai,4,2,23.66,24.89,69.54,13.92,30,215,245
2024-01-03 09:00:00,chennai,4,4,25.33,26.92,70.91,14.02,7,34,41
2024-01-03 10:00:00,chennai,4,1,27.07,29.05,61.68,15.78,19,112,131
2024-01-03 11:00:00,chennai,4,3,28.67,30.44,64.04,15.82,4,31,35
2024-01-03 12:00:00,chennai,4,1,27.56,29.44,70.35,17.8,4,28,32
2024-01-03 13:00:00,chennai,4,1,28.31,31.15,64.48,10.13,3,22,25
2024-01-03 14:00:00,chennai,4,1,27.34,29.11,62.65,24.38,3,24,27
2024-01-03 15:00:00,chennai,4,1,27.1,27.95,63.42,10.36,4,32,36
2024-01-03 16:00:00,chennai,4,2,29.11,31.49,61.39,13.23,19,90,109
2024-01-03 17:00:00,chennai,4,2,29.13,29.26,74.91,22.6,29,238,267
2024-01-03 18:00:00,chennai,4,2,26.58,27.0,62.94,13.34,36,164,200
2024-01-03 19:00:00,chennai,4,1,26.91,28.75,70.47,10.33,43,94,137
2024-01-03 20:00:00,chennai,4,1,25.1,27.12,72.58,11.3,8,47,55
2024-01-03 21:00:00,chennai,4,1,22.86,23.12,79.63,14.32,1,18,19
2024-01-03 22:00:00,chennai,4,1,23.1,24.22,82.52,10.46,8,24,32
2024-01-03 23:00:00,chennai,4,1,23.69,24.58,78.91,12.76,5,24,29
2024-01-04 00:00:00,chennai,4,1,21.16,22.18,82.11,12.0,4,23,27
2024-01-04 01:00:00,chennai,4,1,22.68,25.13,83.3,18.44,6,41,47
2024-01-04 02:00:00,chennai,4,2,18.0,20.21,70.64,10.58,3,29,32
2024-01-04 03:00:00,chennai,4,1,21.79,23.27,73.71,15.74,6,41,47
2024-01-04 04:00:00,chennai,4,1,21.31,22.26,77.63,12.61,5,41,46
2024-01-04 05:00:00,chennai,4,1,21.48,21.63,76.26,14.43,5,38,43
2024-01-04 06:00:00,chennai,4,2,22.78,25.7,71.0,11.15,11,53,64
2024-01-04 07:00:00,chennai,4,1,21.25,23.34,78.34,14.7,31,127,158
2024-01-04 08:00:00,chennai,4,1,24.41,25.2,72.01,15.6,34,212,246
2024-01-04 09:00:00,chennai,4,1,26.13,28.35,68.34,10.36,42,199,241
2024-01-04 10:00:00,chennai,4,1,28.44,29.87,60.72,18.7,30,89,119
2024-01-04 11:00:00,chennai,4,1,26.88,28.09,64.71,19.88,6,47,53
2024-01-04 12:00:00,chennai,4,2,27.16,29.1,50.21,10.33,2,30,32
2024-01-04 13:00:00,chennai,4,1,27.93,28.69,61.53,14.62,5,20,25
2024-01-04 14:00:00,chennai,4,4,29.77,30.92,62.32,14.51,1,4,5
2024-01-04 15:00:00,chennai,4,1,28.93,30.55,63.55,10.06,7,47,54
2024-01-04 16:00:00,chennai,4,2,27.5,28.5,55.52,12.1,16,89,105
2024-01-04 17:00:00,chennai,4,1,28.11,30.28,66.05,27.36,52,193,245
2024-01-04 18:00:00,chennai,4,2,26.79,30.16,61.79,14.05,35,187,222
2024-01-04 19:00:00,chennai,4,2,26.87,27.61,65.35,23.53,7,133,140
2024-01-04 20:00:00,chennai,4,1,23.83,23.66,75.59,15.63,7,34,41
2024-01-04 21:00:00,chennai,4,2,23.24,22.74,84.66,10.14,2,9,11
2024-01-04 22:00:00,chennai,4,1,22.2,23.55,77.26,10.4,4,29,33
2024-01-04 23:00:00,chennai,4,1,20.09,20.92,74.99,16.4,1,22,23
2024-01-05 00:00:00,chennai,4,1,21.56,23.27,81.6,14.04,4,29,33
2024-01-05 01:00:00,chennai,4,1,21.12,22.75,86.35,10.68,2,36,38
2024-01-05 02:00:00,chennai,4,1,20.68,20.57,85.1,14.76,2,39,41
2024-01-05 03:00:00,chennai,4,3,20.52,20.21,95.37,18.31,2,25,27
2024-01-05 04:00:00,chennai,4,2,19.51,21.3,77.08,16.99,4,42,46
2024-01-05 05:00:00,chennai,4,1,21.34,22.97,80.33,11.41,9,37,46
2024-01-05 06:00:00,chennai,4,2,22.26,23.33,84.74,11.49,8,49,57
2024-01-05 07:00:00,chennai,4,1,22.67,22.51,82.02,27.18,21,103,124
2024-01-05 08:00:00,chennai,4,2,24.48,26.45,62.25,20.92,35,183,218
2024-01-05 09:00:00,chennai,4,1,26.19,28.96,69.4,11.92,18,223,241
2024-01-05 10:00:00,chennai,4,3,28.93,30.71,74.42,18.69,8,56,64
2024-01-05 11:00:00,chennai,4,2,27.71,28.36,79.38,10.88,5,31,36
2024-01-05 12:00:00,chennai,4,3,28.44,29.99,66.86,11.1,2,14,16
2024-01-05 13:00:00,chennai,4,1,28.44,28.58,60.5,11.0,5,24,29
2024-01-05 14:00:00,chennai,4,2,26.37,28.93,56.95,10.46,5,23,28
2024-01-05 15:00:00,chennai,4,1,28.5,30.08,73.43,19.64,8,39,47
2024-01-05 16:00:00,chennai,4,1,28.21,27.94,66.98,14.32,34,107,141
2024-01-05 17:00:00,chennai,4,2,30.45,31.65,60.69,11.5,39,190,229
2024-01-05 18:00:00,chennai,4,1,26.44,28.4,65.98,19.44,30,212,242
2024-01-05 19:00:00,chennai,4,1,26.07,27.23,70.96,18.11,25,94,119
2024-01-05 20:00:00,chennai,4,1,24.63,25.85,74.72,10.53,5,48,53
2024-01-05 21:00:00,chennai,4,1,22.23,22.51,70.09,15.17,4,19,23
2024-01-05 22:00:00,chennai,4,1,24.04,26.11,73.93,16.4,3,19,22
2024-01-05 23:00:00,chennai,4,1,22.74,23.6,70.81,16.29,3,28,31
2024-01-06 00:00:00,chennai,4,1,22.16,21.5,85.86,16.42,11,20,31
2024-01-06 01:00:00,chennai,4,1,19.71,20.84,79.95,10.93,14,27,41
2024-01-06 02:00:00,chennai,4,1,22.35,24.83,84.33,11.89,12,34,46
2024-01-06 03:00:00,chennai,4,2,19.12,20.24,88.77,19.3,11,21,32
2024-01-06 04:00:00,chennai,4,2,21.91,25.15,81.76,21.43,10,23,33
2024-01-06 05:00:00,chennai,4,2,24.47,26.4,78.51,11.64,19,34,53
2024-01-06 06:00:00,chennai,4,1,21.48,23.32,77.97,10.12,21,40,61
2024-01-06 07:00:00,chennai,4,1,22.96,24.33,74.9,19.82,32,54,86
2024-01-06 08:00:00,chennai,4,2,24.79,26.22,78.23,12.37,28,89,117
2024-01-06 09:00:00,chennai,4,1,25.1,26.34,70.97,12.0,38,89,127
2024-01-06 10:00:00,chennai,4,3,24.81,26.01,64.28,12.13,23,41,64
2024-01-06 11:00:00,chennai,4,1,27.58,29.61,70.17,12.69,45,46,91
2024-01-06 12:00:00,chennai,4,2,26.86,27.42,69.49,12.38,32,57,89
2024-01-06 13:00:00,chennai,4,1,29.1,29.53,55.65,14.18,38,78,116
2024-01-06 14:00:00,chennai,4,1,27.57,27.94,69.66,10.41,43,67,110
2024-01-06 15:00:00,chennai,4,2,30.39,33.94,64.16,27.8,36,75,111
2024-01-06 16:00:00,chennai,4,2,27.19,29.22,64.76,23.78,43,73,116
2024-01-06 17:00:00,chennai,4,1,27.11,28.92,69.96,23.62,54,98,152
2024-01-06 18:00:00,chennai,4,1,27.65,28.09,64.17,20.57,58,86,144
2024-01-06 19:00:00,chennai,4,2,24.23,26.35,74.18,15.4,29,47,76
2024-01-06 20:00:00,chennai,4,1,24.94,26.33,70.12,11.25,16,32,48
2024-01-06 21:00:00,chennai,4,1,25.2,26.92,67.21,10.25,7,19,26
2024-01-06 22:00:00,chennai,4,1,20.74,21.26,72.01,10.52,9,20,29
2024-01-06 23:00:00,chennai,4,1,22.06,23.72,81.91,11.96,8,15,23
2024-01-07 00:00:00,chennai,4,1,21.52,22.59,75.93,13.5,12,23,35
2024-01-07 01:00:00,chennai,4,3,21.74,22.48,89.71,34.99,6,10,16
2024-01-07 02:00:00,chennai,4,1,19.19,21.42,87.95,12.86,21,36,57
2024-01-07 03:00:00,chennai,4,1,19.22,19.18,88.33,13.72,14,31,45
2024-01-07 04:00:00,chennai,4,1,21.83,23.9,81.28,15.94,20,39,59
2024-01-07 05:00:00,chennai,4,1,22.2,24.38,80.36,11.0,20,38,58
2024-01-07 06:00:00,chennai,4,1,22.97,23.59,71.03,23.5,17,43,60
2024-01-07 07:00:00,chennai,4,1,24.05,24.73,79.57,13.76,28,60,88
2024-01-07 08:00:00,chennai,4,1,23.85,25.13,73.9,11.62,45,78,123
2024-01-07 09:00:00,chennai,4,1,25.98,27.77,72.25,23.68,60,95,155
2024-01-07 10:00:00,chennai,4,1,27.02,28.37,75.44,14.91,35,78,113
2024-01-07 11:00:00,chennai,4,1,26.64,28.57,61.9,13.31,34,57,91
2024-01-07 12:00:00,chennai,4,1,30.37,33.64,62.71,14.34,30,65,95
2024-01-07 13:00:00,chennai,4,1,29.1,30.09,63.97,16.9,32,74,106
2024-01-07 14:00:00,chennai,4,3,27.24,27.03,57.32,10.84,29,37,66
2024-01-07 15:00:00,chennai,4,1,29.32,31.65,61.4,20.01,36,73,109
2024-01-07 16:00:00,chennai,4,1,26.96,30.15,65.8,26.03,36,94,130
2024-01-07 17:00:00,chennai,4,1,28.44,30.34,63.3,14.19,52,108,160
2024-01-07 18:00:00,chennai,4,1,28.06,28.47,73.54,15.73,39,76,115
2024-01-07 19:00:00,chennai,4,1,24.72,26.1,61.86,19.82,33,50,83
2024-01-07 20:00:00,chennai,4,1,25.83,26.21,77.61,12.35,14,28,42
2024-01-07 21:00:00,chennai,4,1,24.13,26.27,77.89,34.69,7,11,18
2024-01-07 22:00:00,chennai,4,2,23.66,23.81,74.16,15.71,6,10,16
2024-01-07 23:00:00,chennai,4,2,24.12,25.32,74.45,12.76,9,20,29
2024-01-08 00:00:00,chennai,4,2,20.91,21.41,70.26,15.66,7,35,42
2024-01-08 01:00:00,chennai,4,1,19.9,21.53,77.68,13.69,5,31,36
2024-01-08 02:00:00,chennai,4,1,19.6,20.74,87.24,10.59,6,34,40
2024-01-08 03:00:00,chennai,4,1,19.83,21.5,81.38,17.94,9,49,58
2024-01-08 04:00:00,chennai,4,1,21.11,22.64,86.48,14.15,8,40,48
2024-01-08 05:00:00,chennai,4,1,22.25,22.76,75.97,17.94,8,54,62
2024-01-08 06:00:00,chennai,4,1,23.0,25.13,80.54,10.84,9,53,62
2024-01-08 07:00:00,chennai,4,1,24.63,26.08,71.0,13.86,18,116,134
2024-01-08 08:00:00,chennai,4,2,24.69,25.2,67.17,17.28,58,158,216
2024-01-08 09:00:00,chennai,4,2,27.45,31.19,68.88,32.24,40,180,220
2024-01-08 10:00:00,chennai,4,1,26.35,28.33,63.68,20.79,18,104,122
2024-01-08 11:00:00,chennai,4,2,30.76,32.11,57.21,19.99,5,33,38
2024-01-08 12:00:00,chennai,4,2,28.88,31.8,62.43,11.42,7,29,36
2024-01-08 13:00:00,chennai,4,3,27.5,30.85,62.87,19.1,2,19,21
2024-01-08 14:00:00,chennai,4,1,27.38,28.74,68.34,10.93,2,27,29
2024-01-08 15:00:00,chennai,4,2,29.11,30.96,67.02,11.1,4,48,52
2024-01-08 16:00:00,chennai,4,1,27.87,28.38,69.44,10.58,30,109,139
2024-01-08 17:00:00,chennai,4,1,28.36,29.71,68.53,19.75,52,193,245
2024-01-08 18:00:00,chennai,4,1,27.24,28.54,68.66,10.57,40,215,255
2024-01-08 19:00:00,chennai,4,2,25.62,27.3,63.27,10.74,16,117,133
2024-01-08 20:00:00,chennai,4,2,23.65,25.49,72.75,11.41,6,41,47
2024-01-08 21:00:00,chennai,4,1,21.82,23.88,77.57,14.25,5,16,21
2024-01-08 22:00:00,chennai,4,1,22.13,23.87,84.29,20.61,3,17,20
2024-01-08 23:00:00,chennai,4,1,22.87,23.16,82.5,12.71,4,20,24
2024-01-09 00:00:00,chennai,4,1,21.46,22.02,86.86,13.95,4,29,33
2024-01-09 01:00:00,chennai,4,1,19.31,20.26,76.5,10.91,4,23,27
2024-01-09 02:00:00,chennai,4,2,20.88,22.1,80.37,11.55,7,34,41
2024-01-09 03:00:00,chennai,4,2,21.27,23.82,83.81,10.72,10,32,42
2024-01-09 04:00:00,chennai,4,3,20.15,20.48,86.47,12.64,5,28,33
2024-01-09 05:00:00,chennai,4,1,22.03,23.17,78.34,14.46,9,40,49
2024-01-09 06:00:00,chennai,4,2,22.74,25.19,76.59,11.67,8,51,59
2024-01-09 07:00:00,chennai,4,1,22.26,23.46,78.02,19.35,21,113,134
2024-01-09 08:00:00,chennai,4,1,25.1,27.06,66.37,29.88,41,207,248
2024-01-09 09:00:00,chennai,4,1,26.38,27.74,77.45,10.64,34,212,246
2024-01-09 10:00:00,chennai,4,2,27.97,29.73,62.6,10.09,22,113,135
2024-01-09 11:00:00,chennai,4,1,28.76,30.03,55.34,17.8,7,52,59
2024-01-09 12:00:00,chennai,4,2,26.48,28.65,63.39,11.06,6,29,35
2024-01-09 13:00:00,chennai,4,1,27.41,27.36,70.83,12.18,5,26,31
2024-01-09 14:00:00,chennai,4,1,29.29,30.42,64.93,12.51,4,27,31
2024-01-09 15:00:00,chennai,4,1,29.15,30.95,66.1,22.42,7,43,50
2024-01-09 16:00:00,chennai,4,1,28.75,30.79,63.55,15.38,27,98,125
2024-01-09 17:00:00,chennai,4,1,32.12,35.11,64.17,10.21,38,227,265
2024-01-09 18:00:00,chennai,4,1,27.35,28.46,59.28,10.07,43,210,253
2024-01-09 19:00:00,chennai,4,1,27.07,30.05,58.11,11.11,23,110,133
2024-01-09 20:00:00,chennai,4,1,25.81,26.66,72.98,11.91,9,44,53
2024-01-09 21:00:00,chennai,4,2,24.42,27.24,81.15,13.31,2,23,25
2024-01-09 22:00:00,chennai,4,1,22.29,24.61,78.72,19.1,3,25,28
2024-01-09 23:00:00,chennai,4,1,22.75,23.34,82.19,11.89,2,18,20
2024-01-10 00:00:00,chennai,4,1,20.28,22.09,88.58,12.36,6,28,34
2024-01-10 01:00:00,chennai,4,1,20.52,21.97,83.3,12.0,7,33,40
2024-01-10 02:00:00,chennai,4,3,20.09,22.21,81.39,10.05,4,19,23
2024-01-10 03:00:00,chennai,4,2,20.9,22.18,77.57,25.53,4,27,31
2024-01-10 04:00:00,chennai,4,1,23.98,25.18,90.77,10.75,4,42,46
2024-01-10 05:00:00,chennai,4,2,19.6,22.47,81.7,11.7,5,33,38
2024-01-10 06:00:00,chennai,4,2,23.49,24.89,72.28,10.69,10,51,61
2024-01-10 07:00:00,chennai,4,2,21.7,24.03,68.73,13.37,18,106,124
2024-01-10 08:00:00,chennai,4,1,24.1,25.38,78.27,23.45,36,188,224
2024-01-10 09:00:00,chennai,4,2,27.01,30.18,64.22,10.53,16,203,219
2024-01-10 10:00:00,chennai,4,1,26.75,27.57,76.27,12.91,18,103,121
2024-01-10 11:00:00,chennai,4,1,26.21,27.09,51.15,10.11,2,47,49
2024-01-10 12:00:00,chennai,4,1,27.28,30.3,70.45,17.37,4,42,46
2024-01-10 13:00:00,chennai,4,1,29.35,30.4,64.78,15.13,2,22,24
2024-01-10 14:00:00,chennai,4,2,27.79,30.89,62.59,16.01,2,31,33
2024-01-10 15:00:00,chennai,4,3,28.79,31.19,61.46,13.2,3,22,25
2024-01-10 16:00:00,chennai,4,2,28.19,29.53,72.79,21.91,24,121,145
2024-01-10 17:00:00,chennai,4,1,26.72,26.4,68.46,12.63,53,201,254
2024-01-10 18:00:00,chennai,4,2,29.24,30.72,62.48,13.61,29,209,238
2024-01-10 19:00:00,chennai,4,1,26.47,28.07,60.82,15.94,15,110,125
2024-01-10 20:00:00,chennai,4,1,22.24,24.91,72.89,13.68,6,36,42
2024-01-10 21:00:00,chennai,4,1,23.86,26.95,74.58,11.05,5,29,34
2024-01-10 22:00:00,chennai,4,1,21.88,22.69,69.4,11.91,3,26,29
2024-01-10 23:00:00,chennai,4,1,22.86,25.17,78.79,10.48,5,26,31
2024-01-11 00:00:00,chennai,4,2,20.25,22.52,77.79,12.83,4,27,31
2024-01-11 01:00:00,chennai,4,3,20.67,23.24,81.71,14.7,2,18,20
2024-01-11 02:00:00,chennai,4,2,21.28,23.27,85.63,10.63,5,35,40
2024-01-11 03:00:00,chennai,4,1,21.85,21.4,89.12,14.98,13,35,48
2024-01-11 04:00:00,chennai,4,1,19.77,21.11,85.2,21.17,10,41,51
2024-01-11 05:00:00,chennai,4,1,21.44,21.78,75.46,12.06,7,45,52
2024-01-11 06:00:00,chennai,4,2,22.1,23.4,78.84,11.26,3,54,57
2024-01-11 07:00:00,chennai,4,1,22.85,25.33,74.9,21.17,9,137,146
2024-01-11 08:00:00,chennai,4,1,26.79,28.59,65.34,15.89,34,184,218
2024-01-11 09:00:00,chennai,4,1,26.19,28.84,71.4,10.56,32,204,236
2024-01-11 10:00:00,chennai,4,1,25.16,27.0,76.28,12.62,12,115,127
2024-01-11 11:00:00,chennai,4,1,28.6,28.8,65.09,15.61,8,50,58
2024-01-11 12:00:00,chennai,4,1,30.68,29.66,55.37,14.27,4,34,38
2024-01-11 13:00:00,chennai,4,2,29.77,31.42,62.49,14.82,3,26,29
2024-01-11 14:00:00,chennai,4,1,26.85,28.13,55.93,14.19,5,30,35
2024-01-11 15:00:00,chennai,4,1,27.95,28.48,66.66,18.0,4,40,44
2024-01-11 16:00:00,chennai,4,2,29.65,29.45,65.96,11.93,11,123,134
2024-01-11 17:00:00,chennai,4,2,26.65,27.41,64.07,16.16,18,196,214
2024-01-11 18:00:00,chennai,4,1,27.2,28.51,65.34,33.6,35,237,272
2024-01-11 19:00:00,chennai,4,2,26.63,28.8,68.35,12.47,9,115,124
2024-01-11 20:00:00,chennai,4,2,23.56,25.25,72.04,17.83,11,30,41
2024-01-11 21:00:00,chennai,4,1,23.56,26.67,70.73,11.41,5,19,24
2024-01-11 22:00:00,chennai,4,2,18.78,19.24,70.06,11.66,4,16,20
2024-01-11 23:00:00,chennai,4,2,20.61,22.99,84.76,23.66,2,13,15
2024-01-12 00:00:00,chennai,4,2,20.9,22.45,78.73,10.13,4,29,33
2024-01-12 01:00:00,chennai,4,1,19.31,21.5,82.49,11.23,2,24,26
2024-01-12 02:00:00,chennai,4,2,22.63,23.69,83.43,13.3,7,22,29
2024-01-12 03:00:00,chennai,4,1,19.09,21.66,83.27,12.57,11,41,52
2024-01-12 04:00:00,chennai,4,2,20.68,22.47,74.79,14.96,6,25,31
2024-01-12 05:00:00,chennai,4,1,22.0,22.82,70.69,11.07,7,39,46
2024-01-12 06:00:00,chennai,4,1,24.4,25.89,74.06,10.37,8,51,59
2024-01-12 07:00:00,chennai,4,2,21.91,23.17,76.57,12.3,22,103,125
2024-01-12 08:00:00,chennai,4,1,26.07,28.05,68.36,13.72,52,175,227
2024-01-12 09:00:00,chennai,4,1,25.72,26.04,67.64,14.13,46,209,255
2024-01-12 10:00:00,chennai,4,1,25.49,26.96,77.64,14.6,11,101,112
2024-01-12 11:00:00,chennai,4,2,28.05,29.95,55.7,13.98,5,43,48
2024-01-12 12:00:00,chennai,4,1,28.37,29.91,59.56,11.41,6,29,35
2024-01-12 13:00:00,chennai,4,3,27.81,30.66,71.82,17.23,2,16,18
2024-01-12 14:00:00,chennai,4,1,28.75,31.03,61.78,10.46,3,23,26
2024-01-12 15:00:00,chennai,4,1,28.07,29.56,58.81,11.11,9,31,40
2024-01-12 16:00:00,chennai,4,1,28.27,29.99,69.18,16.72,19,119,138
2024-01-12 17:00:00,chennai,4,1,28.29,30.09,65.21,11.64,19,249,268
2024-01-12 18:00:00,chennai,4,1,28.57,30.48,65.26,13.4,77,183,260
2024-01-12 19:00:00,chennai,4,2,24.22,23.89,70.37,11.98,20,76,96
2024-01-12 20:00:00,chennai,4,2,27.23,28.43,68.71,13.54,8,45,53
2024-01-12 21:00:00,chennai,4,1,21.29,21.31,69.5,12.13,3,20,23
2024-01-12 22:00:00,chennai,4,1,22.49,25.27,76.43,35.76,1,22,23
2024-01-12 23:00:00,chennai,4,1,22.55,23.99,74.02,12.21,4,29,33
2024-01-13 00:00:00,chennai,4,2,21.54,22.85,80.71,14.93,7,15,22
2024-01-13 01:00:00,chennai,4,1,20.06,22.46,83.43,20.96,14,26,40
2024-01-13 02:00:00,chennai,4,1,20.42,22.34,86.27,15.08,19,26,45
2024-01-13 03:00:00,chennai,4,2,20.21,20.59,87.3,14.17,15,24,39
2024-01-13 04:00:00,chennai,4,1,20.5,21.93,78.63,14.21,27,32,59
2024-01-13 05:00:00,chennai,4,2,22.86,24.03,81.57,13.43,14,37,51
2024-01-13 06:00:00,chennai,4,1,23.1,22.85,79.46,18.24,12,33,45
2024-01-13 07:00:00,chennai,4,1,22.8,23.61,76.23,10.26,38,55,93
2024-01-13 08:00:00,chennai,4,1,25.75,27.07,69.6,20.82,46,83,129
2024-01-13 09:00:00,chennai,4,1,26.07,27.46,64.27,14.41,50,83,133
2024-01-13 10:00:00,chennai,4,1,27.65,27.66,69.51,19.45,36,66,102
2024-01-13 11:00:00,chennai,4,1,28.25,30.91,56.39,10.05,29,52,81
2024-01-13 12:00:00,chennai,4,1,27.14,28.54,62.0,20.17,38,61,99
2024-01-13 13:00:00,chennai,4,2,27.86,29.4,49.57,10.64,37,64,101
2024-01-13 14:00:00,chennai,4,2,29.57,31.47,55.32,16.39,36,76,112
2024-01-13 15:00:00,chennai,4,1,29.27,29.98,57.96,12.69,58,66,124
2024-01-13 16:00:00,chennai,4,2,28.11,30.07,68.82,15.71,43,77,120
2024-01-13 17:00:00,chennai,4,1,27.64,28.77,68.37,14.95,55,106,161
2024-01-13 18:00:00,chennai,4,1,28.2,28.81,64.23,10.89,47,94,141
2024-01-13 19:00:00,chennai,4,1,25.0,27.07,73.06,13.61,29,49,78
2024-01-13 20:00:00,chennai,4,1,25.33,28.32,76.44,11.62,14,27,41
2024-01-13 21:00:00,chennai,4,1,23.39,25.62,73.78,14.11,4,11,15
2024-01-13 22:00:00,chennai,4,1,22.41,24.83,70.08,16.7,10,19,29
2024-01-13 23:00:00,chennai,4,1,23.16,24.14,78.03,10.42,7,17,24
2024-01-14 00:00:00,chennai,4,1,22.2,22.1,80.17,13.63,11,19,30
2024-01-14 01:00:00,chennai,4,2,21.78,24.77,75.5,14.81,10,18,28
2024-01-14 02:00:00,chennai,4,1,22.24,25.79,83.84,11.75,18,40,58
2024-01-14 03:00:00,chennai,4,3,20.83,23.87,83.06,25.29,10,14,24
2024-01-14 04:00:00,chennai,4,1,22.02,23.19,82.89,13.67,19,36,55
2024-01-14 05:00:00,chennai,4,1,21.47,21.81,80.47,11.01,16,31,47
2024-01-14 06:00:00,chennai,4,1,23.06,23.49,80.65,10.57,19,39,58
2024-01-14 07:00:00,chennai,4,1,23.48,23.29,73.69,13.9,29,58,87
2024-01-14 08:00:00,chennai,4,1,24.79,26.18,73.01,12.35,51,86,137
2024-01-14 09:00:00,chennai,4,1,26.42,29.53,67.42,11.07,46,103,149
2024-01-14 10:00:00,chennai,4,1,25.69,27.05,64.08,10.16,39,70,109
2024-01-14 11:00:00,chennai,4,1,30.01,31.81,71.62,14.18,31,63,94
2024-01-14 12:00:00,chennai,4,2,26.93,29.8,53.12,14.56,31,65,96
2024-01-14 13:00:00,chennai,4,1,27.08,28.17,66.72,10.76,43,72,115
2024-01-14 14:00:00,chennai,4,1,30.06,33.6,58.9,14.6,47,108,155
2024-01-14 15:00:00,chennai,4,2,29.48,32.98,58.59,25.18,39,64,103
2024-01-14 16:00:00,chennai,4,1,28.88,30.25,64.65,29.15,54,95,149
2024-01-14 17:00:00,chennai,4,1,28.25,29.17,57.48,20.97,66,92,158
2024-01-14 18:00:00,chennai,4,1,26.66,28.85,62.92,18.23,31,87,118
2024-01-14 19:00:00,chennai,4,2,24.63,25.78,65.17,11.17,31,47,78
2024-01-14 20:00:00,chennai,4,2,24.76,25.1,70.89,10.85,7,14,21
2024-01-14 21:00:00,chennai,4,1,22.82,25.6,70.57,12.94,4,10,14
2024-01-14 22:00:00,chennai,4,1,23.84,26.56,85.01,14.83,6,13,19
2024-01-14 23:00:00,chennai,4,1,21.66,23.32,88.06,19.51,9,14,23
2024-01-15 00:00:00,chennai,4,1,20.22,20.45,70.55,11.32,4,21,25
2024-01-15 01:00:00,chennai,4,1,20.42,20.69,84.38,13.27,8,28,36
2024-01-15 02:00:00,chennai,4,2,21.17,22.77,86.29,15.21,5,32,37
2024-01-15 03:00:00,chennai,4,1,20.13,21.13,84.37,12.95,6,37,43
2024-01-15 04:00:00,chennai,4,1,20.22,21.38,77.37,13.03,7,41,48
2024-01-15 05:00:00,chennai,4,1,22.13,24.66,77.85,11.28,6,59,65
2024-01-15 06:00:00,chennai,4,1,22.96,25.2,73.26,31.59,11,61,72
2024-01-15 07:00:00,chennai,4,1,23.03,25.9,72.49,13.22,19,119,138
2024-01-15 08:00:00,chennai,4,3,24.1,24.61,65.95,13.8,17,93,110
2024-01-15 09:00:00,chennai,4,2,25.98,27.14,68.84,11.23,32,178,210
2024-01-15 10:00:00,chennai,4,1,24.93,27.19,59.49,13.61,19,108,127
2024-01-15 11:00:00,chennai,4,1,25.81,27.76,63.93,11.47,8,45,53
2024-01-15 12:00:00,chennai,4,2,27.27,30.3,57.1,11.13,10,39,49
2024-01-15 13:00:00,chennai,4,2,28.28,30.2,63.37,11.61,3,24,27
2024-01-15 14:00:00,chennai,4,2,29.04,32.39,58.6,10.01,3,20,23
2024-01-15 15:00:00,chennai,4,1,30.3,32.34,63.79,14.22,12,42,54
2024-01-15 16:00:00,chennai,4,1,29.16,31.73,68.75,12.45,32,116,148
2024-01-15 17:00:00,chennai,4,1,27.31,28.48,72.88,21.45,39,198,237
2024-01-15 18:00:00,chennai,4,1,26.65,28.16,54.36,10.21,62,185,247
2024-01-15 19:00:00,chennai,4,1,24.5,26.91,65.24,10.22,21,100,121
2024-01-15 20:00:00,chennai,4,2,24.65,27.76,70.48,20.85,10,31,41
2024-01-15 21:00:00,chennai,4,2,23.29,25.52,76.89,10.68,5,18,23
2024-01-15 22:00:00,chennai,4,1,23.06,24.47,68.75,10.01,4,14,18
2024-01-15 23:00:00,chennai,4,2,20.85,23.73,74.16,10.99,2,25,27
2024-01-16 00:00:00,chennai,4,1,21.83,21.14,81.31,18.68,6,27,33
2024-01-16 01:00:00,chennai,4,1,22.65,22.72,82.08,18.12,5,32,37
2024-01-16 02:00:00,chennai,4,3,20.54,22.72,83.89,12.08,2,20,22
2024-01-16 03:00:00,chennai,4,1,21.29,22.8,83.88,15.51,11,42,53
2024-01-16 04:00:00,chennai,4,2,22.03,24.14,82.35,13.54,9,33,42
2024-01-16 05:00:00,chennai,4,1,21.36,22.92,80.04,21.76,7,42,49
2024-01-16 06:00:00,chennai,4,2,22.94,25.01,77.28,10.29,8,57,65
2024-01-16 07:00:00,chennai,4,1,23.65,24.34,77.91,18.39,20,108,128
2024-01-16 08:00:00,chennai,4,1,24.79,26.86,60.8,10.94,13,205,218
2024-01-16 09:00:00,chennai,4,2,24.78,27.27,77.13,12.48,18,198,216
2024-01-16 10:00:00,chennai,4,2,26.7,29.42,55.98,11.07,17,111,128
2024-01-16 11:00:00,chennai,4,1,28.1,31.61,59.53,16.06,6,28,34
2024-01-16 12:00:00,chennai,4,1,29.88,31.62,62.21,15.67,6,37,43
2024-01-16 13:00:00,chennai,4,2,29.68,31.46,65.7,13.97,3,18,21
2024-01-16 14:00:00,chennai,4,2,31.25,31.23,47.02,15.99,2,17,19
2024-01-16 15:00:00,chennai,4,4,27.61,28.58,62.2,15.1,3,7,10
2024-01-16 16:00:00,chennai,4,1,29.18,30.49,67.3,17.49,13,127,140
2024-01-16 17:00:00,chennai,4,1,27.72,30.27,69.9,11.37,14,233,247
2024-01-16 18:00:00,chennai,4,1,29.3,30.19,63.51,12.8,29,208,237
2024-01-16 19:00:00,chennai,4,1,24.74,27.03,67.91,10.82,24,112,136
2024-01-16 20:00:00,chennai,4,1,23.66,25.16,68.92,12.81,9,50,59
2024-01-16 21:00:00,chennai,4,2,22.92,24.24,72.62,16.05,3,21,24
2024-01-16 22:00:00,chennai,4,1,20.12,21.87,71.84,15.88,4,22,26
2024-01-16 23:00:00,chennai,4,2,21.21,22.32,74.62,16.18,5,19,24
2024-01-17 00:00:00,chennai,4,2,20.29,21.37,82.83,11.85,5,27,32
2024-01-17 01:00:00,chennai,4,2,20.99,20.78,82.32,15.43,5,27,32
2024-01-17 02:00:00,chennai,4,1,21.08,22.33,84.46,12.29,7,40,47
2024-01-17 03:00:00,chennai,4,1,23.06,24.08,82.73,24.46,6,51,57
2024-01-17 04:00:00,chennai,4,3,22.35,23.33,84.18,12.1,5,23,28
2024-01-17 05:00:00,chennai,4,2,21.15,23.07,83.46,14.62,8,32,40
2024-01-17 06:00:00,chennai,4,1,21.59,23.75,68.29,16.93,15,54,69
2024-01-17 07:00:00,chennai,4,1,24.22,25.96,70.32,21.84,25,118,143
2024-01-17 08:00:00,chennai,4,1,23.09,25.58,70.84,12.88,38,212,250
2024-01-17 09:00:00,chennai,4,1,27.9,29.98,69.3,12.24,55,171,226
2024-01-17 10:00:00,chennai,4,2,28.09,29.29,63.65,12.81,20,108,128
2024-01-17 11:00:00,chennai,4,1,26.94,27.97,69.49,11.96,7,51,58
2024-01-17 12:00:00,chennai,4,1,26.08,27.89,73.24,15.31,4,30,34
2024-01-17 13:00:00,chennai,4,3,30.16,32.23,63.27,23.49,2,14,16
2024-01-17 14:00:00,chennai,4,2,28.53,31.43,62.42,10.67,3,21,24
2024-01-17 15:00:00,chennai,4,1,30.02,32.71,66.59,14.12,12,36,48
2024-01-17 16:00:00,chennai,4,2,26.22,27.18,54.01,21.4,15,118,133
2024-01-17 17:00:00,chennai,4,1,26.78,28.18,65.07,10.53,51,173,224
2024-01-17 18:00:00,chennai,4,1,26.68,28.85,71.9,13.4,33,205,238
2024-01-17 19:00:00,chennai,4,1,25.76,28.33,66.2,20.02,27,107,134
2024-01-17 20:00:00,chennai,4,1,24.13,26.57,65.87,21.54,5,42,47
2024-01-17 21:00:00,chennai,4,1,24.38,25.82,73.66,13.61,5,28,33
2024-01-17 22:00:00,chennai,4,1,21.39,21.63,76.7,10.13,2,21,23
2024-01-17 23:00:00,chennai,4,1,21.67,22.17,74.53,10.56,5,30,35
2024-01-18 00:00:00,chennai,4,1,21.35,23.12,91.14,14.42,7,29,36
2024-01-18 01:00:00,chennai,4,1,21.42,23.27,79.27,10.66,8,32,40
2024-01-18 02:00:00,chennai,4,1,21.52,21.93,76.23,10.81,6,32,38
2024-01-18 03:00:00,chennai,4,3,19.46,21.0,81.19,17.39,3,19,22
2024-01-18 04:00:00,chennai,4,1,19.36,21.5,85.2,16.95,10,55,65
2024-01-18 05:00:00,chennai,4,1,23.37,23.72,79.16,19.25,7,52,59
2024-01-18 06:00:00,chennai,4,1,23.07,25.67,79.43,10.56,10,70,80
2024-01-18 07:00:00,chennai,4,1,22.74,23.86,70.23,11.1,18,118,136
2024-01-18 08:00:00,chennai,4,1,26.53,29.29,79.44,18.95,36,188,224
2024-01-18 09:00:00,chennai,4,1,25.84,26.81,72.22,16.38,51,179,230
2024-01-18 10:00:00,chennai,4,1,28.09,28.56,72.24,18.2,24,88,112
2024-01-18 11:00:00,chennai,4,2,27.58,28.62,66.75,32.9,6,40,46
2024-01-18 12:00:00,chennai,4,2,30.61,32.01,67.46,19.99,3,26,29
2024-01-18 13:00:00,chennai,4,1,30.64,31.75,57.98,13.67,3,25,28
2024-01-18 14:00:00,chennai,4,1,28.37,29.66,59.54,11.86,3,30,33
2024-01-18 15:00:00,chennai,4,1,29.7,31.53,69.07,14.22,10,42,52
2024-01-18 16:00:00,chennai,4,1,28.91,30.24,71.14,15.09,10,112,122
2024-01-18 17:00:00,chennai,4,1,29.14,30.57,59.19,12.04,12,237,249
2024-01-18 18:00:00,chennai,4,1,25.51,25.3,68.25,17.37,48,211,259
2024-01-18 19:00:00,chennai,4,1,26.53,28.42,67.26,10.49,28,126,154
2024-01-18 20:00:00,chennai,4,1,25.94,27.35,68.51,17.56,5,46,51
2024-01-18 21:00:00,chennai,4,1,21.52,24.63,76.01,10.16,3,17,20
2024-01-18 22:00:00,chennai,4,2,21.25,21.81,82.7,13.45,2,24,26
2024-01-18 23:00:00,chennai,4,1,19.39,19.09,81.33,19.88,4,26,30
2024-01-19 00:00:00,chennai,4,1,20.88,23.0,79.06,10.45,6,29,35
2024-01-19 01:00:00,chennai,4,1,21.67,23.51,84.23,13.65,7,32,39
2024-01-19 02:00:00,chennai,4,1,22.47,22.96,80.2,10.87,5,26,31
2024-01-19 03:00:00,chennai,4,1,20.9,20.87,83.72,21.26,3,49,52
2024-01-19 04:00:00,chennai,4,1,23.16,26.2,87.64,18.93,9,46,55
2024-01-19 05:00:00,chennai,4,1,20.19,23.1,68.69,23.58,12,35,47
2024-01-19 06:00:00,chennai,4,1,20.63,19.64,80.99,20.4,12,59,71
2024-01-19 07:00:00,chennai,4,1,23.57,24.61,66.89,16.67,13,148,161
2024-01-19 08:00:00,chennai,4,3,25.13,28.29,78.14,11.02,17,131,148
2024-01-19 09:00:00,chennai,4,1,25.67,26.69,66.23,11.8,30,211,241
2024-01-19 10:00:00,chennai,4,1,24.19,25.2,60.91,13.43,6,121,127
2024-01-19 11:00:00,chennai,4,2,27.39,28.61,68.41,14.44,10,54,64
2024-01-19 12:00:00,chennai,4,1,26.57,26.95,65.16,17.62,5,31,36
2024-01-19 13:00:00,chennai,4,1,29.34,29.13,57.34,11.29,4,23,27
2024-01-19 14:00:00,chennai,4,1,29.11,31.66,55.74,10.69,4,21,25
2024-01-19 15:00:00,chennai,4,1,27.41,27.06,61.4,13.29,7,54,61
2024-01-19 16:00:00,chennai,4,3,27.52,29.26,57.32,10.86,17,69,86
2024-01-19 17:00:00,chennai,4,1,26.23,28.61,59.62,15.92,39,208,247
2024-01-19 18:00:00,chennai,4,1,26.59,26.64,67.58,14.29,32,230,262
2024-01-19 19:00:00,chennai,4,1,26.85,27.43,64.58,16.76,23,112,135
2024-01-19 20:00:00,chennai,4,2,23.49,26.2,74.13,10.33,7,34,41
2024-01-19 21:00:00,chennai,4,3,24.24,26.27,82.04,26.72,1,8,9
2024-01-19 22:00:00,chennai,4,3,22.03,22.92,76.26,10.0,2,14,16
2024-01-19 23:00:00,chennai,4,2,20.89,23.59,79.72,11.97,4,25,29
2024-01-20 00:00:00,chennai,4,1,21.08,23.78,90.75,15.69,9,20,29
2024-01-20 01:00:00,chennai,4,2,19.56,21.33,75.72,10.23,7,17,24
2024-01-20 02:00:00,chennai,4,2,20.01,20.61,87.96,10.44,10,22,32
2024-01-20 03:00:00,chennai,4,2,19.37,20.46,87.01,10.4,14,20,34
2024-01-20 04:00:00,chennai,4,1,23.56,25.35,84.93,14.36,12,26,38
2024-01-20 05:00:00,chennai,4,1,21.88,23.2,85.53,21.31,16,24,40
2024-01-20 06:00:00,chennai,4,2,21.83,24.27,78.4,14.05,20,37,57
2024-01-20 07:00:00,chennai,4,1,23.89,23.86,71.67,14.63,32,58,90
2024-01-20 08:00:00,chennai,4,1,24.54,24.54,77.47,12.12,40,98,138
2024-01-20 09:00:00,chennai,4,1,25.44,27.12,75.08,10.09,48,69,117
2024-01-20 10:00:00,chennai,4,2,27.41,28.42,72.53,10.11,46,55,101
2024-01-20 11:00:00,chennai,4,1,28.41,29.28,65.15,20.96,27,60,87
2024-01-20 12:00:00,chennai,4,1,27.5,27.23,59.76,10.54,41,57,98
2024-01-20 13:00:00,chennai,4,1,27.84,29.36,63.3,50.0,31,77,108
2024-01-20 14:00:00,chennai,4,3,28.34,29.79,66.71,10.9,21,39,60
2024-01-20 15:00:00,chennai,4,1,25.77,27.92,67.46,15.61,39,95,134
2024-01-20 16:00:00,chennai,4,1,26.32,27.88,61.19,24.88,50,86,136
2024-01-20 17:00:00,chennai,4,1,29.14,30.51,66.51,12.25,53,102,155
2024-01-20 18:00:00,chennai,4,1,28.64,31.32,60.46,16.63,49,91,140
2024-01-20 19:00:00,chennai,4,1,25.41,25.59,74.34,12.16,29,41,70
2024-01-20 20:00:00,chennai,4,1,25.36,27.4,68.08,11.82,16,22,38
2024-01-20 21:00:00,chennai,4,2,24.01,23.84,78.51,11.13,6,13,19
2024-01-20 22:00:00,chennai,4,1,26.36,27.03,71.25,18.6,7,10,17
2024-01-20 23:00:00,chennai,4,2,23.18,23.47,84.23,11.49,12,17,29
2024-01-21 00:00:00,chennai,4,2,21.05,23.33,82.27,11.66,11,16,27
2024-01-21 01:00:00,chennai,4,1,19.66,21.09,77.75,44.39,12,22,34
2024-01-21 02:00:00,chennai,4,3,18.74,20.23,85.46,11.98,7,11,18
2024-01-21 03:00:00,chennai,4,2,21.05,21.44,78.71,12.75,14,27,41
2024-01-21 04:00:00,chennai,4,4,20.3,21.5,84.41,33.05,7,8,15
2024-01-21 05:00:00,chennai,4,2,20.13,20.87,77.7,12.3,19,33,52
2024-01-21 06:00:00,chennai,4,1,21.89,23.78,68.39,12.28,22,41,63
2024-01-21 07:00:00,chennai,4,2,22.34,22.85,69.68,18.79,29,48,77
2024-01-21 08:00:00,chennai,4,2,26.69,29.52,69.85,11.87,39,69,108
2024-01-21 09:00:00,chennai,4,2,26.76,26.59,76.25,11.33,57,68,125
2024-01-21 10:00:00,chennai,4,1,26.66,27.35,71.51,12.75,33,63,96
2024-01-21 11:00:00,chennai,4,1,29.27,32.45,73.05,16.03,35,54,89
2024-01-21 12:00:00,chennai,4,2,28.23,29.29,71.61,10.22,34,65,99
2024-01-21 13:00:00,chennai,4,2,27.5,27.69,59.67,12.34,28,79,107
2024-01-21 14:00:00,chennai,4,4,30.5,32.22,61.06,12.13,9,18,27
2024-01-21 15:00:00,chennai,4,1,29.18,30.2,60.28,11.4,50,78,128
2024-01-21 16:00:00,chennai,4,1,26.89,27.55,59.98,15.31,53,95,148
2024-01-21 17:00:00,chennai,4,1,27.27,27.67,55.72,11.71,44,105,149
2024-01-21 18:00:00,chennai,4,1,25.62,29.89,66.93,14.67,51,67,118
2024-01-21 19:00:00,chennai,4,3,24.05,25.29,62.98,13.51,16,38,54
2024-01-21 20:00:00,chennai,4,2,25.78,25.36,71.83,11.22,12,28,40
2024-01-21 21:00:00,chennai,4,1,25.93,28.92,85.17,11.55,7,17,24
2024-01-21 22:00:00,chennai,4,1,20.99,23.1,74.45,10.94,6,13,19
2024-01-21 23:00:00,chennai,4,2,22.52,23.25,80.04,10.29,7,12,19
2024-01-22 00:00:00,chennai,4,1,20.43,20.99,85.19,14.83,5,22,27
2024-01-22 01:00:00,chennai,4,4,20.22,22.4,83.06,15.59,1,6,7
2024-01-22 02:00:00,chennai,4,2,19.96,21.21,83.46,10.91,6,28,34
2024-01-22 03:00:00,chennai,4,2,19.77,19.34,79.85,14.78,8,34,42
2024-01-22 04:00:00,chennai,4,1,21.26,24.55,79.5,30.11,7,46,53
2024-01-22 05:00:00,chennai,4,2,20.84,21.91,74.27,10.39,3,33,36
2024-01-22 06:00:00,chennai,4,2,22.99,25.99,81.23,13.37,17,58,75
2024-01-22 07:00:00,chennai,4,2,23.57,26.35,65.88,16.6,15,110,125
2024-01-22 08:00:00,chennai,4,1,24.38,24.88,76.86,10.24,11,215,226
2024-01-22 09:00:00,chennai,4,1,24.62,27.15,62.39,17.53,31,208,239
2024-01-22 10:00:00,chennai,4,1,25.98,26.83,71.81,29.44,21,94,115
2024-01-22 11:00:00,chennai,4,1,28.4,28.04,63.16,10.46,11,49,60
2024-01-22 12:00:00,chennai,4,1,28.74,29.81,57.18,18.64,3,34,37
2024-01-22 13:00:00,chennai,4,1,27.36,29.26,65.24,12.38,2,31,33
2024-01-22 14:00:00,chennai,4,1,28.79,29.83,66.64,10.78,5,25,30
2024-01-22 15:00:00,chennai,4,1,29.44,30.63,60.15,13.4,10,47,57
2024-01-22 16:00:00,chennai,4,1,26.13,28.77,66.94,10.37,30,115,145
2024-01-22 17:00:00,chennai,4,2,28.15,29.76,53.5,13.69,44,176,220
2024-01-22 18:00:00,chennai,4,1,25.87,26.53,60.4,10.1,41,221,262
2024-01-22 19:00:00,chennai,4,1,26.39,28.59,75.87,16.52,15,125,140
2024-01-22 20:00:00,chennai,4,3,23.75,25.45,70.88,13.35,4,24,28
2024-01-22 21:00:00,chennai,4,1,21.47,20.45,65.28,13.07,3,18,21
2024-01-22 22:00:00,chennai,4,1,20.72,22.65,73.51,11.09,3,25,28
2024-01-22 23:00:00,chennai,4,1,21.9,23.79,74.45,12.24,4,16,20
2024-01-23 00:00:00,chennai,4,1,21.52,23.04,79.83,11.0,5,20,25
2024-01-23 01:00:00,chennai,4,1,19.72,22.11,79.81,16.65,4,42,46
2024-01-23 02:00:00,chennai,4,2,21.44,22.26,82.89,11.11,5,34,39
2024-01-23 03:00:00,chennai,4,1,18.81,20.65,81.31,14.8,14,40,54
2024-01-23 04:00:00,chennai,4,1,21.13,21.06,87.46,11.64,7,27,34
2024-01-23 05:00:00,chennai,4,1,20.39,22.3,81.19,15.35,8,44,52
2024-01-23 06:00:00,chennai,4,1,21.89,25.34,79.29,13.89,12,45,57
2024-01-23 07:00:00,chennai,4,3,23.69,24.2,80.41,12.75,18,61,79
2024-01-23 08:00:00,chennai,4,2,23.64,24.38,70.06,15.59,34,183,217
2024-01-23 09:00:00,chennai,4,1,25.24,26.03,63.1,12.69,19,213,232
2024-01-23 10:00:00,chennai,4,1,27.88,29.51,73.03,18.61,26,111,137
2024-01-23 11:00:00,chennai,4,2,26.81,27.24,65.61,16.54,10,39,49
2024-01-23 12:00:00,chennai,4,1,29.14,31.06,64.04,13.89,3,30,33
2024-01-23 13:00:00,chennai,4,1,27.18,29.52,59.17,20.48,5,24,29
2024-01-23 14:00:00,chennai,4,1,29.31,31.34,58.92,18.83,2,20,22
2024-01-23 15:00:00,chennai,4,2,30.26,30.0,66.57,13.79,4,52,56
2024-01-23 16:00:00,chennai,4,1,25.17,27.66,68.26,10.35,19,97,116
2024-01-23 17:00:00,chennai,4,3,26.54,28.98,68.85,14.17,29,103,132
2024-01-23 18:00:00,chennai,4,1,27.36,29.69,70.96,12.19,42,210,252
2024-01-23 19:00:00,chennai,4,1,25.46,27.33,72.26,13.88,21,110,131
2024-01-23 20:00:00,chennai,4,2,25.12,26.84,72.66,15.21,4,40,44
2024-01-23 21:00:00,chennai,4,1,22.91,25.44,73.71,15.18,5,24,29
2024-01-23 22:00:00,chennai,4,4,22.77,26.2,83.05,15.6,1,5,6
2024-01-23 23:00:00,chennai,4,1,21.65,22.2,77.2,15.69,4,30,34
2024-01-24 00:00:00,chennai,4,1,22.61,25.19,82.51,10.58,5,23,28
2024-01-24 01:00:00,chennai,4,1,21.11,22.53,77.64,11.06,3,30,33
2024-01-24 02:00:00,chennai,4,1,21.07,22.45,78.7,14.98,7,40,47
2024-01-24 03:00:00,chennai,4,1,20.31,20.28,80.48,12.62,3,29,32
2024-01-24 04:00:00,chennai,4,2,20.62,21.84,76.64,17.2,6,42,48
2024-01-24 05:00:00,chennai,4,1,21.32,21.83,83.06,10.67,2,46,48
2024-01-24 06:00:00,chennai,4,1,23.14,24.18,70.26,11.06,9,43,52
2024-01-24 07:00:00,chennai,4,1,23.13,23.53,75.08,14.09,19,96,115
2024-01-24 08:00:00,chennai,4,2,25.02,26.07,72.66,13.47,57,163,220
2024-01-24 09:00:00,chennai,4,1,28.2,29.29,60.36,11.55,37,194,231
2024-01-24 10:00:00,chennai,4,1,27.72,29.31,64.79,12.62,14,119,133
2024-01-24 11:00:00,chennai,4,2,27.11,26.99,66.21,10.18,9,35,44
2024-01-24 12:00:00,chennai,4,3,29.58,29.63,65.48,10.19,3,11,14
2024-01-24 13:00:00,chennai,4,1,28.04,29.91,61.32,10.5,7,25,32
2024-01-24 14:00:00,chennai,4,1,26.22,26.93,65.38,14.3,2,29,31
2024-01-24 15:00:00,chennai,4,1,27.32,29.9,61.79,19.97,7,56,63
2024-01-24 16:00:00,chennai,4,1,25.89,27.61,63.41,11.51,15,128,143
2024-01-24 17:00:00,chennai,4,2,27.08,29.18,66.19,10.17,52,179,231
2024-01-24 18:00:00,chennai,4,3,26.69,29.6,71.63,16.17,27,114,141
2024-01-24 19:00:00,chennai,4,1,27.72,28.91,66.03,19.67,31,119,150
2024-01-24 20:00:00,chennai,4,1,25.06,25.99,69.57,10.74,5,46,51
2024-01-24 21:00:00,chennai,4,1,23.37,25.74,71.24,12.44,4,19,23
2024-01-24 22:00:00,chennai,4,1,23.67,25.67,75.34,10.86,2,27,29
2024-01-24 23:00:00,chennai,4,2,19.19,20.5,86.2,10.56,2,20,22
2024-01-25 00:00:00,chennai,4,2,21.49,24.38,83.52,15.22,5,30,35
2024-01-25 01:00:00,chennai,4,1,21.73,23.02,76.0,27.14,6,31,37
2024-01-25 02:00:00,chennai,4,1,18.9,20.43,79.0,15.67,8,42,50
2024-01-25 03:00:00,chennai,4,1,22.18,23.7,83.52,30.94,6,43,49
2024-01-25 04:00:00,chennai,4,2,21.61,22.18,76.13,12.85,7,33,40
2024-01-25 05:00:00,chennai,4,1,21.34,22.92,75.44,21.41,7,37,44
2024-01-25 06:00:00,chennai,4,3,23.43,26.33,83.72,11.15,7,25,32
2024-01-25 07:00:00,chennai,4,1,26.36,28.3,71.52,10.63,17,118,135
2024-01-25 08:00:00,chennai,4,2,24.89,26.42,76.77,16.06,13,202,215
2024-01-25 09:00:00,chennai,4,1,26.0,27.34,75.69,12.32,38,171,209
2024-01-25 10:00:00,chennai,4,1,26.12,27.95,63.33,11.91,21,104,125
2024-01-25 11:00:00,chennai,4,2,26.48,28.73,60.48,15.56,4,38,42
2024-01-25 12:00:00,chennai,4,1,29.13,31.24,61.96,12.03,5,31,36
2024-01-25 13:00:00,chennai,4,1,27.51,28.67,56.9,14.25,4,22,26
2024-01-25 14:00:00,chennai,4,1,28.76,30.58,62.61,11.78,4,29,33
2024-01-25 15:00:00,chennai,4,1,27.96,29.94,61.31,17.66,5,52,57
2024-01-25 16:00:00,chennai,4,1,28.71,29.2,65.14,11.87,20,121,141
2024-01-25 17:00:00,chennai,4,3,27.9,29.57,71.91,13.83,28,117,145
2024-01-25 18:00:00,chennai,4,2,27.91,27.25,71.09,10.12,30,197,227
2024-01-25 19:00:00,chennai,4,2,25.09,27.08,71.86,17.84,21,110,131
2024-01-25 20:00:00,chennai,4,3,24.35,26.51,62.17,14.84,4,24,28
2024-01-25 21:00:00,chennai,4,3,22.46,24.71,76.81,11.07,1,14,15
2024-01-25 22:00:00,chennai,4,1,22.14,23.24,85.61,11.21,3,20,23
2024-01-25 23:00:00,chennai,4,1,22.29,24.1,64.02,11.52,4,29,33
2024-01-26 00:00:00,chennai,4,1,22.11,25.04,84.11,14.3,5,20,25
2024-01-26 01:00:00,chennai,4,1,19.7,22.61,80.86,13.97,10,38,48
2024-01-26 02:00:00,chennai,4,1,21.71,23.18,77.75,11.6,7,27,34
2024-01-26 03:00:00,chennai,4,3,22.43,24.07,85.66,15.92,3,21,24
2024-01-26 04:00:00,chennai,4,1,21.7,24.31,89.21,20.99,5,48,53
2024-01-26 05:00:00,chennai,4,1,24.09,24.09,82.95,10.22,5,58,63
2024-01-26 06:00:00,chennai,4,2,21.74,22.92,75.14,12.7,10,53,63
2024-01-26 07:00:00,chennai,4,2,22.14,24.98,69.87,14.5,13,99,112
2024-01-26 08:00:00,chennai,4,1,22.54,25.01,72.72,14.41,22,211,233
2024-01-26 09:00:00,chennai,4,1,27.5,29.37,73.78,10.1,54,163,217
2024-01-26 10:00:00,chennai,4,1,27.46,27.45,65.06,11.18,24,114,138
2024-01-26 11:00:00,chennai,4,2,27.43,28.88,63.48,10.32,8,41,49
2024-01-26 12:00:00,chennai,4,1,28.47,29.38,77.45,14.21,5,27,32
2024-01-26 13:00:00,chennai,4,2,27.18,29.01,67.73,15.18,6,21,27
2024-01-26 14:00:00,chennai,4,2,31.6,32.3,67.75,10.87,4,26,30
2024-01-26 15:00:00,chennai,4,2,28.69,29.16,55.04,12.02,9,43,52
2024-01-26 16:00:00,chennai,4,2,28.27,27.7,59.8,12.0,27,111,138
2024-01-26 17:00:00,chennai,4,1,28.37,31.09,65.3,18.57,61,192,253
2024-01-26 18:00:00,chennai,4,2,27.25,28.35,61.99,11.08,36,205,241
2024-01-26 19:00:00,chennai,4,2,25.97,27.63,77.41,13.97,29,110,139
2024-01-26 20:00:00,chennai,4,1,23.72,25.22,79.05,17.64,2,40,42
2024-01-26 21:00:00,chennai,4,1,24.2,24.63,71.92,18.85,5,16,21
2024-01-26 22:00:00,chennai,4,1,24.93,25.17,85.92,15.49,4,22,26
2024-01-26 23:00:00,chennai,4,2,23.46,23.95,79.05,11.78,4,17,21
2024-01-27 00:00:00,chennai,4,2,23.12,23.89,93.61,18.66,7,16,23
2024-01-27 01:00:00,chennai,4,2,20.19,22.06,82.38,16.78,8,19,27
2024-01-27 02:00:00,chennai,4,1,19.48,20.19,84.88,16.09,13,29,42
2024-01-27 03:00:00,chennai,4,1,20.66,23.9,88.66,10.35,13,25,38
2024-01-27 04:00:00,chennai,4,1,21.27,23.8,87.05,10.22,18,36,54
2024-01-27 05:00:00,chennai,4,3,23.15,25.46,81.62,15.94,7,15,22
2024-01-27 06:00:00,chennai,4,1,20.64,22.02,76.29,24.48,20,38,58
2024-01-27 07:00:00,chennai,4,1,25.47,28.48,77.16,17.43,20,67,87
2024-01-27 08:00:00,chennai,4,1,24.48,25.76,67.92,18.9,48,82,130
2024-01-27 09:00:00,chennai,4,1,25.19,26.66,70.17,13.94,46,89,135
2024-01-27 10:00:00,chennai,4,1,25.46,27.13,61.45,11.82,43,65,108
2024-01-27 11:00:00,chennai,4,3,25.51,27.71,56.02,15.66,15,30,45
2024-01-27 12:00:00,chennai,4,1,29.12,31.26,63.59,16.22,39,80,119
2024-01-27 13:00:00,chennai,4,2,28.62,29.65,68.65,15.63,39,70,109
2024-01-27 14:00:00,chennai,4,1,27.12,28.09,66.63,24.66,43,70,113
2024-01-27 15:00:00,chennai,4,2,26.98,29.12,61.93,12.29,46,68,114
2024-01-27 16:00:00,chennai,4,1,27.73,29.95,72.07,10.2,43,82,125
2024-01-27 17:00:00,chennai,4,1,29.5,30.61,62.08,21.95,60,101,161
2024-01-27 18:00:00,chennai,4,2,26.36,26.27,57.41,10.87,46,84,130
2024-01-27 19:00:00,chennai,4,1,23.9,25.19,58.5,15.98,28,56,84
2024-01-27 20:00:00,chennai,4,2,24.37,26.5,66.09,20.33,9,26,35
2024-01-27 21:00:00,chennai,4,1,23.31,26.61,78.67,11.86,6,10,16
2024-01-27 22:00:00,chennai,4,1,19.43,19.74,73.83,18.87,9,22,31
2024-01-27 23:00:00,chennai,4,2,21.78,22.85,81.38,12.02,9,14,23
2024-01-28 00:00:00,chennai,4,2,20.93,22.04,88.89,17.91,6,13,19
2024-01-28 01:00:00,chennai,4,1,21.64,24.5,76.16,10.36,16,33,49
2024-01-28 02:00:00,chennai,4,2,22.89,24.35,84.39,15.32,10,23,33
2024-01-28 03:00:00,chennai,4,3,22.16,22.75,84.35,15.65,12,19,31
2024-01-28 04:00:00,chennai,4,1,20.88,22.94,76.36,13.38,16,33,49
2024-01-28 05:00:00,chennai,4,2,20.51,21.61,85.84,15.81,16,25,41
2024-01-28 06:00:00,chennai,4,1,25.76,26.03,75.56,22.83,9,32,41
2024-01-28 07:00:00,chennai,4,1,23.71,24.31,72.67,16.62,38,46,84
2024-01-28 08:00:00,chennai,4,2,24.69,27.92,82.56,26.26,34,79,113
2024-01-28 09:00:00,chennai,4,2,25.68,27.56,72.03,12.98,54,86,140
2024-01-28 10:00:00,chennai,4,1,26.91,28.52,71.63,13.76,36,59,95
2024-01-28 11:00:00,chennai,4,2,27.33,28.58,71.7,11.53,24,38,62
2024-01-28 12:00:00,chennai,4,2,27.45,29.24,60.09,31.2,26,57,83
2024-01-28 13:00:00,chennai,4,1,27.88,29.66,68.59,10.28,36,73,109
2024-01-28 14:00:00,chennai,4,2,28.63,30.42,59.49,12.22,43,74,117
2024-01-28 15:00:00,chennai,4,1,27.88,29.5,59.62,11.77,40,74,114
2024-01-28 16:00:00,chennai,4,1,27.28,29.65,61.98,12.44,38,87,125
2024-01-28 17:00:00,chennai,4,2,27.63,29.15,61.82,22.49,58,95,153
2024-01-28 18:00:00,chennai,4,2,26.36,26.89,71.11,12.29,73,84,157
2024-01-28 19:00:00,chennai,4,1,27.51,28.4,70.75,22.44,25,52,77
2024-01-28 20:00:00,chennai,4,1,21.49,21.01,69.54,12.75,17,29,46
2024-01-28 21:00:00,chennai,4,1,24.94,28.47,77.96,19.65,7,12,19
2024-01-28 22:00:00,chennai,4,1,24.17,26.53,75.62,13.69,6,13,19
2024-01-28 23:00:00,chennai,4,2,19.35,20.02,77.43,11.87,11,18,29
2024-01-29 00:00:00,chennai,4,2,20.79,22.01,80.9,12.98,6,28,34
2024-01-29 01:00:00,chennai,4,2,20.36,21.22,83.98,12.76,6,39,45
2024-01-29 02:00:00,chennai,4,1,18.98,22.02,83.95,11.5,8,27,35
2024-01-29 03:00:00,chennai,4,1,19.87,19.95,79.84,11.71,5,31,36
2024-01-29 04:00:00,chennai,4,2,19.87,21.49,84.9,11.03,9,37,46
2024-01-29 05:00:00,chennai,4,1,23.94,25.34,77.96,12.05,8,39,47
2024-01-29 06:00:00,chennai,4,1,23.79,26.12,73.73,14.9,9,50,59
2024-01-29 07:00:00,chennai,4,2,25.16,26.56,67.25,12.44,18,101,119
2024-01-29 08:00:00,chennai,4,2,25.54,25.28,76.92,16.23,34,151,185
2024-01-29 09:00:00,chennai,4,1,24.35,25.6,69.47,31.71,21,196,217
2024-01-29 10:00:00,chennai,4,1,26.04,26.57,68.05,12.37,19,93,112
2024-01-29 11:00:00,chennai,4,1,28.09,29.67,70.16,13.11,10,38,48
2024-01-29 12:00:00,chennai,4,1,26.67,29.6,60.95,10.9,5,24,29
2024-01-29 13:00:00,chennai,4,1,29.39,29.15,55.47,12.49,2,23,25
2024-01-29 14:00:00,chennai,4,2,28.38,29.08,62.35,16.49,2,20,22
2024-01-29 15:00:00,chennai,4,2,28.08,29.03,63.88,11.23,8,47,55
2024-01-29 16:00:00,chennai,4,1,28.99,30.11,62.03,11.0,15,124,139
2024-01-29 17:00:00,chennai,4,1,28.03,30.27,72.3,12.36,40,166,206
2024-01-29 18:00:00,chennai,4,2,26.24,27.56,54.57,18.54,30,205,235
2024-01-29 19:00:00,chennai,4,2,27.1,29.01,75.01,14.89,22,102,124
2024-01-29 20:00:00,chennai,4,2,23.37,24.25,75.96,25.8,12,35,47
2024-01-29 21:00:00,chennai,4,2,24.37,26.1,76.87,21.75,3,19,22
2024-01-29 22:00:00,chennai,4,1,23.38,25.66,60.32,10.82,2,19,21
2024-01-29 23:00:00,chennai,4,2,21.47,22.24,85.49,10.22,2,10,12
2024-01-30 00:00:00,chennai,4,1,21.6,23.88,75.53,12.55,5,24,29
2024-01-30 01:00:00,chennai,4,2,19.3,20.86,79.12,13.69,5,27,32
2024-01-30 02:00:00,chennai,4,2,21.78,24.32,81.15,13.62,9,33,42
2024-01-30 03:00:00,chennai,4,1,20.58,21.88,83.7,10.72,5,45,50
2024-01-30 04:00:00,chennai,4,1,20.58,22.46,83.86,10.67,11,44,55
2024-01-30 05:00:00,chennai,4,1,23.1,24.56,83.54,10.24,8,58,66
2024-01-30 06:00:00,chennai,4,1,21.82,23.23,81.08,19.51,14,49,63
2024-01-30 07:00:00,chennai,4,2,21.94,23.7,75.85,24.76,6,109,115
2024-01-30 08:00:00,chennai,4,1,22.8,24.84,74.08,10.61,57,160,217
2024-01-30 09:00:00,chennai,4,1,26.43,26.68,63.96,11.2,33,208,241
2024-01-30 10:00:00,chennai,4,2,25.13,28.07,63.24,10.47,9,97,106
2024-01-30 11:00:00,chennai,4,1,29.6,29.24,69.41,20.5,11,44,55
2024-01-30 12:00:00,chennai,4,2,25.64,26.45,67.53,25.94,5,24,29
2024-01-30 13:00:00,chennai,4,1,30.57,31.98,65.96,11.52,7,32,39
2024-01-30 14:00:00,chennai,4,1,28.92,30.84,59.43,11.81,4,17,21
2024-01-30 15:00:00,chennai,4,2,28.42,31.49,66.89,12.25,6,31,37
2024-01-30 16:00:00,chennai,4,1,27.48,27.12,57.53,13.49,19,118,137
2024-01-30 17:00:00,chennai,4,1,27.98,28.97,70.32,15.74,24,233,257
2024-01-30 18:00:00,chennai,4,1,26.62,26.0,65.7,13.51,39,228,267
2024-01-30 19:00:00,chennai,4,2,27.03,28.56,77.83,25.08,15,109,124
2024-01-30 20:00:00,chennai,4,1,24.81,26.58,64.39,10.53,8,46,54
2024-01-30 21:00:00,chennai,4,1,23.81,26.91,83.41,18.01,4,23,27
2024-01-30 22:00:00,chennai,4,3,22.23,23.85,75.19,12.04,2,8,10
2024-01-30 23:00:00,chennai,4,2,21.77,24.32,77.17,12.37,4,29,33
2024-01-31 00:00:00,chennai,4,3,21.58,23.66,81.63,16.17,3,15,18
2024-01-31 01:00:00,chennai,4,1,18.75,19.82,78.17,23.25,7,46,53
2024-01-31 02:00:00,chennai,4,1,19.05,19.14,81.64,16.3,3,33,36
2024-01-31 03:00:00,chennai,4,3,21.7,23.47,77.97,17.48,7,16,23
2024-01-31 04:00:00,chennai,4,1,21.41,21.42,77.15,16.95,5,46,51
2024-01-31 05:00:00,chennai,4,1,21.62,24.42,81.51,11.94,6,30,36
2024-01-31 06:00:00,chennai,4,2,22.69,24.03,72.49,17.07,14,45,59
2024-01-31 07:00:00,chennai,4,2,24.05,26.75,70.75,17.67,12,121,133
2024-01-31 08:00:00,chennai,4,1,24.02,25.04,65.14,13.81,42,173,215
2024-01-31 09:00:00,chennai,4,1,24.77,26.54,66.89,13.85,16,203,219
2024-01-31 10:00:00,chennai,4,1,26.9,28.61,73.56,17.13,13,108,121
2024-01-31 11:00:00,chennai,4,2,26.32,27.78,60.7,18.49,8,38,46
2024-01-31 12:00:00,chennai,4,2,28.62,29.69,59.68,12.06,4,26,30
2024-01-31 13:00:00,chennai,4,1,26.49,28.38,63.31,18.09,5,18,23
2024-01-31 14:00:00,chennai,4,1,29.9,30.48,60.15,18.42,4,19,23
2024-01-31 15:00:00,chennai,4,1,29.1,29.39,73.48,11.33,9,40,49
2024-01-31 16:00:00,chennai,4,2,28.44,31.18,62.53,16.31,14,109,123
2024-01-31 17:00:00,chennai,4,2,28.68,30.9,66.61,11.03,24,216,240
2024-01-31 18:00:00,chennai,4,1,28.67,30.23,71.72,10.49,24,238,262
2024-01-31 19:00:00,chennai,4,2,26.92,30.09,74.03,14.27,13,114,127
2024-01-31 20:00:00,chennai,4,1,22.46,23.69,73.17,21.97,5,36,41
2024-01-31 21:00:00,chennai,4,1,22.1,24.92,73.78,10.18,5,20,25
2024-01-31 22:00:00,chennai,4,3,21.92,23.6,87.12,18.76,2,10,12
2024-01-31 23:00:00,chennai,4,2,21.87,22.35,78.57,13.53,3,28,31
2024-02-01 00:00:00,chennai,4,1,23.66,27.01,78.45,19.86,5,34,39
2024-02-01 01:00:00,chennai,4,1,21.77,24.26,78.43,19.27,7,38,45
2024-02-01 02:00:00,chennai,4,1,22.72,24.1,73.37,20.41,11,25,36
2024-02-01 03:00:00,chennai,4,1,21.73,23.96,85.77,17.32,6,34,40
2024-02-01 04:00:00,chennai,4,1,22.3,23.4,68.92,19.26,9,46,55
2024-02-01 05:00:00,chennai,4,1,21.98,24.31,79.04,10.97,4,39,43
2024-02-01 06:00:00,chennai,4,2,23.39,22.5,75.98,11.81,11,49,60
2024-02-01 07:00:00,chennai,4,1,23.84,24.32,85.79,11.39,33,118,151
2024-02-01 08:00:00,chennai,4,1,25.33,27.81,62.84,16.78,31,187,218
2024-02-01 09:00:00,chennai,4,1,28.8,30.05,64.91,10.83,39,176,215
2024-02-01 10:00:00,chennai,4,2,27.36,29.07,66.32,11.01,23,108,131
2024-02-01 11:00:00,chennai,4,1,32.49,32.64,63.94,20.56,10,54,64
2024-02-01 12:00:00,chennai,4,1,30.56,33.9,60.59,16.12,8,30,38
2024-02-01 13:00:00,chennai,4,2,30.59,33.28,61.94,20.41,3,20,23
2024-02-01 14:00:00,chennai,4,2,29.47,30.77,55.7,10.75,2,20,22
2024-02-01 15:00:00,chennai,4,2,31.2,32.3,64.13,12.55,8,44,52
2024-02-01 16:00:00,chennai,4,1,29.27,31.8,51.73,11.66,17,110,127
2024-02-01 17:00:00,chennai,4,1,29.47,32.96,64.8,10.05,12,235,247
2024-02-01 18:00:00,chennai,4,2,31.57,34.03,64.0,11.67,26,201,227
2024-02-01 19:00:00,chennai,4,4,27.42,31.09,74.49,12.39,2,29,31
2024-02-01 20:00:00,chennai,4,3,27.88,28.46,80.78,10.48,4,27,31
2024-02-01 21:00:00,chennai,4,1,24.62,25.3,72.93,14.18,7,30,37
2024-02-01 22:00:00,chennai,4,2,24.46,24.77,83.95,12.42,4,24,28
2024-02-01 23:00:00,chennai,4,2,25.8,27.74,77.49,10.24,4,20,24
2024-02-02 00:00:00,chennai,4,1,22.28,23.96,75.83,16.09,5,32,37
2024-02-02 01:00:00,chennai,4,1,24.81,26.16,90.39,16.53,5,24,29
2024-02-02 02:00:00,chennai,4,2,23.35,25.66,84.6,18.99,13,31,44
2024-02-02 03:00:00,chennai,4,1,21.96,24.69,81.68,13.32,6,40,46
2024-02-02 04:00:00,chennai,4,1,23.79,23.77,84.1,27.31,5,27,32
2024-02-02 05:00:00,chennai,4,1,24.84,25.74,80.44,22.27,6,48,54
2024-02-02 06:00:00,chennai,4,2,25.25,27.57,76.65,14.01,3,56,59
2024-02-02 07:00:00,chennai,4,2,23.58,24.61,67.96,12.94,22,112,134
2024-02-02 08:00:00,chennai,4,1,25.63,26.33,70.65,10.02,50,193,243
2024-02-02 09:00:00,chennai,4,2,27.24,29.76,72.53,16.21,48,131,179
2024-02-02 10:00:00,chennai,4,1,28.41,28.62,66.39,14.16,20,119,139
2024-02-02 11:00:00,chennai,4,2,30.07,31.27,69.44,23.87,6,37,43
2024-02-02 12:00:00,chennai,4,1,30.18,32.01,65.26,14.51,6,27,33
2024-02-02 13:00:00,chennai,4,2,28.76,29.69,57.95,34.71,6,21,27
2024-02-02 14:00:00,chennai,4,1,30.96,33.24,55.4,19.61,2,21,23
2024-02-02 15:00:00,chennai,4,1,31.1,32.03,61.55,25.35,9,40,49
2024-02-02 16:00:00,chennai,4,1,30.64,33.54,60.72,11.98,35,111,146
2024-02-02 17:00:00,chennai,4,1,30.63,32.0,66.61,10.81,35,220,255
2024-02-02 18:00:00,chennai,4,2,29.5,31.67,63.41,17.97,20,192,212
2024-02-02 19:00:00,chennai,4,1,28.09,30.33,66.33,17.71,26,109,135
2024-02-02 20:00:00,chennai,4,1,26.42,27.29,77.27,11.19,5,55,60
2024-02-02 21:00:00,chennai,4,2,23.47,22.92,75.33,17.24,4,17,21
2024-02-02 22:00:00,chennai,4,1,25.02,26.88,73.49,14.36,5,17,22
2024-02-02 23:00:00,chennai,4,2,23.92,25.49,79.16,10.58,3,22,25
2024-02-03 00:00:00,chennai,4,2,23.36,25.42,87.55,13.48,13,16,29
2024-02-03 01:00:00,chennai,4,1,21.1,22.38,83.13,23.38,16,27,43
2024-02-03 02:00:00,chennai,4,1,21.2,22.27,84.96,13.53,20,28,48
2024-02-03 03:00:00,chennai,4,1,23.9,27.41,77.9,17.77,12,27,39
2024-02-03 04:00:00,chennai,4,2,22.99,23.02,85.79,10.15,25,41,66
2024-02-03 05:00:00,chennai,4,1,24.49,26.72,90.66,16.51,19,34,53
2024-02-03 06:00:00,chennai,4,1,24.53,25.46,73.04,24.67,18,41,59
2024-02-03 07:00:00,chennai,4,2,25.5,26.66,68.68,13.46,28,55,83
2024-02-03 08:00:00,chennai,4,1,27.63,28.81,72.88,12.06,44,71,115
2024-02-03 09:00:00,chennai,4,1,26.92,27.61,73.79,15.2,42,102,144
2024-02-03 10:00:00,chennai,4,2,28.62,30.69,66.54,22.4,26,63,89
2024-02-03 11:00:00,chennai,4,2,28.77,31.66,59.66,10.97,21,51,72
2024-02-03 12:00:00,chennai,4,1,29.44,31.41,62.8,12.59,29,65,94
2024-02-03 13:00:00,chennai,4,1,29.99,31.6,65.33,10.85,45,79,124
2024-02-03 14:00:00,chennai,4,1,30.77,31.28,59.96,13.43,37,77,114
2024-02-03 15:00:00,chennai,4,1,29.79,31.81,65.38,13.89,53,76,129
2024-02-03 16:00:00,chennai,4,1,31.47,35.13,69.16,24.43,39,103,142
2024-02-03 17:00:00,chennai,4,2,28.25,29.37,66.13,12.66,54,90,144
2024-02-03 18:00:00,chennai,4,2,28.28,29.4,66.86,14.18,43,86,129
2024-02-03 19:00:00,chennai,4,1,27.01,27.95,73.56,20.83,28,52,80
2024-02-03 20:00:00,chennai,4,2,28.24,29.25,67.72,11.94,13,20,33
2024-02-03 21:00:00,chennai,4,1,25.7,24.46,69.81,15.61,5,19,24
2024-02-03 22:00:00,chennai,4,1,25.74,27.64,75.67,17.08,6,17,23
2024-02-03 23:00:00,chennai,4,1,21.89,22.54,76.61,12.01,9,16,25
2024-02-04 00:00:00,chennai,4,1,23.36,23.25,76.64,10.9,8,16,24
2024-02-04 01:00:00,chennai,4,1,23.7,25.96,90.81,13.49,11,27,38
2024-02-04 02:00:00,chennai,4,2,22.6,23.02,92.86,12.21,18,23,41
2024-02-04 03:00:00,chennai,4,1,23.91,25.08,79.89,11.55,10,24,34
2024-02-04 04:00:00,chennai,4,1,22.42,25.38,81.12,28.14,16,33,49
2024-02-04 05:00:00,chennai,4,1,25.36,25.45,78.13,13.49,19,28,47
2024-02-04 06:00:00,chennai,4,2,27.26,27.23,82.54,19.71,19,41,60
2024-02-04 07:00:00,chennai,4,1,25.03,26.8,81.12,11.09,31,69,100
2024-02-04 08:00:00,chennai,4,1,25.97,28.61,63.11,24.02,50,84,134
2024-02-04 09:00:00,chennai,4,1,29.28,29.2,71.79,17.91,36,78,114
2024-02-04 10:00:00,chennai,4,1,30.4,32.3,60.47,18.27,35,61,96
2024-02-04 11:00:00,chennai,4,1,28.7,30.78,73.72,12.47,29,47,76
2024-02-04 12:00:00,chennai,4,1,29.46,28.9,65.54,13.32,34,59,93
2024-02-04 13:00:00,chennai,4,2,30.03,32.32,58.22,14.5,41,60,101
2024-02-04 14:00:00,chennai,4,2,28.89,31.26,60.79,17.8,32,66,98
2024-02-04 15:00:00,chennai,4,1,29.26,30.45,60.9,19.45,39,80,119
2024-02-04 16:00:00,chennai,4,1,28.76,31.51,65.97,10.41,45,85,130
2024-02-04 17:00:00,chennai,4,1,28.41,31.04,70.14,21.72,34,130,164
2024-02-04 18:00:00,chennai,4,2,28.46,30.06,61.26,23.86,47,82,129
2024-02-04 19:00:00,chennai,4,1,27.82,28.86,78.61,14.49,23,47,70
2024-02-04 20:00:00,chennai,4,3,28.36,28.89,80.03,11.03,4,8,12
2024-02-04 21:00:00,chennai,4,1,24.27,25.73,70.21,18.53,8,19,27
2024-02-04 22:00:00,chennai,4,1,25.68,27.75,77.36,13.98,9,13,22
2024-02-04 23:00:00,chennai,4,1,23.41,24.59,87.63,18.5,12,24,36
2024-02-05 00:00:00,chennai,4,1,22.98,22.28,86.82,18.43,6,26,32
2024-02-05 01:00:00,chennai,4,3,23.45,26.21,79.98,10.45,4,25,29
2024-02-05 02:00:00,chennai,4,1,21.15,22.84,86.07,14.67,8,39,47
2024-02-05 03:00:00,chennai,4,1,23.1,24.22,96.65,13.3,3,38,41
2024-02-05 04:00:00,chennai,4,1,23.24,25.59,81.19,24.6,3,48,51
2024-02-05 05:00:00,chennai,4,1,24.26,27.29,75.91,11.76,7,45,52
2024-02-05 06:00:00,chennai,4,1,24.85,23.55,77.86,11.15,10,58,68
2024-02-05 07:00:00,chennai,4,1,28.41,30.35,75.82,21.37,18,104,122
2024-02-05 08:00:00,chennai,4,1,25.73,25.81,69.38,10.81,30,192,222
2024-02-05 09:00:00,chennai,4,2,26.9,28.9,71.62,15.8,25,170,195
2024-02-05 10:00:00,chennai,4,1,27.75,29.38,60.73,11.78,27,118,145
2024-02-05 11:00:00,chennai,4,2,28.66,30.8,61.6,14.19,14,43,57
2024-02-05 12:00:00,chennai,4,2,29.2,30.2,67.13,14.79,9,22,31
2024-02-05 13:00:00,chennai,4,1,31.79,31.42,53.57,12.7,6,23,29
2024-02-05 14:00:00,chennai,4,2,32.2,33.25,66.52,28.44,2,32,34
2024-02-05 15:00:00,chennai,4,1,29.68,31.59,52.28,10.71,13,53,66
2024-02-05 16:00:00,chennai,4,1,28.97,31.48,54.68,12.48,31,123,154
2024-02-05 17:00:00,chennai,4,2,29.89,30.22,62.43,12.81,32,188,220
2024-02-05 18:00:00,chennai,4,1,27.84,30.36,68.43,14.99,51,211,262
2024-02-05 19:00:00,chennai,4,2,28.29,29.15,76.04,12.61,22,109,131
2024-02-05 20:00:00,chennai,4,1,26.74,28.61,72.29,10.51,5,31,36
2024-02-05 21:00:00,chennai,4,2,23.65,24.64,73.36,24.73,5,24,29
2024-02-05 22:00:00,chennai,4,1,26.36,28.04,79.9,12.69,3,24,27
2024-02-05 23:00:00,chennai,4,1,25.83,28.22,74.72,12.1,2,24,26
2024-02-06 00:00:00,chennai,4,1,22.3,22.57,81.36,12.96,2,28,30
2024-02-06 01:00:00,chennai,4,2,22.17,22.99,75.66,11.22,7,27,34
2024-02-06 02:00:00,chennai,4,1,22.84,24.53,82.41,10.53,5,41,46
2024-02-06 03:00:00,chennai,4,1,23.04,26.94,81.01,10.8,4,45,49
2024-02-06 04:00:00,chennai,4,1,23.83,24.46,76.64,10.91,3,42,45
2024-02-06 05:00:00,chennai,4,1,26.08,29.62,79.9,11.1,5,37,42
2024-02-06 06:00:00,chennai,4,1,24.29,27.79,77.79,12.72,12,42,54
2024-02-06 07:00:00,chennai,4,1,24.51,25.91,80.47,14.89,18,109,127
2024-02-06 08:00:00,chennai,4,1,24.84,26.05,63.97,14.96,18,209,227
2024-02-06 09:00:00,chennai,4,2,26.66,27.47,69.03,10.0,50,172,222
2024-02-06 10:00:00,chennai,4,1,28.46,29.89,63.2,22.69,19,97,116
2024-02-06 11:00:00,chennai,4,1,31.48,31.58,69.28,18.65,8,52,60
2024-02-06 12:00:00,chennai,4,1,29.34,30.77,67.11,26.61,5,24,29
2024-02-06 13:00:00,chennai,4,2,30.63,33.63,64.88,12.23,4,22,26
2024-02-06 14:00:00,chennai,4,1,30.48,31.37,58.48,15.47,2,16,18
2024-02-06 15:00:00,chennai,4,1,31.79,33.05,66.77,10.92,7,50,57
2024-02-06 16:00:00,chennai,4,1,33.0,32.8,55.69,18.49,14,143,157
2024-02-06 17:00:00,chennai,4,2,28.69,30.57,56.25,10.88,28,196,224
2024-02-06 18:00:00,chennai,4,2,27.91,29.68,60.62,11.97,42,170,212
2024-02-06 19:00:00,chennai,4,2,28.79,30.35,69.24,13.37,22,93,115
2024-02-06 20:00:00,chennai,4,1,27.32,28.6,75.38,14.51,8,48,56
2024-02-06 21:00:00,chennai,4,2,27.68,28.89,59.71,14.1,4,25,29
2024-02-06 22:00:00,chennai,4,1,25.2,27.2,83.61,10.54,2,17,19
2024-02-06 23:00:00,chennai,4,1,23.24,24.71,79.73,12.74,5,24,29
2024-02-07 00:00:00,chennai,4,1,23.74,25.56,72.82,22.81,3,34,37
2024-02-07 01:00:00,chennai,4,1,23.97,25.68,82.16,20.29,7,31,38
2024-02-07 02:00:00,chennai,4,1,23.48,26.11,87.46,14.47,9,42,51
2024-02-07 03:00:00,chennai,4,2,23.25,25.42,84.66,14.25,6,35,41
2024-02-07 04:00:00,chennai,4,2,24.32,26.01,86.16,10.59,6,29,35
2024-02-07 05:00:00,chennai,4,1,25.07,28.09,72.24,11.12,6,37,43
2024-02-07 06:00:00,chennai,4,1,26.16,28.08,74.93,11.46,10,55,65
2024-02-07 07:00:00,chennai,4,2,26.24,29.05,69.96,13.35,17,90,107
2024-02-07 08:00:00,chennai,4,1,26.3,28.41,80.59,16.57,48,183,231
2024-02-07 09:00:00,chennai,4,2,27.71,27.37,72.61,13.09,36,172,208
2024-02-07 10:00:00,chennai,4,2,29.95,32.75,81.24,10.67,22,85,107
2024-02-07 11:00:00,chennai,4,1,28.35,29.98,62.59,12.89,8,42,50
2024-02-07 12:00:00,chennai,4,1,30.41,31.85,59.72,10.89,4,25,29
2024-02-07 13:00:00,chennai,4,1,29.89,31.67,61.63,16.95,4,18,22
2024-02-07 14:00:00,chennai,4,2,30.53,31.69,68.89,10.91,4,19,23
2024-02-07 15:00:00,chennai,4,2,31.9,33.62,60.51,13.29,7,44,51
2024-02-07 16:00:00,chennai,4,1,30.19,31.1,63.96,15.91,11,125,136
2024-02-07 17:00:00,chennai,4,1,29.38,32.16,65.41,11.3,29,209,238
2024-02-07 18:00:00,chennai,4,1,26.87,28.25,67.2,10.4,32,224,256
2024-02-07 19:00:00,chennai,4,2,28.43,29.55,66.15,14.14,22,101,123
2024-02-07 20:00:00,chennai,4,1,27.27,27.85,71.31,10.28,7,43,50
2024-02-07 21:00:00,chennai,4,1,28.06,29.83,73.69,14.43,2,16,18
2024-02-07 22:00:00,chennai,4,3,24.13,25.82,76.96,17.0,1,8,9
2024-02-07 23:00:00,chennai,4,3,23.93,25.82,83.79,12.0,2,12,14
2024-02-08 00:00:00,chennai,4,1,23.34,23.81,89.46,13.35,3,26,29
2024-02-08 01:00:00,chennai,4,1,24.53,24.43,77.46,23.21,10,34,44
2024-02-08 02:00:00,chennai,4,2,22.39,24.51,80.04,13.18,4,27,31
2024-02-08 03:00:00,chennai,4,1,22.97,25.96,77.53,38.35,4,36,40
2024-02-08 04:00:00,chennai,4,1,23.77,24.24,81.6,10.85,4,49,53
2024-02-08 05:00:00,chennai,4,1,23.9,26.98,76.38,16.17,7,37,44
2024-02-08 06:00:00,chennai,4,2,23.96,25.75,78.2,15.29,10,47,57
2024-02-08 07:00:00,chennai,4,2,25.7,27.19,80.11,20.29,12,92,104
2024-02-08 08:00:00,chennai,4,2,27.79,28.89,59.37,10.48,33,177,210
2024-02-08 09:00:00,chennai,4,1,26.3,26.42,71.87,11.64,23,221,244
2024-02-08 10:00:00,chennai,4,1,28.66,31.15,64.7,10.71,19,119,138
2024-02-08 11:00:00,chennai,4,1,28.49,29.21,67.23,23.52,11,42,53
2024-02-08 12:00:00,chennai,4,1,31.4,32.12,58.86,12.78,4,27,31
2024-02-08 13:00:00,chennai,4,1,28.54,31.03,68.32,22.04,4,32,36
2024-02-08 14:00:00,chennai,4,2,29.83,29.45,66.57,11.74,6,20,26
2024-02-08 15:00:00,chennai,4,1,30.82,30.79,65.18,10.68,8,40,48
2024-02-08 16:00:00,chennai,4,3,31.84,33.32,67.31,11.76,10,69,79
2024-02-08 17:00:00,chennai,4,1,29.25,31.04,61.2,14.55,26,213,239
2024-02-08 18:00:00,chennai,4,1,27.83,29.82,63.9,19.33,22,215,237
2024-02-08 19:00:00,chennai,4,1,29.79,30.99,73.17,12.43,23,113,136
2024-02-08 20:00:00,chennai,4,1,24.76,28.79,68.16,22.31,11,47,58
2024-02-08 21:00:00,chennai,4,1,22.83,24.1,81.82,11.4,5,29,34
2024-02-08 22:00:00,chennai,4,1,25.03,26.3,75.38,15.91,4,24,28
2024-02-08 23:00:00,chennai,4,1,23.07,23.77,81.58,16.65,6,25,31
2024-02-09 00:00:00,chennai,4,1,21.81,23.43,91.16,11.6,3,33,36
2024-02-09 01:00:00,chennai,4,1,23.49,25.6,78.13,10.14,7,37,44
2024-02-09 02:00:00,chennai,4,1,22.79,25.5,82.34,12.27,7,38,45
2024-02-09 03:00:00,chennai,4,1,21.96,21.97,86.93,10.23,8,38,46
2024-02-09 04:00:00,chennai,4,2,21.5,22.75,85.42,21.55,8,37,45
2024-02-09 05:00:00,chennai,4,1,24.72,26.67,77.43,25.34,7,48,55
2024-02-09 06:00:00,chennai,4,1,25.28,27.37,74.42,16.65,16,50,66
2024-02-09 07:00:00,chennai,4,1,25.35,26.85,73.42,16.49,13,121,134
2024-02-09 08:00:00,chennai,4,1,28.72,30.76,79.24,11.38,31,215,246
2024-02-09 09:00:00,chennai,4,1,26.25,26.94,68.02,10.38,39,165,204
2024-02-09 10:00:00,chennai,4,1,26.67,29.73,67.39,18.1,14,105,119
2024-02-09 11:00:00,chennai,4,1,28.5,30.99,62.79,14.1,9,46,55
2024-02-09 12:00:00,chennai,4,2,29.91,30.06,66.87,15.72,4,30,34
2024-02-09 13:00:00,chennai,4,2,30.66,31.08,63.12,17.56,4,29,33
2024-02-09 14:00:00,chennai,4,2,30.21,30.66,56.98,12.63,3,37,40
2024-02-09 15:00:00,chennai,4,1,30.79,32.96,57.5,10.78,10,45,55
2024-02-09 16:00:00,chennai,4,1,28.46,28.68,53.35,17.92,24,104,128
2024-02-09 17:00:00,chennai,4,1,31.06,32.23,60.77,13.02,50,216,266
2024-02-09 18:00:00,chennai,4,1,28.4,30.36,70.97,18.77,31,214,245
2024-02-09 19:00:00,chennai,4,1,28.88,30.31,76.03,12.88,21,105,126
2024-02-09 20:00:00,chennai,4,1,26.91,28.67,75.43,11.22,10,30,40
2024-02-09 21:00:00,chennai,4,1,26.01,26.45,77.36,10.94,4,23,27
2024-02-09 22:00:00,chennai,4,1,25.18,27.28,76.37,16.81,2,19,21
2024-02-09 23:00:00,chennai,4,1,24.21,25.1,82.95,14.28,3,26,29
2024-02-10 00:00:00,chennai,4,2,23.81,24.98,82.09,12.59,8,17,25
2024-02-10 01:00:00,chennai,4,2,24.23,25.97,90.68,13.39,13,19,32
2024-02-10 02:00:00,chennai,4,1,22.74,24.34,81.51,13.99,11,19,30
2024-02-10 03:00:00,chennai,4,1,23.49,25.01,88.37,11.37,10,26,36
2024-02-10 04:00:00,chennai,4,2,22.93,23.68,85.03,12.38,22,32,54
2024-02-10 05:00:00,chennai,4,2,25.4,26.6,82.75,11.73,19,31,50
2024-02-10 06:00:00,chennai,4,1,23.69,25.19,66.94,12.46,22,38,60
2024-02-10 07:00:00,chennai,4,1,27.63,27.75,79.23,13.47,39,53,92
2024-02-10 08:00:00,chennai,4,2,26.45,27.49,71.36,10.95,47,92,139
2024-02-10 09:00:00,chennai,4,1,25.82,27.71,67.19,12.5,57,79,136
2024-02-10 10:00:00,chennai,4,2,28.65,28.88,59.59,12.43,24,75,99
2024-02-10 11:00:00,chennai,4,2,28.51,31.17,64.9,11.68,20,44,64
2024-02-10 12:00:00,chennai,4,2,30.97,33.74,63.51,42.5,28,44,72
2024-02-10 13:00:00,chennai,4,1,29.58,29.84,55.83,10.38,53,69,122
2024-02-10 14:00:00,chennai,4,1,29.96,32.82,54.63,15.15,37,90,127
2024-02-10 15:00:00,chennai,4,1,28.1,29.45,64.77,10.96,37,76,113
2024-02-10 16:00:00,chennai,4,1,29.42,31.34,67.7,19.15,52,93,145
2024-02-10 17:00:00,chennai,4,1,26.42,27.42,65.88,22.28,50,115,165
2024-02-10 18:00:00,chennai,4,2,26.6,29.02,72.75,12.57,46,90,136
2024-02-10 19:00:00,chennai,4,1,28.45,30.35,68.98,18.67,31,41,72
2024-02-10 20:00:00,chennai,4,1,27.44,28.13,71.73,11.44,9,20,29
2024-02-10 21:00:00,chennai,4,1,25.98,26.31,70.0,10.75,12,24,36
2024-02-10 22:00:00,chennai,4,1,23.34,23.38,69.2,11.9,11,18,29
2024-02-10 23:00:00,chennai,4,3,23.61,25.3,88.34,12.09,5,9,14
2024-02-11 00:00:00,chennai,4,3,23.03,25.1,86.32,12.53,8,18,26
2024-02-11 01:00:00,chennai,4,2,21.25,23.4,74.7,12.33,10,18,28
2024-02-11 02:00:00,chennai,4,1,24.3,25.69,82.78,12.65,14,29,43
2024-02-11 03:00:00,chennai,4,1,23.69,24.03,81.16,16.19,14,24,38
2024-02-11 04:00:00,chennai,4,2,22.77,23.59,79.29,11.41,16,39,55
2024-02-11 05:00:00,chennai,4,1,23.7,26.36,77.03,10.09,20,28,48
2024-02-11 06:00:00,chennai,4,1,24.75,25.77,78.91,13.36,25,44,69
2024-02-11 07:00:00,chennai,4,2,23.01,24.66,78.68,12.97,27,41,68
2024-02-11 08:00:00,chennai,4,1,26.2,26.63,74.01,10.31,50,106,156
2024-02-11 09:00:00,chennai,4,1,26.72,28.55,68.81,10.72,32,78,110
2024-02-11 10:00:00,chennai,4,1,27.3,28.34,66.21,13.57,32,73,105
2024-02-11 11:00:00,chennai,4,2,28.99,31.54,69.61,11.34,31,50,81
2024-02-11 12:00:00,chennai,4,1,32.12,34.39,65.66,20.5,30,60,90
2024-02-11 13:00:00,chennai,4,1,31.13,32.14,62.7,10.95,35,96,131
2024-02-11 14:00:00,chennai,4,1,29.81,31.19,61.82,10.1,39,70,109
2024-02-11 15:00:00,chennai,4,1,31.05,32.0,64.07,12.97,37,73,110
2024-02-11 16:00:00,chennai,4,1,31.64,31.72,61.0,31.4,46,90,136
2024-02-11 17:00:00,chennai,4,1,30.44,31.08,69.04,15.02,41,115,156
2024-02-11 18:00:00,chennai,4,1,28.57,30.27,61.62,12.19,41,107,148
2024-02-11 19:00:00,chennai,4,1,26.76,28.58,67.35,10.09,28,60,88
2024-02-11 20:00:00,chennai,4,1,27.34,28.99,75.06,13.32,12,28,40
2024-02-11 21:00:00,chennai,4,1,25.94,27.14,68.92,11.16,5,9,14
2024-02-11 22:00:00,chennai,4,1,25.57,28.01,69.13,15.22,13,19,32
2024-02-11 23:00:00,chennai,4,2,24.43,26.0,79.39,14.37,7,18,25
2024-02-12 00:00:00,chennai,4,1,24.3,26.5,72.18,11.54,3,21,24
2024-02-12 01:00:00,chennai,4,1,21.99,21.72,75.17,10.36,4,28,32
2024-02-12 02:00:00,chennai,4,1,24.08,21.66,85.78,17.03,3,31,34
2024-02-12 03:00:00,chennai,4,1,22.87,24.66,80.64,14.4,7,45,52
2024-02-12 04:00:00,chennai,4,3,25.53,25.6,87.09,19.23,5,22,27
2024-02-12 05:00:00,chennai,4,2,22.84,24.13,73.05,11.5,6,40,46
2024-02-12 06:00:00,chennai,4,1,26.58,27.78,76.53,15.29,11,55,66
2024-02-12 07:00:00,chennai,4,1,25.7,28.79,76.59,10.63,6,117,123
2024-02-12 08:00:00,chennai,4,1,25.72,27.62,66.15,11.73,37,205,242
2024-02-12 09:00:00,chennai,4,1,26.95,28.62,74.57,15.34,52,181,233
2024-02-12 10:00:00,chennai,4,2,28.12,30.45,69.55,18.73,18,98,116
2024-02-12 11:00:00,chennai,4,1,29.84,31.71,56.88,11.94,6,33,39
2024-02-12 12:00:00,chennai,4,1,30.59,31.63,63.15,18.02,5,28,33
2024-02-12 13:00:00,chennai,4,2,29.68,32.25,64.27,15.66,8,29,37
2024-02-12 14:00:00,chennai,4,2,30.47,30.86,59.05,12.14,6,21,27
2024-02-12 15:00:00,chennai,4,2,32.93,34.76,54.94,20.45,4,39,43
2024-02-12 16:00:00,chennai,4,1,32.04,31.99,64.73,13.56,30,115,145
2024-02-12 17:00:00,chennai,4,1,29.85,31.56,75.99,15.22,56,200,256
2024-02-12 18:00:00,chennai,4,1,28.55,30.24,65.07,13.42,17,246,263
2024-02-12 19:00:00,chennai,4,1,27.68,30.86,77.26,13.01,20,110,130
2024-02-12 20:00:00,chennai,4,1,27.24,27.17,68.24,19.42,9,41,50
2024-02-12 21:00:00,chennai,4,2,24.24,25.14,75.67,11.75,1,17,18
2024-02-12 22:00:00,chennai,4,1,24.19,26.51,80.86,10.19,4,29,33
2024-02-12 23:00:00,chennai,4,1,21.67,23.5,79.03,20.59,3,23,26
2024-02-13 00:00:00,chennai,4,2,23.51,25.2,79.17,18.72,2,19,21
2024-02-13 01:00:00,chennai,4,1,23.41,23.96,85.29,12.28,8,33,41
2024-02-13 02:00:00,chennai,4,1,21.92,22.83,91.46,11.03,5,30,35
2024-02-13 03:00:00,chennai,4,1,24.53,27.27,83.16,15.63,7,32,39
2024-02-13 04:00:00,chennai,4,2,21.56,23.01,78.08,10.41,8,47,55
2024-02-13 05:00:00,chennai,4,2,21.91,23.79,78.12,12.76,13,33,46
2024-02-13 06:00:00,chennai,4,2,24.77,26.15,89.6,10.45,14,55,69
2024-02-13 07:00:00,chennai,4,2,26.72,27.04,75.26,14.56,14,78,92
2024-02-13 08:00:00,chennai,4,1,28.52,30.95,69.03,10.14,31,197,228
2024-02-13 09:00:00,chennai,4,1,26.98,28.99,63.69,14.96,26,203,229
2024-02-13 10:00:00,chennai,4,2,29.79,33.6,57.87,15.59,12,111,123
2024-02-13 11:00:00,chennai,4,2,29.28,29.77,66.75,13.34,4,44,48
2024-02-13 12:00:00,chennai,4,1,29.76,32.08,66.61,10.96,5,21,26
2024-02-13 13:00:00,chennai,4,1,31.42,31.61,60.36,10.53,3,21,24
2024-02-13 14:00:00,chennai,4,1,31.28,32.94,61.93,11.88,4,19,23
2024-02-13 15:00:00,chennai,4,2,28.47,30.95,56.49,13.13,4,27,31
2024-02-13 16:00:00,chennai,4,1,31.74,31.16,64.0,15.14,17,136,153
2024-02-13 17:00:00,chennai,4,2,30.98,32.28,67.34,10.01,31,200,231
2024-02-13 18:00:00,chennai,4,2,27.75,28.69,64.32,16.21,57,180,237
2024-02-13 19:00:00,chennai,4,2,28.01,28.81,77.86,16.24,44,102,146
2024-02-13 20:00:00,chennai,4,1,27.09,28.98,67.81,12.94,6,43,49
2024-02-13 21:00:00,chennai,4,2,25.78,28.4,76.01,12.1,4,26,30
2024-02-13 22:00:00,chennai,4,3,23.84,25.21,81.24,19.24,2,10,12
2024-02-13 23:00:00,chennai,4,1,22.87,24.57,78.68,17.68,6,32,38
2024-02-14 00:00:00,chennai,4,1,23.01,24.62,79.72,30.45,4,27,31
2024-02-14 01:00:00,chennai,4,1,24.04,25.55,74.51,12.33,5,23,28
2024-02-14 02:00:00,chennai,4,1,23.15,23.56,88.79,21.87,9,38,47
2024-02-14 03:00:00,chennai,4,1,22.19,24.8,80.81,10.46,4,26,30
2024-02-14 04:00:00,chennai,4,2,23.96,25.76,83.35,12.65,5,31,36
2024-02-14 05:00:00,chennai,4,1,20.25,22.15,82.43,13.13,11,37,48
2024-02-14 06:00:00,chennai,4,2,25.88,26.57,73.86,12.91,6,49,55
2024-02-14 07:00:00,chennai,4,1,23.38,24.42,73.6,14.91,16,113,129
2024-02-14 08:00:00,chennai,4,1,26.07,27.39,78.67,10.93,32,224,256
2024-02-14 09:00:00,chennai,4,1,26.19,26.16,63.83,20.07,56,183,239
2024-02-14 10:00:00,chennai,4,1,26.95,26.76,77.64,14.01,6,109,115
2024-02-14 11:00:00,chennai,4,1,30.72,31.62,61.2,21.73,12,51,63
2024-02-14 12:00:00,chennai,4,1,29.4,31.43,57.44,10.01,5,28,33
2024-02-14 13:00:00,chennai,4,1,30.78,31.63,63.0,14.97,7,21,28
2024-02-14 14:00:00,chennai,4,1,30.44,30.92,73.04,12.66,6,27,33
2024-02-14 15:00:00,chennai,4,1,30.94,31.62,52.79,13.52,3,56,59
2024-02-14 16:00:00,chennai,4,1,30.06,31.1,62.63,16.81,31,105,136
2024-02-14 17:00:00,chennai,4,2,27.79,28.93,67.31,11.29,32,201,233
2024-02-14 18:00:00,chennai,4,1,29.7,33.36,67.17,11.15,13,243,256
2024-02-14 19:00:00,chennai,4,1,26.94,29.5,71.32,16.07,19,131,150
2024-02-14 20:00:00,chennai,4,1,24.63,27.16,68.41,13.68,7,41,48
2024-02-14 21:00:00,chennai,4,2,24.95,27.62,71.59,11.33,2,22,24
2024-02-14 22:00:00,chennai,4,3,26.3,26.8,76.26,13.31,1,14,15
2024-02-14 23:00:00,chennai,4,1,24.69,24.97,73.42,13.08,4,21,25
2024-02-15 00:00:00,chennai,4,1,22.62,23.01,80.44,15.88,3,36,39
2024-02-15 01:00:00,chennai,4,1,22.22,25.05,79.72,10.01,3,27,30
2024-02-15 02:00:00,chennai,4,1,22.11,23.07,79.65,14.42,10,35,45
2024-02-15 03:00:00,chennai,4,1,25.13,25.38,83.26,14.65,7,46,53
2024-02-15 04:00:00,chennai,4,2,23.49,24.56,71.56,16.84,3,34,37
2024-02-15 05:00:00,chennai,4,1,24.19,25.45,77.93,21.0,6,48,54
2024-02-15 06:00:00,chennai,4,3,25.74,27.5,88.59,12.9,6,29,35
2024-02-15 07:00:00,chennai,4,1,25.75,27.5,69.16,12.1,24,114,138
2024-02-15 08:00:00,chennai,4,2,26.19,26.86,78.43,10.54,38,171,209
2024-02-15 09:00:00,chennai,4,1,27.3,29.49,69.69,12.05,47,198,245
2024-02-15 10:00:00,chennai,4,1,28.41,29.27,63.99,10.35,21,105,126
2024-02-15 11:00:00,chennai,4,1,29.28,30.63,58.33,18.12,12,52,64
2024-02-15 12:00:00,chennai,4,1,30.84,33.02,64.04,18.23,5,38,43
2024-02-15 13:00:00,chennai,4,2,30.43,31.28,69.61,12.7,2,24,26
2024-02-15 14:00:00,chennai,4,1,31.38,32.31,60.05,11.5,6,21,27
2024-02-15 15:00:00,chennai,4,1,30.27,32.36,61.94,10.63,10,41,51
2024-02-15 16:00:00,chennai,4,3,30.06,30.7,68.39,19.53,9,58,67
2024-02-15 17:00:00,chennai,4,2,26.93,28.05,66.63,20.5,24,184,208
2024-02-15 18:00:00,chennai,4,1,29.6,31.66,59.14,11.55,66,184,250
2024-02-15 19:00:00,chennai,4,1,27.95,31.51,69.91,14.86,15,125,140
2024-02-15 20:00:00,chennai,4,1,27.7,29.8,79.56,11.5,8,42,50
2024-02-15 21:00:00,chennai,4,1,21.99,23.96,74.4,11.28,3,22,25
2024-02-15 22:00:00,chennai,4,1,27.01,29.04,63.29,10.11,3,19,22
2024-02-15 23:00:00,chennai,4,1,23.5,23.93,81.01,14.3,3,24,27
2024-02-16 00:00:00,chennai,4,1,24.37,25.98,79.67,10.81,1,27,28
2024-02-16 01:00:00,chennai,4,1,21.39,22.86,72.51,10.06,5,23,28
2024-02-16 02:00:00,chennai,4,2,23.24,25.06,73.6,10.55,9,38,47
2024-02-16 03:00:00,chennai,4,1,21.37,22.99,86.53,11.88,4,32,36
2024-02-16 04:00:00,chennai,4,2,22.29,24.17,77.0,15.53,8,20,28
2024-02-16 05:00:00,chennai,4,1,25.97,27.16,74.53,11.13,9,45,54
2024-02-16 06:00:00,chennai,4,1,24.27,25.83,76.82,20.93,11,57,68
2024-02-16 07:00:00,chennai,4,1,25.73,26.0,71.37,11.7,19,96,115
2024-02-16 08:00:00,chennai,4,1,27.54,28.72,72.5,12.01,29,209,238
2024-02-16 09:00:00,chennai,4,1,28.13,31.02,68.4,11.23,23,204,227
2024-02-16 10:00:00,chennai,4,1,28.68,30.5,61.0,11.46,15,123,138
2024-02-16 11:00:00,chennai,4,2,29.77,31.25,62.37,10.39,8,54,62
2024-02-16 12:00:00,chennai,4,1,32.85,36.24,65.55,11.75,9,43,52
2024-02-16 13:00:00,chennai,4,1,30.29,30.43,62.55,19.82,4,27,31
2024-02-16 14:00:00,chennai,4,2,30.74,31.13,61.59,15.83,4,19,23
2024-02-16 15:00:00,chennai,4,1,31.62,34.84,72.03,20.41,5,49,54
2024-02-16 16:00:00,chennai,4,2,31.29,32.84,66.99,10.55,12,92,104
2024-02-16 17:00:00,chennai,4,1,30.75,32.01,69.19,13.04,32,245,277
2024-02-16 18:00:00,chennai,4,1,29.27,29.57,66.17,11.3,12,235,247
2024-02-16 19:00:00,chennai,4,3,26.16,28.11,70.51,16.39,8,54,62
2024-02-16 20:00:00,chennai,4,1,28.46,30.5,69.84,27.57,4,40,44
2024-02-16 21:00:00,chennai,4,1,24.09,24.49,78.48,18.45,5,25,30
2024-02-16 22:00:00,chennai,4,2,24.86,26.22,76.45,10.18,4,19,23
2024-02-16 23:00:00,chennai,4,2,22.77,23.93,80.18,11.9,2,19,21
2024-02-17 00:00:00,chennai,4,2,22.96,24.71,81.46,10.14,7,13,20
2024-02-17 01:00:00,chennai,4,1,23.03,23.41,81.57,10.2,13,32,45
2024-02-17 02:00:00,chennai,4,2,22.89,25.64,96.69,10.41,13,22,35
2024-02-17 03:00:00,chennai,4,1,23.14,25.56,78.33,11.62,14,31,45
2024-02-17 04:00:00,chennai,4,2,24.97,26.11,77.28,11.81,12,24,36
2024-02-17 05:00:00,chennai,4,1,24.22,25.5,82.54,12.56,19,37,56
2024-02-17 06:00:00,chennai,4,1,24.21,25.57,74.02,12.6,22,39,61
2024-02-17 07:00:00,chennai,4,2,26.62,27.34,73.13,17.38,32,59,91
2024-02-17 08:00:00,chennai,4,2,27.93,28.98,66.57,10.76,54,92,146
2024-02-17 09:00:00,chennai,4,2,26.06,27.29,71.87,10.86,54,85,139
2024-02-17 10:00:00,chennai,4,1,29.22,32.33,69.52,14.93,37,71,108
2024-02-17 11:00:00,chennai,4,1,30.17,32.62,63.35,14.24,23,54,77
2024-02-17 12:00:00,chennai,4,2,29.61,32.04,66.91,10.84,22,60,82
2024-02-17 13:00:00,chennai,4,3,32.01,33.88,53.05,19.56,19,41,60
2024-02-17 14:00:00,chennai,4,2,30.32,30.7,58.47,12.0,35,62,97
2024-02-17 15:00:00,chennai,4,2,30.51,31.97,61.49,12.29,28,71,99
2024-02-17 16:00:00,chennai,4,2,29.76,32.23,57.48,12.73,56,82,138
2024-02-17 17:00:00,chennai,4,1,29.35,29.59,56.19,11.95,45,106,151
2024-02-17 18:00:00,chennai,4,2,27.18,29.32,65.46,14.08,39,73,112
2024-02-17 19:00:00,chennai,4,1,25.81,29.63,72.88,12.46,33,46,79
2024-02-17 20:00:00,chennai,4,2,28.41,30.98,78.41,11.5,10,19,29
2024-02-17 21:00:00,chennai,4,1,24.45,27.36,71.85,21.74,5,13,18
2024-02-17 22:00:00,chennai,4,1,23.31,25.03,80.67,11.84,4,12,16
2024-02-17 23:00:00,chennai,4,1,21.09,23.56,82.25,15.99,11,19,30
2024-02-18 00:00:00,chennai,4,2,22.27,23.05,86.75,12.13,13,23,36
2024-02-18 01:00:00,chennai,4,2,21.05,23.34,79.91,12.86,16,26,42
2024-02-18 02:00:00,chennai,4,1,24.47,26.62,73.01,11.35,15,27,42
2024-02-18 03:00:00,chennai,4,2,23.85,25.64,82.01,16.98,16,33,49
2024-02-18 04:00:00,chennai,4,2,22.21,25.03,75.59,16.68,18,39,57
2024-02-18 05:00:00,chennai,4,1,26.37,27.34,75.45,10.11,22,40,62
2024-02-18 06:00:00,chennai,4,1,25.68,26.99,75.49,10.31,23,35,58
2024-02-18 07:00:00,chennai,4,1,25.07,26.67,72.89,22.78,20,77,97
2024-02-18 08:00:00,chennai,4,2,23.5,23.97,72.71,20.98,53,81,134
2024-02-18 09:00:00,chennai,4,2,30.28,32.01,72.93,13.53,46,92,138
2024-02-18 10:00:00,chennai,4,1,26.83,26.61,65.16,13.4,35,67,102
2024-02-18 11:00:00,chennai,4,1,27.35,29.9,66.91,18.37,37,60,97
2024-02-18 12:00:00,chennai,4,1,31.19,32.74,63.41,10.75,34,66,100
2024-02-18 13:00:00,chennai,4,1,33.29,34.27,67.02,15.3,36,65,101
2024-02-18 14:00:00,chennai,4,1,32.16,32.83,61.06,13.23,35,96,131
2024-02-18 15:00:00,chennai,4,1,31.04,32.31,61.95,16.8,32,64,96
2024-02-18 16:00:00,chennai,4,1,30.68,32.87,61.47,10.15,44,74,118
2024-02-18 17:00:00,chennai,4,1,30.35,32.4,64.12,14.49,54,108,162
2024-02-18 18:00:00,chennai,4,1,29.41,30.21,63.08,14.07,47,95,142
2024-02-18 19:00:00,chennai,4,3,27.87,28.53,65.0,19.19,18,31,49
2024-02-18 20:00:00,chennai,4,1,26.63,28.78,75.88,15.65,14,24,38
2024-02-18 21:00:00,chennai,4,2,25.39,26.17,69.17,20.61,6,7,13
2024-02-18 22:00:00,chennai,4,1,23.6,25.16,75.4,20.91,15,24,39
2024-02-18 23:00:00,chennai,4,1,23.33,24.96,84.15,12.62,9,12,21
2024-02-19 00:00:00,chennai,4,1,21.0,22.82,78.9,10.74,6,35,41
2024-02-19 01:00:00,chennai,4,4,22.52,24.88,85.8,14.98,0,9,9
2024-02-19 02:00:00,chennai,4,3,21.31,21.55,79.04,20.35,2,17,19
2024-02-19 03:00:00,chennai,4,1,21.31,20.9,76.4,10.39,5,45,50
2024-02-19 04:00:00,chennai,4,1,23.25,24.18,72.69,14.08,7,39,46
2024-02-19 05:00:00,chennai,4,1,25.34,28.64,85.63,10.61,5,32,37
2024-02-19 06:00:00,chennai,4,1,25.6,29.12,71.32,10.14,10,53,63
2024-02-19 07:00:00,chennai,4,3,23.58,26.91,78.32,15.69,11,86,97
2024-02-19 08:00:00,chennai,4,1,25.31,26.62,67.0,15.73,39,202,241
2024-02-19 09:00:00,chennai,4,2,28.66,28.38,76.0,14.59,39,194,233
2024-02-19 10:00:00,chennai,4,1,27.32,26.48,78.03,19.8,19,108,127
2024-02-19 11:00:00,chennai,4,1,29.06,29.94,56.5,10.42,4,49,53
2024-02-19 12:00:00,chennai,4,1,30.62,31.93,57.92,10.56,6,27,33
2024-02-19 13:00:00,chennai,4,1,29.2,32.0,66.21,20.0,5,20,25
2024-02-19 14:00:00,chennai,4,1,30.63,32.99,64.57,13.5,4,25,29
2024-02-19 15:00:00,chennai,4,1,28.76,30.49,66.23,11.59,3,45,48
2024-02-19 16:00:00,chennai,4,2,29.24,29.85,60.47,16.7,20,103,123
2024-02-19 17:00:00,chennai,4,2,29.71,30.25,74.87,21.24,27,189,216
2024-02-19 18:00:00,chennai,4,1,26.59,28.34,67.59,15.85,29,205,234
2024-02-19 19:00:00,chennai,4,1,28.06,30.26,63.33,17.85,20,116,136
2024-02-19 20:00:00,chennai,4,1,26.48,28.37,70.73,11.66,13,46,59
2024-02-19 21:00:00,chennai,4,1,26.13,26.59,68.57,11.7,6,34,40
2024-02-19 22:00:00,chennai,4,1,24.77,26.92,84.95,19.98,3,21,24
2024-02-19 23:00:00,chennai,4,1,25.31,27.23,75.77,14.77,3,25,28
2024-02-20 00:00:00,chennai,4,2,23.19,23.62,83.12,11.33,4,23,27
2024-02-20 01:00:00,chennai,4,1,22.12,22.84,79.31,13.71,6,32,38
2024-02-20 02:00:00,chennai,4,1,22.65,24.84,78.92,15.79,6,29,35
2024-02-20 03:00:00,chennai,4,2,23.29,24.55,72.11,11.23,5,32,37
2024-02-20 04:00:00,chennai,4,3,23.09,26.18,83.65,15.32,4,30,34
2024-02-20 05:00:00,chennai,4,4,23.72,25.72,85.57,10.22,2,14,16
2024-02-20 06:00:00,chennai,4,2,23.66,24.67,72.42,11.81,9,56,65
2024-02-20 07:00:00,chennai,4,1,24.67,26.16,66.86,15.6,20,112,132
2024-02-20 08:00:00,chennai,4,1,24.82,26.38,76.02,10.81,36,208,244
2024-02-20 09:00:00,chennai,4,2,29.63,30.41,61.18,11.26,20,177,197
2024-02-20 10:00:00,chennai,4,1,27.01,27.59,73.1,20.56,17,101,118
2024-02-20 11:00:00,chennai,4,1,28.5,30.7,60.41,15.61,9,42,51
2024-02-20 12:00:00,chennai,4,1,29.1,31.45,57.82,13.45,7,27,34
2024-02-20 13:00:00,chennai,4,1,31.44,33.54,63.58,11.18,7,30,37
2024-02-20 14:00:00,chennai,4,1,30.15,33.16,56.81,12.09,4,25,29
2024-02-20 15:00:00,chennai,4,1,31.86,32.82,58.81,14.27,9,51,60
2024-02-20 16:00:00,chennai,4,1,29.16,32.33,65.11,10.84,31,113,144
2024-02-20 17:00:00,chennai,4,1,29.66,30.26,52.78,13.29,36,214,250
2024-02-20 18:00:00,chennai,4,4,27.5,27.98,75.21,12.63,5,21,26
2024-02-20 19:00:00,chennai,4,3,30.11,29.85,69.63,13.24,13,72,85
2024-02-20 20:00:00,chennai,4,1,25.07,26.13,65.54,10.56,3,57,60
2024-02-20 21:00:00,chennai,4,3,25.84,26.83,69.5,10.56,3,11,14
2024-02-20 22:00:00,chennai,4,2,25.26,27.29,81.96,26.64,4,17,21
2024-02-20 23:00:00,chennai,4,1,24.17,25.91,82.08,29.4,3,21,24
2024-02-21 00:00:00,chennai,4,1,22.81,23.12,87.59,12.78,3,25,28
2024-02-21 01:00:00,chennai,4,1,22.48,23.59,78.25,17.78,6,21,27
2024-02-21 02:00:00,chennai,4,1,22.55,23.68,83.48,15.33,6,37,43
2024-02-21 03:00:00,chennai,4,2,22.46,22.18,83.79,10.62,5,34,39
2024-02-21 04:00:00,chennai,4,3,24.19,24.71,84.14,11.76,4,18,22
2024-02-21 05:00:00,chennai,4,1,26.32,27.05,84.71,11.88,16,41,57
2024-02-21 06:00:00,chennai,4,3,23.83,26.76,73.41,14.53,6,28,34
2024-02-21 07:00:00,chennai,4,2,23.82,25.51,74.02,14.34,20,104,124
2024-02-21 08:00:00,chennai,4,1,26.39,28.56,68.95,22.85,35,192,227
2024-02-21 09:00:00,chennai,4,2,30.63,30.63,69.15,17.8,48,157,205
2024-02-21 10:00:00,chennai,4,2,27.54,30.23,70.49,19.72,18,83,101
2024-02-21 11:00:00,chennai,4,2,31.3,34.1,56.66,21.09,10,42,52
2024-02-21 12:00:00,chennai,4,1,31.98,31.48,68.89,18.08,7,35,42
2024-02-21 13:00:00,chennai,4,2,29.7,30.49,56.64,12.02,4,20,24
2024-02-21 14:00:00,chennai,4,1,31.18,33.18,60.46,11.21,4,29,33
2024-02-21 15:00:00,chennai,4,1,32.32,34.46,68.56,14.24,7,36,43
2024-02-21 16:00:00,chennai,4,1,29.51,30.33,64.98,15.85,15,113,128
2024-02-21 17:00:00,chennai,4,1,29.08,30.28,66.63,12.44,30,208,238
2024-02-21 18:00:00,chennai,4,3,27.8,28.7,61.1,19.43,21,98,119
2024-02-21 19:00:00,chennai,4,1,26.32,27.93,64.19,26.17,13,102,115
2024-02-21 20:00:00,chennai,4,1,25.72,28.42,76.71,14.21,7,39,46
2024-02-21 21:00:00,chennai,4,1,24.0,24.72,71.64,13.05,3,22,25
2024-02-21 22:00:00,chennai,4,2,24.54,27.04,74.53,19.25,2,14,16
2024-02-21 23:00:00,chennai,4,2,22.75,23.47,83.89,10.12,5,23,28
2024-02-22 00:00:00,chennai,4,1,23.32,23.97,75.41,10.69,8,33,41
2024-02-22 01:00:00,chennai,4,2,20.77,23.09,83.01,19.34,4,38,42
2024-02-22 02:00:00,chennai,4,1,22.9,25.32,82.21,16.58,10,45,55
2024-02-22 03:00:00,chennai,4,1,23.64,25.99,81.65,12.69,4,43,47
2024-02-22 04:00:00,chennai,4,1,20.64,20.83,78.07,20.98,10,34,44
2024-02-22 05:00:00,chennai,4,1,24.12,25.15,76.17,12.17,8,37,45
2024-02-22 06:00:00,chennai,4,1,25.97,28.3,71.61,15.02,6,68,74
2024-02-22 07:00:00,chennai,4,1,24.01,25.55,77.0,15.03,24,103,127
2024-02-22 08:00:00,chennai,4,1,28.51,28.93,68.66,11.02,26,194,220
2024-02-22 09:00:00,chennai,4,1,28.04,30.0,74.26,11.68,24,215,239
2024-02-22 10:00:00,chennai,4,1,27.65,28.44,65.88,22.39,22,95,117
2024-02-22 11:00:00,chennai,4,2,29.26,32.56,59.64,11.01,11,41,52
2024-02-22 12:00:00,chennai,4,1,30.63,33.68,62.15,10.95,6,26,32
2024-02-22 13:00:00,chennai,4,1,30.45,32.56,60.29,13.27,4,27,31
2024-02-22 14:00:00,chennai,4,2,31.15,34.01,67.05,10.48,4,19,23
2024-02-22 15:00:00,chennai,4,2,29.26,30.82,60.5,21.25,5,36,41
2024-02-22 16:00:00,chennai,4,2,30.17,32.43,61.96,10.53,18,110,128
2024-02-22 17:00:00,chennai,4,1,27.63,30.61,71.99,14.79,42,207,249
2024-02-22 18:00:00,chennai,4,2,28.37,30.11,69.54,12.08,19,228,247
2024-02-22 19:00:00,chennai,4,1,26.45,27.7,77.73,18.16,22,103,125
2024-02-22 20:00:00,chennai,4,2,25.62,25.41,78.3,14.46,3,40,43
2024-02-22 21:00:00,chennai,4,2,26.95,28.36,70.15,12.46,2,24,26
2024-02-22 22:00:00,chennai,4,1,25.81,28.13,81.95,30.64,3,15,18
2024-02-22 23:00:00,chennai,4,1,24.4,26.85,86.7,10.34,2,20,22
2024-02-23 00:00:00,chennai,4,3,21.73,23.73,88.32,14.31,1,10,11
2024-02-23 01:00:00,chennai,4,1,22.26,23.22,86.6,32.81,5,35,40
2024-02-23 02:00:00,chennai,4,1,23.96,23.48,86.84,15.87,5,34,39
2024-02-23 03:00:00,chennai,4,1,22.81,23.81,80.15,16.73,6,32,38
2024-02-23 04:00:00,chennai,4,1,25.82,27.01,76.47,10.16,7,40,47
2024-02-23 05:00:00,chennai,4,2,24.14,25.33,77.31,10.11,5,41,46
2024-02-23 06:00:00,chennai,4,1,24.73,26.85,68.68,10.18,4,62,66
2024-02-23 07:00:00,chennai,4,2,25.09,28.58,81.3,33.97,18,112,130
2024-02-23 08:00:00,chennai,4,2,26.66,28.28,70.58,29.44,48,185,233
2024-02-23 09:00:00,chennai,4,2,27.35,28.64,75.87,12.04,33,191,224
2024-02-23 10:00:00,chennai,4,2,29.35,30.59,60.84,11.72,14,94,108
2024-02-23 11:00:00,chennai,4,1,30.48,32.1,70.34,10.79,14,46,60
2024-02-23 12:00:00,chennai,4,1,29.02,29.69,60.87,12.0,6,25,31
2024-02-23 13:00:00,chennai,4,2,28.77,30.39,55.92,12.31,2,26,28
2024-02-23 14:00:00,chennai,4,1,28.3,30.25,70.14,16.9,4,24,28
2024-02-23 15:00:00,chennai,4,1,30.97,32.68,67.88,20.06,10,55,65
2024-02-23 16:00:00,chennai,4,2,28.64,30.6,64.4,16.87,11,108,119
2024-02-23 17:00:00,chennai,4,2,26.74,28.68,65.1,15.2,32,207,239
2024-02-23 18:00:00,chennai,4,1,28.97,28.69,69.2,17.26,39,222,261
2024-02-23 19:00:00,chennai,4,1,30.53,32.66,70.38,16.71,22,135,157
2024-02-23 20:00:00,chennai,4,1,26.49,27.32,68.04,13.23,5,54,59
2024-02-23 21:00:00,chennai,4,1,26.47,26.88,72.53,12.05,7,25,32
2024-02-23 22:00:00,chennai,4,2,24.6,24.99,86.8,11.66,4,21,25
2024-02-23 23:00:00,chennai,4,2,23.55,25.49,92.43,15.69,3,24,27
2024-02-24 00:00:00,chennai,4,3,24.14,25.42,88.47,26.01,7,10,17
2024-02-24 01:00:00,chennai,4,1,22.29,22.11,84.05,14.35,11,20,31
2024-02-24 02:00:00,chennai,4,3,22.82,24.8,80.31,22.18,11,17,28
2024-02-24 03:00:00,chennai,4,1,23.02,23.08,77.67,10.07,16,30,46
2024-02-24 04:00:00,chennai,4,1,22.23,23.87,77.0,17.91,11,30,41
2024-02-24 05:00:00,chennai,4,1,24.86,26.6,76.3,19.61,19,46,65
2024-02-24 06:00:00,chennai,4,2,24.29,26.68,87.76,14.98,16,24,40
2024-02-24 07:00:00,chennai,4,2,24.56,27.84,83.62,23.6,33,50,83
2024-02-24 08:00:00,chennai,4,1,27.14,27.28,75.73,14.46,36,90,126
2024-02-24 09:00:00,chennai,4,2,26.46,27.9,64.61,11.38,47,66,113
2024-02-24 10:00:00,chennai,4,2,28.53,29.76,71.47,11.21,42,62,104
2024-02-24 11:00:00,chennai,4,1,29.32,31.25,63.74,14.06,23,48,71
2024-02-24 12:00:00,chennai,4,1,31.27,32.98,52.57,21.85,40,75,115
2024-02-24 13:00:00,chennai,4,2,30.93,32.08,63.78,10.38,24,78,102
2024-02-24 14:00:00,chennai,4,1,30.47,31.53,57.79,14.64,38,82,120
2024-02-24 15:00:00,chennai,4,1,31.35,31.73,58.3,17.34,48,92,140
2024-02-24 16:00:00,chennai,4,1,31.63,34.12,62.09,10.61,48,83,131
2024-02-24 17:00:00,chennai,4,1,30.0,31.96,62.44,10.62,59,112,171
2024-02-24 18:00:00,chennai,4,1,28.51,30.93,66.83,12.28,56,100,156
2024-02-24 19:00:00,chennai,4,1,25.96,27.15,69.0,11.6,25,57,82
2024-02-24 20:00:00,chennai,4,1,25.22,26.07,62.62,11.11,14,24,38
2024-02-24 21:00:00,chennai,4,1,25.1,25.52,82.19,11.11,12,16,28
2024-02-24 22:00:00,chennai,4,2,23.77,25.63,72.08,10.7,8,13,21
2024-02-24 23:00:00,chennai,4,1,23.45,23.91,74.31,14.72,10,18,28
2024-02-25 00:00:00,chennai,4,2,23.1,26.45,79.02,15.83,12,25,37
2024-02-25 01:00:00,chennai,4,3,23.27,23.46,81.12,16.07,7,13,20
2024-02-25 02:00:00,chennai,4,1,22.42,24.19,89.29,13.8,14,35,49
2024-02-25 03:00:00,chennai,4,1,23.22,26.29,83.01,25.28,10,27,37
2024-02-25 04:00:00,chennai,4,1,23.11,25.21,83.49,20.62,14,27,41
2024-02-25 05:00:00,chennai,4,1,21.3,22.98,80.44,25.81,23,38,61
2024-02-25 06:00:00,chennai,4,1,23.37,23.9,78.16,12.46,14,32,46
2024-02-25 07:00:00,chennai,4,1,25.29,25.41,76.14,20.51,34,49,83
2024-02-25 08:00:00,chennai,4,2,25.05,27.32,62.34,17.2,36,75,111
2024-02-25 09:00:00,chennai,4,1,28.26,31.26,68.16,12.08,51,97,148
2024-02-25 10:00:00,chennai,4,2,30.34,31.4,72.81,10.56,36,55,91
2024-02-25 11:00:00,chennai,4,2,30.79,31.15,84.64,15.74,23,47,70
2024-02-25 12:00:00,chennai,4,2,29.71,28.75,57.32,10.73,27,44,71
2024-02-25 13:00:00,chennai,4,1,32.15,32.67,64.46,11.74,45,73,118
2024-02-25 14:00:00,chennai,4,1,30.68,32.06,59.14,13.47,35,76,111
2024-02-25 15:00:00,chennai,4,2,29.96,33.06,72.58,15.7,37,80,117
2024-02-25 16:00:00,chennai,4,1,29.23,31.4,56.57,23.03,51,73,124
2024-02-25 17:00:00,chennai,4,1,28.97,30.77,68.05,14.5,67,95,162
2024-02-25 18:00:00,chennai,4,2,28.03,29.13,59.96,15.56,48,79,127
2024-02-25 19:00:00,chennai,4,1,27.74,28.66,67.82,11.86,25,58,83
2024-02-25 20:00:00,chennai,4,1,26.69,29.6,71.83,15.81,14,21,35
2024-02-25 21:00:00,chennai,4,1,25.47,27.17,79.94,12.88,6,13,19
2024-02-25 22:00:00,chennai,4,2,25.02,24.42,71.61,19.72,7,18,25
2024-02-25 23:00:00,chennai,4,2,25.1,25.93,82.39,12.49,10,23,33
2024-02-26 00:00:00,chennai,4,2,24.18,24.82,80.75,13.16,4,24,28
2024-02-26 01:00:00,chennai,4,2,20.85,21.81,83.02,12.83,9,36,45
2024-02-26 02:00:00,chennai,4,1,19.44,21.5,86.79,18.33,5,43,48
2024-02-26 03:00:00,chennai,4,1,23.76,25.15,75.25,25.36,3,23,26
2024-02-26 04:00:00,chennai,4,1,21.4,22.82,84.71,11.98,6,45,51
2024-02-26 05:00:00,chennai,4,1,23.4,26.22,76.23,13.22,6,39,45
2024-02-26 06:00:00,chennai,4,1,23.1,23.9,82.48,16.12,13,56,69
2024-02-26 07:00:00,chennai,4,1,23.3,26.67,76.26,21.29,23,106,129
2024-02-26 08:00:00,chennai,4,1,27.15,27.98,70.95,13.4,12,231,243
2024-02-26 09:00:00,chennai,4,1,28.45,30.04,66.46,10.58,31,200,231
2024-02-26 10:00:00,chennai,4,1,27.81,29.03,71.12,12.3,21,111,132
2024-02-26 11:00:00,chennai,4,2,26.22,27.84,71.23,14.0,4,36,40
2024-02-26 12:00:00,chennai,4,1,29.31,31.25,60.68,12.7,4,32,36
2024-02-26 13:00:00,chennai,4,1,30.83,32.77,56.68,11.03,6,27,33
2024-02-26 14:00:00,chennai,4,1,28.73,29.47,65.47,10.19,6,24,30
2024-02-26 15:00:00,chennai,4,2,30.58,30.96,55.1,15.81,6,39,45
2024-02-26 16:00:00,chennai,4,1,29.95,33.95,56.81,34.62,23,113,136
2024-02-26 17:00:00,chennai,4,1,30.02,31.04,59.62,22.58,42,199,241
2024-02-26 18:00:00,chennai,4,1,28.64,30.84,64.92,15.75,24,228,252
2024-02-26 19:00:00,chennai,4,1,26.37,26.26,62.73,19.21,14,127,141
2024-02-26 20:00:00,chennai,4,1,27.94,29.16,62.31,11.48,8,50,58
2024-02-26 21:00:00,chennai,4,1,25.27,26.65,68.91,14.87,3,22,25
2024-02-26 22:00:00,chennai,4,1,24.47,26.44,80.21,10.31,4,29,33
2024-02-26 23:00:00,chennai,4,2,22.55,21.33,72.71,16.14,3,21,24
2024-02-27 00:00:00,chennai,4,1,22.5,24.17,78.96,27.51,5,27,32
2024-02-27 01:00:00,chennai,4,2,21.57,21.92,91.39,19.86,2,36,38
2024-02-27 02:00:00,chennai,4,3,22.29,24.12,81.75,13.82,4,22,26
2024-02-27 03:00:00,chennai,4,1,24.69,25.15,83.37,17.77,7,42,49
2024-02-27 04:00:00,chennai,4,1,21.39,22.03,75.93,24.4,7,34,41
2024-02-27 05:00:00,chennai,4,2,21.74,22.96,89.89,11.22,5,37,42
2024-02-27 06:00:00,chennai,4,1,26.27,26.71,74.29,17.88,6,47,53
2024-02-27 07:00:00,chennai,4,1,25.21,26.24,73.45,11.57,15,97,112
2024-02-27 08:00:00,chennai,4,1,25.7,26.0,78.59,20.48,54,209,263
2024-02-27 09:00:00,chennai,4,1,28.78,28.45,68.5,10.52,25,170,195
2024-02-27 10:00:00,chennai,4,1,27.77,30.29,67.24,10.98,24,91,115
2024-02-27 11:00:00,chennai,4,3,31.52,31.72,63.52,16.38,4,18,22
2024-02-27 12:00:00,chennai,4,2,30.78,32.1,61.97,10.96,4,24,28
2024-02-27 13:00:00,chennai,4,2,29.78,32.03,64.19,10.86,3,23,26
2024-02-27 14:00:00,chennai,4,1,33.09,33.97,64.76,14.05,3,21,24
2024-02-27 15:00:00,chennai,4,1,29.64,30.31,59.12,19.01,7,42,49
2024-02-27 16:00:00,chennai,4,1,30.85,32.58,59.51,11.56,18,132,150
2024-02-27 17:00:00,chennai,4,2,29.69,32.31,61.88,19.2,45,195,240
2024-02-27 18:00:00,chennai,4,1,30.06,30.39,59.99,18.25,30,229,259
2024-02-27 19:00:00,chennai,4,1,29.41,30.76,61.46,14.33,29,122,151
2024-02-27 20:00:00,chennai,4,2,26.54,26.31,73.49,15.2,4,38,42
2024-02-27 21:00:00,chennai,4,1,24.56,25.67,79.28,10.21,2,21,23
2024-02-27 22:00:00,chennai,4,1,25.05,26.59,81.36,12.29,2,29,31
2024-02-27 23:00:00,chennai,4,2,22.86,23.5,67.16,11.53,3,24,27
2024-02-28 00:00:00,chennai,4,1,25.45,26.49,79.43,10.81,3,23,26
2024-02-28 01:00:00,chennai,4,1,22.8,22.89,76.15,12.47,4,34,38
2024-02-28 02:00:00,chennai,4,1,22.06,23.64,82.72,12.19,8,30,38
2024-02-28 03:00:00,chennai,4,2,22.86,25.41,79.57,16.53,5,36,41
2024-02-28 04:00:00,chennai,4,1,21.42,21.82,83.62,14.56,2,45,47
2024-02-28 05:00:00,chennai,4,1,22.51,23.38,78.98,22.21,9,40,49
2024-02-28 06:00:00,chennai,4,1,25.94,27.94,67.52,10.79,12,44,56
2024-02-28 07:00:00,chennai,4,1,24.68,27.39,69.75,10.31,26,125,151
2024-02-28 08:00:00,chennai,4,2,25.24,25.25,72.03,13.82,27,202,229
2024-02-28 09:00:00,chennai,4,1,28.18,29.51,69.86,10.01,36,189,225
2024-02-28 10:00:00,chennai,4,2,29.92,31.71,59.97,17.75,15,126,141
2024-02-28 11:00:00,chennai,4,1,30.19,31.59,57.25,13.53,6,52,58
2024-02-28 12:00:00,chennai,4,1,31.16,30.18,63.62,13.35,5,29,34
2024-02-28 13:00:00,chennai,4,1,29.46,31.46,55.32,12.25,4,24,28
2024-02-28 14:00:00,chennai,4,2,28.79,31.81,53.66,12.35,3,17,20
2024-02-28 15:00:00,chennai,4,1,32.17,33.78,60.12,12.82,11,36,47
2024-02-28 16:00:00,chennai,4,2,29.58,30.05,60.9,10.08,18,102,120
2024-02-28 17:00:00,chennai,4,2,29.03,30.01,60.54,10.44,42,171,213
2024-02-28 18:00:00,chennai,4,2,30.09,33.36,63.48,13.52,61,172,233
2024-02-28 19:00:00,chennai,4,2,28.2,30.61,69.48,10.81,15,101,116
2024-02-28 20:00:00,chennai,4,1,27.05,29.19,68.4,17.54,8,40,48
2024-02-28 21:00:00,chennai,4,3,28.06,29.92,74.94,11.6,3,14,17
2024-02-28 22:00:00,chennai,4,1,23.73,24.57,75.1,10.52,5,25,30
2024-02-28 23:00:00,chennai,4,1,24.78,26.08,79.91,11.34,3,21,24
2024-02-29 00:00:00,chennai,4,1,23.1,24.53,85.05,12.21,10,29,39
2024-02-29 01:00:00,chennai,4,1,22.96,25.01,85.86,10.18,11,40,51
2024-02-29 02:00:00,chennai,4,1,24.33,27.34,88.44,10.76,2,36,38
2024-02-29 03:00:00,chennai,4,1,23.25,25.86,85.85,11.96,9,31,40
2024-02-29 04:00:00,chennai,4,1,23.68,23.76,81.85,11.86,10,32,42
2024-02-29 05:00:00,chennai,4,3,24.96,26.68,76.9,18.06,5,20,25
2024-02-29 06:00:00,chennai,4,1,24.06,26.3,75.06,19.27,11,48,59
2024-02-29 07:00:00,chennai,4,2,24.46,26.58,70.2,11.07,28,95,123
2024-02-29 08:00:00,chennai,4,1,25.25,26.12,72.02,10.66,44,183,227
2024-02-29 09:00:00,chennai,4,2,25.18,29.59,72.9,15.03,44,200,244
2024-02-29 10:00:00,chennai,4,2,30.97,31.19,63.37,18.16,17,92,109
2024-02-29 11:00:00,chennai,4,2,28.0,28.42,64.74,26.58,5,46,51
2024-02-29 12:00:00,chennai,4,1,29.7,31.43,59.95,10.03,3,28,31
2024-02-29 13:00:00,chennai,4,2,30.03,33.65,63.39,12.67,5,20,25
2024-02-29 14:00:00,chennai,4,1,30.87,31.53,59.25,16.62,4,19,23
2024-02-29 15:00:00,chennai,4,1,31.34,32.58,58.64,18.82,6,34,40
2024-02-29 16:00:00,chennai,4,1,31.0,33.57,59.94,10.32,15,125,140
2024-02-29 17:00:00,chennai,4,1,28.63,30.11,67.45,15.71,24,234,258
2024-02-29 18:00:00,chennai,4,2,28.3,29.46,66.52,11.7,31,205,236
2024-02-29 19:00:00,chennai,4,1,27.87,29.94,67.27,10.39,24,106,130
2024-02-29 20:00:00,chennai,4,1,26.2,27.97,73.31,13.36,13,37,50
2024-02-29 21:00:00,chennai,4,1,27.39,29.92,72.52,10.86,4,20,24
2024-02-29 22:00:00,chennai,4,1,25.09,27.88,82.63,16.68,4,20,24
2024-02-29 23:00:00,chennai,4,1,24.55,26.36,74.2,16.76,4,17,21
2024-03-01 00:00:00,chennai,1,1,26.33,28.12,79.73,19.23,5,28,33
2024-03-01 01:00:00,chennai,1,1,26.54,28.26,74.64,12.37,7,32,39
2024-03-01 02:00:00,chennai,1,1,25.22,27.21,80.27,10.07,8,36,44
2024-03-01 03:00:00,chennai,1,1,23.58,25.14,73.26,11.5,10,40,50
2024-03-01 04:00:00,chennai,1,3,26.02,27.51,84.39,13.15,4,21,25
2024-03-01 05:00:00,chennai,1,1,25.39,28.09,82.9,15.92,7,46,53
2024-03-01 06:00:00,chennai,1,1,26.37,29.38,80.92,12.41,9,50,59
2024-03-01 07:00:00,chennai,1,1,28.67,28.66,74.73,13.84,8,118,126
2024-03-01 08:00:00,chennai,1,1,30.49,32.0,67.6,13.71,39,198,237
2024-03-01 09:00:00,chennai,1,2,30.06,30.87,65.41,10.9,47,194,241
2024-03-01 10:00:00,chennai,1,1,31.37,32.56,74.65,14.88,35,113,148
2024-03-01 11:00:00,chennai,1,1,33.87,35.77,72.11,12.89,12,51,63
2024-03-01 12:00:00,chennai,1,2,32.75,34.92,63.95,18.25,1,26,27
2024-03-01 13:00:00,chennai,1,1,35.99,37.37,59.76,15.87,7,25,32
2024-03-01 14:00:00,chennai,1,1,33.68,33.27,68.84,10.59,8,26,34
2024-03-01 15:00:00,chennai,1,2,30.75,31.29,58.87,13.35,4,39,43
2024-03-01 16:00:00,chennai,1,1,33.37,35.76,64.48,16.06,20,137,157
2024-03-01 17:00:00,chennai,1,3,32.29,31.05,71.69,10.46,28,100,128
2024-03-01 18:00:00,chennai,1,1,32.55,35.24,62.82,17.86,39,216,255
2024-03-01 19:00:00,chennai,1,1,30.84,32.86,73.56,11.26,18,133,151
2024-03-01 20:00:00,chennai,1,1,28.83,31.65,74.6,13.5,6,47,53
2024-03-01 21:00:00,chennai,1,1,26.5,27.8,74.39,24.11,7,19,26
2024-03-01 22:00:00,chennai,1,2,26.75,26.19,72.03,14.24,5,22,27
2024-03-01 23:00:00,chennai,1,1,25.15,27.08,75.45,12.76,5,30,35
2024-03-02 00:00:00,chennai,1,1,24.84,27.61,82.11,10.03,15,21,36
2024-03-02 01:00:00,chennai,1,1,25.84,28.27,74.54,10.72,11,20,31
2024-03-02 02:00:00,chennai,1,1,27.0,27.84,82.65,14.32,16,22,38
2024-03-02 03:00:00,chennai,1,1,25.61,27.2,84.36,13.4,19,31,50
2024-03-02 04:00:00,chennai,1,1,24.1,25.07,85.59,12.26,14,27,41
2024-03-02 05:00:00,chennai,1,1,26.71,27.39,72.08,22.83,19,33,52
2024-03-02 06:00:00,chennai,1,1,28.44,30.89,83.58,12.02,22,36,58
2024-03-02 07:00:00,chennai,1,1,27.23,27.54,83.07,13.85,30,47,77
2024-03-02 08:00:00,chennai,1,1,28.84,29.45,74.05,14.2,56,74,130
2024-03-02 09:00:00,chennai,1,2,30.05,30.45,64.22,13.75,53,63,116
2024-03-02 10:00:00,chennai,1,1,30.06,30.07,65.36,13.25,37,62,99
2024-03-02 11:00:00,chennai,1,1,32.61,34.25,64.69,12.06,17,51,68
2024-03-02 12:00:00,chennai,1,2,32.32,34.98,64.69,21.97,35,53,88
2024-03-02 13:00:00,chennai,1,2,33.37,34.68,62.45,13.0,37,72,109
2024-03-02 14:00:00,chennai,1,1,31.94,31.93,63.41,13.76,32,87,119
2024-03-02 15:00:00,chennai,1,1,32.34,34.68,61.89,15.34,43,70,113
2024-03-02 16:00:00,chennai,1,4,33.33,36.52,64.67,10.35,7,12,19
2024-03-02 17:00:00,chennai,1,1,31.38,32.23,62.63,17.6,48,107,155
2024-03-02 18:00:00,chennai,1,1,33.07,34.09,65.31,13.59,36,88,124
2024-03-02 19:00:00,chennai,1,1,29.56,31.57,66.53,15.35,29,41,70
2024-03-02 20:00:00,chennai,1,2,29.27,32.39,81.59,17.39,12,20,32
2024-03-02 21:00:00,chennai,1,2,29.08,30.06,81.91,20.36,8,19,27
2024-03-02 22:00:00,chennai,1,2,25.3,25.47,79.78,12.49,9,15,24
2024-03-02 23:00:00,chennai,1,1,24.06,26.19,85.7,18.34,9,18,27
2024-03-03 00:00:00,chennai,1,1,23.71,26.0,84.65,11.5,11,19,30
2024-03-03 01:00:00,chennai,1,1,26.65,28.16,82.57,15.4,16,27,43
2024-03-03 02:00:00,chennai,1,2,24.34,25.28,74.47,10.54,8,30,38
2024-03-03 03:00:00,chennai,1,2,28.21,30.7,80.35,10.1,16,29,45
2024-03-03 04:00:00,chennai,1,2,24.86,26.89,78.99,10.5,15,29,44
2024-03-03 05:00:00,chennai,1,1,26.39,27.12,73.41,11.92,16,34,50
2024-03-03 06:00:00,chennai,1,1,28.85,30.4,69.57,10.16,15,38,53
2024-03-03 07:00:00,chennai,1,1,30.37,30.52,77.05,14.98,31,60,91
2024-03-03 08:00:00,chennai,1,1,31.47,33.66,73.62,11.9,48,96,144
2024-03-03 09:00:00,chennai,1,1,31.49,32.72,63.57,16.67,55,88,143
2024-03-03 10:00:00,chennai,1,1,32.23,33.29,63.27,10.24,37,70,107
2024-03-03 11:00:00,chennai,1,2,32.54,34.01,70.74,11.22,27,50,77
2024-03-03 12:00:00,chennai,1,2,33.4,34.94,58.95,12.62,34,60,94
2024-03-03 13:00:00,chennai,1,1,32.2,34.6,63.19,12.41,41,84,125
2024-03-03 14:00:00,chennai,1,1,32.02,34.11,61.05,10.7,36,83,119
2024-03-03 15:00:00,chennai,1,1,32.86,34.2,64.87,35.7,60,70,130
2024-03-03 16:00:00,chennai,1,1,32.26,34.52,59.06,11.67,44,84,128
2024-03-03 17:00:00,chennai,1,1,31.28,33.19,65.38,16.38,53,104,157
2024-03-03 18:00:00,chennai,1,2,31.84,32.91,67.84,11.24,55,76,131
2024-03-03 19:00:00,chennai,1,1,31.18,32.56,70.56,20.51,39,48,87
2024-03-03 20:00:00,chennai,1,1,29.11,30.46,72.4,12.45,13,17,30
2024-03-03 21:00:00,chennai,1,1,29.74,31.74,76.31,21.56,6,11,17
2024-03-03 22:00:00,chennai,1,2,25.63,26.76,87.96,12.09,9,16,25
2024-03-03 23:00:00,chennai,1,2,25.94,27.05,91.88,10.04,9,15,24
2024-03-04 00:00:00,chennai,1,2,24.68,28.14,77.46,13.64,8,23,31
2024-03-04 01:00:00,chennai,1,1,22.9,25.34,70.07,13.72,5,24,29
2024-03-04 02:00:00,chennai,1,1,24.9,25.64,84.98,10.64,7,33,40
2024-03-04 03:00:00,chennai,1,2,24.99,27.06,82.59,11.34,5,47,52
2024-03-04 04:00:00,chennai,1,1,27.35,28.97,85.97,17.65,3,37,40
2024-03-04 05:00:00,chennai,1,1,26.93,28.82,80.5,10.19,10,37,47
2024-03-04 06:00:00,chennai,1,1,25.77,27.41,77.29,13.36,11,53,64
2024-03-04 07:00:00,chennai,1,1,30.19,32.88,80.23,13.78,25,119,144
2024-03-04 08:00:00,chennai,1,1,30.47,32.31,78.34,15.84,47,183,230
2024-03-04 09:00:00,chennai,1,2,30.73,32.17,62.48,10.19,43,179,222
2024-03-04 10:00:00,chennai,1,1,30.73,33.27,62.92,14.41,26,114,140
2024-03-04 11:00:00,chennai,1,2,30.68,32.41,64.4,10.02,11,47,58
2024-03-04 12:00:00,chennai,1,2,32.02,33.64,63.83,11.54,5,24,29
2024-03-04 13:00:00,chennai,1,1,34.17,35.98,61.21,13.46,6,32,38
2024-03-04 14:00:00,chennai,1,1,35.26,36.67,64.17,22.11,5,22,27
2024-03-04 15:00:00,chennai,1,1,34.72,36.22,67.32,10.68,7,58,65
2024-03-04 16:00:00,chennai,1,2,31.88,32.79,71.95,10.93,10,97,107
2024-03-04 17:00:00,chennai,1,1,30.48,31.23,67.82,15.53,38,209,247
2024-03-04 18:00:00,chennai,1,2,31.17,31.67,62.74,12.35,34,182,216
2024-03-04 19:00:00,chennai,1,3,27.91,28.02,68.67,14.88,13,58,71
2024-03-04 20:00:00,chennai,1,2,29.39,30.01,71.62,39.87,7,47,54
2024-03-04 21:00:00,chennai,1,2,27.79,29.11,77.16,31.66,2,20,22
2024-03-04 22:00:00,chennai,1,1,26.44,28.04,78.94,12.18,5,25,30
2024-03-04 23:00:00,chennai,1,1,24.26,25.49,89.32,13.51,6,22,28
2024-03-05 00:00:00,chennai,1,1,26.15,25.3,78.35,21.75,7,32,39
2024-03-05 01:00:00,chennai,1,4,24.5,27.57,83.58,10.48,0,5,5
2024-03-05 02:00:00,chennai,1,4,23.6,26.18,93.77,13.01,1,4,5
2024-03-05 03:00:00,chennai,1,2,21.69,23.64,78.73,12.37,3,44,47
2024-03-05 04:00:00,chennai,1,2,25.5,28.91,81.39,11.75,8,44,52
2024-03-05 05:00:00,chennai,1,1,28.3,28.82,74.35,35.75,3,61,64
2024-03-05 06:00:00,chennai,1,1,28.99,32.38,77.41,16.61,6,44,50
2024-03-05 07:00:00,chennai,1,1,27.42,27.95,70.69,12.46,25,119,144
2024-03-05 08:00:00,chennai,1,1,28.28,30.02,77.23,18.83,34,219,253
2024-03-05 09:00:00,chennai,1,1,30.6,30.82,70.15,13.36,45,171,216
2024-03-05 10:00:00,chennai,1,2,29.8,31.32,62.32,20.31,17,91,108
2024-03-05 11:00:00,chennai,1,2,32.19,34.08,69.13,11.55,6,60,66
2024-03-05 12:00:00,chennai,1,2,33.38,34.73,64.24,11.27,6,24,30
2024-03-05 13:00:00,chennai,1,1,34.34,36.55,67.1,11.42,6,26,32
2024-03-05 14:00:00,chennai,1,1,32.88,34.48,56.26,13.87,7,25,32
2024-03-05 15:00:00,chennai,1,2,32.62,33.6,64.18,11.72,8,33,41
2024-03-05 16:00:00,chennai,1,1,31.41,32.34,67.21,10.8,24,117,141
2024-03-05 17:00:00,chennai,1,2,30.84,33.15,62.81,36.13,21,185,206
2024-03-05 18:00:00,chennai,1,1,30.73,31.57,60.7,21.53,45,191,236
2024-03-05 19:00:00,chennai,1,2,30.48,32.89,69.2,15.04,17,104,121
2024-03-05 20:00:00,chennai,1,2,30.1,32.82,78.14,21.11,8,36,44
2024-03-05 21:00:00,chennai,1,1,27.0,26.83,80.22,23.7,8,23,31
2024-03-05 22:00:00,chennai,1,2,28.79,31.42,74.86,15.64,5,19,24
2024-03-05 23:00:00,chennai,1,1,25.85,29.41,72.66,13.66,5,24,29
2024-03-06 00:00:00,chennai,1,1,25.51,27.26,78.5,20.69,6,31,37
2024-03-06 01:00:00,chennai,1,2,24.24,26.34,79.32,14.19,4,26,30
2024-03-06 02:00:00,chennai,1,2,22.09,24.63,84.23,10.68,2,32,34
2024-03-06 03:00:00,chennai,1,2,26.2,27.42,81.13,12.29,7,36,43
2024-03-06 04:00:00,chennai,1,1,26.42,28.1,76.89,12.95,5,38,43
2024-03-06 05:00:00,chennai,1,3,25.83,26.02,84.59,23.7,5,25,30
2024-03-06 06:00:00,chennai,1,2,27.08,28.72,77.7,15.38,8,55,63
2024-03-06 07:00:00,chennai,1,1,28.58,30.58,76.77,20.41,18,92,110
2024-03-06 08:00:00,chennai,1,2,27.12,29.14,63.38,17.09,51,191,242
2024-03-06 09:00:00,chennai,1,1,29.4,31.97,57.29,11.85,40,214,254
2024-03-06 10:00:00,chennai,1,2,31.95,32.68,59.81,16.34,12,110,122
2024-03-06 11:00:00,chennai,1,2,30.32,31.29,62.53,11.09,5,45,50
2024-03-06 12:00:00,chennai,1,2,32.82,36.21,66.22,12.62,6,29,35
2024-03-06 13:00:00,chennai,1,2,31.24,32.59,50.63,18.2,5,21,26
2024-03-06 14:00:00,chennai,1,1,33.56,35.26,69.96,14.73,3,22,25
2024-03-06 15:00:00,chennai,1,1,32.82,34.25,63.19,18.73,8,46,54
2024-03-06 16:00:00,chennai,1,1,30.53,31.2,70.14,11.47,25,105,130
2024-03-06 17:00:00,chennai,1,1,33.23,36.35,60.5,16.93,56,183,239
2024-03-06 18:00:00,chennai,1,1,30.12,31.09,69.52,11.13,41,219,260
2024-03-06 19:00:00,chennai,1,2,29.06,29.44,69.84,13.94,20,123,143
2024-03-06 20:00:00,chennai,1,1,29.24,30.29,76.09,12.84,6,41,47
2024-03-06 21:00:00,chennai,1,2,29.34,28.84,73.42,14.07,3,16,19
2024-03-06 22:00:00,chennai,1,2,25.78,26.63,79.37,10.73,6,20,26
2024-03-06 23:00:00,chennai,1,1,26.25,26.78,84.58,12.24,6,29,35
2024-03-07 00:00:00,chennai,1,1,26.05,28.17,77.4,15.5,7,31,38
2024-03-07 01:00:00,chennai,1,1,25.97,26.79,82.87,14.09,3,36,39
2024-03-07 02:00:00,chennai,1,1,25.21,27.6,72.56,13.98,11,35,46
2024-03-07 03:00:00,chennai,1,1,24.7,27.59,85.17,13.58,9,31,40
2024-03-07 04:00:00,chennai,1,2,24.54,26.82,90.43,24.4,5,32,37
2024-03-07 05:00:00,chennai,1,1,26.27,27.56,72.85,23.63,7,38,45
2024-03-07 06:00:00,chennai,1,1,25.71,27.35,76.54,12.23,16,59,75
2024-03-07 07:00:00,chennai,1,1,24.46,24.43,78.99,12.17,38,89,127
2024-03-07 08:00:00,chennai,1,1,29.52,30.89,72.16,14.05,19,272,291
2024-03-07 09:00:00,chennai,1,2,31.12,31.76,70.24,10.5,28,201,229
2024-03-07 10:00:00,chennai,1,2,28.16,30.36,65.05,11.8,14,96,110
2024-03-07 11:00:00,chennai,1,2,30.62,34.69,62.79,11.31,8,31,39
2024-03-07 12:00:00,chennai,1,1,33.21,35.21,62.91,11.26,5,26,31
2024-03-07 13:00:00,chennai,1,1,35.33,34.84,62.55,15.09,3,22,25
2024-03-07 14:00:00,chennai,1,1,33.02,34.16,56.09,12.43,3,29,32
2024-03-07 15:00:00,chennai,1,4,31.99,33.61,62.01,10.94,2,9,11
2024-03-07 16:00:00,chennai,1,1,32.24,33.83,71.18,20.93,20,124,144
2024-03-07 17:00:00,chennai,1,1,33.48,34.25,62.83,20.36,24,236,260
2024-03-07 18:00:00,chennai,1,1,30.22,31.97,60.81,19.92,31,233,264
2024-03-07 19:00:00,chennai,1,1,29.08,29.33,68.65,12.48,17,113,130
2024-03-07 20:00:00,chennai,1,4,28.42,28.98,68.43,10.29,1,9,10
2024-03-07 21:00:00,chennai,1,2,26.82,28.97,67.9,10.56,2,23,25
2024-03-07 22:00:00,chennai,1,1,27.15,27.63,77.7,11.62,3,32,35
2024-03-07 23:00:00,chennai,1,2,28.12,30.16,75.52,11.24,7,20,27
2024-03-08 00:00:00,chennai,1,2,25.92,26.05,77.54,20.36,7,37,44
2024-03-08 01:00:00,chennai,1,2,24.83,28.1,82.43,31.47,5,30,35
2024-03-08 02:00:00,chennai,1,1,24.65,25.38,74.33,18.48,6,28,34
2024-03-08 03:00:00,chennai,1,1,23.26,24.54,72.95,16.54,7,37,44
2024-03-08 04:00:00,chennai,1,1,26.6,28.43,84.01,14.44,5,38,43
2024-03-08 05:00:00,chennai,1,1,26.08,27.01,69.42,17.35,3,50,53
2024-03-08 06:00:00,chennai,1,2,26.78,28.43,72.12,24.69,7,50,57
2024-03-08 07:00:00,chennai,1,2,31.8,33.87,65.59,14.6,19,113,132
2024-03-08 08:00:00,chennai,1,1,29.36,31.82,69.57,10.84,37,217,254
2024-03-08 09:00:00,chennai,1,1,29.13,31.42,71.55,10.89,13,214,227
2024-03-08 10:00:00,chennai,1,1,30.49,31.82,67.56,14.38,38,102,140
2024-03-08 11:00:00,chennai,1,2,33.21,34.56,76.89,12.03,10,27,37
2024-03-08 12:00:00,chennai,1,1,32.6,36.45,68.77,22.05,5,26,31
2024-03-08 13:00:00,chennai,1,3,31.14,33.59,57.68,14.73,2,12,14
2024-03-08 14:00:00,chennai,1,1,34.1,34.68,56.01,15.64,3,22,25
2024-03-08 15:00:00,chennai,1,1,32.06,33.66,75.87,10.03,8,37,45
2024-03-08 16:00:00,chennai,1,2,34.71,35.88,68.65,13.45,18,104,122
2024-03-08 17:00:00,chennai,1,1,33.12,34.49,67.88,12.82,55,202,257
2024-03-08 18:00:00,chennai,1,2,30.46,30.73,67.37,16.12,46,187,233
2024-03-08 19:00:00,chennai,1,1,31.57,32.66,70.78,12.41,13,104,117
2024-03-08 20:00:00,chennai,1,2,29.08,32.39,64.59,28.77,5,39,44
2024-03-08 21:00:00,chennai,1,2,28.99,31.07,75.37,15.55,4,18,22
2024-03-08 22:00:00,chennai,1,1,27.58,26.59,77.36,15.39,4,15,19
2024-03-08 23:00:00,chennai,1,2,25.16,27.87,74.55,22.59,3,28,31
2024-03-09 00:00:00,chennai,1,1,24.76,27.35,77.97,36.7,10,21,31
2024-03-09 01:00:00,chennai,1,1,26.37,27.51,89.24,11.1,12,24,36
2024-03-09 02:00:00,chennai,1,1,24.6,26.82,81.37,18.32,12,23,35
2024-03-09 03:00:00,chennai,1,1,24.65,25.29,92.02,10.89,17,32,49
2024-03-09 04:00:00,chennai,1,2,24.39,25.42,71.96,13.05,17,25,42
2024-03-09 05:00:00,chennai,1,1,26.68,29.68,76.46,10.53,16,29,45
2024-03-09 06:00:00,chennai,1,1,29.48,30.7,69.26,14.88,19,34,53
2024-03-09 07:00:00,chennai,1,1,26.68,26.31,68.54,13.16,28,61,89
2024-03-09 08:00:00,chennai,1,1,29.03,30.47,67.86,14.95,49,89,138
2024-03-09 09:00:00,chennai,1,1,31.73,33.15,70.99,15.67,46,85,131
2024-03-09 10:00:00,chennai,1,1,30.9,33.6,68.33,14.83,37,75,112
2024-03-09 11:00:00,chennai,1,3,32.37,33.89,61.53,11.74,13,33,46
2024-03-09 12:00:00,chennai,1,3,31.19,32.27,52.2,19.07,23,33,56
2024-03-09 13:00:00,chennai,1,2,33.38,35.92,69.73,14.01,48,61,109
2024-03-09 14:00:00,chennai,1,2,32.78,34.4,60.57,13.37,37,66,103
2024-03-09 15:00:00,chennai,1,2,34.05,34.8,56.76,31.74,45,62,107
2024-03-09 16:00:00,chennai,1,1,33.89,36.54,64.71,11.67,41,73,114
2024-03-09 17:00:00,chennai,1,3,34.94,36.63,65.95,13.75,22,55,77
2024-03-09 18:00:00,chennai,1,1,31.7,33.2,65.39,15.73,50,88,138
2024-03-09 19:00:00,chennai,1,2,30.43,32.1,70.15,10.67,27,55,82
2024-03-09 20:00:00,chennai,1,1,29.23,29.66,66.22,12.19,13,23,36
2024-03-09 21:00:00,chennai,1,1,27.54,28.51,78.39,18.09,11,15,26
2024-03-09 22:00:00,chennai,1,2,27.41,28.91,72.02,11.35,7,14,21
2024-03-09 23:00:00,chennai,1,1,25.82,27.12,76.04,13.4,12,21,33
2024-03-10 00:00:00,chennai,1,2,25.74,28.51,83.9,14.98,10,16,26
2024-03-10 01:00:00,chennai,1,2,26.72,28.43,87.68,15.56,13,18,31
2024-03-10 02:00:00,chennai,1,3,23.79,26.15,89.93,16.52,8,13,21
2024-03-10 03:00:00,chennai,1,3,26.5,28.01,86.94,20.05,11,25,36
2024-03-10 04:00:00,chennai,1,1,27.12,29.67,79.04,12.49,14,33,47
2024-03-10 05:00:00,chennai,1,1,26.03,27.93,71.37,16.13,19,31,50
2024-03-10 06:00:00,chennai,1,1,24.45,25.97,84.03,16.59,18,35,53
2024-03-10 07:00:00,chennai,1,1,27.24,28.72,81.44,11.79,23,55,78
2024-03-10 08:00:00,chennai,1,1,30.56,31.1,68.64,27.23,55,80,135
2024-03-10 09:00:00,chennai,1,1,30.01,32.01,74.02,20.02,43,88,131
2024-03-10 10:00:00,chennai,1,1,29.8,31.26,65.34,11.71,39,52,91
2024-03-10 11:00:00,chennai,1,1,31.22,32.22,72.44,15.62,25,52,77
2024-03-10 12:00:00,chennai,1,2,33.47,36.08,60.77,16.33,28,62,90
2024-03-10 13:00:00,chennai,1,2,33.52,33.77,72.23,12.82,30,57,87
2024-03-10 14:00:00,chennai,1,2,32.71,33.79,65.93,19.97,36,58,94
2024-03-10 15:00:00,chennai,1,1,32.42,34.95,71.33,15.86,40,71,111
2024-03-10 16:00:00,chennai,1,1,31.99,33.81,61.02,15.37,64,79,143
2024-03-10 17:00:00,chennai,1,1,30.72,32.17,66.95,11.25,53,95,148
2024-03-10 18:00:00,chennai,1,1,32.94,34.69,62.15,12.62,43,83,126
2024-03-10 19:00:00,chennai,1,1,29.65,31.33,73.63,12.85,31,42,73
2024-03-10 20:00:00,chennai,1,2,30.46,30.44,76.5,16.61,13,20,33
2024-03-10 21:00:00,chennai,1,3,29.79,30.94,86.57,14.82,4,9,13
2024-03-10 22:00:00,chennai,1,1,28.2,31.31,79.41,10.45,9,17,26
2024-03-10 23:00:00,chennai,1,2,25.65,26.49,82.69,11.84,12,22,34
2024-03-11 00:00:00,chennai,1,2,26.02,27.2,78.31,13.2,5,29,34
2024-03-11 01:00:00,chennai,1,1,25.11,26.07,84.37,16.67,7,34,41
2024-03-11 02:00:00,chennai,1,1,23.92,25.33,80.1,16.8,3,35,38
2024-03-11 03:00:00,chennai,1,1,25.53,26.44,82.24,13.37,6,39,45
2024-03-11 04:00:00,chennai,1,1,24.12,26.11,81.53,10.62,8,40,48
2024-03-11 05:00:00,chennai,1,2,27.6,29.29,77.31,11.73,6,41,47
2024-03-11 06:00:00,chennai,1,2,26.44,28.72,77.31,11.47,6,47,53
2024-03-11 07:00:00,chennai,1,1,28.21,28.66,72.71,17.59,19,111,130
2024-03-11 08:00:00,chennai,1,2,29.34,30.5,70.1,10.99,29,197,226
2024-03-11 09:00:00,chennai,1,1,29.72,31.0,74.8,13.13,20,217,237
2024-03-11 10:00:00,chennai,1,1,31.7,33.66,67.88,15.55,11,116,127
2024-03-11 11:00:00,chennai,1,1,31.26,31.97,66.66,26.73,10,46,56
2024-03-11 12:00:00,chennai,1,1,33.51,35.93,56.05,45.91,6,32,38
2024-03-11 13:00:00,chennai,1,3,31.25,33.93,64.46,25.28,4,19,23
2024-03-11 14:00:00,chennai,1,1,33.15,33.66,64.65,16.33,3,18,21
2024-03-11 15:00:00,chennai,1,1,35.19,36.2,60.35,16.86,4,45,49
2024-03-11 16:00:00,chennai,1,1,31.26,32.23,73.76,17.12,15,122,137
2024-03-11 17:00:00,chennai,1,2,31.02,35.15,53.48,19.92,29,187,216
2024-03-11 18:00:00,chennai,1,2,31.62,32.69,70.92,25.16,36,174,210
2024-03-11 19:00:00,chennai,1,2,30.25,33.43,72.98,12.95,8,112,120
2024-03-11 20:00:00,chennai,1,1,29.42,29.65,74.71,12.69,2,44,46
2024-03-11 21:00:00,chennai,1,1,28.55,29.06,75.47,13.09,5,16,21
2024-03-11 22:00:00,chennai,1,1,27.76,28.58,79.75,15.39,5,23,28
2024-03-11 23:00:00,chennai,1,1,27.5,28.16,83.41,17.47,3,25,28
2024-03-12 00:00:00,chennai,1,1,26.03,27.26,77.03,20.22,4,27,31
2024-03-12 01:00:00,chennai,1,1,24.85,25.64,83.16,13.05,4,25,29
2024-03-12 02:00:00,chennai,1,1,25.81,26.49,81.08,12.26,7,33,40
2024-03-12 03:00:00,chennai,1,1,27.42,30.07,76.19,30.48,5,35,40
2024-03-12 04:00:00,chennai,1,1,25.38,28.1,84.25,11.32,5,48,53
2024-03-12 05:00:00,chennai,1,2,25.0,27.45,76.25,11.26,8,36,44
2024-03-12 06:00:00,chennai,1,1,28.33,30.35,69.51,16.28,14,44,58
2024-03-12 07:00:00,chennai,1,1,27.82,29.41,71.89,10.99,23,109,132
2024-03-12 08:00:00,chennai,1,3,26.39,27.4,68.01,12.55,19,104,123
2024-03-12 09:00:00,chennai,1,2,31.05,31.6,74.55,11.73,32,197,229
2024-03-12 10:00:00,chennai,1,1,30.36,32.22,67.77,10.92,13,101,114
2024-03-12 11:00:00,chennai,1,1,31.72,32.05,71.84,14.33,6,43,49
2024-03-12 12:00:00,chennai,1,1,32.86,33.37,60.01,12.34,5,22,27
2024-03-12 13:00:00,chennai,1,1,33.09,35.75,66.71,13.1,5,20,25
2024-03-12 14:00:00,chennai,1,1,33.85,37.25,76.2,11.09,6,23,29
2024-03-12 15:00:00,chennai,1,1,32.34,34.23,64.12,17.3,10,51,61
2024-03-12 16:00:00,chennai,1,1,33.08,35.69,67.65,11.89,22,115,137
2024-03-12 17:00:00,chennai,1,1,31.52,32.77,68.4,12.1,37,207,244
2024-03-12 18:00:00,chennai,1,1,31.89,32.05,59.89,11.45,46,213,259
2024-03-12 19:00:00,chennai,1,1,30.77,32.89,72.34,12.85,22,123,145
2024-03-12 20:00:00,chennai,1,3,27.88,29.95,73.53,13.11,5,26,31
2024-03-12 21:00:00,chennai,1,1,29.27,30.84,73.29,13.77,3,23,26
2024-03-12 22:00:00,chennai,1,2,26.36,27.61,72.58,27.14,3,21,24
2024-03-12 23:00:00,chennai,1,1,27.14,29.6,82.54,21.75,3,26,29
2024-03-13 00:00:00,chennai,1,1,25.98,26.49,75.8,14.7,5,25,30
2024-03-13 01:00:00,chennai,1,1,27.34,28.07,92.33,10.2,6,39,45
2024-03-13 02:00:00,chennai,1,1,24.73,25.22,82.57,14.74,13,32,45
2024-03-13 03:00:00,chennai,1,2,24.72,26.3,75.54,10.47,7,36,43
2024-03-13 04:00:00,chennai,1,2,25.51,25.92,78.09,16.2,13,42,55
2024-03-13 05:00:00,chennai,1,3,25.81,26.62,77.68,12.47,7,25,32
2024-03-13 06:00:00,chennai,1,1,27.96,28.75,89.06,19.09,13,61,74
2024-03-13 07:00:00,chennai,1,2,26.03,27.26,70.17,24.28,21,122,143
2024-03-13 08:00:00,chennai,1,1,27.74,27.75,71.42,12.7,27,226,253
2024-03-13 09:00:00,chennai,1,1,28.75,30.34,66.72,13.09,30,218,248
2024-03-13 10:00:00,chennai,1,1,32.14,34.89,69.5,14.46,24,102,126
2024-03-13 11:00:00,chennai,1,1,33.88,35.52,62.32,11.1,9,48,57
2024-03-13 12:00:00,chennai,1,1,32.34,35.38,57.64,23.11,4,27,31
2024-03-13 13:00:00,chennai,1,2,32.66,35.5,61.36,12.84,4,28,32
2024-03-13 14:00:00,chennai,1,1,33.08,35.36,60.5,10.91,5,24,29
2024-03-13 15:00:00,chennai,1,1,34.26,35.83,59.38,17.19,8,43,51
2024-03-13 16:00:00,chennai,1,1,31.35,32.87,60.65,11.24,17,108,125
2024-03-13 17:00:00,chennai,1,1,32.11,34.38,70.85,10.77,38,217,255
2024-03-13 18:00:00,chennai,1,2,32.17,33.28,65.4,14.14,11,208,219
2024-03-13 19:00:00,chennai,1,2,30.64,30.25,63.74,15.57,18,100,118
2024-03-13 20:00:00,chennai,1,1,29.23,31.22,69.69,14.21,4,38,42
2024-03-13 21:00:00,chennai,1,1,29.17,29.53,74.86,15.34,5,23,28
2024-03-13 22:00:00,chennai,1,2,23.76,24.29,70.32,10.61,4,21,25
2024-03-13 23:00:00,chennai,1,1,26.99,28.49,87.2,13.23,4,20,24
2024-03-14 00:00:00,chennai,1,1,24.75,26.16,85.0,12.21,5,24,29
2024-03-14 01:00:00,chennai,1,1,22.94,23.03,88.81,28.13,9,28,37
2024-03-14 02:00:00,chennai,1,1,25.61,27.28,83.96,10.25,2,42,44
2024-03-14 03:00:00,chennai,1,2,26.78,29.25,71.19,11.77,5,30,35
2024-03-14 04:00:00,chennai,1,2,25.37,25.74,88.34,24.22,3,48,51
2024-03-14 05:00:00,chennai,1,1,27.32,30.09,74.75,30.52,10,49,59
2024-03-14 06:00:00,chennai,1,1,28.93,28.87,73.09,18.71,10,59,69
2024-03-14 07:00:00,chennai,1,1,29.54,33.16,75.37,10.4,17,118,135
2024-03-14 08:00:00,chennai,1,1,30.97,32.06,78.89,14.12,40,207,247
2024-03-14 09:00:00,chennai,1,1,30.93,32.57,74.68,12.56,23,213,236
2024-03-14 10:00:00,chennai,1,1,31.09,30.7,71.53,18.21,33,102,135
2024-03-14 11:00:00,chennai,1,2,29.91,31.34,63.37,10.28,6,41,47
2024-03-14 12:00:00,chennai,1,1,32.17,33.9,61.7,11.1,6,31,37
2024-03-14 13:00:00,chennai,1,2,31.85,33.27,64.07,13.36,3,20,23
2024-03-14 14:00:00,chennai,1,1,35.61,36.54,61.35,10.86,6,24,30
2024-03-14 15:00:00,chennai,1,1,32.65,33.21,66.79,15.9,5,55,60
2024-03-14 16:00:00,chennai,1,1,32.61,35.24,67.49,18.6,25,103,128
2024-03-14 17:00:00,chennai,1,1,32.49,34.02,67.89,16.1,33,234,267
2024-03-14 18:00:00,chennai,1,2,31.05,34.09,54.37,12.9,27,186,213
2024-03-14 19:00:00,chennai,1,2,32.07,33.04,70.05,20.53,24,101,125
2024-03-14 20:00:00,chennai,1,1,28.25,29.32,71.46,10.74,6,35,41
2024-03-14 21:00:00,chennai,1,1,28.2,30.51,75.43,11.51,4,18,22
2024-03-14 22:00:00,chennai,1,1,26.11,25.99,73.23,13.36,6,26,32
2024-03-14 23:00:00,chennai,1,1,24.59,24.87,72.45,10.32,3,20,23
2024-03-15 00:00:00,chennai,1,2,24.8,27.4,82.98,10.5,5,24,29
2024-03-15 01:00:00,chennai,1,1,25.09,25.42,79.88,12.53,4,25,29
2024-03-15 02:00:00,chennai,1,1,24.48,24.17,84.87,24.4,6,34,40
2024-03-15 03:00:00,chennai,1,1,24.31,27.67,78.3,21.95,6,29,35
2024-03-15 04:00:00,chennai,1,2,23.85,23.95,87.74,13.14,4,35,39
2024-03-15 05:00:00,chennai,1,1,26.07,27.76,84.08,10.77,8,39,47
2024-03-15 06:00:00,chennai,1,1,25.19,26.76,78.48,10.98,12,59,71
2024-03-15 07:00:00,chennai,1,3,28.88,27.57,73.52,12.37,6,80,86
2024-03-15 08:00:00,chennai,1,1,29.1,30.33,76.26,11.18,27,214,241
2024-03-15 09:00:00,chennai,1,2,28.29,30.23,71.37,10.43,21,165,186
2024-03-15 10:00:00,chennai,1,1,30.63,32.48,68.19,15.6,13,92,105
2024-03-15 11:00:00,chennai,1,1,30.93,33.33,70.14,14.35,5,41,46
2024-03-15 12:00:00,chennai,1,1,32.85,33.96,70.47,11.72,7,27,34
2024-03-15 13:00:00,chennai,1,1,34.47,36.68,56.08,17.55,5,21,26
2024-03-15 14:00:00,chennai,1,1,30.75,31.56,56.75,17.48,4,31,35
2024-03-15 15:00:00,chennai,1,1,33.0,33.09,58.44,13.38,5,47,52
2024-03-15 16:00:00,chennai,1,2,32.27,32.47,55.83,10.51,19,110,129
2024-03-15 17:00:00,chennai,1,4,32.63,32.67,64.62,22.53,11,41,52
2024-03-15 18:00:00,chennai,1,2,31.26,33.77,70.0,15.52,59,171,230
2024-03-15 19:00:00,chennai,1,2,29.13,29.12,69.3,11.42,15,113,128
2024-03-15 20:00:00,chennai,1,2,28.62,30.39,69.33,14.71,2,44,46
2024-03-15 21:00:00,chennai,1,1,27.01,28.24,80.22,12.6,2,23,25
2024-03-15 22:00:00,chennai,1,2,28.29,29.69,77.7,15.04,1,18,19
2024-03-15 23:00:00,chennai,1,1,26.2,29.06,80.79,13.21,6,29,35
2024-03-16 00:00:00,chennai,1,1,27.82,28.88,86.43,13.32,12,21,33
2024-03-16 01:00:00,chennai,1,2,25.06,27.18,81.04,16.66,15,26,41
2024-03-16 02:00:00,chennai,1,1,24.15,25.69,92.3,14.76,18,26,44
2024-03-16 03:00:00,chennai,1,1,23.32,24.67,79.42,10.42,21,27,48
2024-03-16 04:00:00,chennai,1,3,23.37,27.17,90.65,10.34,13,19,32
2024-03-16 05:00:00,chennai,1,1,24.27,24.33,74.2,11.82,15,24,39
2024-03-16 06:00:00,chennai,1,2,27.32,30.11,79.59,12.81,13,35,48
2024-03-16 07:00:00,chennai,1,2,28.58,30.73,71.38,11.61,27,57,84
2024-03-16 08:00:00,chennai,1,1,27.1,28.12,77.6,15.27,57,80,137
2024-03-16 09:00:00,chennai,1,1,31.11,34.24,67.02,11.09,55,114,169
2024-03-16 10:00:00,chennai,1,2,30.42,30.07,68.45,16.09,36,54,90
2024-03-16 11:00:00,chennai,1,1,32.0,32.98,61.68,17.42,29,52,81
2024-03-16 12:00:00,chennai,1,1,34.4,34.69,68.03,10.66,37,57,94
2024-03-16 13:00:00,chennai,1,1,33.94,35.85,59.06,15.26,30,68,98
2024-03-16 14:00:00,chennai,1,1,32.68,33.06,70.42,26.28,51,81,132
2024-03-16 15:00:00,chennai,1,1,31.79,33.73,57.36,11.07,41,87,128
2024-03-16 16:00:00,chennai,1,3,29.88,31.2,56.61,22.0,26,45,71
2024-03-16 17:00:00,chennai,1,1,30.97,31.99,69.69,14.66,58,108,166
2024-03-16 18:00:00,chennai,1,1,30.75,32.64,64.04,14.47,59,85,144
2024-03-16 19:00:00,chennai,1,1,28.85,30.08,69.38,10.27,33,50,83
2024-03-16 20:00:00,chennai,1,1,28.84,29.25,70.39,16.9,11,31,42
2024-03-16 21:00:00,chennai,1,2,28.06,32.36,68.03,13.25,8,19,27
2024-03-16 22:00:00,chennai,1,1,26.73,27.74,76.62,16.39,7,16,23
2024-03-16 23:00:00,chennai,1,3,25.39,24.67,85.4,18.28,4,7,11
2024-03-17 00:00:00,chennai,1,2,25.74,26.4,85.68,13.71,7,15,22
2024-03-17 01:00:00,chennai,1,1,25.67,25.9,82.82,11.53,12,27,39
2024-03-17 02:00:00,chennai,1,1,23.69,26.02,87.56,10.76,9,24,33
2024-03-17 03:00:00,chennai,1,1,26.83,28.65,76.36,10.87,16,26,42
2024-03-17 04:00:00,chennai,1,2,25.42,27.32,79.03,20.08,12,36,48
2024-03-17 05:00:00,chennai,1,1,26.19,27.32,81.05,10.66,17,24,41
2024-03-17 06:00:00,chennai,1,1,27.85,29.07,76.35,12.43,20,51,71
2024-03-17 07:00:00,chennai,1,1,28.24,29.37,73.35,12.03,26,53,79
2024-03-17 08:00:00,chennai,1,2,30.14,31.56,66.0,20.03,39,95,134
2024-03-17 09:00:00,chennai,1,1,30.38,32.72,59.01,13.25,43,97,140
2024-03-17 10:00:00,chennai,1,2,30.27,32.1,71.09,38.2,34,65,99
2024-03-17 11:00:00,chennai,1,1,32.26,34.26,66.15,16.68,25,48,73
2024-03-17 12:00:00,chennai,1,2,31.09,33.09,67.85,19.52,26,68,94
2024-03-17 13:00:00,chennai,1,1,32.99,35.38,60.15,10.52,39,78,117
2024-03-17 14:00:00,chennai,1,1,32.96,34.75,58.44,11.46,45,83,128
2024-03-17 15:00:00,chennai,1,2,32.61,34.47,62.37,10.73,41,68,109
2024-03-17 16:00:00,chennai,1,3,32.31,35.0,67.61,13.11,15,47,62
2024-03-17 17:00:00,chennai,1,2,29.57,30.41,63.77,16.33,46,94,140
2024-03-17 18:00:00,chennai,1,1,30.34,30.99,71.01,10.93,29,88,117
2024-03-17 19:00:00,chennai,1,1,30.15,30.46,64.38,10.7,24,50,74
2024-03-17 20:00:00,chennai,1,2,29.19,30.87,71.19,14.77,11,21,32
2024-03-17 21:00:00,chennai,1,1,26.73,26.38,74.24,11.31,7,12,19
2024-03-17 22:00:00,chennai,1,2,28.52,30.48,83.13,13.26,8,13,21
2024-03-17 23:00:00,chennai,1,1,25.13,26.52,80.11,10.26,7,16,23
2024-03-18 00:00:00,chennai,1,1,26.7,29.33,89.39,15.71,6,31,37
2024-03-18 01:00:00,chennai,1,1,25.65,26.48,74.92,13.9,6,27,33
2024-03-18 02:00:00,chennai,1,1,24.22,25.52,82.65,15.21,5,38,43
2024-03-18 03:00:00,chennai,1,1,27.27,29.89,82.56,11.61,11,48,59
2024-03-18 04:00:00,chennai,1,1,24.1,26.99,83.76,11.63,5,29,34
2024-03-18 05:00:00,chennai,1,1,27.27,28.09,75.0,18.08,4,23,27
2024-03-18 06:00:00,chennai,1,1,28.2,29.88,85.42,16.34,11,57,68
2024-03-18 07:00:00,chennai,1,2,27.16,28.95,74.65,14.33,8,111,119
2024-03-18 08:00:00,chennai,1,1,30.67,32.54,66.56,14.95,41,221,262
2024-03-18 09:00:00,chennai,1,1,29.74,30.97,69.33,10.49,25,208,233
2024-03-18 10:00:00,chennai,1,1,31.35,34.13,65.43,19.7,18,104,122
2024-03-18 11:00:00,chennai,1,1,32.14,31.75,78.85,17.35,7,48,55
2024-03-18 12:00:00,chennai,1,1,32.3,33.38,68.59,14.46,6,33,39
2024-03-18 13:00:00,chennai,1,3,33.84,35.78,62.59,22.54,3,12,15
2024-03-18 14:00:00,chennai,1,1,33.95,35.91,61.44,10.92,6,34,40
2024-03-18 15:00:00,chennai,1,2,30.77,33.62,67.1,15.8,9,38,47
2024-03-18 16:00:00,chennai,1,1,34.03,36.73,68.33,26.48,14,131,145
2024-03-18 17:00:00,chennai,1,1,29.83,31.05,50.37,11.86,52,184,236
2024-03-18 18:00:00,chennai,1,1,32.24,35.04,70.21,10.08,23,210,233
2024-03-18 19:00:00,chennai,1,1,31.39,32.17,69.55,16.64,10,107,117
2024-03-18 20:00:00,chennai,1,1,27.69,30.12,65.44,10.04,8,48,56
2024-03-18 21:00:00,chennai,1,1,27.47,30.78,78.99,20.3,3,20,23
2024-03-18 22:00:00,chennai,1,1,25.67,28.39,88.23,10.29,3,33,36
2024-03-18 23:00:00,chennai,1,2,25.91,27.52,81.86,15.29,2,18,20
2024-03-19 00:00:00,chennai,1,2,25.17,26.33,86.16,12.37,1,24,25
2024-03-19 01:00:00,chennai,1,1,26.07,26.04,90.68,11.14,3,30,33
2024-03-19 02:00:00,chennai,1,1,26.57,28.38,77.85,21.43,4,30,34
2024-03-19 03:00:00,chennai,1,2,26.81,27.2,72.37,16.86,10,33,43
2024-03-19 04:00:00,chennai,1,2,24.86,25.57,83.94,12.08,8,33,41
2024-03-19 05:00:00,chennai,1,2,25.92,26.23,77.83,11.67,9,48,57
2024-03-19 06:00:00,chennai,1,1,24.98,26.02,70.13,16.66,17,48,65
2024-03-19 07:00:00,chennai,1,2,27.0,28.47,74.2,19.06,6,97,103
2024-03-19 08:00:00,chennai,1,2,30.16,31.93,75.64,16.29,34,200,234
2024-03-19 09:00:00,chennai,1,1,31.97,32.87,68.67,15.11,62,185,247
2024-03-19 10:00:00,chennai,1,2,29.52,32.09,63.07,11.29,13,93,106
2024-03-19 11:00:00,chennai,1,2,31.12,32.41,63.81,19.58,5,42,47
2024-03-19 12:00:00,chennai,1,1,32.43,33.14,63.24,16.92,6,26,32
2024-03-19 13:00:00,chennai,1,2,33.2,34.93,52.69,13.64,4,30,34
2024-03-19 14:00:00,chennai,1,2,32.03,35.49,61.29,13.58,5,19,24
2024-03-19 15:00:00,chennai,1,2,33.37,35.21,55.62,14.21,9,36,45
2024-03-19 16:00:00,chennai,1,2,31.9,33.03,66.63,18.81,20,119,139
2024-03-19 17:00:00,chennai,1,1,31.81,31.78,57.12,16.78,52,207,259
2024-03-19 18:00:00,chennai,1,1,31.66,32.94,72.06,19.7,31,195,226
2024-03-19 19:00:00,chennai,1,1,30.04,31.78,67.37,13.54,19,100,119
2024-03-19 20:00:00,chennai,1,2,28.48,29.59,69.29,14.9,9,39,48
2024-03-19 21:00:00,chennai,1,1,27.83,27.67,76.06,19.64,3,18,21
2024-03-19 22:00:00,chennai,1,1,26.89,27.54,72.67,11.32,8,27,35
2024-03-19 23:00:00,chennai,1,1,25.73,28.68,80.46,12.94,6,33,39
2024-03-20 00:00:00,chennai,1,1,25.23,28.16,77.0,14.85,5,28,33
2024-03-20 01:00:00,chennai,1,1,27.05,27.67,78.88,22.33,3,30,33
2024-03-20 02:00:00,chennai,1,2,25.67,27.85,84.03,10.08,4,34,38
2024-03-20 03:00:00,chennai,1,1,24.78,25.1,75.97,11.19,7,40,47
2024-03-20 04:00:00,chennai,1,2,26.37,29.28,74.34,11.34,8,31,39
2024-03-20 05:00:00,chennai,1,1,25.77,27.52,80.31,11.98,10,35,45
2024-03-20 06:00:00,chennai,1,1,28.41,30.86,76.87,11.65,6,58,64
2024-03-20 07:00:00,chennai,1,1,28.41,28.19,75.43,14.46,14,115,129
2024-03-20 08:00:00,chennai,1,2,28.87,31.05,73.64,20.84,21,211,232
2024-03-20 09:00:00,chennai,1,1,30.57,32.06,69.7,15.07,42,200,242
2024-03-20 10:00:00,chennai,1,1,29.11,31.47,70.04,11.38,29,103,132
2024-03-20 11:00:00,chennai,1,1,30.48,32.89,65.42,19.97,7,44,51
2024-03-20 12:00:00,chennai,1,2,31.03,32.6,53.3,15.0,6,32,38
2024-03-20 13:00:00,chennai,1,1,33.04,33.93,53.6,11.24,5,25,30
2024-03-20 14:00:00,chennai,1,2,35.08,37.36,71.64,12.24,5,33,38
2024-03-20 15:00:00,chennai,1,1,35.54,36.98,62.34,17.8,4,39,43
2024-03-20 16:00:00,chennai,1,1,33.23,33.86,68.09,16.71,30,120,150
2024-03-20 17:00:00,chennai,1,1,32.43,33.01,63.2,14.3,40,213,253
2024-03-20 18:00:00,chennai,1,1,28.84,28.86,66.71,10.78,28,202,230
2024-03-20 19:00:00,chennai,1,1,29.38,30.37,67.14,18.13,40,93,133
2024-03-20 20:00:00,chennai,1,3,28.05,30.66,84.33,11.84,5,26,31
2024-03-20 21:00:00,chennai,1,1,27.22,28.9,75.85,17.38,2,23,25
2024-03-20 22:00:00,chennai,1,2,26.8,27.77,74.33,15.21,4,18,22
2024-03-20 23:00:00,chennai,1,2,25.61,27.91,70.81,11.53,2,31,33
2024-03-21 00:00:00,chennai,1,1,23.16,23.83,90.53,11.19,6,27,33
2024-03-21 01:00:00,chennai,1,1,26.03,27.63,80.84,10.7,7,32,39
2024-03-21 02:00:00,chennai,1,1,23.71,25.03,85.72,11.39,9,30,39
2024-03-21 03:00:00,chennai,1,3,25.42,27.7,85.94,10.86,2,20,22
2024-03-21 04:00:00,chennai,1,1,28.02,27.95,78.35,14.8,8,52,60
2024-03-21 05:00:00,chennai,1,1,25.07,25.72,82.43,14.57,7,41,48
2024-03-21 06:00:00,chennai,1,1,23.96,23.83,73.98,14.41,13,54,67
2024-03-21 07:00:00,chennai,1,3,27.62,28.86,69.64,15.13,15,70,85
2024-03-21 08:00:00,chennai,1,1,30.32,33.03,77.82,18.43,43,202,245
2024-03-21 09:00:00,chennai,1,2,32.39,33.38,68.62,22.24,40,150,190
2024-03-21 10:00:00,chennai,1,2,29.52,30.51,69.59,11.31,17,102,119
2024-03-21 11:00:00,chennai,1,2,32.42,34.8,66.98,14.43,14,47,61
2024-03-21 12:00:00,chennai,1,3,31.91,34.47,66.53,10.41,2,13,15
2024-03-21 13:00:00,chennai,1,2,32.74,34.15,54.56,10.64,6,26,32
2024-03-21 14:00:00,chennai,1,1,36.17,38.36,59.07,15.31,3,20,23
2024-03-21 15:00:00,chennai,1,2,31.06,31.48,60.72,13.33,10,44,54
2024-03-21 16:00:00,chennai,1,2,32.77,35.65,59.18,17.1,23,90,113
2024-03-21 17:00:00,chennai,1,1,32.39,36.04,67.07,12.77,28,263,291
2024-03-21 18:00:00,chennai,1,1,32.3,34.32,72.93,10.68,51,209,260
2024-03-21 19:00:00,chennai,1,1,30.15,29.57,76.14,20.28,21,109,130
2024-03-21 20:00:00,chennai,1,1,29.37,30.31,70.3,10.43,15,46,61
2024-03-21 21:00:00,chennai,1,1,27.49,29.61,76.05,11.05,3,20,23
2024-03-21 22:00:00,chennai,1,2,27.32,28.4,79.23,11.62,4,18,22
2024-03-21 23:00:00,chennai,1,1,25.76,28.53,82.18,36.78,2,15,17
2024-03-22 00:00:00,chennai,1,1,26.28,28.37,76.27,12.7,7,29,36
2024-03-22 01:00:00,chennai,1,1,24.69,25.49,90.76,13.48,1,21,22
2024-03-22 02:00:00,chennai,1,1,25.45,26.98,86.63,17.34,3,32,35
2024-03-22 03:00:00,chennai,1,2,25.1,25.71,86.42,15.06,8,35,43
2024-03-22 04:00:00,chennai,1,1,26.89,28.2,86.68,19.21,7,38,45
2024-03-22 05:00:00,chennai,1,1,26.11,27.06,81.74,13.33,3,54,57
2024-03-22 06:00:00,chennai,1,2,24.87,27.55,71.86,27.91,7,51,58
2024-03-22 07:00:00,chennai,1,1,29.48,33.1,73.89,17.97,17,110,127
2024-03-22 08:00:00,chennai,1,1,27.91,27.98,63.74,12.57,28,191,219
2024-03-22 09:00:00,chennai,1,2,29.25,28.83,71.49,12.4,43,175,218
2024-03-22 10:00:00,chennai,1,1,30.29,31.54,66.15,23.26,26,96,122
2024-03-22 11:00:00,chennai,1,2,33.48,33.46,64.73,15.77,2,45,47
2024-03-22 12:00:00,chennai,1,1,29.9,31.45,69.36,14.86,4,27,31
2024-03-22 13:00:00,chennai,1,1,36.63,38.88,60.06,17.09,4,23,27
2024-03-22 14:00:00,chennai,1,2,34.27,37.26,60.74,14.11,2,20,22
2024-03-22 15:00:00,chennai,1,1,33.13,34.83,62.45,10.87,10,38,48
2024-03-22 16:00:00,chennai,1,1,32.4,33.71,54.14,11.92,23,113,136
2024-03-22 17:00:00,chennai,1,1,32.17,31.69,63.6,14.08,53,221,274
2024-03-22 18:00:00,chennai,1,1,31.63,33.15,54.57,10.09,35,242,277
2024-03-22 19:00:00,chennai,1,1,30.81,32.38,66.48,12.88,18,141,159
2024-03-22 20:00:00,chennai,1,1,29.67,31.81,76.28,17.05,6,41,47
2024-03-22 21:00:00,chennai,1,1,28.07,28.86,76.82,10.9,3,20,23
2024-03-22 22:00:00,chennai,1,1,26.76,27.83,74.03,10.33,4,28,32
2024-03-22 23:00:00,chennai,1,2,25.99,26.01,79.28,19.04,6,24,30
2024-03-23 00:00:00,chennai,1,1,25.3,24.51,75.29,14.8,13,13,26
2024-03-23 01:00:00,chennai,1,3,26.5,26.89,81.65,10.97,9,16,25
2024-03-23 02:00:00,chennai,1,1,25.71,25.64,96.65,18.21,11,31,42
2024-03-23 03:00:00,chennai,1,2,21.61,23.44,90.89,15.37,13,24,37
2024-03-23 04:00:00,chennai,1,1,26.32,27.3,80.92,12.03,15,38,53
2024-03-23 05:00:00,chennai,1,1,26.41,27.37,79.87,12.36,16,33,49
2024-03-23 06:00:00,chennai,1,1,26.98,27.49,72.1,10.85,21,39,60
2024-03-23 07:00:00,chennai,1,1,27.5,25.77,70.58,19.02,32,62,94
2024-03-23 08:00:00,chennai,1,1,30.35,33.36,73.81,13.56,38,90,128
2024-03-23 09:00:00,chennai,1,1,31.17,31.67,66.79,14.07,51,85,136
2024-03-23 10:00:00,chennai,1,1,30.07,31.16,71.52,20.75,31,94,125
2024-03-23 11:00:00,chennai,1,2,32.32,32.36,72.78,10.08,30,50,80
2024-03-23 12:00:00,chennai,1,2,31.3,33.77,65.0,10.35,25,56,81
2024-03-23 13:00:00,chennai,1,1,31.21,32.85,62.85,10.88,45,79,124
2024-03-23 14:00:00,chennai,1,1,32.25,32.92,53.6,10.15,40,101,141
2024-03-23 15:00:00,chennai,1,1,33.9,35.01,66.08,15.37,41,73,114
2024-03-23 16:00:00,chennai,1,1,33.61,36.79,57.62,15.02,59,81,140
2024-03-23 17:00:00,chennai,1,1,32.44,33.87,62.84,11.18,48,101,149
2024-03-23 18:00:00,chennai,1,2,31.87,33.19,71.8,10.81,40,85,125
2024-03-23 19:00:00,chennai,1,1,30.65,31.21,74.56,10.79,30,52,82
2024-03-23 20:00:00,chennai,1,2,28.23,27.84,69.67,25.31,11,19,30
2024-03-23 21:00:00,chennai,1,1,28.48,29.82,72.54,15.91,4,11,15
2024-03-23 22:00:00,chennai,1,2,27.96,29.79,73.5,14.4,14,20,34
2024-03-23 23:00:00,chennai,1,3,27.08,29.68,73.08,11.95,4,7,11
2024-03-24 00:00:00,chennai,1,1,26.96,26.21,77.49,12.84,12,17,29
2024-03-24 01:00:00,chennai,1,3,25.99,26.36,73.59,10.47,11,19,30
2024-03-24 02:00:00,chennai,1,1,25.42,26.34,85.42,41.47,18,22,40
2024-03-24 03:00:00,chennai,1,1,26.42,27.92,83.63,17.03,11,31,42
2024-03-24 04:00:00,chennai,1,1,25.5,26.86,83.46,14.86,18,25,43
2024-03-24 05:00:00,chennai,1,4,25.11,26.49,74.3,14.43,3,6,9
2024-03-24 06:00:00,chennai,1,1,26.8,28.71,71.02,13.51,19,41,60
2024-03-24 07:00:00,chennai,1,1,27.07,27.67,74.86,11.49,30,65,95
2024-03-24 08:00:00,chennai,1,1,28.19,30.62,72.32,11.28,50,84,134
2024-03-24 09:00:00,chennai,1,1,29.86,31.8,68.68,13.99,52,82,134
2024-03-24 10:00:00,chennai,1,2,30.05,31.23,65.55,10.36,35,72,107
2024-03-24 11:00:00,chennai,1,2,31.46,34.56,73.48,10.39,24,42,66
2024-03-24 12:00:00,chennai,1,1,30.19,33.25,65.47,14.11,50,53,103
2024-03-24 13:00:00,chennai,1,2,33.12,35.55,72.19,22.62,35,77,112
2024-03-24 14:00:00,chennai,1,1,33.0,31.48,68.34,22.28,46,93,139
2024-03-24 15:00:00,chennai,1,1,31.88,34.96,70.86,10.05,51,71,122
2024-03-24 16:00:00,chennai,1,1,33.26,35.55,57.97,10.57,37,101,138
2024-03-24 17:00:00,chennai,1,2,32.95,36.46,67.89,14.37,49,87,136
2024-03-24 18:00:00,chennai,1,2,29.07,31.81,64.84,19.44,27,90,117
2024-03-24 19:00:00,chennai,1,2,29.12,32.2,61.09,25.44,23,59,82
2024-03-24 20:00:00,chennai,1,1,28.08,30.46,79.48,19.85,9,21,30
2024-03-24 21:00:00,chennai,1,1,26.84,29.69,73.12,15.66,6,15,21
2024-03-24 22:00:00,chennai,1,1,28.0,31.49,71.72,11.12,11,26,37
2024-03-24 23:00:00,chennai,1,2,25.94,27.66,77.0,10.38,11,19,30
2024-03-25 00:00:00,chennai,1,2,25.22,25.15,76.68,10.24,7,27,34
2024-03-25 01:00:00,chennai,1,1,22.73,23.92,78.19,14.73,10,30,40
2024-03-25 02:00:00,chennai,1,1,25.76,27.65,80.89,10.18,5,42,47
2024-03-25 03:00:00,chennai,1,1,23.65,25.22,90.31,16.72,11,47,58
2024-03-25 04:00:00,chennai,1,1,25.61,25.86,77.33,16.23,9,35,44
2024-03-25 05:00:00,chennai,1,1,26.5,26.37,87.37,10.41,9,47,56
2024-03-25 06:00:00,chennai,1,2,28.63,29.39,81.24,21.86,11,47,58
2024-03-25 07:00:00,chennai,1,2,26.39,28.7,76.57,13.69,25,118,143
2024-03-25 08:00:00,chennai,1,2,25.38,28.46,75.74,21.74,37,176,213
2024-03-25 09:00:00,chennai,1,1,30.26,32.67,69.48,21.59,29,226,255
2024-03-25 10:00:00,chennai,1,1,33.16,35.72,73.43,11.1,6,122,128
2024-03-25 11:00:00,chennai,1,1,33.32,34.73,67.76,12.39,7,47,54
2024-03-25 12:00:00,chennai,1,1,32.72,32.47,55.02,10.72,5,37,42
2024-03-25 13:00:00,chennai,1,2,32.27,33.32,63.82,17.46,5,32,37
2024-03-25 14:00:00,chennai,1,2,33.97,35.21,65.92,13.51,7,27,34
2024-03-25 15:00:00,chennai,1,2,31.7,32.7,60.9,23.21,14,47,61
2024-03-25 16:00:00,chennai,1,1,33.04,34.59,63.97,11.17,22,117,139
2024-03-25 17:00:00,chennai,1,1,32.43,34.38,61.86,15.83,22,220,242
2024-03-25 18:00:00,chennai,1,2,32.27,34.63,60.11,32.66,29,193,222
2024-03-25 19:00:00,chennai,1,2,33.35,34.57,61.66,15.47,15,117,132
2024-03-25 20:00:00,chennai,1,1,29.47,29.07,64.31,10.36,9,48,57
2024-03-25 21:00:00,chennai,1,1,27.35,28.37,77.93,14.44,4,29,33
2024-03-25 22:00:00,chennai,1,1,26.97,28.51,64.55,10.99,5,19,24
2024-03-25 23:00:00,chennai,1,1,24.05,26.77,75.74,10.15,2,19,21
2024-03-26 00:00:00,chennai,1,1,24.7,25.63,76.83,12.04,8,23,31
2024-03-26 01:00:00,chennai,1,1,24.65,26.66,80.25,11.55,3,42,45
2024-03-26 02:00:00,chennai,1,1,24.37,26.16,72.72,17.77,6,32,38
2024-03-26 03:00:00,chennai,1,1,25.32,26.86,83.68,12.34,3,46,49
2024-03-26 04:00:00,chennai,1,2,24.55,26.98,74.29,16.6,7,29,36
2024-03-26 05:00:00,chennai,1,1,27.52,28.36,84.73,10.08,6,35,41
2024-03-26 06:00:00,chennai,1,1,27.0,27.93,73.89,10.07,11,58,69
2024-03-26 07:00:00,chennai,1,1,27.95,29.44,74.11,10.15,15,131,146
2024-03-26 08:00:00,chennai,1,1,28.61,29.47,72.02,11.24,48,186,234
2024-03-26 09:00:00,chennai,1,1,30.22,32.23,70.63,12.34,40,181,221
2024-03-26 10:00:00,chennai,1,1,31.99,32.78,67.19,14.68,15,106,121
2024-03-26 11:00:00,chennai,1,1,30.79,32.51,62.79,31.31,6,33,39
2024-03-26 12:00:00,chennai,1,1,31.67,33.07,65.05,12.19,3,27,30
2024-03-26 13:00:00,chennai,1,1,32.5,34.21,64.67,10.29,3,22,25
2024-03-26 14:00:00,chennai,1,1,31.38,32.43,58.17,11.08,2,17,19
2024-03-26 15:00:00,chennai,1,3,31.88,33.04,64.47,21.41,5,35,40
2024-03-26 16:00:00,chennai,1,1,31.89,33.49,69.3,16.01,23,128,151
2024-03-26 17:00:00,chennai,1,1,32.88,34.58,68.46,17.81,39,225,264
2024-03-26 18:00:00,chennai,1,2,31.32,32.81,71.66,10.66,23,195,218
2024-03-26 19:00:00,chennai,1,1,30.27,33.47,70.27,10.73,22,96,118
2024-03-26 20:00:00,chennai,1,1,30.02,30.53,67.32,10.6,10,37,47
2024-03-26 21:00:00,chennai,1,1,27.8,29.24,70.54,19.73,5,19,24
2024-03-26 22:00:00,chennai,1,2,27.47,27.39,78.6,11.18,4,15,19
2024-03-26 23:00:00,chennai,1,3,26.05,27.92,83.78,15.15,1,16,17
2024-03-27 00:00:00,chennai,1,1,25.85,26.24,94.59,13.63,4,34,38
2024-03-27 01:00:00,chennai,1,1,24.44,25.66,86.57,13.93,3,34,37
2024-03-27 02:00:00,chennai,1,1,22.07,23.2,76.15,11.09,2,33,35
2024-03-27 03:00:00,chennai,1,3,24.98,26.76,77.82,15.04,4,17,21
2024-03-27 04:00:00,chennai,1,2,27.24,28.19,92.05,10.22,10,32,42
2024-03-27 05:00:00,chennai,1,1,27.28,28.19,78.0,35.16,8,47,55
2024-03-27 06:00:00,chennai,1,1,28.16,31.09,77.24,10.14,13,64,77
2024-03-27 07:00:00,chennai,1,2,29.45,31.23,69.79,10.26,17,112,129
2024-03-27 08:00:00,chennai,1,1,29.11,30.05,79.83,11.96,54,207,261
2024-03-27 09:00:00,chennai,1,1,30.27,31.52,71.91,18.91,37,190,227
2024-03-27 10:00:00,chennai,1,1,30.26,33.4,63.13,11.49,15,103,118
2024-03-27 11:00:00,chennai,1,1,31.45,32.71,59.96,13.19,12,54,66
2024-03-27 12:00:00,chennai,1,2,33.2,34.01,64.88,10.09,5,29,34
2024-03-27 13:00:00,chennai,1,1,34.31,35.12,62.56,10.41,4,20,24
2024-03-27 14:00:00,chennai,1,1,32.83,33.78,66.16,14.68,6,28,34
2024-03-27 15:00:00,chennai,1,1,32.32,33.23,65.08,11.08,19,37,56
2024-03-27 16:00:00,chennai,1,1,32.46,32.69,62.02,15.93,35,112,147
2024-03-27 17:00:00,chennai,1,1,32.55,32.93,62.21,17.69,36,192,228
2024-03-27 18:00:00,chennai,1,1,29.27,29.94,66.2,19.5,28,240,268
2024-03-27 19:00:00,chennai,1,1,27.28,29.37,66.66,10.72,7,130,137
2024-03-27 20:00:00,chennai,1,1,28.34,29.46,71.35,13.04,11,39,50
2024-03-27 21:00:00,chennai,1,1,26.5,27.79,74.67,24.7,4,15,19
2024-03-27 22:00:00,chennai,1,1,26.39,29.16,72.51,17.39,3,23,26
2024-03-27 23:00:00,chennai,1,1,25.99,28.79,82.22,10.62,5,26,31
2024-03-28 00:00:00,chennai,1,1,24.99,26.21,78.81,13.49,4,22,26
2024-03-28 01:00:00,chennai,1,1,26.88,27.75,77.45,22.78,7,30,37
2024-03-28 02:00:00,chennai,1,1,25.39,26.03,80.24,12.9,10,32,42
2024-03-28 03:00:00,chennai,1,1,25.5,27.69,82.87,19.08,4,49,53
2024-03-28 04:00:00,chennai,1,2,26.28,27.58,81.08,13.42,7,30,37
2024-03-28 05:00:00,chennai,1,3,24.8,25.92,81.18,10.56,5,27,32
2024-03-28 06:00:00,chennai,1,3,28.25,28.93,81.49,10.8,5,36,41
2024-03-28 07:00:00,chennai,1,1,27.87,28.6,81.11,10.24,25,104,129
2024-03-28 08:00:00,chennai,1,1,29.8,31.62,73.43,11.09,34,200,234
2024-03-28 09:00:00,chennai,1,1,28.75,28.93,64.06,21.2,39,226,265
2024-03-28 10:00:00,chennai,1,2,29.14,31.63,65.65,15.25,20,99,119
2024-03-28 11:00:00,chennai,1,1,32.81,33.78,59.91,16.71,6,42,48
2024-03-28 12:00:00,chennai,1,2,32.92,34.27,71.82,14.86,7,33,40
2024-03-28 13:00:00,chennai,1,2,31.78,31.94,72.28,12.44,4,28,32
2024-03-28 14:00:00,chennai,1,2,31.96,33.44,65.25,11.22,8,24,32
2024-03-28 15:00:00,chennai,1,1,34.21,35.39,66.63,22.99,9,44,53
2024-03-28 16:00:00,chennai,1,2,31.04,32.49,64.59,13.62,16,118,134
2024-03-28 17:00:00,chennai,1,1,33.8,36.77,66.76,13.28,47,236,283
2024-03-28 18:00:00,chennai,1,1,29.92,31.6,59.01,37.74,54,216,270
2024-03-28 19:00:00,chennai,1,1,30.8,31.51,69.04,12.42,11,145,156
2024-03-28 20:00:00,chennai,1,3,28.61,29.39,67.59,19.63,4,16,20
2024-03-28 21:00:00,chennai,1,2,28.69,30.78,75.99,19.91,4,17,21
2024-03-28 22:00:00,chennai,1,1,26.35,29.15,76.7,11.32,2,14,16
2024-03-28 23:00:00,chennai,1,1,25.98,27.76,88.81,10.5,5,36,41
2024-03-29 00:00:00,chennai,1,1,25.59,27.77,85.24,28.57,4,22,26
2024-03-29 01:00:00,chennai,1,1,23.93,26.04,83.08,12.77,4,36,40
2024-03-29 02:00:00,chennai,1,1,25.89,28.81,80.67,10.01,2,45,47
2024-03-29 03:00:00,chennai,1,1,24.52,24.07,90.04,13.46,6,47,53
2024-03-29 04:00:00,chennai,1,4,25.26,27.43,80.51,14.83,1,4,5
2024-03-29 05:00:00,chennai,1,2,24.98,27.46,80.73,17.48,11,50,61
2024-03-29 06:00:00,chennai,1,1,23.93,24.09,77.21,24.32,10,60,70
2024-03-29 07:00:00,chennai,1,1,27.74,28.35,72.57,22.34,13,131,144
2024-03-29 08:00:00,chennai,1,1,31.9,32.54,72.18,24.08,29,216,245
2024-03-29 09:00:00,chennai,1,2,30.98,31.75,59.6,10.16,35,195,230
2024-03-29 10:00:00,chennai,1,2,30.98,32.0,59.26,16.22,22,100,122
2024-03-29 11:00:00,chennai,1,2,31.51,33.26,66.68,11.28,10,45,55
2024-03-29 12:00:00,chennai,1,1,32.49,34.86,71.18,11.04,3,31,34
2024-03-29 13:00:00,chennai,1,1,33.52,36.1,64.08,18.06,3,19,22
2024-03-29 14:00:00,chennai,1,1,31.58,32.25,58.4,12.7,5,22,27
2024-03-29 15:00:00,chennai,1,1,34.2,34.86,55.13,22.42,6,47,53
2024-03-29 16:00:00,chennai,1,1,33.32,36.14,67.26,10.22,32,102,134
2024-03-29 17:00:00,chennai,1,1,32.69,34.84,62.09,18.1,34,235,269
2024-03-29 18:00:00,chennai,1,2,31.53,33.11,70.22,10.74,48,190,238
2024-03-29 19:00:00,chennai,1,2,30.06,32.03,71.36,10.97,25,110,135
2024-03-29 20:00:00,chennai,1,1,29.81,31.28,74.39,13.24,6,45,51
2024-03-29 21:00:00,chennai,1,1,28.67,30.7,74.76,12.52,4,22,26
2024-03-29 22:00:00,chennai,1,1,26.58,27.74,78.92,13.33,6,21,27
2024-03-29 23:00:00,chennai,1,1,25.48,27.25,78.47,24.07,3,25,28
2024-03-30 00:00:00,chennai,1,2,25.66,25.65,77.48,15.36,10,19,29
2024-03-30 01:00:00,chennai,1,1,27.0,27.81,76.84,11.71,8,21,29
2024-03-30 02:00:00,chennai,1,1,23.51,24.34,70.07,10.95,14,23,37
2024-03-30 03:00:00,chennai,1,1,23.38,24.5,80.75,12.72,17,34,51
2024-03-30 04:00:00,chennai,1,1,25.73,26.31,88.26,13.0,16,26,42
2024-03-30 05:00:00,chennai,1,1,26.23,27.2,82.72,14.6,13,28,41
2024-03-30 06:00:00,chennai,1,1,27.21,27.19,78.14,11.55,23,39,62
2024-03-30 07:00:00,chennai,1,1,28.26,30.31,70.92,17.29,29,57,86
2024-03-30 08:00:00,chennai,1,1,28.73,30.15,76.99,10.52,23,84,107
2024-03-30 09:00:00,chennai,1,1,31.82,31.62,68.82,14.11,45,82,127
2024-03-30 10:00:00,chennai,1,1,29.08,29.74,74.87,14.88,37,53,90
2024-03-30 11:00:00,chennai,1,2,30.83,32.67,60.02,11.16,21,51,72
2024-03-30 12:00:00,chennai,1,1,32.34,33.3,59.59,18.74,28,60,88
2024-03-30 13:00:00,chennai,1,1,30.89,31.69,58.1,14.78,53,74,127
2024-03-30 14:00:00,chennai,1,1,32.79,34.21,54.59,15.19,42,70,112
2024-03-30 15:00:00,chennai,1,1,34.86,36.7,57.66,13.44,46,91,137
2024-03-30 16:00:00,chennai,1,1,32.49,32.55,63.86,22.02,51,89,140
2024-03-30 17:00:00,chennai,1,1,32.11,34.16,61.37,15.92,53,113,166
2024-03-30 18:00:00,chennai,1,2,29.49,30.19,47.72,12.41,62,69,131
2024-03-30 19:00:00,chennai,1,2,29.3,30.78,74.78,11.36,30,47,77
2024-03-30 20:00:00,chennai,1,1,28.55,30.01,63.58,10.37,18,24,42
2024-03-30 21:00:00,chennai,1,1,27.58,28.56,77.53,10.9,7,13,20
2024-03-30 22:00:00,chennai,1,1,28.54,29.01,77.16,34.59,5,13,18
2024-03-30 23:00:00,chennai,1,1,26.84,28.06,89.66,12.61,10,16,26
2024-03-31 00:00:00,chennai,1,2,24.2,27.33,85.65,21.45,14,21,35
2024-03-31 01:00:00,chennai,1,1,25.43,25.57,79.14,10.94,17,25,42
2024-03-31 02:00:00,chennai,1,1,25.6,28.79,78.49,12.77,10,29,39
2024-03-31 03:00:00,chennai,1,1,26.5,27.74,89.17,26.16,14,25,39
2024-03-31 04:00:00,chennai,1,2,27.43,28.97,73.28,10.48,11,29,40
2024-03-31 05:00:00,chennai,1,1,24.95,25.37,80.03,14.51,15,33,48
2024-03-31 06:00:00,chennai,1,2,26.03,26.76,76.34,22.58,16,26,42
2024-03-31 07:00:00,chennai,1,1,26.46,27.45,72.87,24.95,40,55,95
2024-03-31 08:00:00,chennai,1,1,28.72,29.17,73.77,19.35,47,84,131
2024-03-31 09:00:00,chennai,1,1,30.59,31.89,70.36,19.69,44,108,152
2024-03-31 10:00:00,chennai,1,2,32.18,33.28,69.29,15.28,32,51,83
2024-03-31 11:00:00,chennai,1,2,31.74,35.09,65.62,11.25,20,44,64
2024-03-31 12:00:00,chennai,1,1,32.08,32.41,65.43,16.56,34,67,101
2024-03-31 13:00:00,chennai,1,1,33.05,34.65,62.81,29.17,47,86,133
2024-03-31 14:00:00,chennai,1,1,32.0,33.75,58.7,13.73,35,77,112
2024-03-31 15:00:00,chennai,1,1,35.37,35.8,62.36,11.51,42,67,109
2024-03-31 16:00:00,chennai,1,1,30.53,32.72,59.77,14.26,55,87,142
2024-03-31 17:00:00,chennai,1,3,32.05,33.15,61.03,15.87,36,54,90
2024-03-31 18:00:00,chennai,1,3,33.43,32.44,65.32,11.17,31,42,73
2024-03-31 19:00:00,chennai,1,1,30.04,32.2,68.81,16.35,34,65,99
2024-03-31 20:00:00,chennai,1,1,28.77,29.16,72.18,14.43,11,28,39
2024-03-31 21:00:00,chennai,1,1,27.54,27.99,79.17,14.74,8,20,28
2024-03-31 22:00:00,chennai,1,1,26.78,28.97,74.51,11.83,11,15,26
2024-03-31 23:00:00,chennai,1,1,27.82,28.97,80.06,10.84,16,22,38
2024-04-01 00:00:00,chennai,1,2,25.38,27.8,81.25,14.88,5,19,24
2024-04-01 01:00:00,chennai,1,2,29.48,32.19,78.62,14.41,5,37,42
2024-04-01 02:00:00,chennai,1,2,25.79,26.65,82.37,12.06,9,31,40
2024-04-01 03:00:00,chennai,1,1,27.32,29.61,86.67,11.75,7,45,52
2024-04-01 04:00:00,chennai,1,1,27.52,28.27,81.59,12.13,9,45,54
2024-04-01 05:00:00,chennai,1,1,29.38,33.11,80.2,13.37,10,42,52
2024-04-01 06:00:00,chennai,1,1,27.58,28.39,73.47,28.41,14,50,64
2024-04-01 07:00:00,chennai,1,1,31.02,33.55,84.43,17.21,25,115,140
2024-04-01 08:00:00,chennai,1,1,33.93,36.27,68.76,19.54,52,186,238
2024-04-01 09:00:00,chennai,1,1,30.9,32.72,61.07,13.52,33,183,216
2024-04-01 10:00:00,chennai,1,1,33.73,34.56,71.3,13.73,20,122,142
2024-04-01 11:00:00,chennai,1,1,33.53,34.88,64.35,11.14,8,54,62
2024-04-01 12:00:00,chennai,1,1,35.48,34.82,61.82,16.38,4,37,41
2024-04-01 13:00:00,chennai,1,1,35.39,37.11,59.61,12.74,2,28,30
2024-04-01 14:00:00,chennai,1,2,34.73,36.58,71.36,16.78,4,18,22
2024-04-01 15:00:00,chennai,1,1,35.95,37.58,64.11,12.63,7,43,50
2024-04-01 16:00:00,chennai,1,1,37.13,35.66,66.09,10.57,26,112,138
2024-04-01 17:00:00,chennai,1,2,34.1,34.33,65.74,10.95,45,206,251
2024-04-01 18:00:00,chennai,1,1,34.36,35.12,68.35,18.35,42,222,264
2024-04-01 19:00:00,chennai,1,2,30.98,32.78,76.4,11.5,28,112,140
2024-04-01 20:00:00,chennai,1,1,30.35,32.14,70.75,11.54,9,33,42
2024-04-01 21:00:00,chennai,1,1,31.03,32.36,67.3,23.25,3,26,29
2024-04-01 22:00:00,chennai,1,1,31.28,33.42,81.34,15.36,8,26,34
2024-04-01 23:00:00,chennai,1,1,29.1,29.57,81.55,10.61,6,25,31
2024-04-02 00:00:00,chennai,1,2,27.66,29.77,81.2,10.78,3,28,31
2024-04-02 01:00:00,chennai,1,1,27.64,29.61,84.01,11.59,4,28,32
2024-04-02 02:00:00,chennai,1,1,26.0,27.88,80.15,14.51,3,30,33
2024-04-02 03:00:00,chennai,1,1,28.36,29.68,81.76,16.99,9,38,47
2024-04-02 04:00:00,chennai,1,3,29.09,32.43,80.0,11.6,4,21,25
2024-04-02 05:00:00,chennai,1,1,28.13,30.12,76.11,20.23,1,25,26
2024-04-02 06:00:00,chennai,1,1,28.94,29.47,82.95,10.58,7,51,58
2024-04-02 07:00:00,chennai,1,1,30.78,32.53,67.53,11.16,18,117,135
2024-04-02 08:00:00,chennai,1,1,30.98,33.23,83.8,27.61,40,220,260
2024-04-02 09:00:00,chennai,1,1,32.46,33.37,73.8,10.72,17,216,233
2024-04-02 10:00:00,chennai,1,2,36.02,38.61,58.11,20.95,18,100,118
2024-04-02 11:00:00,chennai,1,1,34.03,35.91,63.81,16.09,16,54,70
2024-04-02 12:00:00,chennai,1,1,34.53,33.69,62.5,10.38,6,31,37
2024-04-02 13:00:00,chennai,1,1,34.59,36.39,64.3,13.31,5,21,26
2024-04-02 14:00:00,chennai,1,1,36.39,37.49,57.05,13.66,8,26,34
2024-04-02 15:00:00,chennai,1,1,35.15,37.18,62.5,23.45,8,44,52
2024-04-02 16:00:00,chennai,1,1,34.18,36.63,62.73,12.73,21,124,145
2024-04-02 17:00:00,chennai,1,1,35.91,37.61,61.24,12.96,45,225,270
2024-04-02 18:00:00,chennai,1,1,35.2,38.37,62.62,10.6,25,207,232
2024-04-02 19:00:00,chennai,1,1,31.81,33.14,74.01,15.1,15,113,128
2024-04-02 20:00:00,chennai,1,2,29.26,31.38,63.52,11.18,2,40,42
2024-04-02 21:00:00,chennai,1,1,31.67,33.98,76.98,10.4,6,18,24
2024-04-02 22:00:00,chennai,1,1,28.68,30.08,80.99,38.91,5,20,25
2024-04-02 23:00:00,chennai,1,2,29.62,31.9,77.98,11.57,2,21,23
2024-04-03 00:00:00,chennai,1,1,25.67,26.58,80.92,10.76,7,26,33
2024-04-03 01:00:00,chennai,1,1,28.71,29.78,87.48,16.01,4,33,37
2024-04-03 02:00:00,chennai,1,1,26.05,26.23,78.48,18.62,6,34,40
2024-04-03 03:00:00,chennai,1,2,28.51,30.25,78.65,10.33,5,30,35
2024-04-03 04:00:00,chennai,1,1,28.05,29.88,78.18,10.56,5,35,40
2024-04-03 05:00:00,chennai,1,1,27.53,30.21,84.9,10.47,5,44,49
2024-04-03 06:00:00,chennai,1,1,29.01,31.3,83.46,10.24,17,66,83
2024-04-03 07:00:00,chennai,1,3,31.29,32.5,67.61,15.39,11,60,71
2024-04-03 08:00:00,chennai,1,2,31.63,31.95,77.03,14.44,51,166,217
2024-04-03 09:00:00,chennai,1,1,33.24,35.17,73.51,15.44,22,201,223
2024-04-03 10:00:00,chennai,1,1,35.87,38.48,74.77,13.52,15,100,115
2024-04-03 11:00:00,chennai,1,1,32.45,34.71,66.85,18.51,9,54,63
2024-04-03 12:00:00,chennai,1,2,36.9,39.49,63.12,13.96,6,24,30
2024-04-03 13:00:00,chennai,1,1,35.49,36.78,68.07,22.55,4,29,33
2024-04-03 14:00:00,chennai,1,1,34.42,35.45,65.49,13.32,4,20,24
2024-04-03 15:00:00,chennai,1,2,33.77,34.53,73.57,17.82,8,40,48
2024-04-03 16:00:00,chennai,1,1,34.74,36.18,68.13,12.62,30,105,135
2024-04-03 17:00:00,chennai,1,2,35.43,36.86,65.7,12.86,41,194,235
2024-04-03 18:00:00,chennai,1,1,33.35,35.05,61.13,19.45,17,266,283
2024-04-03 19:00:00,chennai,1,2,34.35,35.72,66.51,10.57,12,104,116
2024-04-03 20:00:00,chennai,1,1,29.76,31.12,64.82,14.16,6,49,55
2024-04-03 21:00:00,chennai,1,2,30.45,31.17,73.51,16.48,3,21,24
2024-04-03 22:00:00,chennai,1,2,28.0,30.44,81.63,16.94,4,15,19
2024-04-03 23:00:00,chennai,1,1,29.11,30.68,79.05,14.48,3,21,24
2024-04-04 00:00:00,chennai,1,2,29.1,30.43,85.77,12.97,4,23,27
2024-04-04 01:00:00,chennai,1,1,27.13,27.88,83.35,11.51,5,32,37
2024-04-04 02:00:00,chennai,1,1,24.37,24.54,79.98,22.01,8,36,44
2024-04-04 03:00:00,chennai,1,1,27.88,30.68,82.1,12.31,5,38,43
2024-04-04 04:00:00,chennai,1,3,28.56,30.61,83.02,18.02,3,20,23
2024-04-04 05:00:00,chennai,1,1,29.16,29.03,79.77,10.16,5,33,38
2024-04-04 06:00:00,chennai,1,1,30.98,33.25,77.75,11.32,10,61,71
2024-04-04 07:00:00,chennai,1,1,29.18,31.6,70.74,12.12,18,128,146
2024-04-04 08:00:00,chennai,1,1,32.32,33.94,69.84,15.57,20,222,242
2024-04-04 09:00:00,chennai,1,2,33.97,37.06,80.7,11.92,42,170,212
2024-04-04 10:00:00,chennai,1,2,31.37,33.08,73.14,10.21,17,98,115
2024-04-04 11:00:00,chennai,1,1,34.71,34.8,57.56,10.96,11,41,52
2024-04-04 12:00:00,chennai,1,2,34.36,36.22,51.5,11.5,6,29,35
2024-04-04 13:00:00,chennai,1,2,35.27,37.01,62.72,10.97,5,24,29
2024-04-04 14:00:00,chennai,1,1,35.92,36.81,66.47,11.14,6,23,29
2024-04-04 15:00:00,chennai,1,1,34.78,36.85,59.74,17.33,14,35,49
2024-04-04 16:00:00,chennai,1,1,34.15,33.99,68.45,12.66,29,106,135
2024-04-04 17:00:00,chennai,1,1,34.37,36.86,65.23,12.6,49,203,252
2024-04-04 18:00:00,chennai,1,1,32.2,32.82,66.18,27.0,44,226,270
2024-04-04 19:00:00,chennai,1,1,31.23,31.75,73.19,12.96,31,115,146
2024-04-04 20:00:00,chennai,1,1,32.32,33.7,69.34,23.13,5,37,42
2024-04-04 21:00:00,chennai,1,1,29.09,31.02,73.15,11.78,5,21,26
2024-04-04 22:00:00,chennai,1,1,30.3,31.96,80.35,12.56,4,13,17
2024-04-04 23:00:00,chennai,1,2,29.23,29.98,78.91,12.52,5,21,26
2024-04-05 00:00:00,chennai,1,1,25.96,26.96,90.2,13.95,4,23,27
2024-04-05 01:00:00,chennai,1,2,26.82,27.19,85.13,14.39,5,22,27
2024-04-05 02:00:00,chennai,1,1,28.93,30.21,85.14,11.43,7,43,50
2024-04-05 03:00:00,chennai,1,1,26.46,29.03,81.41,17.89,6,44,50
2024-04-05 04:00:00,chennai,1,2,27.48,28.97,85.03,13.43,9,33,42
2024-04-05 05:00:00,chennai,1,1,29.23,31.59,77.46,10.04,7,44,51
2024-04-05 06:00:00,chennai,1,1,30.44,33.4,78.41,14.47,10,71,81
2024-04-05 07:00:00,chennai,1,2,30.16,31.07,70.01,18.0,14,98,112
2024-04-05 08:00:00,chennai,1,1,30.78,32.1,77.2,11.44,28,218,246
2024-04-05 09:00:00,chennai,1,1,34.24,37.91,70.86,10.19,31,239,270
2024-04-05 10:00:00,chennai,1,1,35.59,38.53,76.91,18.23,6,86,92
2024-04-05 11:00:00,chennai,1,2,35.5,35.33,76.89,28.71,3,42,45
2024-04-05 12:00:00,chennai,1,1,35.07,36.95,67.16,10.4,5,34,39
2024-04-05 13:00:00,chennai,1,1,34.39,35.89,62.68,23.91,5,26,31
2024-04-05 14:00:00,chennai,1,2,34.5,36.83,57.27,12.23,1,18,19
2024-04-05 15:00:00,chennai,1,1,35.99,36.75,66.86,24.19,8,43,51
2024-04-05 16:00:00,chennai,1,2,35.47,36.13,64.39,15.23,31,115,146
2024-04-05 17:00:00,chennai,1,1,36.01,36.83,67.62,21.05,32,218,250
2024-04-05 18:00:00,chennai,1,1,34.28,35.21,75.65,17.7,25,228,253
2024-04-05 19:00:00,chennai,1,1,30.73,33.05,65.29,10.14,20,118,138
2024-04-05 20:00:00,chennai,1,1,32.76,33.08,67.38,10.34,11,49,60
2024-04-05 21:00:00,chennai,1,1,29.27,30.14,73.41,13.73,3,23,26
2024-04-05 22:00:00,chennai,1,1,29.04,28.75,81.11,10.69,3,10,13
2024-04-05 23:00:00,chennai,1,1,28.97,31.48,81.85,13.09,5,21,26
2024-04-06 00:00:00,chennai,1,1,30.43,33.2,76.18,25.46,17,23,40
2024-04-06 01:00:00,chennai,1,2,31.37,32.54,85.44,11.75,8,21,29
2024-04-06 02:00:00,chennai,1,1,28.23,29.43,75.99,13.36,9,24,33
2024-04-06 03:00:00,chennai,1,1,27.42,29.37,77.47,12.42,16,33,49
2024-04-06 04:00:00,chennai,1,1,28.68,31.65,80.08,14.97,16,39,55
2024-04-06 05:00:00,chennai,1,1,29.74,31.65,76.3,11.08,21,28,49
2024-04-06 06:00:00,chennai,1,2,29.12,29.92,81.45,11.51,20,36,56
2024-04-06 07:00:00,chennai,1,2,32.62,32.5,76.02,19.79,28,57,85
2024-04-06 08:00:00,chennai,1,2,31.78,32.16,80.83,18.34,55,74,129
2024-04-06 09:00:00,chennai,1,2,33.13,34.71,68.18,17.78,50,88,138
2024-04-06 10:00:00,chennai,1,2,34.3,35.14,66.39,17.37,28,54,82
2024-04-06 11:00:00,chennai,1,1,34.83,36.53,70.98,13.08,24,53,77
2024-04-06 12:00:00,chennai,1,1,35.97,36.92,62.89,16.53,32,54,86
2024-04-06 13:00:00,chennai,1,1,34.62,35.06,69.81,12.45,42,70,112
2024-04-06 14:00:00,chennai,1,1,34.83,35.15,64.7,10.53,45,73,118
2024-04-06 15:00:00,chennai,1,1,34.04,37.11,50.58,12.5,43,68,111
2024-04-06 16:00:00,chennai,1,1,35.49,37.88,69.23,10.86,60,81,141
2024-04-06 17:00:00,chennai,1,1,35.26,38.49,69.49,12.48,52,116,168
2024-04-06 18:00:00,chennai,1,1,34.05,36.09,71.76,11.77,75,87,162
2024-04-06 19:00:00,chennai,1,1,34.54,35.61,59.86,14.57,38,49,87
2024-04-06 20:00:00,chennai,1,3,31.49,34.32,68.69,12.24,6,8,14
2024-04-06 21:00:00,chennai,1,2,31.27,32.73,71.64,16.11,7,15,22
2024-04-06 22:00:00,chennai,1,1,28.19,29.91,72.79,13.59,8,19,27
2024-04-06 23:00:00,chennai,1,3,28.21,29.66,87.78,22.6,7,12,19
2024-04-07 00:00:00,chennai,1,1,28.87,27.42,80.6,10.48,13,24,37
2024-04-07 01:00:00,chennai,1,2,28.66,31.76,81.48,15.82,16,24,40
2024-04-07 02:00:00,chennai,1,2,27.15,29.14,84.76,15.58,9,17,26
2024-04-07 03:00:00,chennai,1,2,27.55,29.38,84.51,25.04,17,26,43
2024-04-07 04:00:00,chennai,1,1,26.21,27.65,63.99,12.32,16,31,47
2024-04-07 05:00:00,chennai,1,1,28.24,29.91,75.84,11.82,15,27,42
2024-04-07 06:00:00,chennai,1,2,30.57,31.47,69.94,10.95,17,28,45
2024-04-07 07:00:00,chennai,1,1,31.15,33.27,76.59,11.54,32,57,89
2024-04-07 08:00:00,chennai,1,1,32.1,32.29,70.56,13.48,49,107,156
2024-04-07 09:00:00,chennai,1,1,32.6,34.28,69.49,19.09,39,89,128
2024-04-07 10:00:00,chennai,1,2,33.51,35.57,56.61,11.67,42,61,103
2024-04-07 11:00:00,chennai,1,1,33.54,34.84,63.38,10.86,30,51,81
2024-04-07 12:00:00,chennai,1,2,35.8,37.67,68.92,11.59,44,61,105
2024-04-07 13:00:00,chennai,1,1,35.87,36.38,69.39,10.53,50,72,122
2024-04-07 14:00:00,chennai,1,2,36.09,36.62,65.59,23.07,36,72,108
2024-04-07 15:00:00,chennai,1,1,34.73,36.47,55.66,20.3,49,74,123
2024-04-07 16:00:00,chennai,1,1,32.38,34.56,69.64,11.84,41,71,112
2024-04-07 17:00:00,chennai,1,1,35.65,35.27,68.55,11.42,57,108,165
2024-04-07 18:00:00,chennai,1,1,32.93,34.95,66.41,21.79,65,70,135
2024-04-07 19:00:00,chennai,1,1,31.5,32.46,59.29,10.01,31,36,67
2024-04-07 20:00:00,chennai,1,2,32.33,33.64,76.77,14.59,13,20,33
2024-04-07 21:00:00,chennai,1,1,29.99,30.15,71.63,22.38,8,17,25
2024-04-07 22:00:00,chennai,1,1,30.77,31.42,78.73,13.55,9,18,27
2024-04-07 23:00:00,chennai,1,1,29.41,31.88,79.41,10.01,11,24,35
2024-04-08 00:00:00,chennai,1,2,28.86,30.39,88.35,11.24,7,32,39
2024-04-08 01:00:00,chennai,1,2,26.0,27.11,81.03,22.78,5,22,27
2024-04-08 02:00:00,chennai,1,1,28.95,30.34,81.92,10.09,4,26,30
2024-04-08 03:00:00,chennai,1,2,27.95,29.94,89.55,12.51,11,33,44
2024-04-08 04:00:00,chennai,1,1,27.59,29.53,77.37,17.8,6,44,50
2024-04-08 05:00:00,chennai,1,1,28.84,30.27,83.14,19.1,9,29,38
2024-04-08 06:00:00,chennai,1,1,27.37,29.96,76.01,13.25,16,60,76
2024-04-08 07:00:00,chennai,1,2,30.96,33.43,69.58,11.32,20,89,109
2024-04-08 08:00:00,chennai,1,1,30.26,32.18,72.01,14.58,26,206,232
2024-04-08 09:00:00,chennai,1,1,30.91,32.47,72.87,11.53,53,177,230
2024-04-08 10:00:00,chennai,1,1,31.67,33.83,73.77,11.47,31,92,123
2024-04-08 11:00:00,chennai,1,1,35.66,37.48,72.3,18.24,8,41,49
2024-04-08 12:00:00,chennai,1,2,34.21,36.77,61.87,10.84,6,20,26
2024-04-08 13:00:00,chennai,1,1,37.2,39.6,57.4,10.03,6,30,36
2024-04-08 14:00:00,chennai,1,1,34.86,35.34,60.41,12.05,8,27,35
2024-04-08 15:00:00,chennai,1,2,33.31,33.73,56.43,13.38,5,41,46
2024-04-08 16:00:00,chennai,1,1,33.62,34.42,62.25,16.11,29,115,144
2024-04-08 17:00:00,chennai,1,2,35.81,38.29,63.22,17.6,11,214,225
2024-04-08 18:00:00,chennai,1,2,33.31,33.24,70.64,15.45,22,216,238
2024-04-08 19:00:00,chennai,1,1,31.88,33.77,58.38,14.92,14,133,147
2024-04-08 20:00:00,chennai,1,1,31.69,33.55,68.33,15.48,9,50,59
2024-04-08 21:00:00,chennai,1,1,31.07,33.73,70.96,11.58,2,18,20
2024-04-08 22:00:00,chennai,1,1,30.84,32.52,82.94,12.41,3,28,31
2024-04-08 23:00:00,chennai,1,2,30.41,30.57,73.5,14.79,5,33,38
2024-04-09 00:00:00,chennai,1,1,27.6,28.14,81.79,10.34,5,31,36
2024-04-09 01:00:00,chennai,1,4,26.05,26.36,81.02,11.75,1,9,10
2024-04-09 02:00:00,chennai,1,2,27.0,27.97,87.22,12.61,3,37,40
2024-04-09 03:00:00,chennai,1,1,27.95,29.27,84.64,13.81,5,39,44
2024-04-09 04:00:00,chennai,1,4,26.88,27.21,81.27,13.33,2,8,10
2024-04-09 05:00:00,chennai,1,2,27.52,30.49,76.3,16.33,15,37,52
2024-04-09 06:00:00,chennai,1,2,29.91,30.09,67.74,13.21,14,50,64
2024-04-09 07:00:00,chennai,1,1,30.41,33.25,75.82,21.72,16,102,118
2024-04-09 08:00:00,chennai,1,1,31.54,34.22,74.65,12.39,35,170,205
2024-04-09 09:00:00,chennai,1,1,31.63,34.02,61.54,13.73,40,228,268
2024-04-09 10:00:00,chennai,1,2,33.22,34.03,60.83,10.02,17,101,118
2024-04-09 11:00:00,chennai,1,3,33.22,35.06,66.19,11.86,4,21,25
2024-04-09 12:00:00,chennai,1,1,36.03,36.25,65.04,20.07,6,33,39
2024-04-09 13:00:00,chennai,1,1,36.61,39.02,57.39,12.03,2,33,35
2024-04-09 14:00:00,chennai,1,1,33.28,34.71,59.13,11.46,3,26,29
2024-04-09 15:00:00,chennai,1,1,34.25,35.34,53.16,13.92,6,36,42
2024-04-09 16:00:00,chennai,1,2,33.17,33.44,70.23,10.41,33,89,122
2024-04-09 17:00:00,chennai,1,2,33.55,32.57,58.43,13.79,41,184,225
2024-04-09 18:00:00,chennai,1,1,33.4,33.86,69.71,11.81,48,186,234
2024-04-09 19:00:00,chennai,1,1,30.8,33.41,69.24,12.42,19,113,132
2024-04-09 20:00:00,chennai,1,1,30.39,31.49,78.45,17.84,12,40,52
2024-04-09 21:00:00,chennai,1,2,29.26,30.59,70.63,15.42,4,19,23
2024-04-09 22:00:00,chennai,1,2,29.75,31.9,77.31,12.95,3,14,17
2024-04-09 23:00:00,chennai,1,2,28.75,32.06,70.58,14.31,4,19,23
2024-04-10 00:00:00,chennai,1,1,27.17,29.99,70.97,17.28,8,35,43
2024-04-10 01:00:00,chennai,1,3,27.85,28.38,84.64,16.85,2,13,15
2024-04-10 02:00:00,chennai,1,1,26.84,26.4,73.07,11.02,6,20,26
2024-04-10 03:00:00,chennai,1,2,27.31,31.17,80.52,11.79,5,31,36
2024-04-10 04:00:00,chennai,1,1,30.04,33.81,85.72,12.14,5,44,49
2024-04-10 05:00:00,chennai,1,1,30.28,31.97,82.8,11.04,7,35,42
2024-04-10 06:00:00,chennai,1,2,27.94,28.17,73.68,10.06,14,43,57
2024-04-10 07:00:00,chennai,1,2,31.46,33.92,66.65,10.96,15,117,132
2024-04-10 08:00:00,chennai,1,1,32.47,33.87,74.55,18.26,35,214,249
2024-04-10 09:00:00,chennai,1,2,31.16,32.54,76.12,13.95,35,179,214
2024-04-10 10:00:00,chennai,1,1,34.48,36.88,63.69,12.09,10,115,125
2024-04-10 11:00:00,chennai,1,1,36.17,38.01,60.91,14.69,5,55,60
2024-04-10 12:00:00,chennai,1,1,33.62,33.93,60.72,16.73,9,33,42
2024-04-10 13:00:00,chennai,1,2,34.26,35.44,65.2,12.19,4,24,28
2024-04-10 14:00:00,chennai,1,1,36.72,38.88,68.14,13.14,1,14,15
2024-04-10 15:00:00,chennai,1,1,35.69,37.7,56.14,10.33,7,48,55
2024-04-10 16:00:00,chennai,1,1,35.63,37.39,55.85,14.55,18,127,145
2024-04-10 17:00:00,chennai,1,2,34.74,37.17,76.63,12.2,36,204,240
2024-04-10 18:00:00,chennai,1,1,33.97,35.11,66.11,12.84,41,216,257
2024-04-10 19:00:00,chennai,1,2,30.94,32.62,70.68,12.75,6,119,125
2024-04-10 20:00:00,chennai,1,2,32.76,30.88,68.54,15.0,10,34,44
2024-04-10 21:00:00,chennai,1,1,31.87,32.92,77.04,14.25,4,19,23
2024-04-10 22:00:00,chennai,1,2,29.22,31.49,81.8,12.74,4,26,30
2024-04-10 23:00:00,chennai,1,3,28.62,29.73,80.57,10.09,3,10,13
2024-04-11 00:00:00,chennai,1,2,26.2,27.23,89.36,14.85,4,41,45
2024-04-11 01:00:00,chennai,1,1,28.25,28.71,80.03,20.58,5,35,40
2024-04-11 02:00:00,chennai,1,1,28.19,30.69,80.69,17.34,3,34,37
2024-04-11 03:00:00,chennai,1,1,27.56,29.61,82.82,29.98,9,37,46
2024-04-11 04:00:00,chennai,1,1,29.39,31.71,82.99,10.75,11,41,52
2024-04-11 05:00:00,chennai,1,1,28.27,28.04,80.21,11.26,9,43,52
2024-04-11 06:00:00,chennai,1,1,30.18,31.52,70.58,13.87,10,58,68
2024-04-11 07:00:00,chennai,1,1,29.24,30.46,76.15,11.35,13,138,151
2024-04-11 08:00:00,chennai,1,1,31.47,32.69,70.13,10.18,29,203,232
2024-04-11 09:00:00,chennai,1,2,32.33,33.21,66.51,12.57,35,183,218
2024-04-11 10:00:00,chennai,1,1,33.77,34.92,67.16,11.7,16,116,132
2024-04-11 11:00:00,chennai,1,2,33.88,36.23,60.12,11.53,6,42,48
2024-04-11 12:00:00,chennai,1,1,34.81,34.39,57.66,25.31,4,38,42
2024-04-11 13:00:00,chennai,1,1,36.35,39.63,49.26,11.36,3,23,26
2024-04-11 14:00:00,chennai,1,1,34.98,36.96,70.74,10.69,2,30,32
2024-04-11 15:00:00,chennai,1,1,33.44,34.89,65.12,10.67,9,47,56
2024-04-11 16:00:00,chennai,1,1,37.06,39.47,62.76,18.21,18,103,121
2024-04-11 17:00:00,chennai,1,2,35.99,36.03,61.59,16.27,39,211,250
2024-04-11 18:00:00,chennai,1,1,31.95,32.78,52.62,10.69,32,210,242
2024-04-11 19:00:00,chennai,1,1,33.36,34.74,65.77,11.24,14,106,120
2024-04-11 20:00:00,chennai,1,2,30.9,33.76,75.58,16.88,5,35,40
2024-04-11 21:00:00,chennai,1,1,30.78,32.23,79.3,11.61,4,26,30
2024-04-11 22:00:00,chennai,1,1,29.85,31.8,80.21,29.96,4,22,26
2024-04-11 23:00:00,chennai,1,1,28.39,29.3,79.86,13.89,9,28,37
2024-04-12 00:00:00,chennai,1,1,27.1,29.08,87.18,11.07,4,27,31
2024-04-12 01:00:00,chennai,1,1,26.81,29.98,80.02,19.79,5,38,43
2024-04-12 02:00:00,chennai,1,2,26.4,28.9,87.43,11.92,5,33,38
2024-04-12 03:00:00,chennai,1,1,26.64,28.06,79.74,11.7,5,34,39
2024-04-12 04:00:00,chennai,1,1,27.96,30.13,76.25,11.98,7,45,52
2024-04-12 05:00:00,chennai,1,1,27.81,29.89,74.04,17.31,6,41,47
2024-04-12 06:00:00,chennai,1,1,30.32,32.33,71.68,10.95,15,68,83
2024-04-12 07:00:00,chennai,1,1,32.25,34.86,77.88,12.4,22,96,118
2024-04-12 08:00:00,chennai,1,3,30.8,33.41,68.29,10.16,26,108,134
2024-04-12 09:00:00,chennai,1,2,32.82,34.2,64.25,18.76,41,159,200
2024-04-12 10:00:00,chennai,1,2,34.1,36.24,70.57,12.08,14,93,107
2024-04-12 11:00:00,chennai,1,1,34.89,36.01,66.57,11.43,3,45,48
2024-04-12 12:00:00,chennai,1,1,35.06,35.63,68.15,14.34,10,32,42
2024-04-12 13:00:00,chennai,1,2,36.25,37.49,64.9,16.1,1,22,23
2024-04-12 14:00:00,chennai,1,2,36.08,37.5,58.23,18.38,3,20,23
2024-04-12 15:00:00,chennai,1,1,33.88,33.72,62.72,12.14,5,57,62
2024-04-12 16:00:00,chennai,1,1,36.01,38.37,63.97,18.36,27,134,161
2024-04-12 17:00:00,chennai,1,1,35.39,34.13,60.33,13.13,25,224,249
2024-04-12 18:00:00,chennai,1,1,32.58,36.8,61.48,10.53,54,209,263
2024-04-12 19:00:00,chennai,1,1,32.58,35.58,66.01,19.36,22,114,136
2024-04-12 20:00:00,chennai,1,3,32.32,33.56,82.18,13.97,7,26,33
2024-04-12 21:00:00,chennai,1,1,30.21,31.72,72.52,14.61,4,24,28
2024-04-12 22:00:00,chennai,1,3,30.79,32.59,83.16,23.86,2,9,11
2024-04-12 23:00:00,chennai,1,1,31.51,32.42,76.73,14.1,4,34,38
2024-04-13 00:00:00,chennai,1,4,27.09,28.79,85.1,10.03,2,4,6
2024-04-13 01:00:00,chennai,1,1,25.98,27.34,86.17,20.22,13,26,39
2024-04-13 02:00:00,chennai,1,2,27.86,29.27,86.76,11.68,15,26,41
2024-04-13 03:00:00,chennai,1,1,28.5,30.18,83.6,13.48,16,25,41
2024-04-13 04:00:00,chennai,1,2,27.76,27.95,87.55,11.15,14,25,39
2024-04-13 05:00:00,chennai,1,1,30.42,31.96,80.96,11.76,15,33,48
2024-04-13 06:00:00,chennai,1,1,27.89,29.56,85.57,15.8,20,41,61
2024-04-13 07:00:00,chennai,1,2,31.3,32.93,66.49,12.81,22,52,74
2024-04-13 08:00:00,chennai,1,1,30.77,32.06,73.74,14.93,45,72,117
2024-04-13 09:00:00,chennai,1,2,34.6,37.24,70.83,18.67,42,85,127
2024-04-13 10:00:00,chennai,1,1,35.89,37.04,62.32,12.08,39,80,119
2024-04-13 11:00:00,chennai,1,1,33.41,35.14,67.83,14.2,29,51,80
2024-04-13 12:00:00,chennai,1,1,34.3,37.1,55.89,17.52,25,49,74
2024-04-13 13:00:00,chennai,1,2,36.4,37.82,59.07,16.28,46,66,112
2024-04-13 14:00:00,chennai,1,2,35.04,36.75,52.0,13.88,37,58,95
2024-04-13 15:00:00,chennai,1,1,35.31,36.71,70.13,12.42,45,72,117
2024-04-13 16:00:00,chennai,1,1,34.99,37.73,62.18,12.62,50,103,153
2024-04-13 17:00:00,chennai,1,1,32.02,33.27,75.76,12.84,70,111,181
2024-04-13 18:00:00,chennai,1,2,33.48,36.27,71.01,12.15,51,85,136
2024-04-13 19:00:00,chennai,1,1,31.71,33.1,71.65,16.0,21,50,71
2024-04-13 20:00:00,chennai,1,1,30.91,31.55,69.07,10.67,12,24,36
2024-04-13 21:00:00,chennai,1,1,32.2,34.38,69.36,27.13,5,10,15
2024-04-13 22:00:00,chennai,1,1,27.99,29.19,79.61,17.55,9,13,22
2024-04-13 23:00:00,chennai,1,2,29.65,31.77,78.71,11.77,7,14,21
2024-04-14 00:00:00,chennai,1,1,27.7,26.47,73.96,10.22,14,24,38
2024-04-14 01:00:00,chennai,1,1,27.3,28.81,74.07,16.21,18,25,43
2024-04-14 02:00:00,chennai,1,1,28.45,29.49,77.21,16.63,14,32,46
2024-04-14 03:00:00,chennai,1,1,28.04,28.48,90.76,26.57,20,35,55
2024-04-14 04:00:00,chennai,1,1,28.72,29.67,91.73,11.46,24,29,53
2024-04-14 05:00:00,chennai,1,2,29.83,30.76,80.1,10.43,15,39,54
2024-04-14 06:00:00,chennai,1,2,29.1,30.55,77.74,22.33,16,35,51
2024-04-14 07:00:00,chennai,1,1,29.73,29.86,72.91,11.5,33,58,91
2024-04-14 08:00:00,chennai,1,1,30.2,32.01,67.33,16.39,51,87,138
2024-04-14 09:00:00,chennai,1,1,31.54,34.41,76.29,10.31,44,79,123
2024-04-14 10:00:00,chennai,1,2,37.04,38.82,76.37,17.15,37,62,99
2024-04-14 11:00:00,chennai,1,1,35.82,38.13,60.46,10.68,40,57,97
2024-04-14 12:00:00,chennai,1,1,33.34,35.94,62.93,15.95,28,52,80
2024-04-14 13:00:00,chennai,1,1,33.78,36.51,60.09,13.8,42,80,122
2024-04-14 14:00:00,chennai,1,2,36.08,39.45,59.9,25.56,38,63,101
2024-04-14 15:00:00,chennai,1,1,36.02,37.02,68.27,10.19,66,80,146
2024-04-14 16:00:00,chennai,1,2,35.62,36.4,56.78,11.73,42,69,111
2024-04-14 17:00:00,chennai,1,1,34.02,36.31,67.26,10.36,72,108,180
2024-04-14 18:00:00,chennai,1,2,33.35,35.56,70.64,20.57,34,90,124
2024-04-14 19:00:00,chennai,1,1,32.93,35.2,68.7,14.51,29,56,85
2024-04-14 20:00:00,chennai,1,1,31.6,34.99,76.47,13.83,11,26,37
2024-04-14 21:00:00,chennai,1,1,27.8,29.31,75.33,10.7,9,16,25
2024-04-14 22:00:00,chennai,1,1,29.22,31.15,83.09,13.36,12,16,28
2024-04-14 23:00:00,chennai,1,1,27.65,28.17,71.46,12.54,8,19,27
2024-04-15 00:00:00,chennai,1,1,28.25,31.88,78.92,11.9,7,23,30
2024-04-15 01:00:00,chennai,1,3,31.22,32.38,81.3,17.4,4,21,25
2024-04-15 02:00:00,chennai,1,2,27.94,29.13,68.64,10.32,10,39,49
2024-04-15 03:00:00,chennai,1,1,27.26,28.41,76.23,15.2,9,36,45
2024-04-15 04:00:00,chennai,1,1,29.14,30.0,76.59,18.66,10,31,41
2024-04-15 05:00:00,chennai,1,1,29.25,30.02,83.81,21.89,9,40,49
2024-04-15 06:00:00,chennai,1,2,30.0,30.98,73.47,16.85,7,60,67
2024-04-15 07:00:00,chennai,1,2,31.19,31.33,70.5,11.66,24,98,122
2024-04-15 08:00:00,chennai,1,3,33.97,34.68,76.09,14.59,6,121,127
2024-04-15 09:00:00,chennai,1,2,31.18,34.63,61.32,10.76,22,189,211
2024-04-15 10:00:00,chennai,1,1,34.07,36.3,56.64,10.62,16,113,129
2024-04-15 11:00:00,chennai,1,1,33.22,35.64,63.12,15.09,4,66,70
2024-04-15 12:00:00,chennai,1,1,35.63,38.31,56.1,19.52,10,33,43
2024-04-15 13:00:00,chennai,1,1,34.26,37.6,55.29,10.35,6,22,28
2024-04-15 14:00:00,chennai,1,1,35.0,34.73,64.87,10.56,6,30,36
2024-04-15 15:00:00,chennai,1,1,35.01,35.28,66.72,14.17,11,46,57
2024-04-15 16:00:00,chennai,1,1,36.14,36.83,67.28,11.23,26,131,157
2024-04-15 17:00:00,chennai,1,2,35.43,36.46,70.47,14.73,42,176,218
2024-04-15 18:00:00,chennai,1,4,32.01,33.2,73.21,11.21,6,24,30
2024-04-15 19:00:00,chennai,1,1,32.6,33.65,58.77,10.62,11,128,139
2024-04-15 20:00:00,chennai,1,2,30.65,32.37,74.25,13.94,9,37,46
2024-04-15 21:00:00,chennai,1,2,28.95,30.49,71.94,19.91,6,22,28
2024-04-15 22:00:00,chennai,1,1,29.24,30.02,73.26,15.78,3,24,27
2024-04-15 23:00:00,chennai,1,1,28.3,27.63,81.87,18.54,3,18,21
2024-04-16 00:00:00,chennai,1,1,30.95,31.46,72.01,11.55,4,28,32
2024-04-16 01:00:00,chennai,1,2,28.16,29.11,72.9,20.86,5,24,29
2024-04-16 02:00:00,chennai,1,3,25.85,27.1,85.17,12.37,4,18,22
2024-04-16 03:00:00,chennai,1,2,26.96,27.33,84.1,19.57,6,30,36
2024-04-16 04:00:00,chennai,1,1,29.26,30.27,81.34,13.19,4,36,40
2024-04-16 05:00:00,chennai,1,1,31.18,31.55,74.67,11.56,12,45,57
2024-04-16 06:00:00,chennai,1,1,27.6,28.97,80.72,11.51,8,58,66
2024-04-16 07:00:00,chennai,1,1,28.21,28.64,77.99,14.19,23,107,130
2024-04-16 08:00:00,chennai,1,1,33.75,34.4,72.43,10.41,45,195,240
2024-04-16 09:00:00,chennai,1,1,33.0,33.19,63.53,23.3,17,249,266
2024-04-16 10:00:00,chennai,1,2,32.46,33.8,64.87,11.58,21,103,124
2024-04-16 11:00:00,chennai,1,2,34.97,35.6,69.12,12.04,11,42,53
2024-04-16 12:00:00,chennai,1,1,31.8,34.21,69.98,11.33,6,35,41
2024-04-16 13:00:00,chennai,1,2,35.37,37.27,60.71,10.02,5,20,25
2024-04-16 14:00:00,chennai,1,2,35.89,37.32,60.75,15.9,3,21,24
2024-04-16 15:00:00,chennai,1,1,36.47,37.18,61.53,14.46,10,39,49
2024-04-16 16:00:00,chennai,1,1,33.75,35.63,64.71,18.29,12,120,132
2024-04-16 17:00:00,chennai,1,1,34.43,36.62,62.02,10.21,42,238,280
2024-04-16 18:00:00,chennai,1,1,32.39,34.03,52.53,23.2,48,181,229
2024-04-16 19:00:00,chennai,1,1,32.84,35.95,75.38,12.01,28,106,134
2024-04-16 20:00:00,chennai,1,1,30.43,32.39,80.97,22.21,4,45,49
2024-04-16 21:00:00,chennai,1,1,29.98,32.39,71.53,10.57,4,26,30
2024-04-16 22:00:00,chennai,1,1,28.31,29.94,71.67,16.81,4,27,31
2024-04-16 23:00:00,chennai,1,1,29.45,31.63,78.39,14.33,6,24,30
2024-04-17 00:00:00,chennai,1,2,29.07,29.77,79.72,12.22,4,26,30
2024-04-17 01:00:00,chennai,1,1,27.35,28.4,86.64,10.41,5,28,33
2024-04-17 02:00:00,chennai,1,1,27.55,29.4,82.27,14.64,6,30,36
2024-04-17 03:00:00,chennai,1,1,25.9,27.74,77.7,10.13,4,40,44
2024-04-17 04:00:00,chennai,1,2,27.68,29.68,74.07,13.48,6,32,38
2024-04-17 05:00:00,chennai,1,1,28.61,31.21,83.4,14.63,5,44,49
2024-04-17 06:00:00,chennai,1,1,32.64,32.72,80.0,16.59,8,54,62
2024-04-17 07:00:00,chennai,1,1,29.13,29.66,79.89,33.74,19,131,150
2024-04-17 08:00:00,chennai,1,1,33.26,34.99,67.16,11.51,39,184,223
2024-04-17 09:00:00,chennai,1,1,33.73,34.51,78.6,11.95,28,227,255
2024-04-17 10:00:00,chennai,1,2,33.84,38.71,58.28,12.09,17,117,134
2024-04-17 11:00:00,chennai,1,1,36.44,38.45,68.48,16.58,8,43,51
2024-04-17 12:00:00,chennai,1,1,35.41,36.83,53.79,23.43,8,29,37
2024-04-17 13:00:00,chennai,1,1,35.83,36.82,58.39,28.31,5,23,28
2024-04-17 14:00:00,chennai,1,1,35.44,36.46,69.81,24.58,8,32,40
2024-04-17 15:00:00,chennai,1,1,36.83,38.36,66.5,20.58,2,45,47
2024-04-17 16:00:00,chennai,1,2,36.28,37.89,60.61,33.54,27,96,123
2024-04-17 17:00:00,chennai,1,1,33.58,34.62,62.33,12.36,28,235,263
2024-04-17 18:00:00,chennai,1,1,31.92,33.14,67.5,24.81,32,232,264
2024-04-17 19:00:00,chennai,1,1,32.29,35.14,71.98,17.16,38,117,155
2024-04-17 20:00:00,chennai,1,1,30.54,33.42,78.26,10.92,8,44,52
2024-04-17 21:00:00,chennai,1,2,30.39,32.14,72.31,10.23,3,21,24
2024-04-17 22:00:00,chennai,1,1,30.98,31.14,68.94,11.21,3,19,22
2024-04-17 23:00:00,chennai,1,2,28.12,30.16,79.86,17.54,2,22,24
2024-04-18 00:00:00,chennai,1,1,27.98,31.04,78.37,14.99,4,24,28
2024-04-18 01:00:00,chennai,1,1,27.71,30.58,75.16,11.27,5,29,34
2024-04-18 02:00:00,chennai,1,2,28.52,30.75,83.49,16.77,7,32,39
2024-04-18 03:00:00,chennai,1,1,24.94,27.86,80.59,10.76,11,37,48
2024-04-18 04:00:00,chennai,1,1,27.31,28.86,82.19,18.63,4,44,48
2024-04-18 05:00:00,chennai,1,2,28.93,31.05,74.6,17.9,8,39,47
2024-04-18 06:00:00,chennai,1,3,30.94,31.76,79.43,27.98,2,31,33
2024-04-18 07:00:00,chennai,1,1,29.87,31.67,68.0,10.81,25,119,144
2024-04-18 08:00:00,chennai,1,2,29.25,32.08,67.86,21.86,19,191,210
2024-04-18 09:00:00,chennai,1,1,33.28,34.19,68.2,12.09,18,201,219
2024-04-18 10:00:00,chennai,1,1,32.74,33.38,75.71,12.69,34,89,123
2024-04-18 11:00:00,chennai,1,1,32.9,34.5,68.85,13.16,15,42,57
2024-04-18 12:00:00,chennai,1,2,34.21,35.49,68.73,14.93,3,23,26
2024-04-18 13:00:00,chennai,1,1,35.14,37.29,69.43,36.26,8,23,31
2024-04-18 14:00:00,chennai,1,4,34.77,35.82,80.01,14.58,1,6,7
2024-04-18 15:00:00,chennai,1,3,32.72,35.94,62.55,23.07,3,30,33
2024-04-18 16:00:00,chennai,1,2,36.04,36.25,70.44,11.47,20,88,108
2024-04-18 17:00:00,chennai,1,1,35.86,38.61,69.99,12.54,49,197,246
2024-04-18 18:00:00,chennai,1,1,34.28,35.02,71.98,13.51,49,210,259
2024-04-18 19:00:00,chennai,1,4,31.17,30.87,78.28,11.95,2,27,29
2024-04-18 20:00:00,chennai,1,1,31.26,33.0,69.9,28.83,5,48,53
2024-04-18 21:00:00,chennai,1,1,30.46,31.7,72.09,16.47,3,13,16
2024-04-18 22:00:00,chennai,1,1,30.22,30.61,78.6,13.26,3,25,28
2024-04-18 23:00:00,chennai,1,2,29.47,29.29,78.16,16.96,4,18,22
2024-04-19 00:00:00,chennai,1,1,27.15,28.65,82.25,13.15,4,24,28
2024-04-19 01:00:00,chennai,1,2,27.73,30.21,89.47,10.09,3,38,41
2024-04-19 02:00:00,chennai,1,1,28.05,30.13,79.61,13.92,3,34,37
2024-04-19 03:00:00,chennai,1,1,29.38,30.94,80.14,14.91,8,36,44
2024-04-19 04:00:00,chennai,1,2,28.88,30.86,81.53,29.87,8,39,47
2024-04-19 05:00:00,chennai,1,1,29.62,31.09,77.93,10.21,13,45,58
2024-04-19 06:00:00,chennai,1,1,29.6,29.67,67.43,13.59,10,56,66
2024-04-19 07:00:00,chennai,1,2,32.16,32.24,71.69,10.52,20,123,143
2024-04-19 08:00:00,chennai,1,1,31.99,33.29,75.44,10.81,61,193,254
2024-04-19 09:00:00,chennai,1,1,31.5,32.84,76.6,14.71,23,187,210
2024-04-19 10:00:00,chennai,1,1,35.18,37.54,61.23,11.32,18,112,130
2024-04-19 11:00:00,chennai,1,1,35.17,37.42,59.13,16.91,9,40,49
2024-04-19 12:00:00,chennai,1,1,34.43,36.54,63.49,13.61,3,24,27
2024-04-19 13:00:00,chennai,1,1,34.79,36.01,51.96,11.23,5,24,29
2024-04-19 14:00:00,chennai,1,2,35.86,35.98,59.78,13.4,5,26,31
2024-04-19 15:00:00,chennai,1,1,35.92,37.83,53.66,10.0,10,39,49
2024-04-19 16:00:00,chennai,1,2,35.2,37.23,70.19,19.93,19,127,146
2024-04-19 17:00:00,chennai,1,2,34.7,33.81,61.08,10.06,26,192,218
2024-04-19 18:00:00,chennai,1,2,35.54,36.21,75.26,10.04,54,165,219
2024-04-19 19:00:00,chennai,1,1,33.82,34.63,74.98,14.73,23,99,122
2024-04-19 20:00:00,chennai,1,1,31.73,33.35,68.77,28.16,9,36,45
2024-04-19 21:00:00,chennai,1,1,31.59,32.29,69.23,19.69,4,17,21
2024-04-19 22:00:00,chennai,1,1,28.26,29.72,76.03,11.45,2,19,21
2024-04-19 23:00:00,chennai,1,1,29.15,30.44,78.55,11.09,3,28,31
2024-04-20 00:00:00,chennai,1,2,30.21,31.55,82.39,14.92,8,17,25
2024-04-20 01:00:00,chennai,1,1,27.37,28.16,77.78,18.65,13,29,42
2024-04-20 02:00:00,chennai,1,2,26.48,27.34,85.73,12.25,11,15,26
2024-04-20 03:00:00,chennai,1,3,26.85,27.27,82.99,12.83,10,18,28
2024-04-20 04:00:00,chennai,1,1,26.73,28.61,78.96,10.61,16,24,40
2024-04-20 05:00:00,chennai,1,1,27.73,29.8,75.51,10.83,18,27,45
2024-04-20 06:00:00,chennai,1,1,29.06,29.78,76.08,14.2,25,33,58
2024-04-20 07:00:00,chennai,1,2,28.78,31.8,70.5,10.54,31,49,80
2024-04-20 08:00:00,chennai,1,2,31.52,32.7,72.29,11.13,38,68,106
2024-04-20 09:00:00,chennai,1,1,33.62,36.65,69.84,11.34,40,99,139
2024-04-20 10:00:00,chennai,1,2,32.41,33.27,68.31,12.93,38,46,84
2024-04-20 11:00:00,chennai,1,1,36.15,35.62,73.76,10.23,32,48,80
2024-04-20 12:00:00,chennai,1,1,35.58,37.48,62.68,13.46,38,64,102
2024-04-20 13:00:00,chennai,1,1,36.6,38.35,67.36,23.2,53,93,146
2024-04-20 14:00:00,chennai,1,2,34.71,36.24,63.15,10.12,28,78,106
2024-04-20 15:00:00,chennai,1,1,36.39,37.25,61.15,14.98,52,89,141
2024-04-20 16:00:00,chennai,1,1,33.65,35.12,62.74,19.03,45,94,139
2024-04-20 17:00:00,chennai,1,1,35.4,36.39,64.63,11.87,39,108,147
2024-04-20 18:00:00,chennai,1,2,33.71,34.9,68.4,10.71,33,68,101
2024-04-20 19:00:00,chennai,1,2,33.2,35.54,64.62,10.22,30,54,84
2024-04-20 20:00:00,chennai,1,4,30.09,31.77,64.67,15.16,3,6,9
2024-04-20 21:00:00,chennai,1,2,29.39,31.5,77.86,14.02,7,17,24
2024-04-20 22:00:00,chennai,1,1,30.22,31.48,81.49,11.3,6,17,23
2024-04-20 23:00:00,chennai,1,3,27.53,28.69,82.8,18.91,4,7,11
2024-04-21 00:00:00,chennai,1,1,28.59,28.94,81.44,16.65,12,21,33
2024-04-21 01:00:00,chennai,1,3,26.0,27.13,85.5,11.62,7,17,24
2024-04-21 02:00:00,chennai,1,1,28.52,26.7,85.57,17.0,10,20,30
2024-04-21 03:00:00,chennai,1,1,26.16,27.07,85.6,11.41,15,26,41
2024-04-21 04:00:00,chennai,1,2,28.7,30.12,76.36,15.62,16,35,51
2024-04-21 05:00:00,chennai,1,1,29.42,31.49,73.59,10.63,13,39,52
2024-04-21 06:00:00,chennai,1,1,28.66,29.9,75.06,15.89,19,33,52
2024-04-21 07:00:00,chennai,1,1,31.16,33.01,74.5,11.36,28,79,107
2024-04-21 08:00:00,chennai,1,1,31.81,31.13,70.79,14.25,53,92,145
2024-04-21 09:00:00,chennai,1,2,31.89,33.33,60.03,10.95,35,69,104
2024-04-21 10:00:00,chennai,1,1,32.29,32.11,75.61,16.47,36,70,106
2024-04-21 11:00:00,chennai,1,2,31.97,32.26,63.56,10.31,23,54,77
2024-04-21 12:00:00,chennai,1,1,35.38,36.7,64.2,10.9,30,61,91
2024-04-21 13:00:00,chennai,1,1,33.49,36.26,68.56,11.02,36,81,117
2024-04-21 14:00:00,chennai,1,1,35.61,37.49,50.28,10.21,55,56,111
2024-04-21 15:00:00,chennai,1,1,35.05,36.57,59.78,16.83,35,77,112
2024-04-21 16:00:00,chennai,1,1,35.78,37.26,61.4,29.8,58,87,145
2024-04-21 17:00:00,chennai,1,1,33.97,34.75,63.25,17.53,52,110,162
2024-04-21 18:00:00,chennai,1,1,33.1,34.06,66.13,19.85,54,96,150
2024-04-21 19:00:00,chennai,1,2,33.41,35.34,76.65,10.03,26,47,73
2024-04-21 20:00:00,chennai,1,2,31.9,32.02,75.37,10.63,12,24,36
2024-04-21 21:00:00,chennai,1,1,30.84,32.94,79.38,14.09,8,15,23
2024-04-21 22:00:00,chennai,1,1,30.06,31.17,77.24,29.05,7,13,20
2024-04-21 23:00:00,chennai,1,1,26.83,29.15,72.07,15.4,13,17,30
2024-04-22 00:00:00,chennai,1,1,28.94,31.41,70.26,12.34,4,35,39
2024-04-22 01:00:00,chennai,1,2,28.37,28.2,74.01,10.79,3,53,56
2024-04-22 02:00:00,chennai,1,1,26.28,27.2,83.8,10.83,4,35,39
2024-04-22 03:00:00,chennai,1,1,27.34,27.99,81.82,12.25,7,37,44
2024-04-22 04:00:00,chennai,1,3,27.99,27.68,79.61,16.26,5,30,35
2024-04-22 05:00:00,chennai,1,2,28.51,28.98,77.23,10.16,13,45,58
2024-04-22 06:00:00,chennai,1,1,29.9,33.84,87.06,19.56,11,41,52
2024-04-22 07:00:00,chennai,1,2,32.18,34.29,70.47,24.2,13,92,105
2024-04-22 08:00:00,chennai,1,1,32.8,36.22,76.64,20.98,52,175,227
2024-04-22 09:00:00,chennai,1,2,30.96,33.29,69.42,22.21,36,172,208
2024-04-22 10:00:00,chennai,1,2,34.25,35.0,66.7,10.08,15,115,130
2024-04-22 11:00:00,chennai,1,2,35.92,37.04,70.81,29.04,8,45,53
2024-04-22 12:00:00,chennai,1,1,35.43,37.52,70.65,12.28,5,31,36
2024-04-22 13:00:00,chennai,1,1,36.67,38.61,61.14,20.17,3,25,28
2024-04-22 14:00:00,chennai,1,2,37.91,38.84,66.0,11.03,3,26,29
2024-04-22 15:00:00,chennai,1,2,36.59,36.58,64.16,12.96,8,36,44
2024-04-22 16:00:00,chennai,1,1,35.26,40.05,63.38,10.23,18,120,138
2024-04-22 17:00:00,chennai,1,1,35.58,36.94,65.95,10.2,31,199,230
2024-04-22 18:00:00,chennai,1,1,33.67,34.85,63.56,24.35,35,215,250
2024-04-22 19:00:00,chennai,1,1,32.56,34.18,67.88,18.32,18,107,125
2024-04-22 20:00:00,chennai,1,1,31.08,32.34,69.1,13.77,10,42,52
2024-04-22 21:00:00,chennai,1,1,32.34,33.96,79.1,13.73,3,29,32
2024-04-22 22:00:00,chennai,1,1,28.52,31.3,76.52,16.91,4,22,26
2024-04-22 23:00:00,chennai,1,1,30.51,31.89,72.58,12.09,3,41,44
2024-04-23 00:00:00,chennai,1,2,28.64,28.97,77.04,17.17,4,31,35
2024-04-23 01:00:00,chennai,1,2,25.96,27.3,65.66,13.32,3,36,39
2024-04-23 02:00:00,chennai,1,1,27.94,28.98,79.53,15.08,9,28,37
2024-04-23 03:00:00,chennai,1,2,25.12,28.04,81.85,26.74,6,33,39
2024-04-23 04:00:00,chennai,1,2,28.79,31.46,79.98,13.19,6,39,45
2024-04-23 05:00:00,chennai,1,1,29.73,31.34,88.97,12.71,3,46,49
2024-04-23 06:00:00,chennai,1,1,28.79,29.01,79.87,21.81,6,71,77
2024-04-23 07:00:00,chennai,1,1,30.61,30.89,77.24,21.64,29,121,150
2024-04-23 08:00:00,chennai,1,2,33.84,35.36,63.78,34.41,33,166,199
2024-04-23 09:00:00,chennai,1,1,31.93,33.76,67.59,14.0,18,218,236
2024-04-23 10:00:00,chennai,1,1,32.23,33.35,64.57,12.11,9,110,119
2024-04-23 11:00:00,chennai,1,2,36.11,37.13,61.0,11.37,11,33,44
2024-04-23 12:00:00,chennai,1,1,37.32,38.23,59.34,10.17,8,30,38
2024-04-23 13:00:00,chennai,1,1,35.37,36.84,53.3,16.49,4,20,24
2024-04-23 14:00:00,chennai,1,2,36.71,35.83,55.62,11.33,5,26,31
2024-04-23 15:00:00,chennai,1,1,36.97,37.37,66.71,14.67,6,38,44
2024-04-23 16:00:00,chennai,1,1,34.07,34.95,62.63,22.42,12,130,142
2024-04-23 17:00:00,chennai,1,2,33.75,36.45,62.4,25.0,41,170,211
2024-04-23 18:00:00,chennai,1,1,34.98,35.66,66.97,10.02,36,219,255
2024-04-23 19:00:00,chennai,1,1,34.56,36.24,75.25,11.91,26,112,138
2024-04-23 20:00:00,chennai,1,1,32.18,33.9,72.02,19.08,7,50,57
2024-04-23 21:00:00,chennai,1,1,29.41,32.21,77.29,13.84,3,17,20
2024-04-23 22:00:00,chennai,1,1,31.88,34.65,72.77,18.24,3,19,22
2024-04-23 23:00:00,chennai,1,1,28.03,29.48,75.98,19.6,3,19,22
2024-04-24 00:00:00,chennai,1,1,27.63,28.66,82.43,12.92,5,22,27
2024-04-24 01:00:00,chennai,1,2,28.05,28.88,91.12,12.22,3,23,26
2024-04-24 02:00:00,chennai,1,1,29.36,30.62,89.15,13.04,8,23,31
2024-04-24 03:00:00,chennai,1,1,28.66,29.73,84.57,15.29,5,40,45
2024-04-24 04:00:00,chennai,1,4,28.53,30.59,81.42,12.29,1,8,9
2024-04-24 05:00:00,chennai,1,1,29.23,31.15,86.08,17.46,14,48,62
2024-04-24 06:00:00,chennai,1,2,29.55,31.64,80.97,21.72,15,53,68
2024-04-24 07:00:00,chennai,1,1,31.13,33.89,63.12,11.66,20,93,113
2024-04-24 08:00:00,chennai,1,1,28.46,31.83,66.73,26.76,37,191,228
2024-04-24 09:00:00,chennai,1,1,32.18,33.8,71.1,14.87,38,212,250
2024-04-24 10:00:00,chennai,1,1,33.79,36.39,58.07,20.53,28,99,127
2024-04-24 11:00:00,chennai,1,1,32.95,34.1,60.44,10.55,10,42,52
2024-04-24 12:00:00,chennai,1,1,35.43,38.11,59.84,11.45,6,25,31
2024-04-24 13:00:00,chennai,1,2,35.12,37.68,61.06,11.94,7,22,29
2024-04-24 14:00:00,chennai,1,2,37.61,40.11,60.56,11.8,7,34,41
2024-04-24 15:00:00,chennai,1,3,37.25,38.85,60.9,10.94,3,23,26
2024-04-24 16:00:00,chennai,1,2,34.41,35.24,67.47,20.13,23,117,140
2024-04-24 17:00:00,chennai,1,1,34.15,34.25,63.6,12.71,37,205,242
2024-04-24 18:00:00,chennai,1,2,33.41,34.87,65.08,26.5,34,206,240
2024-04-24 19:00:00,chennai,1,1,31.99,35.03,62.67,14.38,18,119,137
2024-04-24 20:00:00,chennai,1,1,31.73,32.92,77.12,10.74,9,39,48
2024-04-24 21:00:00,chennai,1,1,29.55,31.84,71.23,13.95,4,20,24
2024-04-24 22:00:00,chennai,1,1,28.14,30.49,71.56,35.21,3,19,22
2024-04-24 23:00:00,chennai,1,1,29.42,30.64,80.14,14.16,5,23,28
2024-04-25 00:00:00,chennai,1,1,28.79,31.61,76.83,10.01,8,26,34
2024-04-25 01:00:00,chennai,1,2,26.67,25.26,79.03,23.52,5,35,40
2024-04-25 02:00:00,chennai,1,2,28.57,28.85,83.29,11.34,9,32,41
2024-04-25 03:00:00,chennai,1,1,26.88,27.46,80.03,15.83,5,41,46
2024-04-25 04:00:00,chennai,1,1,28.34,29.02,92.22,13.62,8,42,50
2024-04-25 05:00:00,chennai,1,1,29.66,31.49,78.7,11.97,2,39,41
2024-04-25 06:00:00,chennai,1,1,29.46,31.25,80.09,11.66,14,62,76
2024-04-25 07:00:00,chennai,1,1,31.01,32.9,64.88,23.21,17,108,125
2024-04-25 08:00:00,chennai,1,4,30.88,32.98,67.7,22.15,3,52,55
2024-04-25 09:00:00,chennai,1,1,32.3,32.85,63.98,13.6,30,205,235
2024-04-25 10:00:00,chennai,1,1,33.25,33.53,62.23,11.5,27,88,115
2024-04-25 11:00:00,chennai,1,2,33.43,35.33,67.01,10.54,9,43,52
2024-04-25 12:00:00,chennai,1,1,34.75,35.62,68.52,10.85,5,29,34
2024-04-25 13:00:00,chennai,1,1,33.51,33.43,64.06,13.69,6,26,32
2024-04-25 14:00:00,chennai,1,1,34.91,37.38,60.87,11.84,6,23,29
2024-04-25 15:00:00,chennai,1,1,35.02,37.92,59.19,10.21,10,36,46
2024-04-25 16:00:00,chennai,1,2,34.66,37.71,68.91,13.04,19,124,143
2024-04-25 17:00:00,chennai,1,1,34.04,35.73,75.29,16.86,45,204,249
2024-04-25 18:00:00,chennai,1,1,33.43,35.55,67.68,21.11,41,194,235
2024-04-25 19:00:00,chennai,1,1,33.11,35.98,74.11,14.4,25,133,158
2024-04-25 20:00:00,chennai,1,2,32.55,33.41,73.72,16.42,8,46,54
2024-04-25 21:00:00,chennai,1,1,29.69,32.3,78.37,12.26,6,18,24
2024-04-25 22:00:00,chennai,1,1,28.06,29.83,71.18,13.43,5,24,29
2024-04-25 23:00:00,chennai,1,2,27.42,29.83,76.63,16.54,2,23,25
2024-04-26 00:00:00,chennai,1,2,27.45,29.14,82.64,16.5,2,38,40
2024-04-26 01:00:00,chennai,1,2,27.21,30.01,87.72,12.76,7,29,36
2024-04-26 02:00:00,chennai,1,1,26.58,28.3,77.91,13.92,5,36,41
2024-04-26 03:00:00,chennai,1,1,26.08,26.1,71.49,22.88,7,40,47
2024-04-26 04:00:00,chennai,1,2,27.49,30.44,78.17,15.0,9,45,54
2024-04-26 05:00:00,chennai,1,1,28.89,29.44,84.12,15.14,12,33,45
2024-04-26 06:00:00,chennai,1,1,30.21,32.97,69.08,17.68,16,58,74
2024-04-26 07:00:00,chennai,1,1,29.8,31.21,68.7,10.61,17,105,122
2024-04-26 08:00:00,chennai,1,1,31.0,33.68,72.78,13.7,38,168,206
2024-04-26 09:00:00,chennai,1,1,31.42,34.06,68.83,26.02,29,212,241
2024-04-26 10:00:00,chennai,1,1,33.46,35.39,69.97,12.24,23,101,124
2024-04-26 11:00:00,chennai,1,1,33.31,35.32,58.79,11.75,4,37,41
2024-04-26 12:00:00,chennai,1,1,35.65,37.57,61.71,14.6,8,41,49
2024-04-26 13:00:00,chennai,1,1,33.22,32.71,68.32,11.25,5,23,28
2024-04-26 14:00:00,chennai,1,1,35.07,36.69,56.04,14.06,3,28,31
2024-04-26 15:00:00,chennai,1,1,35.73,36.11,69.73,10.85,7,47,54
2024-04-26 16:00:00,chennai,1,1,35.18,36.86,58.0,14.34,6,118,124
2024-04-26 17:00:00,chennai,1,1,37.56,37.92,69.18,14.61,33,219,252
2024-04-26 18:00:00,chennai,1,1,33.92,34.23,65.14,12.71,54,210,264
2024-04-26 19:00:00,chennai,1,1,31.33,34.44,63.69,12.41,39,117,156
2024-04-26 20:00:00,chennai,1,1,31.39,33.95,69.52,11.41,10,33,43
2024-04-26 21:00:00,chennai,1,1,28.33,29.83,77.31,12.01,4,30,34
2024-04-26 22:00:00,chennai,1,2,29.4,31.09,76.97,13.45,4,25,29
2024-04-26 23:00:00,chennai,1,1,27.67,28.92,84.66,11.42,6,32,38
2024-04-27 00:00:00,chennai,1,2,29.13,31.2,87.84,17.64,11,22,33
2024-04-27 01:00:00,chennai,1,1,26.98,27.8,75.74,16.17,13,19,32
2024-04-27 02:00:00,chennai,1,1,27.36,29.85,75.72,11.57,14,28,42
2024-04-27 03:00:00,chennai,1,1,26.87,28.12,75.14,10.51,19,26,45
2024-04-27 04:00:00,chennai,1,1,30.12,31.2,76.16,10.0,16,28,44
2024-04-27 05:00:00,chennai,1,3,28.29,29.81,84.59,14.54,8,20,28
2024-04-27 06:00:00,chennai,1,1,31.7,32.61,79.8,11.19,18,35,53
2024-04-27 07:00:00,chennai,1,2,31.44,33.27,71.86,10.06,29,49,78
2024-04-27 08:00:00,chennai,1,1,32.08,33.04,71.94,12.22,57,86,143
2024-04-27 09:00:00,chennai,1,1,32.98,34.95,76.43,26.35,48,75,123
2024-04-27 10:00:00,chennai,1,1,33.97,36.69,76.54,15.85,31,61,92
2024-04-27 11:00:00,chennai,1,1,32.02,32.8,66.23,19.75,31,64,95
2024-04-27 12:00:00,chennai,1,3,34.63,36.0,50.04,10.78,21,27,48
2024-04-27 13:00:00,chennai,1,1,36.38,38.34,63.83,10.38,36,67,103
2024-04-27 14:00:00,chennai,1,1,35.44,36.51,66.67,10.06,31,76,107
2024-04-27 15:00:00,chennai,1,4,33.68,35.64,63.46,25.58,6,13,19
2024-04-27 16:00:00,chennai,1,1,34.9,36.96,66.97,11.78,32,95,127
2024-04-27 17:00:00,chennai,1,1,36.37,38.96,66.71,13.08,42,114,156
2024-04-27 18:00:00,chennai,1,1,35.0,35.89,60.83,12.51,44,91,135
2024-04-27 19:00:00,chennai,1,1,32.46,33.02,64.98,16.56,23,52,75
2024-04-27 20:00:00,chennai,1,2,32.64,33.83,70.39,11.86,9,19,28
2024-04-27 21:00:00,chennai,1,4,30.02,30.56,79.92,13.83,1,1,2
2024-04-27 22:00:00,chennai,1,1,27.46,29.52,73.17,37.11,9,14,23
2024-04-27 23:00:00,chennai,1,2,27.56,27.9,81.35,12.94,6,16,22
2024-04-28 00:00:00,chennai,1,1,29.91,33.74,82.18,14.01,20,26,46
2024-04-28 01:00:00,chennai,1,3,27.31,30.1,89.59,13.49,7,14,21
2024-04-28 02:00:00,chennai,1,2,27.21,28.72,81.79,18.13,12,21,33
2024-04-28 03:00:00,chennai,1,1,27.28,29.64,72.89,11.55,11,26,37
2024-04-28 04:00:00,chennai,1,2,30.32,30.18,83.89,10.93,15,31,46
2024-04-28 05:00:00,chennai,1,2,30.62,34.65,89.76,17.01,20,24,44
2024-04-28 06:00:00,chennai,1,1,32.16,33.07,80.56,12.69,17,41,58
2024-04-28 07:00:00,chennai,1,2,30.27,31.65,70.65,22.25,27,48,75
2024-04-28 08:00:00,chennai,1,1,31.85,31.5,66.59,15.17,50,106,156
2024-04-28 09:00:00,chennai,1,2,30.72,32.7,64.65,14.15,32,92,124
2024-04-28 10:00:00,chennai,1,1,35.27,35.67,77.02,10.37,28,75,103
2024-04-28 11:00:00,chennai,1,2,32.93,34.53,63.29,16.55,27,45,72
2024-04-28 12:00:00,chennai,1,1,35.22,36.18,60.03,15.79,26,73,99
2024-04-28 13:00:00,chennai,1,1,34.05,34.47,61.55,15.11,32,78,110
2024-04-28 14:00:00,chennai,1,2,34.79,35.49,60.42,11.56,36,55,91
2024-04-28 15:00:00,chennai,1,1,34.36,36.08,70.18,24.66,49,79,128
2024-04-28 16:00:00,chennai,1,1,34.23,34.45,58.27,11.94,45,82,127
2024-04-28 17:00:00,chennai,1,1,33.68,34.43,70.83,10.83,42,101,143
2024-04-28 18:00:00,chennai,1,1,32.84,35.01,67.61,31.79,40,97,137
2024-04-28 19:00:00,chennai,1,1,33.54,37.64,75.45,16.86,20,49,69
2024-04-28 20:00:00,chennai,1,2,30.17,32.15,79.91,12.68,12,22,34
2024-04-28 21:00:00,chennai,1,1,30.73,31.31,75.01,23.74,6,10,16
2024-04-28 22:00:00,chennai,1,1,30.96,32.09,75.42,10.48,8,16,24
2024-04-28 23:00:00,chennai,1,2,28.06,29.59,79.4,10.46,11,17,28
2024-04-29 00:00:00,chennai,1,1,27.17,28.32,80.19,15.74,8,25,33
2024-04-29 01:00:00,chennai,1,1,27.36,29.76,73.37,10.98,6,32,38
2024-04-29 02:00:00,chennai,1,1,28.92,30.63,89.76,22.45,4,38,42
2024-04-29 03:00:00,chennai,1,1,27.87,30.28,82.89,19.17,6,35,41
2024-04-29 04:00:00,chennai,1,1,27.4,28.58,74.84,11.83,10,34,44
2024-04-29 05:00:00,chennai,1,1,29.25,32.08,68.73,20.98,5,33,38
2024-04-29 06:00:00,chennai,1,1,28.18,29.51,65.36,10.22,8,60,68
2024-04-29 07:00:00,chennai,1,1,31.28,31.81,78.44,13.98,24,90,114
2024-04-29 08:00:00,chennai,1,1,31.99,35.67,68.91,23.71,19,219,238
2024-04-29 09:00:00,chennai,1,1,32.17,31.84,67.14,19.67,38,200,238
2024-04-29 10:00:00,chennai,1,3,32.49,33.25,69.44,12.2,8,59,67
2024-04-29 11:00:00,chennai,1,3,33.26,34.14,62.35,11.01,4,28,32
2024-04-29 12:00:00,chennai,1,1,35.61,39.61,66.07,11.18,9,29,38
2024-04-29 13:00:00,chennai,1,1,36.84,40.15,62.82,13.61,4,26,30
2024-04-29 14:00:00,chennai,1,1,34.74,37.73,61.58,14.54,4,24,28
2024-04-29 15:00:00,chennai,1,1,35.91,37.08,54.48,10.17,10,38,48
2024-04-29 16:00:00,chennai,1,1,32.46,36.39,59.24,12.67,12,132,144
2024-04-29 17:00:00,chennai,1,1,33.63,35.5,67.94,18.87,54,225,279
2024-04-29 18:00:00,chennai,1,1,33.46,35.94,63.59,12.94,29,195,224
2024-04-29 19:00:00,chennai,1,1,31.44,33.12,75.44,10.93,12,133,145
2024-04-29 20:00:00,chennai,1,1,30.38,31.83,83.73,25.49,7,50,57
2024-04-29 21:00:00,chennai,1,1,29.66,30.91,77.87,11.55,5,28,33
2024-04-29 22:00:00,chennai,1,1,29.85,31.14,84.46,18.01,5,25,30
2024-04-29 23:00:00,chennai,1,1,28.45,30.56,82.67,11.08,4,28,32
2024-04-30 00:00:00,chennai,1,2,25.35,27.22,77.99,12.75,4,26,30
2024-04-30 01:00:00,chennai,1,1,25.09,26.56,82.66,13.37,3,38,41
2024-04-30 02:00:00,chennai,1,1,26.77,29.78,92.07,13.47,5,39,44
2024-04-30 03:00:00,chennai,1,1,28.19,26.72,79.04,13.63,3,33,36
2024-04-30 04:00:00,chennai,1,1,24.74,26.75,75.46,11.27,6,34,40
2024-04-30 05:00:00,chennai,1,1,28.07,30.29,73.4,13.63,6,49,55
2024-04-30 06:00:00,chennai,1,1,28.87,31.52,75.91,13.29,14,42,56
2024-04-30 07:00:00,chennai,1,1,32.13,33.57,69.57,11.17,22,107,129
2024-04-30 08:00:00,chennai,1,2,31.04,32.75,80.37,32.19,14,183,197
2024-04-30 09:00:00,chennai,1,1,32.99,35.48,70.49,20.03,28,223,251
2024-04-30 10:00:00,chennai,1,2,33.67,36.66,71.86,20.93,23,103,126
2024-04-30 11:00:00,chennai,1,1,31.77,32.97,63.44,15.78,7,39,46
2024-04-30 12:00:00,chennai,1,2,35.89,37.65,57.64,10.87,2,25,27
2024-04-30 13:00:00,chennai,1,1,35.62,38.8,55.79,14.2,3,28,31
2024-04-30 14:00:00,chennai,1,1,36.11,35.49,57.46,18.61,5,23,28
2024-04-30 15:00:00,chennai,1,1,40.08,40.89,64.08,10.2,9,44,53
2024-04-30 16:00:00,chennai,1,2,32.46,35.43,65.94,13.42,24,112,136
2024-04-30 17:00:00,chennai,1,1,36.4,38.99,67.94,12.52,34,218,252
2024-04-30 18:00:00,chennai,1,1,33.16,35.18,59.56,11.19,27,223,250
2024-04-30 19:00:00,chennai,1,2,32.88,33.93,69.41,12.38,10,104,114
2024-04-30 20:00:00,chennai,1,1,31.45,32.06,66.87,30.52,12,51,63
2024-04-30 21:00:00,chennai,1,3,29.96,30.86,76.6,16.42,2,8,10
2024-04-30 22:00:00,chennai,1,1,28.82,31.86,79.4,11.78,4,22,26
2024-04-30 23:00:00,chennai,1,1,29.07,29.94,73.21,14.65,8,31,39
2024-05-01 00:00:00,chennai,1,2,28.05,29.65,85.5,11.42,3,25,28
2024-05-01 01:00:00,chennai,1,1,30.37,31.11,93.35,14.72,8,43,51
2024-05-01 02:00:00,chennai,1,1,28.83,31.17,86.17,21.32,6,35,41
2024-05-01 03:00:00,chennai,1,1,28.11,29.07,80.85,14.07,7,36,43
2024-05-01 04:00:00,chennai,1,1,29.33,30.73,79.08,16.61,8,44,52
2024-05-01 05:00:00,chennai,1,1,32.01,31.83,78.03,13.02,14,36,50
2024-05-01 06:00:00,chennai,1,1,30.69,30.57,73.2,13.71,10,41,51
2024-05-01 07:00:00,chennai,1,2,32.72,34.23,75.85,15.94,27,99,126
2024-05-01 08:00:00,chennai,1,1,32.45,32.63,66.31,18.37,42,217,259
2024-05-01 09:00:00,chennai,1,1,35.27,38.88,59.96,15.39,11,204,215
2024-05-01 10:00:00,chennai,1,2,36.15,35.59,68.1,28.97,21,99,120
2024-05-01 11:00:00,chennai,1,1,38.38,39.08,65.04,18.57,13,50,63
2024-05-01 12:00:00,chennai,1,1,36.58,38.1,60.48,17.51,7,23,30
2024-05-01 13:00:00,chennai,1,1,38.0,39.13,55.93,19.32,4,22,26
2024-05-01 14:00:00,chennai,1,1,37.45,37.84,63.45,11.65,2,24,26
2024-05-01 15:00:00,chennai,1,2,38.75,39.29,57.39,12.83,7,44,51
2024-05-01 16:00:00,chennai,1,1,35.93,36.44,62.65,14.16,10,121,131
2024-05-01 17:00:00,chennai,1,2,37.05,38.27,73.75,13.1,47,173,220
2024-05-01 18:00:00,chennai,1,2,35.1,38.55,70.26,19.4,37,180,217
2024-05-01 19:00:00,chennai,1,2,34.29,35.87,62.57,10.14,16,115,131
2024-05-01 20:00:00,chennai,1,1,33.44,36.12,65.63,11.17,9,37,46
2024-05-01 21:00:00,chennai,1,1,32.6,34.6,75.35,20.67,6,19,25
2024-05-01 22:00:00,chennai,1,1,31.19,33.8,70.12,10.3,4,15,19
2024-05-01 23:00:00,chennai,1,1,30.76,29.46,69.06,11.29,9,28,37
2024-05-02 00:00:00,chennai,1,1,31.76,32.96,83.32,12.16,4,34,38
2024-05-02 01:00:00,chennai,1,2,30.65,33.46,83.26,16.95,6,24,30
2024-05-02 02:00:00,chennai,1,1,30.37,31.3,84.25,14.11,3,37,40
2024-05-02 03:00:00,chennai,1,1,28.92,32.18,82.97,25.46,9,26,35
2024-05-02 04:00:00,chennai,1,1,28.8,31.78,80.33,11.29,9,37,46
2024-05-02 05:00:00,chennai,1,1,31.65,32.68,75.76,20.28,7,45,52
2024-05-02 06:00:00,chennai,1,1,32.38,33.38,79.58,11.66,5,54,59
2024-05-02 07:00:00,chennai,1,1,34.06,34.55,82.24,11.41,18,125,143
2024-05-02 08:00:00,chennai,1,1,32.61,33.48,69.49,13.45,33,211,244
2024-05-02 09:00:00,chennai,1,1,34.09,34.36,64.31,10.37,37,192,229
2024-05-02 10:00:00,chennai,1,1,33.36,35.29,61.32,12.43,16,89,105
2024-05-02 11:00:00,chennai,1,2,35.69,35.73,60.6,12.2,5,36,41
2024-05-02 12:00:00,chennai,1,2,37.99,40.09,64.35,10.87,7,26,33
2024-05-02 13:00:00,chennai,1,1,36.63,38.76,51.64,19.86,2,30,32
2024-05-02 14:00:00,chennai,1,1,38.1,37.94,64.2,12.44,5,24,29
2024-05-02 15:00:00,chennai,1,1,36.97,40.02,65.56,30.06,9,49,58
2024-05-02 16:00:00,chennai,1,1,37.18,39.2,54.35,21.5,21,119,140
2024-05-02 17:00:00,chennai,1,2,34.78,37.03,60.03,11.08,44,201,245
2024-05-02 18:00:00,chennai,1,2,35.43,36.17,67.4,13.52,27,206,233
2024-05-02 19:00:00,chennai,1,1,30.78,32.9,68.69,14.6,17,133,150
2024-05-02 20:00:00,chennai,1,2,33.11,35.73,74.6,18.55,6,35,41
2024-05-02 21:00:00,chennai,1,1,30.34,31.74,73.88,20.84,3,18,21
2024-05-02 22:00:00,chennai,1,1,32.78,36.28,83.32,14.89,3,17,20
2024-05-02 23:00:00,chennai,1,1,31.43,32.98,77.47,10.18,5,24,29
2024-05-03 00:00:00,chennai,1,1,30.43,33.07,75.75,13.28,4,21,25
2024-05-03 01:00:00,chennai,1,1,31.29,33.08,76.34,20.81,3,19,22
2024-05-03 02:00:00,chennai,1,3,28.19,30.28,85.68,16.26,3,13,16
2024-05-03 03:00:00,chennai,1,1,31.56,31.39,81.81,20.21,7,43,50
2024-05-03 04:00:00,chennai,1,1,30.98,32.86,83.83,15.61,9,35,44
2024-05-03 05:00:00,chennai,1,1,30.22,30.98,82.14,10.23,9,44,53
2024-05-03 06:00:00,chennai,1,1,32.69,33.35,66.9,27.21,8,46,54
2024-05-03 07:00:00,chennai,1,4,30.97,34.21,68.89,22.51,3,24,27
2024-05-03 08:00:00,chennai,1,3,32.34,33.63,66.9,10.68,27,100,127
2024-05-03 09:00:00,chennai,1,1,33.64,34.13,65.33,10.6,40,179,219
2024-05-03 10:00:00,chennai,1,2,34.7,35.84,64.9,13.87,20,93,113
2024-05-03 11:00:00,chennai,1,1,34.89,35.09,69.92,17.07,11,34,45
2024-05-03 12:00:00,chennai,1,1,38.26,41.2,69.33,12.41,7,31,38
2024-05-03 13:00:00,chennai,1,2,36.88,37.69,60.88,10.73,5,28,33
2024-05-03 14:00:00,chennai,1,1,37.75,39.78,60.74,13.57,5,34,39
2024-05-03 15:00:00,chennai,1,1,36.51,39.37,58.81,12.06,7,51,58
2024-05-03 16:00:00,chennai,1,2,34.61,35.61,63.79,12.17,21,106,127
2024-05-03 17:00:00,chennai,1,1,36.48,38.51,65.94,15.18,48,196,244
2024-05-03 18:00:00,chennai,1,3,33.04,33.51,71.03,20.84,29,118,147
2024-05-03 19:00:00,chennai,1,2,34.28,38.23,73.4,14.09,11,120,131
2024-05-03 20:00:00,chennai,1,1,31.69,34.12,60.49,15.82,10,39,49
2024-05-03 21:00:00,chennai,1,1,34.68,35.99,73.83,15.39,4,22,26
2024-05-03 22:00:00,chennai,1,1,32.42,33.15,83.92,14.01,3,20,23
2024-05-03 23:00:00,chennai,1,2,30.63,32.01,76.88,11.86,4,22,26
2024-05-04 00:00:00,chennai,1,2,31.38,32.54,86.36,12.37,12,18,30
2024-05-04 01:00:00,chennai,1,2,28.45,31.9,80.13,11.9,9,21,30
2024-05-04 02:00:00,chennai,1,1,29.98,30.26,82.87,22.47,13,23,36
2024-05-04 03:00:00,chennai,1,2,29.71,31.34,75.97,18.76,10,28,38
2024-05-04 04:00:00,chennai,1,3,30.18,31.66,75.16,14.33,11,16,27
2024-05-04 05:00:00,chennai,1,1,32.03,33.41,82.7,22.17,14,33,47
2024-05-04 06:00:00,chennai,1,1,32.21,33.6,81.41,20.88,17,30,47
2024-05-04 07:00:00,chennai,1,1,32.64,34.03,74.72,23.13,31,62,93
2024-05-04 08:00:00,chennai,1,1,31.34,33.72,65.86,11.25,50,104,154
2024-05-04 09:00:00,chennai,1,1,33.21,35.32,69.63,16.32,35,104,139
2024-05-04 10:00:00,chennai,1,1,35.18,37.1,73.29,14.7,31,80,111
2024-05-04 11:00:00,chennai,1,1,36.27,34.74,73.64,16.62,24,46,70
2024-05-04 12:00:00,chennai,1,2,35.44,37.24,61.76,11.53,24,56,80
2024-05-04 13:00:00,chennai,1,2,40.09,39.93,54.04,15.93,35,69,104
2024-05-04 14:00:00,chennai,1,2,39.15,41.3,66.2,12.64,29,63,92
2024-05-04 15:00:00,chennai,1,1,37.92,40.89,60.96,18.98,37,74,111
2024-05-04 16:00:00,chennai,1,2,36.88,37.45,68.05,17.93,40,97,137
2024-05-04 17:00:00,chennai,1,1,35.9,37.14,66.33,11.19,55,113,168
2024-05-04 18:00:00,chennai,1,2,34.19,35.09,62.58,11.02,33,64,97
2024-05-04 19:00:00,chennai,1,1,34.46,37.19,69.7,16.32,26,49,75
2024-05-04 20:00:00,chennai,1,2,33.64,35.23,78.54,14.0,9,25,34
2024-05-04 21:00:00,chennai,1,3,30.8,34.03,73.84,14.07,6,11,17
2024-05-04 22:00:00,chennai,1,2,31.73,33.64,71.83,16.98,6,15,21
2024-05-04 23:00:00,chennai,1,1,30.32,32.06,71.13,19.65,9,24,33
2024-05-05 00:00:00,chennai,1,1,27.58,29.14,76.8,11.37,13,18,31
2024-05-05 01:00:00,chennai,1,1,28.43,30.75,79.61,14.05,15,25,40
2024-05-05 02:00:00,chennai,1,1,28.83,28.6,86.1,18.83,12,19,31
2024-05-05 03:00:00,chennai,1,1,31.73,33.32,76.06,20.31,12,24,36
2024-05-05 04:00:00,chennai,1,1,30.53,31.96,88.43,11.69,12,25,37
2024-05-05 05:00:00,chennai,1,1,28.9,31.12,72.39,10.55,15,21,36
2024-05-05 06:00:00,chennai,1,2,31.91,33.23,88.66,11.33,19,35,54
2024-05-05 07:00:00,chennai,1,2,30.44,30.9,83.22,24.55,24,56,80
2024-05-05 08:00:00,chennai,1,1,34.63,36.14,72.71,13.1,41,95,136
2024-05-05 09:00:00,chennai,1,1,33.8,34.22,61.17,12.71,47,82,129
2024-05-05 10:00:00,chennai,1,1,35.22,34.79,66.72,10.07,29,59,88
2024-05-05 11:00:00,chennai,1,1,37.75,39.98,62.99,10.26,35,53,88
2024-05-05 12:00:00,chennai,1,2,35.25,37.33,56.97,15.52,33,60,93
2024-05-05 13:00:00,chennai,1,1,35.52,37.48,63.8,14.46,31,76,107
2024-05-05 14:00:00,chennai,1,1,36.63,39.43,57.88,14.28,48,60,108
2024-05-05 15:00:00,chennai,1,1,38.44,39.27,58.77,10.58,37,86,123
2024-05-05 16:00:00,chennai,1,2,34.97,35.04,62.32,12.17,33,82,115
2024-05-05 17:00:00,chennai,1,3,32.76,34.19,62.05,18.37,30,56,86
2024-05-05 18:00:00,chennai,1,1,34.79,35.94,77.39,10.96,57,97,154
2024-05-05 19:00:00,chennai,1,2,35.03,35.69,66.73,20.71,17,39,56
2024-05-05 20:00:00,chennai,1,1,34.77,36.19,74.2,10.65,15,25,40
2024-05-05 21:00:00,chennai,1,1,31.74,32.63,75.32,10.93,7,15,22
2024-05-05 22:00:00,chennai,1,2,30.84,30.5,78.76,13.25,11,12,23
2024-05-05 23:00:00,chennai,1,2,31.89,32.95,81.22,24.53,12,20,32
2024-05-06 00:00:00,chennai,1,1,27.62,27.99,85.07,12.0,3,33,36
2024-05-06 01:00:00,chennai,1,1,29.0,30.73,82.99,15.37,4,33,37
2024-05-06 02:00:00,chennai,1,1,29.56,30.4,83.12,14.44,7,34,41
2024-05-06 03:00:00,chennai,1,2,30.01,32.62,81.95,10.81,6,45,51
2024-05-06 04:00:00,chennai,1,2,29.25,32.36,79.97,11.43,6,33,39
2024-05-06 05:00:00,chennai,1,1,30.54,32.72,74.51,23.31,16,47,63
2024-05-06 06:00:00,chennai,1,1,28.34,28.29,76.7,11.02,12,54,66
2024-05-06 07:00:00,chennai,1,1,31.5,34.51,75.79,15.94,27,122,149
2024-05-06 08:00:00,chennai,1,1,33.87,36.95,74.01,26.72,56,169,225
2024-05-06 09:00:00,chennai,1,1,33.19,34.71,70.31,10.64,26,205,231
2024-05-06 10:00:00,chennai,1,1,35.4,38.22,65.84,12.55,18,105,123
2024-05-06 11:00:00,chennai,1,1,36.69,37.64,64.64,11.27,9,55,64
2024-05-06 12:00:00,chennai,1,1,36.38,36.02,60.57,11.25,4,28,32
2024-05-06 13:00:00,chennai,1,1,37.4,38.14,63.91,10.63,4,23,27
2024-05-06 14:00:00,chennai,1,1,36.17,39.4,60.89,15.24,4,31,35
2024-05-06 15:00:00,chennai,1,1,36.95,36.95,63.24,16.86,7,56,63
2024-05-06 16:00:00,chennai,1,1,37.53,39.03,68.34,15.65,20,125,145
2024-05-06 17:00:00,chennai,1,1,36.35,37.88,61.38,22.93,24,183,207
2024-05-06 18:00:00,chennai,1,1,34.63,35.61,69.98,10.79,41,206,247
2024-05-06 19:00:00,chennai,1,1,34.63,35.69,69.58,11.93,16,141,157
2024-05-06 20:00:00,chennai,1,2,34.19,35.76,82.11,12.11,9,36,45
2024-05-06 21:00:00,chennai,1,1,29.83,30.77,73.51,11.32,6,24,30
2024-05-06 22:00:00,chennai,1,1,32.72,32.8,80.48,10.77,4,18,22
2024-05-06 23:00:00,chennai,1,1,30.1,31.81,79.15,13.33,5,31,36
2024-05-07 00:00:00,chennai,1,1,30.38,32.95,73.72,18.99,6,31,37
2024-05-07 01:00:00,chennai,1,1,30.9,33.27,79.06,25.45,5,29,34
2024-05-07 02:00:00,chennai,1,1,27.68,28.37,86.4,10.69,7,39,46
2024-05-07 03:00:00,chennai,1,1,28.62,28.86,79.5,18.66,4,43,47
2024-05-07 04:00:00,chennai,1,2,29.52,30.74,69.56,18.7,7,39,46
2024-05-07 05:00:00,chennai,1,1,29.56,32.63,78.91,12.46,8,42,50
2024-05-07 06:00:00,chennai,1,1,33.41,35.56,71.54,10.58,11,39,50
2024-05-07 07:00:00,chennai,1,1,31.27,33.47,75.25,33.03,14,131,145
2024-05-07 08:00:00,chennai,1,1,32.66,35.05,79.76,15.33,19,193,212
2024-05-07 09:00:00,chennai,1,1,34.61,36.53,73.26,30.14,45,180,225
2024-05-07 10:00:00,chennai,1,1,33.89,35.51,74.68,13.3,8,97,105
2024-05-07 11:00:00,chennai,1,1,35.68,37.85,62.12,12.51,10,34,44
2024-05-07 12:00:00,chennai,1,2,37.18,38.13,62.62,11.42,6,24,30
2024-05-07 13:00:00,chennai,1,1,36.79,36.88,57.12,30.54,6,27,33
2024-05-07 14:00:00,chennai,1,1,37.22,39.44,58.58,11.46,2,23,25
2024-05-07 15:00:00,chennai,1,2,36.56,39.3,57.71,10.12,9,53,62
2024-05-07 16:00:00,chennai,1,2,34.98,35.36,56.81,13.59,20,115,135
2024-05-07 17:00:00,chennai,1,1,36.54,38.87,71.76,12.37,41,208,249
2024-05-07 18:00:00,chennai,1,2,37.44,40.62,56.54,11.51,47,217,264
2024-05-07 19:00:00,chennai,1,1,34.39,35.89,76.26,15.03,15,120,135
2024-05-07 20:00:00,chennai,1,2,33.6,34.28,78.23,12.26,10,39,49
2024-05-07 21:00:00,chennai,1,3,33.13,34.75,77.09,12.57,3,13,16
2024-05-07 22:00:00,chennai,1,2,29.81,30.76,71.43,10.12,4,16,20
2024-05-07 23:00:00,chennai,1,1,32.54,33.43,71.16,14.45,4,23,27
2024-05-08 00:00:00,chennai,1,1,30.11,32.04,77.92,10.65,6,28,34
2024-05-08 01:00:00,chennai,1,1,31.42,31.32,84.78,11.2,2,43,45
2024-05-08 02:00:00,chennai,1,2,28.45,28.51,82.02,16.31,7,33,40
2024-05-08 03:00:00,chennai,1,2,31.65,33.17,76.44,11.88,11,38,49
2024-05-08 04:00:00,chennai,1,1,30.8,32.27,86.4,10.89,8,35,43
2024-05-08 05:00:00,chennai,1,1,31.17,33.01,87.49,14.31,10,45,55
2024-05-08 06:00:00,chennai,1,1,31.61,34.99,75.87,11.21,11,46,57
2024-05-08 07:00:00,chennai,1,1,32.0,33.6,75.13,11.58,26,99,125
2024-05-08 08:00:00,chennai,1,2,34.77,36.87,64.46,14.86,30,186,216
2024-05-08 09:00:00,chennai,1,1,34.53,35.06,67.34,16.73,50,200,250
2024-05-08 10:00:00,chennai,1,1,32.97,35.24,69.55,16.73,18,87,105
2024-05-08 11:00:00,chennai,1,3,34.82,35.79,66.7,13.29,5,25,30
2024-05-08 12:00:00,chennai,1,1,36.57,38.14,60.8,13.03,8,30,38
2024-05-08 13:00:00,chennai,1,1,37.57,38.96,60.97,17.75,3,23,26
2024-05-08 14:00:00,chennai,1,1,37.26,39.8,59.76,11.07,5,34,39
2024-05-08 15:00:00,chennai,1,1,38.66,38.85,60.95,10.83,3,50,53
2024-05-08 16:00:00,chennai,1,1,34.45,33.67,65.46,15.46,13,108,121
2024-05-08 17:00:00,chennai,1,1,36.33,37.62,55.09,12.63,29,201,230
2024-05-08 18:00:00,chennai,1,1,33.15,35.12,66.63,16.19,42,242,284
2024-05-08 19:00:00,chennai,1,2,35.28,36.93,71.16,11.48,21,98,119
2024-05-08 20:00:00,chennai,1,1,33.22,35.95,69.15,11.96,13,56,69
2024-05-08 21:00:00,chennai,1,2,32.8,34.74,72.19,21.35,2,27,29
2024-05-08 22:00:00,chennai,1,1,30.29,31.23,74.75,12.74,5,28,33
2024-05-08 23:00:00,chennai,1,1,32.04,31.21,76.68,14.47,4,31,35
2024-05-09 00:00:00,chennai,1,1,31.12,32.38,80.69,10.56,3,29,32
2024-05-09 01:00:00,chennai,1,1,30.17,32.69,82.3,10.99,5,24,29
2024-05-09 02:00:00,chennai,1,2,29.17,30.28,71.5,10.18,6,30,36
2024-05-09 03:00:00,chennai,1,2,30.16,31.69,84.92,12.76,7,35,42
2024-05-09 04:00:00,chennai,1,1,29.02,30.94,79.21,32.51,7,30,37
2024-05-09 05:00:00,chennai,1,3,31.53,32.01,88.74,20.35,3,23,26
2024-05-09 06:00:00,chennai,1,1,33.31,35.43,71.04,15.01,14,56,70
2024-05-09 07:00:00,chennai,1,1,33.58,36.72,70.25,19.87,14,120,134
2024-05-09 08:00:00,chennai,1,1,32.45,33.78,70.99,14.51,23,216,239
2024-05-09 09:00:00,chennai,1,1,34.8,35.17,71.48,12.3,43,208,251
2024-05-09 10:00:00,chennai,1,1,33.78,35.21,57.25,10.95,20,103,123
2024-05-09 11:00:00,chennai,1,1,36.85,36.12,60.78,15.29,6,52,58
2024-05-09 12:00:00,chennai,1,2,37.33,39.17,66.3,11.07,2,19,21
2024-05-09 13:00:00,chennai,1,2,34.95,36.9,57.6,12.7,4,18,22
2024-05-09 14:00:00,chennai,1,2,35.94,39.11,68.85,18.74,5,25,30
2024-05-09 15:00:00,chennai,1,4,36.85,38.16,60.07,10.69,1,10,11
2024-05-09 16:00:00,chennai,1,1,36.43,38.34,58.84,10.69,15,110,125
2024-05-09 17:00:00,chennai,1,2,34.71,35.35,67.98,11.27,25,211,236
2024-05-09 18:00:00,chennai,1,1,35.8,36.94,75.04,14.01,12,237,249
2024-05-09 19:00:00,chennai,1,2,34.67,34.64,71.49,11.45,29,105,134
2024-05-09 20:00:00,chennai,1,1,33.1,34.4,78.3,13.5,9,48,57
2024-05-09 21:00:00,chennai,1,4,31.39,32.58,82.97,11.8,1,3,4
2024-05-09 22:00:00,chennai,1,2,32.59,34.39,72.39,13.53,4,22,26
2024-05-09 23:00:00,chennai,1,2,32.49,33.36,83.76,11.63,2,19,21
2024-05-10 00:00:00,chennai,1,1,29.29,30.87,73.04,29.56,4,34,38
2024-05-10 01:00:00,chennai,1,2,28.73,29.9,83.78,13.39,4,36,40
2024-05-10 02:00:00,chennai,1,1,29.92,31.09,81.64,16.81,5,35,40
2024-05-10 03:00:00,chennai,1,1,29.04,30.62,87.87,16.03,4,47,51
2024-05-10 04:00:00,chennai,1,1,29.7,31.24,86.52,13.37,6,37,43
2024-05-10 05:00:00,chennai,1,1,31.39,33.65,81.92,11.36,4,30,34
2024-05-10 06:00:00,chennai,1,1,29.04,30.42,78.49,13.57,11,46,57
2024-05-10 07:00:00,chennai,1,2,33.88,35.03,77.13,15.71,22,102,124
2024-05-10 08:00:00,chennai,1,1,33.42,34.74,72.31,13.08,34,226,260
2024-05-10 09:00:00,chennai,1,1,33.87,34.66,69.11,10.43,41,196,237
2024-05-10 10:00:00,chennai,1,2,35.22,36.36,74.21,10.09,11,102,113
2024-05-10 11:00:00,chennai,1,1,36.11,39.64,72.74,11.99,5,50,55
2024-05-10 12:00:00,chennai,1,1,34.72,35.3,62.63,10.81,5,31,36
2024-05-10 13:00:00,chennai,1,1,38.99,40.21,63.53,21.83,7,35,42
2024-05-10 14:00:00,chennai,1,1,37.38,38.49,62.41,10.97,5,29,34
2024-05-10 15:00:00,chennai,1,1,37.73,38.98,54.28,12.51,14,50,64
2024-05-10 16:00:00,chennai,1,1,37.94,39.1,61.66,16.23,27,118,145
2024-05-10 17:00:00,chennai,1,1,34.93,36.71,72.93,18.45,52,208,260
2024-05-10 18:00:00,chennai,1,2,35.9,35.69,63.25,13.25,24,171,195
2024-05-10 19:00:00,chennai,1,2,34.04,36.58,79.98,11.0,22,110,132
2024-05-10 20:00:00,chennai,1,1,34.35,36.48,77.86,11.58,4,39,43
2024-05-10 21:00:00,chennai,1,1,29.74,30.0,76.6,12.71,2,17,19
2024-05-10 22:00:00,chennai,1,1,31.21,30.44,79.8,12.27,5,26,31
2024-05-10 23:00:00,chennai,1,1,29.78,30.3,74.49,12.14,3,25,28
2024-05-11 00:00:00,chennai,1,2,30.38,31.64,79.33,10.71,11,25,36
2024-05-11 01:00:00,chennai,1,3,30.03,34.11,88.87,22.23,8,13,21
2024-05-11 02:00:00,chennai,1,2,28.48,30.52,78.93,10.15,11,23,34
2024-05-11 03:00:00,chennai,1,1,28.61,28.3,86.96,12.9,23,34,57
2024-05-11 04:00:00,chennai,1,1,29.73,30.54,73.78,29.64,16,30,46
2024-05-11 05:00:00,chennai,1,1,29.43,30.87,73.08,15.39,18,36,54
2024-05-11 06:00:00,chennai,1,1,32.34,34.09,86.51,12.2,22,38,60
2024-05-11 07:00:00,chennai,1,1,31.85,32.04,74.53,10.79,32,62,94
2024-05-11 08:00:00,chennai,1,2,29.84,31.21,69.31,26.6,41,72,113
2024-05-11 09:00:00,chennai,1,1,33.92,34.7,76.23,10.07,45,102,147
2024-05-11 10:00:00,chennai,1,1,34.08,34.48,73.23,15.72,21,78,99
2024-05-11 11:00:00,chennai,1,1,34.2,35.96,69.53,20.61,27,68,95
2024-05-11 12:00:00,chennai,1,1,35.31,37.58,60.49,10.13,30,63,93
2024-05-11 13:00:00,chennai,1,1,37.33,39.67,60.91,16.46,43,73,116
2024-05-11 14:00:00,chennai,1,2,38.92,41.0,63.56,43.79,45,54,99
2024-05-11 15:00:00,chennai,1,2,37.57,38.57,65.81,15.1,35,73,108
2024-05-11 16:00:00,chennai,1,1,36.07,38.28,60.8,12.68,45,96,141
2024-05-11 17:00:00,chennai,1,1,36.71,38.51,65.78,20.37,59,101,160
2024-05-11 18:00:00,chennai,1,2,34.78,36.41,68.34,14.04,42,75,117
2024-05-11 19:00:00,chennai,1,1,33.53,34.42,75.85,16.92,28,48,76
2024-05-11 20:00:00,chennai,1,1,31.94,32.95,75.77,14.43,11,21,32
2024-05-11 21:00:00,chennai,1,1,30.19,31.77,67.05,10.2,4,12,16
2024-05-11 22:00:00,chennai,1,1,30.86,34.8,75.93,11.2,9,15,24
2024-05-11 23:00:00,chennai,1,1,30.69,32.49,74.43,10.41,8,15,23
2024-05-12 00:00:00,chennai,1,1,29.75,30.64,83.5,10.56,8,22,30
2024-05-12 01:00:00,chennai,1,1,28.97,29.63,86.28,10.08,16,25,41
2024-05-12 02:00:00,chennai,1,3,28.2,29.2,82.51,12.73,11,17,28
2024-05-12 03:00:00,chennai,1,1,30.2,33.87,80.32,10.98,12,21,33
2024-05-12 04:00:00,chennai,1,1,28.29,29.39,81.01,19.68,15,31,46
2024-05-12 05:00:00,chennai,1,2,31.43,33.84,80.12,16.93,21,38,59
2024-05-12 06:00:00,chennai,1,3,30.13,31.25,73.8,14.26,11,24,35
2024-05-12 07:00:00,chennai,1,1,31.39,33.15,68.49,13.36,24,61,85
2024-05-12 08:00:00,chennai,1,2,31.57,33.86,61.75,11.48,42,79,121
2024-05-12 09:00:00,chennai,1,3,33.76,34.69,75.75,13.22,19,49,68
2024-05-12 10:00:00,chennai,1,2,36.5,37.36,69.48,15.13,30,57,87
2024-05-12 11:00:00,chennai,1,2,36.78,39.94,66.74,17.62,28,52,80
2024-05-12 12:00:00,chennai,1,2,37.97,40.45,69.67,10.43,26,58,84
2024-05-12 13:00:00,chennai,1,1,37.82,40.11,56.06,16.16,44,55,99
2024-05-12 14:00:00,chennai,1,2,36.01,38.29,53.32,16.79,38,82,120
2024-05-12 15:00:00,chennai,1,1,36.8,38.76,64.26,14.09,49,87,136
2024-05-12 16:00:00,chennai,1,1,35.86,39.38,64.81,11.21,44,86,130
2024-05-12 17:00:00,chennai,1,1,37.76,39.3,56.27,13.87,60,90,150
2024-05-12 18:00:00,chennai,1,2,33.89,35.97,68.8,13.49,42,85,127
2024-05-12 19:00:00,chennai,1,1,35.44,35.49,67.41,13.23,20,51,71
2024-05-12 20:00:00,chennai,1,2,34.4,35.08,67.96,13.09,12,20,32
2024-05-12 21:00:00,chennai,1,1,34.49,34.79,72.92,10.59,5,13,18
2024-05-12 22:00:00,chennai,1,2,30.84,33.61,64.79,11.01,8,19,27
2024-05-12 23:00:00,chennai,1,2,31.36,30.3,76.11,10.51,10,20,30
2024-05-13 00:00:00,chennai,1,1,32.6,33.7,77.14,11.39,5,33,38
2024-05-13 01:00:00,chennai,1,2,28.73,27.23,84.44,11.53,4,23,27
2024-05-13 02:00:00,chennai,1,1,27.49,28.16,81.21,11.41,5,31,36
2024-05-13 03:00:00,chennai,1,2,27.21,28.22,84.85,11.18,7,40,47
2024-05-13 04:00:00,chennai,1,2,30.72,33.61,67.91,16.65,5,38,43
2024-05-13 05:00:00,chennai,1,1,28.24,30.14,74.88,18.53,9,45,54
2024-05-13 06:00:00,chennai,1,1,30.88,31.55,79.78,11.98,8,62,70
2024-05-13 07:00:00,chennai,1,1,32.82,35.39,73.04,11.82,11,119,130
2024-05-13 08:00:00,chennai,1,1,33.55,35.07,76.23,19.29,22,216,238
2024-05-13 09:00:00,chennai,1,1,34.88,36.41,60.39,14.89,32,216,248
2024-05-13 10:00:00,chennai,1,1,35.6,35.89,70.66,11.74,27,108,135
2024-05-13 11:00:00,chennai,1,1,37.69,38.2,61.73,16.25,8,48,56
2024-05-13 12:00:00,chennai,1,1,35.65,36.33,59.66,12.11,5,35,40
2024-05-13 13:00:00,chennai,1,2,36.38,37.93,67.3,14.42,4,25,29
2024-05-13 14:00:00,chennai,1,1,36.4,37.98,67.81,34.55,3,26,29
2024-05-13 15:00:00,chennai,1,3,38.19,41.23,67.51,11.79,2,23,25
2024-05-13 16:00:00,chennai,1,1,37.87,39.76,73.53,23.33,14,124,138
2024-05-13 17:00:00,chennai,1,1,36.7,35.49,71.26,11.93,25,227,252
2024-05-13 18:00:00,chennai,1,2,36.75,38.51,63.02,13.89,61,166,227
2024-05-13 19:00:00,chennai,1,3,32.95,33.0,70.12,13.08,21,65,86
2024-05-13 20:00:00,chennai,1,1,35.33,35.86,70.2,17.64,12,36,48
2024-05-13 21:00:00,chennai,1,1,34.12,34.81,84.73,10.32,2,26,28
2024-05-13 22:00:00,chennai,1,1,32.21,33.05,82.52,14.93,7,23,30
2024-05-13 23:00:00,chennai,1,1,32.64,32.76,78.13,17.15,3,20,23
2024-05-14 00:00:00,chennai,1,1,27.88,29.58,85.05,13.19,10,31,41
2024-05-14 01:00:00,chennai,1,1,28.84,28.93,75.5,10.56,7,31,38
2024-05-14 02:00:00,chennai,1,1,28.45,30.3,83.25,11.4,5,41,46
2024-05-14 03:00:00,chennai,1,2,30.33,34.07,76.97,15.69,12,41,53
2024-05-14 04:00:00,chennai,1,1,28.61,28.78,72.22,21.29,13,44,57
2024-05-14 05:00:00,chennai,1,1,31.41,32.63,82.99,12.74,5,51,56
2024-05-14 06:00:00,chennai,1,1,32.97,31.95,81.54,14.11,10,48,58
2024-05-14 07:00:00,chennai,1,2,33.13,34.33,76.87,11.3,7,121,128
2024-05-14 08:00:00,chennai,1,2,33.67,35.81,71.09,12.66,28,190,218
2024-05-14 09:00:00,chennai,1,1,33.18,35.4,63.08,12.05,32,216,248
2024-05-14 10:00:00,chennai,1,2,34.31,35.89,61.19,15.33,14,95,109
2024-05-14 11:00:00,chennai,1,2,37.66,40.05,60.08,30.9,11,37,48
2024-05-14 12:00:00,chennai,1,1,37.73,41.78,62.17,18.39,3,38,41
2024-05-14 13:00:00,chennai,1,2,37.15,40.36,67.72,11.07,3,19,22
2024-05-14 14:00:00,chennai,1,1,36.83,37.81,67.3,14.31,7,28,35
2024-05-14 15:00:00,chennai,1,1,34.76,34.81,54.1,10.34,5,54,59
2024-05-14 16:00:00,chennai,1,1,35.51,36.6,59.87,11.42,16,133,149
2024-05-14 17:00:00,chennai,1,1,38.45,39.01,61.33,10.95,52,199,251
2024-05-14 18:00:00,chennai,1,4,33.79,35.74,54.34,12.04,11,41,52
2024-05-14 19:00:00,chennai,1,2,34.59,34.91,72.24,15.68,16,107,123
2024-05-14 20:00:00,chennai,1,3,34.54,35.97,70.77,13.46,7,27,34
2024-05-14 21:00:00,chennai,1,1,30.79,33.13,74.02,23.51,6,22,28
2024-05-14 22:00:00,chennai,1,3,31.55,32.95,83.73,11.2,2,16,18
2024-05-14 23:00:00,chennai,1,1,31.63,32.18,79.51,12.26,5,20,25
2024-05-15 00:00:00,chennai,1,2,29.88,32.56,78.51,12.0,3,22,25
2024-05-15 01:00:00,chennai,1,1,32.91,32.53,84.52,11.35,3,31,34
2024-05-15 02:00:00,chennai,1,1,27.33,28.5,87.29,34.93,6,32,38
2024-05-15 03:00:00,chennai,1,3,30.74,32.2,83.14,12.45,3,21,24
2024-05-15 04:00:00,chennai,1,1,29.66,31.17,84.11,24.11,6,48,54
2024-05-15 05:00:00,chennai,1,1,31.43,33.11,78.34,12.48,7,47,54
2024-05-15 06:00:00,chennai,1,1,31.86,33.97,76.59,11.14,10,65,75
2024-05-15 07:00:00,chennai,1,1,31.42,32.88,75.15,10.63,20,104,124
2024-05-15 08:00:00,chennai,1,2,33.6,34.74,68.23,19.67,47,185,232
2024-05-15 09:00:00,chennai,1,1,32.14,33.23,66.57,10.16,46,182,228
2024-05-15 10:00:00,chennai,1,2,36.05,36.94,73.89,26.68,18,108,126
2024-05-15 11:00:00,chennai,1,1,36.52,38.8,74.97,12.71,6,41,47
2024-05-15 12:00:00,chennai,1,2,37.56,38.41,71.3,11.42,7,24,31
2024-05-15 13:00:00,chennai,1,1,38.46,40.81,55.72,14.8,5,30,35
2024-05-15 14:00:00,chennai,1,1,37.77,39.29,54.9,10.71,4,30,34
2024-05-15 15:00:00,chennai,1,1,37.37,38.35,56.39,10.37,7,40,47
2024-05-15 16:00:00,chennai,1,1,35.74,37.86,64.01,18.8,7,114,121
2024-05-15 17:00:00,chennai,1,2,35.3,36.08,50.89,12.76,33,225,258
2024-05-15 18:00:00,chennai,1,1,36.75,38.89,64.06,13.65,31,220,251
2024-05-15 19:00:00,chennai,1,1,36.09,37.8,76.45,10.97,15,125,140
2024-05-15 20:00:00,chennai,1,2,33.04,33.95,76.91,10.32,9,43,52
2024-05-15 21:00:00,chennai,1,1,32.35,34.38,72.04,12.29,7,26,33
2024-05-15 22:00:00,chennai,1,2,30.24,32.29,74.83,13.53,5,17,22
2024-05-15 23:00:00,chennai,1,3,31.91,34.57,81.91,17.25,2,16,18
2024-05-16 00:00:00,chennai,1,2,30.66,33.13,85.34,13.48,4,28,32
2024-05-16 01:00:00,chennai,1,1,31.8,33.79,78.99,17.63,5,37,42
2024-05-16 02:00:00,chennai,1,1,28.28,28.65,80.83,10.61,4,20,24
2024-05-16 03:00:00,chennai,1,1,29.01,32.96,78.83,10.33,3,43,46
2024-05-16 04:00:00,chennai,1,2,30.14,30.24,74.0,10.86,6,41,47
2024-05-16 05:00:00,chennai,1,1,31.28,33.73,77.97,17.39,10,49,59
2024-05-16 06:00:00,chennai,1,1,31.07,33.0,75.52,17.12,7,55,62
2024-05-16 07:00:00,chennai,1,1,31.25,31.57,68.28,10.76,19,125,144
2024-05-16 08:00:00,chennai,1,1,34.39,35.76,75.23,10.16,47,187,234
2024-05-16 09:00:00,chennai,1,1,35.23,36.65,71.83,15.78,36,206,242
2024-05-16 10:00:00,chennai,1,2,34.23,37.04,70.48,19.66,25,96,121
2024-05-16 11:00:00,chennai,1,1,37.79,38.57,61.09,17.01,14,45,59
2024-05-16 12:00:00,chennai,1,1,38.2,39.44,53.42,11.13,8,35,43
2024-05-16 13:00:00,chennai,1,2,37.35,36.52,64.68,14.38,4,22,26
2024-05-16 14:00:00,chennai,1,2,37.43,40.66,58.68,17.08,6,20,26
2024-05-16 15:00:00,chennai,1,1,37.86,38.29,57.89,11.48,3,48,51
2024-05-16 16:00:00,chennai,1,1,35.76,37.59,57.05,13.75,11,137,148
2024-05-16 17:00:00,chennai,1,2,36.19,37.59,63.55,11.89,38,166,204
2024-05-16 18:00:00,chennai,1,1,32.75,34.15,74.89,11.28,64,168,232
2024-05-16 19:00:00,chennai,1,1,35.42,37.73,66.88,27.46,24,109,133
2024-05-16 20:00:00,chennai,1,1,31.46,34.63,66.55,22.19,7,37,44
2024-05-16 21:00:00,chennai,1,1,34.1,35.85,77.85,12.95,2,17,19
2024-05-16 22:00:00,chennai,1,2,30.93,33.09,77.86,10.74,4,16,20
2024-05-16 23:00:00,chennai,1,1,30.25,32.08,68.47,16.51,6,24,30
2024-05-17 00:00:00,chennai,1,1,29.11,31.63,83.97,11.48,6,28,34
2024-05-17 01:00:00,chennai,1,2,29.12,30.16,92.3,10.92,5,27,32
2024-05-17 02:00:00,chennai,1,2,31.03,33.61,69.0,12.4,8,33,41
2024-05-17 03:00:00,chennai,1,1,26.48,29.09,75.48,13.77,8,40,48
2024-05-17 04:00:00,chennai,1,1,31.4,33.98,66.42,10.51,9,44,53
2024-05-17 05:00:00,chennai,1,2,30.91,31.75,78.69,14.24,9,35,44
2024-05-17 06:00:00,chennai,1,1,29.88,31.21,81.95,10.08,7,65,72
2024-05-17 07:00:00,chennai,1,1,31.0,32.74,75.12,21.12,18,105,123
2024-05-17 08:00:00,chennai,1,1,35.34,35.47,78.96,22.68,37,202,239
2024-05-17 09:00:00,chennai,1,2,33.23,36.33,73.56,16.6,18,183,201
2024-05-17 10:00:00,chennai,1,2,33.95,35.43,75.51,13.14,12,109,121
2024-05-17 11:00:00,chennai,1,1,37.52,39.31,70.73,11.47,8,56,64
2024-05-17 12:00:00,chennai,1,2,37.2,38.12,61.33,16.82,5,22,27
2024-05-17 13:00:00,chennai,1,3,36.07,36.24,62.67,23.43,1,9,10
2024-05-17 14:00:00,chennai,1,2,37.59,38.49,57.66,10.86,4,22,26
2024-05-17 15:00:00,chennai,1,2,35.96,37.68,61.19,13.14,8,39,47
2024-05-17 16:00:00,chennai,1,2,38.12,40.29,63.65,11.89,21,92,113
2024-05-17 17:00:00,chennai,1,1,37.43,39.09,64.5,12.21,45,213,258
2024-05-17 18:00:00,chennai,1,1,35.97,37.82,73.71,12.6,39,217,256
2024-05-17 19:00:00,chennai,1,2,34.8,35.96,67.76,25.16,18,107,125
2024-05-17 20:00:00,chennai,1,2,35.44,37.44,67.34,11.5,10,38,48
2024-05-17 21:00:00,chennai,1,2,32.29,35.28,70.24,13.39,3,22,25
2024-05-17 22:00:00,chennai,1,1,29.91,32.12,80.28,25.13,5,18,23
2024-05-17 23:00:00,chennai,1,1,31.04,33.35,72.06,13.23,4,27,31
2024-05-18 00:00:00,chennai,1,1,32.37,34.16,79.65,19.96,14,29,43
2024-05-18 01:00:00,chennai,1,2,28.25,28.25,88.3,10.3,11,17,28
2024-05-18 02:00:00,chennai,1,4,28.9,29.35,83.46,25.29,3,3,6
2024-05-18 03:00:00,chennai,1,2,29.97,31.92,81.29,11.04,12,34,46
2024-05-18 04:00:00,chennai,1,1,29.8,31.29,80.48,29.54,15,24,39
2024-05-18 05:00:00,chennai,1,1,29.32,31.26,73.92,10.97,14,24,38
2024-05-18 06:00:00,chennai,1,1,32.68,35.85,72.71,12.94,16,33,49
2024-05-18 07:00:00,chennai,1,1,35.08,37.3,73.61,11.85,34,59,93
2024-05-18 08:00:00,chennai,1,2,33.57,36.32,73.36,12.84,29,71,100
2024-05-18 09:00:00,chennai,1,2,33.28,34.88,74.15,11.44,35,79,114
2024-05-18 10:00:00,chennai,1,3,33.47,34.16,67.46,26.81,18,30,48
2024-05-18 11:00:00,chennai,1,2,36.47,37.91,71.69,11.82,24,56,80
2024-05-18 12:00:00,chennai,1,1,38.12,38.81,71.37,15.3,31,57,88
2024-05-18 13:00:00,chennai,1,2,37.76,40.82,66.32,10.74,32,68,100
2024-05-18 14:00:00,chennai,1,1,37.33,39.62,68.12,18.7,47,97,144
2024-05-18 15:00:00,chennai,1,1,36.49,38.51,57.39,13.91,42,61,103
2024-05-18 16:00:00,chennai,1,2,35.48,38.22,57.59,29.42,36,88,124
2024-05-18 17:00:00,chennai,1,1,37.16,36.64,67.52,12.75,68,128,196
2024-05-18 18:00:00,chennai,1,1,36.43,38.51,60.29,11.09,50,85,135
2024-05-18 19:00:00,chennai,1,2,32.51,32.7,67.96,12.12,27,48,75
2024-05-18 20:00:00,chennai,1,1,35.24,36.73,75.86,16.68,12,24,36
2024-05-18 21:00:00,chennai,1,1,32.98,34.17,81.66,15.38,8,15,23
2024-05-18 22:00:00,chennai,1,1,33.01,35.17,75.73,17.53,8,19,27
2024-05-18 23:00:00,chennai,1,2,28.89,30.62,75.82,10.38,7,16,23
2024-05-19 00:00:00,chennai,1,1,28.23,31.07,82.26,14.34,13,17,30
2024-05-19 01:00:00,chennai,1,1,29.29,30.19,76.29,23.45,11,18,29
2024-05-19 02:00:00,chennai,1,1,29.93,32.14,81.13,10.57,13,25,38
2024-05-19 03:00:00,chennai,1,1,31.62,33.28,81.62,10.5,15,24,39
2024-05-19 04:00:00,chennai,1,1,30.71,30.58,80.52,16.3,16,36,52
2024-05-19 05:00:00,chennai,1,1,30.21,30.79,79.51,11.89,16,28,44
2024-05-19 06:00:00,chennai,1,1,30.1,31.45,72.83,15.37,18,38,56
2024-05-19 07:00:00,chennai,1,2,33.77,36.38,70.95,13.94,29,62,91
2024-05-19 08:00:00,chennai,1,2,32.17,34.14,68.26,31.37,39,74,113
2024-05-19 09:00:00,chennai,1,1,36.32,36.65,61.31,20.99,50,106,156
2024-05-19 10:00:00,chennai,1,1,34.99,36.35,68.71,15.67,31,55,86
2024-05-19 11:00:00,chennai,1,2,38.07,41.59,69.4,11.52,32,53,85
2024-05-19 12:00:00,chennai,1,2,37.61,39.22,67.32,11.52,27,54,81
2024-05-19 13:00:00,chennai,1,2,37.03,38.2,61.03,20.7,20,75,95
2024-05-19 14:00:00,chennai,1,1,36.71,38.7,57.94,14.4,43,96,139
2024-05-19 15:00:00,chennai,1,2,36.78,39.05,66.06,17.79,30,70,100
2024-05-19 16:00:00,chennai,1,2,37.31,38.35,66.53,12.99,48,83,131
2024-05-19 17:00:00,chennai,1,1,36.25,38.25,66.02,10.54,48,105,153
2024-05-19 18:00:00,chennai,1,1,34.62,35.79,75.72,12.02,43,88,131
2024-05-19 19:00:00,chennai,1,1,34.17,36.39,69.28,10.88,28,44,72
2024-05-19 20:00:00,chennai,1,1,33.42,35.09,70.72,17.61,9,19,28
2024-05-19 21:00:00,chennai,1,2,29.74,31.72,72.59,16.03,7,12,19
2024-05-19 22:00:00,chennai,1,2,31.88,32.62,69.2,10.46,8,17,25
2024-05-19 23:00:00,chennai,1,1,29.33,30.0,82.38,14.86,9,19,28
2024-05-20 00:00:00,chennai,1,2,28.48,30.93,80.13,20.36,2,17,19
2024-05-20 01:00:00,chennai,1,1,27.44,28.86,84.21,15.98,3,25,28
2024-05-20 02:00:00,chennai,1,1,27.18,28.96,91.21,13.58,8,40,48
2024-05-20 03:00:00,chennai,1,2,27.84,29.03,79.71,11.87,4,36,40
2024-05-20 04:00:00,chennai,1,3,29.02,31.41,68.97,20.91,3,22,25
2024-05-20 05:00:00,chennai,1,1,32.85,33.74,81.48,12.75,11,30,41
2024-05-20 06:00:00,chennai,1,1,30.7,32.06,77.83,19.67,12,63,75
2024-05-20 07:00:00,chennai,1,1,32.51,34.79,70.93,17.64,25,126,151
2024-05-20 08:00:00,chennai,1,1,33.81,36.48,73.99,18.47,32,239,271
2024-05-20 09:00:00,chennai,1,1,34.52,35.5,73.34,32.93,48,189,237
2024-05-20 10:00:00,chennai,1,1,35.24,38.7,62.27,16.91,21,78,99
2024-05-20 11:00:00,chennai,1,1,34.72,36.54,63.42,10.17,6,41,47
2024-05-20 12:00:00,chennai,1,1,38.54,38.99,70.72,11.15,9,33,42
2024-05-20 13:00:00,chennai,1,1,39.36,41.23,58.73,10.18,7,27,34
2024-05-20 14:00:00,chennai,1,1,35.31,36.43,62.33,11.05,2,31,33
2024-05-20 15:00:00,chennai,1,1,35.96,37.9,49.22,10.32,11,44,55
2024-05-20 16:00:00,chennai,1,1,36.46,37.92,55.93,13.48,15,122,137
2024-05-20 17:00:00,chennai,1,1,35.0,36.58,65.72,10.14,57,207,264
2024-05-20 18:00:00,chennai,1,1,35.94,36.53,73.14,13.2,29,235,264
2024-05-20 19:00:00,chennai,1,1,33.49,35.98,62.6,21.46,21,95,116
2024-05-20 20:00:00,chennai,1,1,35.93,36.27,72.37,16.9,3,42,45
2024-05-20 21:00:00,chennai,1,1,33.72,34.11,72.71,24.41,4,16,20
2024-05-20 22:00:00,chennai,1,1,31.59,33.45,81.77,11.29,4,20,24
2024-05-20 23:00:00,chennai,1,1,31.73,34.84,72.98,13.79,6,21,27
2024-05-21 00:00:00,chennai,1,1,31.19,32.34,82.81,11.92,4,30,34
2024-05-21 01:00:00,chennai,1,1,28.79,30.99,78.39,13.4,5,25,30
2024-05-21 02:00:00,chennai,1,1,28.35,30.92,83.12,14.07,7,24,31
2024-05-21 03:00:00,chennai,1,2,29.56,31.87,82.0,10.18,6,34,40
2024-05-21 04:00:00,chennai,1,1,30.9,32.09,79.4,11.33,8,39,47
2024-05-21 05:00:00,chennai,1,3,30.67,31.08,81.46,16.1,4,17,21
2024-05-21 06:00:00,chennai,1,1,29.44,28.73,77.22,17.41,5,62,67
2024-05-21 07:00:00,chennai,1,1,31.33,32.57,73.92,14.21,16,115,131
2024-05-21 08:00:00,chennai,1,1,33.24,35.92,70.22,11.58,43,164,207
2024-05-21 09:00:00,chennai,1,1,34.27,34.65,69.8,12.6,11,203,214
2024-05-21 10:00:00,chennai,1,1,37.7,39.9,68.11,10.5,27,104,131
2024-05-21 11:00:00,chennai,1,1,34.5,35.05,59.98,25.31,6,47,53
2024-05-21 12:00:00,chennai,1,1,37.4,39.01,61.59,20.15,9,28,37
2024-05-21 13:00:00,chennai,1,2,38.98,41.19,57.06,10.34,5,26,31
2024-05-21 14:00:00,chennai,1,1,40.06,40.9,61.8,10.91,2,14,16
2024-05-21 15:00:00,chennai,1,1,36.71,38.38,59.38,14.35,11,43,54
2024-05-21 16:00:00,chennai,1,2,37.38,38.47,67.19,11.32,29,100,129
2024-05-21 17:00:00,chennai,1,1,36.84,39.05,68.29,23.62,45,206,251
2024-05-21 18:00:00,chennai,1,1,35.56,37.3,62.39,17.04,32,219,251
2024-05-21 19:00:00,chennai,1,1,34.25,35.8,69.4,11.6,33,117,150
2024-05-21 20:00:00,chennai,1,1,33.85,36.91,75.19,10.03,5,39,44
2024-05-21 21:00:00,chennai,1,1,29.26,31.42,73.71,18.03,5,20,25
2024-05-21 22:00:00,chennai,1,2,32.15,32.96,73.36,12.76,1,22,23
2024-05-21 23:00:00,chennai,1,2,30.65,32.07,73.61,15.14,4,22,26
2024-05-22 00:00:00,chennai,1,3,29.6,31.02,84.93,11.69,2,13,15
2024-05-22 01:00:00,chennai,1,1,31.92,33.5,86.17,10.77,4,42,46
2024-05-22 02:00:00,chennai,1,1,28.52,32.54,80.96,15.62,8,30,38
2024-05-22 03:00:00,chennai,1,3,28.98,30.85,85.49,12.99,1,19,20
2024-05-22 04:00:00,chennai,1,2,32.26,31.72,65.83,11.34,10,35,45
2024-05-22 05:00:00,chennai,1,3,29.5,30.46,85.71,10.74,3,32,35
2024-05-22 06:00:00,chennai,1,1,30.67,30.24,76.22,14.34,14,55,69
2024-05-22 07:00:00,chennai,1,1,32.12,33.29,75.3,16.46,15,116,131
2024-05-22 08:00:00,chennai,1,2,34.34,33.85,70.4,11.67,13,241,254
2024-05-22 09:00:00,chennai,1,1,34.61,35.24,76.39,16.64,30,205,235
2024-05-22 10:00:00,chennai,1,2,33.78,33.76,61.7,11.01,22,104,126
2024-05-22 11:00:00,chennai,1,1,35.52,37.4,72.3,12.07,7,55,62
2024-05-22 12:00:00,chennai,1,1,36.07,37.57,65.32,16.83,6,28,34
2024-05-22 13:00:00,chennai,1,1,37.1,38.9,65.45,15.4,8,33,41
2024-05-22 14:00:00,chennai,1,1,37.84,39.24,60.35,11.58,9,29,38
2024-05-22 15:00:00,chennai,1,1,37.7,37.8,55.8,10.65,8,45,53
2024-05-22 16:00:00,chennai,1,1,34.66,36.68,67.99,10.22,30,114,144
2024-05-22 17:00:00,chennai,1,1,37.44,40.86,66.49,19.1,50,212,262
2024-05-22 18:00:00,chennai,1,1,35.63,37.54,73.81,10.39,34,203,237
2024-05-22 19:00:00,chennai,1,1,36.03,37.1,68.44,10.61,30,116,146
2024-05-22 20:00:00,chennai,1,2,33.86,33.94,69.9,11.36,9,35,44
2024-05-22 21:00:00,chennai,1,2,33.62,34.21,81.53,12.95,4,22,26
2024-05-22 22:00:00,chennai,1,2,31.89,33.84,86.56,17.8,5,20,25
2024-05-22 23:00:00,chennai,1,1,32.12,34.69,79.12,11.42,5,27,32
2024-05-23 00:00:00,chennai,1,1,30.49,32.25,76.9,13.92,7,34,41
2024-05-23 01:00:00,chennai,1,1,29.35,31.65,85.71,10.47,8,23,31
2024-05-23 02:00:00,chennai,1,1,32.06,34.26,80.73,13.12,5,42,47
2024-05-23 03:00:00,chennai,1,2,30.53,32.54,84.66,10.98,4,22,26
2024-05-23 04:00:00,chennai,1,1,30.55,31.4,79.36,11.19,8,47,55
2024-05-23 05:00:00,chennai,1,1,28.97,30.64,86.89,12.29,10,41,51
2024-05-23 06:00:00,chennai,1,2,29.78,30.44,73.5,17.16,8,58,66
2024-05-23 07:00:00,chennai,1,1,32.65,34.16,76.99,16.81,16,118,134
2024-05-23 08:00:00,chennai,1,2,33.5,35.34,69.56,12.68,30,171,201
2024-05-23 09:00:00,chennai,1,1,33.63,36.81,68.0,10.63,41,195,236
2024-05-23 10:00:00,chennai,1,1,35.5,35.69,64.94,11.65,16,108,124
2024-05-23 11:00:00,chennai,1,2,38.06,40.05,68.62,13.52,3,49,52
2024-05-23 12:00:00,chennai,1,2,37.63,40.61,67.93,20.18,3,24,27
2024-05-23 13:00:00,chennai,1,2,35.82,38.08,65.13,27.25,6,22,28
2024-05-23 14:00:00,chennai,1,2,37.2,39.53,61.46,15.07,5,17,22
2024-05-23 15:00:00,chennai,1,2,36.23,38.32,63.04,12.16,6,39,45
2024-05-23 16:00:00,chennai,1,1,36.33,39.13,67.83,15.91,35,112,147
2024-05-23 17:00:00,chennai,1,1,35.66,36.07,69.58,12.05,36,232,268
2024-05-23 18:00:00,chennai,1,1,34.76,34.87,53.55,14.91,18,233,251
2024-05-23 19:00:00,chennai,1,1,32.86,34.35,68.05,11.4,19,125,144
2024-05-23 20:00:00,chennai,1,1,33.18,32.52,70.88,11.55,8,34,42
2024-05-23 21:00:00,chennai,1,2,31.62,34.35,77.93,10.39,3,23,26
2024-05-23 22:00:00,chennai,1,1,27.81,30.54,76.67,12.72,5,22,27
2024-05-23 23:00:00,chennai,1,1,32.97,34.03,82.67,14.81,4,21,25
2024-05-24 00:00:00,chennai,1,2,31.17,32.3,75.27,17.77,3,16,19
2024-05-24 01:00:00,chennai,1,1,29.01,30.44,82.96,18.31,7,30,37
2024-05-24 02:00:00,chennai,1,3,29.35,30.9,86.5,34.43,6,22,28
2024-05-24 03:00:00,chennai,1,2,28.06,29.69,74.29,10.46,5,24,29
2024-05-24 04:00:00,chennai,1,3,31.9,33.96,93.23,13.4,4,19,23
2024-05-24 05:00:00,chennai,1,3,32.78,34.11,85.03,13.68,3,39,42
2024-05-24 06:00:00,chennai,1,1,31.52,33.96,77.01,18.16,14,52,66
2024-05-24 07:00:00,chennai,1,1,33.52,35.47,70.45,11.55,17,120,137
2024-05-24 08:00:00,chennai,1,1,33.54,34.43,71.12,10.36,24,204,228
2024-05-24 09:00:00,chennai,1,1,32.76,35.6,69.83,11.88,41,171,212
2024-05-24 10:00:00,chennai,1,2,34.84,34.98,69.2,30.65,17,114,131
2024-05-24 11:00:00,chennai,1,1,36.32,37.72,72.43,21.49,7,54,61
2024-05-24 12:00:00,chennai,1,1,36.25,38.72,60.96,12.51,5,35,40
2024-05-24 13:00:00,chennai,1,2,36.93,37.71,65.15,20.45,2,22,24
2024-05-24 14:00:00,chennai,1,1,37.22,39.03,55.54,10.17,4,27,31
2024-05-24 15:00:00,chennai,1,1,37.1,39.14,60.27,11.89,8,33,41
2024-05-24 16:00:00,chennai,1,1,36.86,37.5,65.22,16.49,30,113,143
2024-05-24 17:00:00,chennai,1,1,34.89,36.31,68.39,11.25,36,198,234
2024-05-24 18:00:00,chennai,1,2,34.47,35.81,63.23,11.11,29,217,246
2024-05-24 19:00:00,chennai,1,1,32.82,33.77,67.21,19.9,23,111,134
2024-05-24 20:00:00,chennai,1,1,34.5,38.31,79.3,14.78,3,44,47
2024-05-24 21:00:00,chennai,1,1,29.77,30.5,80.4,32.56,6,23,29
2024-05-24 22:00:00,chennai,1,1,32.71,35.22,78.04,10.72,4,24,28
2024-05-24 23:00:00,chennai,1,1,32.17,33.27,67.89,12.2,3,27,30
2024-05-25 00:00:00,chennai,1,3,29.5,29.92,93.22,11.86,8,12,20
2024-05-25 01:00:00,chennai,1,1,26.34,27.95,81.56,20.61,9,17,26
2024-05-25 02:00:00,chennai,1,2,28.9,31.05,80.44,11.47,15,31,46
2024-05-25 03:00:00,chennai,1,2,29.39,31.81,79.05,12.18,28,33,61
2024-05-25 04:00:00,chennai,1,1,28.65,31.72,82.54,10.77,17,34,51
2024-05-25 05:00:00,chennai,1,1,29.88,34.33,81.0,17.47,21,32,53
2024-05-25 06:00:00,chennai,1,2,33.17,34.92,81.75,11.36,21,33,54
2024-05-25 07:00:00,chennai,1,2,33.09,33.93,69.96,10.35,26,58,84
2024-05-25 08:00:00,chennai,1,1,32.22,34.17,70.44,12.86,39,74,113
2024-05-25 09:00:00,chennai,1,1,32.45,33.68,79.56,12.48,43,85,128
2024-05-25 10:00:00,chennai,1,1,34.94,37.36,68.12,10.98,26,73,99
2024-05-25 11:00:00,chennai,1,1,35.9,36.11,64.07,10.72,22,65,87
2024-05-25 12:00:00,chennai,1,1,37.39,41.26,58.63,21.34,24,77,101
2024-05-25 13:00:00,chennai,1,1,36.55,38.91,64.87,10.35,40,82,122
2024-05-25 14:00:00,chennai,1,1,37.94,37.76,67.16,10.52,36,83,119
2024-05-25 15:00:00,chennai,1,1,39.52,40.31,66.71,11.41,38,87,125
2024-05-25 16:00:00,chennai,1,2,37.77,40.09,62.05,25.27,45,92,137
2024-05-25 17:00:00,chennai,1,1,36.1,38.78,66.74,10.45,60,110,170
2024-05-25 18:00:00,chennai,1,1,35.11,35.34,75.36,18.46,48,97,145
2024-05-25 19:00:00,chennai,1,1,33.94,36.15,74.77,21.13,23,49,72
2024-05-25 20:00:00,chennai,1,2,34.75,34.3,68.08,12.37,15,18,33
2024-05-25 21:00:00,chennai,1,1,31.54,32.95,61.86,11.74,7,14,21
2024-05-25 22:00:00,chennai,1,1,31.38,34.0,78.48,15.66,9,13,22
2024-05-25 23:00:00,chennai,1,2,30.56,31.51,83.06,16.06,7,17,24
2024-05-26 00:00:00,chennai,1,2,29.26,29.26,75.21,17.57,18,26,44
2024-05-26 01:00:00,chennai,1,1,27.82,29.47,81.62,18.88,11,22,33
2024-05-26 02:00:00,chennai,1,1,29.72,30.61,80.68,11.56,18,18,36
2024-05-26 03:00:00,chennai,1,1,29.39,31.52,82.18,15.81,13,31,44
2024-05-26 04:00:00,chennai,1,1,30.47,31.08,77.94,10.72,12,27,39
2024-05-26 05:00:00,chennai,1,1,29.86,30.59,85.52,13.57,16,32,48
2024-05-26 06:00:00,chennai,1,1,32.8,32.27,77.74,14.75,23,46,69
2024-05-26 07:00:00,chennai,1,1,31.24,32.91,70.19,10.88,25,60,85
2024-05-26 08:00:00,chennai,1,1,35.38,36.72,76.59,10.4,56,76,132
2024-05-26 09:00:00,chennai,1,2,32.27,32.58,63.09,11.08,65,91,156
2024-05-26 10:00:00,chennai,1,2,35.85,37.55,73.42,12.73,27,54,81
2024-05-26 11:00:00,chennai,1,3,36.73,39.26,69.88,20.94,15,22,37
2024-05-26 12:00:00,chennai,1,2,35.84,37.12,70.29,13.8,33,46,79
2024-05-26 13:00:00,chennai,1,2,37.7,39.47,61.55,16.9,35,65,100
2024-05-26 14:00:00,chennai,1,1,38.87,40.64,59.52,10.96,41,88,129
2024-05-26 15:00:00,chennai,1,1,34.53,34.83,62.76,10.56,55,78,133
2024-05-26 16:00:00,chennai,1,1,37.4,40.95,62.92,11.37,55,80,135
2024-05-26 17:00:00,chennai,1,2,33.17,34.2,61.67,11.88,44,109,153
2024-05-26 18:00:00,chennai,1,1,34.17,36.33,64.23,13.97,52,71,123
2024-05-26 19:00:00,chennai,1,3,36.32,38.59,67.58,20.65,14,32,46
2024-05-26 20:00:00,chennai,1,1,32.63,33.99,66.15,12.78,12,21,33
2024-05-26 21:00:00,chennai,1,2,30.89,32.99,77.98,13.66,6,14,20
2024-05-26 22:00:00,chennai,1,1,31.09,32.84,76.74,10.02,5,10,15
2024-05-26 23:00:00,chennai,1,1,32.98,33.07,77.53,10.17,8,15,23
2024-05-27 00:00:00,chennai,1,1,27.67,28.84,75.11,10.44,8,22,30
2024-05-27 01:00:00,chennai,1,1,28.2,29.09,75.86,16.0,2,27,29
2024-05-27 02:00:00,chennai,1,1,31.13,32.17,91.68,13.33,4,35,39
2024-05-27 03:00:00,chennai,1,1,31.7,31.89,78.52,11.07,7,52,59
2024-05-27 04:00:00,chennai,1,1,29.74,32.37,83.71,14.49,9,46,55
2024-05-27 05:00:00,chennai,1,1,29.01,32.12,79.88,13.93,5,34,39
2024-05-27 06:00:00,chennai,1,1,33.85,36.32,63.12,10.46,3,65,68
2024-05-27 07:00:00,chennai,1,1,34.21,36.98,83.55,15.11,21,92,113
2024-05-27 08:00:00,chennai,1,1,34.14,35.3,75.42,17.29,52,187,239
2024-05-27 09:00:00,chennai,1,1,33.39,34.25,65.57,11.69,38,182,220
2024-05-27 10:00:00,chennai,1,1,35.27,35.99,66.86,15.82,13,93,106
2024-05-27 11:00:00,chennai,1,1,35.97,38.11,59.18,11.11,8,40,48
2024-05-27 12:00:00,chennai,1,1,37.19,38.92,72.47,17.07,3,27,30
2024-05-27 13:00:00,chennai,1,3,38.94,40.36,57.8,22.14,3,10,13
2024-05-27 14:00:00,chennai,1,2,38.39,41.18,59.38,12.92,6,28,34
2024-05-27 15:00:00,chennai,1,1,35.9,37.81,58.69,11.4,7,48,55
2024-05-27 16:00:00,chennai,1,1,38.45,39.11,63.74,12.55,20,108,128
2024-05-27 17:00:00,chennai,1,2,36.53,37.35,71.78,11.44,39,156,195
2024-05-27 18:00:00,chennai,1,1,36.15,38.34,75.95,10.01,56,214,270
2024-05-27 19:00:00,chennai,1,2,36.13,38.67,67.42,15.26,15,90,105
2024-05-27 20:00:00,chennai,1,2,32.0,34.05,73.89,10.22,9,27,36
2024-05-27 21:00:00,chennai,1,2,32.25,35.65,75.0,11.18,4,14,18
2024-05-27 22:00:00,chennai,1,1,30.69,33.83,72.09,16.41,5,22,27
2024-05-27 23:00:00,chennai,1,1,28.62,30.56,91.18,15.48,4,24,28
2024-05-28 00:00:00,chennai,1,3,30.28,30.94,87.47,10.38,2,14,16
2024-05-28 01:00:00,chennai,1,1,32.48,32.67,82.6,15.39,7,39,46
2024-05-28 02:00:00,chennai,1,4,27.12,28.23,89.91,23.34,1,6,7
2024-05-28 03:00:00,chennai,1,4,29.43,31.68,87.72,10.39,3,8,11
2024-05-28 04:00:00,chennai,1,1,30.63,33.96,81.07,12.69,5,39,44
2024-05-28 05:00:00,chennai,1,2,30.65,32.57,80.7,16.54,8,35,43
2024-05-28 06:00:00,chennai,1,1,31.19,33.86,84.56,15.51,4,75,79
2024-05-28 07:00:00,chennai,1,1,30.74,31.99,69.86,11.28,21,103,124
2024-05-28 08:00:00,chennai,1,2,33.61,35.73,80.37,10.89,40,166,206
2024-05-28 09:00:00,chennai,1,1,33.46,35.78,68.29,17.67,55,193,248
2024-05-28 10:00:00,chennai,1,1,32.7,32.22,74.62,25.65,14,100,114
2024-05-28 11:00:00,chennai,1,2,37.59,38.68,64.9,17.3,5,38,43
2024-05-28 12:00:00,chennai,1,1,37.94,40.39,65.03,26.51,7,29,36
2024-05-28 13:00:00,chennai,1,2,37.26,39.03,62.17,14.64,5,19,24
2024-05-28 14:00:00,chennai,1,2,37.61,37.91,59.34,23.23,4,24,28
2024-05-28 15:00:00,chennai,1,1,38.48,37.55,60.99,15.86,3,55,58
2024-05-28 16:00:00,chennai,1,1,37.06,38.2,70.24,21.98,12,114,126
2024-05-28 17:00:00,chennai,1,1,37.24,38.67,53.36,10.88,40,235,275
2024-05-28 18:00:00,chennai,1,2,34.97,35.59,60.81,18.45,17,201,218
2024-05-28 19:00:00,chennai,1,1,35.94,37.58,65.78,11.1,30,130,160
2024-05-28 20:00:00,chennai,1,1,33.72,35.72,66.61,10.14,6,45,51
2024-05-28 21:00:00,chennai,1,1,32.53,34.7,82.14,13.64,4,24,28
2024-05-28 22:00:00,chennai,1,2,29.81,28.95,83.29,11.92,5,18,23
2024-05-28 23:00:00,chennai,1,2,30.85,31.03,82.03,10.22,5,22,27
2024-05-29 00:00:00,chennai,1,2,28.87,30.06,77.47,29.64,7,23,30
2024-05-29 01:00:00,chennai,1,1,28.7,30.77,88.33,15.49,9,32,41
2024-05-29 02:00:00,chennai,1,1,28.35,30.34,74.06,21.6,3,30,33
2024-05-29 03:00:00,chennai,1,1,28.19,30.16,92.37,44.97,7,31,38
2024-05-29 04:00:00,chennai,1,2,32.42,33.53,77.24,12.49,7,40,47
2024-05-29 05:00:00,chennai,1,1,32.1,33.27,77.76,11.47,9,33,42
2024-05-29 06:00:00,chennai,1,1,33.63,34.41,74.85,11.02,10,47,57
2024-05-29 07:00:00,chennai,1,2,30.83,33.1,69.22,13.62,14,100,114
2024-05-29 08:00:00,chennai,1,1,33.42,34.0,81.63,14.66,43,202,245
2024-05-29 09:00:00,chennai,1,2,32.81,35.16,73.36,13.2,29,191,220
2024-05-29 10:00:00,chennai,1,1,34.5,36.2,73.08,12.45,15,110,125
2024-05-29 11:00:00,chennai,1,1,35.06,36.51,58.81,10.92,9,50,59
2024-05-29 12:00:00,chennai,1,2,38.28,39.13,64.24,12.92,7,37,44
2024-05-29 13:00:00,chennai,1,2,36.72,36.86,64.95,10.45,5,20,25
2024-05-29 14:00:00,chennai,1,1,38.61,39.46,63.35,20.01,3,24,27
2024-05-29 15:00:00,chennai,1,1,37.92,39.09,56.54,10.24,2,33,35
2024-05-29 16:00:00,chennai,1,2,39.56,38.69,68.72,12.4,19,118,137
2024-05-29 17:00:00,chennai,1,2,34.38,35.69,65.54,10.53,35,177,212
2024-05-29 18:00:00,chennai,1,2,36.84,39.27,62.23,17.46,36,193,229
2024-05-29 19:00:00,chennai,1,1,35.74,37.81,60.14,11.88,18,111,129
2024-05-29 20:00:00,chennai,1,1,32.16,33.17,75.03,10.6,12,47,59
2024-05-29 21:00:00,chennai,1,2,33.5,35.05,86.84,13.79,4,21,25
2024-05-29 22:00:00,chennai,1,1,31.73,32.68,71.92,22.4,6,25,31
2024-05-29 23:00:00,chennai,1,1,30.23,31.88,79.92,21.97,2,34,36
2024-05-30 00:00:00,chennai,1,1,28.88,31.92,86.21,11.44,4,27,31
2024-05-30 01:00:00,chennai,1,1,28.6,31.07,75.31,16.36,5,30,35
2024-05-30 02:00:00,chennai,1,1,31.79,33.81,79.6,10.15,11,37,48
2024-05-30 03:00:00,chennai,1,1,29.47,30.47,77.36,10.71,7,42,49
2024-05-30 04:00:00,chennai,1,3,30.8,33.05,85.58,13.46,3,24,27
2024-05-30 05:00:00,chennai,1,1,29.55,29.37,85.7,11.3,7,57,64
2024-05-30 06:00:00,chennai,1,2,30.39,31.64,77.8,18.0,14,57,71
2024-05-30 07:00:00,chennai,1,1,33.59,35.68,70.38,23.37,16,116,132
2024-05-30 08:00:00,chennai,1,1,31.71,33.95,69.79,10.02,23,187,210
2024-05-30 09:00:00,chennai,1,2,33.87,36.04,66.26,11.33,40,165,205
2024-05-30 10:00:00,chennai,1,1,35.37,37.17,62.11,12.9,19,91,110
2024-05-30 11:00:00,chennai,1,3,36.29,37.6,64.42,14.14,3,17,20
2024-05-30 12:00:00,chennai,1,2,36.58,38.62,66.21,22.38,3,27,30
2024-05-30 13:00:00,chennai,1,2,37.67,38.22,64.79,21.12,7,31,38
2024-05-30 14:00:00,chennai,1,1,38.16,38.82,61.96,15.07,7,28,35
2024-05-30 15:00:00,chennai,1,2,38.08,39.64,62.63,11.49,4,37,41
2024-05-30 16:00:00,chennai,1,1,35.61,37.28,62.93,17.65,26,130,156
2024-05-30 17:00:00,chennai,1,1,35.82,35.49,58.44,11.13,37,221,258
2024-05-30 18:00:00,chennai,1,2,36.76,38.72,67.8,26.79,27,225,252
2024-05-30 19:00:00,chennai,1,1,35.44,37.71,66.49,10.03,19,133,152
2024-05-30 20:00:00,chennai,1,2,31.68,33.11,65.26,14.22,6,38,44
2024-05-30 21:00:00,chennai,1,1,32.72,36.59,76.44,10.46,2,26,28
2024-05-30 22:00:00,chennai,1,1,28.96,29.77,73.94,12.62,4,18,22
2024-05-30 23:00:00,chennai,1,1,30.56,31.7,80.21,15.04,2,17,19
2024-05-31 00:00:00,chennai,1,1,32.14,33.25,84.9,15.85,3,23,26
2024-05-31 01:00:00,chennai,1,1,28.33,29.75,76.91,17.7,5,25,30
2024-05-31 02:00:00,chennai,1,1,28.33,29.5,82.46,14.5,5,37,42
2024-05-31 03:00:00,chennai,1,2,30.38,30.48,72.61,11.45,6,39,45
2024-05-31 04:00:00,chennai,1,2,28.01,28.97,88.32,21.0,6,33,39
2024-05-31 05:00:00,chennai,1,1,29.74,31.14,72.28,18.33,5,38,43
2024-05-31 06:00:00,chennai,1,1,32.05,34.77,74.43,10.87,7,49,56
2024-05-31 07:00:00,chennai,1,1,31.53,35.24,81.28,18.76,17,100,117
2024-05-31 08:00:00,chennai,1,2,33.05,35.88,70.83,27.99,31,178,209
2024-05-31 09:00:00,chennai,1,1,35.26,35.98,63.42,15.07,39,184,223
2024-05-31 10:00:00,chennai,1,3,35.84,36.64,70.57,11.66,13,60,73
2024-05-31 11:00:00,chennai,1,2,36.48,37.82,68.38,14.66,8,30,38
2024-05-31 12:00:00,chennai,1,1,36.39,39.67,60.17,12.1,3,40,43
2024-05-31 13:00:00,chennai,1,1,37.64,38.97,59.72,15.63,6,26,32
2024-05-31 14:00:00,chennai,1,1,37.18,37.35,59.82,13.94,4,28,32
2024-05-31 15:00:00,chennai,1,2,37.74,38.74,61.31,23.26,7,33,40
2024-05-31 16:00:00,chennai,1,1,36.2,38.45,53.87,14.81,25,127,152
2024-05-31 17:00:00,chennai,1,2,35.94,38.13,64.02,11.2,28,204,232
2024-05-31 18:00:00,chennai,1,2,34.14,35.44,75.92,16.46,54,186,240
2024-05-31 19:00:00,chennai,1,1,34.32,36.51,64.93,11.79,27,115,142
2024-05-31 20:00:00,chennai,1,1,32.36,31.58,69.08,11.59,8,40,48
2024-05-31 21:00:00,chennai,1,1,30.96,32.56,68.67,12.49,7,19,26
2024-05-31 22:00:00,chennai,1,1,31.64,34.0,80.06,10.06,3,22,25
2024-05-31 23:00:00,chennai,1,1,30.76,31.42,85.09,27.39,4,24,28
2024-06-01 00:00:00,chennai,2,1,31.48,32.14,86.56,13.8,15,25,40
2024-06-01 01:00:00,chennai,2,2,29.62,29.25,75.42,17.42,8,18,26
2024-06-01 02:00:00,chennai,2,2,30.49,33.58,84.5,11.49,11,24,35
2024-06-01 03:00:00,chennai,2,1,30.8,31.58,88.83,16.86,19,29,48
2024-06-01 04:00:00,chennai,2,1,31.07,32.81,83.21,14.19,17,36,53
2024-06-01 05:00:00,chennai,2,3,30.18,32.28,81.46,12.76,7,12,19
2024-06-01 06:00:00,chennai,2,2,32.18,35.19,74.64,27.65,15,32,47
2024-06-01 07:00:00,chennai,2,1,33.4,34.75,75.69,13.4,44,53,97
2024-06-01 08:00:00,chennai,2,1,34.01,34.97,78.18,15.36,32,107,139
2024-06-01 09:00:00,chennai,2,1,32.53,34.2,71.05,10.08,56,83,139
2024-06-01 10:00:00,chennai,2,1,36.19,38.98,60.76,11.79,39,68,107
2024-06-01 11:00:00,chennai,2,2,39.48,40.81,62.65,20.98,21,56,77
2024-06-01 12:00:00,chennai,2,1,37.03,37.58,69.39,17.11,33,63,96
2024-06-01 13:00:00,chennai,2,2,36.99,36.95,63.96,13.85,28,82,110
2024-06-01 14:00:00,chennai,2,1,38.45,38.73,62.6,21.52,51,87,138
2024-06-01 15:00:00,chennai,2,1,38.24,40.6,59.57,13.33,39,84,123
2024-06-01 16:00:00,chennai,2,2,38.9,40.07,69.28,14.18,31,90,121
2024-06-01 17:00:00,chennai,2,2,35.32,36.21,73.24,12.41,49,89,138
2024-06-01 18:00:00,chennai,2,1,36.88,37.66,73.32,14.84,47,84,131
2024-06-01 19:00:00,chennai,2,1,35.74,37.33,76.62,11.92,32,38,70
2024-06-01 20:00:00,chennai,2,1,33.83,35.09,70.21,12.43,13,20,33
2024-06-01 21:00:00,chennai,2,2,33.37,34.6,72.09,26.96,6,22,28
2024-06-01 22:00:00,chennai,2,2,33.24,36.08,76.22,10.59,6,13,19
2024-06-01 23:00:00,chennai,2,1,32.22,35.26,79.26,10.56,10,15,25
2024-06-02 00:00:00,chennai,2,1,29.16,29.05,87.82,10.22,9,24,33
2024-06-02 01:00:00,chennai,2,1,31.12,32.95,87.49,11.93,10,23,33
2024-06-02 02:00:00,chennai,2,1,29.92,30.65,84.69,12.54,15,28,43
2024-06-02 03:00:00,chennai,2,1,30.22,31.48,74.5,10.5,14,30,44
2024-06-02 04:00:00,chennai,2,2,30.62,32.43,72.22,13.98,16,21,37
2024-06-02 05:00:00,chennai,2,2,30.99,32.28,80.27,14.38,18,31,49
2024-06-02 06:00:00,chennai,2,1,33.43,35.16,81.4,16.95,19,36,55
2024-06-02 07:00:00,chennai,2,1,32.86,35.04,74.19,28.64,20,47,67
2024-06-02 08:00:00,chennai,2,1,32.66,34.45,81.57,14.83,38,92,130
2024-06-02 09:00:00,chennai,2,1,34.56,35.42,64.0,10.59,43,78,121
2024-06-02 10:00:00,chennai,2,2,36.21,37.09,60.96,10.46,29,54,83
2024-06-02 11:00:00,chennai,2,3,38.3,38.36,61.61,17.52,11,27,38
2024-06-02 12:00:00,chennai,2,1,38.19,38.83,59.83,15.25,39,69,108
2024-06-02 13:00:00,chennai,2,1,36.84,40.31,64.97,10.88,35,63,98
2024-06-02 14:00:00,chennai,2,1,40.98,41.69,59.89,11.46,38,76,114
2024-06-02 15:00:00,chennai,2,1,38.18,38.49,54.6,16.94,41,60,101
2024-06-02 16:00:00,chennai,2,2,38.99,40.81,67.8,14.18,43,79,122
2024-06-02 17:00:00,chennai,2,2,36.65,38.04,56.13,14.4,52,101,153
2024-06-02 18:00:00,chennai,2,1,36.64,37.94,61.64,11.18,63,93,156
2024-06-02 19:00:00,chennai,2,1,36.04,38.95,61.3,14.96,24,46,70
2024-06-02 20:00:00,chennai,2,1,35.46,37.51,73.04,17.36,17,35,52
2024-06-02 21:00:00,chennai,2,2,34.23,35.2,75.52,20.83,8,19,27
2024-06-02 22:00:00,chennai,2,1,33.05,34.12,86.58,16.67,6,10,16
2024-06-02 23:00:00,chennai,2,2,30.79,31.79,83.64,14.29,11,17,28
2024-06-03 00:00:00,chennai,2,1,29.85,32.22,87.87,15.59,4,29,33
2024-06-03 01:00:00,chennai,2,1,30.54,31.73,83.1,13.32,4,42,46
2024-06-03 02:00:00,chennai,2,2,31.12,30.83,77.12,11.29,7,30,37
2024-06-03 03:00:00,chennai,2,2,29.87,31.32,82.3,20.69,8,31,39
2024-06-03 04:00:00,chennai,2,1,31.81,31.78,83.62,13.8,7,34,41
2024-06-03 05:00:00,chennai,2,1,32.91,36.6,82.59,14.51,8,42,50
2024-06-03 06:00:00,chennai,2,1,30.9,31.43,74.64,33.08,14,65,79
2024-06-03 07:00:00,chennai,2,2,31.96,33.3,77.03,31.0,8,108,116
2024-06-03 08:00:00,chennai,2,2,33.83,35.59,67.33,14.41,27,195,222
2024-06-03 09:00:00,chennai,2,1,35.4,36.62,64.2,10.17,43,189,232
2024-06-03 10:00:00,chennai,2,1,35.37,36.58,61.42,12.52,21,105,126
2024-06-03 11:00:00,chennai,2,1,38.45,40.37,65.05,23.85,10,42,52
2024-06-03 12:00:00,chennai,2,1,37.97,41.0,57.45,11.7,6,20,26
2024-06-03 13:00:00,chennai,2,2,37.91,40.18,60.22,46.1,3,26,29
2024-06-03 14:00:00,chennai,2,1,36.28,39.26,66.51,10.44,5,23,28
2024-06-03 15:00:00,chennai,2,1,36.28,36.74,57.2,14.2,6,40,46
2024-06-03 16:00:00,chennai,2,1,37.8,39.62,60.82,13.62,17,119,136
2024-06-03 17:00:00,chennai,2,2,34.27,35.92,65.29,11.47,62,163,225
2024-06-03 18:00:00,chennai,2,1,37.22,39.07,68.23,24.84,17,218,235
2024-06-03 19:00:00,chennai,2,1,34.85,37.72,66.92,14.83,19,117,136
2024-06-03 20:00:00,chennai,2,1,37.89,39.17,75.93,11.31,6,36,42
2024-06-03 21:00:00,chennai,2,2,35.73,36.83,77.54,12.42,2,9,11
2024-06-03 22:00:00,chennai,2,1,31.78,33.82,82.7,16.39,1,28,29
2024-06-03 23:00:00,chennai,2,2,31.04,30.77,78.66,11.77,2,21,23
2024-06-04 00:00:00,chennai,2,1,31.73,32.99,78.1,20.58,5,31,36
2024-06-04 01:00:00,chennai,2,1,32.18,33.55,78.25,10.91,2,28,30
2024-06-04 02:00:00,chennai,2,1,28.03,28.61,83.54,11.54,9,35,44
2024-06-04 03:00:00,chennai,2,1,27.99,30.55,79.77,10.78,8,36,44
2024-06-04 04:00:00,chennai,2,2,29.79,30.23,77.81,10.55,2,32,34
2024-06-04 05:00:00,chennai,2,1,31.87,33.23,76.83,11.79,7,47,54
2024-06-04 06:00:00,chennai,2,2,32.6,34.39,73.58,45.52,9,42,51
2024-06-04 07:00:00,chennai,2,1,34.25,37.1,75.58,10.5,11,127,138
2024-06-04 08:00:00,chennai,2,1,32.56,34.05,64.94,11.2,16,214,230
2024-06-04 09:00:00,chennai,2,2,32.26,34.69,70.93,11.58,22,198,220
2024-06-04 10:00:00,chennai,2,2,37.03,39.23,70.38,14.83,32,82,114
2024-06-04 11:00:00,chennai,2,2,35.83,37.46,62.02,16.84,10,41,51
2024-06-04 12:00:00,chennai,2,2,35.04,35.45,72.95,16.97,3,23,26
2024-06-04 13:00:00,chennai,2,2,38.04,38.1,62.43,10.04,2,18,20
2024-06-04 14:00:00,chennai,2,3,38.95,40.56,54.19,15.28,2,15,17
2024-06-04 15:00:00,chennai,2,1,37.72,38.67,60.93,14.98,9,33,42
2024-06-04 16:00:00,chennai,2,1,36.91,39.33,63.65,13.65,38,111,149
2024-06-04 17:00:00,chennai,2,2,36.64,38.88,67.17,12.38,27,223,250
2024-06-04 18:00:00,chennai,2,1,35.56,36.87,65.71,17.98,41,205,246
2024-06-04 19:00:00,chennai,2,1,33.42,33.76,64.35,12.11,19,117,136
2024-06-04 20:00:00,chennai,2,2,33.14,35.15,66.53,11.31,9,31,40
2024-06-04 21:00:00,chennai,2,1,33.59,34.07,71.32,11.86,3,30,33
2024-06-04 22:00:00,chennai,2,1,32.39,33.13,74.21,12.9,4,18,22
2024-06-04 23:00:00,chennai,2,1,31.37,31.89,73.4,11.2,2,28,30
2024-06-05 00:00:00,chennai,2,1,29.34,30.7,77.0,14.68,7,27,34
2024-06-05 01:00:00,chennai,2,1,29.92,32.59,84.96,20.78,4,34,38
2024-06-05 02:00:00,chennai,2,1,27.39,28.88,90.24,14.53,6,40,46
2024-06-05 03:00:00,chennai,2,1,30.35,31.41,85.44,12.96,6,49,55
2024-06-05 04:00:00,chennai,2,2,32.25,32.22,87.19,17.97,12,36,48
2024-06-05 05:00:00,chennai,2,2,29.4,31.45,83.94,16.89,9,35,44
2024-06-05 06:00:00,chennai,2,2,31.3,32.02,81.17,12.29,10,65,75
2024-06-05 07:00:00,chennai,2,1,33.36,34.98,72.9,14.63,13,106,119
2024-06-05 08:00:00,chennai,2,2,35.5,36.65,72.7,16.54,46,167,213
2024-06-05 09:00:00,chennai,2,1,34.5,36.84,67.31,11.41,11,216,227
2024-06-05 10:00:00,chennai,2,2,35.17,36.51,65.9,12.28,17,83,100
2024-06-05 11:00:00,chennai,2,2,34.47,35.91,65.27,10.56,5,45,50
2024-06-05 12:00:00,chennai,2,2,37.59,39.57,66.91,31.98,10,27,37
2024-06-05 13:00:00,chennai,2,1,40.31,43.92,64.46,10.45,9,21,30
2024-06-05 14:00:00,chennai,2,2,38.33,40.72,61.19,10.92,4,23,27
2024-06-05 15:00:00,chennai,2,2,37.84,39.25,62.62,13.27,8,51,59
2024-06-05 16:00:00,chennai,2,1,37.85,39.35,65.51,20.02,24,130,154
2024-06-05 17:00:00,chennai,2,1,36.82,37.79,68.27,12.2,30,219,249
2024-06-05 18:00:00,chennai,2,1,35.02,35.57,59.41,17.32,29,235,264
2024-06-05 19:00:00,chennai,2,2,36.02,36.97,64.02,15.64,22,117,139
2024-06-05 20:00:00,chennai,2,2,34.27,35.0,77.54,15.09,11,47,58
2024-06-05 21:00:00,chennai,2,1,32.99,35.14,74.28,19.32,5,27,32
2024-06-05 22:00:00,chennai,2,1,30.83,31.26,74.88,10.07,3,17,20
2024-06-05 23:00:00,chennai,2,1,32.74,35.57,77.75,23.24,3,25,28
2024-06-06 00:00:00,chennai,2,2,31.33,33.59,79.34,18.84,4,30,34
2024-06-06 01:00:00,chennai,2,1,29.47,30.99,84.45,23.89,5,42,47
2024-06-06 02:00:00,chennai,2,1,31.2,32.7,76.46,17.89,6,27,33
2024-06-06 03:00:00,chennai,2,2,29.54,30.48,81.78,20.54,6,30,36
2024-06-06 04:00:00,chennai,2,3,29.6,31.37,81.89,11.13,4,24,28
2024-06-06 05:00:00,chennai,2,1,30.26,32.85,81.05,11.92,9,43,52
2024-06-06 06:00:00,chennai,2,1,29.87,30.67,78.11,11.89,9,53,62
2024-06-06 07:00:00,chennai,2,1,33.53,33.5,77.17,10.58,21,113,134
2024-06-06 08:00:00,chennai,2,1,31.8,34.01,69.14,16.54,51,186,237
2024-06-06 09:00:00,chennai,2,1,33.56,35.39,64.7,10.73,42,180,222
2024-06-06 10:00:00,chennai,2,1,33.51,33.89,79.29,10.27,19,118,137
2024-06-06 11:00:00,chennai,2,1,36.73,37.49,63.42,17.47,5,37,42
2024-06-06 12:00:00,chennai,2,1,37.28,37.92,62.42,21.75,7,27,34
2024-06-06 13:00:00,chennai,2,1,37.47,38.25,65.73,17.22,6,30,36
2024-06-06 14:00:00,chennai,2,1,36.75,37.93,69.98,18.72,5,29,34
2024-06-06 15:00:00,chennai,2,1,36.46,37.69,59.62,14.53,4,43,47
2024-06-06 16:00:00,chennai,2,1,38.02,38.87,58.35,20.93,31,101,132
2024-06-06 17:00:00,chennai,2,1,36.17,36.91,58.72,13.43,22,211,233
2024-06-06 18:00:00,chennai,2,2,36.38,37.65,74.97,32.25,35,180,215
2024-06-06 19:00:00,chennai,2,1,33.97,35.64,64.22,10.55,35,109,144
2024-06-06 20:00:00,chennai,2,1,34.22,35.4,71.86,18.28,6,40,46
2024-06-06 21:00:00,chennai,2,1,34.53,37.19,69.7,15.13,4,20,24
2024-06-06 22:00:00,chennai,2,1,32.7,34.71,69.76,14.35,7,27,34
2024-06-06 23:00:00,chennai,2,1,30.68,30.59,77.61,16.47,2,24,26
2024-06-07 00:00:00,chennai,2,1,30.84,32.87,75.97,19.17,2,30,32
2024-06-07 01:00:00,chennai,2,1,29.85,31.95,78.2,19.93,6,39,45
2024-06-07 02:00:00,chennai,2,1,30.01,31.07,92.03,10.96,7,38,45
2024-06-07 03:00:00,chennai,2,1,29.75,29.75,83.78,11.1,7,39,46
2024-06-07 04:00:00,chennai,2,1,30.34,31.85,85.32,10.08,9,34,43
2024-06-07 05:00:00,chennai,2,1,31.43,32.92,83.19,10.71,4,39,43
2024-06-07 06:00:00,chennai,2,1,30.81,31.19,76.5,11.53,10,57,67
2024-06-07 07:00:00,chennai,2,2,31.75,31.79,72.39,16.38,28,97,125
2024-06-07 08:00:00,chennai,2,1,32.33,33.75,73.24,13.23,30,191,221
2024-06-07 09:00:00,chennai,2,2,33.11,34.38,70.25,17.09,59,178,237
2024-06-07 10:00:00,chennai,2,2,34.54,35.62,64.16,13.33,14,87,101
2024-06-07 11:00:00,chennai,2,1,37.02,38.44,65.58,14.06,7,53,60
2024-06-07 12:00:00,chennai,2,2,36.39,36.79,59.81,10.59,4,21,25
2024-06-07 13:00:00,chennai,2,2,38.48,39.55,61.48,17.49,5,24,29
2024-06-07 14:00:00,chennai,2,1,38.04,40.07,60.32,17.1,3,22,25
2024-06-07 15:00:00,chennai,2,1,35.5,36.65,56.0,11.84,8,37,45
2024-06-07 16:00:00,chennai,2,1,38.25,38.08,51.58,11.99,24,146,170
2024-06-07 17:00:00,chennai,2,1,37.8,38.83,60.23,11.24,51,188,239
2024-06-07 18:00:00,chennai,2,3,34.81,35.24,76.02,18.41,24,113,137
2024-06-07 19:00:00,chennai,2,2,35.54,37.31,67.86,16.87,22,123,145
2024-06-07 20:00:00,chennai,2,1,32.97,34.79,75.88,14.7,6,40,46
2024-06-07 21:00:00,chennai,2,2,33.08,32.92,63.97,11.36,4,19,23
2024-06-07 22:00:00,chennai,2,1,30.48,32.74,71.96,10.94,4,21,25
2024-06-07 23:00:00,chennai,2,1,29.02,29.41,72.3,10.26,3,24,27
2024-06-08 00:00:00,chennai,2,1,30.08,33.14,79.65,10.23,11,25,36
2024-06-08 01:00:00,chennai,2,1,29.99,31.44,93.77,11.04,17,27,44
2024-06-08 02:00:00,chennai,2,2,29.52,29.78,84.3,10.53,12,24,36
2024-06-08 03:00:00,chennai,2,1,28.72,29.07,90.14,14.06,12,24,36
2024-06-08 04:00:00,chennai,2,1,30.06,31.9,79.39,12.22,19,32,51
2024-06-08 05:00:00,chennai,2,2,31.49,32.6,85.9,12.94,17,24,41
2024-06-08 06:00:00,chennai,2,1,31.95,33.35,87.37,14.51,21,34,55
2024-06-08 07:00:00,chennai,2,1,33.18,36.3,74.04,15.38,33,52,85
2024-06-08 08:00:00,chennai,2,1,33.2,34.0,69.3,15.22,52,83,135
2024-06-08 09:00:00,chennai,2,1,36.44,38.0,62.82,11.51,41,75,116
2024-06-08 10:00:00,chennai,2,1,34.59,37.51,65.45,18.29,37,63,100
2024-06-08 11:00:00,chennai,2,1,37.41,39.18,65.34,22.49,33,42,75
2024-06-08 12:00:00,chennai,2,1,38.88,38.78,73.49,11.9,37,72,109
2024-06-08 13:00:00,chennai,2,1,38.44,40.45,55.87,10.09,31,73,104
2024-06-08 14:00:00,chennai,2,1,37.76,38.09,62.3,21.47,25,89,114
2024-06-08 15:00:00,chennai,2,2,37.23,40.14,53.27,22.86,63,77,140
2024-06-08 16:00:00,chennai,2,1,38.71,39.38,61.21,10.26,55,67,122
2024-06-08 17:00:00,chennai,2,1,35.12,39.59,66.49,10.02,42,99,141
2024-06-08 18:00:00,chennai,2,1,34.84,37.8,69.56,18.48,54,77,131
2024-06-08 19:00:00,chennai,2,2,34.56,35.26,72.36,11.79,31,45,76
2024-06-08 20:00:00,chennai,2,2,35.49,37.01,73.99,22.3,10,15,25
2024-06-08 21:00:00,chennai,2,1,33.42,35.67,77.49,11.22,10,16,26
2024-06-08 22:00:00,chennai,2,1,30.84,33.12,77.23,19.87,8,19,27
2024-06-08 23:00:00,chennai,2,1,30.8,32.74,73.83,10.36,12,21,33
2024-06-09 00:00:00,chennai,2,1,29.8,32.55,71.4,11.51,14,23,37
2024-06-09 01:00:00,chennai,2,1,29.28,30.66,78.93,28.08,14,26,40
2024-06-09 02:00:00,chennai,2,2,31.17,32.31,81.33,11.31,10,20,30
2024-06-09 03:00:00,chennai,2,1,28.49,29.64,87.93,10.71,21,30,51
2024-06-09 04:00:00,chennai,2,1,32.47,34.82,80.16,19.73,18,26,44
2024-06-09 05:00:00,chennai,2,1,32.17,34.03,78.09,10.63,19,30,49
2024-06-09 06:00:00,chennai,2,2,33.31,35.1,78.93,10.51,18,27,45
2024-06-09 07:00:00,chennai,2,1,32.41,34.7,73.24,11.95,33,57,90
2024-06-09 08:00:00,chennai,2,2,33.82,33.27,76.05,15.04,57,83,140
2024-06-09 09:00:00,chennai,2,1,33.32,35.13,79.31,16.2,39,95,134
2024-06-09 10:00:00,chennai,2,2,35.37,37.09,77.95,20.65,36,67,103
2024-06-09 11:00:00,chennai,2,1,37.42,40.59,65.41,13.89,34,54,88
2024-06-09 12:00:00,chennai,2,1,39.02,38.99,65.02,12.5,33,54,87
2024-06-09 13:00:00,chennai,2,1,36.54,39.59,70.24,12.22,39,66,105
2024-06-09 14:00:00,chennai,2,1,37.56,39.14,61.25,19.38,53,81,134
2024-06-09 15:00:00,chennai,2,1,37.68,39.67,65.74,16.43,41,56,97
2024-06-09 16:00:00,chennai,2,1,35.79,38.97,57.66,21.79,40,94,134
2024-06-09 17:00:00,chennai,2,1,37.54,39.6,63.37,26.63,56,97,153
2024-06-09 18:00:00,chennai,2,2,35.13,37.03,72.78,11.78,42,93,135
2024-06-09 19:00:00,chennai,2,1,34.8,36.54,65.82,13.77,33,48,81
2024-06-09 20:00:00,chennai,2,1,33.46,34.47,71.36,15.0,15,25,40
2024-06-09 21:00:00,chennai,2,2,32.02,33.49,66.72,10.89,6,15,21
2024-06-09 22:00:00,chennai,2,1,31.99,32.78,87.03,10.27,8,16,24
2024-06-09 23:00:00,chennai,2,1,30.91,32.37,85.39,20.12,8,20,28
2024-06-10 00:00:00,chennai,2,1,30.09,29.25,81.6,13.83,6,25,31
2024-06-10 01:00:00,chennai,2,2,29.26,31.19,84.2,14.23,4,26,30
2024-06-10 02:00:00,chennai,2,3,30.38,31.76,83.98,14.05,3,26,29
2024-06-10 03:00:00,chennai,2,2,32.12,33.28,88.58,17.03,6,37,43
2024-06-10 04:00:00,chennai,2,1,30.7,32.42,78.07,10.79,9,43,52
2024-06-10 05:00:00,chennai,2,1,32.37,32.43,82.73,14.76,10,48,58
2024-06-10 06:00:00,chennai,2,1,30.33,33.76,82.39,13.17,6,45,51
2024-06-10 07:00:00,chennai,2,1,33.15,34.55,80.66,21.36,21,125,146
2024-06-10 08:00:00,chennai,2,2,32.68,34.04,60.7,13.67,30,193,223
2024-06-10 09:00:00,chennai,2,2,33.26,33.8,66.42,24.32,21,180,201
2024-06-10 10:00:00,chennai,2,2,35.11,36.64,61.9,12.18,6,101,107
2024-06-10 11:00:00,chennai,2,1,38.26,41.15,65.68,27.04,8,48,56
2024-06-10 12:00:00,chennai,2,1,38.6,41.14,53.26,20.4,6,28,34
2024-06-10 13:00:00,chennai,2,1,38.16,40.51,52.11,14.39,4,23,27
2024-06-10 14:00:00,chennai,2,1,36.16,38.21,72.85,12.18,6,17,23
2024-06-10 15:00:00,chennai,2,2,37.63,38.77,65.43,12.36,5,39,44
2024-06-10 16:00:00,chennai,2,2,37.83,37.88,63.94,17.41,18,106,124
2024-06-10 17:00:00,chennai,2,2,37.04,38.34,66.75,14.35,36,170,206
2024-06-10 18:00:00,chennai,2,1,33.79,35.05,67.73,12.57,40,194,234
2024-06-10 19:00:00,chennai,2,2,33.97,36.52,74.4,15.05,17,107,124
2024-06-10 20:00:00,chennai,2,1,33.92,35.73,68.84,16.61,7,40,47
2024-06-10 21:00:00,chennai,2,1,33.61,36.72,75.52,10.12,3,20,23
2024-06-10 22:00:00,chennai,2,1,29.36,32.06,78.14,10.47,6,24,30
2024-06-10 23:00:00,chennai,2,2,30.98,32.02,73.84,10.5,3,20,23
2024-06-11 00:00:00,chennai,2,1,30.71,30.41,87.05,11.32,1,28,29
2024-06-11 01:00:00,chennai,2,1,31.16,34.04,79.43,12.78,5,32,37
2024-06-11 02:00:00,chennai,2,1,30.83,33.69,87.09,18.14,10,32,42
2024-06-11 03:00:00,chennai,2,2,30.84,30.97,82.23,12.16,7,32,39
2024-06-11 04:00:00,chennai,2,2,29.58,32.59,88.83,10.09,3,42,45
2024-06-11 05:00:00,chennai,2,1,28.88,30.76,73.86,13.3,10,43,53
2024-06-11 06:00:00,chennai,2,2,31.53,33.19,71.58,38.46,10,52,62
2024-06-11 07:00:00,chennai,2,1,34.17,37.28,70.06,12.15,15,96,111
2024-06-11 08:00:00,chennai,2,1,35.67,38.52,72.67,26.25,22,207,229
2024-06-11 09:00:00,chennai,2,1,35.89,38.04,77.12,10.53,26,214,240
2024-06-11 10:00:00,chennai,2,1,36.52,38.49,74.97,10.95,16,116,132
2024-06-11 11:00:00,chennai,2,1,37.28,39.4,53.38,16.44,11,35,46
2024-06-11 12:00:00,chennai,2,2,36.8,37.9,64.59,13.48,7,31,38
2024-06-11 13:00:00,chennai,2,2,37.71,39.15,46.28,17.24,3,25,28
2024-06-11 14:00:00,chennai,2,1,40.0,40.6,65.98,19.96,4,31,35
2024-06-11 15:00:00,chennai,2,1,36.73,37.9,67.93,11.45,8,45,53
2024-06-11 16:00:00,chennai,2,3,39.4,40.54,63.14,15.74,8,58,66
2024-06-11 17:00:00,chennai,2,1,36.44,37.31,65.35,14.68,40,228,268
2024-06-11 18:00:00,chennai,2,1,37.59,39.23,67.37,19.89,37,223,260
2024-06-11 19:00:00,chennai,2,2,33.35,34.52,65.49,12.81,21,113,134
2024-06-11 20:00:00,chennai,2,1,34.7,36.71,74.16,10.27,2,46,48
2024-06-11 21:00:00,chennai,2,1,32.08,31.96,73.43,14.27,4,18,22
2024-06-11 22:00:00,chennai,2,4,30.3,31.69,81.65,25.96,1,5,6
2024-06-11 23:00:00,chennai,2,2,31.43,33.07,78.5,10.07,6,23,29
2024-06-12 00:00:00,chennai,2,1,31.75,32.94,76.36,11.37,9,24,33
2024-06-12 01:00:00,chennai,2,1,29.12,30.45,73.98,11.9,3,41,44
2024-06-12 02:00:00,chennai,2,1,28.2,28.12,72.68,17.26,6,35,41
2024-06-12 03:00:00,chennai,2,1,30.03,31.88,88.22,11.95,7,44,51
2024-06-12 04:00:00,chennai,2,2,30.43,32.58,78.37,11.37,6,32,38
2024-06-12 05:00:00,chennai,2,1,31.83,33.82,80.76,15.23,3,56,59
2024-06-12 06:00:00,chennai,2,2,33.14,35.68,85.92,10.24,9,62,71
2024-06-12 07:00:00,chennai,2,1,32.89,34.59,71.77,10.94,18,144,162
2024-06-12 08:00:00,chennai,2,1,36.23,38.21,68.86,12.62,57,190,247
2024-06-12 09:00:00,chennai,2,2,35.3,36.96,68.75,12.2,56,173,229
2024-06-12 10:00:00,chennai,2,2,35.58,37.77,67.15,12.13,16,100,116
2024-06-12 11:00:00,chennai,2,1,34.89,34.82,74.37,10.57,5,52,57
2024-06-12 12:00:00,chennai,2,1,37.15,37.76,71.17,12.24,4,32,36
2024-06-12 13:00:00,chennai,2,1,37.46,40.55,65.45,18.0,5,27,32
2024-06-12 14:00:00,chennai,2,2,39.15,38.19,69.25,12.67,2,22,24
2024-06-12 15:00:00,chennai,2,2,38.42,39.78,61.45,14.41,7,32,39
2024-06-12 16:00:00,chennai,2,1,36.05,38.72,64.84,10.89,21,128,149
2024-06-12 17:00:00,chennai,2,1,37.04,38.44,63.42,10.36,42,210,252
2024-06-12 18:00:00,chennai,2,1,36.81,37.9,60.55,20.6,43,213,256
2024-06-12 19:00:00,chennai,2,2,36.87,38.5,75.43,12.01,27,98,125
2024-06-12 20:00:00,chennai,2,1,35.07,36.21,74.66,12.16,7,34,41
2024-06-12 21:00:00,chennai,2,1,33.88,35.41,74.68,20.51,4,21,25
2024-06-12 22:00:00,chennai,2,2,32.07,32.89,76.99,16.15,4,18,22
2024-06-12 23:00:00,chennai,2,1,31.64,34.25,71.54,17.06,1,23,24
2024-06-13 00:00:00,chennai,2,1,32.04,34.96,75.77,15.73,5,25,30
2024-06-13 01:00:00,chennai,2,1,28.54,29.9,83.34,10.56,6,26,32
2024-06-13 02:00:00,chennai,2,1,29.58,29.69,79.35,25.85,5,28,33
2024-06-13 03:00:00,chennai,2,1,29.21,30.19,80.57,21.99,11,37,48
2024-06-13 04:00:00,chennai,2,1,30.99,32.31,80.14,11.35,3,39,42
2024-06-13 05:00:00,chennai,2,1,32.65,34.65,75.66,18.15,6,49,55
2024-06-13 06:00:00,chennai,2,1,31.28,31.78,72.16,12.63,7,56,63
2024-06-13 07:00:00,chennai,2,1,30.1,30.83,66.53,15.76,17,98,115
2024-06-13 08:00:00,chennai,2,1,33.51,35.52,71.27,10.91,28,210,238
2024-06-13 09:00:00,chennai,2,1,36.13,38.57,72.5,13.87,20,210,230
2024-06-13 10:00:00,chennai,2,1,36.65,37.52,58.78,10.68,17,113,130
2024-06-13 11:00:00,chennai,2,1,37.34,37.51,64.81,13.84,13,54,67
2024-06-13 12:00:00,chennai,2,2,37.13,41.91,64.75,11.4,5,22,27
2024-06-13 13:00:00,chennai,2,1,36.33,38.61,57.39,13.01,3,23,26
2024-06-13 14:00:00,chennai,2,1,38.62,39.85,69.11,15.51,5,30,35
2024-06-13 15:00:00,chennai,2,1,36.86,39.23,60.41,20.48,5,44,49
2024-06-13 16:00:00,chennai,2,3,40.09,41.46,62.83,10.9,6,68,74
2024-06-13 17:00:00,chennai,2,2,37.51,39.88,64.12,21.19,43,206,249
2024-06-13 18:00:00,chennai,2,1,35.3,36.96,58.15,12.47,23,240,263
2024-06-13 19:00:00,chennai,2,1,34.3,35.89,74.46,19.28,26,115,141
2024-06-13 20:00:00,chennai,2,1,33.89,35.27,67.22,13.59,11,35,46
2024-06-13 21:00:00,chennai,2,2,32.68,32.73,73.41,19.91,4,21,25
2024-06-13 22:00:00,chennai,2,1,33.34,36.78,79.99,15.44,3,11,14
2024-06-13 23:00:00,chennai,2,3,31.4,31.95,86.38,13.55,3,14,17
2024-06-14 00:00:00,chennai,2,2,29.66,29.8,75.26,11.87,4,26,30
2024-06-14 01:00:00,chennai,2,1,32.4,33.69,79.43,27.35,6,30,36
2024-06-14 02:00:00,chennai,2,2,30.06,30.6,88.91,18.07,7,33,40
2024-06-14 03:00:00,chennai,2,1,31.06,32.51,83.98,12.4,5,39,44
2024-06-14 04:00:00,chennai,2,1,29.81,31.99,84.02,10.91,3,52,55
2024-06-14 05:00:00,chennai,2,1,31.61,34.1,73.82,17.56,5,47,52
2024-06-14 06:00:00,chennai,2,1,32.37,34.69,75.1,33.0,7,65,72
2024-06-14 07:00:00,chennai,2,1,30.7,31.89,73.75,11.64,23,108,131
2024-06-14 08:00:00,chennai,2,1,36.42,37.97,67.71,22.38,18,218,236
2024-06-14 09:00:00,chennai,2,1,36.58,38.49,61.04,10.67,66,207,273
2024-06-14 10:00:00,chennai,2,1,35.52,35.27,64.45,25.2,29,98,127
2024-06-14 11:00:00,chennai,2,1,35.51,37.58,71.7,16.84,13,52,65
2024-06-14 12:00:00,chennai,2,1,37.88,37.92,63.64,12.13,4,25,29
2024-06-14 13:00:00,chennai,2,1,37.97,41.51,69.21,11.82,2,29,31
2024-06-14 14:00:00,chennai,2,1,38.43,39.52,62.9,15.16,4,18,22
2024-06-14 15:00:00,chennai,2,1,38.09,39.41,58.52,14.5,7,51,58
2024-06-14 16:00:00,chennai,2,1,38.07,38.8,69.73,22.56,24,105,129
2024-06-14 17:00:00,chennai,2,2,38.57,39.44,65.99,17.27,38,171,209
2024-06-14 18:00:00,chennai,2,1,36.68,40.46,71.81,13.89,31,210,241
2024-06-14 19:00:00,chennai,2,1,33.78,36.22,64.07,23.13,12,127,139
2024-06-14 20:00:00,chennai,2,2,35.64,35.59,77.19,14.49,7,40,47
2024-06-14 21:00:00,chennai,2,1,34.93,37.94,79.93,19.48,2,25,27
2024-06-14 22:00:00,chennai,2,1,35.78,38.48,78.45,19.19,3,18,21
2024-06-14 23:00:00,chennai,2,1,29.82,31.04,75.04,22.58,5,23,28
2024-06-15 00:00:00,chennai,2,2,30.83,32.63,80.43,10.35,9,18,27
2024-06-15 01:00:00,chennai,2,2,27.64,29.12,84.72,14.38,10,25,35
2024-06-15 02:00:00,chennai,2,3,30.66,34.14,83.17,13.16,10,14,24
2024-06-15 03:00:00,chennai,2,1,29.48,30.18,84.66,13.37,17,36,53
2024-06-15 04:00:00,chennai,2,1,32.84,34.49,85.72,13.08,16,30,46
2024-06-15 05:00:00,chennai,2,1,30.24,31.31,75.83,19.08,20,29,49
2024-06-15 06:00:00,chennai,2,1,29.97,30.04,71.22,11.92,17,36,53
2024-06-15 07:00:00,chennai,2,1,32.4,36.09,74.4,13.11,32,70,102
2024-06-15 08:00:00,chennai,2,1,31.63,31.95,70.35,11.12,68,83,151
2024-06-15 09:00:00,chennai,2,1,35.94,37.66,73.34,11.45,39,87,126
2024-06-15 10:00:00,chennai,2,2,33.52,33.28,61.63,15.4,35,49,84
2024-06-15 11:00:00,chennai,2,1,36.86,37.96,70.03,10.62,26,47,73
2024-06-15 12:00:00,chennai,2,2,34.97,36.89,70.11,11.04,29,53,82
2024-06-15 13:00:00,chennai,2,1,37.48,38.15,62.34,13.75,38,79,117
2024-06-15 14:00:00,chennai,2,1,39.97,42.06,62.3,10.22,40,77,117
2024-06-15 15:00:00,chennai,2,2,38.3,39.53,58.5,10.68,45,58,103
2024-06-15 16:00:00,chennai,2,1,36.43,39.09,60.63,19.95,49,75,124
2024-06-15 17:00:00,chennai,2,2,36.79,39.65,62.89,19.36,45,116,161
2024-06-15 18:00:00,chennai,2,3,36.02,36.93,74.21,12.14,22,52,74
2024-06-15 19:00:00,chennai,2,2,35.6,37.18,69.05,12.14,24,42,66
2024-06-15 20:00:00,chennai,2,1,32.36,34.04,65.39,23.78,8,14,22
2024-06-15 21:00:00,chennai,2,1,33.68,35.8,75.86,10.13,14,21,35
2024-06-15 22:00:00,chennai,2,2,28.75,30.27,81.13,14.34,8,14,22
2024-06-15 23:00:00,chennai,2,1,30.42,32.11,78.94,14.55,10,21,31
2024-06-16 00:00:00,chennai,2,1,29.95,31.21,88.01,17.75,9,21,30
2024-06-16 01:00:00,chennai,2,1,30.9,32.51,85.55,25.16,8,28,36
2024-06-16 02:00:00,chennai,2,2,30.03,32.83,76.75,12.2,18,24,42
2024-06-16 03:00:00,chennai,2,1,28.45,30.6,78.9,12.88,8,28,36
2024-06-16 04:00:00,chennai,2,3,29.35,31.56,81.79,15.56,9,19,28
2024-06-16 05:00:00,chennai,2,2,31.41,33.63,70.74,27.1,9,27,36
2024-06-16 06:00:00,chennai,2,2,31.91,33.25,78.68,21.07,18,39,57
2024-06-16 07:00:00,chennai,2,1,32.27,34.09,65.78,15.5,30,49,79
2024-06-16 08:00:00,chennai,2,2,33.42,33.84,77.12,19.71,30,96,126
2024-06-16 09:00:00,chennai,2,1,35.87,38.64,73.95,10.45,46,78,124
2024-06-16 10:00:00,chennai,2,1,35.38,34.1,69.52,12.37,34,53,87
2024-06-16 11:00:00,chennai,2,3,36.72,38.14,61.55,10.07,16,34,50
2024-06-16 12:00:00,chennai,2,1,40.07,42.71,64.19,10.98,52,55,107
2024-06-16 13:00:00,chennai,2,2,36.16,36.29,59.77,14.98,27,88,115
2024-06-16 14:00:00,chennai,2,1,35.78,37.68,56.85,20.84,31,88,119
2024-06-16 15:00:00,chennai,2,1,38.8,39.62,60.65,15.01,40,80,120
2024-06-16 16:00:00,chennai,2,4,36.65,37.78,66.83,15.46,6,13,19
2024-06-16 17:00:00,chennai,2,1,36.45,38.89,65.15,10.55,49,89,138
2024-06-16 18:00:00,chennai,2,1,35.06,36.76,74.25,15.47,56,85,141
2024-06-16 19:00:00,chennai,2,2,34.72,34.19,73.24,13.03,17,43,60
2024-06-16 20:00:00,chennai,2,1,35.92,36.44,75.29,15.27,9,24,33
2024-06-16 21:00:00,chennai,2,2,33.93,36.4,66.54,11.97,5,12,17
2024-06-16 22:00:00,chennai,2,1,33.03,34.98,75.57,14.36,12,17,29
2024-06-16 23:00:00,chennai,2,1,29.47,32.72,73.75,12.76,10,15,25
2024-06-17 00:00:00,chennai,2,1,29.15,32.34,79.75,14.09,5,27,32
2024-06-17 01:00:00,chennai,2,1,26.73,27.89,78.19,10.8,5,37,42
2024-06-17 02:00:00,chennai,2,1,29.03,33.03,80.11,12.52,7,41,48
2024-06-17 03:00:00,chennai,2,1,31.28,32.81,86.97,12.34,8,40,48
2024-06-17 04:00:00,chennai,2,2,31.16,31.69,83.04,16.67,6,30,36
2024-06-17 05:00:00,chennai,2,2,30.91,31.77,84.11,16.13,3,33,36
2024-06-17 06:00:00,chennai,2,1,31.97,31.22,69.0,21.98,6,77,83
2024-06-17 07:00:00,chennai,2,1,32.14,35.25,74.88,15.0,18,111,129
2024-06-17 08:00:00,chennai,2,1,34.25,37.34,76.83,11.89,46,200,246
2024-06-17 09:00:00,chennai,2,1,35.95,36.44,76.94,17.64,20,185,205
2024-06-17 10:00:00,chennai,2,2,34.06,35.33,59.26,13.44,20,97,117
2024-06-17 11:00:00,chennai,2,1,37.19,38.78,63.17,11.08,3,53,56
2024-06-17 12:00:00,chennai,2,2,38.58,39.12,68.51,16.88,5,29,34
2024-06-17 13:00:00,chennai,2,1,37.37,37.11,61.38,10.71,4,30,34
2024-06-17 14:00:00,chennai,2,1,38.84,40.13,57.45,10.98,2,39,41
2024-06-17 15:00:00,chennai,2,1,41.24,42.42,54.59,17.11,8,56,64
2024-06-17 16:00:00,chennai,2,1,37.34,38.45,58.6,17.35,12,126,138
2024-06-17 17:00:00,chennai,2,3,37.3,39.02,56.48,17.82,17,109,126
2024-06-17 18:00:00,chennai,2,2,35.11,38.04,67.29,11.74,34,168,202
2024-06-17 19:00:00,chennai,2,1,35.25,36.45,73.89,20.07,27,129,156
2024-06-17 20:00:00,chennai,2,1,34.55,36.22,65.7,16.41,3,48,51
2024-06-17 21:00:00,chennai,2,1,33.2,35.43,75.88,18.98,5,22,27
2024-06-17 22:00:00,chennai,2,1,30.78,32.83,81.23,16.17,4,19,23
2024-06-17 23:00:00,chennai,2,1,31.42,32.3,79.06,14.33,3,17,20
2024-06-18 00:00:00,chennai,2,1,32.29,33.89,72.61,10.58,3,33,36
2024-06-18 01:00:00,chennai,2,2,30.67,32.72,83.59,16.21,4,28,32
2024-06-18 02:00:00,chennai,2,1,31.15,31.53,81.73,15.86,10,33,43
2024-06-18 03:00:00,chennai,2,1,29.85,32.62,80.88,11.87,10,48,58
2024-06-18 04:00:00,chennai,2,1,31.44,34.37,77.93,16.66,11,43,54
2024-06-18 05:00:00,chennai,2,1,31.51,32.28,79.51,14.0,5,40,45
2024-06-18 06:00:00,chennai,2,1,30.86,32.55,79.55,14.1,7,53,60
2024-06-18 07:00:00,chennai,2,2,33.35,35.49,86.54,12.29,11,117,128
2024-06-18 08:00:00,chennai,2,2,32.81,33.76,72.56,10.62,24,182,206
2024-06-18 09:00:00,chennai,2,1,34.28,36.26,76.97,11.22,47,167,214
2024-06-18 10:00:00,chennai,2,1,36.23,37.89,68.79,17.32,16,106,122
2024-06-18 11:00:00,chennai,2,1,37.19,37.22,64.43,11.58,6,47,53
2024-06-18 12:00:00,chennai,2,1,36.04,38.0,64.08,10.01,5,28,33
2024-06-18 13:00:00,chennai,2,1,39.13,39.53,56.23,39.07,3,21,24
2024-06-18 14:00:00,chennai,2,3,38.69,41.13,63.53,11.18,2,12,14
2024-06-18 15:00:00,chennai,2,1,37.02,37.85,52.38,15.33,7,50,57
2024-06-18 16:00:00,chennai,2,1,35.62,36.96,59.03,23.08,23,120,143
2024-06-18 17:00:00,chennai,2,2,36.65,39.53,65.48,14.58,30,202,232
2024-06-18 18:00:00,chennai,2,2,35.46,37.46,72.97,18.02,25,238,263
2024-06-18 19:00:00,chennai,2,1,35.17,35.59,76.56,28.73,26,104,130
2024-06-18 20:00:00,chennai,2,1,33.56,34.05,70.82,19.84,13,41,54
2024-06-18 21:00:00,chennai,2,2,30.56,31.46,75.37,14.08,3,14,17
2024-06-18 22:00:00,chennai,2,1,31.53,33.43,81.92,12.26,1,18,19
2024-06-18 23:00:00,chennai,2,2,30.8,32.66,72.42,13.29,3,17,20
2024-06-19 00:00:00,chennai,2,1,31.3,31.95,82.68,19.22,5,28,33
2024-06-19 01:00:00,chennai,2,1,29.3,29.63,77.52,19.6,3,37,40
2024-06-19 02:00:00,chennai,2,1,32.01,33.8,81.14,19.35,4,32,36
2024-06-19 03:00:00,chennai,2,1,27.84,29.16,79.36,14.55,3,39,42
2024-06-19 04:00:00,chennai,2,2,32.11,35.77,82.84,13.24,5,45,50
2024-06-19 05:00:00,chennai,2,2,30.9,32.44,81.82,11.87,7,36,43
2024-06-19 06:00:00,chennai,2,2,33.03,36.35,81.46,10.02,8,47,55
2024-06-19 07:00:00,chennai,2,1,33.06,33.39,76.33,17.23,12,117,129
2024-06-19 08:00:00,chennai,2,2,35.37,35.29,72.86,11.62,30,176,206
2024-06-19 09:00:00,chennai,2,2,34.57,34.95,78.68,12.0,28,187,215
2024-06-19 10:00:00,chennai,2,2,34.68,37.37,59.38,19.27,18,77,95
2024-06-19 11:00:00,chennai,2,1,38.53,41.79,73.41,10.27,3,61,64
2024-06-19 12:00:00,chennai,2,1,37.33,38.05,61.89,23.13,5,43,48
2024-06-19 13:00:00,chennai,2,1,38.13,39.17,65.2,10.01,7,25,32
2024-06-19 14:00:00,chennai,2,1,39.48,39.81,60.37,24.0,2,15,17
2024-06-19 15:00:00,chennai,2,3,36.63,36.31,58.83,13.03,3,29,32
2024-06-19 16:00:00,chennai,2,1,38.18,40.4,65.76,10.54,19,138,157
2024-06-19 17:00:00,chennai,2,2,36.12,37.84,70.14,15.61,55,201,256
2024-06-19 18:00:00,chennai,2,1,35.84,37.35,69.37,21.31,44,216,260
2024-06-19 19:00:00,chennai,2,1,35.12,35.22,66.7,12.88,13,125,138
2024-06-19 20:00:00,chennai,2,3,32.2,35.34,90.06,15.88,5,30,35
2024-06-19 21:00:00,chennai,2,2,32.03,33.03,80.58,29.4,2,16,18
2024-06-19 22:00:00,chennai,2,1,33.62,35.65,81.67,11.38,4,22,26
2024-06-19 23:00:00,chennai,2,1,32.24,32.28,77.31,18.59,5,31,36
2024-06-20 00:00:00,chennai,2,1,30.46,31.77,77.53,11.75,4,18,22
2024-06-20 01:00:00,chennai,2,3,30.43,32.22,80.26,12.78,4,24,28
2024-06-20 02:00:00,chennai,2,1,29.65,31.47,87.41,11.65,8,27,35
2024-06-20 03:00:00,chennai,2,1,31.76,33.42,76.71,12.95,8,46,54
2024-06-20 04:00:00,chennai,2,1,30.3,32.29,75.32,10.03,6,45,51
2024-06-20 05:00:00,chennai,2,1,31.45,31.82,81.77,11.81,10,38,48
2024-06-20 06:00:00,chennai,2,2,33.38,35.07,78.6,12.95,11,53,64
2024-06-20 07:00:00,chennai,2,1,32.03,33.65,70.74,15.0,15,128,143
2024-06-20 08:00:00,chennai,2,2,35.87,37.6,66.54,15.07,11,201,212
2024-06-20 09:00:00,chennai,2,1,33.2,34.77,76.6,14.38,44,203,247
2024-06-20 10:00:00,chennai,2,1,37.96,38.18,68.79,11.73,18,124,142
2024-06-20 11:00:00,chennai,2,1,36.38,36.56,58.11,24.73,9,48,57
2024-06-20 12:00:00,chennai,2,2,37.17,36.46,56.87,12.49,7,27,34
2024-06-20 13:00:00,chennai,2,1,35.6,37.91,60.53,11.22,3,30,33
2024-06-20 14:00:00,chennai,2,1,37.45,39.78,65.66,14.04,3,31,34
2024-06-20 15:00:00,chennai,2,1,36.62,38.96,65.32,16.91,4,44,48
2024-06-20 16:00:00,chennai,2,2,36.73,38.54,69.0,10.06,37,107,144
2024-06-20 17:00:00,chennai,2,1,36.66,36.03,57.48,11.62,52,198,250
2024-06-20 18:00:00,chennai,2,3,37.15,37.62,68.12,18.71,24,106,130
2024-06-20 19:00:00,chennai,2,1,35.28,36.95,76.54,13.54,8,132,140
2024-06-20 20:00:00,chennai,2,1,34.37,36.0,78.66,12.63,3,38,41
2024-06-20 21:00:00,chennai,2,1,31.65,32.93,76.38,23.36,5,23,28
2024-06-20 22:00:00,chennai,2,1,30.94,32.81,88.74,10.47,5,26,31
2024-06-20 23:00:00,chennai,2,3,33.33,34.84,82.12,14.78,2,15,17
2024-06-21 00:00:00,chennai,2,1,29.65,31.27,85.87,12.09,3,31,34
2024-06-21 01:00:00,chennai,2,2,32.12,32.98,81.88,10.37,7,26,33
2024-06-21 02:00:00,chennai,2,1,29.71,32.19,78.1,11.2,10,32,42
2024-06-21 03:00:00,chennai,2,1,30.14,31.21,77.28,14.94,8,41,49
2024-06-21 04:00:00,chennai,2,2,31.82,31.99,81.57,10.14,5,42,47
2024-06-21 05:00:00,chennai,2,2,32.7,33.43,78.01,14.49,9,32,41
2024-06-21 06:00:00,chennai,2,1,31.87,33.02,68.16,25.72,12,61,73
2024-06-21 07:00:00,chennai,2,1,32.5,34.99,69.46,17.93,27,89,116
2024-06-21 08:00:00,chennai,2,1,33.93,35.39,70.41,12.12,29,194,223
2024-06-21 09:00:00,chennai,2,1,35.44,36.75,73.05,10.74,55,164,219
2024-06-21 10:00:00,chennai,2,1,37.07,37.32,66.92,13.13,19,130,149
2024-06-21 11:00:00,chennai,2,1,36.83,39.12,64.57,12.5,6,44,50
2024-06-21 12:00:00,chennai,2,1,38.21,39.05,58.41,27.83,6,23,29
2024-06-21 13:00:00,chennai,2,2,39.83,41.23,62.46,32.96,4,25,29
2024-06-21 14:00:00,chennai,2,2,38.46,41.44,68.6,12.64,4,20,24
2024-06-21 15:00:00,chennai,2,4,38.24,40.25,63.12,10.81,1,5,6
2024-06-21 16:00:00,chennai,2,1,35.64,35.51,55.8,22.07,11,104,115
2024-06-21 17:00:00,chennai,2,2,33.67,33.4,58.67,17.89,27,182,209
2024-06-21 18:00:00,chennai,2,1,36.47,37.9,69.94,13.58,40,199,239
2024-06-21 19:00:00,chennai,2,3,34.92,35.21,68.29,12.27,8,63,71
2024-06-21 20:00:00,chennai,2,2,33.38,35.53,71.63,12.97,8,33,41
2024-06-21 21:00:00,chennai,2,1,33.26,34.8,71.52,21.61,2,15,17
2024-06-21 22:00:00,chennai,2,1,31.93,33.59,79.52,11.02,7,21,28
2024-06-21 23:00:00,chennai,2,2,32.52,33.32,77.57,18.22,3,30,33
2024-06-22 00:00:00,chennai,2,2,30.64,33.88,79.73,10.09,10,17,27
2024-06-22 01:00:00,chennai,2,1,29.24,33.58,77.4,22.66,12,20,32
2024-06-22 02:00:00,chennai,2,3,31.19,32.41,86.61,13.47,8,15,23
2024-06-22 03:00:00,chennai,2,1,29.88,31.73,80.55,11.29,13,23,36
2024-06-22 04:00:00,chennai,2,2,31.17,32.77,83.7,10.01,17,27,44
2024-06-22 05:00:00,chennai,2,1,30.6,31.84,73.1,14.1,17,42,59
2024-06-22 06:00:00,chennai,2,2,31.22,31.89,85.67,11.4,18,31,49
2024-06-22 07:00:00,chennai,2,2,33.07,33.48,80.98,14.99,20,47,67
2024-06-22 08:00:00,chennai,2,1,34.02,34.38,62.45,11.65,44,93,137
2024-06-22 09:00:00,chennai,2,2,35.61,37.52,65.4,10.46,44,77,121
2024-06-22 10:00:00,chennai,2,2,35.68,36.66,69.39,13.52,38,57,95
2024-06-22 11:00:00,chennai,2,1,34.62,33.55,58.33,14.16,22,57,79
2024-06-22 12:00:00,chennai,2,2,36.94,38.89,62.68,13.01,43,57,100
2024-06-22 13:00:00,chennai,2,2,38.82,40.28,64.47,13.06,44,65,109
2024-06-22 14:00:00,chennai,2,1,37.64,40.49,61.08,14.45,46,85,131
2024-06-22 15:00:00,chennai,2,1,37.57,39.44,65.03,13.74,40,96,136
2024-06-22 16:00:00,chennai,2,1,38.65,38.67,59.87,10.71,64,87,151
2024-06-22 17:00:00,chennai,2,1,35.97,35.24,53.71,11.1,65,108,173
2024-06-22 18:00:00,chennai,2,1,34.15,34.93,71.91,10.76,60,101,161
2024-06-22 19:00:00,chennai,2,1,34.84,35.72,74.29,15.91,26,57,83
2024-06-22 20:00:00,chennai,2,2,33.42,35.86,84.52,13.76,10,19,29
2024-06-22 21:00:00,chennai,2,2,31.81,33.3,63.55,12.81,8,17,25
2024-06-22 22:00:00,chennai,2,4,31.79,34.42,80.75,18.01,3,4,7
2024-06-22 23:00:00,chennai,2,2,31.76,31.94,69.23,11.97,10,14,24
2024-06-23 00:00:00,chennai,2,1,30.52,32.99,89.44,14.2,10,19,29
2024-06-23 01:00:00,chennai,2,1,30.5,32.73,84.1,10.39,18,38,56
2024-06-23 02:00:00,chennai,2,3,32.18,31.66,77.24,16.82,8,12,20
2024-06-23 03:00:00,chennai,2,1,29.72,32.55,85.56,15.94,15,25,40
2024-06-23 04:00:00,chennai,2,1,30.87,32.46,77.9,18.11,13,30,43
2024-06-23 05:00:00,chennai,2,1,30.56,32.45,80.57,20.79,19,39,58
2024-06-23 06:00:00,chennai,2,1,30.98,31.62,78.03,17.09,23,27,50
2024-06-23 07:00:00,chennai,2,1,32.26,35.04,83.31,19.31,32,60,92
2024-06-23 08:00:00,chennai,2,2,33.43,33.74,81.07,12.12,44,79,123
2024-06-23 09:00:00,chennai,2,1,35.47,37.8,66.43,12.1,52,86,138
2024-06-23 10:00:00,chennai,2,1,38.82,41.14,72.29,24.44,35,74,109
2024-06-23 11:00:00,chennai,2,1,35.97,36.5,66.7,22.3,37,57,94
2024-06-23 12:00:00,chennai,2,1,36.96,40.45,56.28,13.98,38,66,104
2024-06-23 13:00:00,chennai,2,2,37.79,39.52,58.86,12.28,45,65,110
2024-06-23 14:00:00,chennai,2,1,38.47,40.63,73.68,20.05,32,90,122
2024-06-23 15:00:00,chennai,2,1,38.18,38.15,64.13,11.95,47,80,127
2024-06-23 16:00:00,chennai,2,1,39.01,42.62,68.34,10.83,52,91,143
2024-06-23 17:00:00,chennai,2,1,33.92,34.19,63.87,15.1,42,107,149
2024-06-23 18:00:00,chennai,2,1,33.14,35.66,64.3,10.22,48,95,143
2024-06-23 19:00:00,chennai,2,1,34.44,34.95,69.55,12.38,33,56,89
2024-06-23 20:00:00,chennai,2,2,35.32,36.2,70.67,18.24,16,30,46
2024-06-23 21:00:00,chennai,2,1,31.09,33.37,67.12,11.75,7,14,21
2024-06-23 22:00:00,chennai,2,1,28.39,30.92,71.98,23.39,8,16,24
2024-06-23 23:00:00,chennai,2,2,31.86,32.09,82.61,25.6,8,17,25
2024-06-24 00:00:00,chennai,2,1,30.83,33.42,78.76,18.46,9,26,35
2024-06-24 01:00:00,chennai,2,1,28.83,31.37,81.79,31.97,6,31,37
2024-06-24 02:00:00,chennai,2,3,28.82,29.38,83.17,13.78,4,18,22
2024-06-24 03:00:00,chennai,2,1,28.97,32.07,83.22,14.21,3,28,31
2024-06-24 04:00:00,chennai,2,2,30.67,30.71,86.39,19.04,6,39,45
2024-06-24 05:00:00,chennai,2,2,30.42,31.3,73.58,13.39,5,37,42
2024-06-24 06:00:00,chennai,2,1,32.59,34.57,79.85,12.61,9,49,58
2024-06-24 07:00:00,chennai,2,2,29.54,30.19,78.36,14.77,15,100,115
2024-06-24 08:00:00,chennai,2,1,32.97,34.74,76.93,15.36,30,219,249
2024-06-24 09:00:00,chennai,2,1,33.68,35.43,62.35,16.95,31,195,226
2024-06-24 10:00:00,chennai,2,2,35.69,37.01,68.27,15.52,12,109,121
2024-06-24 11:00:00,chennai,2,1,36.18,38.52,73.51,16.85,10,45,55
2024-06-24 12:00:00,chennai,2,2,38.42,39.69,62.84,15.61,6,23,29
2024-06-24 13:00:00,chennai,2,1,35.63,37.36,64.76,13.27,6,27,33
2024-06-24 14:00:00,chennai,2,1,38.05,40.7,65.9,10.72,8,32,40
2024-06-24 15:00:00,chennai,2,2,38.53,40.82,57.21,17.7,11,48,59
2024-06-24 16:00:00,chennai,2,2,39.69,41.98,72.51,10.16,11,115,126
2024-06-24 17:00:00,chennai,2,2,36.25,36.6,67.43,34.46,57,196,253
2024-06-24 18:00:00,chennai,2,1,36.39,38.41,69.6,18.81,49,205,254
2024-06-24 19:00:00,chennai,2,1,32.87,33.49,61.1,15.56,9,147,156
2024-06-24 20:00:00,chennai,2,2,31.13,31.35,75.97,27.0,5,44,49
2024-06-24 21:00:00,chennai,2,2,33.98,35.41,77.12,14.74,2,24,26
2024-06-24 22:00:00,chennai,2,1,31.99,32.59,85.12,10.29,4,19,23
2024-06-24 23:00:00,chennai,2,2,32.59,34.88,77.51,14.1,5,36,41
2024-06-25 00:00:00,chennai,2,2,28.89,31.2,75.72,11.62,3,17,20
2024-06-25 01:00:00,chennai,2,1,30.76,30.36,78.25,12.31,9,30,39
2024-06-25 02:00:00,chennai,2,1,32.24,32.91,79.48,13.08,9,33,42
2024-06-25 03:00:00,chennai,2,1,30.64,30.68,76.07,17.45,4,37,41
2024-06-25 04:00:00,chennai,2,1,30.87,31.91,87.11,13.5,9,43,52
2024-06-25 05:00:00,chennai,2,1,31.18,33.14,85.71,13.22,13,39,52
2024-06-25 06:00:00,chennai,2,2,30.11,31.37,76.02,11.8,7,59,66
2024-06-25 07:00:00,chennai,2,1,34.59,35.5,72.62,13.88,24,96,120
2024-06-25 08:00:00,chennai,2,1,33.27,36.07,62.92,11.43,35,215,250
2024-06-25 09:00:00,chennai,2,1,35.64,34.84,72.89,11.51,22,189,211
2024-06-25 10:00:00,chennai,2,1,34.12,36.86,75.27,17.08,23,80,103
2024-06-25 11:00:00,chennai,2,2,35.41,36.37,61.74,12.1,5,31,36
2024-06-25 12:00:00,chennai,2,1,39.19,40.61,62.76,10.26,4,26,30
2024-06-25 13:00:00,chennai,2,1,37.45,38.42,64.51,12.11,4,23,27
2024-06-25 14:00:00,chennai,2,1,39.74,42.79,70.62,15.09,6,24,30
2024-06-25 15:00:00,chennai,2,3,37.77,38.04,63.34,18.41,8,30,38
2024-06-25 16:00:00,chennai,2,2,35.25,36.77,64.32,26.34,14,109,123
2024-06-25 17:00:00,chennai,2,2,37.9,39.93,65.83,16.86,36,195,231
2024-06-25 18:00:00,chennai,2,1,35.29,35.18,59.87,12.8,42,210,252
2024-06-25 19:00:00,chennai,2,2,35.87,36.45,62.18,11.78,25,101,126
2024-06-25 20:00:00,chennai,2,1,34.03,35.38,67.96,10.69,6,46,52
2024-06-25 21:00:00,chennai,2,1,31.11,31.73,79.65,14.94,8,27,35
2024-06-25 22:00:00,chennai,2,1,32.2,32.88,75.32,13.57,6,24,30
2024-06-25 23:00:00,chennai,2,1,33.81,34.96,76.42,15.66,3,29,32
2024-06-26 00:00:00,chennai,2,1,31.13,33.28,77.92,11.35,7,34,41
2024-06-26 01:00:00,chennai,2,1,30.07,31.22,80.97,11.96,6,27,33
2024-06-26 02:00:00,chennai,2,1,31.29,33.87,90.51,11.73,4,33,37
2024-06-26 03:00:00,chennai,2,4,30.39,30.89,80.9,17.99,1,3,4
2024-06-26 04:00:00,chennai,2,1,30.79,31.04,76.73,10.94,7,38,45
2024-06-26 05:00:00,chennai,2,2,29.86,33.29,79.2,14.69,4,46,50
2024-06-26 06:00:00,chennai,2,3,32.28,33.12,85.78,10.26,2,47,49
2024-06-26 07:00:00,chennai,2,1,34.21,34.4,72.07,13.99,34,99,133
2024-06-26 08:00:00,chennai,2,1,33.0,32.75,66.09,10.33,32,188,220
2024-06-26 09:00:00,chennai,2,1,36.74,39.32,66.91,10.97,40,218,258
2024-06-26 10:00:00,chennai,2,2,35.89,37.05,67.64,10.6,9,81,90
2024-06-26 11:00:00,chennai,2,2,35.76,37.01,68.37,12.13,6,45,51
2024-06-26 12:00:00,chennai,2,1,38.66,40.0,68.37,12.11,7,20,27
2024-06-26 13:00:00,chennai,2,1,37.52,40.03,57.11,18.76,8,21,29
2024-06-26 14:00:00,chennai,2,1,38.91,40.23,57.25,11.28,2,28,30
2024-06-26 15:00:00,chennai,2,1,37.51,41.36,60.72,10.45,8,42,50
2024-06-26 16:00:00,chennai,2,2,37.39,39.03,66.76,14.63,30,93,123
2024-06-26 17:00:00,chennai,2,1,37.42,39.98,58.63,15.81,43,223,266
2024-06-26 18:00:00,chennai,2,1,36.35,38.65,63.96,11.75,44,196,240
2024-06-26 19:00:00,chennai,2,1,32.64,34.1,66.45,14.62,19,118,137
2024-06-26 20:00:00,chennai,2,1,32.65,33.57,76.71,17.48,7,32,39
2024-06-26 21:00:00,chennai,2,2,34.08,35.91,77.23,12.14,6,21,27
2024-06-26 22:00:00,chennai,2,1,31.84,33.85,81.52,13.73,5,25,30
2024-06-26 23:00:00,chennai,2,4,30.54,31.47,85.76,10.79,1,6,7
2024-06-27 00:00:00,chennai,2,2,28.91,30.57,79.13,10.12,4,28,32
2024-06-27 01:00:00,chennai,2,1,28.84,31.58,75.72,29.91,9,37,46
2024-06-27 02:00:00,chennai,2,1,27.57,31.14,76.1,11.78,5,30,35
2024-06-27 03:00:00,chennai,2,1,30.01,32.37,72.47,11.63,7,48,55
2024-06-27 04:00:00,chennai,2,2,29.82,33.18,78.37,28.11,4,39,43
2024-06-27 05:00:00,chennai,2,2,30.01,30.88,77.15,16.51,5,44,49
2024-06-27 06:00:00,chennai,2,3,31.92,34.12,80.94,14.4,6,48,54
2024-06-27 07:00:00,chennai,2,1,33.4,36.24,74.67,16.01,22,107,129
2024-06-27 08:00:00,chennai,2,1,36.51,37.12,69.55,16.19,25,177,202
2024-06-27 09:00:00,chennai,2,1,33.22,34.24,68.83,17.21,40,210,250
2024-06-27 10:00:00,chennai,2,2,37.39,40.63,61.81,10.35,19,102,121
2024-06-27 11:00:00,chennai,2,1,38.0,38.52,70.06,12.66,10,45,55
2024-06-27 12:00:00,chennai,2,1,36.53,36.69,59.41,11.75,4,33,37
2024-06-27 13:00:00,chennai,2,2,38.11,41.14,56.64,10.37,5,17,22
2024-06-27 14:00:00,chennai,2,1,37.45,40.15,66.09,12.66,2,33,35
2024-06-27 15:00:00,chennai,2,1,38.09,40.02,65.21,14.79,6,36,42
2024-06-27 16:00:00,chennai,2,2,39.28,40.73,54.72,10.98,15,98,113
2024-06-27 17:00:00,chennai,2,2,37.56,38.62,69.2,11.82,26,207,233
2024-06-27 18:00:00,chennai,2,1,36.61,38.39,63.29,15.1,13,239,252
2024-06-27 19:00:00,chennai,2,1,34.52,37.6,67.54,14.33,28,106,134
2024-06-27 20:00:00,chennai,2,1,32.22,33.96,72.94,20.15,9,36,45
2024-06-27 21:00:00,chennai,2,1,32.71,36.38,77.52,17.83,4,18,22
2024-06-27 22:00:00,chennai,2,1,33.45,34.05,79.23,26.85,3,22,25
2024-06-27 23:00:00,chennai,2,2,29.34,30.82,78.82,14.55,3,18,21
2024-06-28 00:00:00,chennai,2,1,29.27,30.4,78.54,15.99,5,30,35
2024-06-28 01:00:00,chennai,2,2,30.29,30.7,83.72,19.85,3,21,24
2024-06-28 02:00:00,chennai,2,2,28.82,30.17,81.41,19.16,6,25,31
2024-06-28 03:00:00,chennai,2,1,29.19,31.1,90.69,16.34,6,39,45
2024-06-28 04:00:00,chennai,2,1,30.03,32.05,83.59,13.47,5,44,49
2024-06-28 05:00:00,chennai,2,1,29.53,33.2,74.45,11.6,7,37,44
2024-06-28 06:00:00,chennai,2,2,30.83,32.8,74.61,20.49,9,52,61
2024-06-28 07:00:00,chennai,2,2,33.81,36.46,74.83,17.5,22,104,126
2024-06-28 08:00:00,chennai,2,1,32.43,34.0,78.5,19.1,52,185,237
2024-06-28 09:00:00,chennai,2,2,33.12,36.3,76.47,10.76,29,198,227
2024-06-28 10:00:00,chennai,2,1,35.24,39.14,65.02,11.89,25,102,127
2024-06-28 11:00:00,chennai,2,2,37.71,39.74,60.26,12.77,8,42,50
2024-06-28 12:00:00,chennai,2,1,37.23,37.74,58.03,19.11,6,26,32
2024-06-28 13:00:00,chennai,2,2,37.31,38.26,63.6,21.17,6,22,28
2024-06-28 14:00:00,chennai,2,2,38.05,39.84,73.52,11.68,2,17,19
2024-06-28 15:00:00,chennai,2,2,35.77,37.73,65.04,15.8,11,32,43
2024-06-28 16:00:00,chennai,2,2,38.06,40.26,55.37,10.41,21,108,129
2024-06-28 17:00:00,chennai,2,1,37.29,39.25,61.3,12.63,23,225,248
2024-06-28 18:00:00,chennai,2,1,35.51,37.02,63.88,13.33,26,255,281
2024-06-28 19:00:00,chennai,2,1,36.24,37.11,65.3,17.25,31,109,140
2024-06-28 20:00:00,chennai,2,1,32.65,34.55,70.06,21.13,9,34,43
2024-06-28 21:00:00,chennai,2,1,34.32,37.67,76.44,12.06,6,24,30
2024-06-28 22:00:00,chennai,2,1,32.19,34.71,80.41,13.75,2,13,15
2024-06-28 23:00:00,chennai,2,1,30.77,32.8,84.53,15.21,4,25,29
2024-06-29 00:00:00,chennai,2,1,30.51,33.04,83.28,11.99,10,26,36
2024-06-29 01:00:00,chennai,2,1,30.01,31.14,71.89,31.18,10,21,31
2024-06-29 02:00:00,chennai,2,1,31.46,32.46,76.71,20.43,15,26,41
2024-06-29 03:00:00,chennai,2,1,28.84,29.6,80.87,11.76,17,22,39
2024-06-29 04:00:00,chennai,2,1,29.62,31.0,81.4,13.55,14,27,41
2024-06-29 05:00:00,chennai,2,2,32.42,33.49,83.38,11.31,18,35,53
2024-06-29 06:00:00,chennai,2,1,31.29,33.99,77.22,13.61,23,40,63
2024-06-29 07:00:00,chennai,2,1,34.05,35.07,74.84,15.75,37,57,94
2024-06-29 08:00:00,chennai,2,1,36.04,36.74,73.19,10.45,57,77,134
2024-06-29 09:00:00,chennai,2,1,34.55,38.0,68.14,20.21,48,103,151
2024-06-29 10:00:00,chennai,2,1,36.82,37.87,67.43,14.5,31,60,91
2024-06-29 11:00:00,chennai,2,1,35.44,37.1,70.56,32.83,26,47,73
2024-06-29 12:00:00,chennai,2,1,38.37,40.32,62.92,10.13,34,68,102
2024-06-29 13:00:00,chennai,2,2,38.1,38.47,62.19,18.9,33,72,105
2024-06-29 14:00:00,chennai,2,1,38.57,41.3,61.83,17.85,42,82,124
2024-06-29 15:00:00,chennai,2,1,37.09,39.23,68.83,10.71,34,82,116
2024-06-29 16:00:00,chennai,2,1,35.47,38.53,57.8,12.04,46,97,143
2024-06-29 17:00:00,chennai,2,1,37.43,38.25,73.81,20.81,43,105,148
2024-06-29 18:00:00,chennai,2,1,33.52,35.12,61.12,13.65,50,94,144
2024-06-29 19:00:00,chennai,2,1,34.65,36.19,66.14,12.56,25,51,76
2024-06-29 20:00:00,chennai,2,2,35.13,36.89,75.72,21.8,12,25,37
2024-06-29 21:00:00,chennai,2,1,33.2,33.24,79.74,10.49,8,16,24
2024-06-29 22:00:00,chennai,2,1,34.34,35.95,69.98,13.2,6,20,26
2024-06-29 23:00:00,chennai,2,2,32.4,32.48,73.61,15.28,7,15,22
2024-06-30 00:00:00,chennai,2,3,29.75,31.61,82.05,14.69,4,8,12
2024-06-30 01:00:00,chennai,2,1,30.17,29.54,93.38,11.53,14,20,34
2024-06-30 02:00:00,chennai,2,3,29.94,29.59,88.23,14.14,8,12,20
2024-06-30 03:00:00,chennai,2,2,28.24,30.56,80.42,16.16,19,26,45
2024-06-30 04:00:00,chennai,2,2,29.41,30.36,68.56,14.4,11,28,39
2024-06-30 05:00:00,chennai,2,1,30.5,31.01,79.48,15.77,21,31,52
2024-06-30 06:00:00,chennai,2,1,29.56,32.33,78.81,11.48,18,30,48
2024-06-30 07:00:00,chennai,2,1,33.02,34.85,72.67,18.94,22,46,68
2024-06-30 08:00:00,chennai,2,2,33.7,36.07,67.75,12.99,37,68,105
2024-06-30 09:00:00,chennai,2,1,33.03,34.36,70.21,31.8,82,79,161
2024-06-30 10:00:00,chennai,2,2,36.49,40.66,62.29,10.12,30,53,83
2024-06-30 11:00:00,chennai,2,2,37.69,38.58,74.29,12.39,19,36,55
2024-06-30 12:00:00,chennai,2,1,37.74,40.98,70.92,11.0,43,66,109
2024-06-30 13:00:00,chennai,2,2,37.47,38.91,65.63,14.06,34,67,101
2024-06-30 14:00:00,chennai,2,1,38.71,38.56,62.45,11.39,37,81,118
2024-06-30 15:00:00,chennai,2,1,38.68,40.66,59.04,16.69,52,71,123
2024-06-30 16:00:00,chennai,2,1,37.83,39.65,63.24,20.68,41,106,147
2024-06-30 17:00:00,chennai,2,1,35.84,36.29,73.13,11.18,56,103,159
2024-06-30 18:00:00,chennai,2,1,36.33,36.91,71.34,10.88,44,84,128
2024-06-30 19:00:00,chennai,2,1,36.47,37.95,70.43,20.41,23,51,74
2024-06-30 20:00:00,chennai,2,1,33.28,35.13,76.62,12.24,10,26,36
2024-06-30 21:00:00,chennai,2,1,35.48,34.51,77.32,12.85,10,18,28
2024-06-30 22:00:00,chennai,2,2,31.37,33.92,78.98,11.25,9,16,25
2024-06-30 23:00:00,chennai,2,2,31.21,32.22,83.97,12.77,10,14,24
2024-07-01 00:00:00,chennai,2,1,29.06,29.23,83.25,11.32,4,30,34
2024-07-01 01:00:00,chennai,2,1,29.73,32.18,85.95,15.48,4,33,37
2024-07-01 02:00:00,chennai,2,1,27.24,28.72,82.81,13.45,11,37,48
2024-07-01 03:00:00,chennai,2,1,28.81,31.53,80.39,17.76,4,25,29
2024-07-01 04:00:00,chennai,2,1,28.56,30.49,77.92,11.88,6,38,44
2024-07-01 05:00:00,chennai,2,1,30.66,32.16,75.73,13.52,11,41,52
2024-07-01 06:00:00,chennai,2,1,32.52,33.87,68.97,11.5,4,53,57
2024-07-01 07:00:00,chennai,2,2,33.07,35.05,70.03,23.63,11,114,125
2024-07-01 08:00:00,chennai,2,1,30.48,31.57,67.3,13.69,57,203,260
2024-07-01 09:00:00,chennai,2,1,36.82,37.46,66.88,10.95,28,206,234
2024-07-01 10:00:00,chennai,2,2,35.68,37.79,74.81,11.59,16,113,129
2024-07-01 11:00:00,chennai,2,1,35.23,36.58,64.14,10.43,6,39,45
2024-07-01 12:00:00,chennai,2,1,36.98,38.52,64.55,10.14,3,20,23
2024-07-01 13:00:00,chennai,2,2,37.41,39.99,63.71,13.73,3,19,22
2024-07-01 14:00:00,chennai,2,1,36.53,37.92,69.94,12.06,5,29,34
2024-07-01 15:00:00,chennai,2,2,37.43,38.95,59.46,26.59,11,43,54
2024-07-01 16:00:00,chennai,2,2,36.07,36.97,62.23,10.94,13,104,117
2024-07-01 17:00:00,chennai,2,1,35.67,37.6,64.4,17.9,27,199,226
2024-07-01 18:00:00,chennai,2,1,34.51,36.36,72.68,11.9,37,208,245
2024-07-01 19:00:00,chennai,2,4,32.65,35.05,76.13,11.27,6,19,25
2024-07-01 20:00:00,chennai,2,2,33.51,34.43,74.37,27.47,7,43,50
2024-07-01 21:00:00,chennai,2,1,33.0,34.04,80.75,18.11,2,21,23
2024-07-01 22:00:00,chennai,2,1,31.95,34.24,77.89,14.98,1,16,17
2024-07-01 23:00:00,chennai,2,1,31.49,33.24,78.21,15.97,3,28,31
2024-07-02 00:00:00,chennai,2,2,30.26,30.85,86.55,33.77,3,29,32
2024-07-02 01:00:00,chennai,2,1,28.83,31.63,84.1,14.5,3,33,36
2024-07-02 02:00:00,chennai,2,1,30.34,30.14,78.32,10.54,7,37,44
2024-07-02 03:00:00,chennai,2,1,27.84,30.12,86.65,10.34,5,34,39
2024-07-02 04:00:00,chennai,2,1,28.79,29.02,79.62,15.49,9,33,42
2024-07-02 05:00:00,chennai,2,2,29.34,32.73,77.42,15.36,10,53,63
2024-07-02 06:00:00,chennai,2,2,32.63,32.58,81.47,16.9,14,55,69
2024-07-02 07:00:00,chennai,2,1,33.43,36.08,74.14,10.58,17,104,121
2024-07-02 08:00:00,chennai,2,1,33.91,35.33,73.94,24.49,25,212,237
2024-07-02 09:00:00,chennai,2,1,35.65,36.79,72.72,14.01,40,181,221
2024-07-02 10:00:00,chennai,2,1,34.27,35.96,63.09,15.24,12,117,129
2024-07-02 11:00:00,chennai,2,1,36.58,38.71,66.85,10.18,11,43,54
2024-07-02 12:00:00,chennai,2,1,36.64,37.24,70.09,26.22,4,30,34
2024-07-02 13:00:00,chennai,2,1,38.21,38.89,57.56,14.13,6,24,30
2024-07-02 14:00:00,chennai,2,1,37.19,39.34,64.25,14.14,5,25,30
2024-07-02 15:00:00,chennai,2,1,36.73,36.52,58.19,24.37,6,54,60
2024-07-02 16:00:00,chennai,2,1,37.44,38.36,68.45,23.25,29,108,137
2024-07-02 17:00:00,chennai,2,1,37.21,41.75,69.99,11.24,64,198,262
2024-07-02 18:00:00,chennai,2,1,34.53,35.06,65.23,23.38,28,218,246
2024-07-02 19:00:00,chennai,2,1,34.29,36.94,80.46,16.67,16,123,139
2024-07-02 20:00:00,chennai,2,2,32.06,32.97,77.53,10.1,9,49,58
2024-07-02 21:00:00,chennai,2,2,29.3,31.31,78.12,11.37,6,24,30
2024-07-02 22:00:00,chennai,2,1,31.57,33.73,80.25,12.66,7,26,33
2024-07-02 23:00:00,chennai,2,1,31.23,33.86,83.99,14.37,3,17,20
2024-07-03 00:00:00,chennai,2,1,30.18,31.48,75.68,16.04,4,23,27
2024-07-03 01:00:00,chennai,2,1,27.13,30.62,82.63,11.18,6,40,46
2024-07-03 02:00:00,chennai,2,2,28.91,29.82,83.92,19.06,6,37,43
2024-07-03 03:00:00,chennai,2,1,26.8,28.54,79.66,19.34,5,38,43
2024-07-03 04:00:00,chennai,2,1,31.51,33.25,82.98,15.04,3,39,42
2024-07-03 05:00:00,chennai,2,2,29.2,29.58,85.23,22.7,6,26,32
2024-07-03 06:00:00,chennai,2,2,32.84,34.05,74.89,18.38,9,52,61
2024-07-03 07:00:00,chennai,2,1,33.43,35.09,74.32,11.25,32,110,142
2024-07-03 08:00:00,chennai,2,1,32.25,33.32,67.9,18.01,42,180,222
2024-07-03 09:00:00,chennai,2,1,33.01,36.95,60.48,25.31,28,191,219
2024-07-03 10:00:00,chennai,2,2,35.75,36.41,70.89,10.74,11,106,117
2024-07-03 11:00:00,chennai,2,1,35.15,37.82,64.8,29.24,16,48,64
2024-07-03 12:00:00,chennai,2,1,36.92,39.27,63.58,10.13,2,35,37
2024-07-03 13:00:00,chennai,2,1,36.61,38.1,57.41,13.69,5,33,38
2024-07-03 14:00:00,chennai,2,1,35.19,35.83,61.07,17.43,4,27,31
2024-07-03 15:00:00,chennai,2,1,34.52,35.25,67.82,17.81,8,62,70
2024-07-03 16:00:00,chennai,2,2,37.07,38.05,63.34,16.63,14,114,128
2024-07-03 17:00:00,chennai,2,2,35.48,35.2,65.07,13.77,19,190,209
2024-07-03 18:00:00,chennai,2,2,34.67,35.16,68.04,15.26,25,197,222
2024-07-03 19:00:00,chennai,2,1,35.2,35.22,63.23,16.02,16,91,107
2024-07-03 20:00:00,chennai,2,1,34.74,37.58,75.12,13.41,8,42,50
2024-07-03 21:00:00,chennai,2,1,31.97,34.09,68.31,14.53,4,28,32
2024-07-03 22:00:00,chennai,2,1,30.92,33.21,72.3,19.37,3,22,25
2024-07-03 23:00:00,chennai,2,1,31.1,33.19,73.82,11.88,3,24,27
2024-07-04 00:00:00,chennai,2,2,28.24,29.9,79.78,13.7,5,25,30
2024-07-04 01:00:00,chennai,2,1,29.73,32.69,79.9,10.04,6,34,40
2024-07-04 02:00:00,chennai,2,2,29.99,30.88,81.99,15.81,6,30,36
2024-07-04 03:00:00,chennai,2,1,30.28,31.89,77.13,11.09,7,49,56
2024-07-04 04:00:00,chennai,2,1,27.54,29.79,85.69,13.28,4,38,42
2024-07-04 05:00:00,chennai,2,3,29.59,29.77,83.24,11.18,4,24,28
2024-07-04 06:00:00,chennai,2,2,30.28,34.87,76.13,10.12,12,54,66
2024-07-04 07:00:00,chennai,2,1,32.41,33.94,72.2,13.3,13,112,125
2024-07-04 08:00:00,chennai,2,1,33.91,35.55,69.1,12.77,30,223,253
2024-07-04 09:00:00,chennai,2,1,36.16,38.92,67.86,12.77,21,212,233
2024-07-04 10:00:00,chennai,2,2,34.74,37.15,60.0,11.17,10,100,110
2024-07-04 11:00:00,chennai,2,1,35.56,37.1,60.13,24.71,6,43,49
2024-07-04 12:00:00,chennai,2,1,38.17,39.8,67.64,10.02,4,32,36
2024-07-04 13:00:00,chennai,2,1,37.55,37.55,63.85,21.11,6,27,33
2024-07-04 14:00:00,chennai,2,2,38.85,39.79,70.17,16.68,3,19,22
2024-07-04 15:00:00,chennai,2,1,37.54,39.56,60.84,10.94,9,34,43
2024-07-04 16:00:00,chennai,2,1,35.41,37.35,61.53,13.2,29,108,137
2024-07-04 17:00:00,chennai,2,2,34.56,37.28,62.89,32.48,31,177,208
2024-07-04 18:00:00,chennai,2,1,33.47,34.85,65.4,15.16,12,221,233
2024-07-04 19:00:00,chennai,2,1,35.16,35.27,66.11,10.68,22,108,130
2024-07-04 20:00:00,chennai,2,2,34.76,37.31,73.35,13.06,8,31,39
2024-07-04 21:00:00,chennai,2,2,34.51,37.45,74.73,13.16,3,13,16
2024-07-04 22:00:00,chennai,2,1,32.34,34.74,74.45,18.1,5,23,28
2024-07-04 23:00:00,chennai,2,2,31.9,33.23,85.33,22.39,4,23,27
2024-07-05 00:00:00,chennai,2,1,29.17,31.71,90.14,10.43,3,25,28
2024-07-05 01:00:00,chennai,2,2,28.08,33.01,87.49,11.88,5,21,26
2024-07-05 02:00:00,chennai,2,2,30.35,31.97,84.79,11.77,7,42,49
2024-07-05 03:00:00,chennai,2,1,29.97,30.16,85.47,37.67,8,38,46
2024-07-05 04:00:00,chennai,2,1,29.99,30.91,89.94,14.1,7,49,56
2024-07-05 05:00:00,chennai,2,2,30.97,33.09,82.87,20.59,9,27,36
2024-07-05 06:00:00,chennai,2,1,31.72,31.61,74.07,12.78,10,50,60
2024-07-05 07:00:00,chennai,2,1,33.84,35.5,76.55,16.41,16,107,123
2024-07-05 08:00:00,chennai,2,1,34.88,36.76,75.13,11.69,22,212,234
2024-07-05 09:00:00,chennai,2,1,35.02,38.05,64.44,22.14,20,230,250
2024-07-05 10:00:00,chennai,2,1,36.35,39.16,65.58,13.04,22,98,120
2024-07-05 11:00:00,chennai,2,1,36.78,39.14,70.43,18.14,7,49,56
2024-07-05 12:00:00,chennai,2,3,36.24,35.58,54.22,11.48,3,21,24
2024-07-05 13:00:00,chennai,2,2,38.1,40.52,56.09,15.91,4,30,34
2024-07-05 14:00:00,chennai,2,1,35.66,37.86,61.12,12.6,3,33,36
2024-07-05 15:00:00,chennai,2,1,38.46,40.21,64.11,10.16,8,52,60
2024-07-05 16:00:00,chennai,2,1,35.36,35.13,56.55,12.66,24,130,154
2024-07-05 17:00:00,chennai,2,1,36.5,37.22,64.29,13.99,26,233,259
2024-07-05 18:00:00,chennai,2,2,34.32,34.65,72.77,10.82,40,200,240
2024-07-05 19:00:00,chennai,2,1,35.03,34.51,69.76,11.02,13,130,143
2024-07-05 20:00:00,chennai,2,1,33.29,34.79,76.7,13.13,6,38,44
2024-07-05 21:00:00,chennai,2,3,30.38,31.08,71.63,12.1,3,15,18
2024-07-05 22:00:00,chennai,2,1,31.83,35.96,72.95,12.91,3,19,22
2024-07-05 23:00:00,chennai,2,1,29.81,31.14,83.32,13.09,2,31,33
2024-07-06 00:00:00,chennai,2,1,30.92,33.72,82.51,10.75,7,25,32
2024-07-06 01:00:00,chennai,2,1,29.47,29.4,75.73,11.0,14,24,38
2024-07-06 02:00:00,chennai,2,2,29.8,30.77,78.0,19.42,15,24,39
2024-07-06 03:00:00,chennai,2,3,28.32,29.91,89.48,10.89,6,11,17
2024-07-06 04:00:00,chennai,2,1,29.16,29.75,76.04,15.48,19,38,57
2024-07-06 05:00:00,chennai,2,1,29.95,31.03,83.74,12.71,21,40,61
2024-07-06 06:00:00,chennai,2,1,32.36,33.64,74.61,27.25,21,39,60
2024-07-06 07:00:00,chennai,2,1,34.31,35.57,74.57,10.34,28,46,74
2024-07-06 08:00:00,chennai,2,1,32.36,35.72,73.47,18.87,44,84,128
2024-07-06 09:00:00,chennai,2,1,35.66,37.54,58.91,13.38,56,97,153
2024-07-06 10:00:00,chennai,2,1,32.73,34.71,59.69,10.03,43,61,104
2024-07-06 11:00:00,chennai,2,2,34.73,36.77,65.36,11.53,24,56,80
2024-07-06 12:00:00,chennai,2,1,35.64,37.76,59.72,12.62,28,54,82
2024-07-06 13:00:00,chennai,2,2,35.57,36.99,67.32,11.89,30,69,99
2024-07-06 14:00:00,chennai,2,1,35.43,36.61,53.97,12.25,36,72,108
2024-07-06 15:00:00,chennai,2,2,37.69,39.36,65.17,22.42,37,70,107
2024-07-06 16:00:00,chennai,2,1,36.54,39.19,56.46,12.24,34,78,112
2024-07-06 17:00:00,chennai,2,2,36.61,39.24,63.17,12.71,37,99,136
2024-07-06 18:00:00,chennai,2,2,36.16,37.42,61.68,17.16,37,93,130
2024-07-06 19:00:00,chennai,2,2,34.68,36.95,78.92,17.9,25,43,68
2024-07-06 20:00:00,chennai,2,2,34.12,35.42,65.3,10.44,10,21,31
2024-07-06 21:00:00,chennai,2,1,32.21,33.75,73.98,16.09,5,11,16
2024-07-06 22:00:00,chennai,2,1,29.91,30.93,68.37,13.29,7,12,19
2024-07-06 23:00:00,chennai,2,3,31.77,33.09,87.07,10.72,6,10,16
2024-07-07 00:00:00,chennai,2,3,29.16,32.0,82.67,11.54,6,11,17
2024-07-07 01:00:00,chennai,2,1,28.34,29.94,82.34,10.23,14,24,38
2024-07-07 02:00:00,chennai,2,1,29.12,30.75,89.37,12.23,13,31,44
2024-07-07 03:00:00,chennai,2,1,28.37,28.42,82.4,11.47,16,31,47
2024-07-07 04:00:00,chennai,2,1,29.37,30.56,81.76,12.41,16,37,53
2024-07-07 05:00:00,chennai,2,2,30.91,32.17,79.73,14.34,19,35,54
2024-07-07 06:00:00,chennai,2,2,31.75,32.42,79.82,16.59,16,28,44
2024-07-07 07:00:00,chennai,2,1,31.22,32.74,72.13,14.65,28,55,83
2024-07-07 08:00:00,chennai,2,1,32.74,33.82,70.93,15.67,39,79,118
2024-07-07 09:00:00,chennai,2,1,35.65,37.23,73.46,20.04,54,95,149
2024-07-07 10:00:00,chennai,2,1,35.93,37.55,68.39,20.35,35,70,105
2024-07-07 11:00:00,chennai,2,2,38.65,39.19,64.36,19.86,24,49,73
2024-07-07 12:00:00,chennai,2,1,38.21,39.31,56.34,10.83,29,67,96
2024-07-07 13:00:00,chennai,2,1,38.57,40.14,69.83,11.45,36,59,95
2024-07-07 14:00:00,chennai,2,1,35.66,38.35,58.69,13.49,45,85,130
2024-07-07 15:00:00,chennai,2,1,38.11,39.87,67.28,12.22,38,79,117
2024-07-07 16:00:00,chennai,2,1,36.73,37.57,64.22,10.71,45,107,152
2024-07-07 17:00:00,chennai,2,1,35.5,37.4,58.46,11.7,87,99,186
2024-07-07 18:00:00,chennai,2,2,35.53,38.74,73.26,28.53,22,88,110
2024-07-07 19:00:00,chennai,2,1,35.5,37.92,70.68,12.13,26,56,82
2024-07-07 20:00:00,chennai,2,1,33.93,35.98,78.68,12.71,13,26,39
2024-07-07 21:00:00,chennai,2,2,31.24,33.47,73.68,10.03,11,18,29
2024-07-07 22:00:00,chennai,2,2,32.22,35.16,80.52,16.35,8,17,25
2024-07-07 23:00:00,chennai,2,2,29.74,32.31,70.26,12.67,11,20,31
2024-07-08 00:00:00,chennai,2,2,30.13,32.19,78.16,10.54,4,24,28
2024-07-08 01:00:00,chennai,2,1,29.1,31.67,75.29,27.3,8,27,35
2024-07-08 02:00:00,chennai,2,2,29.07,29.49,80.13,17.51,6,28,34
2024-07-08 03:00:00,chennai,2,1,30.39,30.38,84.02,16.48,4,30,34
2024-07-08 04:00:00,chennai,2,1,28.62,30.27,77.64,25.84,8,34,42
2024-07-08 05:00:00,chennai,2,1,32.84,34.4,83.39,12.62,7,44,51
2024-07-08 06:00:00,chennai,2,2,29.14,30.1,72.72,16.34,13,41,54
2024-07-08 07:00:00,chennai,2,1,31.58,33.9,79.01,11.15,31,110,141
2024-07-08 08:00:00,chennai,2,1,33.77,33.41,78.55,15.97,42,212,254
2024-07-08 09:00:00,chennai,2,1,35.07,36.03,74.48,10.07,30,184,214
2024-07-08 10:00:00,chennai,2,1,35.21,36.22,65.28,10.68,14,105,119
2024-07-08 11:00:00,chennai,2,1,36.09,35.95,54.3,12.77,10,43,53
2024-07-08 12:00:00,chennai,2,1,37.29,40.28,66.25,10.06,7,25,32
2024-07-08 13:00:00,chennai,2,1,36.92,37.06,61.71,13.1,4,28,32
2024-07-08 14:00:00,chennai,2,2,39.0,39.91,57.11,13.7,3,17,20
2024-07-08 15:00:00,chennai,2,1,38.2,40.61,59.56,14.86,10,45,55
2024-07-08 16:00:00,chennai,2,2,37.84,39.99,70.51,10.53,28,114,142
2024-07-08 17:00:00,chennai,2,1,35.0,35.39,59.24,11.0,29,235,264
2024-07-08 18:00:00,chennai,2,1,35.23,37.42,69.34,14.75,41,197,238
2024-07-08 19:00:00,chennai,2,2,34.0,35.79,70.5,15.37,35,99,134
2024-07-08 20:00:00,chennai,2,2,32.12,35.96,70.21,10.13,7,35,42
2024-07-08 21:00:00,chennai,2,3,32.73,34.63,77.81,13.89,3,15,18
2024-07-08 22:00:00,chennai,2,2,30.68,32.04,85.16,17.69,3,15,18
2024-07-08 23:00:00,chennai,2,1,31.29,31.93,77.59,10.36,7,31,38
2024-07-09 00:00:00,chennai,2,1,28.58,29.34,79.44,12.67,3,28,31
2024-07-09 01:00:00,chennai,2,1,31.53,32.2,84.77,11.98,9,27,36
2024-07-09 02:00:00,chennai,2,1,28.25,31.13,86.59,22.25,6,35,41
2024-07-09 03:00:00,chennai,2,1,29.73,31.25,81.02,11.03,8,35,43
2024-07-09 04:00:00,chennai,2,1,30.82,32.88,79.13,11.92,7,40,47
2024-07-09 05:00:00,chennai,2,1,29.82,32.83,67.98,21.44,10,40,50
2024-07-09 06:00:00,chennai,2,2,32.35,31.49,73.11,12.01,7,48,55
2024-07-09 07:00:00,chennai,2,1,30.82,33.6,68.89,13.79,11,122,133
2024-07-09 08:00:00,chennai,2,1,35.07,36.63,75.42,10.17,34,201,235
2024-07-09 09:00:00,chennai,2,2,34.38,36.32,68.19,30.97,40,192,232
2024-07-09 10:00:00,chennai,2,1,34.61,35.29,65.58,18.71,17,110,127
2024-07-09 11:00:00,chennai,2,1,35.8,36.54,64.88,15.03,6,45,51
2024-07-09 12:00:00,chennai,2,2,37.76,39.75,58.99,10.31,5,26,31
2024-07-09 13:00:00,chennai,2,1,36.49,40.38,70.11,10.39,3,24,27
2024-07-09 14:00:00,chennai,2,1,36.43,38.93,68.49,13.94,6,26,32
2024-07-09 15:00:00,chennai,2,1,36.93,39.69,70.43,11.68,6,38,44
2024-07-09 16:00:00,chennai,2,2,35.38,36.69,66.76,14.87,20,93,113
2024-07-09 17:00:00,chennai,2,2,38.34,39.24,64.78,14.56,21,212,233
2024-07-09 18:00:00,chennai,2,1,34.65,35.37,75.07,19.12,56,202,258
2024-07-09 19:00:00,chennai,2,1,35.36,36.38,66.01,11.65,20,97,117
2024-07-09 20:00:00,chennai,2,1,33.58,33.03,67.64,14.31,8,37,45
2024-07-09 21:00:00,chennai,2,1,31.11,31.89,71.58,17.51,2,18,20
2024-07-09 22:00:00,chennai,2,1,31.32,32.26,79.61,13.37,3,21,24
2024-07-09 23:00:00,chennai,2,2,31.44,32.77,75.26,18.88,4,23,27
2024-07-10 00:00:00,chennai,2,2,29.64,31.27,79.88,10.7,3,24,27
2024-07-10 01:00:00,chennai,2,1,30.9,32.76,73.65,16.62,4,31,35
2024-07-10 02:00:00,chennai,2,2,30.56,32.04,84.41,24.32,5,21,26
2024-07-10 03:00:00,chennai,2,1,30.57,31.49,74.07,12.02,4,30,34
2024-07-10 04:00:00,chennai,2,2,29.31,28.85,76.0,12.28,8,37,45
2024-07-10 05:00:00,chennai,2,1,29.21,30.13,85.16,10.44,6,45,51
2024-07-10 06:00:00,chennai,2,1,30.59,31.12,82.9,15.13,9,42,51
2024-07-10 07:00:00,chennai,2,1,32.53,34.5,76.46,14.02,12,113,125
2024-07-10 08:00:00,chennai,2,1,33.99,36.39,73.38,10.21,41,189,230
2024-07-10 09:00:00,chennai,2,2,31.76,34.2,66.76,16.98,55,158,213
2024-07-10 10:00:00,chennai,2,2,35.32,37.58,63.14,18.84,14,102,116
2024-07-10 11:00:00,chennai,2,1,36.35,37.71,63.12,21.88,5,42,47
2024-07-10 12:00:00,chennai,2,2,36.46,37.44,55.77,13.95,5,21,26
2024-07-10 13:00:00,chennai,2,1,38.74,39.5,63.6,13.01,5,25,30
2024-07-10 14:00:00,chennai,2,2,37.84,37.83,62.24,20.44,2,17,19
2024-07-10 15:00:00,chennai,2,1,38.77,41.26,57.67,12.54,9,43,52
2024-07-10 16:00:00,chennai,2,1,36.54,37.86,71.18,15.33,22,116,138
2024-07-10 17:00:00,chennai,2,2,37.28,37.54,67.96,14.78,26,193,219
2024-07-10 18:00:00,chennai,2,1,37.29,37.97,70.46,12.33,27,208,235
2024-07-10 19:00:00,chennai,2,2,35.94,36.57,66.98,10.45,24,100,124
2024-07-10 20:00:00,chennai,2,1,32.02,33.56,71.99,10.11,5,40,45
2024-07-10 21:00:00,chennai,2,2,31.99,34.56,77.73,12.8,1,14,15
2024-07-10 22:00:00,chennai,2,1,30.92,32.07,77.76,13.28,3,21,24
2024-07-10 23:00:00,chennai,2,1,31.09,30.34,87.08,18.65,5,22,27
2024-07-11 00:00:00,chennai,2,1,30.69,32.0,79.64,12.68,4,26,30
2024-07-11 01:00:00,chennai,2,1,28.46,29.8,79.14,11.65,3,25,28
2024-07-11 02:00:00,chennai,2,1,29.41,30.69,85.17,13.1,6,35,41
2024-07-11 03:00:00,chennai,2,1,27.04,27.92,75.34,11.36,9,44,53
2024-07-11 04:00:00,chennai,2,2,31.6,33.31,85.28,10.48,9,29,38
2024-07-11 05:00:00,chennai,2,1,29.89,31.45,72.57,10.6,10,49,59
2024-07-11 06:00:00,chennai,2,1,31.4,32.87,80.19,11.92,16,49,65
2024-07-11 07:00:00,chennai,2,2,31.92,33.84,71.35,10.06,25,109,134
2024-07-11 08:00:00,chennai,2,2,34.71,35.78,74.38,11.24,31,197,228
2024-07-11 09:00:00,chennai,2,1,30.96,31.97,73.95,17.74,46,192,238
2024-07-11 10:00:00,chennai,2,1,35.31,38.19,67.77,11.34,25,114,139
2024-07-11 11:00:00,chennai,2,1,36.03,38.09,58.93,10.59,12,47,59
2024-07-11 12:00:00,chennai,2,1,36.25,38.58,58.86,24.89,6,25,31
2024-07-11 13:00:00,chennai,2,1,39.27,41.99,58.7,14.87,5,25,30
2024-07-11 14:00:00,chennai,2,2,36.27,38.29,52.52,10.31,3,19,22
2024-07-11 15:00:00,chennai,2,1,38.12,40.55,67.98,10.32,9,48,57
2024-07-11 16:00:00,chennai,2,1,37.22,37.14,63.89,14.74,10,122,132
2024-07-11 17:00:00,chennai,2,1,37.67,39.38,59.25,13.88,38,229,267
2024-07-11 18:00:00,chennai,2,1,34.53,35.85,74.28,10.35,24,238,262
2024-07-11 19:00:00,chennai,2,2,33.49,36.66,65.91,11.27,21,98,119
2024-07-11 20:00:00,chennai,2,2,34.65,37.07,73.25,23.23,9,40,49
2024-07-11 21:00:00,chennai,2,1,32.81,33.67,70.46,14.24,5,26,31
2024-07-11 22:00:00,chennai,2,1,29.48,31.35,66.91,12.9,4,26,30
2024-07-11 23:00:00,chennai,2,1,29.85,31.52,72.25,11.44,4,22,26
2024-07-12 00:00:00,chennai,2,1,30.33,32.28,78.42,10.72,7,27,34
2024-07-12 01:00:00,chennai,2,1,30.47,30.95,86.15,12.58,7,28,35
2024-07-12 02:00:00,chennai,2,2,28.52,30.38,83.73,22.78,3,32,35
2024-07-12 03:00:00,chennai,2,1,25.97,27.24,82.36,10.25,6,33,39
2024-07-12 04:00:00,chennai,2,2,30.49,32.28,70.61,33.54,7,37,44
2024-07-12 05:00:00,chennai,2,3,29.04,29.81,85.42,11.16,5,32,37
2024-07-12 06:00:00,chennai,2,1,28.91,29.82,78.12,12.63,4,48,52
2024-07-12 07:00:00,chennai,2,1,28.9,31.57,73.99,10.23,7,139,146
2024-07-12 08:00:00,chennai,2,2,34.31,34.76,77.66,14.39,32,168,200
2024-07-12 09:00:00,chennai,2,1,34.52,35.04,75.65,13.3,15,208,223
2024-07-12 10:00:00,chennai,2,1,35.06,36.51,72.77,15.49,15,103,118
2024-07-12 11:00:00,chennai,2,1,37.83,38.55,63.69,13.91,12,53,65
2024-07-12 12:00:00,chennai,2,1,37.56,38.17,58.32,12.54,7,34,41
2024-07-12 13:00:00,chennai,2,1,39.13,40.74,67.29,16.69,4,28,32
2024-07-12 14:00:00,chennai,2,1,35.66,35.65,55.17,10.13,4,17,21
2024-07-12 15:00:00,chennai,2,2,37.15,37.64,72.08,13.89,9,41,50
2024-07-12 16:00:00,chennai,2,1,34.85,38.41,63.48,10.6,16,108,124
2024-07-12 17:00:00,chennai,2,2,35.88,37.84,59.62,12.86,52,179,231
2024-07-12 18:00:00,chennai,2,2,35.03,35.79,60.84,17.83,40,187,227
2024-07-12 19:00:00,chennai,2,1,35.12,37.04,63.02,10.77,18,144,162
2024-07-12 20:00:00,chennai,2,1,33.38,35.45,72.7,23.73,3,50,53
2024-07-12 21:00:00,chennai,2,1,33.04,35.54,74.56,20.97,5,25,30
2024-07-12 22:00:00,chennai,2,1,32.17,33.55,70.82,12.68,3,21,24
2024-07-12 23:00:00,chennai,2,1,33.09,35.56,77.29,10.03,6,31,37
2024-07-13 00:00:00,chennai,2,2,29.49,28.95,73.82,17.8,9,17,26
2024-07-13 01:00:00,chennai,2,1,28.34,28.78,84.61,20.64,8,25,33
2024-07-13 02:00:00,chennai,2,1,29.63,31.29,81.73,10.96,13,27,40
2024-07-13 03:00:00,chennai,2,1,28.5,30.33,79.77,22.4,12,30,42
2024-07-13 04:00:00,chennai,2,2,31.64,32.23,74.22,22.27,11,24,35
2024-07-13 05:00:00,chennai,2,1,30.16,31.92,77.57,13.19,17,37,54
2024-07-13 06:00:00,chennai,2,2,30.65,31.53,74.93,18.0,21,38,59
2024-07-13 07:00:00,chennai,2,1,31.73,32.95,76.18,12.94,42,74,116
2024-07-13 08:00:00,chennai,2,1,34.19,36.72,72.84,14.15,48,81,129
2024-07-13 09:00:00,chennai,2,2,34.18,36.59,73.37,11.93,28,92,120
2024-07-13 10:00:00,chennai,2,1,34.56,35.06,64.58,10.87,40,54,94
2024-07-13 11:00:00,chennai,2,1,38.16,38.6,55.63,16.86,23,63,86
2024-07-13 12:00:00,chennai,2,1,35.77,36.86,68.3,10.01,35,65,100
2024-07-13 13:00:00,chennai,2,2,37.24,38.71,57.66,14.33,34,75,109
2024-07-13 14:00:00,chennai,2,1,38.11,38.95,56.47,20.0,44,77,121
2024-07-13 15:00:00,chennai,2,1,35.24,37.78,62.13,11.25,29,85,114
2024-07-13 16:00:00,chennai,2,2,37.37,39.22,64.85,12.02,49,66,115
2024-07-13 17:00:00,chennai,2,1,34.89,36.8,62.27,14.43,54,108,162
2024-07-13 18:00:00,chennai,2,1,36.32,36.55,64.31,11.42,48,80,128
2024-07-13 19:00:00,chennai,2,1,33.21,35.88,67.46,19.4,27,60,87
2024-07-13 20:00:00,chennai,2,1,34.16,32.84,79.08,12.28,18,23,41
2024-07-13 21:00:00,chennai,2,1,33.62,35.96,74.57,14.36,6,15,21
2024-07-13 22:00:00,chennai,2,2,32.36,34.8,72.16,11.28,4,16,20
2024-07-13 23:00:00,chennai,2,1,30.8,31.87,74.28,10.21,12,16,28
2024-07-14 00:00:00,chennai,2,3,29.59,32.36,79.41,10.95,8,19,27
2024-07-14 01:00:00,chennai,2,4,28.77,30.21,82.85,10.24,2,4,6
2024-07-14 02:00:00,chennai,2,3,31.1,32.66,84.42,13.16,11,14,25
2024-07-14 03:00:00,chennai,2,1,28.63,30.47,82.28,14.42,17,35,52
2024-07-14 04:00:00,chennai,2,1,28.62,33.31,76.45,10.23,16,29,45
2024-07-14 05:00:00,chennai,2,3,31.3,34.14,76.95,10.47,9,14,23
2024-07-14 06:00:00,chennai,2,2,30.37,32.58,80.67,13.32,14,26,40
2024-07-14 07:00:00,chennai,2,2,31.15,31.74,68.86,18.03,29,42,71
2024-07-14 08:00:00,chennai,2,1,31.6,33.24,69.67,14.94,55,87,142
2024-07-14 09:00:00,chennai,2,1,33.79,34.47,72.4,10.55,41,93,134
2024-07-14 10:00:00,chennai,2,1,35.23,37.55,71.38,20.93,39,61,100
2024-07-14 11:00:00,chennai,2,1,36.45,38.09,63.96,22.47,24,44,68
2024-07-14 12:00:00,chennai,2,1,37.94,38.31,61.28,11.96,30,55,85
2024-07-14 13:00:00,chennai,2,1,37.83,39.41,55.73,14.79,37,64,101
2024-07-14 14:00:00,chennai,2,1,37.1,37.75,64.63,13.39,55,85,140
2024-07-14 15:00:00,chennai,2,2,36.96,38.61,68.93,24.24,34,78,112
2024-07-14 16:00:00,chennai,2,4,37.41,38.05,76.17,13.55,9,12,21
2024-07-14 17:00:00,chennai,2,3,37.69,39.21,66.86,26.09,38,54,92
2024-07-14 18:00:00,chennai,2,1,35.48,37.73,66.75,11.11,49,104,153
2024-07-14 19:00:00,chennai,2,2,33.8,35.25,64.81,12.12,32,40,72
2024-07-14 20:00:00,chennai,2,1,32.14,33.25,62.61,17.6,13,24,37
2024-07-14 21:00:00,chennai,2,1,30.56,32.26,75.47,17.65,8,12,20
2024-07-14 22:00:00,chennai,2,2,32.13,34.33,88.75,16.59,7,15,22
2024-07-14 23:00:00,chennai,2,1,31.2,31.59,85.43,19.82,12,18,30
2024-07-15 00:00:00,chennai,2,1,30.56,32.32,86.24,16.06,4,30,34
2024-07-15 01:00:00,chennai,2,2,29.31,32.13,82.89,15.05,6,33,39
2024-07-15 02:00:00,chennai,2,1,31.02,33.09,83.8,13.07,1,22,23
2024-07-15 03:00:00,chennai,2,1,28.89,30.44,69.54,13.15,4,29,33
2024-07-15 04:00:00,chennai,2,2,31.01,33.15,84.47,12.61,6,40,46
2024-07-15 05:00:00,chennai,2,1,30.46,32.41,76.17,14.84,3,47,50
2024-07-15 06:00:00,chennai,2,1,30.6,32.85,73.49,12.61,11,50,61
2024-07-15 07:00:00,chennai,2,2,33.01,32.48,72.97,10.8,14,95,109
2024-07-15 08:00:00,chennai,2,1,33.82,33.77,70.21,10.56,15,231,246
2024-07-15 09:00:00,chennai,2,1,34.79,37.3,65.82,22.92,43,196,239
2024-07-15 10:00:00,chennai,2,4,35.43,35.42,67.07,10.13,3,13,16
2024-07-15 11:00:00,chennai,2,1,36.11,38.01,62.14,10.56,8,45,53
2024-07-15 12:00:00,chennai,2,2,39.66,40.81,63.84,12.95,2,30,32
2024-07-15 13:00:00,chennai,2,2,38.61,39.12,54.9,11.53,1,25,26
2024-07-15 14:00:00,chennai,2,1,38.2,40.05,60.93,12.6,2,26,28
2024-07-15 15:00:00,chennai,2,1,37.33,39.03,56.86,10.62,7,53,60
2024-07-15 16:00:00,chennai,2,1,38.0,41.61,60.13,10.7,32,104,136
2024-07-15 17:00:00,chennai,2,1,36.78,37.66,65.65,18.06,34,206,240
2024-07-15 18:00:00,chennai,2,1,35.36,38.3,58.98,17.12,20,213,233
2024-07-15 19:00:00,chennai,2,1,34.0,35.85,65.3,10.55,16,120,136
2024-07-15 20:00:00,chennai,2,2,33.23,34.07,74.84,15.51,12,47,59
2024-07-15 21:00:00,chennai,2,1,28.49,30.79,67.52,14.7,4,16,20
2024-07-15 22:00:00,chennai,2,2,31.58,33.65,85.89,16.25,3,16,19
2024-07-15 23:00:00,chennai,2,1,29.92,31.45,85.09,13.22,4,23,27
2024-07-16 00:00:00,chennai,2,2,31.78,33.54,78.19,11.57,5,25,30
2024-07-16 01:00:00,chennai,2,2,29.49,30.39,77.72,15.45,4,23,27
2024-07-16 02:00:00,chennai,2,1,27.9,28.58,83.01,12.32,7,41,48
2024-07-16 03:00:00,chennai,2,1,29.41,31.67,74.42,11.24,10,57,67
2024-07-16 04:00:00,chennai,2,1,28.61,29.89,70.65,12.63,6,41,47
2024-07-16 05:00:00,chennai,2,1,31.07,32.49,76.77,17.2,5,42,47
2024-07-16 06:00:00,chennai,2,1,31.68,33.46,76.33,13.23,9,54,63
2024-07-16 07:00:00,chennai,2,1,33.44,35.21,75.06,11.78,20,101,121
2024-07-16 08:00:00,chennai,2,1,32.38,32.45,68.93,18.92,29,227,256
2024-07-16 09:00:00,chennai,2,1,34.41,37.19,75.78,20.67,41,198,239
2024-07-16 10:00:00,chennai,2,1,33.69,35.31,59.52,12.84,24,100,124
2024-07-16 11:00:00,chennai,2,2,37.0,38.3,59.24,12.35,11,52,63
2024-07-16 12:00:00,chennai,2,1,37.42,39.35,65.77,14.74,6,41,47
2024-07-16 13:00:00,chennai,2,1,37.79,39.53,56.53,10.3,6,33,39
2024-07-16 14:00:00,chennai,2,1,37.33,39.6,56.0,15.88,4,24,28
2024-07-16 15:00:00,chennai,2,1,37.69,39.73,62.96,17.62,8,45,53
2024-07-16 16:00:00,chennai,2,1,38.72,40.94,58.07,12.53,33,112,145
2024-07-16 17:00:00,chennai,2,1,35.82,38.67,64.26,10.96,26,259,285
2024-07-16 18:00:00,chennai,2,1,35.5,37.88,63.5,10.15,39,206,245
2024-07-16 19:00:00,chennai,2,1,33.06,34.4,65.1,15.07,19,131,150
2024-07-16 20:00:00,chennai,2,1,32.29,32.67,61.49,11.57,3,36,39
2024-07-16 21:00:00,chennai,2,1,32.41,35.58,75.29,13.12,2,21,23
2024-07-16 22:00:00,chennai,2,1,32.65,33.92,70.76,12.44,5,22,27
2024-07-16 23:00:00,chennai,2,1,30.19,31.22,78.23,10.96,2,27,29
2024-07-17 00:00:00,chennai,2,1,29.58,29.35,78.1,13.55,6,28,34
2024-07-17 01:00:00,chennai,2,1,28.98,30.82,80.63,13.08,5,24,29
2024-07-17 02:00:00,chennai,2,1,28.69,30.34,81.25,14.89,5,40,45
2024-07-17 03:00:00,chennai,2,1,29.82,29.81,82.63,11.45,10,42,52
2024-07-17 04:00:00,chennai,2,1,28.07,30.02,77.02,11.21,4,42,46
2024-07-17 05:00:00,chennai,2,2,32.04,33.04,85.28,18.42,6,43,49
2024-07-17 06:00:00,chennai,2,1,30.53,34.72,67.76,16.06,7,64,71
2024-07-17 07:00:00,chennai,2,2,33.16,34.09,73.46,17.4,23,97,120
2024-07-17 08:00:00,chennai,2,1,31.81,32.87,76.18,10.66,48,181,229
2024-07-17 09:00:00,chennai,2,1,35.17,35.79,71.8,11.27,41,211,252
2024-07-17 10:00:00,chennai,2,1,36.14,38.91,62.13,14.28,34,89,123
2024-07-17 11:00:00,chennai,2,1,36.62,37.75,60.89,19.73,9,42,51
2024-07-17 12:00:00,chennai,2,1,35.6,36.38,58.31,21.13,6,29,35
2024-07-17 13:00:00,chennai,2,2,37.49,39.7,65.34,18.92,5,22,27
2024-07-17 14:00:00,chennai,2,1,35.91,36.03,58.3,10.22,2,18,20
2024-07-17 15:00:00,chennai,2,1,36.89,39.02,63.62,18.6,7,32,39
2024-07-17 16:00:00,chennai,2,2,38.03,41.31,64.66,21.47,11,102,113
2024-07-17 17:00:00,chennai,2,2,37.11,39.18,76.77,10.29,20,218,238
2024-07-17 18:00:00,chennai,2,1,35.35,37.49,68.57,12.69,48,185,233
2024-07-17 19:00:00,chennai,2,1,33.2,35.57,65.36,13.85,13,104,117
2024-07-17 20:00:00,chennai,2,2,34.1,37.31,64.7,11.32,6,31,37
2024-07-17 21:00:00,chennai,2,1,32.32,35.03,73.21,13.64,7,25,32
2024-07-17 22:00:00,chennai,2,1,28.55,30.49,76.4,20.86,1,20,21
2024-07-17 23:00:00,chennai,2,2,31.44,33.84,68.02,20.08,6,25,31
2024-07-18 00:00:00,chennai,2,2,29.84,30.45,77.09,24.05,5,29,34
2024-07-18 01:00:00,chennai,2,1,30.91,33.19,83.15,13.31,5,28,33
2024-07-18 02:00:00,chennai,2,1,28.02,28.51,79.34,12.64,6,32,38
2024-07-18 03:00:00,chennai,2,2,25.65,26.79,86.5,15.48,6,36,42
2024-07-18 04:00:00,chennai,2,1,30.2,28.62,72.87,12.7,8,35,43
2024-07-18 05:00:00,chennai,2,1,30.85,32.75,82.46,10.21,5,48,53
2024-07-18 06:00:00,chennai,2,2,29.3,30.16,81.57,16.36,11,52,63
2024-07-18 07:00:00,chennai,2,1,31.12,33.73,79.37,11.65,15,143,158
2024-07-18 08:00:00,chennai,2,2,36.64,38.53,64.17,10.25,55,162,217
2024-07-18 09:00:00,chennai,2,2,34.0,36.62,70.98,10.1,31,182,213
2024-07-18 10:00:00,chennai,2,2,36.21,36.62,63.66,23.39,19,99,118
2024-07-18 11:00:00,chennai,2,2,35.38,37.92,57.9,11.45,13,42,55
2024-07-18 12:00:00,chennai,2,1,34.29,37.89,61.27,12.97,3,26,29
2024-07-18 13:00:00,chennai,2,2,36.99,39.25,57.82,25.04,4,21,25
2024-07-18 14:00:00,chennai,2,2,37.01,39.3,66.6,13.15,2,25,27
2024-07-18 15:00:00,chennai,2,2,36.71,38.38,64.91,10.41,5,40,45
2024-07-18 16:00:00,chennai,2,2,36.66,37.63,57.58,14.01,11,130,141
2024-07-18 17:00:00,chennai,2,2,36.48,38.74,61.31,10.46,42,179,221
2024-07-18 18:00:00,chennai,2,1,35.15,35.14,65.1,10.5,51,237,288
2024-07-18 19:00:00,chennai,2,1,32.85,33.93,69.05,19.54,19,133,152
2024-07-18 20:00:00,chennai,2,1,33.91,33.64,77.03,11.71,7,47,54
2024-07-18 21:00:00,chennai,2,1,29.96,30.75,78.04,15.68,5,20,25
2024-07-18 22:00:00,chennai,2,1,28.87,31.01,77.26,13.56,4,24,28
2024-07-18 23:00:00,chennai,2,1,31.39,33.39,77.77,11.26,3,21,24
2024-07-19 00:00:00,chennai,2,2,30.47,32.03,71.79,13.65,7,27,34
2024-07-19 01:00:00,chennai,2,1,29.4,31.07,88.12,10.36,6,33,39
2024-07-19 02:00:00,chennai,2,1,27.66,27.27,79.76,12.13,8,36,44
2024-07-19 03:00:00,chennai,2,2,28.62,29.74,89.43,13.7,8,41,49
2024-07-19 04:00:00,chennai,2,1,29.55,30.37,81.64,11.3,11,33,44
2024-07-19 05:00:00,chennai,2,1,28.59,29.43,89.2,15.4,5,34,39
2024-07-19 06:00:00,chennai,2,1,30.44,32.54,80.03,10.27,3,65,68
2024-07-19 07:00:00,chennai,2,1,33.08,33.72,67.43,13.32,17,106,123
2024-07-19 08:00:00,chennai,2,2,35.04,35.94,68.93,16.28,36,184,220
2024-07-19 09:00:00,chennai,2,2,33.86,33.28,68.57,12.81,33,160,193
2024-07-19 10:00:00,chennai,2,2,36.24,37.44,62.63,20.38,23,96,119
2024-07-19 11:00:00,chennai,2,2,33.86,34.27,63.04,15.0,6,44,50
2024-07-19 12:00:00,chennai,2,1,37.59,39.16,56.51,25.91,7,24,31
2024-07-19 13:00:00,chennai,2,2,36.23,36.78,62.37,11.67,6,24,30
2024-07-19 14:00:00,chennai,2,2,37.7,39.3,63.19,23.97,4,20,24
2024-07-19 15:00:00,chennai,2,2,36.9,38.25,57.32,14.67,5,42,47
2024-07-19 16:00:00,chennai,2,1,38.38,41.55,73.04,16.84,34,102,136
2024-07-19 17:00:00,chennai,2,1,35.11,37.11,65.25,21.62,45,196,241
2024-07-19 18:00:00,chennai,2,1,36.08,35.74,62.92,14.01,33,229,262
2024-07-19 19:00:00,chennai,2,1,34.03,34.27,61.26,19.91,29,103,132
2024-07-19 20:00:00,chennai,2,1,33.14,34.7,72.3,13.9,8,44,52
2024-07-19 21:00:00,chennai,2,1,32.07,32.64,73.29,14.57,5,17,22
2024-07-19 22:00:00,chennai,2,1,30.32,28.85,80.92,12.94,3,28,31
2024-07-19 23:00:00,chennai,2,1,30.48,33.33,78.35,10.79,4,27,31
2024-07-20 00:00:00,chennai,2,1,29.79,32.01,74.69,14.03,11,16,27
2024-07-20 01:00:00,chennai,2,1,29.76,31.78,90.01,28.96,15,33,48
2024-07-20 02:00:00,chennai,2,2,29.43,30.32,84.18,17.74,13,25,38
2024-07-20 03:00:00,chennai,2,3,30.42,32.35,80.39,16.88,8,28,36
2024-07-20 04:00:00,chennai,2,1,30.97,31.77,81.48,15.15,20,34,54
2024-07-20 05:00:00,chennai,2,2,29.24,30.95,81.44,12.14,19,27,46
2024-07-20 06:00:00,chennai,2,3,32.37,32.95,69.86,10.93,10,22,32
2024-07-20 07:00:00,chennai,2,1,30.87,33.89,75.38,11.27,34,56,90
2024-07-20 08:00:00,chennai,2,1,34.04,33.97,69.75,10.03,42,88,130
2024-07-20 09:00:00,chennai,2,1,35.11,37.84,71.95,15.6,36,94,130
2024-07-20 10:00:00,chennai,2,1,33.04,34.58,63.3,18.35,30,60,90
2024-07-20 11:00:00,chennai,2,1,36.27,37.28,61.91,11.57,28,59,87
2024-07-20 12:00:00,chennai,2,1,36.23,37.9,71.65,10.48,37,66,103
2024-07-20 13:00:00,chennai,2,2,36.28,38.52,68.5,12.05,36,72,108
2024-07-20 14:00:00,chennai,2,1,38.95,41.82,45.52,11.73,42,58,100
2024-07-20 15:00:00,chennai,2,2,36.41,38.22,68.12,13.0,33,70,103
2024-07-20 16:00:00,chennai,2,3,35.83,36.44,62.97,11.53,23,43,66
2024-07-20 17:00:00,chennai,2,1,36.25,37.81,61.39,12.08,59,103,162
2024-07-20 18:00:00,chennai,2,2,36.15,39.47,61.96,21.91,40,75,115
2024-07-20 19:00:00,chennai,2,2,34.2,37.04,64.67,12.04,22,47,69
2024-07-20 20:00:00,chennai,2,1,34.73,37.14,68.6,17.7,9,17,26
2024-07-20 21:00:00,chennai,2,1,32.93,35.23,68.95,14.92,9,16,25
2024-07-20 22:00:00,chennai,2,1,28.72,30.92,70.23,12.06,9,15,24
2024-07-20 23:00:00,chennai,2,1,29.87,32.53,73.87,18.51,5,16,21
2024-07-21 00:00:00,chennai,2,3,29.19,30.24,82.28,14.52,6,11,17
2024-07-21 01:00:00,chennai,2,1,30.04,30.19,81.91,10.04,10,23,33
2024-07-21 02:00:00,chennai,2,1,26.18,27.75,84.78,10.36,18,25,43
2024-07-21 03:00:00,chennai,2,1,32.53,33.21,81.33,16.98,18,27,45
2024-07-21 04:00:00,chennai,2,1,30.5,30.95,74.13,12.96,16,25,41
2024-07-21 05:00:00,chennai,2,2,30.68,31.46,81.54,12.6,9,20,29
2024-07-21 06:00:00,chennai,2,2,32.75,36.73,71.98,10.79,14,35,49
2024-07-21 07:00:00,chennai,2,1,35.11,36.74,77.82,10.86,34,49,83
2024-07-21 08:00:00,chennai,2,1,34.38,36.24,66.17,17.99,50,72,122
2024-07-21 09:00:00,chennai,2,1,35.5,35.78,65.97,18.83,34,103,137
2024-07-21 10:00:00,chennai,2,1,35.49,35.14,65.19,14.1,41,58,99
2024-07-21 11:00:00,chennai,2,1,35.99,36.67,68.3,11.75,28,48,76
2024-07-21 12:00:00,chennai,2,2,36.22,39.16,64.22,23.49,34,61,95
2024-07-21 13:00:00,chennai,2,1,36.2,38.04,62.44,14.89,36,81,117
2024-07-21 14:00:00,chennai,2,1,36.51,38.6,71.43,17.96,42,64,106
2024-07-21 15:00:00,chennai,2,1,35.57,37.81,53.16,10.02,43,89,132
2024-07-21 16:00:00,chennai,2,1,36.7,37.61,58.15,12.99,45,92,137
2024-07-21 17:00:00,chennai,2,1,34.14,37.02,59.52,20.24,40,126,166
2024-07-21 18:00:00,chennai,2,2,35.56,36.43,58.15,12.06,41,89,130
2024-07-21 19:00:00,chennai,2,1,34.32,37.23,65.81,16.48,21,48,69
2024-07-21 20:00:00,chennai,2,1,33.51,35.45,75.44,15.36,9,26,35
2024-07-21 21:00:00,chennai,2,3,31.67,31.38,71.63,10.83,4,6,10
2024-07-21 22:00:00,chennai,2,1,35.02,35.77,75.33,17.46,10,19,29
2024-07-21 23:00:00,chennai,2,1,32.13,31.85,70.46,10.6,8,19,27
2024-07-22 00:00:00,chennai,2,1,28.37,31.04,76.68,16.51,4,32,36
2024-07-22 01:00:00,chennai,2,1,29.75,31.22,79.35,33.54,5,36,41
2024-07-22 02:00:00,chennai,2,2,28.6,27.87,85.21,25.85,4,31,35
2024-07-22 03:00:00,chennai,2,2,28.25,30.12,73.28,18.05,9,38,47
2024-07-22 04:00:00,chennai,2,1,28.26,29.22,78.39,13.82,8,51,59
2024-07-22 05:00:00,chennai,2,1,31.02,31.04,84.51,15.62,7,40,47
2024-07-22 06:00:00,chennai,2,2,30.51,33.69,74.77,16.51,7,47,54
2024-07-22 07:00:00,chennai,2,1,33.46,35.06,64.01,10.04,25,96,121
2024-07-22 08:00:00,chennai,2,2,34.52,35.73,78.4,10.54,53,189,242
2024-07-22 09:00:00,chennai,2,1,36.01,37.11,73.09,14.54,35,212,247
2024-07-22 10:00:00,chennai,2,1,34.31,34.29,71.35,10.03,13,111,124
2024-07-22 11:00:00,chennai,2,1,36.73,36.92,56.21,21.98,6,36,42
2024-07-22 12:00:00,chennai,2,1,37.55,40.34,70.9,13.36,2,39,41
2024-07-22 13:00:00,chennai,2,1,36.62,37.65,58.47,11.49,3,15,18
2024-07-22 14:00:00,chennai,2,1,36.4,37.93,59.45,12.5,3,29,32
2024-07-22 15:00:00,chennai,2,1,39.13,38.58,58.83,19.51,7,44,51
2024-07-22 16:00:00,chennai,2,2,37.07,37.25,68.07,23.1,22,107,129
2024-07-22 17:00:00,chennai,2,4,36.92,39.03,64.03,10.62,5,38,43
2024-07-22 18:00:00,chennai,2,1,34.34,36.22,69.41,17.52,33,223,256
2024-07-22 19:00:00,chennai,2,2,32.9,36.16,69.79,14.32,20,101,121
2024-07-22 20:00:00,chennai,2,1,32.65,35.49,71.52,14.4,5,38,43
2024-07-22 21:00:00,chennai,2,1,32.15,33.42,69.85,17.56,5,23,28
2024-07-22 22:00:00,chennai,2,2,30.05,32.03,86.06,11.26,7,28,35
2024-07-22 23:00:00,chennai,2,1,30.49,31.67,71.75,13.79,4,20,24
2024-07-23 00:00:00,chennai,2,2,27.84,31.39,82.72,11.92,4,26,30
2024-07-23 01:00:00,chennai,2,1,28.12,30.77,83.54,10.5,8,35,43
2024-07-23 02:00:00,chennai,2,1,30.14,31.8,87.77,10.56,3,28,31
2024-07-23 03:00:00,chennai,2,2,30.19,31.89,88.6,10.73,6,38,44
2024-07-23 04:00:00,chennai,2,1,29.4,32.34,79.97,14.77,3,52,55
2024-07-23 05:00:00,chennai,2,1,29.28,31.36,81.72,10.56,10,37,47
2024-07-23 06:00:00,chennai,2,1,30.1,33.16,85.82,14.22,16,51,67
2024-07-23 07:00:00,chennai,2,1,31.85,31.15,74.26,14.44,22,116,138
2024-07-23 08:00:00,chennai,2,1,34.1,36.06,66.67,21.71,18,237,255
2024-07-23 09:00:00,chennai,2,1,35.48,36.46,67.49,14.92,32,201,233
2024-07-23 10:00:00,chennai,2,1,34.73,37.99,60.48,31.2,20,113,133
2024-07-23 11:00:00,chennai,2,1,34.77,37.82,66.79,10.16,6,32,38
2024-07-23 12:00:00,chennai,2,1,37.12,38.65,68.66,16.09,10,26,36
2024-07-23 13:00:00,chennai,2,1,36.21,39.24,61.74,10.13,5,29,34
2024-07-23 14:00:00,chennai,2,1,36.71,39.99,53.9,16.54,5,40,45
2024-07-23 15:00:00,chennai,2,1,38.78,40.36,67.45,12.44,7,40,47
2024-07-23 16:00:00,chennai,2,1,37.79,41.76,54.46,14.72,17,102,119
2024-07-23 17:00:00,chennai,2,1,36.35,37.82,57.2,11.85,32,248,280
2024-07-23 18:00:00,chennai,2,1,33.8,35.09,66.11,10.87,15,229,244
2024-07-23 19:00:00,chennai,2,2,34.62,36.98,70.67,16.43,26,113,139
2024-07-23 20:00:00,chennai,2,1,34.61,35.75,74.11,21.75,6,48,54
2024-07-23 21:00:00,chennai,2,2,31.84,33.43,74.26,11.01,2,23,25
2024-07-23 22:00:00,chennai,2,1,32.95,35.86,85.8,22.67,3,22,25
2024-07-23 23:00:00,chennai,2,1,32.05,33.57,79.4,10.76,3,33,36
2024-07-24 00:00:00,chennai,2,1,31.86,31.67,85.83,16.65,5,23,28
2024-07-24 01:00:00,chennai,2,1,29.83,31.7,85.59,26.03,7,32,39
2024-07-24 02:00:00,chennai,2,1,30.03,30.84,75.54,10.8,6,30,36
2024-07-24 03:00:00,chennai,2,1,31.16,33.53,80.81,12.86,9,38,47
2024-07-24 04:00:00,chennai,2,1,30.4,32.6,91.28,12.06,8,41,49
2024-07-24 05:00:00,chennai,2,1,29.9,32.87,76.55,12.46,11,52,63
2024-07-24 06:00:00,chennai,2,2,30.79,33.2,73.63,16.99,14,43,57
2024-07-24 07:00:00,chennai,2,1,32.58,35.17,75.44,15.41,25,99,124
2024-07-24 08:00:00,chennai,2,1,31.78,32.61,69.66,27.32,33,177,210
2024-07-24 09:00:00,chennai,2,2,34.19,36.5,65.44,11.03,23,195,218
2024-07-24 10:00:00,chennai,2,2,36.65,40.11,64.58,13.92,7,92,99
2024-07-24 11:00:00,chennai,2,1,33.53,34.34,72.09,12.98,4,58,62
2024-07-24 12:00:00,chennai,2,2,38.64,41.94,62.66,22.56,6,25,31
2024-07-24 13:00:00,chennai,2,1,38.54,39.49,55.7,10.05,4,27,31
2024-07-24 14:00:00,chennai,2,1,36.78,37.43,54.44,32.63,5,29,34
2024-07-24 15:00:00,chennai,2,2,37.85,39.64,73.37,13.27,6,51,57
2024-07-24 16:00:00,chennai,2,1,36.8,39.01,62.22,14.91,36,103,139
2024-07-24 17:00:00,chennai,2,1,37.63,40.05,67.1,12.23,15,237,252
2024-07-24 18:00:00,chennai,2,1,36.51,37.05,63.14,19.57,40,212,252
2024-07-24 19:00:00,chennai,2,2,32.69,34.62,71.02,14.13,18,117,135
2024-07-24 20:00:00,chennai,2,1,34.03,34.85,79.3,15.44,9,52,61
2024-07-24 21:00:00,chennai,2,1,32.05,32.06,71.33,15.23,3,23,26
2024-07-24 22:00:00,chennai,2,1,31.43,32.0,79.29,12.26,2,19,21
2024-07-24 23:00:00,chennai,2,1,29.63,30.38,72.04,10.4,3,29,32
2024-07-25 00:00:00,chennai,2,2,31.96,33.99,90.77,18.24,8,24,32
2024-07-25 01:00:00,chennai,2,1,30.71,33.37,83.0,11.71,7,45,52
2024-07-25 02:00:00,chennai,2,1,28.44,28.47,79.94,19.45,7,33,40
2024-07-25 03:00:00,chennai,2,1,27.86,29.72,80.17,14.69,2,29,31
2024-07-25 04:00:00,chennai,2,1,29.4,29.73,78.11,12.18,2,47,49
2024-07-25 05:00:00,chennai,2,2,31.02,33.15,76.78,14.51,6,42,48
2024-07-25 06:00:00,chennai,2,2,31.62,32.5,64.76,15.19,8,35,43
2024-07-25 07:00:00,chennai,2,3,33.8,34.25,74.1,16.13,10,53,63
2024-07-25 08:00:00,chennai,2,1,34.28,36.58,71.3,18.64,30,210,240
2024-07-25 09:00:00,chennai,2,1,35.53,36.44,71.86,10.87,40,196,236
2024-07-25 10:00:00,chennai,2,1,35.72,36.91,64.38,24.42,13,92,105
2024-07-25 11:00:00,chennai,2,2,34.49,33.77,61.07,12.65,11,39,50
2024-07-25 12:00:00,chennai,2,2,36.56,39.01,63.3,19.85,8,27,35
2024-07-25 13:00:00,chennai,2,1,38.47,40.79,54.28,11.25,3,20,23
2024-07-25 14:00:00,chennai,2,1,37.27,38.77,62.72,10.15,3,27,30
2024-07-25 15:00:00,chennai,2,2,37.8,37.77,53.03,14.26,6,38,44
2024-07-25 16:00:00,chennai,2,1,36.41,39.12,68.94,11.96,22,104,126
2024-07-25 17:00:00,chennai,2,1,34.92,35.76,68.35,30.82,36,228,264
2024-07-25 18:00:00,chennai,2,1,35.18,36.23,62.37,10.55,50,195,245
2024-07-25 19:00:00,chennai,2,1,34.74,38.55,72.72,10.24,20,105,125
2024-07-25 20:00:00,chennai,2,1,32.54,33.34,72.56,10.23,9,34,43
2024-07-25 21:00:00,chennai,2,1,32.01,34.25,69.54,11.22,3,25,28
2024-07-25 22:00:00,chennai,2,1,30.2,32.26,66.89,14.33,4,28,32
2024-07-25 23:00:00,chennai,2,1,31.84,33.73,80.65,13.52,5,21,26
2024-07-26 00:00:00,chennai,2,2,29.51,31.29,76.69,12.15,5,27,32
2024-07-26 01:00:00,chennai,2,2,31.21,33.09,87.13,10.46,4,27,31
2024-07-26 02:00:00,chennai,2,1,31.16,32.94,82.07,11.33,6,44,50
2024-07-26 03:00:00,chennai,2,1,29.37,30.82,78.16,11.02,6,36,42
2024-07-26 04:00:00,chennai,2,1,28.66,31.67,89.65,16.85,11,40,51
2024-07-26 05:00:00,chennai,2,1,28.0,28.19,81.95,17.57,3,53,56
2024-07-26 06:00:00,chennai,2,1,29.56,32.09,58.72,17.5,8,50,58
2024-07-26 07:00:00,chennai,2,1,30.65,32.97,72.16,27.38,18,107,125
2024-07-26 08:00:00,chennai,2,2,34.98,37.18,65.08,20.78,20,188,208
2024-07-26 09:00:00,chennai,2,2,34.5,37.12,65.41,13.44,29,172,201
2024-07-26 10:00:00,chennai,2,1,35.8,37.21,66.28,12.68,8,114,122
2024-07-26 11:00:00,chennai,2,1,33.49,33.13,66.7,22.37,6,42,48
2024-07-26 12:00:00,chennai,2,2,35.36,36.78,64.65,14.72,5,34,39
2024-07-26 13:00:00,chennai,2,1,38.26,38.77,67.73,11.74,4,22,26
2024-07-26 14:00:00,chennai,2,1,37.67,38.44,65.18,14.16,9,27,36
2024-07-26 15:00:00,chennai,2,2,37.02,37.27,65.21,34.24,5,40,45
2024-07-26 16:00:00,chennai,2,1,37.47,38.49,64.35,19.47,11,123,134
2024-07-26 17:00:00,chennai,2,1,38.12,39.02,71.36,11.65,50,198,248
2024-07-26 18:00:00,chennai,2,1,35.06,34.19,65.42,25.28,13,239,252
2024-07-26 19:00:00,chennai,2,1,34.45,36.65,67.96,29.94,16,116,132
2024-07-26 20:00:00,chennai,2,1,33.56,37.28,62.47,11.31,6,38,44
2024-07-26 21:00:00,chennai,2,1,35.17,37.27,79.87,21.3,3,23,26
2024-07-26 22:00:00,chennai,2,1,28.81,30.11,76.62,20.74,5,30,35
2024-07-26 23:00:00,chennai,2,1,31.32,32.77,93.74,10.2,3,22,25
2024-07-27 00:00:00,chennai,2,1,29.73,30.81,78.63,15.54,9,26,35
2024-07-27 01:00:00,chennai,2,1,30.15,31.74,82.1,11.82,12,19,31
2024-07-27 02:00:00,chennai,2,1,28.54,30.0,84.73,15.61,18,28,46
2024-07-27 03:00:00,chennai,2,1,29.41,30.07,76.15,22.24,12,29,41
2024-07-27 04:00:00,chennai,2,2,30.72,33.9,82.45,13.45,15,30,45
2024-07-27 05:00:00,chennai,2,1,34.24,34.25,79.24,12.68,21,27,48
2024-07-27 06:00:00,chennai,2,2,32.3,34.52,75.48,22.73,16,27,43
2024-07-27 07:00:00,chennai,2,2,31.28,32.68,80.45,28.27,27,49,76
2024-07-27 08:00:00,chennai,2,1,32.82,36.22,67.48,10.32,58,77,135
2024-07-27 09:00:00,chennai,2,1,33.82,35.66,70.79,22.81,45,123,168
2024-07-27 10:00:00,chennai,2,2,33.18,34.32,74.27,10.43,27,80,107
2024-07-27 11:00:00,chennai,2,1,35.76,37.01,61.4,12.06,33,58,91
2024-07-27 12:00:00,chennai,2,2,37.67,39.21,61.86,17.19,28,43,71
2024-07-27 13:00:00,chennai,2,1,35.66,36.02,74.07,17.5,33,92,125
2024-07-27 14:00:00,chennai,2,1,38.59,39.32,64.37,16.47,35,89,124
2024-07-27 15:00:00,chennai,2,2,37.78,37.49,59.81,10.2,43,68,111
2024-07-27 16:00:00,chennai,2,1,35.91,36.49,67.35,10.71,35,86,121
2024-07-27 17:00:00,chennai,2,1,35.99,37.58,62.09,23.76,59,117,176
2024-07-27 18:00:00,chennai,2,1,37.25,39.05,59.18,10.42,48,86,134
2024-07-27 19:00:00,chennai,2,1,35.25,34.77,76.27,10.41,31,47,78
2024-07-27 20:00:00,chennai,2,1,33.34,34.7,66.48,19.03,11,21,32
2024-07-27 21:00:00,chennai,2,1,32.01,34.07,86.85,15.13,9,15,24
2024-07-27 22:00:00,chennai,2,2,31.42,32.76,74.55,12.17,7,17,24
2024-07-27 23:00:00,chennai,2,1,29.89,30.75,89.74,10.91,10,16,26
2024-07-28 00:00:00,chennai,2,2,27.34,28.43,73.82,20.78,13,29,42
2024-07-28 01:00:00,chennai,2,1,31.92,32.88,86.79,32.34,12,32,44
2024-07-28 02:00:00,chennai,2,1,29.52,30.38,84.5,10.26,16,19,35
2024-07-28 03:00:00,chennai,2,2,29.94,31.62,85.85,14.04,14,18,32
2024-07-28 04:00:00,chennai,2,1,29.8,33.6,85.5,11.51,20,36,56
2024-07-28 05:00:00,chennai,2,1,29.62,30.38,76.58,18.93,24,32,56
2024-07-28 06:00:00,chennai,2,1,31.11,32.29,70.46,12.12,21,43,64
2024-07-28 07:00:00,chennai,2,1,30.38,31.82,74.33,16.27,33,64,97
2024-07-28 08:00:00,chennai,2,1,36.06,36.88,73.12,13.88,47,91,138
2024-07-28 09:00:00,chennai,2,1,32.88,35.48,67.05,13.9,42,97,139
2024-07-28 10:00:00,chennai,2,1,34.09,33.22,68.39,19.76,20,68,88
2024-07-28 11:00:00,chennai,2,1,35.63,36.6,66.58,13.18,27,54,81
2024-07-28 12:00:00,chennai,2,1,38.34,40.66,58.79,19.34,32,44,76
2024-07-28 13:00:00,chennai,2,2,37.21,38.42,64.32,12.26,35,60,95
2024-07-28 14:00:00,chennai,2,1,35.85,36.53,60.66,10.96,48,74,122
2024-07-28 15:00:00,chennai,2,1,38.7,40.64,58.84,13.04,49,84,133
2024-07-28 16:00:00,chennai,2,1,37.67,40.08,67.28,13.45,45,102,147
2024-07-28 17:00:00,chennai,2,1,36.8,38.52,61.04,13.25,60,105,165
2024-07-28 18:00:00,chennai,2,2,36.19,36.89,64.72,18.26,40,79,119
2024-07-28 19:00:00,chennai,2,1,37.24,39.19,69.77,14.16,25,59,84
2024-07-28 20:00:00,chennai,2,1,35.95,37.05,78.87,20.97,13,19,32
2024-07-28 21:00:00,chennai,2,1,31.47,33.72,75.55,13.61,6,14,20
2024-07-28 22:00:00,chennai,2,1,33.28,36.26,79.64,11.27,7,14,21
2024-07-28 23:00:00,chennai,2,2,30.96,29.86,77.58,10.69,9,10,19
2024-07-29 00:00:00,chennai,2,2,30.46,32.08,80.27,20.14,6,25,31
2024-07-29 01:00:00,chennai,2,1,27.44,27.2,81.41,10.29,6,33,39
2024-07-29 02:00:00,chennai,2,1,29.13,33.07,83.47,10.63,2,33,35
2024-07-29 03:00:00,chennai,2,4,28.49,29.52,80.18,10.33,2,10,12
2024-07-29 04:00:00,chennai,2,2,30.86,33.11,87.36,12.76,4,43,47
2024-07-29 05:00:00,chennai,2,3,31.79,33.25,77.21,13.8,4,20,24
2024-07-29 06:00:00,chennai,2,1,28.84,29.54,68.46,10.1,9,58,67
2024-07-29 07:00:00,chennai,2,1,32.27,32.85,88.3,13.62,14,118,132
2024-07-29 08:00:00,chennai,2,1,34.68,37.76,70.36,12.5,49,187,236
2024-07-29 09:00:00,chennai,2,1,34.14,36.6,75.98,17.43,43,172,215
2024-07-29 10:00:00,chennai,2,2,36.21,39.65,74.02,18.86,11,109,120
2024-07-29 11:00:00,chennai,2,1,36.58,38.14,69.66,15.78,13,44,57
2024-07-29 12:00:00,chennai,2,2,37.2,38.99,62.35,13.21,2,22,24
2024-07-29 13:00:00,chennai,2,1,36.87,38.1,63.77,11.22,6,18,24
2024-07-29 14:00:00,chennai,2,1,35.87,37.08,55.63,19.39,5,29,34
2024-07-29 15:00:00,chennai,2,1,35.85,36.31,72.29,12.09,7,45,52
2024-07-29 16:00:00,chennai,2,1,37.65,39.23,59.08,12.2,28,98,126
2024-07-29 17:00:00,chennai,2,1,36.18,36.89,63.66,22.39,34,209,243
2024-07-29 18:00:00,chennai,2,2,35.16,37.11,67.49,28.57,47,182,229
2024-07-29 19:00:00,chennai,2,1,33.86,35.53,68.87,21.42,13,140,153
2024-07-29 20:00:00,chennai,2,1,32.96,34.75,68.72,41.7,7,40,47
2024-07-29 21:00:00,chennai,2,1,33.55,36.73,81.56,20.16,4,17,21
2024-07-29 22:00:00,chennai,2,1,30.93,32.39,81.75,16.09,7,25,32
2024-07-29 23:00:00,chennai,2,1,28.89,31.15,80.68,11.74,5,22,27
2024-07-30 00:00:00,chennai,2,1,30.76,34.31,78.66,25.28,5,31,36
2024-07-30 01:00:00,chennai,2,1,29.22,32.03,86.98,20.46,6,28,34
2024-07-30 02:00:00,chennai,2,1,29.37,32.02,79.68,11.38,5,42,47
2024-07-30 03:00:00,chennai,2,2,31.4,32.59,89.51,13.36,7,31,38
2024-07-30 04:00:00,chennai,2,1,29.84,31.57,81.22,10.36,9,41,50
2024-07-30 05:00:00,chennai,2,1,30.85,31.03,85.22,25.32,5,42,47
2024-07-30 06:00:00,chennai,2,1,29.92,31.91,76.43,14.25,12,65,77
2024-07-30 07:00:00,chennai,2,1,32.03,33.81,74.95,11.41,25,106,131
2024-07-30 08:00:00,chennai,2,1,34.06,35.58,78.13,11.73,62,164,226
2024-07-30 09:00:00,chennai,2,2,32.5,35.03,80.38,29.73,45,169,214
2024-07-30 10:00:00,chennai,2,1,35.57,35.86,74.8,14.78,22,113,135
2024-07-30 11:00:00,chennai,2,1,36.28,39.41,69.31,12.73,10,49,59
2024-07-30 12:00:00,chennai,2,2,36.84,39.25,66.29,13.46,5,28,33
2024-07-30 13:00:00,chennai,2,2,38.44,39.87,59.81,10.52,4,22,26
2024-07-30 14:00:00,chennai,2,1,37.73,39.08,63.48,10.39,5,23,28
2024-07-30 15:00:00,chennai,2,1,38.97,40.95,57.78,14.49,11,47,58
2024-07-30 16:00:00,chennai,2,2,35.6,38.62,65.22,13.59,19,113,132
2024-07-30 17:00:00,chennai,2,1,36.32,37.92,67.13,12.22,22,209,231
2024-07-30 18:00:00,chennai,2,1,35.43,37.08,57.2,14.17,37,228,265
2024-07-30 19:00:00,chennai,2,1,33.08,34.6,69.61,10.38,14,119,133
2024-07-30 20:00:00,chennai,2,1,34.48,37.76,74.07,24.41,5,48,53
2024-07-30 21:00:00,chennai,2,1,35.08,36.22,74.17,11.74,4,16,20
2024-07-30 22:00:00,chennai,2,1,31.31,32.78,78.79,10.37,5,22,27
2024-07-30 23:00:00,chennai,2,1,31.11,34.07,72.36,10.93,2,20,22
2024-07-31 00:00:00,chennai,2,1,29.97,31.61,76.78,10.5,3,21,24
2024-07-31 01:00:00,chennai,2,1,28.61,31.25,86.83,10.98,5,24,29
2024-07-31 02:00:00,chennai,2,1,27.15,27.73,82.0,12.7,8,41,49
2024-07-31 03:00:00,chennai,2,1,28.62,29.91,83.36,16.7,6,30,36
2024-07-31 04:00:00,chennai,2,2,28.2,31.18,77.93,11.59,5,44,49
2024-07-31 05:00:00,chennai,2,2,32.55,33.37,79.17,12.86,8,40,48
2024-07-31 06:00:00,chennai,2,1,31.19,32.54,65.49,23.21,6,38,44
2024-07-31 07:00:00,chennai,2,1,31.88,33.64,78.82,11.75,23,99,122
2024-07-31 08:00:00,chennai,2,1,34.4,34.91,81.04,17.92,49,193,242
2024-07-31 09:00:00,chennai,2,1,33.02,34.11,64.09,10.86,70,163,233
2024-07-31 10:00:00,chennai,2,2,34.41,36.02,62.3,10.98,25,93,118
2024-07-31 11:00:00,chennai,2,2,36.24,37.79,67.13,13.05,8,40,48
2024-07-31 12:00:00,chennai,2,1,38.03,40.81,70.71,11.33,6,36,42
2024-07-31 13:00:00,chennai,2,2,37.8,40.84,62.33,21.67,2,14,16
2024-07-31 14:00:00,chennai,2,1,37.63,38.27,55.85,10.26,3,21,24
2024-07-31 15:00:00,chennai,2,2,37.29,38.9,61.3,14.55,7,37,44
2024-07-31 16:00:00,chennai,2,2,37.27,39.45,58.19,14.63,25,126,151
2024-07-31 17:00:00,chennai,2,1,36.4,39.42,61.58,10.34,66,165,231
2024-07-31 18:00:00,chennai,2,2,34.09,36.31,65.48,16.59,25,199,224
2024-07-31 19:00:00,chennai,2,1,34.42,36.21,64.77,13.16,15,121,136
2024-07-31 20:00:00,chennai,2,1,32.04,34.21,68.11,16.42,7,36,43
2024-07-31 21:00:00,chennai,2,2,32.39,34.57,74.96,18.77,3,25,28
2024-07-31 22:00:00,chennai,2,1,30.75,31.33,78.08,11.95,5,25,30
2024-07-31 23:00:00,chennai,2,2,33.55,35.24,71.95,13.31,4,26,30
2024-08-01 00:00:00,chennai,2,1,27.99,30.95,82.64,11.51,5,32,37
2024-08-01 01:00:00,chennai,2,1,25.95,27.24,79.75,11.13,5,24,29
2024-08-01 02:00:00,chennai,2,1,27.34,28.97,85.6,10.0,6,40,46
2024-08-01 03:00:00,chennai,2,1,28.26,29.52,85.56,26.57,5,36,41
2024-08-01 04:00:00,chennai,2,1,30.04,29.23,77.94,12.91,10,47,57
2024-08-01 05:00:00,chennai,2,1,27.96,29.48,82.14,10.07,7,42,49
2024-08-01 06:00:00,chennai,2,2,27.6,29.4,72.82,10.04,9,67,76
2024-08-01 07:00:00,chennai,2,1,31.44,32.43,81.21,11.7,18,121,139
2024-08-01 08:00:00,chennai,2,1,29.84,30.19,68.0,10.07,49,192,241
2024-08-01 09:00:00,chennai,2,2,32.01,32.63,71.18,12.35,32,162,194
2024-08-01 10:00:00,chennai,2,2,33.19,35.46,66.06,10.33,14,94,108
2024-08-01 11:00:00,chennai,2,1,34.24,37.72,59.84,10.2,14,60,74
2024-08-01 12:00:00,chennai,2,1,35.79,38.67,67.84,15.53,6,30,36
2024-08-01 13:00:00,chennai,2,2,34.54,34.7,59.27,21.87,6,20,26
2024-08-01 14:00:00,chennai,2,1,35.17,37.53,53.5,12.63,8,31,39
2024-08-01 15:00:00,chennai,2,2,35.35,36.18,47.93,19.06,11,43,54
2024-08-01 16:00:00,chennai,2,4,35.14,36.06,58.96,10.15,3,23,26
2024-08-01 17:00:00,chennai,2,2,34.45,35.48,71.81,17.52,23,196,219
2024-08-01 18:00:00,chennai,2,2,34.02,36.23,73.29,10.32,45,195,240
2024-08-01 19:00:00,chennai,2,3,33.55,36.01,65.82,19.11,15,65,80
2024-08-01 20:00:00,chennai,2,2,31.97,33.37,70.13,20.7,7,40,47
2024-08-01 21:00:00,chennai,2,1,31.01,32.43,72.26,17.71,2,23,25
2024-08-01 22:00:00,chennai,2,1,27.6,29.57,70.33,18.59,4,23,27
2024-08-01 23:00:00,chennai,2,1,28.73,30.8,74.33,14.12,5,27,32
2024-08-02 00:00:00,chennai,2,1,28.61,31.29,85.57,11.54,3,37,40
2024-08-02 01:00:00,chennai,2,2,28.51,28.73,84.18,15.15,5,25,30
2024-08-02 02:00:00,chennai,2,1,26.67,28.19,83.37,12.9,9,33,42
2024-08-02 03:00:00,chennai,2,1,26.85,27.28,74.98,10.03,4,42,46
2024-08-02 04:00:00,chennai,2,2,27.35,28.8,81.16,13.24,8,40,48
2024-08-02 05:00:00,chennai,2,1,29.32,30.59,67.55,15.27,11,39,50
2024-08-02 06:00:00,chennai,2,1,30.74,32.19,81.21,10.07,12,44,56
2024-08-02 07:00:00,chennai,2,1,29.98,30.68,75.88,14.86,8,137,145
2024-08-02 08:00:00,chennai,2,1,32.59,32.6,65.27,15.29,54,210,264
2024-08-02 09:00:00,chennai,2,1,32.68,32.09,77.49,10.86,34,218,252
2024-08-02 10:00:00,chennai,2,1,33.35,34.72,58.02,12.82,17,112,129
2024-08-02 11:00:00,chennai,2,1,34.07,35.14,67.58,26.67,12,30,42
2024-08-02 12:00:00,chennai,2,1,35.86,36.68,66.12,20.78,6,31,37
2024-08-02 13:00:00,chennai,2,1,35.75,38.58,56.14,12.65,3,20,23
2024-08-02 14:00:00,chennai,2,2,38.23,38.87,61.81,12.15,7,29,36
2024-08-02 15:00:00,chennai,2,2,34.34,37.26,54.16,10.66,10,34,44
2024-08-02 16:00:00,chennai,2,1,35.59,38.71,49.11,10.18,22,116,138
2024-08-02 17:00:00,chennai,2,1,33.69,33.24,59.59,11.77,29,203,232
2024-08-02 18:00:00,chennai,2,2,32.46,34.05,63.92,24.09,33,183,216
2024-08-02 19:00:00,chennai,2,3,32.52,33.62,72.63,25.92,17,64,81
2024-08-02 20:00:00,chennai,2,1,31.66,30.25,72.34,18.37,6,35,41
2024-08-02 21:00:00,chennai,2,1,33.97,34.02,75.06,12.16,6,22,28
2024-08-02 22:00:00,chennai,2,1,29.28,31.55,71.93,10.78,4,21,25
2024-08-02 23:00:00,chennai,2,2,27.32,30.83,76.42,14.53,1,20,21
2024-08-03 00:00:00,chennai,2,2,28.36,30.77,76.01,15.2,12,16,28
2024-08-03 01:00:00,chennai,2,1,25.15,26.97,75.53,12.76,16,27,43
2024-08-03 02:00:00,chennai,2,1,27.39,28.87,79.03,15.88,15,23,38
2024-08-03 03:00:00,chennai,2,1,27.66,30.84,82.03,16.87,15,26,41
2024-08-03 04:00:00,chennai,2,2,28.99,32.64,77.8,17.64,19,35,54
2024-08-03 05:00:00,chennai,2,1,29.84,30.75,77.45,13.49,18,28,46
2024-08-03 06:00:00,chennai,2,1,28.9,28.4,80.47,17.84,19,37,56
2024-08-03 07:00:00,chennai,2,1,30.28,29.69,72.08,10.13,37,47,84
2024-08-03 08:00:00,chennai,2,1,30.58,33.4,65.33,15.7,55,104,159
2024-08-03 09:00:00,chennai,2,2,31.18,32.63,72.23,11.34,51,65,116
2024-08-03 10:00:00,chennai,2,2,33.87,35.56,68.33,11.58,24,38,62
2024-08-03 11:00:00,chennai,2,1,32.8,32.51,66.57,10.48,20,66,86
2024-08-03 12:00:00,chennai,2,1,34.47,35.21,66.47,11.07,27,63,90
2024-08-03 13:00:00,chennai,2,1,34.17,35.37,64.62,34.15,48,75,123
2024-08-03 14:00:00,chennai,2,2,36.16,37.87,62.14,12.68,41,94,135
2024-08-03 15:00:00,chennai,2,1,37.53,38.63,74.3,23.14,39,100,139
2024-08-03 16:00:00,chennai,2,1,33.4,33.86,56.91,10.89,56,80,136
2024-08-03 17:00:00,chennai,2,1,32.1,32.82,62.0,11.14,45,121,166
2024-08-03 18:00:00,chennai,2,1,33.35,36.06,71.84,14.08,56,87,143
2024-08-03 19:00:00,chennai,2,2,32.55,34.3,70.12,12.15,22,44,66
2024-08-03 20:00:00,chennai,2,1,31.76,33.87,75.79,15.16,15,24,39
2024-08-03 21:00:00,chennai,2,1,29.93,30.53,75.44,12.74,7,13,20
2024-08-03 22:00:00,chennai,2,2,29.26,27.81,83.87,18.35,5,16,21
2024-08-03 23:00:00,chennai,2,2,29.11,30.09,74.03,12.82,9,17,26
2024-08-04 00:00:00,chennai,2,1,29.28,29.92,87.37,14.25,11,22,33
2024-08-04 01:00:00,chennai,2,1,25.29,27.14,87.51,11.94,15,26,41
2024-08-04 02:00:00,chennai,2,2,27.06,31.84,75.95,16.09,12,20,32
2024-08-04 03:00:00,chennai,2,1,27.89,30.09,84.81,15.32,13,26,39
2024-08-04 04:00:00,chennai,2,1,26.93,31.17,80.45,12.53,11,28,39
2024-08-04 05:00:00,chennai,2,1,30.75,32.82,76.04,11.62,18,30,48
2024-08-04 06:00:00,chennai,2,1,28.74,29.61,67.56,14.76,24,37,61
2024-08-04 07:00:00,chennai,2,1,30.42,32.26,69.53,24.34,28,49,77
2024-08-04 08:00:00,chennai,2,1,32.17,35.45,75.54,10.71,47,91,138
2024-08-04 09:00:00,chennai,2,1,31.83,35.16,73.48,18.03,48,98,146
2024-08-04 10:00:00,chennai,2,2,31.28,32.21,65.95,13.92,22,50,72
2024-08-04 11:00:00,chennai,2,1,33.81,35.57,69.01,13.73,28,49,77
2024-08-04 12:00:00,chennai,2,1,36.2,36.27,68.07,26.31,32,56,88
2024-08-04 13:00:00,chennai,2,1,34.96,37.28,63.11,14.66,44,69,113
2024-08-04 14:00:00,chennai,2,1,34.48,37.54,58.39,18.88,34,74,108
2024-08-04 15:00:00,chennai,2,2,36.47,38.01,64.55,13.61,37,68,105
2024-08-04 16:00:00,chennai,2,2,34.57,35.4,65.77,11.44,36,90,126
2024-08-04 17:00:00,chennai,2,1,33.72,35.58,68.3,15.93,55,110,165
2024-08-04 18:00:00,chennai,2,1,33.68,35.6,71.33,22.83,40,83,123
2024-08-04 19:00:00,chennai,2,2,33.46,35.04,62.6,19.2,31,45,76
2024-08-04 20:00:00,chennai,2,1,34.36,36.04,69.45,11.11,14,18,32
2024-08-04 21:00:00,chennai,2,2,31.46,32.78,65.1,11.91,5,12,17
2024-08-04 22:00:00,chennai,2,2,30.89,33.39,80.73,13.64,9,14,23
2024-08-04 23:00:00,chennai,2,1,28.06,30.3,78.01,14.24,10,17,27
2024-08-05 00:00:00,chennai,2,1,26.8,27.32,82.81,11.08,3,24,27
2024-08-05 01:00:00,chennai,2,2,27.71,28.2,74.28,11.31,3,27,30
2024-08-05 02:00:00,chennai,2,2,27.63,28.87,89.0,17.11,4,35,39
2024-08-05 03:00:00,chennai,2,2,26.34,28.58,75.69,16.55,6,37,43
2024-08-05 04:00:00,chennai,2,1,27.83,29.47,84.53,19.14,8,52,60
2024-08-05 05:00:00,chennai,2,2,29.15,30.01,79.66,23.51,6,34,40
2024-08-05 06:00:00,chennai,2,2,29.93,31.69,76.05,11.84,7,48,55
2024-08-05 07:00:00,chennai,2,2,31.07,32.24,73.24,19.82,22,95,117
2024-08-05 08:00:00,chennai,2,1,31.85,34.23,68.81,15.48,40,187,227
2024-08-05 09:00:00,chennai,2,3,31.93,33.76,75.89,25.82,17,100,117
2024-08-05 10:00:00,chennai,2,1,32.88,34.07,67.06,11.59,17,121,138
2024-08-05 11:00:00,chennai,2,1,32.89,34.62,58.58,11.57,6,47,53
2024-08-05 12:00:00,chennai,2,1,37.11,39.92,61.42,16.09,7,31,38
2024-08-05 13:00:00,chennai,2,1,35.38,36.31,62.98,23.18,6,35,41
2024-08-05 14:00:00,chennai,2,1,35.23,37.13,66.49,18.7,4,20,24
2024-08-05 15:00:00,chennai,2,1,34.25,35.68,59.32,16.49,11,46,57
2024-08-05 16:00:00,chennai,2,2,38.49,40.41,60.65,12.45,20,119,139
2024-08-05 17:00:00,chennai,2,3,33.04,33.89,65.05,16.33,29,103,132
2024-08-05 18:00:00,chennai,2,1,32.99,34.6,71.37,18.07,13,252,265
2024-08-05 19:00:00,chennai,2,2,33.03,35.64,62.57,17.0,11,115,126
2024-08-05 20:00:00,chennai,2,1,32.22,32.78,74.53,15.65,13,41,54
2024-08-05 21:00:00,chennai,2,2,31.61,31.78,72.27,10.24,4,25,29
2024-08-05 22:00:00,chennai,2,1,31.67,31.88,75.38,15.39,3,18,21
2024-08-05 23:00:00,chennai,2,1,29.28,29.61,89.08,13.25,7,28,35
2024-08-06 00:00:00,chennai,2,1,26.77,28.86,79.68,26.29,4,22,26
2024-08-06 01:00:00,chennai,2,2,27.33,27.42,85.43,14.67,5,21,26
2024-08-06 02:00:00,chennai,2,2,27.87,29.07,85.59,14.69,8,39,47
2024-08-06 03:00:00,chennai,2,2,30.12,32.24,75.76,35.63,10,39,49
2024-08-06 04:00:00,chennai,2,1,26.36,28.28,71.43,10.49,8,37,45
2024-08-06 05:00:00,chennai,2,2,30.11,31.23,83.18,11.62,11,46,57
2024-08-06 06:00:00,chennai,2,2,29.72,31.41,71.58,15.34,7,47,54
2024-08-06 07:00:00,chennai,2,1,31.47,33.08,66.27,11.89,21,96,117
2024-08-06 08:00:00,chennai,2,1,31.38,32.65,77.13,12.12,33,192,225
2024-08-06 09:00:00,chennai,2,3,31.52,32.81,64.31,21.16,19,109,128
2024-08-06 10:00:00,chennai,2,1,34.4,38.14,63.14,14.33,9,120,129
2024-08-06 11:00:00,chennai,2,1,35.11,37.42,74.8,10.54,8,51,59
2024-08-06 12:00:00,chennai,2,1,36.13,40.11,55.04,11.86,6,34,40
2024-08-06 13:00:00,chennai,2,1,35.35,36.35,56.06,10.4,4,12,16
2024-08-06 14:00:00,chennai,2,1,34.78,36.2,59.7,14.06,5,29,34
2024-08-06 15:00:00,chennai,2,1,33.49,33.66,61.14,10.95,7,38,45
2024-08-06 16:00:00,chennai,2,1,35.95,36.64,58.87,19.73,26,94,120
2024-08-06 17:00:00,chennai,2,2,34.84,38.24,59.14,14.31,22,225,247
2024-08-06 18:00:00,chennai,2,2,32.34,33.32,74.55,10.31,30,200,230
2024-08-06 19:00:00,chennai,2,2,31.89,35.31,70.73,11.79,29,120,149
2024-08-06 20:00:00,chennai,2,1,30.94,31.2,74.93,14.79,10,25,35
2024-08-06 21:00:00,chennai,2,2,28.69,29.13,73.9,12.04,1,26,27
2024-08-06 22:00:00,chennai,2,1,28.52,29.68,78.45,13.6,3,16,19
2024-08-06 23:00:00,chennai,2,1,27.31,28.75,83.74,22.0,7,30,37
2024-08-07 00:00:00,chennai,2,1,27.54,29.96,75.68,12.15,8,33,41
2024-08-07 01:00:00,chennai,2,1,26.75,28.7,82.98,12.05,9,27,36
2024-08-07 02:00:00,chennai,2,1,25.55,26.63,85.48,18.57,5,39,44
2024-08-07 03:00:00,chennai,2,3,30.06,31.43,89.38,11.92,3,22,25
2024-08-07 04:00:00,chennai,2,2,29.54,30.72,90.4,10.41,3,47,50
2024-08-07 05:00:00,chennai,2,1,27.74,28.32,79.42,11.0,7,38,45
2024-08-07 06:00:00,chennai,2,1,29.83,30.44,82.69,24.86,11,52,63
2024-08-07 07:00:00,chennai,2,4,30.97,33.49,61.24,23.54,6,17,23
2024-08-07 08:00:00,chennai,2,1,32.93,32.6,79.76,11.27,52,171,223
2024-08-07 09:00:00,chennai,2,2,31.55,34.67,65.78,14.03,49,168,217
2024-08-07 10:00:00,chennai,2,1,34.81,35.97,65.79,10.74,12,96,108
2024-08-07 11:00:00,chennai,2,3,33.67,34.4,67.13,15.61,5,24,29
2024-08-07 12:00:00,chennai,2,1,33.36,35.6,62.57,11.02,7,32,39
2024-08-07 13:00:00,chennai,2,1,36.23,39.22,63.32,10.26,6,27,33
2024-08-07 14:00:00,chennai,2,1,37.05,39.67,69.94,18.71,3,20,23
2024-08-07 15:00:00,chennai,2,3,38.47,40.47,60.42,11.97,5,19,24
2024-08-07 16:00:00,chennai,2,2,33.52,36.11,57.91,10.57,17,111,128
2024-08-07 17:00:00,chennai,2,1,35.17,34.95,74.0,18.98,42,211,253
2024-08-07 18:00:00,chennai,2,1,33.01,33.99,69.63,17.19,52,183,235
2024-08-07 19:00:00,chennai,2,2,33.48,34.06,79.02,15.76,32,92,124
2024-08-07 20:00:00,chennai,2,3,29.74,32.46,76.32,22.11,2,14,16
2024-08-07 21:00:00,chennai,2,2,28.95,30.07,67.97,13.36,4,20,24
2024-08-07 22:00:00,chennai,2,1,28.57,30.91,80.23,10.69,3,15,18
2024-08-07 23:00:00,chennai,2,1,28.77,30.8,74.15,10.32,6,21,27
2024-08-08 00:00:00,chennai,2,1,27.27,27.9,80.7,11.92,9,32,41
2024-08-08 01:00:00,chennai,2,1,28.43,29.34,81.28,10.45,5,29,34
2024-08-08 02:00:00,chennai,2,1,28.73,31.53,73.91,13.83,8,47,55
2024-08-08 03:00:00,chennai,2,1,28.36,29.08,77.6,10.07,7,37,44
2024-08-08 04:00:00,chennai,2,1,29.98,31.6,91.69,12.93,8,40,48
2024-08-08 05:00:00,chennai,2,3,29.17,29.89,80.26,10.98,6,26,32
2024-08-08 06:00:00,chennai,2,1,28.04,29.23,76.12,12.3,11,75,86
2024-08-08 07:00:00,chennai,2,2,32.1,33.55,83.65,15.62,31,95,126
2024-08-08 08:00:00,chennai,2,1,30.77,31.49,70.02,12.16,15,244,259
2024-08-08 09:00:00,chennai,2,1,33.63,34.17,68.95,12.09,22,224,246
2024-08-08 10:00:00,chennai,2,2,35.39,37.17,71.95,33.42,21,97,118
2024-08-08 11:00:00,chennai,2,1,34.88,35.53,62.93,16.34,8,48,56
2024-08-08 12:00:00,chennai,2,2,33.17,33.86,59.61,13.61,4,30,34
2024-08-08 13:00:00,chennai,2,1,34.26,34.82,51.07,14.33,4,17,21
2024-08-08 14:00:00,chennai,2,4,37.09,38.51,57.32,14.84,1,2,3
2024-08-08 15:00:00,chennai,2,1,35.16,37.6,57.61,10.12,11,43,54
2024-08-08 16:00:00,chennai,2,2,35.06,38.07,64.13,10.42,11,103,114
2024-08-08 17:00:00,chennai,2,1,35.24,36.01,61.88,15.24,53,224,277
2024-08-08 18:00:00,chennai,2,2,34.34,37.99,77.79,12.27,43,181,224
2024-08-08 19:00:00,chennai,2,1,32.87,33.37,64.12,10.29,15,138,153
2024-08-08 20:00:00,chennai,2,1,31.25,33.83,79.0,11.77,9,48,57
2024-08-08 21:00:00,chennai,2,2,30.09,30.87,75.69,10.7,6,24,30
2024-08-08 22:00:00,chennai,2,1,30.53,31.16,81.03,22.4,5,16,21
2024-08-08 23:00:00,chennai,2,2,29.34,30.09,82.8,11.13,3,17,20
2024-08-09 00:00:00,chennai,2,1,27.73,29.17,69.57,10.78,4,34,38
2024-08-09 01:00:00,chennai,2,3,28.93,31.01,81.6,14.92,4,12,16
2024-08-09 02:00:00,chennai,2,1,27.35,29.52,80.69,13.69,6,33,39
2024-08-09 03:00:00,chennai,2,2,26.61,27.17,75.99,14.29,2,41,43
2024-08-09 04:00:00,chennai,2,1,27.13,27.64,82.96,12.86,7,45,52
2024-08-09 05:00:00,chennai,2,1,27.5,28.08,87.65,13.15,11,43,54
2024-08-09 06:00:00,chennai,2,1,29.17,30.56,63.63,17.54,4,46,50
2024-08-09 07:00:00,chennai,2,1,31.95,33.24,71.92,11.24,18,96,114
2024-08-09 08:00:00,chennai,2,1,30.53,31.08,65.77,12.53,32,204,236
2024-08-09 09:00:00,chennai,2,1,32.76,34.53,69.77,25.83,31,179,210
2024-08-09 10:00:00,chennai,2,2,32.71,36.47,65.37,11.05,13,87,100
2024-08-09 11:00:00,chennai,2,2,34.02,35.01,61.9,11.74,9,43,52
2024-08-09 12:00:00,chennai,2,2,33.15,34.22,66.79,11.06,5,30,35
2024-08-09 13:00:00,chennai,2,1,35.1,37.16,70.52,10.1,7,30,37
2024-08-09 14:00:00,chennai,2,2,35.27,36.21,75.31,11.57,3,18,21
2024-08-09 15:00:00,chennai,2,1,36.01,38.18,58.64,10.24,10,39,49
2024-08-09 16:00:00,chennai,2,1,35.23,36.01,54.24,10.84,22,125,147
2024-08-09 17:00:00,chennai,2,1,32.89,36.22,67.72,12.25,23,237,260
2024-08-09 18:00:00,chennai,2,2,34.8,36.65,75.05,10.1,25,205,230
2024-08-09 19:00:00,chennai,2,2,32.79,33.67,73.48,16.99,13,125,138
2024-08-09 20:00:00,chennai,2,3,31.74,32.65,80.03,17.94,4,34,38
2024-08-09 21:00:00,chennai,2,3,30.45,31.44,73.46,12.65,1,11,12
2024-08-09 22:00:00,chennai,2,2,28.88,31.75,73.95,30.89,2,23,25
2024-08-09 23:00:00,chennai,2,1,28.93,29.16,79.65,15.68,4,24,28
2024-08-10 00:00:00,chennai,2,1,28.61,29.44,79.01,16.81,14,21,35
2024-08-10 01:00:00,chennai,2,1,25.54,26.48,84.97,11.07,10,26,36
2024-08-10 02:00:00,chennai,2,1,26.85,28.34,86.85,19.08,11,24,35
2024-08-10 03:00:00,chennai,2,2,27.33,28.56,86.9,24.51,19,29,48
2024-08-10 04:00:00,chennai,2,2,28.34,28.35,83.21,11.35,18,35,53
2024-08-10 05:00:00,chennai,2,1,30.1,31.2,80.3,15.8,14,40,54
2024-08-10 06:00:00,chennai,2,1,28.57,29.97,80.97,16.87,18,34,52
2024-08-10 07:00:00,chennai,2,3,29.87,30.74,64.77,11.82,14,25,39
2024-08-10 08:00:00,chennai,2,2,30.88,33.07,73.05,13.22,52,91,143
2024-08-10 09:00:00,chennai,2,1,31.57,33.99,69.67,10.51,64,74,138
2024-08-10 10:00:00,chennai,2,2,33.08,34.5,68.07,10.95,25,55,80
2024-08-10 11:00:00,chennai,2,1,35.25,36.98,64.49,10.32,39,58,97
2024-08-10 12:00:00,chennai,2,1,33.7,33.04,65.5,14.11,32,59,91
2024-08-10 13:00:00,chennai,2,1,35.88,36.96,59.47,14.91,43,72,115
2024-08-10 14:00:00,chennai,2,1,33.46,35.96,67.65,22.39,35,74,109
2024-08-10 15:00:00,chennai,2,1,34.69,35.77,64.71,13.91,43,94,137
2024-08-10 16:00:00,chennai,2,2,34.57,35.33,64.09,11.51,32,81,113
2024-08-10 17:00:00,chennai,2,1,36.34,40.12,61.44,10.31,37,96,133
2024-08-10 18:00:00,chennai,2,2,33.17,36.49,71.08,20.81,49,78,127
2024-08-10 19:00:00,chennai,2,1,29.89,31.86,70.45,13.26,24,49,73
2024-08-10 20:00:00,chennai,2,1,29.1,31.74,68.22,16.68,19,21,40
2024-08-10 21:00:00,chennai,2,2,30.51,29.78,74.3,10.07,10,21,31
2024-08-10 22:00:00,chennai,2,1,30.24,30.95,80.15,13.35,11,18,29
2024-08-10 23:00:00,chennai,2,1,29.12,30.15,81.83,11.97,12,22,34
2024-08-11 00:00:00,chennai,2,1,28.24,29.5,83.1,10.15,9,25,34
2024-08-11 01:00:00,chennai,2,1,29.03,30.04,82.12,17.47,8,22,30
2024-08-11 02:00:00,chennai,2,1,26.85,25.8,87.13,13.6,12,30,42
2024-08-11 03:00:00,chennai,2,2,28.71,30.6,87.85,12.03,17,22,39
2024-08-11 04:00:00,chennai,2,2,26.08,28.12,84.35,18.19,16,23,39
2024-08-11 05:00:00,chennai,2,1,27.59,30.69,76.13,12.96,17,20,37
2024-08-11 06:00:00,chennai,2,1,27.33,28.04,71.71,10.02,13,42,55
2024-08-11 07:00:00,chennai,2,1,30.13,30.76,71.87,24.45,26,68,94
2024-08-11 08:00:00,chennai,2,1,31.44,30.26,81.77,11.48,53,86,139
2024-08-11 09:00:00,chennai,2,1,32.67,33.88,70.82,18.88,44,96,140
2024-08-11 10:00:00,chennai,2,1,33.57,35.98,77.63,18.48,32,52,84
2024-08-11 11:00:00,chennai,2,1,33.22,34.1,64.33,10.89,27,55,82
2024-08-11 12:00:00,chennai,2,2,34.74,38.38,62.05,13.21,30,64,94
2024-08-11 13:00:00,chennai,2,1,33.57,34.81,61.97,10.21,27,78,105
2024-08-11 14:00:00,chennai,2,1,37.14,38.78,61.54,12.19,41,87,128
2024-08-11 15:00:00,chennai,2,2,35.0,35.14,58.47,16.56,45,76,121
2024-08-11 16:00:00,chennai,2,1,34.38,36.16,57.6,11.35,43,100,143
2024-08-11 17:00:00,chennai,2,2,36.24,35.76,67.44,10.62,48,87,135
2024-08-11 18:00:00,chennai,2,2,32.01,34.2,72.27,13.54,33,77,110
2024-08-11 19:00:00,chennai,2,2,31.18,33.41,81.64,13.85,21,45,66
2024-08-11 20:00:00,chennai,2,1,30.18,33.04,69.83,15.63,9,21,30
2024-08-11 21:00:00,chennai,2,1,30.38,30.86,72.82,17.12,9,14,23
2024-08-11 22:00:00,chennai,2,1,30.02,31.68,73.14,15.95,12,18,30
2024-08-11 23:00:00,chennai,2,1,29.56,31.62,84.7,19.33,14,17,31
2024-08-12 00:00:00,chennai,2,3,31.12,33.06,84.74,11.26,3,11,14
2024-08-12 01:00:00,chennai,2,2,24.94,25.57,77.27,14.22,6,29,35
2024-08-12 02:00:00,chennai,2,2,28.23,27.34,77.49,12.23,8,25,33
2024-08-12 03:00:00,chennai,2,1,26.97,28.81,86.42,26.37,9,44,53
2024-08-12 04:00:00,chennai,2,2,27.33,28.68,82.58,12.9,7,31,38
2024-08-12 05:00:00,chennai,2,1,27.93,28.86,82.86,26.06,9,39,48
2024-08-12 06:00:00,chennai,2,2,28.41,30.67,72.59,17.33,10,51,61
2024-08-12 07:00:00,chennai,2,1,32.49,33.94,65.2,16.34,21,121,142
2024-08-12 08:00:00,chennai,2,2,32.51,32.69,67.63,13.38,28,170,198
2024-08-12 09:00:00,chennai,2,1,32.56,32.13,72.85,12.93,27,198,225
2024-08-12 10:00:00,chennai,2,1,35.12,35.49,77.56,13.74,16,112,128
2024-08-12 11:00:00,chennai,2,2,32.51,36.41,62.78,11.74,10,37,47
2024-08-12 12:00:00,chennai,2,2,33.37,35.59,74.72,21.74,3,27,30
2024-08-12 13:00:00,chennai,2,2,32.75,34.44,66.49,17.91,4,21,25
2024-08-12 14:00:00,chennai,2,3,34.66,35.98,55.03,18.08,2,12,14
2024-08-12 15:00:00,chennai,2,1,35.56,36.81,63.41,12.84,4,53,57
2024-08-12 16:00:00,chennai,2,3,35.09,37.75,67.66,10.37,15,63,78
2024-08-12 17:00:00,chennai,2,2,34.51,35.52,52.8,15.75,21,230,251
2024-08-12 18:00:00,chennai,2,1,31.81,33.88,70.22,12.35,26,209,235
2024-08-12 19:00:00,chennai,2,2,33.5,34.65,75.28,20.22,16,93,109
2024-08-12 20:00:00,chennai,2,1,31.79,35.23,73.99,17.58,10,36,46
2024-08-12 21:00:00,chennai,2,1,31.34,33.59,74.28,10.79,5,26,31
2024-08-12 22:00:00,chennai,2,2,27.23,29.97,76.14,14.6,5,28,33
2024-08-12 23:00:00,chennai,2,1,29.05,29.96,77.91,15.89,8,30,38
2024-08-13 00:00:00,chennai,2,1,26.61,29.17,74.78,14.2,4,28,32
2024-08-13 01:00:00,chennai,2,1,27.16,28.35,78.22,13.61,9,27,36
2024-08-13 02:00:00,chennai,2,1,28.14,29.75,79.92,11.29,6,31,37
2024-08-13 03:00:00,chennai,2,1,27.75,30.88,82.23,11.35,6,34,40
2024-08-13 04:00:00,chennai,2,1,27.01,27.47,77.88,17.31,3,41,44
2024-08-13 05:00:00,chennai,2,1,28.68,30.38,74.73,10.09,13,51,64
2024-08-13 06:00:00,chennai,2,1,27.66,29.6,80.8,17.55,12,57,69
2024-08-13 07:00:00,chennai,2,2,31.85,33.87,76.44,13.74,19,120,139
2024-08-13 08:00:00,chennai,2,2,31.25,32.3,69.3,23.76,27,188,215
2024-08-13 09:00:00,chennai,2,2,33.88,37.46,71.94,39.61,54,160,214
2024-08-13 10:00:00,chennai,2,1,32.87,33.07,64.73,15.45,16,130,146
2024-08-13 11:00:00,chennai,2,2,33.7,36.66,65.24,12.66,8,42,50
2024-08-13 12:00:00,chennai,2,2,34.05,36.76,68.21,13.22,4,25,29
2024-08-13 13:00:00,chennai,2,1,36.42,39.82,59.32,11.14,6,25,31
2024-08-13 14:00:00,chennai,2,2,34.65,34.56,56.14,10.52,1,17,18
2024-08-13 15:00:00,chennai,2,1,36.14,36.77,61.62,14.32,10,44,54
2024-08-13 16:00:00,chennai,2,1,34.51,37.5,56.52,18.19,27,92,119
2024-08-13 17:00:00,chennai,2,1,31.96,31.58,63.54,11.52,13,227,240
2024-08-13 18:00:00,chennai,2,1,32.82,32.71,65.6,12.72,26,231,257
2024-08-13 19:00:00,chennai,2,2,31.12,32.13,57.09,14.05,20,91,111
2024-08-13 20:00:00,chennai,2,1,31.54,33.23,74.65,21.92,7,39,46
2024-08-13 21:00:00,chennai,2,1,29.04,32.13,73.67,10.75,4,20,24
2024-08-13 22:00:00,chennai,2,1,30.61,31.93,82.91,11.35,5,22,27
2024-08-13 23:00:00,chennai,2,3,28.56,29.45,80.15,22.54,2,12,14
2024-08-14 00:00:00,chennai,2,1,27.82,29.63,84.34,10.2,7,24,31
2024-08-14 01:00:00,chennai,2,2,28.42,30.39,87.61,15.34,7,29,36
2024-08-14 02:00:00,chennai,2,1,28.66,30.6,81.34,15.1,5,49,54
2024-08-14 03:00:00,chennai,2,3,27.61,28.93,81.66,12.42,6,25,31
2024-08-14 04:00:00,chennai,2,2,27.11,26.66,72.79,13.16,6,35,41
2024-08-14 05:00:00,chennai,2,1,26.54,27.13,85.27,19.65,10,48,58
2024-08-14 06:00:00,chennai,2,1,28.68,31.6,76.27,10.9,14,55,69
2024-08-14 07:00:00,chennai,2,1,29.72,31.41,69.56,11.32,29,96,125
2024-08-14 08:00:00,chennai,2,1,31.63,32.81,75.7,13.59,35,192,227
2024-08-14 09:00:00,chennai,2,1,32.12,34.74,58.51,12.64,44,186,230
2024-08-14 10:00:00,chennai,2,1,34.33,34.7,64.85,14.27,11,100,111
2024-08-14 11:00:00,chennai,2,1,33.59,34.87,69.47,22.68,5,36,41
2024-08-14 12:00:00,chennai,2,1,34.9,36.53,61.15,22.45,4,27,31
2024-08-14 13:00:00,chennai,2,1,36.78,37.84,58.75,11.31,6,23,29
2024-08-14 14:00:00,chennai,2,1,35.91,37.51,59.92,11.8,6,18,24
2024-08-14 15:00:00,chennai,2,2,35.29,36.6,52.29,10.88,15,35,50
2024-08-14 16:00:00,chennai,2,2,34.24,34.34,66.92,23.14,22,93,115
2024-08-14 17:00:00,chennai,2,1,33.57,35.25,64.31,12.54,51,197,248
2024-08-14 18:00:00,chennai,2,4,32.48,32.65,65.64,12.99,3,38,41
2024-08-14 19:00:00,chennai,2,1,31.89,33.55,68.07,18.11,9,145,154
2024-08-14 20:00:00,chennai,2,1,32.41,35.28,72.07,13.6,6,54,60
2024-08-14 21:00:00,chennai,2,2,30.2,31.42,77.86,10.64,2,19,21
2024-08-14 22:00:00,chennai,2,2,27.88,28.21,76.74,12.88,2,10,12
2024-08-14 23:00:00,chennai,2,1,30.79,32.17,72.26,14.98,6,20,26
2024-08-15 00:00:00,chennai,2,2,28.42,29.09,83.54,16.35,4,22,26
2024-08-15 01:00:00,chennai,2,2,25.95,28.04,84.15,15.18,4,29,33
2024-08-15 02:00:00,chennai,2,1,26.97,28.32,83.03,10.63,7,34,41
2024-08-15 03:00:00,chennai,2,2,27.77,30.98,87.04,11.81,4,31,35
2024-08-15 04:00:00,chennai,2,1,30.08,32.74,80.81,16.61,6,40,46
2024-08-15 05:00:00,chennai,2,1,27.34,28.69,84.63,20.61,7,44,51
2024-08-15 06:00:00,chennai,2,1,30.67,32.89,84.04,10.24,13,61,74
2024-08-15 07:00:00,chennai,2,1,32.14,33.25,77.5,10.22,8,111,119
2024-08-15 08:00:00,chennai,2,2,30.75,32.28,68.26,15.16,10,199,209
2024-08-15 09:00:00,chennai,2,2,32.2,33.34,68.76,13.97,22,188,210
2024-08-15 10:00:00,chennai,2,1,32.26,34.52,73.19,10.84,22,104,126
2024-08-15 11:00:00,chennai,2,1,34.08,37.02,57.44,13.97,5,50,55
2024-08-15 12:00:00,chennai,2,1,34.92,37.22,61.38,28.34,9,28,37
2024-08-15 13:00:00,chennai,2,2,36.16,38.58,60.63,14.98,6,25,31
2024-08-15 14:00:00,chennai,2,1,36.81,39.23,57.67,12.98,6,28,34
2024-08-15 15:00:00,chennai,2,2,34.47,36.52,66.71,18.79,8,36,44
2024-08-15 16:00:00,chennai,2,2,32.6,32.96,65.22,11.2,25,122,147
2024-08-15 17:00:00,chennai,2,1,34.3,37.5,61.37,12.67,39,183,222
2024-08-15 18:00:00,chennai,2,1,33.85,37.16,70.03,13.75,51,188,239
2024-08-15 19:00:00,chennai,2,1,32.83,34.1,68.62,13.51,24,96,120
2024-08-15 20:00:00,chennai,2,1,31.11,32.24,67.55,22.69,9,45,54
2024-08-15 21:00:00,chennai,2,1,30.61,32.73,71.02,11.73,7,22,29
2024-08-15 22:00:00,chennai,2,2,31.32,33.37,79.18,10.29,4,25,29
2024-08-15 23:00:00,chennai,2,1,29.13,30.43,83.77,22.41,3,21,24
2024-08-16 00:00:00,chennai,2,1,27.59,27.84,78.23,11.22,2,24,26
2024-08-16 01:00:00,chennai,2,1,27.04,28.84,84.38,12.38,5,42,47
2024-08-16 02:00:00,chennai,2,2,27.3,29.35,89.91,13.78,6,22,28
2024-08-16 03:00:00,chennai,2,1,29.6,31.83,75.36,28.62,5,32,37
2024-08-16 04:00:00,chennai,2,3,27.82,29.67,82.44,13.83,4,20,24
2024-08-16 05:00:00,chennai,2,1,28.65,29.88,83.22,12.97,9,49,58
2024-08-16 06:00:00,chennai,2,1,28.92,31.42,76.52,14.38,6,59,65
2024-08-16 07:00:00,chennai,2,3,31.78,33.35,80.78,27.67,11,70,81
2024-08-16 08:00:00,chennai,2,1,33.85,34.89,82.99,18.52,26,214,240
2024-08-16 09:00:00,chennai,2,1,33.08,34.4,71.13,10.93,32,214,246
2024-08-16 10:00:00,chennai,2,2,33.6,33.35,65.83,18.13,13,110,123
2024-08-16 11:00:00,chennai,2,2,34.37,35.69,69.81,19.2,11,51,62
2024-08-16 12:00:00,chennai,2,1,32.1,34.29,67.55,15.87,6,26,32
2024-08-16 13:00:00,chennai,2,1,36.26,38.1,49.75,15.35,4,23,27
2024-08-16 14:00:00,chennai,2,1,35.66,38.68,61.99,12.91,1,28,29
2024-08-16 15:00:00,chennai,2,2,35.88,37.11,60.37,15.13,4,48,52
2024-08-16 16:00:00,chennai,2,2,34.11,36.1,65.32,16.69,24,109,133
2024-08-16 17:00:00,chennai,2,1,33.87,36.16,63.96,10.66,31,246,277
2024-08-16 18:00:00,chennai,2,1,33.01,36.85,66.57,11.49,28,225,253
2024-08-16 19:00:00,chennai,2,1,33.76,35.41,65.1,11.08,27,147,174
2024-08-16 20:00:00,chennai,2,1,31.05,31.5,75.67,19.2,6,45,51
2024-08-16 21:00:00,chennai,2,2,32.96,35.31,82.86,15.7,1,24,25
2024-08-16 22:00:00,chennai,2,2,30.02,33.38,72.76,13.0,2,17,19
2024-08-16 23:00:00,chennai,2,2,27.14,28.32,72.09,18.75,3,23,26
2024-08-17 00:00:00,chennai,2,1,27.88,30.22,80.76,16.31,15,31,46
2024-08-17 01:00:00,chennai,2,2,26.85,29.58,81.52,22.24,13,22,35
2024-08-17 02:00:00,chennai,2,3,24.87,27.38,87.85,10.4,7,13,20
2024-08-17 03:00:00,chennai,2,1,29.56,31.18,75.51,13.56,17,31,48
2024-08-17 04:00:00,chennai,2,2,28.88,29.68,77.97,16.13,16,23,39
2024-08-17 05:00:00,chennai,2,1,29.31,30.73,68.33,11.16,11,29,40
2024-08-17 06:00:00,chennai,2,1,29.7,31.66,83.87,11.98,22,29,51
2024-08-17 07:00:00,chennai,2,2,28.81,31.21,75.84,12.71,39,51,90
2024-08-17 08:00:00,chennai,2,1,30.92,32.75,69.68,17.91,49,92,141
2024-08-17 09:00:00,chennai,2,2,33.55,34.67,62.8,13.4,41,82,123
2024-08-17 10:00:00,chennai,2,1,32.24,34.29,60.85,13.39,37,51,88
2024-08-17 11:00:00,chennai,2,2,31.29,33.65,67.0,12.82,25,50,75
2024-08-17 12:00:00,chennai,2,1,34.69,36.57,57.8,11.3,38,66,104
2024-08-17 13:00:00,chennai,2,2,35.19,35.86,62.86,22.82,39,68,107
2024-08-17 14:00:00,chennai,2,1,35.66,36.98,72.21,11.91,49,83,132
2024-08-17 15:00:00,chennai,2,1,36.24,38.69,60.6,14.19,40,94,134
2024-08-17 16:00:00,chennai,2,1,35.73,35.85,58.53,10.81,47,79,126
2024-08-17 17:00:00,chennai,2,1,34.64,34.05,66.84,12.85,46,106,152
2024-08-17 18:00:00,chennai,2,2,34.93,37.94,60.87,21.71,35,73,108
2024-08-17 19:00:00,chennai,2,4,30.71,32.72,78.01,36.98,5,8,13
2024-08-17 20:00:00,chennai,2,1,32.11,34.21,79.02,12.25,13,26,39
2024-08-17 21:00:00,chennai,2,1,31.22,31.64,73.77,10.84,9,19,28
2024-08-17 22:00:00,chennai,2,1,28.01,30.25,72.51,11.89,9,17,26
2024-08-17 23:00:00,chennai,2,3,26.87,28.64,76.94,11.98,5,7,12
2024-08-18 00:00:00,chennai,2,3,27.14,27.06,79.18,15.17,9,11,20
2024-08-18 01:00:00,chennai,2,1,26.84,29.77,83.58,13.43,16,23,39
2024-08-18 02:00:00,chennai,2,2,28.4,30.06,87.2,17.32,16,24,40
2024-08-18 03:00:00,chennai,2,2,26.9,28.0,76.48,16.04,15,28,43
2024-08-18 04:00:00,chennai,2,3,27.01,28.13,85.71,11.45,16,18,34
2024-08-18 05:00:00,chennai,2,2,27.94,27.42,82.16,17.67,16,28,44
2024-08-18 06:00:00,chennai,2,2,30.84,32.94,74.46,19.4,24,46,70
2024-08-18 07:00:00,chennai,2,1,30.48,32.24,69.15,14.56,32,54,86
2024-08-18 08:00:00,chennai,2,2,31.28,32.59,72.58,23.13,48,85,133
2024-08-18 09:00:00,chennai,2,1,32.4,35.18,64.11,17.64,39,97,136
2024-08-18 10:00:00,chennai,2,1,35.05,35.17,72.12,14.52,35,76,111
2024-08-18 11:00:00,chennai,2,1,33.43,34.33,59.31,21.83,27,45,72
2024-08-18 12:00:00,chennai,2,1,36.54,37.19,66.08,14.59,26,59,85
2024-08-18 13:00:00,chennai,2,1,35.62,36.84,61.94,13.68,41,67,108
2024-08-18 14:00:00,chennai,2,2,35.31,36.87,59.2,12.2,35,65,100
2024-08-18 15:00:00,chennai,2,1,38.36,40.29,61.83,20.72,42,65,107
2024-08-18 16:00:00,chennai,2,1,33.7,34.85,68.74,10.65,47,89,136
2024-08-18 17:00:00,chennai,2,2,33.9,34.53,58.97,13.21,58,98,156
2024-08-18 18:00:00,chennai,2,1,32.02,35.21,64.94,13.85,39,112,151
2024-08-18 19:00:00,chennai,2,1,33.68,37.59,65.65,14.05,23,62,85
2024-08-18 20:00:00,chennai,2,2,33.53,35.17,71.81,15.28,11,24,35
2024-08-18 21:00:00,chennai,2,2,32.47,33.21,71.16,13.52,8,13,21
2024-08-18 22:00:00,chennai,2,1,30.97,33.94,68.16,11.48,7,14,21
2024-08-18 23:00:00,chennai,2,1,28.43,28.49,73.8,19.72,17,27,44
2024-08-19 00:00:00,chennai,2,2,27.6,28.76,88.85,15.36,5,24,29
2024-08-19 01:00:00,chennai,2,1,25.63,26.43,82.89,19.77,5,35,40
2024-08-19 02:00:00,chennai,2,1,29.94,30.28,83.06,11.62,5,23,28
2024-08-19 03:00:00,chennai,2,1,28.2,29.42,80.25,15.07,5,35,40
2024-08-19 04:00:00,chennai,2,2,27.45,28.08,80.4,16.26,6,32,38
2024-08-19 05:00:00,chennai,2,1,30.27,31.78,76.92,12.42,8,53,61
2024-08-19 06:00:00,chennai,2,1,28.33,29.86,79.63,18.36,13,66,79
2024-08-19 07:00:00,chennai,2,1,30.95,31.83,75.09,10.01,25,89,114
2024-08-19 08:00:00,chennai,2,1,31.29,32.42,66.14,14.52,19,201,220
2024-08-19 09:00:00,chennai,2,1,33.3,34.57,70.68,14.75,26,202,228
2024-08-19 10:00:00,chennai,2,1,33.42,35.73,54.71,13.82,13,98,111
2024-08-19 11:00:00,chennai,2,2,32.59,33.94,67.0,14.97,10,53,63
2024-08-19 12:00:00,chennai,2,2,35.05,37.38,56.29,10.91,6,26,32
2024-08-19 13:00:00,chennai,2,2,36.62,38.71,61.86,15.77,2,29,31
2024-08-19 14:00:00,chennai,2,1,35.46,37.54,56.03,12.05,5,27,32
2024-08-19 15:00:00,chennai,2,1,36.29,39.18,62.35,13.01,8,42,50
2024-08-19 16:00:00,chennai,2,1,33.71,34.09,66.23,12.03,24,102,126
2024-08-19 17:00:00,chennai,2,1,34.3,35.32,72.44,13.21,27,226,253
2024-08-19 18:00:00,chennai,2,2,32.75,36.01,59.29,14.86,44,191,235
2024-08-19 19:00:00,chennai,2,1,33.43,34.67,74.29,19.11,23,119,142
2024-08-19 20:00:00,chennai,2,2,31.54,30.22,72.66,13.3,13,43,56
2024-08-19 21:00:00,chennai,2,2,31.29,32.59,72.33,11.95,8,21,29
2024-08-19 22:00:00,chennai,2,2,30.81,32.44,80.8,13.35,5,21,26
2024-08-19 23:00:00,chennai,2,1,29.5,28.38,77.89,15.84,5,29,34
2024-08-20 00:00:00,chennai,2,1,28.36,31.2,84.25,12.13,8,39,47
2024-08-20 01:00:00,chennai,2,1,26.44,27.22,76.7,12.67,7,32,39
2024-08-20 02:00:00,chennai,2,1,27.5,29.33,78.84,14.14,9,43,52
2024-08-20 03:00:00,chennai,2,2,27.0,28.27,86.38,11.74,8,38,46
2024-08-20 04:00:00,chennai,2,1,27.62,27.83,88.09,11.17,9,40,49
2024-08-20 05:00:00,chennai,2,1,28.22,28.65,78.9,10.76,14,56,70
2024-08-20 06:00:00,chennai,2,1,28.32,28.89,63.06,12.17,19,56,75
2024-08-20 07:00:00,chennai,2,2,28.12,30.7,73.59,10.25,8,122,130
2024-08-20 08:00:00,chennai,2,1,30.7,32.05,72.16,14.38,50,181,231
2024-08-20 09:00:00,chennai,2,2,32.77,33.75,68.25,10.97,34,181,215
2024-08-20 10:00:00,chennai,2,1,31.88,32.45,68.68,12.37,15,120,135
2024-08-20 11:00:00,chennai,2,2,34.35,37.04,62.54,11.57,4,45,49
2024-08-20 12:00:00,chennai,2,1,37.24,40.21,67.53,14.98,6,29,35
2024-08-20 13:00:00,chennai,2,1,36.59,39.28,56.51,19.5,5,31,36
2024-08-20 14:00:00,chennai,2,2,37.47,39.46,68.18,15.02,2,21,23
2024-08-20 15:00:00,chennai,2,2,35.83,37.62,70.09,13.91,6,34,40
2024-08-20 16:00:00,chennai,2,1,36.37,36.65,58.77,15.53,27,105,132
2024-08-20 17:00:00,chennai,2,2,33.46,34.71,60.36,10.15,58,196,254
2024-08-20 18:00:00,chennai,2,1,32.73,33.54,69.05,10.66,40,219,259
2024-08-20 19:00:00,chennai,2,2,29.25,28.92,63.48,10.5,19,103,122
2024-08-20 20:00:00,chennai,2,1,32.92,35.48,69.54,10.52,9,40,49
2024-08-20 21:00:00,chennai,2,1,32.31,33.12,80.1,11.51,4,17,21
2024-08-20 22:00:00,chennai,2,1,28.84,31.53,80.69,13.8,4,23,27
2024-08-20 23:00:00,chennai,2,1,28.37,30.75,88.97,10.61,6,27,33
2024-08-21 00:00:00,chennai,2,1,27.13,29.19,81.51,23.68,4,23,27
2024-08-21 01:00:00,chennai,2,1,28.1,30.21,78.61,19.63,5,32,37
2024-08-21 02:00:00,chennai,2,1,28.85,29.73,82.26,27.81,5,37,42
2024-08-21 03:00:00,chennai,2,1,25.54,28.9,80.91,10.22,4,36,40
2024-08-21 04:00:00,chennai,2,1,28.53,30.07,79.98,19.53,4,37,41
2024-08-21 05:00:00,chennai,2,2,28.34,30.14,78.95,18.14,4,33,37
2024-08-21 06:00:00,chennai,2,3,29.64,30.49,72.34,21.62,4,33,37
2024-08-21 07:00:00,chennai,2,1,31.02,31.58,76.0,13.75,22,114,136
2024-08-21 08:00:00,chennai,2,1,31.27,33.25,64.96,17.75,40,190,230
2024-08-21 09:00:00,chennai,2,1,32.41,34.13,65.83,10.26,29,194,223
2024-08-21 10:00:00,chennai,2,2,33.24,33.95,66.41,10.39,14,117,131
2024-08-21 11:00:00,chennai,2,2,35.49,35.55,53.63,10.63,13,36,49
2024-08-21 12:00:00,chennai,2,1,35.47,35.7,67.18,22.31,3,24,27
2024-08-21 13:00:00,chennai,2,2,35.63,38.32,52.07,10.32,3,23,26
2024-08-21 14:00:00,chennai,2,1,33.97,34.86,65.35,10.53,3,36,39
2024-08-21 15:00:00,chennai,2,1,34.91,36.07,55.88,23.33,10,48,58
2024-08-21 16:00:00,chennai,2,1,36.04,38.99,61.32,10.57,28,87,115
2024-08-21 17:00:00,chennai,2,1,34.37,34.75,67.52,20.19,37,223,260
2024-08-21 18:00:00,chennai,2,2,34.29,35.06,77.99,17.79,29,190,219
2024-08-21 19:00:00,chennai,2,2,34.66,35.39,69.99,10.21,17,86,103
2024-08-21 20:00:00,chennai,2,2,32.75,35.86,62.09,10.11,9,44,53
2024-08-21 21:00:00,chennai,2,1,30.58,34.07,79.36,13.82,1,22,23
2024-08-21 22:00:00,chennai,2,1,28.89,31.14,75.84,39.35,4,16,20
2024-08-21 23:00:00,chennai,2,1,25.61,27.89,79.42,20.55,5,17,22
2024-08-22 00:00:00,chennai,2,1,27.83,28.75,83.45,11.86,6,32,38
2024-08-22 01:00:00,chennai,2,1,27.25,30.69,70.53,12.44,6,35,41
2024-08-22 02:00:00,chennai,2,2,27.97,29.74,82.03,12.45,7,32,39
2024-08-22 03:00:00,chennai,2,1,27.45,29.8,79.61,16.62,8,38,46
2024-08-22 04:00:00,chennai,2,2,27.65,29.05,86.77,12.09,7,37,44
2024-08-22 05:00:00,chennai,2,1,26.54,27.77,82.71,10.8,9,37,46
2024-08-22 06:00:00,chennai,2,2,28.37,31.54,68.86,16.87,10,42,52
2024-08-22 07:00:00,chennai,2,2,31.04,33.08,80.9,13.06,11,105,116
2024-08-22 08:00:00,chennai,2,1,33.56,36.51,74.25,10.4,22,220,242
2024-08-22 09:00:00,chennai,2,1,32.42,34.17,61.68,17.8,23,244,267
2024-08-22 10:00:00,chennai,2,2,33.89,34.55,67.28,14.4,8,98,106
2024-08-22 11:00:00,chennai,2,2,35.47,36.39,70.1,13.36,11,46,57
2024-08-22 12:00:00,chennai,2,1,33.99,35.59,57.27,15.59,5,22,27
2024-08-22 13:00:00,chennai,2,1,35.8,36.68,69.23,13.52,4,17,21
2024-08-22 14:00:00,chennai,2,3,34.61,35.0,54.44,15.23,3,11,14
2024-08-22 15:00:00,chennai,2,1,36.4,39.1,58.38,20.11,8,50,58
2024-08-22 16:00:00,chennai,2,2,35.15,36.1,58.63,14.75,16,121,137
2024-08-22 17:00:00,chennai,2,1,34.69,36.32,71.81,15.39,42,224,266
2024-08-22 18:00:00,chennai,2,2,32.56,34.36,64.54,14.76,46,174,220
2024-08-22 19:00:00,chennai,2,2,33.38,34.3,63.6,13.79,14,104,118
2024-08-22 20:00:00,chennai,2,2,34.0,36.95,74.23,10.94,13,40,53
2024-08-22 21:00:00,chennai,2,1,29.26,29.64,77.89,12.04,3,18,21
2024-08-22 22:00:00,chennai,2,1,29.09,30.85,80.34,15.91,3,14,17
2024-08-22 23:00:00,chennai,2,2,28.95,30.7,77.71,12.77,4,23,27
2024-08-23 00:00:00,chennai,2,1,28.98,30.43,81.93,12.61,5,35,40
2024-08-23 01:00:00,chennai,2,1,26.96,27.17,78.41,17.12,8,31,39
2024-08-23 02:00:00,chennai,2,2,24.1,26.47,90.37,10.03,2,35,37
2024-08-23 03:00:00,chennai,2,1,29.27,31.51,87.38,15.68,6,40,46
2024-08-23 04:00:00,chennai,2,1,28.95,29.77,86.08,13.36,8,34,42
2024-08-23 05:00:00,chennai,2,2,26.58,28.79,83.04,12.36,3,42,45
2024-08-23 06:00:00,chennai,2,2,28.77,30.65,79.6,12.08,5,40,45
2024-08-23 07:00:00,chennai,2,1,32.35,32.57,68.37,10.95,16,110,126
2024-08-23 08:00:00,chennai,2,1,33.24,33.88,75.17,12.03,32,204,236
2024-08-23 09:00:00,chennai,2,1,33.66,36.3,69.98,12.48,27,195,222
2024-08-23 10:00:00,chennai,2,1,33.29,35.1,73.32,12.88,15,135,150
2024-08-23 11:00:00,chennai,2,1,34.43,35.36,68.97,15.58,6,34,40
2024-08-23 12:00:00,chennai,2,1,34.81,35.45,66.09,13.02,7,31,38
2024-08-23 13:00:00,chennai,2,2,36.72,37.7,53.92,17.96,4,21,25
2024-08-23 14:00:00,chennai,2,3,34.45,35.5,61.55,15.1,1,6,7
2024-08-23 15:00:00,chennai,2,1,34.4,35.05,59.55,11.05,8,46,54
2024-08-23 16:00:00,chennai,2,2,36.18,35.93,64.6,11.62,33,120,153
2024-08-23 17:00:00,chennai,2,2,34.28,36.92,62.85,10.41,21,217,238
2024-08-23 18:00:00,chennai,2,1,35.15,37.62,65.62,24.57,58,209,267
2024-08-23 19:00:00,chennai,2,1,31.73,31.96,71.71,20.88,28,107,135
2024-08-23 20:00:00,chennai,2,2,31.43,33.07,69.84,10.44,3,46,49
2024-08-23 21:00:00,chennai,2,1,29.36,29.96,75.2,14.27,3,17,20
2024-08-23 22:00:00,chennai,2,2,29.51,30.75,69.4,26.14,4,21,25
2024-08-23 23:00:00,chennai,2,2,26.9,28.05,74.91,16.87,4,22,26
2024-08-24 00:00:00,chennai,2,1,27.45,28.52,83.94,13.38,10,18,28
2024-08-24 01:00:00,chennai,2,2,25.91,29.42,75.51,11.38,11,24,35
2024-08-24 02:00:00,chennai,2,2,28.33,29.39,88.23,11.64,14,21,35
2024-08-24 03:00:00,chennai,2,1,28.5,29.19,86.53,16.66,16,30,46
2024-08-24 04:00:00,chennai,2,1,25.96,26.7,79.32,17.58,13,30,43
2024-08-24 05:00:00,chennai,2,2,30.27,32.82,94.06,13.76,16,29,45
2024-08-24 06:00:00,chennai,2,1,32.5,32.34,83.22,10.64,18,37,55
2024-08-24 07:00:00,chennai,2,1,30.52,31.26,69.84,23.58,36,58,94
2024-08-24 08:00:00,chennai,2,3,30.73,33.68,75.73,19.31,21,53,74
2024-08-24 09:00:00,chennai,2,2,35.92,37.67,69.74,10.76,54,67,121
2024-08-24 10:00:00,chennai,2,1,31.92,33.61,63.12,10.29,31,55,86
2024-08-24 11:00:00,chennai,2,1,34.35,37.98,59.58,13.84,21,52,73
2024-08-24 12:00:00,chennai,2,4,35.18,36.93,68.31,11.67,5,11,16
2024-08-24 13:00:00,chennai,2,1,36.98,37.77,59.35,11.67,41,84,125
2024-08-24 14:00:00,chennai,2,1,35.93,37.15,61.49,10.46,36,81,117
2024-08-24 15:00:00,chennai,2,1,34.77,35.13,57.74,25.33,43,72,115
2024-08-24 16:00:00,chennai,2,1,33.82,36.58,59.6,18.86,63,73,136
2024-08-24 17:00:00,chennai,2,1,33.92,35.99,64.29,10.6,70,88,158
2024-08-24 18:00:00,chennai,2,2,32.29,34.92,68.94,20.46,50,88,138
2024-08-24 19:00:00,chennai,2,1,32.59,35.31,56.47,15.74,27,59,86
2024-08-24 20:00:00,chennai,2,2,30.82,31.91,72.08,11.97,13,23,36
2024-08-24 21:00:00,chennai,2,2,28.67,29.23,70.86,20.25,7,10,17
2024-08-24 22:00:00,chennai,2,1,31.01,32.45,84.01,14.56,12,20,32
2024-08-24 23:00:00,chennai,2,3,28.07,28.7,93.78,19.44,4,7,11
2024-08-25 00:00:00,chennai,2,2,26.51,28.18,78.86,13.17,10,18,28
2024-08-25 01:00:00,chennai,2,1,27.43,30.07,73.05,13.47,14,25,39
2024-08-25 02:00:00,chennai,2,3,27.58,28.91,82.58,11.72,4,10,14
2024-08-25 03:00:00,chennai,2,1,25.54,27.19,80.63,12.45,15,30,45
2024-08-25 04:00:00,chennai,2,2,28.43,29.84,90.52,14.19,23,29,52
2024-08-25 05:00:00,chennai,2,4,27.41,29.72,87.4,24.69,1,2,3
2024-08-25 06:00:00,chennai,2,1,31.55,32.39,81.33,14.58,24,34,58
2024-08-25 07:00:00,chennai,2,2,31.09,30.4,71.65,10.8,44,53,97
2024-08-25 08:00:00,chennai,2,2,31.02,32.99,75.39,10.04,30,72,102
2024-08-25 09:00:00,chennai,2,1,31.64,34.13,70.74,19.52,70,76,146
2024-08-25 10:00:00,chennai,2,1,33.37,35.32,68.21,12.27,39,59,98
2024-08-25 11:00:00,chennai,2,2,35.06,35.92,57.14,11.89,33,48,81
2024-08-25 12:00:00,chennai,2,2,34.93,35.3,68.65,18.07,28,60,88
2024-08-25 13:00:00,chennai,2,1,35.1,37.1,62.88,24.54,41,66,107
2024-08-25 14:00:00,chennai,2,1,35.57,37.21,61.5,16.89,38,85,123
2024-08-25 15:00:00,chennai,2,1,34.64,36.01,59.34,10.95,42,76,118
2024-08-25 16:00:00,chennai,2,1,34.55,37.87,59.37,12.48,45,79,124
2024-08-25 17:00:00,chennai,2,2,31.83,32.38,66.52,17.12,44,87,131
2024-08-25 18:00:00,chennai,2,1,34.67,37.94,58.25,21.87,65,94,159
2024-08-25 19:00:00,chennai,2,1,32.89,34.43,73.36,42.86,24,49,73
2024-08-25 20:00:00,chennai,2,1,30.57,30.24,66.73,13.58,11,32,43
2024-08-25 21:00:00,chennai,2,2,32.74,34.06,64.29,18.64,9,17,26
2024-08-25 22:00:00,chennai,2,2,29.6,32.06,86.11,10.24,8,11,19
2024-08-25 23:00:00,chennai,2,1,27.43,28.56,74.78,11.68,9,10,19
2024-08-26 00:00:00,chennai,2,1,29.06,29.09,77.05,12.32,9,32,41
2024-08-26 01:00:00,chennai,2,1,28.11,29.45,87.33,28.55,7,27,34
2024-08-26 02:00:00,chennai,2,1,27.97,28.62,91.27,10.02,6,39,45
2024-08-26 03:00:00,chennai,2,1,27.13,29.12,73.99,11.84,11,32,43
2024-08-26 04:00:00,chennai,2,1,28.58,30.85,75.88,23.33,8,38,46
2024-08-26 05:00:00,chennai,2,1,28.36,28.8,74.66,11.83,10,42,52
2024-08-26 06:00:00,chennai,2,3,30.17,30.96,81.67,11.27,5,25,30
2024-08-26 07:00:00,chennai,2,2,28.18,30.44,82.78,16.55,10,97,107
2024-08-26 08:00:00,chennai,2,2,30.98,31.62,66.6,16.84,40,195,235
2024-08-26 09:00:00,chennai,2,1,34.6,35.02,76.49,13.19,19,233,252
2024-08-26 10:00:00,chennai,2,1,32.58,32.9,63.45,24.68,23,96,119
2024-08-26 11:00:00,chennai,2,1,33.6,35.46,66.61,11.13,10,47,57
2024-08-26 12:00:00,chennai,2,1,34.43,36.24,56.98,22.23,4,31,35
2024-08-26 13:00:00,chennai,2,1,33.91,34.72,61.73,17.04,6,22,28
2024-08-26 14:00:00,chennai,2,1,32.85,34.36,61.44,12.3,3,21,24
2024-08-26 15:00:00,chennai,2,2,35.09,38.11,60.76,18.22,6,38,44
2024-08-26 16:00:00,chennai,2,1,35.13,35.65,65.26,10.71,27,123,150
2024-08-26 17:00:00,chennai,2,1,34.27,33.81,59.89,10.7,36,205,241
2024-08-26 18:00:00,chennai,2,1,33.33,35.28,62.58,23.29,41,211,252
2024-08-26 19:00:00,chennai,2,2,32.59,33.98,71.6,10.5,25,98,123
2024-08-26 20:00:00,chennai,2,2,32.73,33.52,78.71,10.02,6,43,49
2024-08-26 21:00:00,chennai,2,1,30.24,32.39,74.47,12.46,2,20,22
2024-08-26 22:00:00,chennai,2,1,28.81,31.15,79.52,10.55,3,19,22
2024-08-26 23:00:00,chennai,2,1,28.33,27.63,82.86,19.94,5,28,33
2024-08-27 00:00:00,chennai,2,1,28.73,29.58,84.81,22.8,5,22,27
2024-08-27 01:00:00,chennai,2,1,29.33,33.15,76.89,13.29,8,25,33
2024-08-27 02:00:00,chennai,2,1,26.75,28.83,78.11,12.77,6,35,41
2024-08-27 03:00:00,chennai,2,2,27.76,29.93,78.21,13.87,6,36,42
2024-08-27 04:00:00,chennai,2,1,28.44,31.11,90.3,11.28,6,44,50
2024-08-27 05:00:00,chennai,2,2,27.48,29.0,81.61,11.77,6,50,56
2024-08-27 06:00:00,chennai,2,1,29.52,31.82,79.32,10.53,11,49,60
2024-08-27 07:00:00,chennai,2,2,28.71,30.92,76.42,12.96,21,118,139
2024-08-27 08:00:00,chennai,2,1,29.38,31.42,65.4,14.73,53,196,249
2024-08-27 09:00:00,chennai,2,3,32.98,34.15,79.1,23.31,27,102,129
2024-08-27 10:00:00,chennai,2,2,33.04,34.71,69.4,16.72,21,87,108
2024-08-27 11:00:00,chennai,2,1,34.57,35.48,68.54,16.42,4,44,48
2024-08-27 12:00:00,chennai,2,1,34.94,36.46,54.51,11.84,7,33,40
2024-08-27 13:00:00,chennai,2,1,34.19,34.52,66.24,20.96,3,27,30
2024-08-27 14:00:00,chennai,2,4,35.45,36.16,60.22,24.68,0,6,6
2024-08-27 15:00:00,chennai,2,1,33.88,35.1,55.73,23.46,10,50,60
2024-08-27 16:00:00,chennai,2,2,36.63,37.19,58.57,10.2,25,91,116
2024-08-27 17:00:00,chennai,2,1,32.7,33.7,58.6,14.64,53,231,284
2024-08-27 18:00:00,chennai,2,2,33.27,34.6,60.59,15.15,25,214,239
2024-08-27 19:00:00,chennai,2,1,31.28,33.19,69.71,11.75,41,100,141
2024-08-27 20:00:00,chennai,2,1,32.18,34.63,70.07,34.41,9,36,45
2024-08-27 21:00:00,chennai,2,1,30.07,31.1,76.26,11.72,2,17,19
2024-08-27 22:00:00,chennai,2,2,28.88,31.71,85.38,11.22,1,23,24
2024-08-27 23:00:00,chennai,2,2,29.7,32.13,78.42,13.31,4,25,29
2024-08-28 00:00:00,chennai,2,1,28.07,30.08,69.44,11.95,2,37,39
2024-08-28 01:00:00,chennai,2,2,28.26,29.91,80.45,22.89,2,22,24
2024-08-28 02:00:00,chennai,2,1,26.32,28.14,87.97,12.9,3,45,48
2024-08-28 03:00:00,chennai,2,2,25.95,28.64,81.23,12.64,5,40,45
2024-08-28 04:00:00,chennai,2,1,28.16,30.89,88.31,14.92,8,53,61
2024-08-28 05:00:00,chennai,2,1,28.29,31.12,81.34,10.42,4,29,33
2024-08-28 06:00:00,chennai,2,1,30.25,31.79,67.81,17.07,17,46,63
2024-08-28 07:00:00,chennai,2,2,30.37,32.42,75.14,17.31,17,102,119
2024-08-28 08:00:00,chennai,2,1,31.75,34.59,73.49,13.21,53,191,244
2024-08-28 09:00:00,chennai,2,1,30.59,31.46,74.81,25.58,45,207,252
2024-08-28 10:00:00,chennai,2,4,35.77,36.95,76.1,14.33,3,20,23
2024-08-28 11:00:00,chennai,2,1,34.13,35.65,69.47,15.94,8,54,62
2024-08-28 12:00:00,chennai,2,1,35.8,38.2,65.54,22.91,7,25,32
2024-08-28 13:00:00,chennai,2,2,34.36,36.78,65.72,15.49,3,30,33
2024-08-28 14:00:00,chennai,2,2,35.87,37.14,61.16,12.83,2,17,19
2024-08-28 15:00:00,chennai,2,2,33.8,33.79,55.03,10.13,6,43,49
2024-08-28 16:00:00,chennai,2,1,35.51,37.25,63.55,16.52,21,115,136
2024-08-28 17:00:00,chennai,2,1,33.9,34.48,66.76,26.74,24,205,229
2024-08-28 18:00:00,chennai,2,2,33.54,33.55,60.98,13.18,44,181,225
2024-08-28 19:00:00,chennai,2,1,33.37,33.61,76.04,12.08,34,134,168
2024-08-28 20:00:00,chennai,2,1,30.02,31.85,77.03,13.66,6,49,55
2024-08-28 21:00:00,chennai,2,3,29.64,32.5,67.73,16.52,3,12,15
2024-08-28 22:00:00,chennai,2,3,30.05,31.59,83.83,10.0,2,15,17
2024-08-28 23:00:00,chennai,2,1,31.19,32.9,77.53,20.91,4,24,28
2024-08-29 00:00:00,chennai,2,2,27.87,30.55,76.77,20.87,5,17,22
2024-08-29 01:00:00,chennai,2,1,28.35,28.3,87.06,13.9,4,25,29
2024-08-29 02:00:00,chennai,2,2,27.37,29.39,81.74,10.65,6,34,40
2024-08-29 03:00:00,chennai,2,3,29.97,31.46,91.16,15.57,8,24,32
2024-08-29 04:00:00,chennai,2,1,25.94,28.01,76.4,10.74,7,32,39
2024-08-29 05:00:00,chennai,2,1,28.79,29.8,70.41,13.54,6,49,55
2024-08-29 06:00:00,chennai,2,2,27.55,28.23,75.6,10.49,7,58,65
2024-08-29 07:00:00,chennai,2,1,27.46,29.1,78.53,14.45,40,113,153
2024-08-29 08:00:00,chennai,2,1,31.86,35.01,67.36,11.91,28,216,244
2024-08-29 09:00:00,chennai,2,2,32.7,35.06,62.76,18.89,20,157,177
2024-08-29 10:00:00,chennai,2,1,33.16,34.15,68.14,18.05,17,98,115
2024-08-29 11:00:00,chennai,2,2,34.2,34.36,57.61,42.43,10,43,53
2024-08-29 12:00:00,chennai,2,2,38.68,38.5,64.87,11.49,3,34,37
2024-08-29 13:00:00,chennai,2,1,35.05,37.87,60.64,10.32,4,27,31
2024-08-29 14:00:00,chennai,2,4,36.11,36.66,64.47,12.93,1,7,8
2024-08-29 15:00:00,chennai,2,1,34.58,35.76,55.42,10.44,6,36,42
2024-08-29 16:00:00,chennai,2,1,35.32,38.14,69.83,10.98,27,115,142
2024-08-29 17:00:00,chennai,2,1,34.04,33.93,64.01,14.55,34,212,246
2024-08-29 18:00:00,chennai,2,1,33.01,36.0,70.82,14.48,59,178,237
2024-08-29 19:00:00,chennai,2,3,34.72,35.96,74.21,10.22,8,62,70
2024-08-29 20:00:00,chennai,2,1,32.91,33.26,66.21,12.93,7,36,43
2024-08-29 21:00:00,chennai,2,1,30.63,31.88,79.0,13.78,5,19,24
2024-08-29 22:00:00,chennai,2,1,26.73,27.51,69.87,11.56,4,17,21
2024-08-29 23:00:00,chennai,2,2,28.24,30.18,72.22,20.28,8,20,28
2024-08-30 00:00:00,chennai,2,4,31.28,32.13,90.48,10.88,0,3,3
2024-08-30 01:00:00,chennai,2,2,27.36,26.95,87.22,11.46,3,26,29
2024-08-30 02:00:00,chennai,2,3,28.82,30.1,92.37,10.85,3,15,18
2024-08-30 03:00:00,chennai,2,2,29.37,29.51,79.81,10.62,5,44,49
2024-08-30 04:00:00,chennai,2,1,28.3,30.0,81.17,20.56,8,46,54
2024-08-30 05:00:00,chennai,2,1,27.66,27.97,81.71,11.63,13,49,62
2024-08-30 06:00:00,chennai,2,1,26.58,27.59,76.94,16.41,11,46,57
2024-08-30 07:00:00,chennai,2,2,31.29,32.97,70.86,12.79,19,109,128
2024-08-30 08:00:00,chennai,2,1,30.52,31.81,67.52,15.05,28,214,242
2024-08-30 09:00:00,chennai,2,1,32.75,34.5,70.48,23.17,45,223,268
2024-08-30 10:00:00,chennai,2,1,32.0,34.18,61.67,19.31,23,109,132
2024-08-30 11:00:00,chennai,2,1,34.01,34.35,59.45,10.36,5,50,55
2024-08-30 12:00:00,chennai,2,1,35.0,36.44,65.31,19.33,4,33,37
2024-08-30 13:00:00,chennai,2,1,35.69,33.86,61.86,13.01,3,21,24
2024-08-30 14:00:00,chennai,2,2,34.16,35.91,66.69,12.16,2,27,29
2024-08-30 15:00:00,chennai,2,1,36.8,38.0,60.22,15.58,4,58,62
2024-08-30 16:00:00,chennai,2,1,34.25,34.76,60.43,25.0,15,135,150
2024-08-30 17:00:00,chennai,2,1,32.32,34.13,67.05,10.49,42,206,248
2024-08-30 18:00:00,chennai,2,1,33.37,36.04,62.94,17.31,36,198,234
2024-08-30 19:00:00,chennai,2,1,32.58,33.6,66.12,11.14,17,119,136
2024-08-30 20:00:00,chennai,2,2,31.69,32.25,68.91,12.39,5,40,45
2024-08-30 21:00:00,chennai,2,1,32.1,33.76,73.54,20.35,4,21,25
2024-08-30 22:00:00,chennai,2,1,29.22,29.38,85.86,13.95,3,18,21
2024-08-30 23:00:00,chennai,2,3,28.53,29.37,72.19,10.35,4,17,21
2024-08-31 00:00:00,chennai,2,2,26.71,29.43,87.14,13.55,7,23,30
2024-08-31 01:00:00,chennai,2,3,28.62,30.18,85.35,17.79,7,21,28
2024-08-31 02:00:00,chennai,2,2,27.72,27.34,89.83,13.76,13,20,33
2024-08-31 03:00:00,chennai,2,1,27.13,26.84,97.34,10.91,15,25,40
2024-08-31 04:00:00,chennai,2,1,25.75,27.41,87.82,12.94,19,30,49
2024-08-31 05:00:00,chennai,2,2,30.4,32.77,83.7,22.91,10,23,33
2024-08-31 06:00:00,chennai,2,1,28.03,27.91,70.44,15.37,18,35,53
2024-08-31 07:00:00,chennai,2,1,29.76,31.7,68.66,16.54,27,68,95
2024-08-31 08:00:00,chennai,2,1,31.93,34.76,73.8,17.71,27,90,117
2024-08-31 09:00:00,chennai,2,1,31.1,34.49,60.92,10.48,45,81,126
2024-08-31 10:00:00,chennai,2,1,31.71,33.54,70.08,14.36,38,52,90
2024-08-31 11:00:00,chennai,2,1,31.78,33.79,54.25,12.36,28,55,83
2024-08-31 12:00:00,chennai,2,1,35.83,35.2,69.1,10.75,22,47,69
2024-08-31 13:00:00,chennai,2,1,34.71,38.31,60.73,11.13,36,87,123
2024-08-31 14:00:00,chennai,2,1,39.01,39.94,62.63,17.6,42,62,104
2024-08-31 15:00:00,chennai,2,1,34.17,34.74,58.6,10.88,39,72,111
2024-08-31 16:00:00,chennai,2,2,33.86,35.1,53.85,11.87,42,76,118
2024-08-31 17:00:00,chennai,2,2,33.65,36.66,71.1,11.68,43,110,153
2024-08-31 18:00:00,chennai,2,1,33.79,37.5,73.68,10.25,47,108,155
2024-08-31 19:00:00,chennai,2,1,31.97,33.6,67.65,13.1,27,43,70
2024-08-31 20:00:00,chennai,2,1,32.23,34.73,75.31,17.26,12,24,36
2024-08-31 21:00:00,chennai,2,3,29.29,30.83,72.63,10.11,6,12,18
2024-08-31 22:00:00,chennai,2,1,27.84,28.3,78.44,10.6,11,13,24
2024-08-31 23:00:00,chennai,2,3,26.51,29.49,82.87,16.37,5,10,15
2024-09-01 00:00:00,chennai,3,1,22.87,23.75,83.44,14.5,9,17,26
2024-09-01 01:00:00,chennai,3,1,24.51,27.55,88.36,16.28,13,26,39
2024-09-01 02:00:00,chennai,3,1,24.64,27.44,84.59,11.31,11,23,34
2024-09-01 03:00:00,chennai,3,1,24.38,26.49,81.8,18.14,18,33,51
2024-09-01 04:00:00,chennai,3,1,27.03,30.36,76.85,13.27,23,29,52
2024-09-01 05:00:00,chennai,3,2,27.65,31.38,76.68,14.71,14,23,37
2024-09-01 06:00:00,chennai,3,2,26.6,27.92,81.05,10.48,14,37,51
2024-09-01 07:00:00,chennai,3,1,25.81,26.5,67.08,11.15,32,64,96
2024-09-01 08:00:00,chennai,3,2,28.32,27.96,77.53,17.42,42,77,119
2024-09-01 09:00:00,chennai,3,2,29.32,33.06,68.01,11.27,35,94,129
2024-09-01 10:00:00,chennai,3,1,30.21,31.27,62.91,10.49,36,74,110
2024-09-01 11:00:00,chennai,3,1,30.99,33.63,59.44,14.55,27,64,91
2024-09-01 12:00:00,chennai,3,1,31.68,32.44,66.71,13.97,34,70,104
2024-09-01 13:00:00,chennai,3,1,32.4,35.44,62.27,14.68,36,67,103
2024-09-01 14:00:00,chennai,3,1,32.24,33.04,69.94,14.82,44,70,114
2024-09-01 15:00:00,chennai,3,2,33.11,33.42,56.03,13.47,35,85,120
2024-09-01 16:00:00,chennai,3,1,32.9,34.19,60.45,13.4,46,86,132
2024-09-01 17:00:00,chennai,3,1,30.74,31.7,64.47,22.9,58,117,175
2024-09-01 18:00:00,chennai,3,2,32.53,34.62,63.24,13.82,48,94,142
2024-09-01 19:00:00,chennai,3,2,28.86,30.31,69.44,14.8,22,50,72
2024-09-01 20:00:00,chennai,3,2,27.06,29.19,73.6,11.55,12,22,34
2024-09-01 21:00:00,chennai,3,2,28.42,29.63,77.01,20.24,9,14,23
2024-09-01 22:00:00,chennai,3,1,26.02,26.85,84.53,10.12,7,17,24
2024-09-01 23:00:00,chennai,3,1,26.56,27.47,72.55,14.07,11,14,25
2024-09-02 00:00:00,chennai,3,1,22.65,26.2,82.35,12.42,6,22,28
2024-09-02 01:00:00,chennai,3,1,26.81,28.53,78.42,14.63,2,30,32
2024-09-02 02:00:00,chennai,3,1,25.81,25.32,84.15,12.23,10,35,45
2024-09-02 03:00:00,chennai,3,1,23.34,24.32,83.82,16.32,12,40,52
2024-09-02 04:00:00,chennai,3,1,23.76,25.36,75.73,10.1,6,40,46
2024-09-02 05:00:00,chennai,3,1,28.18,31.52,74.57,12.6,8,44,52
2024-09-02 06:00:00,chennai,3,1,26.12,28.64,79.56,18.9,11,63,74
2024-09-02 07:00:00,chennai,3,2,26.96,27.54,74.71,11.44,11,129,140
2024-09-02 08:00:00,chennai,3,1,26.28,30.2,70.9,10.27,46,180,226
2024-09-02 09:00:00,chennai,3,1,29.61,31.08,72.7,13.43,12,210,222
2024-09-02 10:00:00,chennai,3,1,30.73,33.47,70.66,28.76,21,108,129
2024-09-02 11:00:00,chennai,3,1,32.69,33.03,62.28,10.33,11,36,47
2024-09-02 12:00:00,chennai,3,2,30.79,29.89,59.08,10.36,2,31,33
2024-09-02 13:00:00,chennai,3,1,31.04,31.13,56.03,14.52,5,34,39
2024-09-02 14:00:00,chennai,3,1,33.54,31.79,62.17,11.44,5,20,25
2024-09-02 15:00:00,chennai,3,1,34.07,37.68,55.22,12.64,7,37,44
2024-09-02 16:00:00,chennai,3,1,30.58,32.29,63.84,18.87,29,123,152
2024-09-02 17:00:00,chennai,3,1,33.13,33.7,71.01,11.11,30,227,257
2024-09-02 18:00:00,chennai,3,2,31.05,33.0,65.23,16.35,26,224,250
2024-09-02 19:00:00,chennai,3,1,31.35,33.03,66.73,13.51,17,106,123
2024-09-02 20:00:00,chennai,3,1,28.92,31.04,81.99,21.77,9,46,55
2024-09-02 21:00:00,chennai,3,1,24.94,27.65,82.14,28.05,6,29,35
2024-09-02 22:00:00,chennai,3,1,26.82,28.03,73.18,13.32,4,20,24
2024-09-02 23:00:00,chennai,3,1,27.44,28.06,79.77,14.39,5,21,26
2024-09-03 00:00:00,chennai,3,1,24.46,26.79,82.3,16.85,6,31,37
2024-09-03 01:00:00,chennai,3,1,24.67,26.97,82.68,11.92,2,23,25
2024-09-03 02:00:00,chennai,3,1,24.79,26.39,91.07,11.29,4,49,53
2024-09-03 03:00:00,chennai,3,2,21.66,25.33,82.1,26.72,7,28,35
2024-09-03 04:00:00,chennai,3,2,27.54,28.6,81.85,12.83,9,35,44
2024-09-03 05:00:00,chennai,3,1,25.09,25.69,82.51,10.01,14,41,55
2024-09-03 06:00:00,chennai,3,1,27.61,29.52,82.95,19.09,20,52,72
2024-09-03 07:00:00,chennai,3,1,27.86,28.69,79.27,14.58,24,96,120
2024-09-03 08:00:00,chennai,3,1,30.51,32.5,74.69,10.92,38,190,228
2024-09-03 09:00:00,chennai,3,1,30.52,31.19,61.62,10.15,32,214,246
2024-09-03 10:00:00,chennai,3,1,30.72,31.82,64.56,11.72,14,120,134
2024-09-03 11:00:00,chennai,3,1,30.76,34.15,69.03,23.15,10,56,66
2024-09-03 12:00:00,chennai,3,1,33.42,34.52,64.59,23.55,4,23,27
2024-09-03 13:00:00,chennai,3,3,30.62,31.32,66.47,11.86,4,12,16
2024-09-03 14:00:00,chennai,3,1,33.78,36.45,71.44,19.04,4,19,23
2024-09-03 15:00:00,chennai,3,3,31.54,31.99,56.46,12.92,4,23,27
2024-09-03 16:00:00,chennai,3,1,33.97,34.77,69.03,15.31,14,116,130
2024-09-03 17:00:00,chennai,3,1,32.02,34.1,63.28,12.04,45,212,257
2024-09-03 18:00:00,chennai,3,1,31.77,34.21,71.68,13.63,38,204,242
2024-09-03 19:00:00,chennai,3,2,30.13,32.85,69.21,11.74,19,131,150
2024-09-03 20:00:00,chennai,3,1,26.9,27.65,82.64,10.32,7,56,63
2024-09-03 21:00:00,chennai,3,2,26.93,29.03,75.24,10.75,4,17,21
2024-09-03 22:00:00,chennai,3,1,27.81,28.84,73.8,11.72,4,23,27
2024-09-03 23:00:00,chennai,3,1,26.37,27.27,81.17,28.7,4,27,31
2024-09-04 00:00:00,chennai,3,2,26.95,29.66,82.28,26.86,3,24,27
2024-09-04 01:00:00,chennai,3,2,25.62,26.57,87.35,18.79,7,17,24
2024-09-04 02:00:00,chennai,3,2,23.84,25.62,84.24,11.32,8,40,48
2024-09-04 03:00:00,chennai,3,2,24.18,25.84,94.03,12.91,4,37,41
2024-09-04 04:00:00,chennai,3,1,25.66,26.09,80.1,12.9,2,46,48
2024-09-04 05:00:00,chennai,3,1,23.39,25.86,78.57,12.45,4,48,52
2024-09-04 06:00:00,chennai,3,1,29.01,31.07,73.98,10.23,8,48,56
2024-09-04 07:00:00,chennai,3,1,28.49,28.01,75.02,13.82,35,115,150
2024-09-04 08:00:00,chennai,3,1,30.47,32.25,73.16,10.38,55,152,207
2024-09-04 09:00:00,chennai,3,1,28.14,28.87,70.82,18.1,31,197,228
2024-09-04 10:00:00,chennai,3,1,32.49,35.09,67.34,15.88,21,106,127
2024-09-04 11:00:00,chennai,3,1,34.51,34.56,61.88,12.18,7,42,49
2024-09-04 12:00:00,chennai,3,1,30.88,32.02,58.93,15.21,6,29,35
2024-09-04 13:00:00,chennai,3,1,33.79,35.65,60.46,11.33,5,32,37
2024-09-04 14:00:00,chennai,3,2,33.0,34.56,67.71,11.54,3,25,28
2024-09-04 15:00:00,chennai,3,2,31.01,33.27,69.12,11.89,6,49,55
2024-09-04 16:00:00,chennai,3,1,33.06,33.04,62.95,17.97,28,123,151
2024-09-04 17:00:00,chennai,3,4,32.83,35.98,60.22,11.18,11,41,52
2024-09-04 18:00:00,chennai,3,1,30.28,32.3,66.59,14.14,31,210,241
2024-09-04 19:00:00,chennai,3,1,31.43,34.29,79.87,11.12,24,104,128
2024-09-04 20:00:00,chennai,3,1,27.0,29.37,76.99,11.68,7,39,46
2024-09-04 21:00:00,chennai,3,2,26.17,27.66,77.34,11.34,3,19,22
2024-09-04 22:00:00,chennai,3,1,27.16,27.38,81.81,15.18,4,17,21
2024-09-04 23:00:00,chennai,3,1,26.2,27.14,86.77,13.74,5,19,24
2024-09-05 00:00:00,chennai,3,1,24.68,27.77,74.9,16.39,4,31,35
2024-09-05 01:00:00,chennai,3,2,26.11,28.99,79.7,11.24,4,23,27
2024-09-05 02:00:00,chennai,3,1,25.64,26.52,79.36,10.05,10,35,45
2024-09-05 03:00:00,chennai,3,1,26.17,24.85,84.59,15.71,7,38,45
2024-09-05 04:00:00,chennai,3,2,25.39,26.68,81.46,10.61,5,38,43
2024-09-05 05:00:00,chennai,3,1,26.89,28.11,82.85,11.41,9,49,58
2024-09-05 06:00:00,chennai,3,1,26.47,27.72,74.47,11.82,10,58,68
2024-09-05 07:00:00,chennai,3,1,30.43,32.46,81.45,16.87,24,93,117
2024-09-05 08:00:00,chennai,3,1,28.02,30.4,71.65,14.92,33,189,222
2024-09-05 09:00:00,chennai,3,1,32.56,35.05,72.88,11.02,40,226,266
2024-09-05 10:00:00,chennai,3,1,31.04,32.99,72.98,14.56,15,90,105
2024-09-05 11:00:00,chennai,3,2,30.18,29.88,70.5,16.16,8,45,53
2024-09-05 12:00:00,chennai,3,2,34.11,35.26,65.14,12.46,9,29,38
2024-09-05 13:00:00,chennai,3,1,33.01,36.82,66.44,11.41,7,31,38
2024-09-05 14:00:00,chennai,3,2,34.02,35.9,70.71,15.68,2,14,16
2024-09-05 15:00:00,chennai,3,1,34.33,36.2,64.91,14.72,6,29,35
2024-09-05 16:00:00,chennai,3,2,32.87,34.73,59.69,10.41,20,100,120
2024-09-05 17:00:00,chennai,3,2,31.12,33.03,67.84,15.49,38,186,224
2024-09-05 18:00:00,chennai,3,1,32.17,31.29,66.81,13.35,20,238,258
2024-09-05 19:00:00,chennai,3,1,30.04,31.3,57.67,17.0,22,118,140
2024-09-05 20:00:00,chennai,3,1,29.82,31.29,74.31,11.06,6,41,47
2024-09-05 21:00:00,chennai,3,1,25.38,28.16,75.17,11.49,2,19,21
2024-09-05 22:00:00,chennai,3,2,27.54,29.08,82.78,13.92,4,15,19
2024-09-05 23:00:00,chennai,3,1,25.41,25.26,75.32,13.29,3,18,21
2024-09-06 00:00:00,chennai,3,3,27.52,29.45,73.13,12.44,2,16,18
2024-09-06 01:00:00,chennai,3,2,25.88,26.58,82.5,16.85,6,25,31
2024-09-06 02:00:00,chennai,3,2,25.29,25.57,83.9,14.16,10,40,50
2024-09-06 03:00:00,chennai,3,3,25.72,26.39,82.13,16.19,4,24,28
2024-09-06 04:00:00,chennai,3,1,24.34,26.38,80.76,10.83,7,37,44
2024-09-06 05:00:00,chennai,3,1,28.12,30.88,73.73,16.53,5,42,47
2024-09-06 06:00:00,chennai,3,1,29.39,31.37,76.31,13.1,7,57,64
2024-09-06 07:00:00,chennai,3,2,28.44,30.57,72.85,10.17,28,102,130
2024-09-06 08:00:00,chennai,3,1,30.91,32.88,77.36,11.34,34,188,222
2024-09-06 09:00:00,chennai,3,1,29.35,30.95,71.31,10.13,41,166,207
2024-09-06 10:00:00,chennai,3,2,30.04,32.24,65.61,13.05,16,99,115
2024-09-06 11:00:00,chennai,3,1,31.88,30.96,73.55,11.97,10,50,60
2024-09-06 12:00:00,chennai,3,1,32.99,34.6,62.0,31.89,2,37,39
2024-09-06 13:00:00,chennai,3,2,32.39,32.85,65.13,20.14,5,22,27
2024-09-06 14:00:00,chennai,3,1,33.65,36.31,61.17,18.73,5,26,31
2024-09-06 15:00:00,chennai,3,2,33.23,34.58,70.5,13.48,6,41,47
2024-09-06 16:00:00,chennai,3,1,31.27,32.8,63.77,18.23,27,121,148
2024-09-06 17:00:00,chennai,3,1,32.45,32.45,65.51,11.55,50,200,250
2024-09-06 18:00:00,chennai,3,1,32.04,34.55,66.3,14.11,31,209,240
2024-09-06 19:00:00,chennai,3,1,30.24,32.37,70.39,12.5,13,127,140
2024-09-06 20:00:00,chennai,3,2,30.38,32.44,78.0,10.94,9,29,38
2024-09-06 21:00:00,chennai,3,2,26.5,27.19,78.82,10.38,3,20,23
2024-09-06 22:00:00,chennai,3,2,27.56,28.29,77.14,14.08,1,19,20
2024-09-06 23:00:00,chennai,3,1,24.77,26.49,87.58,10.51,3,22,25
2024-09-07 00:00:00,chennai,3,1,24.2,25.0,85.03,16.33,11,18,29
2024-09-07 01:00:00,chennai,3,1,24.38,26.31,79.47,22.72,11,22,33
2024-09-07 02:00:00,chennai,3,1,23.87,23.21,75.1,10.88,17,32,49
2024-09-07 03:00:00,chennai,3,1,24.48,25.49,79.58,13.18,15,30,45
2024-09-07 04:00:00,chennai,3,1,25.28,28.58,82.73,16.71,17,36,53
2024-09-07 05:00:00,chennai,3,1,27.18,29.12,82.06,11.69,16,40,56
2024-09-07 06:00:00,chennai,3,1,26.61,28.28,83.8,22.68,19,48,67
2024-09-07 07:00:00,chennai,3,2,26.06,29.55,69.12,20.97,27,45,72
2024-09-07 08:00:00,chennai,3,2,30.37,29.53,69.8,10.55,58,82,140
2024-09-07 09:00:00,chennai,3,1,29.03,29.72,63.52,10.14,43,85,128
2024-09-07 10:00:00,chennai,3,1,30.93,32.03,60.31,28.74,36,51,87
2024-09-07 11:00:00,chennai,3,1,32.36,34.72,61.79,25.67,35,51,86
2024-09-07 12:00:00,chennai,3,1,32.7,35.08,65.17,12.74,29,56,85
2024-09-07 13:00:00,chennai,3,1,34.18,34.81,66.2,10.26,42,68,110
2024-09-07 14:00:00,chennai,3,1,33.57,36.07,57.26,14.82,45,75,120
2024-09-07 15:00:00,chennai,3,2,31.83,32.93,58.29,11.74,32,68,100
2024-09-07 16:00:00,chennai,3,2,35.08,37.79,54.44,23.8,25,78,103
2024-09-07 17:00:00,chennai,3,1,32.06,32.53,66.0,17.92,54,98,152
2024-09-07 18:00:00,chennai,3,1,30.82,32.2,63.34,15.24,60,97,157
2024-09-07 19:00:00,chennai,3,1,31.19,32.2,77.73,11.67,22,46,68
2024-09-07 20:00:00,chennai,3,2,29.3,31.86,74.05,16.04,14,16,30
2024-09-07 21:00:00,chennai,3,2,28.44,29.42,73.73,11.71,9,13,22
2024-09-07 22:00:00,chennai,3,1,29.99,31.45,73.79,10.19,9,24,33
2024-09-07 23:00:00,chennai,3,2,25.84,27.85,71.6,13.55,8,16,24
2024-09-08 00:00:00,chennai,3,1,25.15,27.2,73.82,13.35,12,28,40
2024-09-08 01:00:00,chennai,3,1,25.28,27.66,78.55,17.2,14,28,42
2024-09-08 02:00:00,chennai,3,2,26.29,28.0,78.51,20.04,16,25,41
2024-09-08 03:00:00,chennai,3,1,23.33,24.41,76.66,12.19,16,31,47
2024-09-08 04:00:00,chennai,3,3,23.18,24.33,82.55,12.98,7,14,21
2024-09-08 05:00:00,chennai,3,1,25.47,26.99,81.64,13.18,18,32,50
2024-09-08 06:00:00,chennai,3,1,25.04,26.79,74.71,11.96,25,39,64
2024-09-08 07:00:00,chennai,3,2,27.45,28.81,84.26,16.8,33,52,85
2024-09-08 08:00:00,chennai,3,2,29.6,31.12,63.27,13.69,47,76,123
2024-09-08 09:00:00,chennai,3,2,28.97,28.95,69.7,22.26,52,73,125
2024-09-08 10:00:00,chennai,3,1,29.29,31.46,65.91,15.25,30,56,86
2024-09-08 11:00:00,chennai,3,2,31.91,33.59,62.18,11.19,22,45,67
2024-09-08 12:00:00,chennai,3,1,33.5,36.0,59.85,10.9,36,69,105
2024-09-08 13:00:00,chennai,3,1,30.83,32.33,62.31,12.33,39,88,127
2024-09-08 14:00:00,chennai,3,1,33.98,33.75,60.87,12.13,36,80,116
2024-09-08 15:00:00,chennai,3,1,33.84,34.99,60.38,12.61,42,66,108
2024-09-08 16:00:00,chennai,3,1,33.61,34.91,56.85,11.01,47,73,120
2024-09-08 17:00:00,chennai,3,1,33.29,35.53,56.84,29.13,35,128,163
2024-09-08 18:00:00,chennai,3,1,33.64,33.07,65.56,10.79,62,94,156
2024-09-08 19:00:00,chennai,3,1,29.61,31.15,67.4,15.29,31,64,95
2024-09-08 20:00:00,chennai,3,1,29.13,31.15,71.01,10.07,12,27,39
2024-09-08 21:00:00,chennai,3,1,27.46,28.3,74.05,12.61,9,19,28
2024-09-08 22:00:00,chennai,3,1,27.0,28.58,74.39,11.85,7,16,23
2024-09-08 23:00:00,chennai,3,1,28.01,28.88,78.01,12.41,14,26,40
2024-09-09 00:00:00,chennai,3,2,23.92,24.69,76.39,13.45,9,27,36
2024-09-09 01:00:00,chennai,3,1,24.1,25.19,89.28,14.59,3,35,38
2024-09-09 02:00:00,chennai,3,2,26.65,27.44,78.0,14.38,8,37,45
2024-09-09 03:00:00,chennai,3,1,26.36,28.54,79.8,14.98,10,40,50
2024-09-09 04:00:00,chennai,3,1,25.1,25.87,77.04,19.31,8,36,44
2024-09-09 05:00:00,chennai,3,2,27.2,27.79,75.37,20.89,11,37,48
2024-09-09 06:00:00,chennai,3,2,27.41,30.68,77.12,16.68,10,38,48
2024-09-09 07:00:00,chennai,3,1,29.77,32.23,74.08,10.41,23,105,128
2024-09-09 08:00:00,chennai,3,1,29.09,28.73,69.7,26.26,47,186,233
2024-09-09 09:00:00,chennai,3,2,31.27,32.0,67.99,24.73,43,171,214
2024-09-09 10:00:00,chennai,3,2,34.17,35.91,63.4,16.22,15,97,112
2024-09-09 11:00:00,chennai,3,2,32.55,34.37,66.94,13.64,10,46,56
2024-09-09 12:00:00,chennai,3,1,32.52,32.53,73.62,11.44,4,29,33
2024-09-09 13:00:00,chennai,3,2,33.73,36.39,57.97,17.06,1,12,13
2024-09-09 14:00:00,chennai,3,2,32.56,34.89,63.97,20.51,8,25,33
2024-09-09 15:00:00,chennai,3,2,35.73,37.71,62.57,15.47,6,44,50
2024-09-09 16:00:00,chennai,3,2,32.68,35.54,66.68,14.96,26,100,126
2024-09-09 17:00:00,chennai,3,2,31.5,33.45,68.41,11.07,39,182,221
2024-09-09 18:00:00,chennai,3,1,30.0,31.95,68.03,12.21,28,234,262
2024-09-09 19:00:00,chennai,3,1,31.35,34.41,69.21,16.42,16,129,145
2024-09-09 20:00:00,chennai,3,1,30.04,32.64,69.83,10.09,9,45,54
2024-09-09 21:00:00,chennai,3,2,27.37,28.03,70.76,15.13,5,22,27
2024-09-09 22:00:00,chennai,3,1,27.69,29.82,76.52,17.28,3,19,22
2024-09-09 23:00:00,chennai,3,1,24.36,25.2,72.65,12.04,2,30,32
2024-09-10 00:00:00,chennai,3,1,25.76,27.76,77.69,10.4,7,29,36
2024-09-10 01:00:00,chennai,3,2,25.68,27.66,87.19,18.55,1,28,29
2024-09-10 02:00:00,chennai,3,3,27.05,27.17,82.49,10.76,4,19,23
2024-09-10 03:00:00,chennai,3,1,24.21,25.59,86.12,12.32,9,34,43
2024-09-10 04:00:00,chennai,3,1,24.0,25.77,88.01,16.14,3,48,51
2024-09-10 05:00:00,chennai,3,1,25.1,26.16,78.19,18.49,8,40,48
2024-09-10 06:00:00,chennai,3,1,25.4,27.21,78.04,19.92,10,65,75
2024-09-10 07:00:00,chennai,3,1,29.57,31.87,73.08,13.78,22,117,139
2024-09-10 08:00:00,chennai,3,2,30.86,32.33,67.94,13.23,46,185,231
2024-09-10 09:00:00,chennai,3,1,30.42,32.14,64.65,19.43,18,199,217
2024-09-10 10:00:00,chennai,3,1,32.47,35.35,71.22,14.14,16,100,116
2024-09-10 11:00:00,chennai,3,2,31.99,33.96,65.97,14.32,5,33,38
2024-09-10 12:00:00,chennai,3,1,32.35,34.05,72.57,12.85,2,36,38
2024-09-10 13:00:00,chennai,3,1,32.46,33.01,67.2,12.33,4,21,25
2024-09-10 14:00:00,chennai,3,1,32.63,34.8,58.34,13.27,6,18,24
2024-09-10 15:00:00,chennai,3,2,31.01,32.84,66.54,12.27,8,33,41
2024-09-10 16:00:00,chennai,3,1,32.78,35.56,61.81,12.1,24,131,155
2024-09-10 17:00:00,chennai,3,2,31.78,33.33,71.01,35.31,46,190,236
2024-09-10 18:00:00,chennai,3,1,31.89,31.58,64.57,12.05,30,221,251
2024-09-10 19:00:00,chennai,3,2,30.15,29.95,64.15,11.48,10,86,96
2024-09-10 20:00:00,chennai,3,2,28.8,31.04,68.02,12.18,6,30,36
2024-09-10 21:00:00,chennai,3,1,26.92,27.85,70.86,14.47,3,17,20
2024-09-10 22:00:00,chennai,3,1,27.09,29.02,72.8,22.1,4,18,22
2024-09-10 23:00:00,chennai,3,1,27.06,28.67,76.21,17.75,4,29,33
2024-09-11 00:00:00,chennai,3,3,24.16,25.5,84.94,19.23,1,15,16
2024-09-11 01:00:00,chennai,3,2,25.24,26.64,90.64,19.8,3,27,30
2024-09-11 02:00:00,chennai,3,1,25.28,25.91,75.35,22.66,4,36,40
2024-09-11 03:00:00,chennai,3,1,24.27,25.76,87.98,11.34,2,39,41
2024-09-11 04:00:00,chennai,3,2,24.83,25.75,78.27,13.07,7,34,41
2024-09-11 05:00:00,chennai,3,2,26.45,27.58,80.81,12.43,5,50,55
2024-09-11 06:00:00,chennai,3,1,25.64,26.82,68.73,12.41,5,57,62
2024-09-11 07:00:00,chennai,3,2,28.38,29.66,77.21,15.28,18,110,128
2024-09-11 08:00:00,chennai,3,1,27.93,30.35,61.97,12.57,23,192,215
2024-09-11 09:00:00,chennai,3,1,31.31,32.68,70.98,14.79,18,230,248
2024-09-11 10:00:00,chennai,3,1,33.81,36.33,68.29,12.41,10,114,124
2024-09-11 11:00:00,chennai,3,1,30.8,33.83,65.88,11.86,9,44,53
2024-09-11 12:00:00,chennai,3,1,33.11,35.46,59.67,12.18,5,31,36
2024-09-11 13:00:00,chennai,3,1,31.99,34.03,65.09,18.14,2,29,31
2024-09-11 14:00:00,chennai,3,1,34.25,36.08,63.96,14.59,6,23,29
2024-09-11 15:00:00,chennai,3,1,31.35,33.71,61.29,28.25,6,46,52
2024-09-11 16:00:00,chennai,3,1,33.04,34.63,66.7,18.94,24,110,134
2024-09-11 17:00:00,chennai,3,2,30.78,33.27,64.45,13.33,33,192,225
2024-09-11 18:00:00,chennai,3,2,30.75,32.87,69.64,11.39,38,209,247
2024-09-11 19:00:00,chennai,3,1,28.8,29.94,68.78,15.6,19,108,127
2024-09-11 20:00:00,chennai,3,1,29.99,32.38,73.08,16.48,4,49,53
2024-09-11 21:00:00,chennai,3,2,26.96,28.55,77.46,13.12,7,18,25
2024-09-11 22:00:00,chennai,3,1,27.66,29.06,75.01,11.31,3,25,28
2024-09-11 23:00:00,chennai,3,2,25.76,26.78,72.9,14.07,7,27,34
2024-09-12 00:00:00,chennai,3,1,25.4,27.06,82.04,11.46,3,28,31
2024-09-12 01:00:00,chennai,3,1,25.31,27.81,87.61,24.07,3,32,35
2024-09-12 02:00:00,chennai,3,2,24.09,26.47,83.5,14.96,8,29,37
2024-09-12 03:00:00,chennai,3,1,25.39,27.24,83.25,11.73,12,39,51
2024-09-12 04:00:00,chennai,3,1,27.37,29.47,80.45,11.22,8,36,44
2024-09-12 05:00:00,chennai,3,2,25.24,28.01,82.77,16.31,10,40,50
2024-09-12 06:00:00,chennai,3,2,28.41,29.76,76.07,16.15,5,52,57
2024-09-12 07:00:00,chennai,3,1,29.76,30.15,72.32,14.55,25,109,134
2024-09-12 08:00:00,chennai,3,2,28.02,30.82,77.53,14.76,40,178,218
2024-09-12 09:00:00,chennai,3,2,28.29,29.26,66.76,14.63,36,172,208
2024-09-12 10:00:00,chennai,3,1,31.36,32.17,71.45,12.23,29,94,123
2024-09-12 11:00:00,chennai,3,1,31.17,30.88,70.46,23.86,3,55,58
2024-09-12 12:00:00,chennai,3,1,34.71,36.78,66.17,13.26,5,28,33
2024-09-12 13:00:00,chennai,3,3,32.91,32.78,56.09,10.1,1,5,6
2024-09-12 14:00:00,chennai,3,2,32.04,32.79,62.14,12.14,2,19,21
2024-09-12 15:00:00,chennai,3,1,31.49,33.58,61.33,10.7,10,44,54
2024-09-12 16:00:00,chennai,3,1,33.77,35.99,60.86,12.26,18,124,142
2024-09-12 17:00:00,chennai,3,1,31.14,31.99,65.64,14.69,32,174,206
2024-09-12 18:00:00,chennai,3,1,31.05,32.42,70.85,10.11,25,233,258
2024-09-12 19:00:00,chennai,3,1,31.18,31.81,67.12,20.21,37,103,140
2024-09-12 20:00:00,chennai,3,1,28.42,29.37,71.14,14.71,4,42,46
2024-09-12 21:00:00,chennai,3,2,27.91,29.68,73.38,11.75,2,14,16
2024-09-12 22:00:00,chennai,3,2,26.98,27.98,82.82,11.86,4,25,29
2024-09-12 23:00:00,chennai,3,2,26.99,28.25,77.79,13.13,4,16,20
2024-09-13 00:00:00,chennai,3,2,26.24,26.28,74.49,11.43,4,24,28
2024-09-13 01:00:00,chennai,3,2,24.87,27.51,73.79,10.02,3,37,40
2024-09-13 02:00:00,chennai,3,1,25.08,27.09,83.81,10.13,4,30,34
2024-09-13 03:00:00,chennai,3,2,24.69,26.98,77.86,12.21,2,29,31
2024-09-13 04:00:00,chennai,3,1,23.76,26.55,84.0,10.66,6,36,42
2024-09-13 05:00:00,chennai,3,1,26.48,27.16,72.41,10.11,13,41,54
2024-09-13 06:00:00,chennai,3,1,29.27,30.41,74.31,19.8,10,58,68
2024-09-13 07:00:00,chennai,3,1,26.9,26.51,67.94,11.6,22,110,132
2024-09-13 08:00:00,chennai,3,1,28.07,32.71,74.17,13.5,47,182,229
2024-09-13 09:00:00,chennai,3,1,28.99,30.34,72.66,10.99,26,197,223
2024-09-13 10:00:00,chennai,3,1,31.87,34.41,68.69,10.24,24,94,118
2024-09-13 11:00:00,chennai,3,2,32.37,32.63,59.5,16.83,15,47,62
2024-09-13 12:00:00,chennai,3,1,32.27,34.77,59.61,10.67,2,34,36
2024-09-13 13:00:00,chennai,3,2,31.76,35.12,63.51,10.13,6,23,29
2024-09-13 14:00:00,chennai,3,1,33.11,34.55,53.56,14.42,2,26,28
2024-09-13 15:00:00,chennai,3,1,30.99,31.48,61.14,10.07,5,42,47
2024-09-13 16:00:00,chennai,3,1,32.64,34.0,70.92,12.87,27,105,132
2024-09-13 17:00:00,chennai,3,2,32.87,32.15,64.03,11.7,37,188,225
2024-09-13 18:00:00,chennai,3,2,29.5,30.96,59.56,11.92,29,202,231
2024-09-13 19:00:00,chennai,3,1,28.2,30.52,66.37,10.02,36,102,138
2024-09-13 20:00:00,chennai,3,2,30.9,32.36,68.85,26.67,4,28,32
2024-09-13 21:00:00,chennai,3,2,27.23,28.45,85.29,13.64,5,19,24
2024-09-13 22:00:00,chennai,3,1,28.36,30.39,85.33,14.25,2,16,18
2024-09-13 23:00:00,chennai,3,1,25.99,28.09,82.73,15.48,7,34,41
2024-09-14 00:00:00,chennai,3,2,25.34,25.18,78.94,17.99,13,22,35
2024-09-14 01:00:00,chennai,3,1,25.66,27.25,87.66,14.68,13,23,36
2024-09-14 02:00:00,chennai,3,1,23.94,27.88,76.33,17.18,12,32,44
2024-09-14 03:00:00,chennai,3,1,25.3,25.46,87.04,12.98,17,30,47
2024-09-14 04:00:00,chennai,3,1,25.08,26.49,85.3,12.32,11,23,34
2024-09-14 05:00:00,chennai,3,1,24.59,28.03,78.31,18.66,15,32,47
2024-09-14 06:00:00,chennai,3,1,27.4,30.01,82.7,20.02,17,27,44
2024-09-14 07:00:00,chennai,3,2,27.65,28.64,72.35,10.74,32,52,84
2024-09-14 08:00:00,chennai,3,2,28.81,30.52,65.67,13.91,39,86,125
2024-09-14 09:00:00,chennai,3,1,28.58,30.08,74.3,15.75,56,100,156
2024-09-14 10:00:00,chennai,3,1,32.91,33.66,66.57,10.44,33,60,93
2024-09-14 11:00:00,chennai,3,1,32.88,34.31,67.94,23.27,24,54,78
2024-09-14 12:00:00,chennai,3,2,33.62,34.84,72.44,13.67,28,63,91
2024-09-14 13:00:00,chennai,3,1,32.5,34.11,58.73,15.18,30,68,98
2024-09-14 14:00:00,chennai,3,1,30.92,31.68,61.28,10.98,44,81,125
2024-09-14 15:00:00,chennai,3,1,35.21,35.43,70.19,11.54,39,77,116
2024-09-14 16:00:00,chennai,3,1,32.39,33.85,66.68,10.64,53,93,146
2024-09-14 17:00:00,chennai,3,1,30.93,34.14,61.43,11.53,43,98,141
2024-09-14 18:00:00,chennai,3,2,31.5,33.08,62.22,13.39,50,96,146
2024-09-14 19:00:00,chennai,3,1,31.44,32.6,66.77,18.97,21,40,61
2024-09-14 20:00:00,chennai,3,1,28.97,31.23,68.31,13.81,12,22,34
2024-09-14 21:00:00,chennai,3,2,29.5,30.84,75.77,11.4,10,14,24
2024-09-14 22:00:00,chennai,3,1,28.3,31.67,77.39,10.23,9,14,23
2024-09-14 23:00:00,chennai,3,1,24.88,26.38,80.47,14.86,11,21,32
2024-09-15 00:00:00,chennai,3,1,24.73,26.93,76.46,12.73,12,32,44
2024-09-15 01:00:00,chennai,3,1,26.29,27.03,81.31,30.79,13,28,41
2024-09-15 02:00:00,chennai,3,2,21.74,23.75,71.72,17.57,12,18,30
2024-09-15 03:00:00,chennai,3,2,24.96,26.73,82.38,18.26,13,24,37
2024-09-15 04:00:00,chennai,3,1,23.82,25.26,86.54,10.06,15,38,53
2024-09-15 05:00:00,chennai,3,1,25.6,26.6,71.95,17.52,16,32,48
2024-09-15 06:00:00,chennai,3,2,26.64,27.5,79.42,11.08,13,27,40
2024-09-15 07:00:00,chennai,3,1,27.53,29.32,71.53,14.41,38,54,92
2024-09-15 08:00:00,chennai,3,1,28.34,30.47,76.01,12.97,46,98,144
2024-09-15 09:00:00,chennai,3,2,28.72,30.09,70.21,14.24,42,70,112
2024-09-15 10:00:00,chennai,3,2,33.75,35.54,69.02,10.72,29,47,76
2024-09-15 11:00:00,chennai,3,1,34.07,35.53,65.25,13.05,22,53,75
2024-09-15 12:00:00,chennai,3,1,31.07,32.67,69.98,10.19,37,82,119
2024-09-15 13:00:00,chennai,3,1,34.76,36.06,64.08,10.21,33,68,101
2024-09-15 14:00:00,chennai,3,1,32.52,34.04,58.47,15.36,40,73,113
2024-09-15 15:00:00,chennai,3,1,33.02,37.22,62.83,25.15,39,83,122
2024-09-15 16:00:00,chennai,3,3,32.39,34.2,61.5,17.51,16,42,58
2024-09-15 17:00:00,chennai,3,1,31.04,33.18,65.74,13.17,38,89,127
2024-09-15 18:00:00,chennai,3,1,32.18,34.12,64.9,10.29,54,83,137
2024-09-15 19:00:00,chennai,3,1,30.19,31.42,66.03,10.23,29,36,65
2024-09-15 20:00:00,chennai,3,2,28.43,31.22,73.0,10.86,11,19,30
2024-09-15 21:00:00,chennai,3,1,26.4,27.61,74.87,28.61,8,12,20
2024-09-15 22:00:00,chennai,3,1,25.93,28.48,82.32,12.54,4,7,11
2024-09-15 23:00:00,chennai,3,1,24.2,25.37,77.0,19.27,12,20,32
2024-09-16 00:00:00,chennai,3,1,25.55,26.09,70.76,16.11,8,34,42
2024-09-16 01:00:00,chennai,3,1,23.7,25.57,79.84,14.65,6,29,35
2024-09-16 02:00:00,chennai,3,1,24.68,25.08,73.87,24.77,7,33,40
2024-09-16 03:00:00,chennai,3,1,26.78,28.82,83.74,11.31,7,35,42
2024-09-16 04:00:00,chennai,3,1,26.98,27.28,72.29,13.03,6,40,46
2024-09-16 05:00:00,chennai,3,1,26.13,27.31,74.13,20.0,8,38,46
2024-09-16 06:00:00,chennai,3,2,26.9,26.96,75.19,14.01,11,53,64
2024-09-16 07:00:00,chennai,3,3,30.22,34.54,82.31,11.41,7,62,69
2024-09-16 08:00:00,chennai,3,1,29.62,29.47,66.64,11.17,52,196,248
2024-09-16 09:00:00,chennai,3,2,29.64,31.15,69.47,16.99,44,177,221
2024-09-16 10:00:00,chennai,3,2,29.29,31.93,69.9,10.06,19,97,116
2024-09-16 11:00:00,chennai,3,1,32.3,34.84,72.35,22.28,9,35,44
2024-09-16 12:00:00,chennai,3,2,33.46,35.81,67.23,10.09,6,26,32
2024-09-16 13:00:00,chennai,3,1,32.11,33.29,67.81,14.98,3,20,23
2024-09-16 14:00:00,chennai,3,1,33.35,36.2,66.32,14.64,1,24,25
2024-09-16 15:00:00,chennai,3,2,32.43,34.84,56.3,14.32,3,47,50
2024-09-16 16:00:00,chennai,3,1,32.24,33.96,65.14,13.22,28,105,133
2024-09-16 17:00:00,chennai,3,1,28.84,30.58,69.17,19.57,39,221,260
2024-09-16 18:00:00,chennai,3,1,30.73,31.93,62.22,15.38,36,236,272
2024-09-16 19:00:00,chennai,3,1,31.2,31.79,66.51,17.61,15,109,124
2024-09-16 20:00:00,chennai,3,1,28.24,30.98,67.98,10.61,8,46,54
2024-09-16 21:00:00,chennai,3,1,28.03,30.84,78.45,10.26,5,22,27
2024-09-16 22:00:00,chennai,3,1,26.09,26.71,76.65,10.14,3,22,25
2024-09-16 23:00:00,chennai,3,1,26.6,27.95,77.47,10.8,4,19,23
2024-09-17 00:00:00,chennai,3,1,25.28,26.63,74.25,15.5,11,28,39
2024-09-17 01:00:00,chennai,3,2,24.01,25.48,81.32,13.41,7,20,27
2024-09-17 02:00:00,chennai,3,2,26.6,28.16,79.16,16.98,2,39,41
2024-09-17 03:00:00,chennai,3,1,26.25,28.7,82.88,11.06,2,28,30
2024-09-17 04:00:00,chennai,3,1,24.81,25.56,74.95,12.29,13,42,55
2024-09-17 05:00:00,chennai,3,1,26.77,27.42,79.96,20.97,8,32,40
2024-09-17 06:00:00,chennai,3,3,27.64,30.38,74.81,23.72,6,31,37
2024-09-17 07:00:00,chennai,3,2,28.74,29.77,68.34,22.74,23,107,130
2024-09-17 08:00:00,chennai,3,1,26.97,27.2,65.36,18.53,30,197,227
2024-09-17 09:00:00,chennai,3,1,31.24,32.26,63.53,15.83,25,192,217
2024-09-17 10:00:00,chennai,3,1,30.32,31.49,65.97,22.25,28,124,152
2024-09-17 11:00:00,chennai,3,2,31.4,34.45,65.53,16.26,6,38,44
2024-09-17 12:00:00,chennai,3,1,35.63,38.05,64.69,25.39,5,23,28
2024-09-17 13:00:00,chennai,3,1,33.23,35.87,63.88,10.13,3,20,23
2024-09-17 14:00:00,chennai,3,2,32.54,34.86,58.21,22.73,5,23,28
2024-09-17 15:00:00,chennai,3,3,30.22,32.66,67.63,14.06,5,24,29
2024-09-17 16:00:00,chennai,3,2,34.13,34.94,61.13,10.59,11,118,129
2024-09-17 17:00:00,chennai,3,2,30.21,31.52,67.18,11.21,52,181,233
2024-09-17 18:00:00,chennai,3,1,29.8,30.31,66.18,19.56,18,208,226
2024-09-17 19:00:00,chennai,3,1,29.64,30.93,71.29,13.53,32,116,148
2024-09-17 20:00:00,chennai,3,1,30.7,32.88,70.93,30.32,9,43,52
2024-09-17 21:00:00,chennai,3,2,28.89,30.53,76.56,10.63,5,24,29
2024-09-17 22:00:00,chennai,3,2,26.81,29.62,76.96,12.66,3,18,21
2024-09-17 23:00:00,chennai,3,1,26.54,26.9,83.14,12.02,4,23,27
2024-09-18 00:00:00,chennai,3,1,24.82,26.82,76.57,13.63,5,28,33
2024-09-18 01:00:00,chennai,3,1,25.3,25.56,72.81,15.02,3,27,30
2024-09-18 02:00:00,chennai,3,1,25.09,26.68,77.13,15.42,7,33,40
2024-09-18 03:00:00,chennai,3,2,26.3,28.54,87.0,10.01,6,39,45
2024-09-18 04:00:00,chennai,3,2,26.7,27.98,79.89,10.47,2,39,41
2024-09-18 05:00:00,chennai,3,1,26.76,28.82,79.53,10.18,13,40,53
2024-09-18 06:00:00,chennai,3,1,26.57,27.11,71.73,20.0,10,50,60
2024-09-18 07:00:00,chennai,3,2,28.85,28.69,74.92,11.88,20,102,122
2024-09-18 08:00:00,chennai,3,1,28.89,30.95,66.89,12.29,26,198,224
2024-09-18 09:00:00,chennai,3,1,28.74,31.98,65.03,12.99,38,188,226
2024-09-18 10:00:00,chennai,3,1,30.52,31.02,64.99,19.46,28,123,151
2024-09-18 11:00:00,chennai,3,1,31.93,34.65,67.15,10.07,5,54,59
2024-09-18 12:00:00,chennai,3,1,33.56,35.1,66.1,10.63,7,32,39
2024-09-18 13:00:00,chennai,3,1,32.64,32.81,65.24,15.78,3,33,36
2024-09-18 14:00:00,chennai,3,3,31.55,31.92,54.06,26.61,1,12,13
2024-09-18 15:00:00,chennai,3,1,32.93,34.45,62.31,15.15,5,41,46
2024-09-18 16:00:00,chennai,3,1,32.6,33.7,62.36,11.51,35,101,136
2024-09-18 17:00:00,chennai,3,1,32.05,32.24,57.27,13.67,45,191,236
2024-09-18 18:00:00,chennai,3,1,32.1,31.91,67.08,28.44,36,205,241
2024-09-18 19:00:00,chennai,3,1,31.26,31.91,68.16,13.75,32,102,134
2024-09-18 20:00:00,chennai,3,1,28.29,29.98,74.56,12.34,6,50,56
2024-09-18 21:00:00,chennai,3,2,27.23,28.72,74.99,12.42,2,22,24
2024-09-18 22:00:00,chennai,3,1,25.75,26.75,74.25,27.06,3,25,28
2024-09-18 23:00:00,chennai,3,3,27.01,28.71,83.7,16.35,5,15,20
2024-09-19 00:00:00,chennai,3,1,27.27,29.81,69.55,15.81,6,27,33
2024-09-19 01:00:00,chennai,3,2,24.76,26.65,81.34,11.32,4,36,40
2024-09-19 02:00:00,chennai,3,1,24.71,26.09,73.18,14.1,6,43,49
2024-09-19 03:00:00,chennai,3,1,26.9,29.32,77.1,12.21,7,37,44
2024-09-19 04:00:00,chennai,3,2,26.14,26.68,83.28,11.37,4,36,40
2024-09-19 05:00:00,chennai,3,1,26.7,27.97,72.7,21.3,7,41,48
2024-09-19 06:00:00,chennai,3,2,25.57,26.87,69.88,12.42,6,51,57
2024-09-19 07:00:00,chennai,3,2,28.78,29.04,86.5,11.66,19,113,132
2024-09-19 08:00:00,chennai,3,1,27.89,28.97,65.2,23.42,49,206,255
2024-09-19 09:00:00,chennai,3,1,28.67,28.1,77.66,11.1,58,188,246
2024-09-19 10:00:00,chennai,3,1,30.58,34.0,66.14,16.84,9,116,125
2024-09-19 11:00:00,chennai,3,2,31.13,31.69,62.3,15.29,9,42,51
2024-09-19 12:00:00,chennai,3,1,32.2,35.28,66.17,22.66,7,32,39
2024-09-19 13:00:00,chennai,3,1,31.13,32.67,69.02,18.92,4,25,29
2024-09-19 14:00:00,chennai,3,1,34.15,36.22,56.27,16.11,3,23,26
2024-09-19 15:00:00,chennai,3,1,34.22,35.23,59.79,11.89,4,31,35
2024-09-19 16:00:00,chennai,3,1,30.13,31.84,67.57,13.42,8,124,132
2024-09-19 17:00:00,chennai,3,1,33.0,35.15,66.37,24.46,47,203,250
2024-09-19 18:00:00,chennai,3,1,30.03,32.19,72.51,10.12,28,222,250
2024-09-19 19:00:00,chennai,3,1,31.06,33.34,71.99,17.91,9,123,132
2024-09-19 20:00:00,chennai,3,2,28.92,30.05,81.04,11.45,6,32,38
2024-09-19 21:00:00,chennai,3,1,28.0,29.02,75.48,11.02,5,27,32
2024-09-19 22:00:00,chennai,3,1,26.78,26.68,78.11,11.32,3,13,16
2024-09-19 23:00:00,chennai,3,2,27.63,29.65,80.68,10.31,7,24,31
2024-09-20 00:00:00,chennai,3,2,24.05,26.63,79.95,34.13,4,24,28
2024-09-20 01:00:00,chennai,3,1,25.87,28.98,85.9,20.2,5,30,35
2024-09-20 02:00:00,chennai,3,2,26.32,28.13,83.19,13.68,5,32,37
2024-09-20 03:00:00,chennai,3,1,26.0,26.73,85.6,16.28,5,30,35
2024-09-20 04:00:00,chennai,3,1,28.33,28.13,85.38,14.07,6,45,51
2024-09-20 05:00:00,chennai,3,1,25.54,28.08,81.21,18.35,8,53,61
2024-09-20 06:00:00,chennai,3,1,28.15,27.85,79.51,19.31,9,70,79
2024-09-20 07:00:00,chennai,3,2,27.84,29.0,69.54,11.32,13,121,134
2024-09-20 08:00:00,chennai,3,1,30.48,31.76,69.25,13.08,55,178,233
2024-09-20 09:00:00,chennai,3,1,30.03,31.46,73.63,15.04,54,191,245
2024-09-20 10:00:00,chennai,3,1,30.53,32.07,74.12,29.18,6,98,104
2024-09-20 11:00:00,chennai,3,1,33.4,35.03,55.23,15.74,10,50,60
2024-09-20 12:00:00,chennai,3,2,31.87,30.96,60.5,21.4,4,23,27
2024-09-20 13:00:00,chennai,3,2,31.17,32.68,62.46,19.36,4,23,27
2024-09-20 14:00:00,chennai,3,2,32.38,31.65,57.6,14.36,2,26,28
2024-09-20 15:00:00,chennai,3,1,33.61,35.84,58.23,21.21,2,41,43
2024-09-20 16:00:00,chennai,3,1,34.13,35.08,65.71,12.37,19,110,129
2024-09-20 17:00:00,chennai,3,2,31.96,31.3,72.84,12.38,28,183,211
2024-09-20 18:00:00,chennai,3,1,32.58,33.27,56.84,17.59,29,209,238
2024-09-20 19:00:00,chennai,3,1,28.41,29.34,68.56,10.72,21,131,152
2024-09-20 20:00:00,chennai,3,3,28.47,31.16,74.32,11.83,5,21,26
2024-09-20 21:00:00,chennai,3,2,27.62,29.32,78.49,14.69,4,18,22
2024-09-20 22:00:00,chennai,3,1,26.86,28.71,78.6,12.72,2,19,21
2024-09-20 23:00:00,chennai,3,2,26.27,28.95,87.88,24.13,4,30,34
2024-09-21 00:00:00,chennai,3,1,26.36,27.77,80.8,25.91,15,26,41
2024-09-21 01:00:00,chennai,3,1,24.6,26.86,88.22,13.49,14,21,35
2024-09-21 02:00:00,chennai,3,2,25.17,27.35,78.77,13.87,9,18,27
2024-09-21 03:00:00,chennai,3,1,25.08,25.3,81.95,16.45,12,22,34
2024-09-21 04:00:00,chennai,3,1,24.42,27.4,74.6,13.06,14,36,50
2024-09-21 05:00:00,chennai,3,1,26.04,26.11,83.58,11.05,10,31,41
2024-09-21 06:00:00,chennai,3,1,26.83,29.24,76.4,16.87,25,29,54
2024-09-21 07:00:00,chennai,3,2,27.77,27.75,76.38,16.69,33,58,91
2024-09-21 08:00:00,chennai,3,1,29.04,31.14,70.43,11.41,41,95,136
2024-09-21 09:00:00,chennai,3,1,30.13,33.49,72.34,18.95,33,104,137
2024-09-21 10:00:00,chennai,3,1,30.48,31.77,68.99,14.76,36,49,85
2024-09-21 11:00:00,chennai,3,2,33.36,34.6,59.96,11.35,26,61,87
2024-09-21 12:00:00,chennai,3,2,31.06,33.17,58.66,15.28,25,59,84
2024-09-21 13:00:00,chennai,3,2,32.0,33.17,62.2,11.33,33,71,104
2024-09-21 14:00:00,chennai,3,1,36.34,39.65,65.3,11.54,48,87,135
2024-09-21 15:00:00,chennai,3,1,31.62,33.31,71.66,19.42,50,82,132
2024-09-21 16:00:00,chennai,3,3,30.84,32.02,64.85,23.26,25,51,76
2024-09-21 17:00:00,chennai,3,1,32.71,33.67,69.97,11.48,48,112,160
2024-09-21 18:00:00,chennai,3,1,28.51,29.07,58.94,23.16,73,85,158
2024-09-21 19:00:00,chennai,3,2,29.75,30.63,79.48,11.36,18,38,56
2024-09-21 20:00:00,chennai,3,2,31.57,32.72,75.03,10.62,10,18,28
2024-09-21 21:00:00,chennai,3,3,26.11,27.12,74.34,10.3,4,10,14
2024-09-21 22:00:00,chennai,3,1,24.62,25.46,76.18,11.39,12,19,31
2024-09-21 23:00:00,chennai,3,1,24.37,27.97,73.54,12.43,10,15,25
2024-09-22 00:00:00,chennai,3,1,26.61,27.08,76.55,23.12,8,18,26
2024-09-22 01:00:00,chennai,3,2,26.49,28.13,91.21,11.39,7,21,28
2024-09-22 02:00:00,chennai,3,1,24.38,26.48,77.05,12.27,11,23,34
2024-09-22 03:00:00,chennai,3,4,25.96,28.09,76.62,16.62,2,3,5
2024-09-22 04:00:00,chennai,3,2,27.2,28.65,77.15,11.8,17,35,52
2024-09-22 05:00:00,chennai,3,2,28.32,29.58,73.08,15.77,22,24,46
2024-09-22 06:00:00,chennai,3,1,26.7,28.66,77.08,12.83,15,31,46
2024-09-22 07:00:00,chennai,3,1,25.2,26.97,80.03,11.09,21,60,81
2024-09-22 08:00:00,chennai,3,2,28.01,29.26,68.95,16.62,31,66,97
2024-09-22 09:00:00,chennai,3,1,29.52,29.46,62.55,10.14,38,110,148
2024-09-22 10:00:00,chennai,3,2,30.69,31.72,68.46,11.73,27,59,86
2024-09-22 11:00:00,chennai,3,1,31.6,31.96,64.65,12.2,31,53,84
2024-09-22 12:00:00,chennai,3,1,33.81,34.64,68.35,13.06,33,68,101
2024-09-22 13:00:00,chennai,3,1,34.39,35.93,60.07,15.7,41,61,102
2024-09-22 14:00:00,chennai,3,1,32.79,34.65,60.7,13.08,36,76,112
2024-09-22 15:00:00,chennai,3,2,34.18,37.46,61.59,14.51,33,87,120
2024-09-22 16:00:00,chennai,3,1,32.89,33.86,63.78,14.53,60,107,167
2024-09-22 17:00:00,chennai,3,2,31.91,34.18,62.97,12.34,51,97,148
2024-09-22 18:00:00,chennai,3,3,32.09,33.89,64.23,23.59,28,52,80
2024-09-22 19:00:00,chennai,3,1,30.12,32.92,60.16,25.6,27,67,94
2024-09-22 20:00:00,chennai,3,1,31.47,33.55,69.17,14.36,14,24,38
2024-09-22 21:00:00,chennai,3,1,26.24,26.73,78.16,10.37,13,18,31
2024-09-22 22:00:00,chennai,3,1,26.38,26.16,81.25,13.38,8,20,28
2024-09-22 23:00:00,chennai,3,1,26.02,27.83,76.72,11.02,8,25,33
2024-09-23 00:00:00,chennai,3,1,26.06,27.03,87.16,13.3,2,29,31
2024-09-23 01:00:00,chennai,3,2,26.66,27.18,81.52,11.04,5,27,32
2024-09-23 02:00:00,chennai,3,1,24.97,25.2,75.31,16.08,3,41,44
2024-09-23 03:00:00,chennai,3,1,23.43,25.09,73.4,10.42,7,35,42
2024-09-23 04:00:00,chennai,3,1,26.55,29.55,86.75,25.32,8,42,50
2024-09-23 05:00:00,chennai,3,1,27.08,28.17,77.21,11.09,9,45,54
2024-09-23 06:00:00,chennai,3,2,24.67,26.76,70.93,15.4,18,45,63
2024-09-23 07:00:00,chennai,3,1,27.96,29.36,63.29,22.44,8,133,141
2024-09-23 08:00:00,chennai,3,2,27.09,27.3,70.02,11.42,14,209,223
2024-09-23 09:00:00,chennai,3,1,29.24,31.47,71.44,23.61,57,210,267
2024-09-23 10:00:00,chennai,3,1,29.92,30.32,63.51,12.46,25,119,144
2024-09-23 11:00:00,chennai,3,2,32.8,34.32,59.66,26.16,11,40,51
2024-09-23 12:00:00,chennai,3,3,32.6,33.76,60.59,27.77,1,19,20
2024-09-23 13:00:00,chennai,3,1,31.32,33.71,68.56,11.04,2,27,29
2024-09-23 14:00:00,chennai,3,1,34.06,34.5,55.04,18.89,6,22,28
2024-09-23 15:00:00,chennai,3,1,31.14,33.03,59.13,11.07,7,40,47
2024-09-23 16:00:00,chennai,3,1,32.86,33.52,69.39,11.28,28,104,132
2024-09-23 17:00:00,chennai,3,1,30.85,31.84,67.4,10.44,30,203,233
2024-09-23 18:00:00,chennai,3,1,30.56,28.43,67.9,10.85,36,223,259
2024-09-23 19:00:00,chennai,3,2,30.64,34.23,66.17,15.0,33,91,124
2024-09-23 20:00:00,chennai,3,1,29.63,31.68,72.15,12.98,4,38,42
2024-09-23 21:00:00,chennai,3,1,29.57,30.3,71.9,17.83,6,24,30
2024-09-23 22:00:00,chennai,3,2,26.9,27.28,72.7,12.02,2,28,30
2024-09-23 23:00:00,chennai,3,1,26.54,27.54,73.67,27.31,2,20,22
2024-09-24 00:00:00,chennai,3,1,25.01,27.23,84.58,10.26,6,27,33
2024-09-24 01:00:00,chennai,3,1,25.35,24.96,81.36,10.33,3,30,33
2024-09-24 02:00:00,chennai,3,3,25.53,26.89,83.57,16.04,4,15,19
2024-09-24 03:00:00,chennai,3,1,25.02,28.29,82.42,20.93,5,33,38
2024-09-24 04:00:00,chennai,3,2,23.37,23.74,82.86,17.94,4,39,43
2024-09-24 05:00:00,chennai,3,1,26.57,28.15,77.8,13.36,9,50,59
2024-09-24 06:00:00,chennai,3,1,27.44,31.14,74.59,11.57,8,60,68
2024-09-24 07:00:00,chennai,3,1,27.15,29.28,70.51,10.07,16,124,140
2024-09-24 08:00:00,chennai,3,1,27.46,29.08,64.93,13.56,29,206,235
2024-09-24 09:00:00,chennai,3,1,31.81,33.81,63.8,13.23,21,240,261
2024-09-24 10:00:00,chennai,3,2,31.59,32.69,65.17,12.11,7,104,111
2024-09-24 11:00:00,chennai,3,1,31.55,34.35,56.91,14.31,3,63,66
2024-09-24 12:00:00,chennai,3,2,31.1,32.2,56.43,16.52,6,29,35
2024-09-24 13:00:00,chennai,3,1,31.88,31.42,67.55,16.03,4,22,26
2024-09-24 14:00:00,chennai,3,1,34.56,35.67,63.12,11.53,4,31,35
2024-09-24 15:00:00,chennai,3,1,33.03,33.56,60.08,14.4,7,45,52
2024-09-24 16:00:00,chennai,3,1,31.8,33.02,74.7,10.81,33,117,150
2024-09-24 17:00:00,chennai,3,1,32.44,33.68,56.69,10.65,29,215,244
2024-09-24 18:00:00,chennai,3,1,30.02,32.72,71.88,17.71,37,237,274
2024-09-24 19:00:00,chennai,3,1,31.84,34.03,68.85,15.92,36,108,144
2024-09-24 20:00:00,chennai,3,2,30.62,32.39,75.93,17.3,7,32,39
2024-09-24 21:00:00,chennai,3,1,27.4,28.9,75.13,10.83,5,19,24
2024-09-24 22:00:00,chennai,3,1,26.25,26.69,67.64,22.3,5,22,27
2024-09-24 23:00:00,chennai,3,1,23.03,22.35,79.55,10.71,5,24,29
2024-09-25 00:00:00,chennai,3,1,23.76,25.37,82.34,20.2,4,31,35
2024-09-25 01:00:00,chennai,3,1,23.53,25.82,70.7,12.17,4,34,38
2024-09-25 02:00:00,chennai,3,1,25.16,26.55,91.72,10.56,8,37,45
2024-09-25 03:00:00,chennai,3,1,24.74,25.71,83.22,11.69,10,48,58
2024-09-25 04:00:00,chennai,3,2,23.92,25.89,84.02,11.0,7,38,45
2024-09-25 05:00:00,chennai,3,2,25.83,27.25,73.24,13.37,9,45,54
2024-09-25 06:00:00,chennai,3,4,27.61,30.79,80.45,24.95,1,10,11
2024-09-25 07:00:00,chennai,3,1,28.6,31.33,80.04,11.99,13,129,142
2024-09-25 08:00:00,chennai,3,1,26.72,29.18,73.27,14.74,27,214,241
2024-09-25 09:00:00,chennai,3,1,29.88,32.14,69.36,21.12,32,198,230
2024-09-25 10:00:00,chennai,3,1,29.34,29.55,62.53,14.97,16,121,137
2024-09-25 11:00:00,chennai,3,1,32.91,35.07,63.85,12.25,15,52,67
2024-09-25 12:00:00,chennai,3,2,33.41,35.28,60.78,33.46,6,22,28
2024-09-25 13:00:00,chennai,3,1,31.79,33.89,65.2,11.04,6,26,32
2024-09-25 14:00:00,chennai,3,1,32.08,34.07,57.75,13.7,4,16,20
2024-09-25 15:00:00,chennai,3,1,32.31,34.26,65.16,17.97,6,67,73
2024-09-25 16:00:00,chennai,3,1,29.76,33.96,59.14,10.0,28,124,152
2024-09-25 17:00:00,chennai,3,1,32.23,33.66,63.62,16.05,38,219,257
2024-09-25 18:00:00,chennai,3,2,30.67,33.11,70.08,11.55,28,191,219
2024-09-25 19:00:00,chennai,3,1,31.2,32.23,65.89,10.93,17,105,122
2024-09-25 20:00:00,chennai,3,1,27.68,29.97,75.25,11.6,7,42,49
2024-09-25 21:00:00,chennai,3,1,27.22,29.66,77.35,27.03,4,25,29
2024-09-25 22:00:00,chennai,3,1,25.19,27.06,75.65,21.13,3,24,27
2024-09-25 23:00:00,chennai,3,1,24.97,28.14,84.88,11.2,2,23,25
2024-09-26 00:00:00,chennai,3,1,24.12,24.73,81.05,10.62,2,29,31
2024-09-26 01:00:00,chennai,3,1,26.33,27.34,87.17,12.26,6,27,33
2024-09-26 02:00:00,chennai,3,1,24.16,25.87,90.97,14.49,2,28,30
2024-09-26 03:00:00,chennai,3,2,25.29,27.67,80.45,20.09,11,34,45
2024-09-26 04:00:00,chennai,3,1,25.08,26.76,83.89,26.92,5,35,40
2024-09-26 05:00:00,chennai,3,2,24.65,27.43,75.88,16.95,3,41,44
2024-09-26 06:00:00,chennai,3,2,26.8,27.64,71.84,14.57,11,49,60
2024-09-26 07:00:00,chennai,3,3,28.68,29.04,73.61,10.77,9,56,65
2024-09-26 08:00:00,chennai,3,1,27.55,29.36,65.19,10.38,21,187,208
2024-09-26 09:00:00,chennai,3,2,31.01,32.43,64.72,14.53,27,195,222
2024-09-26 10:00:00,chennai,3,1,29.98,32.02,69.96,13.87,17,101,118
2024-09-26 11:00:00,chennai,3,1,31.25,32.72,62.36,19.36,8,31,39
2024-09-26 12:00:00,chennai,3,2,33.1,34.26,66.89,11.95,2,30,32
2024-09-26 13:00:00,chennai,3,1,32.07,33.49,63.84,10.2,5,23,28
2024-09-26 14:00:00,chennai,3,1,33.05,34.57,71.26,12.76,6,18,24
2024-09-26 15:00:00,chennai,3,1,32.49,33.68,64.96,27.4,5,45,50
2024-09-26 16:00:00,chennai,3,1,32.62,33.92,68.91,17.94,29,124,153
2024-09-26 17:00:00,chennai,3,2,28.97,30.07,66.94,10.17,40,176,216
2024-09-26 18:00:00,chennai,3,1,28.8,31.16,68.56,20.38,61,190,251
2024-09-26 19:00:00,chennai,3,1,30.77,32.47,75.24,13.19,21,111,132
2024-09-26 20:00:00,chennai,3,2,30.24,34.0,75.34,12.27,9,40,49
2024-09-26 21:00:00,chennai,3,2,26.87,28.53,75.64,12.13,5,22,27
2024-09-26 22:00:00,chennai,3,2,26.71,27.66,78.03,14.52,3,15,18
2024-09-26 23:00:00,chennai,3,1,26.53,30.7,81.76,13.78,5,39,44
2024-09-27 00:00:00,chennai,3,1,26.37,28.28,77.3,15.34,4,28,32
2024-09-27 01:00:00,chennai,3,1,22.7,25.19,78.09,14.26,7,36,43
2024-09-27 02:00:00,chennai,3,1,23.94,26.03,89.13,10.78,8,32,40
2024-09-27 03:00:00,chennai,3,1,24.74,26.86,90.98,11.49,7,33,40
2024-09-27 04:00:00,chennai,3,1,26.38,28.42,76.02,19.2,5,42,47
2024-09-27 05:00:00,chennai,3,1,29.17,29.57,75.73,15.44,9,53,62
2024-09-27 06:00:00,chennai,3,1,26.73,28.59,82.71,12.97,6,68,74
2024-09-27 07:00:00,chennai,3,1,26.28,26.45,77.26,11.01,19,89,108
2024-09-27 08:00:00,chennai,3,1,29.48,30.81,75.38,10.04,60,180,240
2024-09-27 09:00:00,chennai,3,2,31.62,32.39,73.89,11.87,38,178,216
2024-09-27 10:00:00,chennai,3,1,31.13,32.99,65.8,10.28,7,127,134
2024-09-27 11:00:00,chennai,3,1,30.74,32.57,66.58,13.29,9,47,56
2024-09-27 12:00:00,chennai,3,1,33.61,35.59,64.6,18.62,7,38,45
2024-09-27 13:00:00,chennai,3,1,33.66,35.45,58.05,11.68,3,20,23
2024-09-27 14:00:00,chennai,3,1,31.77,32.66,63.58,19.41,1,25,26
2024-09-27 15:00:00,chennai,3,1,33.32,34.56,68.53,16.1,9,43,52
2024-09-27 16:00:00,chennai,3,2,33.66,36.08,61.67,10.67,21,86,107
2024-09-27 17:00:00,chennai,3,1,33.25,35.81,65.69,15.17,29,242,271
2024-09-27 18:00:00,chennai,3,1,30.92,31.27,68.03,10.82,25,214,239
2024-09-27 19:00:00,chennai,3,2,29.61,29.57,67.99,15.32,14,89,103
2024-09-27 20:00:00,chennai,3,2,30.47,31.25,75.38,10.77,11,37,48
2024-09-27 21:00:00,chennai,3,1,26.51,29.06,71.19,12.49,3,17,20
2024-09-27 22:00:00,chennai,3,3,27.53,30.24,83.66,14.18,1,10,11
2024-09-27 23:00:00,chennai,3,2,24.53,25.1,82.2,10.26,3,23,26
2024-09-28 00:00:00,chennai,3,2,26.81,28.62,75.98,10.83,14,22,36
2024-09-28 01:00:00,chennai,3,2,24.83,28.16,90.15,11.93,5,16,21
2024-09-28 02:00:00,chennai,3,1,26.52,28.44,82.84,13.1,10,21,31
2024-09-28 03:00:00,chennai,3,1,25.73,28.65,78.04,19.78,17,34,51
2024-09-28 04:00:00,chennai,3,1,24.07,26.57,86.18,11.04,17,31,48
2024-09-28 05:00:00,chennai,3,1,27.88,28.47,81.54,12.13,18,38,56
2024-09-28 06:00:00,chennai,3,1,28.86,30.17,68.14,13.23,16,39,55
2024-09-28 07:00:00,chennai,3,1,29.02,30.56,71.96,11.75,33,49,82
2024-09-28 08:00:00,chennai,3,3,28.09,29.69,73.4,14.91,21,59,80
2024-09-28 09:00:00,chennai,3,1,29.67,32.08,58.61,11.48,61,82,143
2024-09-28 10:00:00,chennai,3,3,31.17,33.08,67.43,17.4,16,28,44
2024-09-28 11:00:00,chennai,3,2,30.98,29.55,65.72,13.52,34,54,88
2024-09-28 12:00:00,chennai,3,1,34.49,34.68,57.42,10.45,34,63,97
2024-09-28 13:00:00,chennai,3,1,33.04,32.35,63.69,14.93,49,71,120
2024-09-28 14:00:00,chennai,3,1,29.76,31.43,62.04,14.21,41,67,108
2024-09-28 15:00:00,chennai,3,2,33.27,35.01,56.38,12.07,48,67,115
2024-09-28 16:00:00,chennai,3,1,32.05,33.83,67.94,10.06,46,70,116
2024-09-28 17:00:00,chennai,3,1,31.74,32.28,69.12,11.12,67,99,166
2024-09-28 18:00:00,chennai,3,2,30.56,32.73,65.55,12.6,43,94,137
2024-09-28 19:00:00,chennai,3,1,31.0,33.22,68.42,11.12,24,49,73
2024-09-28 20:00:00,chennai,3,1,30.34,30.59,75.63,14.31,14,27,41
2024-09-28 21:00:00,chennai,3,1,28.3,28.34,73.58,16.23,11,20,31
2024-09-28 22:00:00,chennai,3,3,26.59,28.09,67.35,19.69,4,7,11
2024-09-28 23:00:00,chennai,3,1,26.12,29.41,81.51,15.21,14,30,44
2024-09-29 00:00:00,chennai,3,1,25.56,28.76,76.59,15.84,9,18,27
2024-09-29 01:00:00,chennai,3,1,24.17,26.24,79.71,14.69,18,28,46
2024-09-29 02:00:00,chennai,3,1,25.69,26.46,89.29,31.16,8,25,33
2024-09-29 03:00:00,chennai,3,2,25.69,28.08,80.99,11.51,14,21,35
2024-09-29 04:00:00,chennai,3,1,27.38,28.43,80.67,11.55,20,24,44
2024-09-29 05:00:00,chennai,3,1,27.68,28.41,81.62,10.68,14,33,47
2024-09-29 06:00:00,chennai,3,2,26.18,25.53,79.53,13.32,23,31,54
2024-09-29 07:00:00,chennai,3,2,28.95,30.55,69.99,10.51,28,50,78
2024-09-29 08:00:00,chennai,3,1,27.86,28.73,71.7,11.57,46,103,149
2024-09-29 09:00:00,chennai,3,1,30.87,32.47,69.59,13.3,51,80,131
2024-09-29 10:00:00,chennai,3,1,30.38,29.58,68.36,25.8,37,46,83
2024-09-29 11:00:00,chennai,3,2,30.6,32.27,66.38,26.6,23,48,71
2024-09-29 12:00:00,chennai,3,2,32.8,31.87,76.28,16.81,28,66,94
2024-09-29 13:00:00,chennai,3,1,29.65,32.24,56.46,12.47,27,86,113
2024-09-29 14:00:00,chennai,3,2,30.9,32.92,66.9,20.02,39,75,114
2024-09-29 15:00:00,chennai,3,1,32.65,33.87,68.26,20.42,45,80,125
2024-09-29 16:00:00,chennai,3,2,32.56,34.63,65.8,22.05,52,67,119
2024-09-29 17:00:00,chennai,3,1,31.39,31.91,61.68,15.11,73,92,165
2024-09-29 18:00:00,chennai,3,1,29.1,30.68,75.32,11.13,48,104,152
2024-09-29 19:00:00,chennai,3,2,29.05,31.35,58.45,10.48,34,54,88
2024-09-29 20:00:00,chennai,3,1,29.47,27.88,68.58,22.31,7,17,24
2024-09-29 21:00:00,chennai,3,1,28.66,29.72,80.45,10.29,7,14,21
2024-09-29 22:00:00,chennai,3,2,26.98,28.46,75.15,11.75,10,19,29
2024-09-29 23:00:00,chennai,3,1,27.56,28.86,87.05,13.34,9,20,29
2024-09-30 00:00:00,chennai,3,2,26.01,28.97,73.1,10.11,4,21,25
2024-09-30 01:00:00,chennai,3,1,24.24,24.62,76.1,21.87,7,27,34
2024-09-30 02:00:00,chennai,3,2,24.66,25.54,79.34,11.69,6,23,29
2024-09-30 03:00:00,chennai,3,1,23.45,23.04,83.75,10.14,7,42,49
2024-09-30 04:00:00,chennai,3,1,25.41,28.42,79.55,35.25,6,35,41
2024-09-30 05:00:00,chennai,3,1,27.51,28.76,76.62,11.87,3,49,52
2024-09-30 06:00:00,chennai,3,2,27.82,28.88,84.1,20.47,8,40,48
2024-09-30 07:00:00,chennai,3,1,29.65,31.09,82.16,13.02,21,133,154
2024-09-30 08:00:00,chennai,3,1,28.64,30.77,69.93,15.44,33,197,230
2024-09-30 09:00:00,chennai,3,1,31.65,33.5,60.86,11.38,30,208,238
2024-09-30 10:00:00,chennai,3,1,30.77,34.92,56.21,13.49,14,125,139
2024-09-30 11:00:00,chennai,3,2,33.59,35.55,66.13,11.49,5,45,50
2024-09-30 12:00:00,chennai,3,1,32.44,33.47,66.62,25.09,4,30,34
2024-09-30 13:00:00,chennai,3,1,33.71,34.65,62.66,10.31,2,23,25
2024-09-30 14:00:00,chennai,3,1,34.77,35.88,61.65,11.61,4,23,27
2024-09-30 15:00:00,chennai,3,2,32.63,32.63,58.32,21.18,9,40,49
2024-09-30 16:00:00,chennai,3,2,32.73,34.27,66.61,13.27,19,112,131
2024-09-30 17:00:00,chennai,3,1,33.38,35.66,73.32,14.58,41,218,259
2024-09-30 18:00:00,chennai,3,1,30.84,31.73,55.92,15.27,32,202,234
2024-09-30 19:00:00,chennai,3,1,28.45,29.14,69.02,10.37,26,98,124
2024-09-30 20:00:00,chennai,3,1,31.57,34.59,67.15,10.09,8,47,55
2024-09-30 21:00:00,chennai,3,2,27.4,27.47,67.14,23.89,4,18,22
2024-09-30 22:00:00,chennai,3,1,27.19,26.62,71.35,11.58,4,18,22
2024-09-30 23:00:00,chennai,3,3,27.56,27.91,80.97,12.39,2,12,14
2024-10-01 00:00:00,chennai,3,1,22.31,22.27,82.69,15.73,8,28,36
2024-10-01 01:00:00,chennai,3,3,21.43,23.31,88.96,11.35,2,18,20
2024-10-01 02:00:00,chennai,3,1,22.8,23.94,82.04,16.6,8,27,35
2024-10-01 03:00:00,chennai,3,1,20.48,21.76,72.87,13.06,7,45,52
2024-10-01 04:00:00,chennai,3,4,22.69,25.34,79.47,19.71,2,12,14
2024-10-01 05:00:00,chennai,3,1,23.97,24.77,72.14,11.63,3,41,44
2024-10-01 06:00:00,chennai,3,3,24.18,26.45,70.97,11.14,7,31,38
2024-10-01 07:00:00,chennai,3,2,23.61,26.62,77.49,18.91,15,98,113
2024-10-01 08:00:00,chennai,3,3,28.41,29.46,72.97,11.98,23,122,145
2024-10-01 09:00:00,chennai,3,4,27.66,29.9,72.35,12.65,7,38,45
2024-10-01 10:00:00,chennai,3,3,30.22,31.48,65.21,17.89,10,70,80
2024-10-01 11:00:00,chennai,3,3,29.02,31.44,68.88,15.05,7,28,35
2024-10-01 12:00:00,chennai,3,1,28.91,28.84,61.27,12.91,6,29,35
2024-10-01 13:00:00,chennai,3,2,30.69,30.54,67.92,11.44,4,30,34
2024-10-01 14:00:00,chennai,3,3,30.24,31.35,63.72,17.22,1,12,13
2024-10-01 15:00:00,chennai,3,1,28.95,29.56,61.31,10.99,8,35,43
2024-10-01 16:00:00,chennai,3,1,31.73,32.71,64.4,23.17,18,115,133
2024-10-01 17:00:00,chennai,3,2,28.58,29.86,64.84,10.81,39,173,212
2024-10-01 18:00:00,chennai,3,1,26.29,28.51,74.98,18.17,33,206,239
2024-10-01 19:00:00,chennai,3,1,29.13,30.22,70.64,12.76,24,126,150
2024-10-01 20:00:00,chennai,3,3,25.89,26.57,71.99,11.03,6,24,30
2024-10-01 21:00:00,chennai,3,2,24.74,25.88,73.4,12.57,1,18,19
2024-10-01 22:00:00,chennai,3,1,22.38,23.11,81.22,11.25,4,11,15
2024-10-01 23:00:00,chennai,3,1,25.76,26.33,82.61,10.73,5,25,30
2024-10-02 00:00:00,chennai,3,4,21.49,21.38,79.29,11.37,0,7,7
2024-10-02 01:00:00,chennai,3,1,22.71,24.28,75.88,20.1,10,34,44
2024-10-02 02:00:00,chennai,3,3,23.6,24.53,77.49,10.56,5,18,23
2024-10-02 03:00:00,chennai,3,1,23.14,25.61,80.74,27.98,4,26,30
2024-10-02 04:00:00,chennai,3,3,22.96,23.02,87.4,10.03,4,16,20
2024-10-02 05:00:00,chennai,3,3,21.63,22.59,77.82,15.37,3,22,25
2024-10-02 06:00:00,chennai,3,3,23.53,26.84,74.03,19.71,6,33,39
2024-10-02 07:00:00,chennai,3,3,25.69,26.25,65.78,23.59,17,45,62
2024-10-02 08:00:00,chennai,3,2,25.56,26.82,79.57,10.78,35,161,196
2024-10-02 09:00:00,chennai,3,4,27.78,28.06,72.26,15.99,9,34,43
2024-10-02 10:00:00,chennai,3,1,29.32,29.47,70.98,10.57,27,116,143
2024-10-02 11:00:00,chennai,3,1,30.48,33.53,69.74,12.17,5,52,57
2024-10-02 12:00:00,chennai,3,2,28.49,30.16,62.52,16.58,6,29,35
2024-10-02 13:00:00,chennai,3,1,33.0,34.63,62.76,12.12,6,30,36
2024-10-02 14:00:00,chennai,3,4,31.42,31.22,69.44,11.88,2,7,9
2024-10-02 15:00:00,chennai,3,1,30.36,32.22,63.24,10.62,11,36,47
2024-10-02 16:00:00,chennai,3,1,31.27,33.93,66.28,10.34,29,107,136
2024-10-02 17:00:00,chennai,3,1,32.17,34.82,69.28,10.61,29,198,227
2024-10-02 18:00:00,chennai,3,1,26.77,28.94,70.21,20.42,19,226,245
2024-10-02 19:00:00,chennai,3,1,27.26,27.64,68.77,10.06,26,121,147
2024-10-02 20:00:00,chennai,3,1,23.65,25.46,71.83,15.9,8,45,53
2024-10-02 21:00:00,chennai,3,3,25.7,27.86,78.48,17.32,1,6,7
2024-10-02 22:00:00,chennai,3,3,24.94,24.64,80.88,14.2,1,8,9
2024-10-02 23:00:00,chennai,3,1,23.62,24.0,84.91,16.56,5,28,33
2024-10-03 00:00:00,chennai,3,1,22.25,24.64,83.42,15.28,5,25,30
2024-10-03 01:00:00,chennai,3,2,20.18,22.55,84.64,13.04,3,22,25
2024-10-03 02:00:00,chennai,3,2,22.95,22.9,79.77,12.41,6,35,41
2024-10-03 03:00:00,chennai,3,3,24.38,26.68,78.75,24.18,5,26,31
2024-10-03 04:00:00,chennai,3,1,22.33,23.92,84.56,27.87,8,39,47
2024-10-03 05:00:00,chennai,3,1,24.2,26.48,76.2,15.27,6,49,55
2024-10-03 06:00:00,chennai,3,1,22.62,23.48,76.9,11.1,7,54,61
2024-10-03 07:00:00,chennai,3,1,26.01,28.16,81.48,12.97,31,111,142
2024-10-03 08:00:00,chennai,3,1,26.03,28.37,78.1,13.43,33,210,243
2024-10-03 09:00:00,chennai,3,1,26.62,27.77,70.92,17.09,42,200,242
2024-10-03 10:00:00,chennai,3,2,27.59,29.11,65.52,15.51,10,101,111
2024-10-03 11:00:00,chennai,3,2,28.86,29.71,64.31,13.62,12,43,55
2024-10-03 12:00:00,chennai,3,3,30.42,33.57,67.68,15.7,4,13,17
2024-10-03 13:00:00,chennai,3,2,28.79,30.17,62.16,10.12,5,23,28
2024-10-03 14:00:00,chennai,3,3,30.02,30.6,59.21,17.49,1,10,11
2024-10-03 15:00:00,chennai,3,4,30.31,31.1,68.42,11.19,1,7,8
2024-10-03 16:00:00,chennai,3,1,28.65,30.27,64.25,15.34,32,90,122
2024-10-03 17:00:00,chennai,3,1,31.48,33.74,62.04,10.61,39,259,298
2024-10-03 18:00:00,chennai,3,1,27.48,27.64,69.39,10.61,19,225,244
2024-10-03 19:00:00,chennai,3,1,26.73,30.08,74.27,10.18,17,128,145
2024-10-03 20:00:00,chennai,3,1,25.33,27.13,66.96,22.05,11,52,63
2024-10-03 21:00:00,chennai,3,1,27.62,29.59,73.59,14.64,3,26,29
2024-10-03 22:00:00,chennai,3,2,25.16,26.57,75.77,12.25,3,22,25
2024-10-03 23:00:00,chennai,3,2,22.55,24.07,81.33,17.75,2,23,25
2024-10-04 00:00:00,chennai,3,2,24.36,25.72,83.82,14.92,6,20,26
2024-10-04 01:00:00,chennai,3,2,22.88,25.39,78.9,14.84,5,27,32
2024-10-04 02:00:00,chennai,3,2,22.81,24.3,74.54,13.34,3,32,35
2024-10-04 03:00:00,chennai,3,3,22.22,24.49,86.82,10.04,3,28,31
2024-10-04 04:00:00,chennai,3,4,22.14,23.2,75.06,11.5,1,4,5
2024-10-04 05:00:00,chennai,3,3,24.08,25.77,80.43,10.58,5,27,32
2024-10-04 06:00:00,chennai,3,1,23.85,24.54,76.34,15.43,7,59,66
2024-10-04 07:00:00,chennai,3,2,27.64,30.36,75.4,11.43,16,103,119
2024-10-04 08:00:00,chennai,3,3,24.98,25.64,80.26,12.99,16,117,133
2024-10-04 09:00:00,chennai,3,1,29.38,30.55,84.6,12.18,18,216,234
2024-10-04 10:00:00,chennai,3,1,28.37,29.55,58.83,10.77,11,96,107
2024-10-04 11:00:00,chennai,3,1,29.69,30.83,69.85,25.89,6,50,56
2024-10-04 12:00:00,chennai,3,3,30.96,33.19,62.56,23.55,2,22,24
2024-10-04 13:00:00,chennai,3,1,29.61,30.79,67.58,10.44,2,26,28
2024-10-04 14:00:00,chennai,3,3,31.54,34.43,66.79,18.78,2,15,17
2024-10-04 15:00:00,chennai,3,2,27.11,27.8,69.39,13.35,9,38,47
2024-10-04 16:00:00,chennai,3,1,29.1,30.77,64.76,17.43,18,110,128
2024-10-04 17:00:00,chennai,3,2,28.22,28.94,60.48,10.82,12,223,235
2024-10-04 18:00:00,chennai,3,4,27.0,28.92,71.64,10.71,10,38,48
2024-10-04 19:00:00,chennai,3,1,27.28,28.76,70.0,21.07,17,129,146
2024-10-04 20:00:00,chennai,3,4,26.96,28.31,70.83,21.41,2,8,10
2024-10-04 21:00:00,chennai,3,1,26.31,29.0,72.21,13.14,5,22,27
2024-10-04 22:00:00,chennai,3,2,24.79,25.63,82.03,20.21,1,9,10
2024-10-04 23:00:00,chennai,3,1,22.87,24.96,87.09,15.5,3,21,24
2024-10-05 00:00:00,chennai,3,2,23.48,24.21,74.68,11.02,6,16,22
2024-10-05 01:00:00,chennai,3,1,22.79,24.4,84.77,11.99,12,20,32
2024-10-05 02:00:00,chennai,3,2,23.62,23.93,80.14,10.73,14,18,32
2024-10-05 03:00:00,chennai,3,4,23.57,24.41,74.32,17.43,4,8,12
2024-10-05 04:00:00,chennai,3,4,23.07,24.49,81.4,31.08,1,2,3
2024-10-05 05:00:00,chennai,3,2,22.59,25.91,74.91,13.95,17,22,39
2024-10-05 06:00:00,chennai,3,1,23.72,25.32,69.11,15.33,21,39,60
2024-10-05 07:00:00,chennai,3,2,24.8,27.96,70.68,16.85,24,62,86
2024-10-05 08:00:00,chennai,3,1,26.12,27.84,66.86,11.27,41,103,144
2024-10-05 09:00:00,chennai,3,2,27.86,28.97,66.18,12.05,51,66,117
2024-10-05 10:00:00,chennai,3,2,29.36,32.4,60.37,12.66,28,47,75
2024-10-05 11:00:00,chennai,3,3,29.27,31.2,62.95,14.51,15,37,52
2024-10-05 12:00:00,chennai,3,3,29.98,30.84,59.77,19.5,18,32,50
2024-10-05 13:00:00,chennai,3,1,30.54,32.51,64.22,11.47,34,77,111
2024-10-05 14:00:00,chennai,3,2,29.88,31.09,64.97,13.18,24,72,96
2024-10-05 15:00:00,chennai,3,1,29.25,28.76,63.64,16.96,43,86,129
2024-10-05 16:00:00,chennai,3,1,27.86,30.29,62.16,10.46,47,88,135
2024-10-05 17:00:00,chennai,3,3,28.49,31.09,63.62,13.6,23,61,84
2024-10-05 18:00:00,chennai,3,1,29.07,32.41,62.81,10.78,39,97,136
2024-10-05 19:00:00,chennai,3,1,26.69,28.61,65.35,13.87,26,62,88
2024-10-05 20:00:00,chennai,3,2,26.21,27.47,75.52,17.3,8,15,23
2024-10-05 21:00:00,chennai,3,3,26.02,28.36,65.79,11.35,4,8,12
2024-10-05 22:00:00,chennai,3,3,25.12,27.47,76.6,19.47,3,7,10
2024-10-05 23:00:00,chennai,3,1,22.38,25.51,77.45,12.04,11,23,34
2024-10-06 00:00:00,chennai,3,3,24.23,25.69,83.66,11.06,5,10,15
2024-10-06 01:00:00,chennai,3,3,23.99,25.32,74.53,13.13,6,15,21
2024-10-06 02:00:00,chennai,3,1,21.14,21.93,82.06,20.44,16,27,43
2024-10-06 03:00:00,chennai,3,1,21.65,23.69,83.37,10.36,19,31,50
2024-10-06 04:00:00,chennai,3,2,24.47,24.42,71.14,11.98,20,34,54
2024-10-06 05:00:00,chennai,3,1,23.5,25.77,73.7,15.29,13,32,45
2024-10-06 06:00:00,chennai,3,1,21.84,23.92,76.54,12.21,20,32,52
2024-10-06 07:00:00,chennai,3,3,23.79,25.87,77.16,10.37,23,45,68
2024-10-06 08:00:00,chennai,3,3,26.2,27.84,72.91,12.02,31,46,77
2024-10-06 09:00:00,chennai,3,1,26.14,29.17,72.21,18.6,49,82,131
2024-10-06 10:00:00,chennai,3,3,28.0,30.38,61.6,27.22,21,37,58
2024-10-06 11:00:00,chennai,3,4,29.37,30.26,56.99,10.2,5,9,14
2024-10-06 12:00:00,chennai,3,1,31.72,32.63,63.76,14.21,30,45,75
2024-10-06 13:00:00,chennai,3,1,30.02,30.64,56.19,10.56,33,81,114
2024-10-06 14:00:00,chennai,3,1,31.79,33.84,57.67,15.7,39,98,137
2024-10-06 15:00:00,chennai,3,2,32.08,32.58,67.0,10.04,54,56,110
2024-10-06 16:00:00,chennai,3,1,31.69,34.27,64.29,10.07,37,110,147
2024-10-06 17:00:00,chennai,3,1,29.67,32.49,62.09,17.5,48,118,166
2024-10-06 18:00:00,chennai,3,3,26.14,26.77,63.51,10.39,32,51,83
2024-10-06 19:00:00,chennai,3,2,28.09,29.4,72.52,11.82,20,56,76
2024-10-06 20:00:00,chennai,3,1,27.76,29.27,73.06,25.86,14,21,35
2024-10-06 21:00:00,chennai,3,3,25.37,27.75,68.52,31.08,5,8,13
2024-10-06 22:00:00,chennai,3,4,26.59,29.7,67.26,10.88,3,3,6
2024-10-06 23:00:00,chennai,3,3,24.7,24.52,88.48,14.12,6,11,17
2024-10-07 00:00:00,chennai,3,1,23.72,24.9,74.55,14.1,3,27,30
2024-10-07 01:00:00,chennai,3,1,23.94,25.17,84.3,13.01,4,31,35
2024-10-07 02:00:00,chennai,3,2,22.9,23.0,89.55,22.93,9,31,40
2024-10-07 03:00:00,chennai,3,1,19.64,20.66,82.4,17.01,2,36,38
2024-10-07 04:00:00,chennai,3,2,22.44,24.36,77.66,17.23,8,33,41
2024-10-07 05:00:00,chennai,3,1,25.11,26.33,71.94,11.57,3,47,50
2024-10-07 06:00:00,chennai,3,3,23.53,23.49,69.8,12.85,6,35,41
2024-10-07 07:00:00,chennai,3,2,25.2,29.57,76.47,13.34,13,94,107
2024-10-07 08:00:00,chennai,3,1,25.25,27.01,79.25,11.78,31,213,244
2024-10-07 09:00:00,chennai,3,2,29.68,31.29,67.43,10.5,44,160,204
2024-10-07 10:00:00,chennai,3,2,30.52,30.92,64.22,10.68,13,94,107
2024-10-07 11:00:00,chennai,3,1,28.27,30.03,68.42,11.0,10,37,47
2024-10-07 12:00:00,chennai,3,3,30.14,31.48,59.91,11.14,2,15,17
2024-10-07 13:00:00,chennai,3,1,29.55,29.16,63.71,11.39,3,18,21
2024-10-07 14:00:00,chennai,3,1,31.24,31.67,62.21,11.47,3,19,22
2024-10-07 15:00:00,chennai,3,1,30.98,33.27,60.29,13.04,3,39,42
2024-10-07 16:00:00,chennai,3,3,30.94,34.38,63.26,13.56,5,60,65
2024-10-07 17:00:00,chennai,3,3,29.73,31.59,73.74,11.85,20,124,144
2024-10-07 18:00:00,chennai,3,1,32.02,34.63,70.02,21.89,33,222,255
2024-10-07 19:00:00,chennai,3,1,26.3,27.65,74.87,14.03,27,118,145
2024-10-07 20:00:00,chennai,3,1,24.45,25.86,67.41,17.74,3,43,46
2024-10-07 21:00:00,chennai,3,4,24.99,27.58,80.07,22.9,0,3,3
2024-10-07 22:00:00,chennai,3,1,22.62,25.78,80.2,10.89,4,22,26
2024-10-07 23:00:00,chennai,3,3,21.88,24.68,71.57,12.79,2,13,15
2024-10-08 00:00:00,chennai,3,4,21.83,22.27,83.36,12.84,0,2,2
2024-10-08 01:00:00,chennai,3,1,21.53,22.96,79.09,12.19,6,32,38
2024-10-08 02:00:00,chennai,3,1,21.35,23.13,74.27,10.04,8,32,40
2024-10-08 03:00:00,chennai,3,1,23.26,24.5,82.31,18.46,5,45,50
2024-10-08 04:00:00,chennai,3,1,22.43,24.32,83.36,10.59,9,35,44
2024-10-08 05:00:00,chennai,3,4,23.46,25.78,79.83,37.0,1,7,8
2024-10-08 06:00:00,chennai,3,1,25.57,28.08,76.45,17.41,9,56,65
2024-10-08 07:00:00,chennai,3,2,24.55,27.73,72.94,14.34,17,118,135
2024-10-08 08:00:00,chennai,3,1,26.18,27.35,84.33,10.84,53,210,263
2024-10-08 09:00:00,chennai,3,1,27.97,28.11,63.5,13.62,36,217,253
2024-10-08 10:00:00,chennai,3,1,26.17,28.03,71.36,11.51,26,112,138
2024-10-08 11:00:00,chennai,3,1,26.47,29.85,65.01,11.45,7,47,54
2024-10-08 12:00:00,chennai,3,1,30.38,31.4,59.07,18.85,4,18,22
2024-10-08 13:00:00,chennai,3,1,30.95,33.14,62.1,12.4,2,24,26
2024-10-08 14:00:00,chennai,3,1,32.98,35.17,55.04,13.0,9,34,43
2024-10-08 15:00:00,chennai,3,3,30.55,32.24,59.36,19.26,5,31,36
2024-10-08 16:00:00,chennai,3,4,30.95,32.45,63.11,10.46,6,21,27
2024-10-08 17:00:00,chennai,3,1,29.09,29.67,57.17,14.51,33,193,226
2024-10-08 18:00:00,chennai,3,3,28.86,28.08,69.53,14.32,22,121,143
2024-10-08 19:00:00,chennai,3,1,29.54,29.92,64.59,12.77,45,124,169
2024-10-08 20:00:00,chennai,3,2,23.95,25.06,64.74,18.85,8,36,44
2024-10-08 21:00:00,chennai,3,2,25.96,28.56,69.19,24.31,3,18,21
2024-10-08 22:00:00,chennai,3,1,27.06,28.46,87.88,13.13,3,30,33
2024-10-08 23:00:00,chennai,3,3,24.01,24.99,69.18,13.05,2,14,16
2024-10-09 00:00:00,chennai,3,2,25.02,25.63,82.84,13.49,4,18,22
2024-10-09 01:00:00,chennai,3,2,21.88,24.04,77.9,16.42,4,28,32
2024-10-09 02:00:00,chennai,3,1,22.46,25.32,80.25,15.51,6,35,41
2024-10-09 03:00:00,chennai,3,3,22.68,25.24,84.68,11.26,2,21,23
2024-10-09 04:00:00,chennai,3,2,20.37,22.48,83.43,10.33,8,37,45
2024-10-09 05:00:00,chennai,3,1,22.27,22.29,75.67,24.9,8,41,49
2024-10-09 06:00:00,chennai,3,4,23.18,24.33,70.21,11.51,3,13,16
2024-10-09 07:00:00,chennai,3,1,26.45,29.9,77.7,15.09,28,105,133
2024-10-09 08:00:00,chennai,3,3,27.55,30.17,74.76,18.81,22,107,129
2024-10-09 09:00:00,chennai,3,3,27.92,27.89,67.99,11.79,13,128,141
2024-10-09 10:00:00,chennai,3,2,29.49,30.93,69.21,15.05,8,99,107
2024-10-09 11:00:00,chennai,3,1,29.13,30.99,62.7,10.57,10,45,55
2024-10-09 12:00:00,chennai,3,3,31.41,32.14,59.2,27.52,3,14,17
2024-10-09 13:00:00,chennai,3,1,30.37,29.57,62.36,10.3,7,21,28
2024-10-09 14:00:00,chennai,3,1,30.57,32.17,64.6,12.88,4,25,29
2024-10-09 15:00:00,chennai,3,3,30.04,30.76,63.89,13.85,2,26,28
2024-10-09 16:00:00,chennai,3,1,30.79,31.5,65.89,17.81,12,121,133
2024-10-09 17:00:00,chennai,3,1,28.82,29.97,61.13,10.65,29,230,259
2024-10-09 18:00:00,chennai,3,3,29.67,31.04,74.91,12.91,33,105,138
2024-10-09 19:00:00,chennai,3,1,26.18,27.67,67.7,11.78,29,108,137
2024-10-09 20:00:00,chennai,3,4,25.18,25.8,71.41,11.87,2,13,15
2024-10-09 21:00:00,chennai,3,1,26.29,27.57,67.99,17.54,4,25,29
2024-10-09 22:00:00,chennai,3,4,24.39,24.14,76.03,10.03,1,7,8
2024-10-09 23:00:00,chennai,3,1,23.13,24.94,81.73,16.91,2,29,31
2024-10-10 00:00:00,chennai,3,1,24.1,22.75,84.47,18.31,8,32,40
2024-10-10 01:00:00,chennai,3,1,21.91,23.12,89.47,21.58,6,26,32
2024-10-10 02:00:00,chennai,3,1,22.26,24.68,84.6,14.93,7,42,49
2024-10-10 03:00:00,chennai,3,1,24.32,24.76,83.04,12.03,11,36,47
2024-10-10 04:00:00,chennai,3,1,24.88,27.1,78.43,12.79,7,36,43
2024-10-10 05:00:00,chennai,3,4,25.56,28.21,75.76,27.49,2,10,12
2024-10-10 06:00:00,chennai,3,1,24.16,22.35,81.85,20.65,11,58,69
2024-10-10 07:00:00,chennai,3,1,26.94,28.29,79.34,13.11,11,106,117
2024-10-10 08:00:00,chennai,3,1,25.36,23.99,66.61,24.33,49,200,249
2024-10-10 09:00:00,chennai,3,3,26.45,27.83,73.03,18.66,26,105,131
2024-10-10 10:00:00,chennai,3,1,25.68,27.17,70.25,21.57,18,95,113
2024-10-10 11:00:00,chennai,3,1,31.34,30.35,59.36,15.74,5,47,52
2024-10-10 12:00:00,chennai,3,1,28.93,32.35,66.04,19.75,9,33,42
2024-10-10 13:00:00,chennai,3,1,30.21,32.0,57.09,21.12,1,23,24
2024-10-10 14:00:00,chennai,3,1,29.41,30.06,49.85,10.48,3,20,23
2024-10-10 15:00:00,chennai,3,2,31.2,34.16,61.54,26.79,7,34,41
2024-10-10 16:00:00,chennai,3,1,29.51,29.22,64.63,12.03,16,109,125
2024-10-10 17:00:00,chennai,3,3,27.76,28.03,64.35,12.9,13,118,131
2024-10-10 18:00:00,chennai,3,1,29.03,28.23,81.34,17.85,60,215,275
2024-10-10 19:00:00,chennai,3,2,25.81,29.12,71.31,15.47,25,94,119
2024-10-10 20:00:00,chennai,3,2,25.5,27.33,72.74,21.18,8,31,39
2024-10-10 21:00:00,chennai,3,1,22.94,25.1,76.74,12.56,5,24,29
2024-10-10 22:00:00,chennai,3,1,22.79,24.59,74.79,12.34,4,24,28
2024-10-10 23:00:00,chennai,3,1,23.89,25.96,83.72,10.16,7,24,31
2024-10-11 00:00:00,chennai,3,1,20.68,22.26,82.47,13.11,9,33,42
2024-10-11 01:00:00,chennai,3,1,20.86,22.63,83.24,16.44,5,32,37
2024-10-11 02:00:00,chennai,3,2,22.5,24.1,78.88,11.79,14,35,49
2024-10-11 03:00:00,chennai,3,2,21.98,22.88,73.84,13.11,6,35,41
2024-10-11 04:00:00,chennai,3,1,25.43,26.88,78.15,11.24,7,37,44
2024-10-11 05:00:00,chennai,3,2,25.87,27.65,80.48,17.41,9,32,41
2024-10-11 06:00:00,chennai,3,1,23.46,25.07,74.78,10.31,10,49,59
2024-10-11 07:00:00,chennai,3,1,26.13,26.16,76.05,16.11,18,114,132
2024-10-11 08:00:00,chennai,3,1,27.4,27.55,70.84,12.38,39,192,231
2024-10-11 09:00:00,chennai,3,1,26.82,29.4,71.56,10.21,35,197,232
2024-10-11 10:00:00,chennai,3,3,26.71,27.9,62.12,19.6,3,61,64
2024-10-11 11:00:00,chennai,3,2,29.31,31.4,65.89,13.34,8,32,40
2024-10-11 12:00:00,chennai,3,1,29.76,30.16,60.13,14.57,4,28,32
2024-10-11 13:00:00,chennai,3,2,29.84,29.87,54.65,16.58,3,27,30
2024-10-11 14:00:00,chennai,3,2,31.03,31.69,61.17,15.32,5,18,23
2024-10-11 15:00:00,chennai,3,1,29.46,30.74,70.02,16.56,8,42,50
2024-10-11 16:00:00,chennai,3,1,28.58,29.42,56.05,17.18,28,123,151
2024-10-11 17:00:00,chennai,3,2,29.46,32.25,65.53,14.45,32,191,223
2024-10-11 18:00:00,chennai,3,3,28.96,30.64,70.99,12.28,21,107,128
2024-10-11 19:00:00,chennai,3,2,26.12,29.47,80.91,11.39,19,120,139
2024-10-11 20:00:00,chennai,3,1,27.61,29.52,69.54,21.66,7,59,66
2024-10-11 21:00:00,chennai,3,1,23.34,22.43,71.43,27.52,4,18,22
2024-10-11 22:00:00,chennai,3,2,23.81,26.36,71.17,12.21,4,21,25
2024-10-11 23:00:00,chennai,3,3,23.36,23.35,84.77,10.6,3,11,14
2024-10-12 00:00:00,chennai,3,2,22.27,24.0,76.32,11.26,7,24,31
2024-10-12 01:00:00,chennai,3,1,21.96,22.68,79.81,15.55,15,22,37
2024-10-12 02:00:00,chennai,3,3,24.75,28.39,72.76,10.95,8,17,25
2024-10-12 03:00:00,chennai,3,1,21.62,24.55,86.08,17.57,14,29,43
2024-10-12 04:00:00,chennai,3,3,25.97,26.72,86.45,22.82,8,13,21
2024-10-12 05:00:00,chennai,3,1,24.2,25.57,83.3,26.57,18,41,59
2024-10-12 06:00:00,chennai,3,2,24.61,26.36,68.97,10.05,17,36,53
2024-10-12 07:00:00,chennai,3,1,26.04,28.4,77.62,25.87,32,51,83
2024-10-12 08:00:00,chennai,3,1,29.54,31.07,63.64,16.74,44,93,137
2024-10-12 09:00:00,chennai,3,2,26.34,26.82,69.7,10.44,35,77,112
2024-10-12 10:00:00,chennai,3,3,27.16,27.94,68.03,12.68,17,36,53
2024-10-12 11:00:00,chennai,3,1,28.42,29.92,66.48,16.02,33,57,90
2024-10-12 12:00:00,chennai,3,1,30.0,32.74,66.01,25.7,27,66,93
2024-10-12 13:00:00,chennai,3,1,28.29,30.22,62.3,10.9,48,77,125
2024-10-12 14:00:00,chennai,3,1,30.53,31.25,52.19,10.68,53,64,117
2024-10-12 15:00:00,chennai,3,2,32.4,34.54,65.02,13.2,44,81,125
2024-10-12 16:00:00,chennai,3,1,30.15,31.26,63.83,27.23,44,75,119
2024-10-12 17:00:00,chennai,3,2,28.98,31.37,60.42,27.77,56,99,155
2024-10-12 18:00:00,chennai,3,4,27.76,31.79,59.15,11.29,5,13,18
2024-10-12 19:00:00,chennai,3,2,28.61,29.75,77.11,11.92,22,39,61
2024-10-12 20:00:00,chennai,3,3,25.51,27.81,78.16,21.93,8,15,23
2024-10-12 21:00:00,chennai,3,1,27.68,28.44,78.12,16.64,10,12,22
2024-10-12 22:00:00,chennai,3,2,26.82,28.21,73.62,27.93,9,17,26
2024-10-12 23:00:00,chennai,3,2,23.98,25.51,66.49,21.18,9,13,22
2024-10-13 00:00:00,chennai,3,3,23.02,24.33,84.48,11.21,7,12,19
2024-10-13 01:00:00,chennai,3,1,23.87,27.84,83.49,17.13,17,36,53
2024-10-13 02:00:00,chennai,3,1,23.81,25.01,80.13,10.25,15,37,52
2024-10-13 03:00:00,chennai,3,1,21.67,23.76,87.28,18.51,16,28,44
2024-10-13 04:00:00,chennai,3,2,22.4,21.97,84.9,14.6,12,19,31
2024-10-13 05:00:00,chennai,3,3,22.08,24.02,79.95,25.63,8,16,24
2024-10-13 06:00:00,chennai,3,1,24.99,27.63,77.18,26.1,19,40,59
2024-10-13 07:00:00,chennai,3,1,26.26,27.24,74.84,10.26,35,49,84
2024-10-13 08:00:00,chennai,3,2,24.88,23.87,75.4,10.87,39,81,120
2024-10-13 09:00:00,chennai,3,2,26.99,28.45,65.12,13.31,31,74,105
2024-10-13 10:00:00,chennai,3,3,26.88,28.4,69.13,20.58,24,46,70
2024-10-13 11:00:00,chennai,3,4,28.25,30.47,60.33,18.42,6,10,16
2024-10-13 12:00:00,chennai,3,2,30.63,34.14,70.02,26.67,26,57,83
2024-10-13 13:00:00,chennai,3,1,29.48,30.6,65.0,14.81,40,75,115
2024-10-13 14:00:00,chennai,3,1,30.14,30.78,58.56,11.48,31,84,115
2024-10-13 15:00:00,chennai,3,2,28.41,28.74,62.74,10.13,39,65,104
2024-10-13 16:00:00,chennai,3,1,30.19,31.89,59.07,11.26,38,91,129
2024-10-13 17:00:00,chennai,3,2,29.28,31.25,72.45,15.62,48,97,145
2024-10-13 18:00:00,chennai,3,1,27.63,28.58,75.11,23.04,44,96,140
2024-10-13 19:00:00,chennai,3,3,27.31,29.59,72.89,11.93,18,25,43
2024-10-13 20:00:00,chennai,3,1,26.72,28.68,79.78,20.43,14,27,41
2024-10-13 21:00:00,chennai,3,1,24.49,26.03,75.35,12.51,6,13,19
2024-10-13 22:00:00,chennai,3,3,22.73,23.33,80.82,11.84,9,11,20
2024-10-13 23:00:00,chennai,3,1,25.84,26.86,85.19,13.55,15,20,35
2024-10-14 00:00:00,chennai,3,3,22.28,21.35,80.63,12.92,5,20,25
2024-10-14 01:00:00,chennai,3,1,22.52,24.26,82.01,22.26,5,23,28
2024-10-14 02:00:00,chennai,3,1,23.71,25.24,86.67,13.16,6,47,53
2024-10-14 03:00:00,chennai,3,4,26.87,28.56,84.89,11.62,1,6,7
2024-10-14 04:00:00,chennai,3,1,21.54,23.55,76.88,19.24,8,42,50
2024-10-14 05:00:00,chennai,3,2,24.21,26.1,68.14,43.42,6,43,49
2024-10-14 06:00:00,chennai,3,1,23.65,25.04,76.12,15.22,11,62,73
2024-10-14 07:00:00,chennai,3,1,24.82,26.37,64.1,11.44,20,138,158
2024-10-14 08:00:00,chennai,3,1,25.64,25.73,67.04,11.36,20,245,265
2024-10-14 09:00:00,chennai,3,2,26.18,27.1,65.04,10.3,47,169,216
2024-10-14 10:00:00,chennai,3,2,28.45,30.0,64.16,10.4,7,116,123
2024-10-14 11:00:00,chennai,3,1,27.56,28.32,69.03,22.32,17,50,67
2024-10-14 12:00:00,chennai,3,1,31.1,33.46,68.53,10.51,6,38,44
2024-10-14 13:00:00,chennai,3,1,30.43,31.27,64.88,13.31,6,29,35
2024-10-14 14:00:00,chennai,3,1,31.01,32.72,65.16,15.99,6,29,35
2024-10-14 15:00:00,chennai,3,3,29.8,31.42,65.62,19.5,3,25,28
2024-10-14 16:00:00,chennai,3,1,29.52,31.77,50.86,10.94,20,121,141
2024-10-14 17:00:00,chennai,3,1,29.67,32.07,64.98,12.88,36,214,250
2024-10-14 18:00:00,chennai,3,3,27.1,29.3,58.02,11.45,16,115,131
2024-10-14 19:00:00,chennai,3,1,27.11,26.5,71.96,11.48,28,113,141
2024-10-14 20:00:00,chennai,3,3,25.47,28.16,61.53,11.81,3,25,28
2024-10-14 21:00:00,chennai,3,1,24.4,27.42,73.69,14.42,4,22,26
2024-10-14 22:00:00,chennai,3,2,21.97,22.99,79.74,10.08,2,25,27
2024-10-14 23:00:00,chennai,3,1,25.28,27.02,73.48,12.63,3,14,17
2024-10-15 00:00:00,chennai,3,3,22.21,22.82,85.47,11.03,2,11,13
2024-10-15 01:00:00,chennai,3,3,24.03,23.58,84.19,27.07,5,14,19
2024-10-15 02:00:00,chennai,3,1,23.78,24.54,83.9,14.37,5,37,42
2024-10-15 03:00:00,chennai,3,1,21.09,22.05,85.15,20.13,5,31,36
2024-10-15 04:00:00,chennai,3,2,21.73,22.87,78.86,11.09,5,31,36
2024-10-15 05:00:00,chennai,3,1,26.74,27.29,79.83,18.3,10,31,41
2024-10-15 06:00:00,chennai,3,1,26.6,27.37,77.05,12.68,7,52,59
2024-10-15 07:00:00,chennai,3,3,25.43,26.92,74.53,10.98,14,73,87
2024-10-15 08:00:00,chennai,3,1,26.81,27.54,68.64,17.16,32,204,236
2024-10-15 09:00:00,chennai,3,2,26.78,28.82,63.2,17.18,30,182,212
2024-10-15 10:00:00,chennai,3,1,29.02,31.2,65.32,37.47,21,118,139
2024-10-15 11:00:00,chennai,3,1,28.47,32.35,62.97,17.59,12,46,58
2024-10-15 12:00:00,chennai,3,1,27.53,30.15,59.66,10.78,7,24,31
2024-10-15 13:00:00,chennai,3,1,28.78,30.52,66.6,11.95,2,18,20
2024-10-15 14:00:00,chennai,3,2,30.53,31.41,56.14,13.0,5,19,24
2024-10-15 15:00:00,chennai,3,3,29.01,30.8,61.48,10.68,6,24,30
2024-10-15 16:00:00,chennai,3,1,29.88,31.71,69.17,17.76,21,102,123
2024-10-15 17:00:00,chennai,3,2,28.04,29.03,69.47,13.74,47,178,225
2024-10-15 18:00:00,chennai,3,1,27.56,29.84,73.08,24.45,20,210,230
2024-10-15 19:00:00,chennai,3,1,28.56,28.66,66.46,14.45,22,104,126
2024-10-15 20:00:00,chennai,3,1,26.8,28.05,75.92,13.7,12,46,58
2024-10-15 21:00:00,chennai,3,2,25.45,27.51,69.27,10.37,3,19,22
2024-10-15 22:00:00,chennai,3,4,25.55,26.77,75.62,10.81,0,3,3
2024-10-15 23:00:00,chennai,3,1,24.25,25.54,78.16,19.47,6,21,27
2024-10-16 00:00:00,chennai,3,1,24.77,26.13,77.78,33.38,3,24,27
2024-10-16 01:00:00,chennai,3,2,22.08,22.75,79.85,12.68,4,25,29
2024-10-16 02:00:00,chennai,3,3,21.98,24.66,79.53,18.31,1,22,23
2024-10-16 03:00:00,chennai,3,1,21.07,21.56,76.75,14.94,5,32,37
2024-10-16 04:00:00,chennai,3,3,22.52,24.34,84.94,25.98,4,30,34
2024-10-16 05:00:00,chennai,3,1,24.83,26.74,78.16,11.36,4,58,62
2024-10-16 06:00:00,chennai,3,1,26.06,26.61,78.01,13.94,8,59,67
2024-10-16 07:00:00,chennai,3,1,26.62,28.19,75.41,12.63,29,111,140
2024-10-16 08:00:00,chennai,3,1,24.35,24.94,72.27,13.9,37,182,219
2024-10-16 09:00:00,chennai,3,1,28.84,31.73,69.88,11.57,17,228,245
2024-10-16 10:00:00,chennai,3,2,26.29,26.65,65.47,13.44,19,96,115
2024-10-16 11:00:00,chennai,3,2,30.41,31.25,72.02,14.9,9,40,49
2024-10-16 12:00:00,chennai,3,3,29.52,29.8,67.14,10.42,3,15,18
2024-10-16 13:00:00,chennai,3,1,31.21,31.35,62.43,16.79,5,28,33
2024-10-16 14:00:00,chennai,3,1,28.9,31.99,59.76,16.13,4,33,37
2024-10-16 15:00:00,chennai,3,1,31.77,33.81,61.75,20.62,9,43,52
2024-10-16 16:00:00,chennai,3,1,28.21,29.85,65.43,12.77,26,120,146
2024-10-16 17:00:00,chennai,3,3,28.53,29.37,72.43,10.32,21,109,130
2024-10-16 18:00:00,chennai,3,3,27.3,29.71,60.13,13.09,32,101,133
2024-10-16 19:00:00,chennai,3,2,25.43,26.11,72.71,10.74,21,131,152
2024-10-16 20:00:00,chennai,3,3,26.61,28.91,77.63,15.21,3,34,37
2024-10-16 21:00:00,chennai,3,1,27.63,28.26,67.15,10.24,4,12,16
2024-10-16 22:00:00,chennai,3,2,27.7,28.56,76.09,12.34,2,31,33
2024-10-16 23:00:00,chennai,3,1,23.79,26.05,73.75,10.43,4,25,29
2024-10-17 00:00:00,chennai,3,1,24.38,26.74,82.81,10.02,4,39,43
2024-10-17 01:00:00,chennai,3,3,22.91,25.01,79.87,26.16,3,18,21
2024-10-17 02:00:00,chennai,3,1,23.1,23.55,81.35,37.77,7,40,47
2024-10-17 03:00:00,chennai,3,2,22.23,23.28,79.6,14.05,6,48,54
2024-10-17 04:00:00,chennai,3,3,23.27,24.93,84.26,11.37,4,17,21
2024-10-17 05:00:00,chennai,3,1,24.32,24.97,80.22,22.1,6,37,43
2024-10-17 06:00:00,chennai,3,2,23.81,26.68,78.15,22.82,12,44,56
2024-10-17 07:00:00,chennai,3,1,25.37,24.47,75.39,19.64,12,115,127
2024-10-17 08:00:00,chennai,3,3,26.43,27.15,74.86,13.93,11,100,111
2024-10-17 09:00:00,chennai,3,4,28.53,29.52,68.1,10.39,3,33,36
2024-10-17 10:00:00,chennai,3,1,27.22,25.88,75.5,10.46,23,107,130
2024-10-17 11:00:00,chennai,3,3,29.27,29.37,58.75,21.35,5,16,21
2024-10-17 12:00:00,chennai,3,3,32.26,34.38,54.71,20.43,1,10,11
2024-10-17 13:00:00,chennai,3,1,31.76,33.29,53.3,12.85,1,24,25
2024-10-17 14:00:00,chennai,3,2,32.12,35.19,51.6,11.99,5,22,27
2024-10-17 15:00:00,chennai,3,1,30.39,33.44,65.71,15.17,9,42,51
2024-10-17 16:00:00,chennai,3,2,30.35,32.28,66.1,18.23,13,115,128
2024-10-17 17:00:00,chennai,3,3,30.53,32.34,70.97,16.58,22,100,122
2024-10-17 18:00:00,chennai,3,3,30.37,31.94,61.72,14.78,27,114,141
2024-10-17 19:00:00,chennai,3,1,25.19,24.04,73.14,11.32,7,129,136
2024-10-17 20:00:00,chennai,3,4,24.92,25.03,72.28,11.52,1,6,7
2024-10-17 21:00:00,chennai,3,1,27.04,28.64,75.42,16.44,5,21,26
2024-10-17 22:00:00,chennai,3,2,24.17,26.28,80.13,18.11,4,26,30
2024-10-17 23:00:00,chennai,3,2,22.87,24.66,75.29,10.62,5,25,30
2024-10-18 00:00:00,chennai,3,3,21.53,22.14,93.6,11.04,4,14,18
2024-10-18 01:00:00,chennai,3,3,21.97,24.41,88.32,15.7,3,22,25
2024-10-18 02:00:00,chennai,3,2,20.82,23.8,79.34,12.46,8,32,40
2024-10-18 03:00:00,chennai,3,3,25.15,27.58,76.21,14.14,4,21,25
2024-10-18 04:00:00,chennai,3,4,23.01,25.5,80.22,14.77,1,7,8
2024-10-18 05:00:00,chennai,3,1,23.6,24.54,79.98,17.49,3,50,53
2024-10-18 06:00:00,chennai,3,2,25.21,27.78,82.33,18.19,12,54,66
2024-10-18 07:00:00,chennai,3,3,26.62,28.27,68.74,11.64,7,71,78
2024-10-18 08:00:00,chennai,3,1,27.64,29.65,73.43,13.9,46,185,231
2024-10-18 09:00:00,chennai,3,2,28.82,30.69,61.77,10.66,10,185,195
2024-10-18 10:00:00,chennai,3,1,27.74,29.12,69.18,19.23,23,120,143
2024-10-18 11:00:00,chennai,3,3,28.97,29.61,64.39,19.34,5,32,37
2024-10-18 12:00:00,chennai,3,3,30.89,32.3,73.02,11.78,3,9,12
2024-10-18 13:00:00,chennai,3,1,29.73,32.22,54.61,10.88,6,34,40
2024-10-18 14:00:00,chennai,3,3,30.49,31.55,68.85,10.36,4,18,22
2024-10-18 15:00:00,chennai,3,1,30.84,33.24,53.82,14.28,7,44,51
2024-10-18 16:00:00,chennai,3,2,30.91,33.14,56.7,10.48,17,106,123
2024-10-18 17:00:00,chennai,3,3,27.2,28.4,56.54,15.71,30,118,148
2024-10-18 18:00:00,chennai,3,2,29.36,32.25,68.25,15.67,36,206,242
2024-10-18 19:00:00,chennai,3,1,27.25,28.4,63.54,14.76,14,119,133
2024-10-18 20:00:00,chennai,3,1,27.35,30.36,65.26,20.46,9,33,42
2024-10-18 21:00:00,chennai,3,2,26.4,28.33,75.6,12.38,6,19,25
2024-10-18 22:00:00,chennai,3,1,26.43,27.91,79.26,21.63,6,21,27
2024-10-18 23:00:00,chennai,3,1,25.3,25.91,79.27,10.19,5,17,22
2024-10-19 00:00:00,chennai,3,3,24.65,26.06,79.85,10.6,6,13,19
2024-10-19 01:00:00,chennai,3,1,24.37,25.66,90.8,12.66,12,28,40
2024-10-19 02:00:00,chennai,3,2,22.85,23.09,82.73,14.51,8,20,28
2024-10-19 03:00:00,chennai,3,2,22.67,23.96,85.69,10.16,10,26,36
2024-10-19 04:00:00,chennai,3,3,24.08,24.78,81.37,14.19,9,16,25
2024-10-19 05:00:00,chennai,3,1,24.55,26.64,73.58,11.84,25,32,57
2024-10-19 06:00:00,chennai,3,1,24.13,26.94,79.75,20.91,16,43,59
2024-10-19 07:00:00,chennai,3,3,25.95,26.22,71.31,13.81,14,25,39
2024-10-19 08:00:00,chennai,3,1,26.46,29.67,71.55,14.43,46,91,137
2024-10-19 09:00:00,chennai,3,1,26.51,27.88,70.94,24.56,38,94,132
2024-10-19 10:00:00,chennai,3,2,30.05,30.57,57.29,17.22,30,60,90
2024-10-19 11:00:00,chennai,3,2,29.39,31.65,56.88,12.88,30,42,72
2024-10-19 12:00:00,chennai,3,2,32.42,33.48,67.89,13.24,31,56,87
2024-10-19 13:00:00,chennai,3,2,28.41,29.83,59.02,15.22,43,71,114
2024-10-19 14:00:00,chennai,3,1,29.83,30.93,58.92,11.12,46,69,115
2024-10-19 15:00:00,chennai,3,1,30.4,31.09,63.17,10.46,41,69,110
2024-10-19 16:00:00,chennai,3,1,31.33,33.55,61.41,11.86,43,87,130
2024-10-19 17:00:00,chennai,3,3,29.81,31.02,67.02,17.53,22,41,63
2024-10-19 18:00:00,chennai,3,2,28.87,28.94,66.74,11.49,42,101,143
2024-10-19 19:00:00,chennai,3,1,26.18,28.23,70.4,10.7,25,47,72
2024-10-19 20:00:00,chennai,3,1,25.11,25.41,68.49,11.24,13,23,36
2024-10-19 21:00:00,chennai,3,1,25.85,26.2,75.56,15.68,13,19,32
2024-10-19 22:00:00,chennai,3,4,22.86,25.56,82.53,14.76,1,1,2
2024-10-19 23:00:00,chennai,3,1,23.03,23.34,76.23,15.83,12,24,36
2024-10-20 00:00:00,chennai,3,2,23.64,22.82,85.24,11.94,7,17,24
2024-10-20 01:00:00,chennai,3,1,21.46,23.58,81.4,21.56,9,15,24
2024-10-20 02:00:00,chennai,3,3,24.43,25.62,85.67,13.01,5,14,19
2024-10-20 03:00:00,chennai,3,1,24.11,25.39,82.3,13.6,16,34,50
2024-10-20 04:00:00,chennai,3,1,21.15,22.34,80.49,24.86,14,32,46
2024-10-20 05:00:00,chennai,3,1,22.55,24.28,80.82,29.38,16,24,40
2024-10-20 06:00:00,chennai,3,2,21.76,22.5,83.07,15.42,20,34,54
2024-10-20 07:00:00,chennai,3,1,24.53,27.5,75.77,24.49,35,56,91
2024-10-20 08:00:00,chennai,3,2,27.42,27.44,74.39,13.9,45,68,113
2024-10-20 09:00:00,chennai,3,1,27.04,28.98,67.57,11.84,50,107,157
2024-10-20 10:00:00,chennai,3,2,29.05,31.2,74.85,11.89,29,66,95
2024-10-20 11:00:00,chennai,3,1,27.5,28.24,68.13,14.09,23,63,86
2024-10-20 12:00:00,chennai,3,1,30.92,31.4,63.73,14.64,35,64,99
2024-10-20 13:00:00,chennai,3,3,29.7,32.21,61.73,12.9,19,43,62
2024-10-20 14:00:00,chennai,3,3,30.51,31.02,66.89,20.76,24,41,65
2024-10-20 15:00:00,chennai,3,1,30.25,31.15,59.31,12.78,44,63,107
2024-10-20 16:00:00,chennai,3,1,28.44,30.83,54.43,11.6,51,78,129
2024-10-20 17:00:00,chennai,3,2,27.94,29.48,65.29,10.04,54,97,151
2024-10-20 18:00:00,chennai,3,2,29.66,29.36,72.95,27.63,48,88,136
2024-10-20 19:00:00,chennai,3,1,28.01,31.26,77.37,18.7,24,46,70
2024-10-20 20:00:00,chennai,3,2,27.76,28.73,71.46,14.78,14,16,30
2024-10-20 21:00:00,chennai,3,3,25.85,26.95,74.81,18.88,4,8,12
2024-10-20 22:00:00,chennai,3,3,24.67,26.43,79.6,18.31,4,7,11
2024-10-20 23:00:00,chennai,3,1,21.6,23.73,77.75,23.43,10,19,29
2024-10-21 00:00:00,chennai,3,4,22.71,26.17,83.24,12.44,0,2,2
2024-10-21 01:00:00,chennai,3,1,22.6,22.44,81.23,14.05,5,30,35
2024-10-21 02:00:00,chennai,3,1,24.84,27.17,87.06,10.52,6,32,38
2024-10-21 03:00:00,chennai,3,3,23.46,25.7,85.27,26.81,2,21,23
2024-10-21 04:00:00,chennai,3,1,24.88,26.24,84.71,31.04,12,39,51
2024-10-21 05:00:00,chennai,3,1,24.39,26.68,78.04,17.78,7,33,40
2024-10-21 06:00:00,chennai,3,1,23.65,26.08,86.63,13.03,12,46,58
2024-10-21 07:00:00,chennai,3,1,25.61,25.72,77.01,13.43,20,121,141
2024-10-21 08:00:00,chennai,3,1,26.78,30.03,73.24,12.86,30,191,221
2024-10-21 09:00:00,chennai,3,1,26.41,26.35,65.61,11.74,37,226,263
2024-10-21 10:00:00,chennai,3,1,28.04,28.4,66.51,13.75,16,122,138
2024-10-21 11:00:00,chennai,3,1,29.08,30.32,65.5,10.27,12,46,58
2024-10-21 12:00:00,chennai,3,3,31.89,35.32,59.4,34.07,4,15,19
2024-10-21 13:00:00,chennai,3,3,27.87,29.06,60.88,12.76,3,16,19
2024-10-21 14:00:00,chennai,3,4,31.95,33.42,61.17,23.11,1,4,5
2024-10-21 15:00:00,chennai,3,1,29.24,32.17,62.62,16.44,13,36,49
2024-10-21 16:00:00,chennai,3,2,28.32,29.52,54.53,11.71,31,97,128
2024-10-21 17:00:00,chennai,3,1,30.74,31.07,64.25,11.26,34,235,269
2024-10-21 18:00:00,chennai,3,1,29.38,30.46,65.11,37.22,12,233,245
2024-10-21 19:00:00,chennai,3,3,29.04,31.91,69.31,17.39,13,57,70
2024-10-21 20:00:00,chennai,3,3,27.46,29.03,77.18,11.44,4,19,23
2024-10-21 21:00:00,chennai,3,3,27.94,31.37,84.85,10.35,2,12,14
2024-10-21 22:00:00,chennai,3,1,25.17,27.41,80.39,15.97,4,22,26
2024-10-21 23:00:00,chennai,3,1,23.48,24.34,72.9,11.8,6,21,27
2024-10-22 00:00:00,chennai,3,3,23.45,25.0,78.93,11.25,1,12,13
2024-10-22 01:00:00,chennai,3,4,24.13,24.78,84.64,16.64,1,4,5
2024-10-22 02:00:00,chennai,3,3,21.56,22.4,84.42,15.69,5,18,23
2024-10-22 03:00:00,chennai,3,1,21.85,27.83,86.6,13.28,7,40,47
2024-10-22 04:00:00,chennai,3,4,22.67,25.18,80.17,24.29,2,12,14
2024-10-22 05:00:00,chennai,3,2,21.15,23.51,77.25,15.69,4,39,43
2024-10-22 06:00:00,chennai,3,1,24.67,25.54,85.76,21.19,12,47,59
2024-10-22 07:00:00,chennai,3,1,23.2,26.27,74.88,11.06,32,119,151
2024-10-22 08:00:00,chennai,3,4,26.56,29.16,66.92,11.76,10,43,53
2024-10-22 09:00:00,chennai,3,1,28.57,31.96,76.79,10.55,18,192,210
2024-10-22 10:00:00,chennai,3,1,27.93,31.26,59.52,11.82,8,109,117
2024-10-22 11:00:00,chennai,3,1,31.34,31.36,47.45,27.84,9,54,63
2024-10-22 12:00:00,chennai,3,1,28.21,28.6,67.19,26.46,5,27,32
2024-10-22 13:00:00,chennai,3,2,31.79,32.29,66.89,17.14,4,15,19
2024-10-22 14:00:00,chennai,3,1,31.31,31.87,64.07,13.68,4,28,32
2024-10-22 15:00:00,chennai,3,1,28.3,30.13,55.83,17.59,11,44,55
2024-10-22 16:00:00,chennai,3,2,33.22,34.15,63.05,14.03,25,95,120
2024-10-22 17:00:00,chennai,3,1,29.25,32.82,63.54,10.02,44,209,253
2024-10-22 18:00:00,chennai,3,1,27.45,30.85,64.31,13.48,51,213,264
2024-10-22 19:00:00,chennai,3,2,25.85,27.34,76.47,14.57,17,116,133
2024-10-22 20:00:00,chennai,3,1,26.24,29.69,66.77,11.54,5,44,49
2024-10-22 21:00:00,chennai,3,1,25.31,28.3,76.17,11.14,2,18,20
2024-10-22 22:00:00,chennai,3,1,24.62,25.67,82.97,11.6,4,33,37
2024-10-22 23:00:00,chennai,3,3,23.31,22.81,80.98,14.89,5,17,22
2024-10-23 00:00:00,chennai,3,1,23.8,25.08,86.87,10.79,7,30,37
2024-10-23 01:00:00,chennai,3,3,22.17,23.03,84.48,16.37,1,26,27
2024-10-23 02:00:00,chennai,3,1,20.18,21.88,84.15,12.75,7,36,43
2024-10-23 03:00:00,chennai,3,1,22.46,24.05,83.49,12.18,3,47,50
2024-10-23 04:00:00,chennai,3,1,20.19,21.76,83.73,18.23,5,52,57
2024-10-23 05:00:00,chennai,3,1,24.1,26.12,77.14,13.53,9,40,49
2024-10-23 06:00:00,chennai,3,1,23.32,23.61,70.49,12.38,5,73,78
2024-10-23 07:00:00,chennai,3,3,25.66,27.57,79.36,20.53,6,72,78
2024-10-23 08:00:00,chennai,3,4,28.08,29.14,77.81,12.3,4,39,43
2024-10-23 09:00:00,chennai,3,4,26.4,28.1,70.67,19.79,4,47,51
2024-10-23 10:00:00,chennai,3,3,29.77,32.23,64.26,13.51,4,49,53
2024-10-23 11:00:00,chennai,3,1,28.81,29.08,57.14,11.17,7,40,47
2024-10-23 12:00:00,chennai,3,2,32.07,33.29,63.77,14.74,2,31,33
2024-10-23 13:00:00,chennai,3,3,29.93,31.31,55.6,11.68,2,14,16
2024-10-23 14:00:00,chennai,3,3,29.49,30.48,54.56,10.8,2,10,12
2024-10-23 15:00:00,chennai,3,1,31.19,33.59,62.24,10.45,10,44,54
2024-10-23 16:00:00,chennai,3,1,29.44,30.22,59.52,11.38,27,111,138
2024-10-23 17:00:00,chennai,3,2,28.32,29.26,66.66,16.67,19,216,235
2024-10-23 18:00:00,chennai,3,1,27.93,28.72,66.2,19.1,23,250,273
2024-10-23 19:00:00,chennai,3,3,27.48,30.07,66.38,19.89,6,68,74
2024-10-23 20:00:00,chennai,3,1,28.11,29.12,63.48,11.57,8,33,41
2024-10-23 21:00:00,chennai,3,3,23.14,25.1,70.32,15.41,4,18,22
2024-10-23 22:00:00,chennai,3,4,24.53,28.0,72.92,11.31,0,2,2
2024-10-23 23:00:00,chennai,3,2,24.42,25.85,72.94,14.87,2,25,27
2024-10-24 00:00:00,chennai,3,1,23.27,25.88,79.02,20.91,4,21,25
2024-10-24 01:00:00,chennai,3,1,24.21,27.38,75.92,10.21,11,40,51
2024-10-24 02:00:00,chennai,3,3,22.41,24.94,81.18,31.07,7,25,32
2024-10-24 03:00:00,chennai,3,2,22.41,23.9,82.86,18.77,2,29,31
2024-10-24 04:00:00,chennai,3,1,23.75,25.89,76.53,17.17,14,53,67
2024-10-24 05:00:00,chennai,3,1,23.79,24.0,81.2,15.88,4,54,58
2024-10-24 06:00:00,chennai,3,3,24.03,24.75,70.19,17.35,4,24,28
2024-10-24 07:00:00,chennai,3,2,26.08,26.98,69.03,36.1,15,106,121
2024-10-24 08:00:00,chennai,3,1,25.72,29.46,71.43,17.35,38,197,235
2024-10-24 09:00:00,chennai,3,2,26.8,27.49,72.85,12.17,22,202,224
2024-10-24 10:00:00,chennai,3,1,27.87,28.54,71.34,14.76,22,119,141
2024-10-24 11:00:00,chennai,3,1,30.95,31.41,72.99,12.05,6,52,58
2024-10-24 12:00:00,chennai,3,3,26.1,28.16,61.46,27.54,4,21,25
2024-10-24 13:00:00,chennai,3,1,30.84,32.48,61.7,21.52,2,22,24
2024-10-24 14:00:00,chennai,3,1,30.54,33.13,56.84,14.19,3,23,26
2024-10-24 15:00:00,chennai,3,3,28.35,30.52,56.07,17.6,3,17,20
2024-10-24 16:00:00,chennai,3,1,30.34,30.46,64.48,22.02,17,105,122
2024-10-24 17:00:00,chennai,3,1,29.9,30.59,61.05,11.4,47,198,245
2024-10-24 18:00:00,chennai,3,3,29.21,32.07,73.16,14.33,7,128,135
2024-10-24 19:00:00,chennai,3,1,24.35,25.65,62.1,13.29,21,112,133
2024-10-24 20:00:00,chennai,3,1,28.14,30.83,74.43,17.38,5,41,46
2024-10-24 21:00:00,chennai,3,1,24.58,25.93,69.56,12.38,3,16,19
2024-10-24 22:00:00,chennai,3,2,25.32,25.86,72.9,16.17,5,26,31
2024-10-24 23:00:00,chennai,3,2,24.56,25.76,81.77,12.58,8,29,37
2024-10-25 00:00:00,chennai,3,1,21.98,22.52,77.28,10.59,6,35,41
2024-10-25 01:00:00,chennai,3,1,23.43,24.36,79.08,10.57,7,24,31
2024-10-25 02:00:00,chennai,3,1,22.04,23.74,77.94,10.63,6,31,37
2024-10-25 03:00:00,chennai,3,1,20.15,22.16,90.58,10.17,3,34,37
2024-10-25 04:00:00,chennai,3,1,24.44,24.35,77.57,13.81,4,37,41
2024-10-25 05:00:00,chennai,3,1,22.74,24.22,79.33,15.57,7,51,58
2024-10-25 06:00:00,chennai,3,2,23.47,24.39,75.99,10.68,12,65,77
2024-10-25 07:00:00,chennai,3,1,24.98,25.83,75.7,14.73,26,109,135
2024-10-25 08:00:00,chennai,3,1,26.83,28.46,68.93,14.55,46,210,256
2024-10-25 09:00:00,chennai,3,1,27.47,28.42,68.41,10.8,42,188,230
2024-10-25 10:00:00,chennai,3,3,29.16,32.04,68.97,12.59,6,51,57
2024-10-25 11:00:00,chennai,3,1,27.72,30.41,60.61,17.04,11,46,57
2024-10-25 12:00:00,chennai,3,1,29.07,31.76,68.79,10.08,6,32,38
2024-10-25 13:00:00,chennai,3,1,30.22,31.23,68.27,10.79,5,21,26
2024-10-25 14:00:00,chennai,3,2,32.78,33.31,65.03,37.4,2,25,27
2024-10-25 15:00:00,chennai,3,1,30.23,31.81,62.69,16.61,10,50,60
2024-10-25 16:00:00,chennai,3,2,31.27,32.62,48.39,13.12,13,98,111
2024-10-25 17:00:00,chennai,3,1,29.37,30.27,67.05,14.97,21,220,241
2024-10-25 18:00:00,chennai,3,2,27.92,28.24,65.04,19.36,40,180,220
2024-10-25 19:00:00,chennai,3,3,27.24,28.7,68.18,19.24,8,56,64
2024-10-25 20:00:00,chennai,3,3,26.3,27.39,62.51,11.96,6,27,33
2024-10-25 21:00:00,chennai,3,2,26.19,28.38,77.06,13.38,2,22,24
2024-10-25 22:00:00,chennai,3,1,26.15,28.31,69.76,15.08,8,23,31
2024-10-25 23:00:00,chennai,3,1,24.1,26.7,79.66,10.37,4,26,30
2024-10-26 00:00:00,chennai,3,2,24.46,24.7,85.18,24.58,11,24,35
2024-10-26 01:00:00,chennai,3,1,21.48,23.38,79.31,12.83,18,28,46
2024-10-26 02:00:00,chennai,3,1,22.0,22.77,88.08,12.32,14,27,41
2024-10-26 03:00:00,chennai,3,3,21.77,22.05,77.92,21.88,11,11,22
2024-10-26 04:00:00,chennai,3,1,23.41,24.48,83.66,10.63,14,21,35
2024-10-26 05:00:00,chennai,3,3,23.24,25.81,72.55,10.2,13,26,39
2024-10-26 06:00:00,chennai,3,4,25.38,26.5,82.16,15.78,5,10,15
2024-10-26 07:00:00,chennai,3,2,24.35,27.41,78.97,12.43,31,58,89
2024-10-26 08:00:00,chennai,3,2,26.55,28.6,74.34,17.23,37,89,126
2024-10-26 09:00:00,chennai,3,3,28.36,29.47,67.45,10.36,32,45,77
2024-10-26 10:00:00,chennai,3,1,26.02,28.68,59.99,12.42,28,56,84
2024-10-26 11:00:00,chennai,3,1,31.87,33.82,62.98,11.34,28,56,84
2024-10-26 12:00:00,chennai,3,3,29.62,30.19,68.89,16.73,19,33,52
2024-10-26 13:00:00,chennai,3,1,27.93,31.29,62.99,11.29,37,83,120
2024-10-26 14:00:00,chennai,3,2,30.69,32.45,54.23,13.06,44,77,121
2024-10-26 15:00:00,chennai,3,1,30.4,31.92,56.72,18.54,41,86,127
2024-10-26 16:00:00,chennai,3,3,29.87,30.51,69.61,22.35,26,53,79
2024-10-26 17:00:00,chennai,3,4,30.52,33.2,67.37,16.41,13,26,39
2024-10-26 18:00:00,chennai,3,2,29.4,31.41,60.83,12.8,42,91,133
2024-10-26 19:00:00,chennai,3,1,27.89,30.02,60.58,14.24,24,65,89
2024-10-26 20:00:00,chennai,3,3,27.04,28.03,68.87,15.85,7,12,19
2024-10-26 21:00:00,chennai,3,2,25.34,27.67,65.33,20.39,4,13,17
2024-10-26 22:00:00,chennai,3,3,26.63,29.04,76.22,20.97,4,13,17
2024-10-26 23:00:00,chennai,3,1,21.9,22.73,91.33,23.37,10,19,29
2024-10-27 00:00:00,chennai,3,3,23.2,23.29,72.68,18.32,5,9,14
2024-10-27 01:00:00,chennai,3,1,22.71,24.8,80.73,10.79,11,20,31
2024-10-27 02:00:00,chennai,3,1,23.48,23.4,88.56,16.88,17,28,45
2024-10-27 03:00:00,chennai,3,2,21.62,23.28,85.4,18.43,9,26,35
2024-10-27 04:00:00,chennai,3,1,20.94,22.0,79.92,20.51,16,34,50
2024-10-27 05:00:00,chennai,3,3,23.86,26.58,78.34,22.94,9,18,27
2024-10-27 06:00:00,chennai,3,2,24.84,25.94,71.22,13.56,22,39,61
2024-10-27 07:00:00,chennai,3,2,27.25,29.86,73.25,15.32,28,49,77
2024-10-27 08:00:00,chennai,3,1,24.98,25.96,73.22,10.05,53,107,160
2024-10-27 09:00:00,chennai,3,2,28.92,31.42,74.94,14.25,49,90,139
2024-10-27 10:00:00,chennai,3,2,31.34,34.9,63.9,13.2,34,66,100
2024-10-27 11:00:00,chennai,3,1,28.88,29.31,63.98,26.39,26,60,86
2024-10-27 12:00:00,chennai,3,3,28.41,30.21,58.59,21.6,22,41,63
2024-10-27 13:00:00,chennai,3,2,29.88,34.12,63.47,17.99,31,95,126
2024-10-27 14:00:00,chennai,3,3,30.52,32.08,65.92,10.29,24,41,65
2024-10-27 15:00:00,chennai,3,1,31.04,32.6,65.49,12.57,53,72,125
2024-10-27 16:00:00,chennai,3,2,29.25,31.54,57.49,15.95,41,83,124
2024-10-27 17:00:00,chennai,3,3,31.19,32.74,65.66,10.15,35,43,78
2024-10-27 18:00:00,chennai,3,1,27.16,26.96,63.61,11.34,55,89,144
2024-10-27 19:00:00,chennai,3,1,25.45,28.08,74.47,20.92,34,46,80
2024-10-27 20:00:00,chennai,3,1,27.83,27.33,71.19,10.7,10,16,26
2024-10-27 21:00:00,chennai,3,1,22.74,23.82,66.99,10.26,7,11,18
2024-10-27 22:00:00,chennai,3,1,24.26,26.96,75.9,14.34,7,12,19
2024-10-27 23:00:00,chennai,3,3,27.41,28.56,81.36,24.64,4,12,16
2024-10-28 00:00:00,chennai,3,4,23.02,23.83,81.88,19.0,0,4,4
2024-10-28 01:00:00,chennai,3,2,21.29,23.67,79.1,28.4,5,31,36
2024-10-28 02:00:00,chennai,3,1,22.43,23.08,79.07,17.0,4,26,30
2024-10-28 03:00:00,chennai,3,2,22.58,22.85,76.72,12.88,4,30,34
2024-10-28 04:00:00,chennai,3,3,23.23,25.0,78.69,24.65,2,23,25
2024-10-28 05:00:00,chennai,3,2,24.47,25.78,74.79,12.78,7,27,34
2024-10-28 06:00:00,chennai,3,1,23.25,23.51,81.85,12.15,7,68,75
2024-10-28 07:00:00,chennai,3,2,27.49,29.63,70.08,12.97,10,98,108
2024-10-28 08:00:00,chennai,3,1,26.79,28.76,72.61,18.41,35,194,229
2024-10-28 09:00:00,chennai,3,3,28.41,29.55,69.68,22.49,25,99,124
2024-10-28 10:00:00,chennai,3,2,27.75,28.95,71.73,12.21,24,99,123
2024-10-28 11:00:00,chennai,3,2,30.87,32.84,70.38,13.1,6,42,48
2024-10-28 12:00:00,chennai,3,3,29.66,32.35,66.82,21.43,2,13,15
2024-10-28 13:00:00,chennai,3,1,30.7,31.91,64.11,10.24,7,24,31
2024-10-28 14:00:00,chennai,3,1,29.38,31.53,56.76,17.66,5,21,26
2024-10-28 15:00:00,chennai,3,1,29.17,31.23,57.0,13.03,9,37,46
2024-10-28 16:00:00,chennai,3,1,30.79,33.17,59.11,12.36,25,123,148
2024-10-28 17:00:00,chennai,3,2,28.8,30.34,68.69,12.96,35,194,229
2024-10-28 18:00:00,chennai,3,3,27.48,28.06,67.37,12.71,32,94,126
2024-10-28 19:00:00,chennai,3,3,26.76,27.8,73.76,17.07,18,67,85
2024-10-28 20:00:00,chennai,3,1,27.34,29.18,77.01,23.15,9,48,57
2024-10-28 21:00:00,chennai,3,1,24.71,28.03,70.96,13.38,3,12,15
2024-10-28 22:00:00,chennai,3,3,24.36,25.37,77.16,18.94,1,9,10
2024-10-28 23:00:00,chennai,3,1,23.69,25.99,79.01,16.58,2,21,23
2024-10-29 00:00:00,chennai,3,1,20.74,21.91,79.02,12.01,4,37,41
2024-10-29 01:00:00,chennai,3,1,20.87,22.48,78.99,14.43,4,26,30
2024-10-29 02:00:00,chennai,3,1,22.9,25.92,87.92,15.5,6,43,49
2024-10-29 03:00:00,chennai,3,2,21.75,24.02,81.92,10.12,5,40,45
2024-10-29 04:00:00,chennai,3,1,24.3,24.56,80.73,12.52,6,43,49
2024-10-29 05:00:00,chennai,3,1,24.83,25.76,75.06,34.56,8,30,38
2024-10-29 06:00:00,chennai,3,3,25.36,28.12,80.38,15.07,11,34,45
2024-10-29 07:00:00,chennai,3,1,27.65,29.29,69.56,12.03,34,123,157
2024-10-29 08:00:00,chennai,3,1,26.4,26.75,74.27,11.44,11,202,213
2024-10-29 09:00:00,chennai,3,1,28.31,28.99,71.82,11.18,50,193,243
2024-10-29 10:00:00,chennai,3,1,27.8,30.0,64.94,12.57,25,109,134
2024-10-29 11:00:00,chennai,3,1,32.27,34.77,66.52,11.07,9,54,63
2024-10-29 12:00:00,chennai,3,2,32.34,33.86,64.27,10.73,5,38,43
2024-10-29 13:00:00,chennai,3,1,30.38,34.35,62.14,12.26,4,29,33
2024-10-29 14:00:00,chennai,3,3,30.96,33.29,62.06,14.67,4,15,19
2024-10-29 15:00:00,chennai,3,3,31.99,33.25,62.65,10.79,5,24,29
2024-10-29 16:00:00,chennai,3,1,29.79,30.47,63.99,10.23,30,112,142
2024-10-29 17:00:00,chennai,3,1,28.54,29.07,65.23,10.18,49,210,259
2024-10-29 18:00:00,chennai,3,1,29.55,31.38,61.48,11.56,60,210,270
2024-10-29 19:00:00,chennai,3,1,27.63,28.64,68.65,11.05,26,115,141
2024-10-29 20:00:00,chennai,3,1,26.72,29.89,73.32,13.87,4,37,41
2024-10-29 21:00:00,chennai,3,3,24.46,27.43,75.07,13.04,1,14,15
2024-10-29 22:00:00,chennai,3,1,22.44,24.57,81.77,11.96,4,19,23
2024-10-29 23:00:00,chennai,3,3,23.95,24.28,82.17,18.97,2,8,10
2024-10-30 00:00:00,chennai,3,1,24.12,24.95,76.31,13.52,3,24,27
2024-10-30 01:00:00,chennai,3,2,22.37,25.12,80.83,10.48,6,28,34
2024-10-30 02:00:00,chennai,3,1,24.22,25.16,80.44,11.75,6,44,50
2024-10-30 03:00:00,chennai,3,1,21.79,24.41,81.64,28.12,6,38,44
2024-10-30 04:00:00,chennai,3,1,21.77,23.74,80.65,28.86,4,53,57
2024-10-30 05:00:00,chennai,3,2,23.59,25.14,82.13,11.47,8,44,52
2024-10-30 06:00:00,chennai,3,2,24.4,25.2,77.89,10.92,9,65,74
2024-10-30 07:00:00,chennai,3,1,26.39,27.79,80.74,13.42,22,106,128
2024-10-30 08:00:00,chennai,3,1,25.57,27.26,73.21,13.28,15,220,235
2024-10-30 09:00:00,chennai,3,1,29.18,31.71,65.26,12.64,46,212,258
2024-10-30 10:00:00,chennai,3,3,30.86,31.47,64.66,13.77,9,65,74
2024-10-30 11:00:00,chennai,3,1,29.28,30.52,67.95,11.32,5,45,50
2024-10-30 12:00:00,chennai,3,1,31.46,33.01,55.27,10.61,4,28,32
2024-10-30 13:00:00,chennai,3,1,29.1,31.26,55.61,14.23,2,32,34
2024-10-30 14:00:00,chennai,3,2,31.79,32.38,62.05,23.49,4,27,31
2024-10-30 15:00:00,chennai,3,4,31.62,31.8,67.1,10.74,2,11,13
2024-10-30 16:00:00,chennai,3,1,31.0,33.17,69.87,16.1,22,120,142
2024-10-30 17:00:00,chennai,3,3,29.31,29.29,63.84,12.88,22,108,130
2024-10-30 18:00:00,chennai,3,1,24.95,27.74,72.3,11.74,31,220,251
2024-10-30 19:00:00,chennai,3,3,26.77,28.11,69.77,19.59,17,74,91
2024-10-30 20:00:00,chennai,3,2,25.75,25.7,64.34,13.05,6,31,37
2024-10-30 21:00:00,chennai,3,1,24.29,25.31,74.55,14.38,3,14,17
2024-10-30 22:00:00,chennai,3,3,24.65,26.53,73.91,12.93,3,12,15
2024-10-30 23:00:00,chennai,3,4,23.17,24.14,83.66,10.42,0,1,1
2024-10-31 00:00:00,chennai,3,2,22.05,23.57,80.53,14.52,4,28,32
2024-10-31 01:00:00,chennai,3,2,21.37,23.61,75.27,12.71,4,35,39
2024-10-31 02:00:00,chennai,3,1,21.64,22.94,74.5,10.45,11,31,42
2024-10-31 03:00:00,chennai,3,3,23.98,24.55,81.55,14.53,4,20,24
2024-10-31 04:00:00,chennai,3,2,22.24,23.44,68.56,10.05,7,34,41
2024-10-31 05:00:00,chennai,3,1,23.05,25.97,76.48,11.17,10,40,50
2024-10-31 06:00:00,chennai,3,1,23.95,27.14,78.16,17.6,9,52,61
2024-10-31 07:00:00,chennai,3,2,25.87,25.35,69.3,10.19,19,93,112
2024-10-31 08:00:00,chennai,3,1,27.05,29.64,76.97,15.2,32,220,252
2024-10-31 09:00:00,chennai,3,2,23.88,25.63,75.37,24.95,19,208,227
2024-10-31 10:00:00,chennai,3,1,29.73,32.15,61.92,10.94,20,83,103
2024-10-31 11:00:00,chennai,3,3,31.05,32.0,63.44,12.7,3,28,31
2024-10-31 12:00:00,chennai,3,2,28.7,28.44,68.31,14.28,5,20,25
2024-10-31 13:00:00,chennai,3,1,29.2,31.28,62.33,12.99,6,25,31
2024-10-31 14:00:00,chennai,3,1,29.96,30.52,55.03,14.84,1,25,26
2024-10-31 15:00:00,chennai,3,1,29.46,29.57,61.62,12.59,11,45,56
2024-10-31 16:00:00,chennai,3,3,30.23,30.41,59.08,10.8,12,61,73
2024-10-31 17:00:00,chennai,3,1,26.99,29.09,70.47,10.47,27,239,266
2024-10-31 18:00:00,chennai,3,3,27.16,28.8,70.03,16.82,9,127,136
2024-10-31 19:00:00,chennai,3,4,29.38,31.66,67.84,11.36,5,27,32
2024-10-31 20:00:00,chennai,3,1,25.39,27.56,72.71,19.4,8,46,54
2024-10-31 21:00:00,chennai,3,3,26.96,28.04,68.05,16.79,2,10,12
2024-10-31 22:00:00,chennai,3,1,24.93,26.36,73.23,10.25,5,25,30
2024-10-31 23:00:00,chennai,3,1,21.5,22.49,86.84,11.12,3,24,27
2024-11-01 00:00:00,chennai,3,1,21.97,23.26,80.93,11.73,3,32,35
2024-11-01 01:00:00,chennai,3,1,20.66,21.2,86.31,14.51,5,27,32
2024-11-01 02:00:00,chennai,3,1,20.12,22.01,83.16,18.3,7,39,46
2024-11-01 03:00:00,chennai,3,1,21.1,23.68,88.23,10.31,8,31,39
2024-11-01 04:00:00,chennai,3,1,21.78,22.46,70.67,11.44,6,44,50
2024-11-01 05:00:00,chennai,3,2,22.69,25.47,78.13,12.36,9,41,50
2024-11-01 06:00:00,chennai,3,1,24.08,25.7,85.22,11.01,11,64,75
2024-11-01 07:00:00,chennai,3,1,24.12,25.87,79.37,13.94,6,118,124
2024-11-01 08:00:00,chennai,3,1,23.02,22.82,78.63,13.25,46,202,248
2024-11-01 09:00:00,chennai,3,1,25.14,24.83,69.38,11.9,32,214,246
2024-11-01 10:00:00,chennai,3,1,30.2,31.85,64.31,13.64,21,95,116
2024-11-01 11:00:00,chennai,3,1,28.37,30.66,59.79,12.2,9,49,58
2024-11-01 12:00:00,chennai,3,1,30.98,31.81,57.86,12.1,3,23,26
2024-11-01 13:00:00,chennai,3,1,30.21,33.38,66.38,11.54,4,23,27
2024-11-01 14:00:00,chennai,3,1,28.96,31.19,64.57,13.89,6,32,38
2024-11-01 15:00:00,chennai,3,1,28.9,29.49,62.01,12.94,9,48,57
2024-11-01 16:00:00,chennai,3,2,28.09,29.62,65.88,11.09,21,100,121
2024-11-01 17:00:00,chennai,3,1,25.41,29.39,65.64,10.07,35,194,229
2024-11-01 18:00:00,chennai,3,2,26.69,26.95,71.81,10.82,45,146,191
2024-11-01 19:00:00,chennai,3,1,27.16,29.19,74.18,10.22,25,107,132
2024-11-01 20:00:00,chennai,3,1,23.95,25.13,66.67,12.82,9,37,46
2024-11-01 21:00:00,chennai,3,3,24.13,26.34,75.96,11.28,2,8,10
2024-11-01 22:00:00,chennai,3,1,23.69,26.46,68.66,12.73,4,20,24
2024-11-01 23:00:00,chennai,3,3,20.75,21.86,79.74,12.0,2,9,11
2024-11-02 00:00:00,chennai,3,4,20.66,23.28,83.68,13.86,2,4,6
2024-11-02 01:00:00,chennai,3,4,19.58,23.31,75.09,16.43,3,6,9
2024-11-02 02:00:00,chennai,3,1,19.68,21.25,79.92,13.26,15,22,37
2024-11-02 03:00:00,chennai,3,2,19.26,21.55,81.71,10.32,13,33,46
2024-11-02 04:00:00,chennai,3,1,20.13,21.03,81.83,10.09,16,24,40
2024-11-02 05:00:00,chennai,3,1,23.54,25.06,77.68,11.2,12,28,40
2024-11-02 06:00:00,chennai,3,1,21.57,22.89,71.14,12.77,20,49,69
2024-11-02 07:00:00,chennai,3,2,23.79,26.08,74.32,10.23,22,42,64
2024-11-02 08:00:00,chennai,3,1,24.07,26.77,63.74,11.99,43,75,118
2024-11-02 09:00:00,chennai,3,4,27.12,28.51,68.25,20.9,10,17,27
2024-11-02 10:00:00,chennai,3,2,28.24,31.28,64.79,10.47,31,43,74
2024-11-02 11:00:00,chennai,3,1,28.54,31.57,64.26,24.83,25,53,78
2024-11-02 12:00:00,chennai,3,3,28.5,30.85,60.54,19.71,21,28,49
2024-11-02 13:00:00,chennai,3,1,28.26,29.24,54.8,18.91,47,62,109
2024-11-02 14:00:00,chennai,3,3,27.24,28.13,60.17,19.96,25,44,69
2024-11-02 15:00:00,chennai,3,3,30.87,31.55,66.99,10.42,20,44,64
2024-11-02 16:00:00,chennai,3,1,27.22,29.67,69.65,10.82,62,68,130
2024-11-02 17:00:00,chennai,3,1,28.29,28.58,77.13,10.72,68,87,155
2024-11-02 18:00:00,chennai,3,2,27.94,30.12,75.46,10.59,47,84,131
2024-11-02 19:00:00,chennai,3,2,25.04,25.46,63.43,11.99,19,50,69
2024-11-02 20:00:00,chennai,3,1,25.92,28.24,69.96,18.87,12,19,31
2024-11-02 21:00:00,chennai,3,2,24.55,26.07,74.47,11.45,7,14,21
2024-11-02 22:00:00,chennai,3,1,24.74,27.58,76.57,11.4,6,9,15
2024-11-02 23:00:00,chennai,3,1,21.28,23.92,79.42,15.63,8,15,23
2024-11-03 00:00:00,chennai,3,1,19.66,22.6,92.7,10.51,12,32,44
2024-11-03 01:00:00,chennai,3,2,20.2,23.16,76.25,12.23,9,23,32
2024-11-03 02:00:00,chennai,3,4,20.92,22.56,78.43,11.75,2,6,8
2024-11-03 03:00:00,chennai,3,1,20.88,21.22,89.88,19.4,19,24,43
2024-11-03 04:00:00,chennai,3,1,20.73,21.18,77.58,13.61,11,24,35
2024-11-03 05:00:00,chennai,3,1,19.55,18.96,81.04,15.2,11,36,47
2024-11-03 06:00:00,chennai,3,2,23.23,23.65,82.17,10.69,17,34,51
2024-11-03 07:00:00,chennai,3,1,26.0,27.57,77.02,23.22,30,60,90
2024-11-03 08:00:00,chennai,3,1,25.23,26.17,72.96,11.95,67,88,155
2024-11-03 09:00:00,chennai,3,1,26.44,27.76,74.1,16.14,58,79,137
2024-11-03 10:00:00,chennai,3,1,27.36,29.35,62.53,25.46,26,67,93
2024-11-03 11:00:00,chennai,3,1,27.97,29.17,62.45,13.55,26,45,71
2024-11-03 12:00:00,chennai,3,1,29.25,29.63,66.02,13.54,42,67,109
2024-11-03 13:00:00,chennai,3,1,29.01,30.45,51.99,10.62,39,74,113
2024-11-03 14:00:00,chennai,3,1,28.29,28.9,69.08,12.47,51,91,142
2024-11-03 15:00:00,chennai,3,3,27.58,28.81,63.86,19.57,24,36,60
2024-11-03 16:00:00,chennai,3,1,27.84,30.68,64.1,10.73,45,78,123
2024-11-03 17:00:00,chennai,3,1,27.88,29.1,56.78,22.48,63,100,163
2024-11-03 18:00:00,chennai,3,3,26.29,29.56,60.57,15.5,31,42,73
2024-11-03 19:00:00,chennai,3,1,26.08,29.01,67.42,12.73,30,62,92
2024-11-03 20:00:00,chennai,3,2,25.2,26.12,76.04,13.95,13,20,33
2024-11-03 21:00:00,chennai,3,1,24.63,25.02,64.21,10.82,7,13,20
2024-11-03 22:00:00,chennai,3,1,24.21,25.66,80.94,11.23,11,17,28
2024-11-03 23:00:00,chennai,3,1,21.94,24.59,77.27,11.69,9,18,27
2024-11-04 00:00:00,chennai,3,3,19.64,20.65,79.54,12.43,3,14,17
2024-11-04 01:00:00,chennai,3,2,20.39,22.8,82.93,22.36,3,22,25
2024-11-04 02:00:00,chennai,3,1,20.72,23.43,83.35,12.29,8,37,45
2024-11-04 03:00:00,chennai,3,3,18.6,19.33,78.1,13.71,2,21,23
2024-11-04 04:00:00,chennai,3,3,22.87,23.7,83.78,10.88,4,26,30
2024-11-04 05:00:00,chennai,3,2,22.01,24.22,67.47,16.66,6,37,43
2024-11-04 06:00:00,chennai,3,2,23.13,24.78,74.75,14.11,6,60,66
2024-11-04 07:00:00,chennai,3,2,25.27,26.09,75.36,12.9,15,108,123
2024-11-04 08:00:00,chennai,3,1,23.91,25.06,70.28,24.7,16,216,232
2024-11-04 09:00:00,chennai,3,2,26.39,27.82,60.28,21.07,34,170,204
2024-11-04 10:00:00,chennai,3,1,26.54,26.47,70.79,15.39,26,110,136
2024-11-04 11:00:00,chennai,3,1,27.28,29.54,58.69,22.74,5,53,58
2024-11-04 12:00:00,chennai,3,1,27.21,28.23,63.0,14.16,4,36,40
2024-11-04 13:00:00,chennai,3,3,30.53,29.25,63.11,18.77,2,15,17
2024-11-04 14:00:00,chennai,3,3,28.22,29.7,62.1,12.63,1,15,16
2024-11-04 15:00:00,chennai,3,2,29.37,30.13,68.19,10.45,6,32,38
2024-11-04 16:00:00,chennai,3,2,25.88,29.07,63.07,35.71,15,111,126
2024-11-04 17:00:00,chennai,3,1,28.91,29.83,67.07,10.91,39,204,243
2024-11-04 18:00:00,chennai,3,1,27.93,28.33,66.72,11.45,29,227,256
2024-11-04 19:00:00,chennai,3,1,25.82,27.83,72.48,10.89,20,129,149
2024-11-04 20:00:00,chennai,3,1,24.4,25.24,78.97,12.06,11,41,52
2024-11-04 21:00:00,chennai,3,4,24.11,24.84,75.28,11.71,0,3,3
2024-11-04 22:00:00,chennai,3,2,25.42,27.43,80.91,14.6,2,18,20
2024-11-04 23:00:00,chennai,3,2,19.73,20.19,86.35,38.22,4,17,21
2024-11-05 00:00:00,chennai,3,1,22.14,22.19,87.45,10.27,5,33,38
2024-11-05 01:00:00,chennai,3,2,19.71,22.94,79.73,17.54,5,24,29
2024-11-05 02:00:00,chennai,3,1,20.65,22.73,87.18,10.68,8,44,52
2024-11-05 03:00:00,chennai,3,1,20.51,21.74,82.9,10.1,3,42,45
2024-11-05 04:00:00,chennai,3,3,20.69,22.19,86.25,15.09,5,17,22
2024-11-05 05:00:00,chennai,3,1,21.83,23.83,81.91,20.33,5,32,37
2024-11-05 06:00:00,chennai,3,1,21.31,23.78,78.38,10.97,15,52,67
2024-11-05 07:00:00,chennai,3,4,24.87,25.61,76.76,12.09,4,18,22
2024-11-05 08:00:00,chennai,3,1,22.52,24.38,73.28,10.92,57,207,264
2024-11-05 09:00:00,chennai,3,1,26.35,27.35,70.88,21.85,50,200,250
2024-11-05 10:00:00,chennai,3,2,26.28,27.59,66.21,11.58,26,95,121
2024-11-05 11:00:00,chennai,3,2,26.09,27.75,63.67,12.94,8,47,55
2024-11-05 12:00:00,chennai,3,3,28.38,29.87,72.16,21.26,3,10,13
2024-11-05 13:00:00,chennai,3,1,26.67,28.9,64.73,14.02,4,29,33
2024-11-05 14:00:00,chennai,3,4,28.72,30.7,59.13,23.5,1,5,6
2024-11-05 15:00:00,chennai,3,1,26.83,26.82,60.95,23.05,11,48,59
2024-11-05 16:00:00,chennai,3,2,28.69,28.83,68.62,13.1,37,83,120
2024-11-05 17:00:00,chennai,3,1,26.39,27.52,61.25,14.37,49,190,239
2024-11-05 18:00:00,chennai,3,1,26.13,29.46,59.59,11.31,34,237,271
2024-11-05 19:00:00,chennai,3,4,26.06,26.71,62.37,33.3,4,19,23
2024-11-05 20:00:00,chennai,3,3,23.74,25.03,63.36,11.63,2,20,22
2024-11-05 21:00:00,chennai,3,1,23.57,24.53,68.09,17.65,6,19,25
2024-11-05 22:00:00,chennai,3,1,20.85,21.8,71.1,11.88,2,29,31
2024-11-05 23:00:00,chennai,3,1,22.6,24.28,86.0,11.88,5,28,33
2024-11-06 00:00:00,chennai,3,2,23.32,26.22,80.43,10.55,8,24,32
2024-11-06 01:00:00,chennai,3,2,24.16,26.11,79.84,14.1,6,25,31
2024-11-06 02:00:00,chennai,3,1,20.78,21.48,74.78,11.4,6,31,37
2024-11-06 03:00:00,chennai,3,1,21.75,26.01,80.94,10.8,4,41,45
2024-11-06 04:00:00,chennai,3,1,19.07,20.65,71.97,11.29,9,34,43
2024-11-06 05:00:00,chennai,3,2,23.64,24.57,77.22,11.45,5,40,45
2024-11-06 06:00:00,chennai,3,3,23.6,26.51,87.32,13.51,5,39,44
2024-11-06 07:00:00,chennai,3,1,23.05,24.08,77.91,12.44,30,107,137
2024-11-06 08:00:00,chennai,3,3,26.15,29.32,70.95,10.39,13,117,130
2024-11-06 09:00:00,chennai,3,1,25.4,26.03,72.9,13.84,17,201,218
2024-11-06 10:00:00,chennai,3,1,26.12,29.05,64.39,17.75,11,93,104
2024-11-06 11:00:00,chennai,3,1,28.07,29.77,60.93,14.27,10,51,61
2024-11-06 12:00:00,chennai,3,4,26.86,29.65,71.86,28.35,1,4,5
2024-11-06 13:00:00,chennai,3,1,29.76,33.16,56.63,10.52,6,20,26
2024-11-06 14:00:00,chennai,3,3,27.4,27.77,60.23,18.61,3,15,18
2024-11-06 15:00:00,chennai,3,1,27.27,30.05,63.87,13.52,5,49,54
2024-11-06 16:00:00,chennai,3,1,27.04,27.13,58.66,13.69,9,143,152
2024-11-06 17:00:00,chennai,3,3,28.41,28.86,68.18,13.66,25,104,129
2024-11-06 18:00:00,chennai,3,1,25.93,26.63,65.47,11.97,39,199,238
2024-11-06 19:00:00,chennai,3,4,24.09,26.09,72.73,11.96,4,16,20
2024-11-06 20:00:00,chennai,3,3,23.94,25.48,74.93,15.0,3,24,27
2024-11-06 21:00:00,chennai,3,1,23.6,24.93,73.37,10.23,3,18,21
2024-11-06 22:00:00,chennai,3,1,21.25,22.9,85.55,14.44,5,18,23
2024-11-06 23:00:00,chennai,3,4,20.46,22.55,75.74,16.45,1,8,9
2024-11-07 00:00:00,chennai,3,2,23.74,25.91,87.4,12.2,3,30,33
2024-11-07 01:00:00,chennai,3,1,19.77,22.37,87.53,11.23,8,34,42
2024-11-07 02:00:00,chennai,3,1,20.28,23.6,90.85,11.2,7,45,52
2024-11-07 03:00:00,chennai,3,3,20.37,21.84,82.53,10.43,4,17,21
2024-11-07 04:00:00,chennai,3,1,20.7,21.68,76.72,10.47,5,31,36
2024-11-07 05:00:00,chennai,3,1,22.59,24.7,89.46,10.91,9,39,48
2024-11-07 06:00:00,chennai,3,2,23.81,24.16,75.33,10.1,10,47,57
2024-11-07 07:00:00,chennai,3,3,23.27,24.09,70.52,11.55,14,50,64
2024-11-07 08:00:00,chennai,3,1,23.19,25.69,71.05,11.83,51,207,258
2024-11-07 09:00:00,chennai,3,3,27.23,28.61,64.5,36.72,10,110,120
2024-11-07 10:00:00,chennai,3,2,26.56,26.85,69.63,33.95,7,120,127
2024-11-07 11:00:00,chennai,3,2,29.57,29.58,61.9,11.04,6,35,41
2024-11-07 12:00:00,chennai,3,1,25.44,26.99,61.9,11.2,7,30,37
2024-11-07 13:00:00,chennai,3,1,28.77,31.41,67.18,13.39,3,23,26
2024-11-07 14:00:00,chennai,3,2,30.97,33.6,65.12,10.81,6,26,32
2024-11-07 15:00:00,chennai,3,2,28.11,29.72,62.42,13.51,9,45,54
2024-11-07 16:00:00,chennai,3,1,27.86,31.37,64.19,12.55,19,113,132
2024-11-07 17:00:00,chennai,3,3,27.85,29.25,64.99,11.96,18,132,150
2024-11-07 18:00:00,chennai,3,3,26.0,27.36,64.84,18.65,13,122,135
2024-11-07 19:00:00,chennai,3,1,25.33,24.26,69.4,18.8,43,115,158
2024-11-07 20:00:00,chennai,3,3,24.26,25.32,74.45,32.07,1,19,20
2024-11-07 21:00:00,chennai,3,3,22.88,25.23,73.96,11.26,1,9,10
2024-11-07 22:00:00,chennai,3,2,24.14,27.21,79.1,20.96,5,12,17
2024-11-07 23:00:00,chennai,3,1,22.39,23.06,74.89,13.86,2,22,24
2024-11-08 00:00:00,chennai,3,1,21.51,23.47,77.64,14.48,5,35,40
2024-11-08 01:00:00,chennai,3,1,21.78,24.32,77.99,21.33,8,36,44
2024-11-08 02:00:00,chennai,3,3,20.35,21.86,79.17,24.29,5,23,28
2024-11-08 03:00:00,chennai,3,1,19.88,19.09,88.1,16.49,8,36,44
2024-11-08 04:00:00,chennai,3,2,20.48,22.23,84.29,12.14,8,26,34
2024-11-08 05:00:00,chennai,3,1,21.84,24.11,73.69,13.36,6,52,58
2024-11-08 06:00:00,chennai,3,3,21.4,21.95,79.19,14.77,6,32,38
2024-11-08 07:00:00,chennai,3,2,23.03,24.28,72.64,18.82,19,108,127
2024-11-08 08:00:00,chennai,3,2,24.05,24.4,68.59,15.36,27,229,256
2024-11-08 09:00:00,chennai,3,2,28.25,27.18,61.98,12.27,31,166,197
2024-11-08 10:00:00,chennai,3,3,23.34,25.87,71.86,12.71,14,66,80
2024-11-08 11:00:00,chennai,3,3,27.28,28.78,58.11,10.26,6,29,35
2024-11-08 12:00:00,chennai,3,1,30.2,33.3,63.08,22.9,10,37,47
2024-11-08 13:00:00,chennai,3,1,28.68,31.04,57.61,10.46,4,24,28
2024-11-08 14:00:00,chennai,3,2,29.57,30.72,65.88,14.34,4,34,38
2024-11-08 15:00:00,chennai,3,3,28.65,30.07,60.67,20.27,2,23,25
2024-11-08 16:00:00,chennai,3,1,27.33,29.4,62.67,12.73,16,109,125
2024-11-08 17:00:00,chennai,3,3,24.81,27.27,64.43,18.05,12,129,141
2024-11-08 18:00:00,chennai,3,1,26.92,28.74,68.51,18.14,30,230,260
2024-11-08 19:00:00,chennai,3,3,24.77,27.38,69.48,10.31,7,66,73
2024-11-08 20:00:00,chennai,3,2,23.71,24.91,71.78,12.66,5,35,40
2024-11-08 21:00:00,chennai,3,1,23.04,23.54,72.0,15.87,8,24,32
2024-11-08 22:00:00,chennai,3,1,24.76,26.2,69.13,12.74,3,15,18
2024-11-08 23:00:00,chennai,3,2,24.73,26.43,73.48,13.94,7,24,31
2024-11-09 00:00:00,chennai,3,1,21.47,21.76,84.25,14.51,15,25,40
2024-11-09 01:00:00,chennai,3,1,20.25,20.41,80.13,10.82,13,28,41
2024-11-09 02:00:00,chennai,3,1,19.26,21.2,78.68,12.65,13,25,38
2024-11-09 03:00:00,chennai,3,1,21.37,22.46,74.63,10.14,10,28,38
2024-11-09 04:00:00,chennai,3,1,23.35,24.68,72.06,10.81,18,36,54
2024-11-09 05:00:00,chennai,3,1,21.54,22.68,75.56,13.59,14,34,48
2024-11-09 06:00:00,chennai,3,3,19.82,22.84,81.44,14.26,12,19,31
2024-11-09 07:00:00,chennai,3,1,24.44,27.2,71.8,10.79,30,61,91
2024-11-09 08:00:00,chennai,3,1,25.85,26.11,74.0,17.05,50,100,150
2024-11-09 09:00:00,chennai,3,3,23.8,24.77,66.4,12.33,26,52,78
2024-11-09 10:00:00,chennai,3,1,26.88,29.23,70.19,22.67,40,62,102
2024-11-09 11:00:00,chennai,3,1,28.04,30.14,63.17,12.45,28,64,92
2024-11-09 12:00:00,chennai,3,1,28.05,29.5,57.18,10.81,35,80,115
2024-11-09 13:00:00,chennai,3,1,27.58,27.95,61.0,17.09,40,70,110
2024-11-09 14:00:00,chennai,3,2,29.89,30.71,71.17,14.19,48,71,119
2024-11-09 15:00:00,chennai,3,4,28.05,29.03,71.29,12.44,11,19,30
2024-11-09 16:00:00,chennai,3,1,26.35,28.13,65.77,12.2,69,82,151
2024-11-09 17:00:00,chennai,3,4,25.04,28.24,64.24,10.82,9,20,29
2024-11-09 18:00:00,chennai,3,3,28.18,29.0,68.52,12.08,20,63,83
2024-11-09 19:00:00,chennai,3,1,26.45,26.92,71.0,10.15,27,44,71
2024-11-09 20:00:00,chennai,3,1,24.78,26.17,71.8,13.49,9,17,26
2024-11-09 21:00:00,chennai,3,1,23.11,25.64,76.79,21.35,8,14,22
2024-11-09 22:00:00,chennai,3,1,22.04,22.09,78.04,17.93,13,21,34
2024-11-09 23:00:00,chennai,3,2,20.55,23.5,77.49,10.14,7,18,25
2024-11-10 00:00:00,chennai,3,3,20.69,22.02,74.68,20.65,5,10,15
2024-11-10 01:00:00,chennai,3,1,18.26,19.03,79.36,13.01,12,19,31
2024-11-10 02:00:00,chennai,3,3,19.79,19.69,86.0,11.06,8,13,21
2024-11-10 03:00:00,chennai,3,1,20.43,22.64,81.5,16.98,15,29,44
2024-11-10 04:00:00,chennai,3,3,21.94,23.27,82.16,11.95,9,15,24
2024-11-10 05:00:00,chennai,3,1,21.79,23.46,77.66,11.46,24,35,59
2024-11-10 06:00:00,chennai,3,1,23.62,24.22,71.7,10.88,13,38,51
2024-11-10 07:00:00,chennai,3,3,25.25,26.43,73.4,13.33,20,27,47
2024-11-10 08:00:00,chennai,3,2,25.94,26.95,66.89,10.49,38,92,130
2024-11-10 09:00:00,chennai,3,1,26.27,27.67,63.98,17.7,50,82,132
2024-11-10 10:00:00,chennai,3,1,26.68,27.51,73.03,13.18,32,64,96
2024-11-10 11:00:00,chennai,3,1,26.32,26.29,62.83,12.96,36,51,87
2024-11-10 12:00:00,chennai,3,1,29.02,33.25,59.63,10.01,39,61,100
2024-11-10 13:00:00,chennai,3,2,30.55,30.69,70.43,18.52,44,73,117
2024-11-10 14:00:00,chennai,3,1,29.08,30.76,66.07,13.39,49,86,135
2024-11-10 15:00:00,chennai,3,3,30.83,30.56,60.48,12.9,21,45,66
2024-11-10 16:00:00,chennai,3,1,26.3,25.81,65.48,17.16,44,102,146
2024-11-10 17:00:00,chennai,3,4,26.11,27.71,63.75,10.32,8,22,30
2024-11-10 18:00:00,chennai,3,2,27.7,29.37,63.54,12.28,39,84,123
2024-11-10 19:00:00,chennai,3,1,26.02,28.78,71.79,14.29,30,47,77
2024-11-10 20:00:00,chennai,3,1,26.25,28.15,70.38,13.09,11,26,37
2024-11-10 21:00:00,chennai,3,2,23.62,24.97,74.97,11.0,10,14,24
2024-11-10 22:00:00,chennai,3,2,21.63,22.18,82.11,11.78,10,23,33
2024-11-10 23:00:00,chennai,3,2,21.59,24.58,83.63,11.78,10,18,28
2024-11-11 00:00:00,chennai,3,3,19.37,21.8,77.91,34.12,3,17,20
2024-11-11 01:00:00,chennai,3,3,19.45,19.71,84.09,11.97,5,19,24
2024-11-11 02:00:00,chennai,3,2,21.84,23.37,76.36,11.15,4,25,29
2024-11-11 03:00:00,chennai,3,3,21.85,23.5,83.91,18.65,4,21,25
2024-11-11 04:00:00,chennai,3,1,21.64,22.8,81.4,12.73,7,37,44
2024-11-11 05:00:00,chennai,3,1,19.78,22.05,80.97,12.93,7,44,51
2024-11-11 06:00:00,chennai,3,3,22.24,24.57,75.51,13.98,3,30,33
2024-11-11 07:00:00,chennai,3,1,22.16,23.47,85.01,14.53,22,106,128
2024-11-11 08:00:00,chennai,3,1,26.08,27.3,67.49,14.46,38,211,249
2024-11-11 09:00:00,chennai,3,1,25.0,28.0,74.27,10.18,30,192,222
2024-11-11 10:00:00,chennai,3,2,25.37,27.8,61.84,18.54,16,86,102
2024-11-11 11:00:00,chennai,3,1,27.53,29.11,67.45,11.08,9,40,49
2024-11-11 12:00:00,chennai,3,2,27.37,27.24,66.22,11.73,2,31,33
2024-11-11 13:00:00,chennai,3,3,30.31,32.16,62.62,10.95,1,11,12
2024-11-11 14:00:00,chennai,3,1,27.79,29.99,59.52,17.29,2,20,22
2024-11-11 15:00:00,chennai,3,1,26.85,25.6,63.05,14.38,5,45,50
2024-11-11 16:00:00,chennai,3,3,25.55,27.3,64.67,17.04,9,72,81
2024-11-11 17:00:00,chennai,3,2,27.46,28.54,73.88,15.3,45,177,222
2024-11-11 18:00:00,chennai,3,2,26.0,27.27,62.64,10.55,35,178,213
2024-11-11 19:00:00,chennai,3,3,23.99,24.58,66.63,11.79,7,70,77
2024-11-11 20:00:00,chennai,3,4,26.1,27.45,73.42,13.54,1,4,5
2024-11-11 21:00:00,chennai,3,1,24.44,27.33,73.31,11.82,5,23,28
2024-11-11 22:00:00,chennai,3,3,22.64,23.69,76.5,11.16,1,7,8
2024-11-11 23:00:00,chennai,3,3,23.48,25.94,84.42,20.19,2,18,20
2024-11-12 00:00:00,chennai,3,1,22.0,22.69,66.56,16.89,3,26,29
2024-11-12 01:00:00,chennai,3,1,19.82,22.08,78.67,12.12,3,43,46
2024-11-12 02:00:00,chennai,3,2,19.42,20.92,73.29,17.24,11,30,41
2024-11-12 03:00:00,chennai,3,1,21.79,23.64,75.68,14.94,2,29,31
2024-11-12 04:00:00,chennai,3,1,21.68,23.19,92.68,10.02,4,43,47
2024-11-12 05:00:00,chennai,3,3,22.05,24.19,82.06,12.39,5,27,32
2024-11-12 06:00:00,chennai,3,1,21.65,20.59,81.76,11.72,4,63,67
2024-11-12 07:00:00,chennai,3,1,24.36,24.44,74.19,11.23,12,114,126
2024-11-12 08:00:00,chennai,3,2,23.76,25.68,75.79,11.45,29,156,185
2024-11-12 09:00:00,chennai,3,1,25.58,25.04,60.58,24.27,38,201,239
2024-11-12 10:00:00,chennai,3,1,28.41,29.38,72.19,13.33,19,95,114
2024-11-12 11:00:00,chennai,3,2,26.71,28.15,60.83,19.41,8,34,42
2024-11-12 12:00:00,chennai,3,1,26.25,26.92,60.68,11.21,4,21,25
2024-11-12 13:00:00,chennai,3,3,27.27,28.08,64.87,10.96,1,11,12
2024-11-12 14:00:00,chennai,3,2,29.86,31.63,63.58,20.98,5,22,27
2024-11-12 15:00:00,chennai,3,1,28.84,31.35,62.76,13.42,14,50,64
2024-11-12 16:00:00,chennai,3,1,27.98,28.52,56.52,21.28,29,129,158
2024-11-12 17:00:00,chennai,3,3,26.89,27.81,65.43,10.33,15,128,143
2024-11-12 18:00:00,chennai,3,2,27.25,28.02,71.8,22.41,37,168,205
2024-11-12 19:00:00,chennai,3,2,24.69,23.76,66.75,12.68,26,118,144
2024-11-12 20:00:00,chennai,3,3,25.04,26.68,78.57,10.84,2,19,21
2024-11-12 21:00:00,chennai,3,1,22.76,25.19,70.22,15.75,3,20,23
2024-11-12 22:00:00,chennai,3,1,21.59,24.11,77.03,17.97,4,20,24
2024-11-12 23:00:00,chennai,3,1,21.08,21.71,86.75,10.24,6,25,31
2024-11-13 00:00:00,chennai,3,2,20.76,21.0,77.25,31.79,4,27,31
2024-11-13 01:00:00,chennai,3,1,20.75,22.27,86.93,15.97,3,32,35
2024-11-13 02:00:00,chennai,3,1,20.95,23.28,91.87,11.94,6,27,33
2024-11-13 03:00:00,chennai,3,1,18.0,19.65,82.51,10.82,6,41,47
2024-11-13 04:00:00,chennai,3,1,20.24,22.03,78.03,12.49,7,35,42
2024-11-13 05:00:00,chennai,3,1,21.37,24.01,75.21,11.25,9,46,55
2024-11-13 06:00:00,chennai,3,1,24.48,25.24,83.52,13.41,11,57,68
2024-11-13 07:00:00,chennai,3,3,22.34,23.62,80.97,17.61,9,59,68
2024-11-13 08:00:00,chennai,3,2,24.87,28.0,79.25,15.4,43,175,218
2024-11-13 09:00:00,chennai,3,1,27.5,28.8,69.25,12.86,25,207,232
2024-11-13 10:00:00,chennai,3,2,25.09,25.33,72.19,10.63,22,113,135
2024-11-13 11:00:00,chennai,3,1,27.97,28.8,64.68,25.75,5,27,32
2024-11-13 12:00:00,chennai,3,3,27.17,27.73,58.92,11.58,2,9,11
2024-11-13 13:00:00,chennai,3,3,27.93,29.79,67.96,11.63,4,16,20
2024-11-13 14:00:00,chennai,3,3,27.71,28.31,70.17,15.19,2,14,16
2024-11-13 15:00:00,chennai,3,2,27.66,29.43,57.24,17.36,12,35,47
2024-11-13 16:00:00,chennai,3,3,31.4,32.16,58.14,30.72,11,58,69
2024-11-13 17:00:00,chennai,3,1,28.51,27.89,65.13,27.4,58,218,276
2024-11-13 18:00:00,chennai,3,1,27.99,29.8,71.78,22.25,49,203,252
2024-11-13 19:00:00,chennai,3,2,26.3,27.94,63.74,12.86,27,93,120
2024-11-13 20:00:00,chennai,3,3,22.74,24.76,73.14,10.91,5,25,30
2024-11-13 21:00:00,chennai,3,1,24.11,24.94,71.64,14.39,5,18,23
2024-11-13 22:00:00,chennai,3,4,23.96,24.68,80.5,10.09,0,2,2
2024-11-13 23:00:00,chennai,3,1,20.82,22.72,75.08,11.09,4,20,24
2024-11-14 00:00:00,chennai,3,3,22.36,25.38,84.52,10.01,2,16,18
2024-11-14 01:00:00,chennai,3,1,21.65,23.16,80.87,11.0,7,23,30
2024-11-14 02:00:00,chennai,3,1,22.89,24.82,77.31,13.22,5,27,32
2024-11-14 03:00:00,chennai,3,4,20.3,21.48,81.98,12.5,1,7,8
2024-11-14 04:00:00,chennai,3,1,19.89,19.85,70.97,12.3,9,45,54
2024-11-14 05:00:00,chennai,3,2,21.41,23.87,76.28,18.89,5,36,41
2024-11-14 06:00:00,chennai,3,3,24.39,26.8,78.69,15.62,6,28,34
2024-11-14 07:00:00,chennai,3,3,21.44,23.65,65.73,23.78,13,63,76
2024-11-14 08:00:00,chennai,3,2,22.19,23.51,59.14,12.95,34,193,227
2024-11-14 09:00:00,chennai,3,1,25.81,27.91,57.71,11.59,35,205,240
2024-11-14 10:00:00,chennai,3,1,26.14,28.53,73.64,10.65,16,100,116
2024-11-14 11:00:00,chennai,3,2,27.51,30.63,64.55,15.57,9,58,67
2024-11-14 12:00:00,chennai,3,1,29.27,31.76,60.68,19.22,5,23,28
2024-11-14 13:00:00,chennai,3,1,27.87,29.43,67.07,11.02,4,21,25
2024-11-14 14:00:00,chennai,3,1,26.42,26.61,59.98,20.55,7,30,37
2024-11-14 15:00:00,chennai,3,2,30.99,32.64,63.68,13.74,5,38,43
2024-11-14 16:00:00,chennai,3,1,26.94,28.69,63.47,10.78,31,119,150
2024-11-14 17:00:00,chennai,3,2,26.23,28.44,62.57,15.15,39,164,203
2024-11-14 18:00:00,chennai,3,1,27.99,30.85,68.47,13.67,33,208,241
2024-11-14 19:00:00,chennai,3,1,25.24,26.65,73.28,10.14,16,120,136
2024-11-14 20:00:00,chennai,3,2,24.59,28.19,71.08,12.55,11,48,59
2024-11-14 21:00:00,chennai,3,3,24.21,23.95,72.29,17.68,1,20,21
2024-11-14 22:00:00,chennai,3,4,23.97,25.89,75.29,14.05,1,6,7
2024-11-14 23:00:00,chennai,3,1,21.44,22.14,67.58,11.66,4,20,24
2024-11-15 00:00:00,chennai,3,1,23.03,22.62,82.08,23.2,4,27,31
2024-11-15 01:00:00,chennai,3,3,18.24,19.54,75.61,11.36,3,23,26
2024-11-15 02:00:00,chennai,3,3,21.58,21.62,85.15,11.46,4,20,24
2024-11-15 03:00:00,chennai,3,1,19.8,21.14,81.21,12.19,6,50,56
2024-11-15 04:00:00,chennai,3,1,22.85,24.39,81.19,21.25,7,37,44
2024-11-15 05:00:00,chennai,3,1,22.01,24.63,82.57,13.54,6,41,47
2024-11-15 06:00:00,chennai,3,2,21.86,21.85,72.37,15.73,9,51,60
2024-11-15 07:00:00,chennai,3,3,24.43,26.84,76.43,28.7,9,78,87
2024-11-15 08:00:00,chennai,3,3,25.74,27.34,73.34,17.65,26,110,136
2024-11-15 09:00:00,chennai,3,1,26.48,29.0,68.49,10.95,36,213,249
2024-11-15 10:00:00,chennai,3,1,25.43,26.5,62.36,17.76,14,109,123
2024-11-15 11:00:00,chennai,3,1,26.92,27.09,67.91,16.9,6,39,45
2024-11-15 12:00:00,chennai,3,1,28.13,28.41,66.86,11.32,10,32,42
2024-11-15 13:00:00,chennai,3,1,28.48,28.69,62.91,11.97,5,25,30
2024-11-15 14:00:00,chennai,3,1,29.57,31.55,56.65,16.19,6,23,29
2024-11-15 15:00:00,chennai,3,2,26.12,29.09,59.7,11.36,4,49,53
2024-11-15 16:00:00,chennai,3,1,28.54,29.47,63.04,11.17,19,118,137
2024-11-15 17:00:00,chennai,3,3,27.15,29.28,68.37,16.08,14,121,135
2024-11-15 18:00:00,chennai,3,1,25.66,25.64,59.08,20.63,35,248,283
2024-11-15 19:00:00,chennai,3,1,24.81,26.49,66.59,10.39,13,103,116
2024-11-15 20:00:00,chennai,3,1,24.41,26.58,69.99,12.95,9,31,40
2024-11-15 21:00:00,chennai,3,1,19.31,19.37,74.17,14.67,4,16,20
2024-11-15 22:00:00,chennai,3,1,21.83,23.12,70.49,15.64,2,18,20
2024-11-15 23:00:00,chennai,3,2,20.79,23.01,77.98,37.86,4,26,30
2024-11-16 00:00:00,chennai,3,1,21.85,20.41,79.11,15.74,13,21,34
2024-11-16 01:00:00,chennai,3,3,19.84,22.67,76.47,14.84,7,12,19
2024-11-16 02:00:00,chennai,3,1,20.41,22.27,81.41,32.89,13,19,32
2024-11-16 03:00:00,chennai,3,1,22.66,24.87,78.95,10.31,15,25,40
2024-11-16 04:00:00,chennai,3,1,22.4,23.49,83.14,10.39,16,21,37
2024-11-16 05:00:00,chennai,3,1,22.92,22.7,74.64,14.11,16,28,44
2024-11-16 06:00:00,chennai,3,1,22.07,24.1,77.45,12.22,23,46,69
2024-11-16 07:00:00,chennai,3,3,24.29,25.7,70.55,10.51,17,37,54
2024-11-16 08:00:00,chennai,3,1,24.39,25.92,69.0,11.83,43,102,145
2024-11-16 09:00:00,chennai,3,2,25.47,28.06,70.9,15.61,35,86,121
2024-11-16 10:00:00,chennai,3,3,27.16,29.42,68.17,20.63,22,36,58
2024-11-16 11:00:00,chennai,3,1,26.78,30.2,62.84,10.5,40,53,93
2024-11-16 12:00:00,chennai,3,1,29.93,31.58,61.99,13.88,33,59,92
2024-11-16 13:00:00,chennai,3,1,28.34,29.15,55.07,11.76,49,63,112
2024-11-16 14:00:00,chennai,3,1,29.41,30.72,69.01,15.5,38,71,109
2024-11-16 15:00:00,chennai,3,1,30.28,32.2,65.78,13.99,47,76,123
2024-11-16 16:00:00,chennai,3,1,29.37,31.89,66.6,23.07,34,92,126
2024-11-16 17:00:00,chennai,3,3,25.81,25.84,56.95,10.19,34,54,88
2024-11-16 18:00:00,chennai,3,2,27.2,28.71,64.02,13.17,38,82,120
2024-11-16 19:00:00,chennai,3,1,26.73,29.84,67.74,11.07,29,46,75
2024-11-16 20:00:00,chennai,3,3,25.74,27.0,62.34,13.85,9,13,22
2024-11-16 21:00:00,chennai,3,2,22.3,24.73,79.04,19.61,9,15,24
2024-11-16 22:00:00,chennai,3,4,21.88,23.87,84.27,22.11,1,1,2
2024-11-16 23:00:00,chennai,3,1,23.03,25.49,89.38,12.54,12,23,35
2024-11-17 00:00:00,chennai,3,1,20.29,20.98,75.43,18.35,13,20,33
2024-11-17 01:00:00,chennai,3,1,20.45,21.14,82.25,11.65,21,27,48
2024-11-17 02:00:00,chennai,3,3,22.56,24.08,88.61,10.03,7,13,20
2024-11-17 03:00:00,chennai,3,1,20.75,20.72,80.39,19.66,15,27,42
2024-11-17 04:00:00,chennai,3,1,20.33,21.56,77.83,10.64,11,33,44
2024-11-17 05:00:00,chennai,3,1,20.79,22.54,69.74,10.09,19,33,52
2024-11-17 06:00:00,chennai,3,1,23.07,26.35,82.66,12.18,18,39,57
2024-11-17 07:00:00,chennai,3,1,22.03,23.94,74.49,12.39,33,64,97
2024-11-17 08:00:00,chennai,3,1,24.37,26.5,68.35,10.4,53,89,142
2024-11-17 09:00:00,chennai,3,1,26.11,28.77,70.83,18.41,40,108,148
2024-11-17 10:00:00,chennai,3,1,28.23,28.76,67.77,12.6,42,71,113
2024-11-17 11:00:00,chennai,3,1,28.3,29.63,65.77,13.37,29,51,80
2024-11-17 12:00:00,chennai,3,2,27.28,31.2,62.25,11.54,36,58,94
2024-11-17 13:00:00,chennai,3,1,29.95,31.37,70.45,13.58,40,87,127
2024-11-17 14:00:00,chennai,3,1,28.31,30.93,61.33,17.28,55,80,135
2024-11-17 15:00:00,chennai,3,1,27.05,29.51,70.44,21.83,43,76,119
2024-11-17 16:00:00,chennai,3,3,27.93,27.95,66.16,27.62,18,39,57
2024-11-17 17:00:00,chennai,3,3,29.22,31.03,66.68,12.78,24,63,87
2024-11-17 18:00:00,chennai,3,2,26.87,28.51,66.43,33.04,42,88,130
2024-11-17 19:00:00,chennai,3,2,25.72,27.55,74.28,11.75,30,45,75
2024-11-17 20:00:00,chennai,3,1,26.63,27.38,72.56,10.04,11,19,30
2024-11-17 21:00:00,chennai,3,3,21.92,22.3,69.93,17.3,2,8,10
2024-11-17 22:00:00,chennai,3,4,21.13,22.15,72.17,10.98,1,2,3
2024-11-17 23:00:00,chennai,3,2,19.9,21.3,81.18,10.27,10,18,28
2024-11-18 00:00:00,chennai,3,3,21.65,24.34,76.12,22.89,2,8,10
2024-11-18 01:00:00,chennai,3,3,21.01,24.32,81.35,17.85,4,14,18
2024-11-18 02:00:00,chennai,3,1,22.52,25.42,87.29,10.54,7,41,48
2024-11-18 03:00:00,chennai,3,2,21.1,23.46,83.18,17.5,7,34,41
2024-11-18 04:00:00,chennai,3,1,20.72,21.22,77.05,19.29,4,46,50
2024-11-18 05:00:00,chennai,3,1,21.84,22.93,86.12,21.79,2,42,44
2024-11-18 06:00:00,chennai,3,1,22.81,24.52,79.74,13.92,10,67,77
2024-11-18 07:00:00,chennai,3,2,21.63,22.5,79.68,16.08,27,108,135
2024-11-18 08:00:00,chennai,3,2,27.92,30.0,60.66,17.18,28,149,177
2024-11-18 09:00:00,chennai,3,4,26.33,28.55,71.07,15.83,5,37,42
2024-11-18 10:00:00,chennai,3,3,26.92,28.96,71.21,15.2,9,36,45
2024-11-18 11:00:00,chennai,3,1,28.24,30.76,73.43,13.97,13,41,54
2024-11-18 12:00:00,chennai,3,3,28.99,29.58,56.02,13.26,1,11,12
2024-11-18 13:00:00,chennai,3,1,28.36,30.8,68.37,37.77,4,25,29
2024-11-18 14:00:00,chennai,3,1,27.91,28.72,70.22,12.06,4,26,30
2024-11-18 15:00:00,chennai,3,2,29.25,29.81,52.25,10.46,7,36,43
2024-11-18 16:00:00,chennai,3,1,28.6,30.63,65.73,17.24,16,110,126
2024-11-18 17:00:00,chennai,3,1,26.53,29.24,68.02,11.2,69,169,238
2024-11-18 18:00:00,chennai,3,3,28.37,30.36,65.36,13.8,21,124,145
2024-11-18 19:00:00,chennai,3,1,26.06,27.58,66.96,10.5,19,95,114
2024-11-18 20:00:00,chennai,3,1,25.55,27.36,75.34,14.83,6,29,35
2024-11-18 21:00:00,chennai,3,1,25.3,26.94,71.51,24.41,3,27,30
2024-11-18 22:00:00,chennai,3,3,22.7,23.07,75.91,16.41,3,16,19
2024-11-18 23:00:00,chennai,3,2,22.22,22.48,83.13,11.21,2,25,27
2024-11-19 00:00:00,chennai,3,2,22.18,23.6,89.43,27.73,5,16,21
2024-11-19 01:00:00,chennai,3,4,19.94,21.52,84.35,11.83,0,2,2
2024-11-19 02:00:00,chennai,3,3,20.73,22.25,82.67,12.87,3,18,21
2024-11-19 03:00:00,chennai,3,3,20.96,23.13,79.08,13.45,5,30,35
2024-11-19 04:00:00,chennai,3,1,20.06,21.34,75.61,33.4,8,33,41
2024-11-19 05:00:00,chennai,3,3,24.62,26.69,84.62,10.36,5,24,29
2024-11-19 06:00:00,chennai,3,3,20.98,22.34,76.23,15.97,2,31,33
2024-11-19 07:00:00,chennai,3,3,22.08,25.4,80.34,12.25,11,58,69
2024-11-19 08:00:00,chennai,3,1,26.25,27.83,70.35,10.41,47,185,232
2024-11-19 09:00:00,chennai,3,1,26.56,30.4,66.17,23.67,11,209,220
2024-11-19 10:00:00,chennai,3,1,25.44,27.29,69.1,14.46,19,103,122
2024-11-19 11:00:00,chennai,3,2,28.23,29.51,64.55,17.0,6,48,54
2024-11-19 12:00:00,chennai,3,1,29.9,30.5,57.31,11.37,9,32,41
2024-11-19 13:00:00,chennai,3,4,28.5,28.55,71.43,17.17,1,4,5
2024-11-19 14:00:00,chennai,3,1,31.79,32.3,58.87,18.82,4,28,32
2024-11-19 15:00:00,chennai,3,1,26.46,27.09,66.98,12.82,14,57,71
2024-11-19 16:00:00,chennai,3,2,28.97,30.86,67.55,14.24,12,99,111
2024-11-19 17:00:00,chennai,3,1,28.9,29.87,58.63,27.86,42,229,271
2024-11-19 18:00:00,chennai,3,1,27.74,29.43,61.99,19.38,40,206,246
2024-11-19 19:00:00,chennai,3,1,25.46,28.24,67.9,12.94,19,114,133
2024-11-19 20:00:00,chennai,3,3,24.32,25.73,67.67,15.46,3,27,30
2024-11-19 21:00:00,chennai,3,3,24.17,27.75,83.22,17.67,2,15,17
2024-11-19 22:00:00,chennai,3,1,23.65,23.97,76.0,10.12,3,20,23
2024-11-19 23:00:00,chennai,3,3,22.56,23.91,83.52,14.44,1,12,13
2024-11-20 00:00:00,chennai,3,1,22.45,23.41,83.23,30.84,5,25,30
2024-11-20 01:00:00,chennai,3,3,19.58,22.02,82.98,24.7,1,8,9
2024-11-20 02:00:00,chennai,3,3,20.4,19.66,82.2,18.93,3,13,16
2024-11-20 03:00:00,chennai,3,1,19.68,19.74,87.84,10.56,6,29,35
2024-11-20 04:00:00,chennai,3,1,20.74,22.14,76.53,35.61,4,38,42
2024-11-20 05:00:00,chennai,3,1,23.06,26.11,87.7,14.7,6,43,49
2024-11-20 06:00:00,chennai,3,2,22.8,24.53,70.56,11.26,7,58,65
2024-11-20 07:00:00,chennai,3,2,26.76,26.91,78.5,15.61,18,125,143
2024-11-20 08:00:00,chennai,3,1,24.9,25.2,64.97,19.71,32,198,230
2024-11-20 09:00:00,chennai,3,1,25.78,28.95,67.83,10.6,52,201,253
2024-11-20 10:00:00,chennai,3,2,26.8,27.68,67.47,22.41,11,84,95
2024-11-20 11:00:00,chennai,3,1,26.73,27.29,62.5,22.64,13,54,67
2024-11-20 12:00:00,chennai,3,2,28.06,31.04,62.43,10.07,4,22,26
2024-11-20 13:00:00,chennai,3,2,29.89,32.4,55.41,21.53,4,13,17
2024-11-20 14:00:00,chennai,3,1,28.81,31.58,57.06,24.67,4,29,33
2024-11-20 15:00:00,chennai,3,2,27.58,28.13,64.83,10.19,5,41,46
2024-11-20 16:00:00,chennai,3,1,27.02,27.0,63.49,11.74,20,109,129
2024-11-20 17:00:00,chennai,3,2,26.96,28.59,61.48,12.33,17,228,245
2024-11-20 18:00:00,chennai,3,1,26.76,28.59,73.62,12.15,44,237,281
2024-11-20 19:00:00,chennai,3,1,27.14,29.0,63.31,17.11,27,122,149
2024-11-20 20:00:00,chennai,3,2,23.06,26.04,70.19,12.22,10,40,50
2024-11-20 21:00:00,chennai,3,3,23.25,23.02,72.06,25.68,2,11,13
2024-11-20 22:00:00,chennai,3,2,22.84,25.2,80.08,36.48,3,19,22
2024-11-20 23:00:00,chennai,3,2,19.64,20.04,79.31,11.9,7,23,30
2024-11-21 00:00:00,chennai,3,3,20.21,22.56,80.12,13.55,2,11,13
2024-11-21 01:00:00,chennai,3,4,19.99,21.02,72.44,14.08,1,10,11
2024-11-21 02:00:00,chennai,3,4,19.71,20.4,86.33,14.33,1,4,5
2024-11-21 03:00:00,chennai,3,1,21.04,21.93,80.57,12.34,3,39,42
2024-11-21 04:00:00,chennai,3,1,21.01,21.07,81.24,10.91,4,44,48
2024-11-21 05:00:00,chennai,3,3,21.18,22.72,75.33,10.28,3,18,21
2024-11-21 06:00:00,chennai,3,2,23.18,23.91,72.47,10.56,6,63,69
2024-11-21 07:00:00,chennai,3,2,25.7,27.99,82.08,21.58,15,110,125
2024-11-21 08:00:00,chennai,3,1,26.64,28.78,63.13,11.65,23,224,247
2024-11-21 09:00:00,chennai,3,2,23.4,26.59,64.14,10.4,30,163,193
2024-11-21 10:00:00,chennai,3,3,27.36,29.23,74.4,14.88,7,56,63
2024-11-21 11:00:00,chennai,3,1,27.28,29.31,68.13,10.39,11,50,61
2024-11-21 12:00:00,chennai,3,4,28.32,31.22,61.71,10.36,1,4,5
2024-11-21 13:00:00,chennai,3,1,28.06,28.93,68.57,14.86,3,27,30
2024-11-21 14:00:00,chennai,3,1,28.81,28.82,64.23,14.48,6,24,30
2024-11-21 15:00:00,chennai,3,1,28.72,30.42,63.5,10.21,7,46,53
2024-11-21 16:00:00,chennai,3,3,27.44,27.52,64.47,13.09,6,56,62
2024-11-21 17:00:00,chennai,3,2,26.42,30.38,67.26,12.86,36,175,211
2024-11-21 18:00:00,chennai,3,1,26.13,29.09,69.53,13.96,57,181,238
2024-11-21 19:00:00,chennai,3,2,25.99,29.65,80.39,16.69,18,110,128
2024-11-21 20:00:00,chennai,3,1,25.39,26.95,71.03,11.66,4,48,52
2024-11-21 21:00:00,chennai,3,1,24.66,26.71,73.77,12.84,5,19,24
2024-11-21 22:00:00,chennai,3,1,22.08,23.12,70.82,17.87,5,18,23
2024-11-21 23:00:00,chennai,3,4,22.18,24.56,78.81,22.79,1,6,7
2024-11-22 00:00:00,chennai,3,1,22.36,22.65,89.97,21.1,3,23,26
2024-11-22 01:00:00,chennai,3,1,22.2,21.16,86.58,13.25,6,36,42
2024-11-22 02:00:00,chennai,3,2,20.6,21.31,79.28,13.68,2,34,36
2024-11-22 03:00:00,chennai,3,1,20.54,20.59,81.81,13.77,8,23,31
2024-11-22 04:00:00,chennai,3,2,21.44,24.41,74.18,20.15,4,24,28
2024-11-22 05:00:00,chennai,3,1,20.46,23.78,74.23,19.16,6,35,41
2024-11-22 06:00:00,chennai,3,2,22.44,22.53,77.75,11.87,9,45,54
2024-11-22 07:00:00,chennai,3,4,24.53,27.32,72.12,10.89,3,19,22
2024-11-22 08:00:00,chennai,3,1,25.44,27.89,66.78,12.38,29,202,231
2024-11-22 09:00:00,chennai,3,1,25.38,25.31,71.86,11.7,25,217,242
2024-11-22 10:00:00,chennai,3,1,26.93,28.04,66.59,25.06,12,116,128
2024-11-22 11:00:00,chennai,3,2,26.51,27.43,57.09,11.55,9,41,50
2024-11-22 12:00:00,chennai,3,1,28.98,31.23,52.96,11.0,9,34,43
2024-11-22 13:00:00,chennai,3,2,28.44,28.71,59.49,21.49,5,20,25
2024-11-22 14:00:00,chennai,3,1,28.34,29.74,54.06,10.45,5,32,37
2024-11-22 15:00:00,chennai,3,1,28.1,28.91,53.0,11.51,6,39,45
2024-11-22 16:00:00,chennai,3,1,28.06,30.03,68.98,12.89,33,109,142
2024-11-22 17:00:00,chennai,3,1,26.96,28.24,64.44,14.52,30,240,270
2024-11-22 18:00:00,chennai,3,1,27.46,28.42,65.67,11.99,19,259,278
2024-11-22 19:00:00,chennai,3,2,25.23,26.52,68.47,13.43,22,115,137
2024-11-22 20:00:00,chennai,3,4,26.58,30.12,66.31,11.11,2,10,12
2024-11-22 21:00:00,chennai,3,1,25.39,26.48,76.64,14.27,1,11,12
2024-11-22 22:00:00,chennai,3,3,21.6,22.06,76.35,12.62,3,14,17
2024-11-22 23:00:00,chennai,3,1,21.93,24.01,75.28,19.46,3,27,30
2024-11-23 00:00:00,chennai,3,3,20.42,21.78,77.62,12.69,4,12,16
2024-11-23 01:00:00,chennai,3,2,20.41,20.5,75.52,12.93,13,26,39
2024-11-23 02:00:00,chennai,3,1,23.07,26.8,79.97,14.48,10,23,33
2024-11-23 03:00:00,chennai,3,2,20.44,21.58,80.46,10.66,9,24,33
2024-11-23 04:00:00,chennai,3,1,21.64,22.76,78.5,10.85,15,27,42
2024-11-23 05:00:00,chennai,3,1,22.49,24.15,79.35,17.81,15,29,44
2024-11-23 06:00:00,chennai,3,2,21.47,24.7,76.61,11.6,16,44,60
2024-11-23 07:00:00,chennai,3,2,22.61,22.43,75.74,15.77,24,62,86
2024-11-23 08:00:00,chennai,3,1,23.22,25.0,76.72,10.51,48,81,129
2024-11-23 09:00:00,chennai,3,1,24.64,28.23,72.38,18.63,60,99,159
2024-11-23 10:00:00,chennai,3,1,23.25,24.88,71.77,32.21,20,74,94
2024-11-23 11:00:00,chennai,3,2,28.15,28.42,60.69,12.34,21,52,73
2024-11-23 12:00:00,chennai,3,2,30.6,31.48,60.8,13.52,29,54,83
2024-11-23 13:00:00,chennai,3,3,28.71,30.42,65.61,12.92,25,43,68
2024-11-23 14:00:00,chennai,3,2,26.97,29.8,65.36,21.23,43,73,116
2024-11-23 15:00:00,chennai,3,1,27.76,28.92,58.95,10.05,51,83,134
2024-11-23 16:00:00,chennai,3,1,27.58,29.91,66.4,15.3,37,82,119
2024-11-23 17:00:00,chennai,3,1,26.28,26.34,60.21,15.28,51,92,143
2024-11-23 18:00:00,chennai,3,1,27.7,27.76,69.41,12.41,42,85,127
2024-11-23 19:00:00,chennai,3,4,26.68,27.69,69.28,11.24,3,5,8
2024-11-23 20:00:00,chennai,3,3,23.28,26.22,65.08,11.37,5,14,19
2024-11-23 21:00:00,chennai,3,2,24.5,26.07,72.42,18.06,9,15,24
2024-11-23 22:00:00,chennai,3,3,24.5,26.29,87.91,10.34,4,11,15
2024-11-23 23:00:00,chennai,3,1,24.12,25.9,80.08,14.15,9,23,32
2024-11-24 00:00:00,chennai,3,2,24.64,27.25,92.16,11.83,10,15,25
2024-11-24 01:00:00,chennai,3,1,19.72,20.61,74.44,11.54,13,26,39
2024-11-24 02:00:00,chennai,3,2,24.06,26.25,85.75,13.52,14,20,34
2024-11-24 03:00:00,chennai,3,2,20.38,21.05,68.99,21.41,12,25,37
2024-11-24 04:00:00,chennai,3,1,20.49,23.98,80.66,14.81,16,34,50
2024-11-24 05:00:00,chennai,3,2,22.23,22.93,82.23,17.77,15,23,38
2024-11-24 06:00:00,chennai,3,1,21.97,22.59,81.19,14.59,19,40,59
2024-11-24 07:00:00,chennai,3,1,24.11,26.16,70.59,15.98,27,46,73
2024-11-24 08:00:00,chennai,3,2,23.09,24.67,77.2,12.83,42,80,122
2024-11-24 09:00:00,chennai,3,1,25.42,27.25,66.74,23.02,59,106,165
2024-11-24 10:00:00,chennai,3,3,28.21,29.94,66.18,13.49,20,38,58
2024-11-24 11:00:00,chennai,3,2,27.43,27.84,62.76,14.01,30,47,77
2024-11-24 12:00:00,chennai,3,3,28.3,31.42,57.66,13.72,13,24,37
2024-11-24 13:00:00,chennai,3,3,29.1,31.5,70.19,11.9,20,40,60
2024-11-24 14:00:00,chennai,3,1,30.07,32.93,62.24,11.31,40,71,111
2024-11-24 15:00:00,chennai,3,4,26.55,27.52,67.78,10.38,7,18,25
2024-11-24 16:00:00,chennai,3,1,28.84,30.75,68.56,16.33,50,76,126
2024-11-24 17:00:00,chennai,3,2,27.18,28.87,60.09,11.71,39,102,141
2024-11-24 18:00:00,chennai,3,1,26.87,29.5,73.08,12.46,42,92,134
2024-11-24 19:00:00,chennai,3,4,26.98,29.64,71.93,22.62,7,13,20
2024-11-24 20:00:00,chennai,3,1,23.24,24.93,66.8,14.18,10,18,28
2024-11-24 21:00:00,chennai,3,1,22.42,22.4,76.83,10.51,13,17,30
2024-11-24 22:00:00,chennai,3,2,20.35,23.63,71.89,18.04,10,15,25
2024-11-24 23:00:00,chennai,3,1,21.18,23.24,87.1,11.48,9,24,33
2024-11-25 00:00:00,chennai,3,1,22.8,23.69,84.73,14.02,4,36,40
2024-11-25 01:00:00,chennai,3,2,20.66,22.57,81.3,13.57,3,34,37
2024-11-25 02:00:00,chennai,3,1,19.06,19.05,88.32,11.36,3,30,33
2024-11-25 03:00:00,chennai,3,1,20.22,22.78,73.75,10.62,6,44,50
2024-11-25 04:00:00,chennai,3,2,19.42,19.45,76.91,11.19,9,31,40
2024-11-25 05:00:00,chennai,3,3,20.49,21.77,77.81,10.51,3,18,21
2024-11-25 06:00:00,chennai,3,1,23.14,24.88,88.18,11.61,10,58,68
2024-11-25 07:00:00,chennai,3,3,22.23,24.76,69.24,39.57,11,57,68
2024-11-25 08:00:00,chennai,3,1,26.01,27.61,63.46,12.57,24,213,237
2024-11-25 09:00:00,chennai,3,1,25.62,27.75,62.19,19.97,34,199,233
2024-11-25 10:00:00,chennai,3,2,26.77,28.24,71.53,13.98,20,102,122
2024-11-25 11:00:00,chennai,3,3,27.16,28.63,61.96,15.49,8,21,29
2024-11-25 12:00:00,chennai,3,3,29.06,30.65,62.54,10.85,3,13,16
2024-11-25 13:00:00,chennai,3,1,29.47,30.78,66.15,11.61,6,21,27
2024-11-25 14:00:00,chennai,3,1,29.07,28.89,61.21,13.57,5,25,30
2024-11-25 15:00:00,chennai,3,3,29.21,29.94,63.36,20.65,4,21,25
2024-11-25 16:00:00,chennai,3,1,27.88,29.62,66.02,10.22,23,120,143
2024-11-25 17:00:00,chennai,3,1,28.15,29.4,62.78,13.54,16,242,258
2024-11-25 18:00:00,chennai,3,1,26.26,27.61,66.17,10.26,12,230,242
2024-11-25 19:00:00,chennai,3,1,25.71,26.88,70.62,13.05,12,117,129
2024-11-25 20:00:00,chennai,3,2,24.34,24.98,76.34,14.96,9,33,42
2024-11-25 21:00:00,chennai,3,4,23.09,24.09,70.63,16.83,1,6,7
2024-11-25 22:00:00,chennai,3,1,21.84,23.04,61.9,10.75,3,14,17
2024-11-25 23:00:00,chennai,3,1,22.4,23.91,82.47,10.91,5,19,24
2024-11-26 00:00:00,chennai,3,1,22.78,24.67,85.3,13.18,3,31,34
2024-11-26 01:00:00,chennai,3,1,22.21,23.53,82.66,41.17,8,29,37
2024-11-26 02:00:00,chennai,3,1,19.16,19.63,83.34,12.2,3,33,36
2024-11-26 03:00:00,chennai,3,1,22.35,22.46,78.84,12.79,6,37,43
2024-11-26 04:00:00,chennai,3,2,20.82,24.92,83.16,12.83,3,31,34
2024-11-26 05:00:00,chennai,3,1,22.56,22.93,83.34,10.42,10,52,62
2024-11-26 06:00:00,chennai,3,2,21.58,22.56,77.28,17.44,9,54,63
2024-11-26 07:00:00,chennai,3,2,23.8,25.82,87.04,11.46,20,87,107
2024-11-26 08:00:00,chennai,3,1,25.05,26.91,64.18,16.08,41,163,204
2024-11-26 09:00:00,chennai,3,1,23.92,25.94,70.23,13.22,51,172,223
2024-11-26 10:00:00,chennai,3,1,27.4,28.46,61.13,14.73,24,106,130
2024-11-26 11:00:00,chennai,3,3,29.11,30.85,69.33,10.28,6,25,31
2024-11-26 12:00:00,chennai,3,2,27.92,29.49,55.43,21.03,4,24,28
2024-11-26 13:00:00,chennai,3,1,30.17,31.35,55.67,11.4,3,21,24
2024-11-26 14:00:00,chennai,3,3,28.44,30.19,58.83,15.54,3,13,16
2024-11-26 15:00:00,chennai,3,1,29.55,32.11,63.67,18.0,4,43,47
2024-11-26 16:00:00,chennai,3,1,25.47,26.95,60.36,13.88,29,113,142
2024-11-26 17:00:00,chennai,3,2,30.4,31.89,62.0,12.06,33,200,233
2024-11-26 18:00:00,chennai,3,1,28.46,31.03,66.1,29.06,40,210,250
2024-11-26 19:00:00,chennai,3,3,25.36,27.82,68.2,11.63,5,66,71
2024-11-26 20:00:00,chennai,3,1,22.3,25.39,79.44,24.85,6,36,42
2024-11-26 21:00:00,chennai,3,1,23.98,23.72,78.02,10.85,4,15,19
2024-11-26 22:00:00,chennai,3,1,20.94,23.34,75.38,12.47,3,17,20
2024-11-26 23:00:00,chennai,3,1,22.38,24.48,89.56,10.75,4,16,20
2024-11-27 00:00:00,chennai,3,1,21.7,22.31,83.12,10.01,5,35,40
2024-11-27 01:00:00,chennai,3,3,19.68,21.43,76.81,11.51,4,20,24
2024-11-27 02:00:00,chennai,3,1,22.02,24.57,83.28,10.46,6,32,38
2024-11-27 03:00:00,chennai,3,1,21.77,22.44,84.34,31.47,10,43,53
2024-11-27 04:00:00,chennai,3,1,22.38,24.32,77.22,17.17,8,39,47
2024-11-27 05:00:00,chennai,3,1,21.85,24.22,73.81,10.02,7,44,51
2024-11-27 06:00:00,chennai,3,2,20.97,21.4,77.43,11.27,3,52,55
2024-11-27 07:00:00,chennai,3,3,24.81,26.17,72.79,15.55,11,59,70
2024-11-27 08:00:00,chennai,3,2,24.35,26.15,79.4,12.54,14,202,216
2024-11-27 09:00:00,chennai,3,2,24.04,24.74,73.12,18.91,38,166,204
2024-11-27 10:00:00,chennai,3,2,28.29,28.91,63.8,13.51,18,76,94
2024-11-27 11:00:00,chennai,3,2,30.02,31.38,67.06,15.3,2,44,46
2024-11-27 12:00:00,chennai,3,2,28.08,30.39,69.68,14.54,5,26,31
2024-11-27 13:00:00,chennai,3,3,31.12,33.27,55.37,15.08,1,8,9
2024-11-27 14:00:00,chennai,3,2,28.78,29.42,56.89,11.31,4,21,25
2024-11-27 15:00:00,chennai,3,1,28.08,30.23,62.28,12.34,5,55,60
2024-11-27 16:00:00,chennai,3,1,27.38,28.04,63.52,10.26,23,110,133
2024-11-27 17:00:00,chennai,3,2,29.46,29.35,64.67,14.43,18,186,204
2024-11-27 18:00:00,chennai,3,1,25.73,26.87,65.45,13.07,47,207,254
2024-11-27 19:00:00,chennai,3,1,26.59,29.21,67.78,17.15,24,117,141
2024-11-27 20:00:00,chennai,3,2,24.0,26.15,73.92,11.16,8,53,61
2024-11-27 21:00:00,chennai,3,4,23.08,24.58,80.26,12.87,1,4,5
2024-11-27 22:00:00,chennai,3,1,23.91,24.99,74.6,11.0,2,15,17
2024-11-27 23:00:00,chennai,3,3,21.39,22.5,91.26,14.76,2,13,15
2024-11-28 00:00:00,chennai,3,3,20.72,22.33,90.46,19.42,3,12,15
2024-11-28 01:00:00,chennai,3,2,22.17,22.6,88.31,17.25,8,30,38
2024-11-28 02:00:00,chennai,3,2,22.59,23.74,85.11,24.43,3,33,36
2024-11-28 03:00:00,chennai,3,3,21.58,22.86,91.7,27.83,4,28,32
2024-11-28 04:00:00,chennai,3,1,20.42,20.57,79.21,17.39,5,34,39
2024-11-28 05:00:00,chennai,3,2,21.23,21.89,74.91,11.69,5,29,34
2024-11-28 06:00:00,chennai,3,2,22.77,24.68,74.37,11.24,10,58,68
2024-11-28 07:00:00,chennai,3,1,24.02,25.53,69.57,12.97,31,113,144
2024-11-28 08:00:00,chennai,3,1,23.48,24.68,72.61,35.48,52,179,231
2024-11-28 09:00:00,chennai,3,1,26.57,27.16,70.91,12.66,57,181,238
2024-11-28 10:00:00,chennai,3,3,26.77,29.85,68.0,11.11,17,50,67
2024-11-28 11:00:00,chennai,3,2,25.44,26.1,64.87,24.44,4,53,57
2024-11-28 12:00:00,chennai,3,1,27.02,28.77,64.01,12.44,4,24,28
2024-11-28 13:00:00,chennai,3,1,27.93,28.94,71.02,15.87,3,23,26
2024-11-28 14:00:00,chennai,3,1,28.58,30.12,65.1,17.76,3,25,28
2024-11-28 15:00:00,chennai,3,3,30.8,32.76,66.95,19.26,9,30,39
2024-11-28 16:00:00,chennai,3,2,28.42,28.55,64.29,18.61,21,102,123
2024-11-28 17:00:00,chennai,3,3,26.49,27.98,56.85,19.05,9,125,134
2024-11-28 18:00:00,chennai,3,1,26.93,29.63,57.93,15.51,70,181,251
2024-11-28 19:00:00,chennai,3,1,25.28,28.54,79.83,12.59,9,135,144
2024-11-28 20:00:00,chennai,3,1,25.06,26.43,69.34,15.5,7,47,54
2024-11-28 21:00:00,chennai,3,3,24.33,25.87,71.5,19.06,2,12,14
2024-11-28 22:00:00,chennai,3,1,24.12,27.83,78.23,12.16,3,24,27
2024-11-28 23:00:00,chennai,3,2,21.81,24.45,81.82,11.76,5,24,29
2024-11-29 00:00:00,chennai,3,1,23.17,24.06,84.04,12.11,3,25,28
2024-11-29 01:00:00,chennai,3,3,21.9,22.78,90.53,14.01,3,14,17
2024-11-29 02:00:00,chennai,3,2,19.82,22.28,89.5,10.27,6,31,37
2024-11-29 03:00:00,chennai,3,1,23.46,23.95,77.6,17.55,3,48,51
2024-11-29 04:00:00,chennai,3,2,21.6,24.19,85.5,10.75,3,39,42
2024-11-29 05:00:00,chennai,3,2,20.84,22.67,77.15,10.71,7,27,34
2024-11-29 06:00:00,chennai,3,1,24.65,26.67,76.31,11.1,11,52,63
2024-11-29 07:00:00,chennai,3,1,26.13,27.37,69.12,14.3,13,120,133
2024-11-29 08:00:00,chennai,3,3,24.63,25.5,63.53,11.68,15,115,130
2024-11-29 09:00:00,chennai,3,1,25.1,28.06,69.25,12.3,35,204,239
2024-11-29 10:00:00,chennai,3,3,26.46,27.72,62.22,23.42,3,54,57
2024-11-29 11:00:00,chennai,3,2,28.36,29.45,69.57,19.39,11,32,43
2024-11-29 12:00:00,chennai,3,2,29.67,31.09,61.93,19.56,4,33,37
2024-11-29 13:00:00,chennai,3,2,29.22,30.91,63.88,14.31,4,23,27
2024-11-29 14:00:00,chennai,3,1,28.79,29.26,68.84,20.07,7,21,28
2024-11-29 15:00:00,chennai,3,2,30.33,31.27,54.91,17.54,7,43,50
2024-11-29 16:00:00,chennai,3,2,27.76,28.64,59.72,25.31,20,101,121
2024-11-29 17:00:00,chennai,3,1,28.74,31.08,65.83,10.33,23,202,225
2024-11-29 18:00:00,chennai,3,1,26.32,26.94,68.56,10.15,30,218,248
2024-11-29 19:00:00,chennai,3,3,26.22,25.97,74.93,10.96,10,82,92
2024-11-29 20:00:00,chennai,3,2,24.53,24.07,76.34,23.23,8,30,38
2024-11-29 21:00:00,chennai,3,2,23.57,23.6,75.07,14.65,2,19,21
2024-11-29 22:00:00,chennai,3,1,22.22,25.08,78.52,12.78,2,16,18
2024-11-29 23:00:00,chennai,3,1,23.46,24.97,80.73,13.59,3,29,32
2024-11-30 00:00:00,chennai,3,2,20.33,22.33,73.31,18.85,10,18,28
2024-11-30 01:00:00,chennai,3,3,19.92,21.95,80.88,23.23,9,15,24
2024-11-30 02:00:00,chennai,3,1,23.22,24.77,83.24,16.54,12,37,49
2024-11-30 03:00:00,chennai,3,1,21.98,23.4,83.95,17.13,14,27,41
2024-11-30 04:00:00,chennai,3,1,18.34,20.89,76.04,11.93,16,29,45
2024-11-30 05:00:00,chennai,3,3,21.16,22.81,72.73,13.15,12,17,29
2024-11-30 06:00:00,chennai,3,1,20.5,23.39,75.83,20.82,17,42,59
2024-11-30 07:00:00,chennai,3,3,22.49,24.61,84.43,17.71,16,39,55
2024-11-30 08:00:00,chennai,3,1,20.9,21.79,67.9,15.76,52,84,136
2024-11-30 09:00:00,chennai,3,2,25.54,26.54,75.28,10.34,45,84,129
2024-11-30 10:00:00,chennai,3,2,25.3,26.07,74.92,10.2,41,56,97
2024-11-30 11:00:00,chennai,3,2,27.57,30.29,65.16,10.7,30,44,74
2024-11-30 12:00:00,chennai,3,2,26.18,27.28,59.94,14.35,31,54,85
2024-11-30 13:00:00,chennai,3,1,28.63,29.33,64.9,13.84,43,82,125
2024-11-30 14:00:00,chennai,3,3,28.17,29.99,62.97,24.3,25,49,74
2024-11-30 15:00:00,chennai,3,1,30.34,31.74,58.05,15.93,45,85,130
2024-11-30 16:00:00,chennai,3,3,29.83,31.62,60.05,11.74,24,45,69
2024-11-30 17:00:00,chennai,3,1,28.44,31.83,67.2,10.88,74,101,175
2024-11-30 18:00:00,chennai,3,3,26.28,28.69,71.67,19.47,22,66,88
2024-11-30 19:00:00,chennai,3,3,28.09,29.61,67.8,13.08,15,30,45
2024-11-30 20:00:00,chennai,3,2,22.81,22.9,71.65,15.3,11,20,31
2024-11-30 21:00:00,chennai,3,3,21.95,22.95,77.93,14.16,3,6,9
2024-11-30 22:00:00,chennai,3,3,22.57,24.78,76.14,10.57,3,5,8
2024-11-30 23:00:00,chennai,3,2,24.55,24.88,77.57,10.29,11,22,33
2024-12-01 00:00:00,chennai,4,2,20.29,23.93,76.88,12.37,15,21,36
2024-12-01 01:00:00,chennai,4,1,19.92,21.43,77.8,12.24,13,28,41
2024-12-01 02:00:00,chennai,4,1,18.27,19.82,95.34,15.6,14,31,45
2024-12-01 03:00:00,chennai,4,1,21.27,22.1,80.68,15.0,20,31,51
2024-12-01 04:00:00,chennai,4,2,21.68,23.68,87.49,27.36,13,27,40
2024-12-01 05:00:00,chennai,4,1,22.12,22.46,87.49,19.76,19,37,56
2024-12-01 06:00:00,chennai,4,1,21.24,24.91,76.08,13.43,18,42,60
2024-12-01 07:00:00,chennai,4,3,22.12,24.93,76.43,13.47,15,31,46
2024-12-01 08:00:00,chennai,4,2,22.45,24.93,72.51,15.61,46,87,133
2024-12-01 09:00:00,chennai,4,2,25.14,25.25,61.35,10.61,33,83,116
2024-12-01 10:00:00,chennai,4,1,24.7,26.41,59.24,50.0,36,68,104
2024-12-01 11:00:00,chennai,4,1,25.42,28.12,65.17,13.66,27,46,73
2024-12-01 12:00:00,chennai,4,2,26.96,29.05,61.22,22.03,24,72,96
2024-12-01 13:00:00,chennai,4,2,27.28,27.77,71.8,27.11,34,74,108
2024-12-01 14:00:00,chennai,4,2,27.35,28.2,60.82,14.36,45,50,95
2024-12-01 15:00:00,chennai,4,2,28.42,29.47,72.1,10.55,37,71,108
2024-12-01 16:00:00,chennai,4,4,27.56,28.46,60.96,14.26,9,14,23
2024-12-01 17:00:00,chennai,4,1,26.48,29.51,74.49,14.55,56,106,162
2024-12-01 18:00:00,chennai,4,1,26.22,25.8,69.53,17.78,54,107,161
2024-12-01 19:00:00,chennai,4,1,23.85,26.0,72.23,10.25,31,48,79
2024-12-01 20:00:00,chennai,4,1,24.13,24.33,69.44,13.14,15,22,37
2024-12-01 21:00:00,chennai,4,1,23.15,23.68,77.47,22.8,9,20,29
2024-12-01 22:00:00,chennai,4,1,20.2,19.69,85.46,33.72,6,15,21
2024-12-01 23:00:00,chennai,4,1,22.37,23.32,78.35,11.06,7,18,25
2024-12-02 00:00:00,chennai,4,2,19.48,22.49,78.96,20.22,4,31,35
2024-12-02 01:00:00,chennai,4,1,20.24,22.01,80.43,10.79,7,26,33
2024-12-02 02:00:00,chennai,4,1,21.4,21.7,90.1,19.2,6,35,41
2024-12-02 03:00:00,chennai,4,4,21.25,23.76,85.94,11.62,2,7,9
2024-12-02 04:00:00,chennai,4,1,20.58,23.31,87.9,26.05,5,49,54
2024-12-02 05:00:00,chennai,4,2,20.74,22.34,80.64,15.95,5,47,52
2024-12-02 06:00:00,chennai,4,2,23.14,26.67,77.2,12.55,8,54,62
2024-12-02 07:00:00,chennai,4,1,23.77,26.1,76.71,11.65,25,127,152
2024-12-02 08:00:00,chennai,4,1,23.26,25.44,77.35,11.34,31,183,214
2024-12-02 09:00:00,chennai,4,2,24.08,24.78,68.18,15.71,38,168,206
2024-12-02 10:00:00,chennai,4,1,23.51,25.64,73.84,21.31,20,97,117
2024-12-02 11:00:00,chennai,4,1,27.01,28.73,66.76,17.03,9,45,54
2024-12-02 12:00:00,chennai,4,1,27.36,29.38,51.31,19.0,8,37,45
2024-12-02 13:00:00,chennai,4,2,29.23,30.04,66.76,17.6,6,25,31
2024-12-02 14:00:00,chennai,4,2,28.43,30.06,55.64,29.35,2,28,30
2024-12-02 15:00:00,chennai,4,1,29.46,30.15,66.64,17.09,8,47,55
2024-12-02 16:00:00,chennai,4,2,26.63,25.98,67.85,11.18,26,108,134
2024-12-02 17:00:00,chennai,4,1,28.19,30.69,66.58,17.84,67,174,241
2024-12-02 18:00:00,chennai,4,2,25.37,25.36,69.72,11.94,34,202,236
2024-12-02 19:00:00,chennai,4,1,25.97,27.58,74.91,37.36,7,139,146
2024-12-02 20:00:00,chennai,4,1,22.25,24.08,69.52,12.36,11,39,50
2024-12-02 21:00:00,chennai,4,1,23.25,25.07,78.56,11.73,2,15,17
2024-12-02 22:00:00,chennai,4,2,19.62,20.84,82.82,11.37,3,17,20
2024-12-02 23:00:00,chennai,4,1,20.85,22.62,87.87,15.37,4,20,24
2024-12-03 00:00:00,chennai,4,1,21.06,23.04,75.13,10.58,5,29,34
2024-12-03 01:00:00,chennai,4,1,19.51,21.75,83.7,25.35,2,48,50
2024-12-03 02:00:00,chennai,4,1,18.74,21.97,77.19,11.74,6,38,44
2024-12-03 03:00:00,chennai,4,1,21.15,22.89,76.64,11.75,3,40,43
2024-12-03 04:00:00,chennai,4,1,20.41,21.98,82.46,10.24,7,36,43
2024-12-03 05:00:00,chennai,4,1,20.58,21.18,79.46,11.41,5,39,44
2024-12-03 06:00:00,chennai,4,1,22.05,23.99,82.73,12.71,3,49,52
2024-12-03 07:00:00,chennai,4,1,26.13,28.3,72.86,12.31,26,116,142
2024-12-03 08:00:00,chennai,4,1,25.38,26.69,71.33,11.59,19,196,215
2024-12-03 09:00:00,chennai,4,1,26.43,28.47,70.47,10.21,36,195,231
2024-12-03 10:00:00,chennai,4,1,26.52,27.73,62.69,11.79,13,104,117
2024-12-03 11:00:00,chennai,4,1,27.03,29.2,61.31,17.53,10,43,53
2024-12-03 12:00:00,chennai,4,1,24.59,27.0,68.92,12.89,8,34,42
2024-12-03 13:00:00,chennai,4,1,27.05,29.45,59.6,11.72,6,34,40
2024-12-03 14:00:00,chennai,4,2,27.42,29.04,67.91,11.82,3,21,24
2024-12-03 15:00:00,chennai,4,1,25.61,26.07,65.38,14.04,6,38,44
2024-12-03 16:00:00,chennai,4,2,26.08,26.96,55.6,11.8,9,94,103
2024-12-03 17:00:00,chennai,4,1,24.45,26.55,67.58,14.98,27,199,226
2024-12-03 18:00:00,chennai,4,1,25.95,29.9,69.61,32.76,46,217,263
2024-12-03 19:00:00,chennai,4,1,26.02,27.18,71.53,10.21,32,97,129
2024-12-03 20:00:00,chennai,4,1,25.33,27.28,71.29,10.92,11,48,59
2024-12-03 21:00:00,chennai,4,1,23.46,24.41,69.89,10.99,5,21,26
2024-12-03 22:00:00,chennai,4,1,20.84,21.37,83.73,12.96,4,21,25
2024-12-03 23:00:00,chennai,4,1,18.85,19.68,78.56,10.21,6,27,33
2024-12-04 00:00:00,chennai,4,2,18.43,17.85,76.24,13.25,2,36,38
2024-12-04 01:00:00,chennai,4,1,18.61,21.47,83.95,23.22,4,29,33
2024-12-04 02:00:00,chennai,4,1,18.93,18.2,78.29,10.06,8,35,43
2024-12-04 03:00:00,chennai,4,1,19.94,21.18,76.91,12.27,9,42,51
2024-12-04 04:00:00,chennai,4,1,19.32,19.64,78.78,17.15,6,39,45
2024-12-04 05:00:00,chennai,4,1,21.58,22.19,75.74,10.84,4,41,45
2024-12-04 06:00:00,chennai,4,1,21.72,24.6,72.44,10.4,9,54,63
2024-12-04 07:00:00,chennai,4,1,22.98,24.68,78.62,14.98,19,129,148
2024-12-04 08:00:00,chennai,4,2,25.37,25.9,71.43,10.05,44,179,223
2024-12-04 09:00:00,chennai,4,2,23.62,24.53,75.67,18.09,43,190,233
2024-12-04 10:00:00,chennai,4,1,26.5,27.24,62.73,10.35,29,98,127
2024-12-04 11:00:00,chennai,4,1,26.81,28.27,56.29,13.72,11,42,53
2024-12-04 12:00:00,chennai,4,2,27.06,28.74,64.08,16.74,5,31,36
2024-12-04 13:00:00,chennai,4,1,28.93,32.32,71.62,11.39,5,22,27
2024-12-04 14:00:00,chennai,4,1,29.05,28.64,64.65,10.55,8,22,30
2024-12-04 15:00:00,chennai,4,1,26.73,28.19,78.42,10.97,8,55,63
2024-12-04 16:00:00,chennai,4,1,27.25,28.43,65.0,19.64,23,123,146
2024-12-04 17:00:00,chennai,4,1,27.17,29.61,66.11,16.12,37,212,249
2024-12-04 18:00:00,chennai,4,2,25.67,27.53,56.22,11.1,32,177,209
2024-12-04 19:00:00,chennai,4,1,25.74,27.83,71.55,16.3,12,105,117
2024-12-04 20:00:00,chennai,4,3,24.34,26.18,72.84,16.17,6,20,26
2024-12-04 21:00:00,chennai,4,3,25.16,25.73,72.55,40.43,1,11,12
2024-12-04 22:00:00,chennai,4,1,20.16,22.87,76.32,12.48,5,15,20
2024-12-04 23:00:00,chennai,4,1,21.02,23.32,78.73,20.01,6,18,24
2024-12-05 00:00:00,chennai,4,2,19.45,21.86,79.76,12.96,6,30,36
2024-12-05 01:00:00,chennai,4,4,20.86,23.63,92.11,21.4,1,8,9
2024-12-05 02:00:00,chennai,4,1,18.06,19.98,80.15,10.48,5,42,47
2024-12-05 03:00:00,chennai,4,2,20.55,23.53,82.51,10.96,6,36,42
2024-12-05 04:00:00,chennai,4,1,19.78,21.66,78.64,19.48,11,43,54
2024-12-05 05:00:00,chennai,4,1,20.29,21.57,82.99,18.55,6,47,53
2024-12-05 06:00:00,chennai,4,1,20.26,21.76,77.88,11.82,12,42,54
2024-12-05 07:00:00,chennai,4,1,22.41,23.88,73.19,14.54,28,109,137
2024-12-05 08:00:00,chennai,4,2,25.3,26.28,62.37,12.41,27,161,188
2024-12-05 09:00:00,chennai,4,1,25.01,28.14,70.63,10.05,48,203,251
2024-12-05 10:00:00,chennai,4,1,26.75,28.55,65.45,10.13,13,112,125
2024-12-05 11:00:00,chennai,4,1,28.83,30.42,64.63,10.28,7,42,49
2024-12-05 12:00:00,chennai,4,2,27.78,29.67,57.43,14.51,10,28,38
2024-12-05 13:00:00,chennai,4,2,27.19,31.67,69.51,11.64,5,17,22
2024-12-05 14:00:00,chennai,4,1,28.56,28.93,66.28,10.78,6,28,34
2024-12-05 15:00:00,chennai,4,1,27.21,27.87,69.49,24.16,9,51,60
2024-12-05 16:00:00,chennai,4,2,26.86,26.98,69.07,10.65,17,101,118
2024-12-05 17:00:00,chennai,4,1,25.0,26.27,67.89,15.6,38,216,254
2024-12-05 18:00:00,chennai,4,1,27.11,28.86,61.29,21.23,25,200,225
2024-12-05 19:00:00,chennai,4,1,24.57,25.61,78.63,10.89,27,121,148
2024-12-05 20:00:00,chennai,4,1,24.22,25.18,67.36,11.21,9,35,44
2024-12-05 21:00:00,chennai,4,1,21.72,23.36,73.25,14.26,3,19,22
2024-12-05 22:00:00,chennai,4,2,22.52,23.52,80.53,13.55,4,20,24
2024-12-05 23:00:00,chennai,4,3,20.26,22.07,82.85,13.68,2,17,19
2024-12-06 00:00:00,chennai,4,1,20.37,22.98,83.52,14.04,6,35,41
2024-12-06 01:00:00,chennai,4,1,21.19,23.37,79.66,24.97,5,44,49
2024-12-06 02:00:00,chennai,4,1,20.95,23.33,78.97,10.28,6,39,45
2024-12-06 03:00:00,chennai,4,2,20.11,22.7,94.33,17.14,5,29,34
2024-12-06 04:00:00,chennai,4,1,18.41,20.2,80.46,11.32,9,40,49
2024-12-06 05:00:00,chennai,4,1,24.76,26.1,78.26,12.34,8,58,66
2024-12-06 06:00:00,chennai,4,1,24.1,24.82,73.43,10.47,11,55,66
2024-12-06 07:00:00,chennai,4,2,23.83,24.94,75.81,12.95,15,132,147
2024-12-06 08:00:00,chennai,4,2,23.1,24.07,72.99,18.15,36,179,215
2024-12-06 09:00:00,chennai,4,1,24.9,27.13,69.33,10.52,71,202,273
2024-12-06 10:00:00,chennai,4,2,25.35,27.19,68.91,11.61,18,116,134
2024-12-06 11:00:00,chennai,4,1,28.35,30.54,73.75,12.33,5,61,66
2024-12-06 12:00:00,chennai,4,1,27.78,28.12,60.36,10.55,7,29,36
2024-12-06 13:00:00,chennai,4,1,26.92,29.85,62.56,17.18,4,23,27
2024-12-06 14:00:00,chennai,4,2,27.44,28.51,58.76,17.73,6,26,32
2024-12-06 15:00:00,chennai,4,2,29.21,29.61,63.81,19.04,10,38,48
2024-12-06 16:00:00,chennai,4,1,29.38,30.45,60.5,14.38,18,136,154
2024-12-06 17:00:00,chennai,4,2,28.66,32.65,62.3,13.54,26,199,225
2024-12-06 18:00:00,chennai,4,1,26.91,28.02,59.7,11.52,45,211,256
2024-12-06 19:00:00,chennai,4,1,24.73,25.91,69.9,15.32,28,111,139
2024-12-06 20:00:00,chennai,4,1,20.11,21.42,74.15,12.94,8,41,49
2024-12-06 21:00:00,chennai,4,2,23.32,24.67,83.89,27.66,4,20,24
2024-12-06 22:00:00,chennai,4,1,22.0,22.72,79.35,27.24,5,23,28
2024-12-06 23:00:00,chennai,4,2,21.34,22.98,76.82,21.78,4,19,23
2024-12-07 00:00:00,chennai,4,2,20.6,23.18,73.86,12.23,9,24,33
2024-12-07 01:00:00,chennai,4,1,18.54,20.36,75.55,12.29,13,29,42
2024-12-07 02:00:00,chennai,4,1,20.67,21.06,75.52,19.58,12,22,34
2024-12-07 03:00:00,chennai,4,1,20.89,22.05,91.05,16.53,21,33,54
2024-12-07 04:00:00,chennai,4,3,21.35,22.3,82.1,16.09,12,15,27
2024-12-07 05:00:00,chennai,4,1,22.31,23.86,76.16,11.64,15,28,43
2024-12-07 06:00:00,chennai,4,1,22.72,25.56,72.2,18.96,17,31,48
2024-12-07 07:00:00,chennai,4,1,22.47,23.82,70.31,14.33,28,59,87
2024-12-07 08:00:00,chennai,4,1,23.91,25.33,68.95,12.96,48,78,126
2024-12-07 09:00:00,chennai,4,1,25.14,28.42,75.99,20.03,42,101,143
2024-12-07 10:00:00,chennai,4,2,26.13,28.51,66.85,12.51,29,54,83
2024-12-07 11:00:00,chennai,4,1,28.03,30.1,57.69,15.31,22,51,73
2024-12-07 12:00:00,chennai,4,1,28.24,31.69,74.89,13.14,23,72,95
2024-12-07 13:00:00,chennai,4,1,30.36,32.35,56.64,14.49,57,60,117
2024-12-07 14:00:00,chennai,4,2,30.65,30.16,59.05,10.21,43,66,109
2024-12-07 15:00:00,chennai,4,1,27.96,30.29,68.89,13.09,40,63,103
2024-12-07 16:00:00,chennai,4,2,22.86,22.77,65.42,14.07,47,73,120
2024-12-07 17:00:00,chennai,4,1,28.31,30.26,62.58,13.39,61,84,145
2024-12-07 18:00:00,chennai,4,1,25.35,25.14,60.84,19.4,55,98,153
2024-12-07 19:00:00,chennai,4,2,24.07,25.11,64.58,11.86,26,41,67
2024-12-07 20:00:00,chennai,4,2,23.52,24.66,67.47,20.77,10,21,31
2024-12-07 21:00:00,chennai,4,2,22.43,23.16,74.62,12.58,5,9,14
2024-12-07 22:00:00,chennai,4,1,22.73,23.89,77.96,15.93,6,16,22
2024-12-07 23:00:00,chennai,4,1,19.3,21.83,78.33,10.45,15,27,42
2024-12-08 00:00:00,chennai,4,1,19.24,20.03,80.46,11.12,12,25,37
2024-12-08 01:00:00,chennai,4,1,20.55,22.59,76.41,17.16,15,30,45
2024-12-08 02:00:00,chennai,4,1,20.75,21.28,83.47,10.06,15,24,39
2024-12-08 03:00:00,chennai,4,1,20.91,22.22,88.06,27.29,20,36,56
2024-12-08 04:00:00,chennai,4,1,19.59,21.42,79.85,11.06,19,29,48
2024-12-08 05:00:00,chennai,4,1,20.0,20.5,78.16,21.58,18,37,55
2024-12-08 06:00:00,chennai,4,1,21.39,21.58,77.42,13.63,21,37,58
2024-12-08 07:00:00,chennai,4,2,23.25,25.24,80.18,14.16,24,53,77
2024-12-08 08:00:00,chennai,4,1,25.78,28.41,67.53,10.44,43,84,127
2024-12-08 09:00:00,chennai,4,1,22.58,24.0,76.67,12.27,49,96,145
2024-12-08 10:00:00,chennai,4,2,25.74,26.78,69.11,10.85,29,68,97
2024-12-08 11:00:00,chennai,4,1,25.23,26.88,65.07,13.73,24,49,73
2024-12-08 12:00:00,chennai,4,1,25.48,27.04,69.41,14.0,37,61,98
2024-12-08 13:00:00,chennai,4,2,29.02,30.77,56.43,16.18,35,79,114
2024-12-08 14:00:00,chennai,4,1,28.65,27.63,64.61,20.53,34,73,107
2024-12-08 15:00:00,chennai,4,2,28.4,28.83,64.49,13.16,40,56,96
2024-12-08 16:00:00,chennai,4,3,28.57,29.22,58.66,11.33,30,42,72
2024-12-08 17:00:00,chennai,4,1,26.25,27.9,67.23,12.03,61,95,156
2024-12-08 18:00:00,chennai,4,1,25.48,27.17,68.42,19.39,67,86,153
2024-12-08 19:00:00,chennai,4,1,27.66,29.79,68.52,10.79,34,48,82
2024-12-08 20:00:00,chennai,4,1,23.7,25.46,76.31,14.93,16,30,46
2024-12-08 21:00:00,chennai,4,1,23.85,24.05,71.73,10.07,11,13,24
2024-12-08 22:00:00,chennai,4,1,22.01,24.95,78.35,11.41,10,14,24
2024-12-08 23:00:00,chennai,4,2,18.95,21.73,78.41,14.48,8,15,23
2024-12-09 00:00:00,chennai,4,1,18.08,18.32,77.59,13.05,7,33,40
2024-12-09 01:00:00,chennai,4,1,19.44,21.27,84.17,13.4,3,21,24
2024-12-09 02:00:00,chennai,4,2,21.27,22.17,80.96,15.4,5,31,36
2024-12-09 03:00:00,chennai,4,2,21.08,22.72,74.29,11.34,3,33,36
2024-12-09 04:00:00,chennai,4,1,21.63,24.19,71.65,11.65,6,42,48
2024-12-09 05:00:00,chennai,4,3,19.99,23.62,83.02,15.77,4,16,20
2024-12-09 06:00:00,chennai,4,1,23.94,26.19,70.9,13.86,7,61,68
2024-12-09 07:00:00,chennai,4,1,21.81,23.6,75.99,10.07,18,115,133
2024-12-09 08:00:00,chennai,4,1,24.26,25.42,72.27,15.55,43,196,239
2024-12-09 09:00:00,chennai,4,1,25.02,26.7,67.57,14.84,30,188,218
2024-12-09 10:00:00,chennai,4,3,25.79,28.65,76.78,10.41,14,55,69
2024-12-09 11:00:00,chennai,4,1,28.43,29.89,65.83,16.88,14,52,66
2024-12-09 12:00:00,chennai,4,1,26.62,27.23,67.12,13.69,3,23,26
2024-12-09 13:00:00,chennai,4,1,26.24,26.12,63.76,11.15,2,17,19
2024-12-09 14:00:00,chennai,4,1,28.02,30.04,60.84,14.1,4,24,28
2024-12-09 15:00:00,chennai,4,2,27.38,29.13,62.25,14.53,6,42,48
2024-12-09 16:00:00,chennai,4,1,31.52,32.37,70.63,22.64,34,111,145
2024-12-09 17:00:00,chennai,4,1,27.64,30.17,70.37,16.78,35,232,267
2024-12-09 18:00:00,chennai,4,2,25.51,26.59,76.76,11.8,47,193,240
2024-12-09 19:00:00,chennai,4,2,23.77,25.13,70.52,10.63,10,119,129
2024-12-09 20:00:00,chennai,4,1,21.74,23.23,67.62,19.59,6,45,51
2024-12-09 21:00:00,chennai,4,3,21.73,22.88,72.39,19.36,1,12,13
2024-12-09 22:00:00,chennai,4,2,22.14,23.87,71.06,10.96,2,24,26
2024-12-09 23:00:00,chennai,4,1,22.88,25.54,82.91,10.32,3,24,27
2024-12-10 00:00:00,chennai,4,1,21.88,22.24,77.73,16.22,6,28,34
2024-12-10 01:00:00,chennai,4,1,20.41,22.4,66.38,16.41,11,37,48
2024-12-10 02:00:00,chennai,4,3,19.61,21.28,94.32,10.97,3,16,19
2024-12-10 03:00:00,chennai,4,2,20.46,22.11,78.81,15.52,7,40,47
2024-12-10 04:00:00,chennai,4,2,19.91,22.29,77.78,11.64,6,30,36
2024-12-10 05:00:00,chennai,4,1,23.23,24.78,87.43,11.51,6,46,52
2024-12-10 06:00:00,chennai,4,2,21.77,23.75,70.96,11.96,11,63,74
2024-12-10 07:00:00,chennai,4,1,22.86,25.08,80.27,13.67,37,110,147
2024-12-10 08:00:00,chennai,4,1,21.34,22.34,69.06,18.16,38,189,227
2024-12-10 09:00:00,chennai,4,1,24.8,26.6,62.79,13.45,60,174,234
2024-12-10 10:00:00,chennai,4,1,27.0,28.25,75.53,11.77,19,109,128
2024-12-10 11:00:00,chennai,4,1,25.55,26.91,69.54,20.77,7,52,59
2024-12-10 12:00:00,chennai,4,2,26.56,27.74,67.94,10.28,9,34,43
2024-12-10 13:00:00,chennai,4,1,28.81,30.79,64.18,17.98,10,35,45
2024-12-10 14:00:00,chennai,4,2,26.23,27.81,65.0,17.67,3,24,27
2024-12-10 15:00:00,chennai,4,1,29.13,31.03,56.18,11.46,9,47,56
2024-12-10 16:00:00,chennai,4,1,26.83,28.31,63.9,11.11,21,119,140
2024-12-10 17:00:00,chennai,4,2,26.36,26.26,60.29,20.39,16,178,194
2024-12-10 18:00:00,chennai,4,1,24.65,26.18,60.06,14.09,23,246,269
2024-12-10 19:00:00,chennai,4,1,25.49,27.05,71.47,10.24,20,126,146
2024-12-10 20:00:00,chennai,4,1,26.95,28.69,77.79,21.07,7,27,34
2024-12-10 21:00:00,chennai,4,1,23.9,24.81,72.67,12.15,5,21,26
2024-12-10 22:00:00,chennai,4,1,20.96,21.27,75.94,12.09,2,16,18
2024-12-10 23:00:00,chennai,4,1,22.53,24.66,73.38,15.15,3,26,29
2024-12-11 00:00:00,chennai,4,1,20.16,21.38,80.7,15.41,4,35,39
2024-12-11 01:00:00,chennai,4,1,21.79,23.46,85.46,12.18,3,24,27
2024-12-11 02:00:00,chennai,4,2,20.97,22.19,85.96,10.77,4,31,35
2024-12-11 03:00:00,chennai,4,3,18.0,19.49,84.39,14.02,1,23,24
2024-12-11 04:00:00,chennai,4,1,19.33,20.38,77.57,14.91,3,52,55
2024-12-11 05:00:00,chennai,4,2,22.3,22.84,75.82,19.84,2,35,37
2024-12-11 06:00:00,chennai,4,2,22.18,24.16,80.98,13.31,4,50,54
2024-12-11 07:00:00,chennai,4,1,21.74,22.63,78.65,15.19,27,103,130
2024-12-11 08:00:00,chennai,4,1,23.24,24.9,71.14,10.28,77,156,233
2024-12-11 09:00:00,chennai,4,1,22.75,24.66,67.28,21.25,57,170,227
2024-12-11 10:00:00,chennai,4,2,25.89,26.81,72.84,11.98,18,94,112
2024-12-11 11:00:00,chennai,4,1,29.48,29.78,63.13,15.0,6,50,56
2024-12-11 12:00:00,chennai,4,1,28.43,32.36,67.07,22.39,4,27,31
2024-12-11 13:00:00,chennai,4,1,30.49,31.46,61.66,18.32,5,24,29
2024-12-11 14:00:00,chennai,4,2,29.06,31.18,56.76,15.08,10,29,39
2024-12-11 15:00:00,chennai,4,1,29.1,32.54,70.4,16.08,5,43,48
2024-12-11 16:00:00,chennai,4,1,29.83,32.12,63.94,22.69,19,105,124
2024-12-11 17:00:00,chennai,4,2,27.28,28.48,61.38,18.36,32,175,207
2024-12-11 18:00:00,chennai,4,2,25.78,27.21,60.05,14.71,34,200,234
2024-12-11 19:00:00,chennai,4,2,26.27,26.94,62.96,15.38,6,113,119
2024-12-11 20:00:00,chennai,4,2,25.74,28.13,70.14,10.8,6,36,42
2024-12-11 21:00:00,chennai,4,2,22.39,24.46,84.21,13.18,2,26,28
2024-12-11 22:00:00,chennai,4,2,21.13,22.12,74.08,11.79,6,18,24
2024-12-11 23:00:00,chennai,4,2,21.34,21.8,86.31,12.83,5,23,28
2024-12-12 00:00:00,chennai,4,2,21.53,21.71,80.01,15.43,6,22,28
2024-12-12 01:00:00,chennai,4,1,21.09,23.58,75.75,10.81,5,38,43
2024-12-12 02:00:00,chennai,4,1,18.29,19.91,79.63,10.09,5,38,43
2024-12-12 03:00:00,chennai,4,4,22.43,24.15,75.25,12.53,1,2,3
2024-12-12 04:00:00,chennai,4,1,19.77,20.44,76.38,11.94,8,31,39
2024-12-12 05:00:00,chennai,4,2,20.85,20.89,74.64,12.73,6,30,36
2024-12-12 06:00:00,chennai,4,1,20.92,23.38,67.48,23.38,14,49,63
2024-12-12 07:00:00,chennai,4,2,26.2,27.74,82.15,16.14,32,96,128
2024-12-12 08:00:00,chennai,4,2,24.29,26.7,73.06,11.98,49,170,219
2024-12-12 09:00:00,chennai,4,1,24.01,25.13,65.98,10.99,44,172,216
2024-12-12 10:00:00,chennai,4,1,27.04,28.3,68.11,14.82,22,85,107
2024-12-12 11:00:00,chennai,4,1,27.75,29.96,60.75,15.36,8,54,62
2024-12-12 12:00:00,chennai,4,1,27.24,29.47,49.98,13.3,5,29,34
2024-12-12 13:00:00,chennai,4,1,28.87,31.17,77.12,11.2,5,23,28
2024-12-12 14:00:00,chennai,4,3,27.01,28.21,62.95,10.14,3,14,17
2024-12-12 15:00:00,chennai,4,2,27.27,29.39,59.4,11.54,6,28,34
2024-12-12 16:00:00,chennai,4,1,25.05,27.66,53.67,13.05,20,117,137
2024-12-12 17:00:00,chennai,4,3,25.24,26.63,57.46,17.75,8,144,152
2024-12-12 18:00:00,chennai,4,1,28.17,29.16,75.27,19.61,47,206,253
2024-12-12 19:00:00,chennai,4,1,27.0,29.85,76.92,12.66,19,101,120
2024-12-12 20:00:00,chennai,4,1,24.08,24.92,75.77,17.95,7,35,42
2024-12-12 21:00:00,chennai,4,1,24.96,27.09,69.01,35.07,7,19,26
2024-12-12 22:00:00,chennai,4,1,21.81,23.25,84.55,16.3,3,16,19
2024-12-12 23:00:00,chennai,4,2,20.88,20.54,81.32,16.52,2,16,18
2024-12-13 00:00:00,chennai,4,2,20.6,23.23,83.93,22.01,5,21,26
2024-12-13 01:00:00,chennai,4,1,19.99,18.73,83.89,12.06,4,21,25
2024-12-13 02:00:00,chennai,4,2,19.74,19.26,74.47,10.06,6,25,31
2024-12-13 03:00:00,chennai,4,1,21.51,23.54,75.67,31.71,5,37,42
2024-12-13 04:00:00,chennai,4,2,20.72,22.74,78.11,13.37,4,33,37
2024-12-13 05:00:00,chennai,4,1,22.03,22.89,82.29,17.7,6,41,47
2024-12-13 06:00:00,chennai,4,1,23.24,24.89,70.1,18.37,4,53,57
2024-12-13 07:00:00,chennai,4,1,23.43,22.4,73.71,12.53,15,99,114
2024-12-13 08:00:00,chennai,4,2,22.84,25.04,71.12,13.9,49,166,215
2024-12-13 09:00:00,chennai,4,1,23.41,25.16,73.38,13.88,25,197,222
2024-12-13 10:00:00,chennai,4,2,26.18,27.63,70.37,11.24,10,107,117
2024-12-13 11:00:00,chennai,4,1,26.62,28.14,59.88,10.63,7,49,56
2024-12-13 12:00:00,chennai,4,1,27.57,29.56,70.57,13.92,7,34,41
2024-12-13 13:00:00,chennai,4,1,27.84,29.32,56.52,10.64,3,23,26
2024-12-13 14:00:00,chennai,4,2,31.1,30.73,67.46,12.12,3,16,19
2024-12-13 15:00:00,chennai,4,1,26.27,29.96,59.59,11.03,9,47,56
2024-12-13 16:00:00,chennai,4,1,25.08,27.78,64.16,16.14,20,116,136
2024-12-13 17:00:00,chennai,4,2,27.23,27.44,66.06,20.28,33,193,226
2024-12-13 18:00:00,chennai,4,1,25.55,26.7,67.99,14.31,65,207,272
2024-12-13 19:00:00,chennai,4,1,25.41,26.68,72.78,12.64,19,103,122
2024-12-13 20:00:00,chennai,4,1,24.7,27.28,73.96,38.48,6,45,51
2024-12-13 21:00:00,chennai,4,1,24.51,23.85,78.51,10.11,5,19,24
2024-12-13 22:00:00,chennai,4,1,20.19,21.19,79.32,11.81,3,16,19
2024-12-13 23:00:00,chennai,4,2,20.5,20.24,72.75,11.63,4,22,26
2024-12-14 00:00:00,chennai,4,2,21.05,22.27,82.01,12.2,11,16,27
2024-12-14 01:00:00,chennai,4,2,21.06,22.09,78.84,11.31,11,16,27
2024-12-14 02:00:00,chennai,4,1,22.63,24.21,76.45,11.53,10,23,33
2024-12-14 03:00:00,chennai,4,3,21.28,22.18,80.21,11.49,10,12,22
2024-12-14 04:00:00,chennai,4,2,20.47,21.22,81.58,13.52,18,35,53
2024-12-14 05:00:00,chennai,4,2,20.1,22.22,80.32,12.48,16,29,45
2024-12-14 06:00:00,chennai,4,3,21.32,23.28,82.28,15.1,7,18,25
2024-12-14 07:00:00,chennai,4,1,22.25,24.3,81.12,13.61,33,51,84
2024-12-14 08:00:00,chennai,4,2,24.79,26.11,73.68,11.01,37,97,134
2024-12-14 09:00:00,chennai,4,1,25.34,26.27,72.0,18.3,50,82,132
2024-12-14 10:00:00,chennai,4,2,24.41,25.79,67.48,13.2,40,52,92
2024-12-14 11:00:00,chennai,4,1,26.31,28.31,68.77,10.83,27,54,81
2024-12-14 12:00:00,chennai,4,1,28.52,27.84,65.77,10.91,37,55,92
2024-12-14 13:00:00,chennai,4,1,28.29,30.18,62.07,17.97,41,75,116
2024-12-14 14:00:00,chennai,4,2,28.68,30.49,72.76,16.07,28,73,101
2024-12-14 15:00:00,chennai,4,1,28.32,29.89,59.61,13.53,36,64,100
2024-12-14 16:00:00,chennai,4,2,29.42,30.77,70.61,11.83,44,86,130
2024-12-14 17:00:00,chennai,4,1,27.11,26.05,58.16,13.09,57,87,144
2024-12-14 18:00:00,chennai,4,1,25.54,26.6,71.07,15.06,43,87,130
2024-12-14 19:00:00,chennai,4,1,23.94,27.23,76.59,20.57,29,48,77
2024-12-14 20:00:00,chennai,4,1,24.3,25.81,62.46,14.06,9,20,29
2024-12-14 21:00:00,chennai,4,1,20.04,21.23,75.28,11.62,10,17,27
2024-12-14 22:00:00,chennai,4,1,21.78,23.3,80.58,10.22,9,18,27
2024-12-14 23:00:00,chennai,4,1,20.92,22.78,80.33,10.96,10,18,28
2024-12-15 00:00:00,chennai,4,2,18.9,21.06,82.55,15.25,11,20,31
2024-12-15 01:00:00,chennai,4,2,19.02,20.29,82.34,10.87,10,21,31
2024-12-15 02:00:00,chennai,4,1,20.97,22.9,76.53,13.28,15,28,43
2024-12-15 03:00:00,chennai,4,1,20.41,23.59,93.5,16.0,19,37,56
2024-12-15 04:00:00,chennai,4,2,20.66,23.16,78.14,11.84,14,33,47
2024-12-15 05:00:00,chennai,4,1,21.54,25.38,81.24,15.53,17,41,58
2024-12-15 06:00:00,chennai,4,1,22.11,22.95,73.77,14.35,16,33,49
2024-12-15 07:00:00,chennai,4,1,24.46,27.63,63.21,12.89,33,67,100
2024-12-15 08:00:00,chennai,4,2,24.15,24.86,67.38,21.38,23,94,117
2024-12-15 09:00:00,chennai,4,1,23.29,25.14,62.17,15.89,51,93,144
2024-12-15 10:00:00,chennai,4,1,27.96,30.19,72.46,12.24,46,54,100
2024-12-15 11:00:00,chennai,4,1,27.27,28.26,61.89,18.15,35,57,92
2024-12-15 12:00:00,chennai,4,2,26.76,28.34,60.77,16.7,30,58,88
2024-12-15 13:00:00,chennai,4,2,26.36,28.77,57.02,17.84,29,64,93
2024-12-15 14:00:00,chennai,4,1,28.48,29.26,62.47,15.12,30,84,114
2024-12-15 15:00:00,chennai,4,2,27.72,30.89,58.76,12.39,46,71,117
2024-12-15 16:00:00,chennai,4,1,29.35,29.47,68.3,12.14,57,96,153
2024-12-15 17:00:00,chennai,4,1,26.41,29.85,66.44,15.31,46,112,158
2024-12-15 18:00:00,chennai,4,1,25.0,27.5,64.14,10.7,54,81,135
2024-12-15 19:00:00,chennai,4,1,26.11,27.52,73.66,18.57,25,38,63
2024-12-15 20:00:00,chennai,4,2,25.11,26.21,72.04,12.31,11,24,35
2024-12-15 21:00:00,chennai,4,1,23.17,24.16,74.7,14.98,7,15,22
2024-12-15 22:00:00,chennai,4,1,22.81,24.18,69.69,13.46,9,17,26
2024-12-15 23:00:00,chennai,4,1,21.13,22.58,78.72,13.66,9,16,25
2024-12-16 00:00:00,chennai,4,4,20.82,23.57,82.27,16.7,0,4,4
2024-12-16 01:00:00,chennai,4,1,21.53,25.0,88.33,14.93,6,29,35
2024-12-16 02:00:00,chennai,4,2,20.75,22.45,78.24,11.44,8,44,52
2024-12-16 03:00:00,chennai,4,1,19.93,20.59,93.05,10.39,8,33,41
2024-12-16 04:00:00,chennai,4,1,22.16,23.11,83.44,19.17,12,51,63
2024-12-16 05:00:00,chennai,4,2,18.33,19.65,71.47,20.81,9,47,56
2024-12-16 06:00:00,chennai,4,3,24.46,24.93,72.77,10.9,6,25,31
2024-12-16 07:00:00,chennai,4,3,20.92,21.24,81.69,11.85,4,56,60
2024-12-16 08:00:00,chennai,4,1,23.25,26.84,78.22,11.66,28,187,215
2024-12-16 09:00:00,chennai,4,2,24.99,26.79,69.5,23.86,20,175,195
2024-12-16 10:00:00,chennai,4,1,25.82,26.49,67.75,11.15,13,93,106
2024-12-16 11:00:00,chennai,4,1,28.04,30.35,59.11,10.91,7,48,55
2024-12-16 12:00:00,chennai,4,1,26.19,26.52,69.95,11.0,3,31,34
2024-12-16 13:00:00,chennai,4,1,28.18,28.58,57.4,16.54,4,17,21
2024-12-16 14:00:00,chennai,4,1,27.31,28.0,66.22,20.95,7,28,35
2024-12-16 15:00:00,chennai,4,1,28.22,31.37,69.1,12.5,8,55,63
2024-12-16 16:00:00,chennai,4,1,27.39,28.63,63.58,10.73,8,143,151
2024-12-16 17:00:00,chennai,4,2,26.94,26.0,69.77,14.41,29,203,232
2024-12-16 18:00:00,chennai,4,1,25.34,28.05,76.24,11.18,34,194,228
2024-12-16 19:00:00,chennai,4,2,24.42,25.62,70.75,10.33,26,95,121
2024-12-16 20:00:00,chennai,4,2,24.34,24.0,71.12,20.87,5,34,39
2024-12-16 21:00:00,chennai,4,2,24.1,25.28,74.25,20.23,2,8,10
2024-12-16 22:00:00,chennai,4,1,21.28,23.3,73.29,28.63,3,22,25
2024-12-16 23:00:00,chennai,4,1,20.13,22.03,75.24,13.21,5,25,30
2024-12-17 00:00:00,chennai,4,1,21.27,24.57,82.87,11.74,7,29,36
2024-12-17 01:00:00,chennai,4,1,20.1,20.74,80.84,17.34,8,35,43
2024-12-17 02:00:00,chennai,4,2,21.0,22.54,83.64,11.0,5,43,48
2024-12-17 03:00:00,chennai,4,1,19.05,19.85,74.21,11.39,6,40,46
2024-12-17 04:00:00,chennai,4,2,18.4,18.36,80.2,11.48,10,43,53
2024-12-17 05:00:00,chennai,4,1,20.53,22.92,84.22,25.14,5,62,67
2024-12-17 06:00:00,chennai,4,1,21.08,23.04,71.41,16.54,12,53,65
2024-12-17 07:00:00,chennai,4,1,22.87,24.65,74.67,10.72,11,109,120
2024-12-17 08:00:00,chennai,4,1,23.24,25.16,62.73,10.49,20,224,244
2024-12-17 09:00:00,chennai,4,1,25.92,26.74,62.88,19.25,27,191,218
2024-12-17 10:00:00,chennai,4,1,25.65,26.15,71.04,18.1,17,129,146
2024-12-17 11:00:00,chennai,4,2,27.01,28.55,63.38,15.56,6,34,40
2024-12-17 12:00:00,chennai,4,3,27.65,30.31,72.45,11.09,2,13,15
2024-12-17 13:00:00,chennai,4,1,28.1,31.21,64.5,13.27,4,21,25
2024-12-17 14:00:00,chennai,4,1,27.97,30.27,64.65,14.62,3,25,28
2024-12-17 15:00:00,chennai,4,1,28.48,30.01,56.96,23.45,12,45,57
2024-12-17 16:00:00,chennai,4,1,26.51,28.28,61.41,10.93,23,124,147
2024-12-17 17:00:00,chennai,4,1,28.51,30.02,61.27,13.62,53,219,272
2024-12-17 18:00:00,chennai,4,1,25.72,26.19,61.67,10.86,13,250,263
2024-12-17 19:00:00,chennai,4,1,23.46,24.99,72.73,12.93,24,111,135
2024-12-17 20:00:00,chennai,4,1,24.23,24.39,76.32,11.12,5,39,44
2024-12-17 21:00:00,chennai,4,2,21.94,23.32,76.58,19.05,3,14,17
2024-12-17 22:00:00,chennai,4,1,22.8,25.93,72.86,11.47,5,15,20
2024-12-17 23:00:00,chennai,4,1,23.82,26.15,80.72,12.7,2,23,25
2024-12-18 00:00:00,chennai,4,2,19.59,20.17,71.1,12.62,7,28,35
2024-12-18 01:00:00,chennai,4,2,20.54,21.96,88.27,20.06,5,39,44
2024-12-18 02:00:00,chennai,4,2,18.0,18.67,75.51,17.09,2,37,39
2024-12-18 03:00:00,chennai,4,1,20.68,22.12,76.06,10.3,8,34,42
2024-12-18 04:00:00,chennai,4,3,19.47,22.01,81.24,10.35,8,24,32
2024-12-18 05:00:00,chennai,4,2,20.42,22.57,80.09,14.01,12,34,46
2024-12-18 06:00:00,chennai,4,2,20.68,24.66,76.64,12.79,9,48,57
2024-12-18 07:00:00,chennai,4,1,23.84,26.54,69.04,11.61,11,136,147
2024-12-18 08:00:00,chennai,4,1,25.21,26.91,77.67,17.87,36,222,258
2024-12-18 09:00:00,chennai,4,2,25.06,27.24,60.98,10.69,29,171,200
2024-12-18 10:00:00,chennai,4,1,24.96,26.26,59.58,28.26,27,107,134
2024-12-18 11:00:00,chennai,4,1,28.74,29.11,64.39,10.12,7,41,48
2024-12-18 12:00:00,chennai,4,1,26.56,29.37,57.02,10.63,2,40,42
2024-12-18 13:00:00,chennai,4,1,25.27,27.78,68.45,11.86,5,25,30
2024-12-18 14:00:00,chennai,4,1,28.55,29.81,56.11,13.56,5,26,31
2024-12-18 15:00:00,chennai,4,1,26.54,28.31,70.13,11.22,10,41,51
2024-12-18 16:00:00,chennai,4,2,28.65,31.39,68.52,16.66,25,130,155
2024-12-18 17:00:00,chennai,4,1,26.37,28.72,71.1,12.21,40,178,218
2024-12-18 18:00:00,chennai,4,1,26.72,26.76,76.44,10.2,41,234,275
2024-12-18 19:00:00,chennai,4,2,26.72,28.46,69.82,20.51,20,102,122
2024-12-18 20:00:00,chennai,4,1,22.55,23.88,66.94,24.4,5,42,47
2024-12-18 21:00:00,chennai,4,3,22.29,24.9,74.07,14.82,2,12,14
2024-12-18 22:00:00,chennai,4,1,21.91,24.44,74.17,18.21,3,21,24
2024-12-18 23:00:00,chennai,4,1,23.02,25.84,75.53,10.65,5,24,29
2024-12-19 00:00:00,chennai,4,2,19.75,20.13,81.41,11.57,4,38,42
2024-12-19 01:00:00,chennai,4,3,19.42,20.14,80.1,11.97,2,8,10
2024-12-19 02:00:00,chennai,4,1,20.57,23.19,78.24,26.19,5,26,31
2024-12-19 03:00:00,chennai,4,1,19.44,20.35,80.43,13.59,9,40,49
2024-12-19 04:00:00,chennai,4,1,20.72,20.7,83.41,10.04,6,36,42
2024-12-19 05:00:00,chennai,4,1,19.31,21.34,83.85,12.39,9,40,49
2024-12-19 06:00:00,chennai,4,1,24.66,25.61,68.99,10.04,3,62,65
2024-12-19 07:00:00,chennai,4,2,21.35,24.64,73.07,11.36,17,101,118
2024-12-19 08:00:00,chennai,4,1,23.61,25.41,71.29,13.03,27,221,248
2024-12-19 09:00:00,chennai,4,1,25.0,26.66,63.5,11.95,32,209,241
2024-12-19 10:00:00,chennai,4,1,28.3,29.43,66.4,10.17,28,112,140
2024-12-19 11:00:00,chennai,4,1,25.24,28.33,65.67,10.62,5,60,65
2024-12-19 12:00:00,chennai,4,1,29.84,31.7,65.93,14.0,6,24,30
2024-12-19 13:00:00,chennai,4,1,28.77,29.86,62.73,15.95,6,30,36
2024-12-19 14:00:00,chennai,4,2,28.5,29.21,57.6,12.59,4,17,21
2024-12-19 15:00:00,chennai,4,1,26.68,28.11,72.4,16.57,3,50,53
2024-12-19 16:00:00,chennai,4,1,28.15,28.67,67.49,10.89,24,111,135
2024-12-19 17:00:00,chennai,4,1,25.96,28.49,67.69,10.65,40,209,249
2024-12-19 18:00:00,chennai,4,2,27.52,27.21,72.02,19.15,33,189,222
2024-12-19 19:00:00,chennai,4,1,23.87,25.23,70.63,12.07,29,102,131
2024-12-19 20:00:00,chennai,4,2,23.86,25.97,78.43,12.83,3,50,53
2024-12-19 21:00:00,chennai,4,1,22.3,24.14,74.87,24.74,3,14,17
2024-12-19 22:00:00,chennai,4,2,20.81,21.6,77.01,12.76,4,15,19
2024-12-19 23:00:00,chennai,4,4,22.06,24.22,82.25,10.02,0,5,5
2024-12-20 00:00:00,chennai,4,1,21.18,21.79,88.54,23.9,4,21,25
2024-12-20 01:00:00,chennai,4,4,21.59,23.06,89.22,10.07,1,6,7
2024-12-20 02:00:00,chennai,4,1,18.0,20.15,84.96,15.43,2,32,34
2024-12-20 03:00:00,chennai,4,1,21.41,23.38,84.24,11.95,10,38,48
2024-12-20 04:00:00,chennai,4,1,23.54,24.37,84.14,13.18,4,31,35
2024-12-20 05:00:00,chennai,4,2,20.63,23.33,84.0,13.96,12,40,52
2024-12-20 06:00:00,chennai,4,1,24.27,25.86,83.49,12.63,14,67,81
2024-12-20 07:00:00,chennai,4,1,22.65,24.89,73.41,17.44,20,100,120
2024-12-20 08:00:00,chennai,4,1,22.35,25.38,78.59,23.35,46,182,228
2024-12-20 09:00:00,chennai,4,1,24.67,27.29,71.13,10.45,52,214,266
2024-12-20 10:00:00,chennai,4,1,27.26,29.88,70.25,18.05,7,135,142
2024-12-20 11:00:00,chennai,4,1,25.82,27.52,71.84,10.69,3,50,53
2024-12-20 12:00:00,chennai,4,1,26.74,29.04,67.08,10.42,5,28,33
2024-12-20 13:00:00,chennai,4,1,28.58,30.29,66.92,25.6,3,26,29
2024-12-20 14:00:00,chennai,4,3,28.0,28.29,60.05,13.36,3,8,11
2024-12-20 15:00:00,chennai,4,1,28.57,30.37,69.83,10.83,4,35,39
2024-12-20 16:00:00,chennai,4,1,27.75,29.51,66.82,14.22,21,113,134
2024-12-20 17:00:00,chennai,4,3,27.4,29.49,65.56,11.53,25,114,139
2024-12-20 18:00:00,chennai,4,1,25.48,26.85,72.51,13.12,73,194,267
2024-12-20 19:00:00,chennai,4,1,25.31,26.05,82.35,14.9,28,108,136
2024-12-20 20:00:00,chennai,4,1,22.89,25.04,66.16,20.17,7,52,59
2024-12-20 21:00:00,chennai,4,2,24.51,24.7,70.57,10.02,5,21,26
2024-12-20 22:00:00,chennai,4,2,21.24,24.2,90.43,11.2,4,17,21
2024-12-20 23:00:00,chennai,4,2,22.53,23.79,81.2,10.51,6,27,33
2024-12-21 00:00:00,chennai,4,1,20.26,22.0,81.61,10.51,9,20,29
2024-12-21 01:00:00,chennai,4,2,20.38,22.44,81.08,24.57,14,18,32
2024-12-21 02:00:00,chennai,4,1,19.41,21.5,88.04,23.75,12,28,40
2024-12-21 03:00:00,chennai,4,2,18.92,19.01,94.72,16.92,14,23,37
2024-12-21 04:00:00,chennai,4,1,18.44,20.77,77.33,15.15,14,31,45
2024-12-21 05:00:00,chennai,4,1,19.91,21.71,78.59,19.42,20,34,54
2024-12-21 06:00:00,chennai,4,1,21.61,22.48,75.25,10.3,19,36,55
2024-12-21 07:00:00,chennai,4,1,23.22,23.97,78.25,10.64,23,58,81
2024-12-21 08:00:00,chennai,4,3,25.21,26.38,78.11,11.91,17,57,74
2024-12-21 09:00:00,chennai,4,1,24.5,24.7,77.52,18.93,51,78,129
2024-12-21 10:00:00,chennai,4,1,24.94,28.16,70.83,13.2,36,76,112
2024-12-21 11:00:00,chennai,4,1,25.1,28.08,77.53,13.5,31,56,87
2024-12-21 12:00:00,chennai,4,1,28.04,29.99,60.47,11.3,45,58,103
2024-12-21 13:00:00,chennai,4,1,29.52,30.8,58.17,15.23,43,69,112
2024-12-21 14:00:00,chennai,4,2,29.52,30.82,69.35,20.94,21,81,102
2024-12-21 15:00:00,chennai,4,1,28.72,30.97,62.95,12.0,36,90,126
2024-12-21 16:00:00,chennai,4,1,28.23,31.49,56.46,14.83,33,93,126
2024-12-21 17:00:00,chennai,4,1,28.87,29.8,63.35,12.02,52,118,170
2024-12-21 18:00:00,chennai,4,2,26.4,26.78,68.28,17.87,43,84,127
2024-12-21 19:00:00,chennai,4,1,25.81,28.86,66.18,13.22,35,39,74
2024-12-21 20:00:00,chennai,4,1,23.62,23.33,66.93,12.07,12,17,29
2024-12-21 21:00:00,chennai,4,2,21.33,21.82,73.55,12.72,9,16,25
2024-12-21 22:00:00,chennai,4,1,21.18,22.43,71.68,10.48,8,13,21
2024-12-21 23:00:00,chennai,4,1,21.16,21.1,82.25,20.05,11,19,30
2024-12-22 00:00:00,chennai,4,1,20.61,23.22,70.94,25.86,9,24,33
2024-12-22 01:00:00,chennai,4,1,22.45,24.8,82.11,13.24,8,22,30
2024-12-22 02:00:00,chennai,4,4,20.1,21.02,84.6,11.25,4,8,12
2024-12-22 03:00:00,chennai,4,1,21.55,24.33,81.21,15.46,15,28,43
2024-12-22 04:00:00,chennai,4,2,20.01,22.96,86.13,13.01,13,23,36
2024-12-22 05:00:00,chennai,4,1,20.8,22.18,72.22,11.45,16,21,37
2024-12-22 06:00:00,chennai,4,1,20.41,21.45,73.49,10.2,16,35,51
2024-12-22 07:00:00,chennai,4,1,22.07,25.83,72.94,21.02,30,61,91
2024-12-22 08:00:00,chennai,4,1,24.63,26.85,75.56,17.97,45,79,124
2024-12-22 09:00:00,chennai,4,1,25.04,26.8,70.5,18.83,35,97,132
2024-12-22 10:00:00,chennai,4,2,27.13,30.0,77.72,12.9,28,75,103
2024-12-22 11:00:00,chennai,4,1,27.05,28.85,60.9,17.0,30,42,72
2024-12-22 12:00:00,chennai,4,1,27.04,28.04,56.36,14.35,35,68,103
2024-12-22 13:00:00,chennai,4,2,30.44,32.02,71.29,12.35,34,69,103
2024-12-22 14:00:00,chennai,4,1,27.89,30.43,54.85,19.25,42,74,116
2024-12-22 15:00:00,chennai,4,1,29.26,28.77,65.76,43.45,35,95,130
2024-12-22 16:00:00,chennai,4,1,26.98,28.19,58.45,21.48,45,89,134
2024-12-22 17:00:00,chennai,4,1,27.68,30.56,54.58,17.48,49,104,153
2024-12-22 18:00:00,chennai,4,1,27.11,28.1,65.13,16.88,58,99,157
2024-12-22 19:00:00,chennai,4,1,25.29,28.33,73.91,15.25,19,59,78
2024-12-22 20:00:00,chennai,4,1,21.17,24.09,65.89,19.61,9,20,29
2024-12-22 21:00:00,chennai,4,2,22.99,24.42,77.47,13.4,6,12,18
2024-12-22 22:00:00,chennai,4,1,23.48,24.41,80.81,11.0,9,18,27
2024-12-22 23:00:00,chennai,4,2,21.8,23.02,72.71,17.31,12,18,30
2024-12-23 00:00:00,chennai,4,1,21.07,25.24,79.52,22.6,4,34,38
2024-12-23 01:00:00,chennai,4,2,18.07,21.44,89.54,12.09,9,22,31
2024-12-23 02:00:00,chennai,4,1,19.14,20.76,85.25,17.64,8,35,43
2024-12-23 03:00:00,chennai,4,1,20.63,21.52,80.35,11.6,6,45,51
2024-12-23 04:00:00,chennai,4,1,21.03,22.65,82.74,24.29,9,39,48
2024-12-23 05:00:00,chennai,4,2,22.63,24.37,75.64,15.75,9,37,46
2024-12-23 06:00:00,chennai,4,1,21.83,22.08,82.57,14.21,8,50,58
2024-12-23 07:00:00,chennai,4,1,23.45,25.03,80.15,17.57,24,94,118
2024-12-23 08:00:00,chennai,4,1,24.02,26.84,72.6,18.39,25,223,248
2024-12-23 09:00:00,chennai,4,1,23.85,23.55,70.57,21.15,47,213,260
2024-12-23 10:00:00,chennai,4,1,23.29,25.62,62.01,21.57,20,118,138
2024-12-23 11:00:00,chennai,4,1,27.35,30.22,58.17,10.27,7,33,40
2024-12-23 12:00:00,chennai,4,1,27.67,28.61,61.46,10.66,6,30,36
2024-12-23 13:00:00,chennai,4,2,27.12,30.32,61.9,18.75,5,27,32
2024-12-23 14:00:00,chennai,4,1,26.06,26.87,67.31,24.6,4,14,18
2024-12-23 15:00:00,chennai,4,1,28.62,30.56,66.95,11.84,8,57,65
2024-12-23 16:00:00,chennai,4,1,27.14,28.34,64.26,10.04,16,133,149
2024-12-23 17:00:00,chennai,4,1,27.5,28.69,70.88,11.95,34,200,234
2024-12-23 18:00:00,chennai,4,1,28.24,29.12,62.28,12.41,51,188,239
2024-12-23 19:00:00,chennai,4,2,22.47,24.66,74.8,17.16,19,106,125
2024-12-23 20:00:00,chennai,4,3,23.16,25.51,68.05,10.24,3,17,20
2024-12-23 21:00:00,chennai,4,1,22.71,24.15,80.79,11.2,3,20,23
2024-12-23 22:00:00,chennai,4,2,23.75,23.89,76.93,21.22,3,20,23
2024-12-23 23:00:00,chennai,4,2,19.21,21.11,69.08,10.84,5,22,27
2024-12-24 00:00:00,chennai,4,1,22.86,24.78,84.31,17.12,5,32,37
2024-12-24 01:00:00,chennai,4,2,20.3,21.58,85.71,12.24,4,22,26
2024-12-24 02:00:00,chennai,4,1,19.88,23.25,79.72,15.43,4,32,36
2024-12-24 03:00:00,chennai,4,1,19.9,19.83,79.8,10.38,8,36,44
2024-12-24 04:00:00,chennai,4,2,20.01,19.3,79.86,11.69,5,19,24
2024-12-24 05:00:00,chennai,4,2,22.43,23.2,69.45,12.77,5,39,44
2024-12-24 06:00:00,chennai,4,1,20.72,22.93,65.18,19.73,7,61,68
2024-12-24 07:00:00,chennai,4,1,23.38,23.82,81.1,14.14,14,114,128
2024-12-24 08:00:00,chennai,4,2,23.54,24.06,67.88,10.23,46,183,229
2024-12-24 09:00:00,chennai,4,1,24.12,26.57,78.69,18.09,24,214,238
2024-12-24 10:00:00,chennai,4,1,29.1,31.07,73.85,10.28,17,113,130
2024-12-24 11:00:00,chennai,4,2,27.33,29.21,72.76,23.62,5,44,49
2024-12-24 12:00:00,chennai,4,1,28.2,30.48,60.09,11.19,8,27,35
2024-12-24 13:00:00,chennai,4,1,29.23,30.3,54.3,13.35,3,20,23
2024-12-24 14:00:00,chennai,4,3,26.29,27.42,56.57,10.38,5,15,20
2024-12-24 15:00:00,chennai,4,1,29.97,32.28,60.11,14.12,6,37,43
2024-12-24 16:00:00,chennai,4,1,24.45,24.61,51.47,13.44,19,135,154
2024-12-24 17:00:00,chennai,4,1,25.91,25.26,62.55,12.64,51,215,266
2024-12-24 18:00:00,chennai,4,1,25.45,26.52,65.99,10.18,34,196,230
2024-12-24 19:00:00,chennai,4,2,25.73,28.16,62.94,20.56,30,107,137
2024-12-24 20:00:00,chennai,4,1,24.26,26.02,66.8,18.11,7,41,48
2024-12-24 21:00:00,chennai,4,2,22.76,25.12,73.49,15.01,2,11,13
2024-12-24 22:00:00,chennai,4,1,21.99,21.47,78.78,14.25,3,20,23
2024-12-24 23:00:00,chennai,4,1,20.0,21.81,74.62,15.94,7,26,33
2024-12-25 00:00:00,chennai,4,2,18.74,20.89,82.12,10.78,5,26,31
2024-12-25 01:00:00,chennai,4,1,21.01,21.16,82.34,23.49,4,35,39
2024-12-25 02:00:00,chennai,4,1,20.83,23.19,82.23,11.68,3,35,38
2024-12-25 03:00:00,chennai,4,2,22.04,23.43,78.4,15.34,7,36,43
2024-12-25 04:00:00,chennai,4,1,19.59,24.16,73.99,14.67,5,41,46
2024-12-25 05:00:00,chennai,4,1,22.0,21.33,87.55,15.06,3,44,47
2024-12-25 06:00:00,chennai,4,3,21.66,24.53,80.15,20.56,8,31,39
2024-12-25 07:00:00,chennai,4,1,24.39,25.5,79.62,11.75,12,121,133
2024-12-25 08:00:00,chennai,4,1,25.23,25.11,71.58,16.91,17,258,275
2024-12-25 09:00:00,chennai,4,2,25.29,26.26,68.59,14.56,30,181,211
2024-12-25 10:00:00,chennai,4,2,25.59,27.37,69.45,10.4,15,96,111
2024-12-25 11:00:00,chennai,4,1,27.98,30.52,55.76,12.67,6,53,59
2024-12-25 12:00:00,chennai,4,1,28.24,31.46,57.77,19.1,6,32,38
2024-12-25 13:00:00,chennai,4,2,27.04,29.96,58.35,11.89,4,25,29
2024-12-25 14:00:00,chennai,4,1,26.41,26.94,59.73,13.29,8,23,31
2024-12-25 15:00:00,chennai,4,1,27.52,30.15,57.94,13.35,6,35,41
2024-12-25 16:00:00,chennai,4,1,29.28,31.17,65.0,14.81,11,121,132
2024-12-25 17:00:00,chennai,4,1,28.2,29.05,65.34,20.77,43,218,261
2024-12-25 18:00:00,chennai,4,1,24.67,25.95,73.96,10.95,42,208,250
2024-12-25 19:00:00,chennai,4,2,23.63,24.42,81.78,13.51,16,104,120
2024-12-25 20:00:00,chennai,4,1,25.53,27.07,65.69,12.76,3,48,51
2024-12-25 21:00:00,chennai,4,1,21.6,22.37,75.32,11.75,6,21,27
2024-12-25 22:00:00,chennai,4,1,22.61,23.08,77.73,22.6,2,25,27
2024-12-25 23:00:00,chennai,4,1,20.43,22.41,79.0,10.04,5,19,24
2024-12-26 00:00:00,chennai,4,1,22.48,24.61,75.24,10.65,6,20,26
2024-12-26 01:00:00,chennai,4,1,19.21,20.52,77.07,16.61,6,40,46
2024-12-26 02:00:00,chennai,4,2,21.37,24.24,83.2,11.53,9,36,45
2024-12-26 03:00:00,chennai,4,2,20.36,21.6,76.93,16.42,7,27,34
2024-12-26 04:00:00,chennai,4,1,20.84,22.04,81.46,18.93,4,39,43
2024-12-26 05:00:00,chennai,4,2,18.81,20.97,77.84,11.47,12,40,52
2024-12-26 06:00:00,chennai,4,1,19.36,20.72,77.71,11.07,11,57,68
2024-12-26 07:00:00,chennai,4,2,22.7,24.28,69.82,10.79,6,123,129
2024-12-26 08:00:00,chennai,4,2,24.3,23.28,72.79,11.12,35,181,216
2024-12-26 09:00:00,chennai,4,1,23.69,25.2,65.01,11.55,30,214,244
2024-12-26 10:00:00,chennai,4,1,24.69,24.37,67.8,20.15,20,97,117
2024-12-26 11:00:00,chennai,4,1,27.5,27.78,71.63,17.35,7,55,62
2024-12-26 12:00:00,chennai,4,1,28.14,28.3,64.64,10.01,3,25,28
2024-12-26 13:00:00,chennai,4,1,27.7,28.16,63.95,20.36,3,27,30
2024-12-26 14:00:00,chennai,4,3,28.94,29.89,66.09,10.41,3,15,18
2024-12-26 15:00:00,chennai,4,1,26.45,27.47,55.32,15.32,9,41,50
2024-12-26 16:00:00,chennai,4,1,27.04,29.2,71.93,10.82,22,125,147
2024-12-26 17:00:00,chennai,4,2,28.81,30.53,59.65,10.32,30,195,225
2024-12-26 18:00:00,chennai,4,1,26.08,25.68,71.4,17.13,36,194,230
2024-12-26 19:00:00,chennai,4,1,25.19,26.77,73.15,13.15,25,100,125
2024-12-26 20:00:00,chennai,4,1,26.77,28.59,67.49,14.57,5,44,49
2024-12-26 21:00:00,chennai,4,1,21.29,22.46,79.63,12.77,2,27,29
2024-12-26 22:00:00,chennai,4,1,22.96,24.39,79.49,10.35,2,22,24
2024-12-26 23:00:00,chennai,4,2,23.17,24.86,88.52,16.73,1,20,21
2024-12-27 00:00:00,chennai,4,1,20.15,22.41,81.63,18.58,3,24,27
2024-12-27 01:00:00,chennai,4,1,21.17,21.09,81.12,10.21,8,32,40
2024-12-27 02:00:00,chennai,4,1,18.82,20.08,79.43,12.36,2,36,38
2024-12-27 03:00:00,chennai,4,2,19.31,22.32,72.94,14.07,5,29,34
2024-12-27 04:00:00,chennai,4,1,21.0,23.91,79.07,14.65,7,30,37
2024-12-27 05:00:00,chennai,4,2,22.13,24.48,77.69,14.32,7,41,48
2024-12-27 06:00:00,chennai,4,1,23.35,25.38,78.31,15.9,15,60,75
2024-12-27 07:00:00,chennai,4,2,24.85,28.0,67.47,27.03,12,84,96
2024-12-27 08:00:00,chennai,4,1,23.92,27.34,70.8,12.48,27,190,217
2024-12-27 09:00:00,chennai,4,1,26.47,27.84,72.29,14.07,29,197,226
2024-12-27 10:00:00,chennai,4,2,25.59,26.12,70.38,16.0,20,93,113
2024-12-27 11:00:00,chennai,4,1,27.91,29.14,55.63,14.49,14,35,49
2024-12-27 12:00:00,chennai,4,1,27.71,32.31,66.87,12.44,6,34,40
2024-12-27 13:00:00,chennai,4,1,28.4,28.33,61.11,14.89,4,22,26
2024-12-27 14:00:00,chennai,4,1,28.51,29.54,61.07,15.25,3,27,30
2024-12-27 15:00:00,chennai,4,2,25.94,26.03,50.52,14.4,10,34,44
2024-12-27 16:00:00,chennai,4,2,26.12,27.74,70.81,11.15,15,102,117
2024-12-27 17:00:00,chennai,4,1,26.95,27.25,65.81,13.53,30,225,255
2024-12-27 18:00:00,chennai,4,1,23.98,25.37,59.34,20.79,37,227,264
2024-12-27 19:00:00,chennai,4,1,26.03,25.58,71.29,20.15,34,105,139
2024-12-27 20:00:00,chennai,4,1,25.05,27.16,73.72,16.95,6,45,51
2024-12-27 21:00:00,chennai,4,1,23.36,26.08,80.7,15.97,3,17,20
2024-12-27 22:00:00,chennai,4,1,20.65,21.77,75.45,10.83,1,27,28
2024-12-27 23:00:00,chennai,4,2,22.83,24.19,79.13,13.08,5,20,25
2024-12-28 00:00:00,chennai,4,1,22.98,24.32,77.45,10.59,11,22,33
2024-12-28 01:00:00,chennai,4,2,20.31,21.99,84.65,18.5,15,22,37
2024-12-28 02:00:00,chennai,4,3,20.61,22.07,78.08,11.72,6,9,15
2024-12-28 03:00:00,chennai,4,1,20.38,22.65,77.19,17.28,16,30,46
2024-12-28 04:00:00,chennai,4,1,21.17,23.91,80.32,18.43,12,26,38
2024-12-28 05:00:00,chennai,4,1,21.03,21.71,72.94,21.15,18,32,50
2024-12-28 06:00:00,chennai,4,2,21.96,23.15,85.01,17.01,14,36,50
2024-12-28 07:00:00,chennai,4,2,24.05,26.45,84.22,14.16,26,46,72
2024-12-28 08:00:00,chennai,4,1,26.81,26.89,69.73,14.56,49,82,131
2024-12-28 09:00:00,chennai,4,1,23.36,22.88,62.48,11.93,51,92,143
2024-12-28 10:00:00,chennai,4,1,25.88,27.6,68.68,10.97,39,73,112
2024-12-28 11:00:00,chennai,4,1,25.41,27.41,62.52,10.7,29,61,90
2024-12-28 12:00:00,chennai,4,1,29.37,30.15,69.21,11.0,34,65,99
2024-12-28 13:00:00,chennai,4,2,27.16,28.08,58.41,23.59,34,80,114
2024-12-28 14:00:00,chennai,4,1,26.27,27.01,64.72,10.9,40,85,125
2024-12-28 15:00:00,chennai,4,3,28.63,29.26,62.91,16.43,24,28,52
2024-12-28 16:00:00,chennai,4,2,29.56,31.75,59.96,11.02,42,76,118
2024-12-28 17:00:00,chennai,4,1,27.62,27.94,66.13,28.5,61,101,162
2024-12-28 18:00:00,chennai,4,1,26.25,27.48,71.39,12.28,44,83,127
2024-12-28 19:00:00,chennai,4,2,25.53,26.12,69.85,12.66,29,53,82
2024-12-28 20:00:00,chennai,4,1,25.7,25.74,72.49,12.59,12,23,35
2024-12-28 21:00:00,chennai,4,1,21.92,24.29,70.22,18.48,11,21,32
2024-12-28 22:00:00,chennai,4,3,21.87,22.85,82.72,11.23,3,4,7
2024-12-28 23:00:00,chennai,4,2,20.63,22.32,84.29,18.89,7,16,23
2024-12-29 00:00:00,chennai,4,1,19.13,19.13,78.61,15.35,10,25,35
2024-12-29 01:00:00,chennai,4,3,19.74,20.5,81.04,11.24,9,16,25
2024-12-29 02:00:00,chennai,4,3,21.33,23.59,89.07,10.34,10,15,25
2024-12-29 03:00:00,chennai,4,1,20.82,24.9,75.99,17.46,15,31,46
2024-12-29 04:00:00,chennai,4,2,21.31,20.83,83.68,11.24,17,27,44
2024-12-29 05:00:00,chennai,4,1,21.35,22.65,76.28,20.99,17,28,45
2024-12-29 06:00:00,chennai,4,1,22.63,24.54,85.89,10.7,22,29,51
2024-12-29 07:00:00,chennai,4,1,22.0,22.89,74.91,14.79,39,50,89
2024-12-29 08:00:00,chennai,4,2,23.63,25.98,78.3,15.89,43,71,114
2024-12-29 09:00:00,chennai,4,1,25.27,25.9,65.61,15.36,49,92,141
2024-12-29 10:00:00,chennai,4,1,26.33,27.99,60.76,11.9,27,73,100
2024-12-29 11:00:00,chennai,4,1,27.21,28.19,63.76,20.42,34,50,84
2024-12-29 12:00:00,chennai,4,2,27.3,30.02,64.65,17.34,37,54,91
2024-12-29 13:00:00,chennai,4,2,27.41,28.23,59.79,13.57,35,69,104
2024-12-29 14:00:00,chennai,4,1,31.79,32.94,65.79,14.62,43,74,117
2024-12-29 15:00:00,chennai,4,1,28.95,31.4,61.29,14.18,39,92,131
2024-12-29 16:00:00,chennai,4,1,27.96,28.43,52.93,24.66,44,93,137
2024-12-29 17:00:00,chennai,4,1,26.55,28.12,67.69,21.34,41,105,146
2024-12-29 18:00:00,chennai,4,1,25.46,25.14,62.59,11.34,55,95,150
2024-12-29 19:00:00,chennai,4,1,24.88,25.29,67.6,11.52,27,54,81
2024-12-29 20:00:00,chennai,4,1,24.35,26.23,79.77,29.93,15,21,36
2024-12-29 21:00:00,chennai,4,2,20.71,21.22,83.45,11.35,8,13,21
2024-12-29 22:00:00,chennai,4,2,20.12,21.07,74.12,25.34,8,14,22
2024-12-29 23:00:00,chennai,4,4,20.41,22.4,81.96,15.25,3,6,9
2024-12-30 00:00:00,chennai,4,1,20.78,21.71,77.9,10.26,8,28,36
2024-12-30 01:00:00,chennai,4,1,19.85,22.17,80.22,12.05,9,32,41
2024-12-30 02:00:00,chennai,4,3,21.77,23.49,78.97,13.23,3,18,21
2024-12-30 03:00:00,chennai,4,1,18.36,20.29,73.04,18.95,8,41,49
2024-12-30 04:00:00,chennai,4,2,19.63,22.38,81.14,11.99,11,39,50
2024-12-30 05:00:00,chennai,4,2,23.0,24.82,80.51,11.86,3,30,33
2024-12-30 06:00:00,chennai,4,2,22.16,25.2,73.64,22.65,11,55,66
2024-12-30 07:00:00,chennai,4,1,24.03,26.44,80.03,10.41,16,107,123
2024-12-30 08:00:00,chennai,4,2,26.46,27.44,69.82,14.01,50,175,225
2024-12-30 09:00:00,chennai,4,2,24.2,27.0,66.23,13.51,37,173,210
2024-12-30 10:00:00,chennai,4,3,25.88,27.64,69.63,10.3,4,56,60
2024-12-30 11:00:00,chennai,4,2,26.5,27.61,57.22,10.46,7,51,58
2024-12-30 12:00:00,chennai,4,2,25.12,26.9,67.87,12.41,7,24,31
2024-12-30 13:00:00,chennai,4,2,27.49,30.1,60.33,10.72,6,24,30
2024-12-30 14:00:00,chennai,4,1,29.06,31.01,66.95,13.25,3,30,33
2024-12-30 15:00:00,chennai,4,1,28.51,31.83,68.78,14.69,4,37,41
2024-12-30 16:00:00,chennai,4,2,28.21,30.79,66.54,15.88,22,123,145
2024-12-30 17:00:00,chennai,4,1,26.38,28.4,60.87,13.95,39,224,263
2024-12-30 18:00:00,chennai,4,2,25.21,25.69,60.75,12.39,34,211,245
2024-12-30 19:00:00,chennai,4,1,26.56,27.88,62.24,10.69,18,123,141
2024-12-30 20:00:00,chennai,4,2,23.4,24.97,77.51,11.42,6,47,53
2024-12-30 21:00:00,chennai,4,1,23.32,25.51,73.91,12.72,8,21,29
2024-12-30 22:00:00,chennai,4,1,22.2,24.33,74.0,22.89,4,26,30
2024-12-30 23:00:00,chennai,4,2,22.93,24.6,78.41,11.13,4,28,32
